time,left_s0,left_s1,left_e0,left_e1,left_w0,left_w1,left_w2,left_gripper,right_s0,right_s1,right_e0,right_e1,right_w0,right_w1,right_w2,right_gripper
0.499841,-0.797286514503,-0.0187912646516,0.57869425223,0.701029220064,2.76308289418,-1.02009722394,-0.17985924738,90.675239563,0.508131135987,0.0920388472731,-0.133456328546,1.38250018508,0.37352432185,0.249271878031,0.0655776786821,92.2204208374
0.499920,-0.797286514503,-0.0187912646516,0.57869425223,0.701029220064,2.76308289418,-1.02009722394,-0.17985924738,90.675239563,0.508131135987,0.0920388472731,-0.133456328546,1.38250018508,0.37352432185,0.249271878031,0.0655776786821,92.2204208374
0.509997,-0.796136028913,-0.0184077694546,0.579077747427,0.701412715261,2.76346638938,-1.01894673835,-0.179475752183,90.675239563,0.507364145593,0.0920388472731,-0.132689338152,1.38326717548,0.373140826653,0.249655373228,0.0655776786821,92.2204208374
0.520000,-0.79651952411,-0.0184077694546,0.578310757033,0.702179705655,2.76384988457,-1.01971372875,-0.179475752183,90.675239563,0.508131135987,0.0916553520762,-0.132689338152,1.38288368028,0.37352432185,0.249655373228,0.0648106882882,92.2204208374
0.529992,-0.79651952411,-0.0184077694546,0.579844737821,0.701412715261,2.76346638938,-1.01894673835,-0.179475752183,90.675239563,0.507364145593,0.0908883616822,-0.133072833349,1.38250018508,0.37352432185,0.249655373228,0.0655776786821,92.2204208374
0.539989,-0.796136028913,-0.0187912646516,0.57869425223,0.701412715261,2.76384988457,-1.01856324316,-0.180242742577,90.675239563,0.50774764079,0.0912718568792,-0.133072833349,1.38326717548,0.373907817047,0.249271878031,0.066344669076,92.2204208374
0.549985,-0.79651952411,-0.0187912646516,0.579077747427,0.701796210458,2.76308289418,-1.01933023355,-0.179092256986,90.675239563,0.508131135987,0.0920388472731,-0.132689338152,1.38250018508,0.372373836259,0.249271878031,0.0659611738791,92.2204208374
0.559986,-0.796136028913,-0.0184077694546,0.57869425223,0.701796210458,2.76308289418,-1.01971372875,-0.180242742577,90.675239563,0.50774764079,0.0920388472731,-0.132305842955,1.38134969949,0.372373836259,0.249271878031,0.0659611738791,92.2204208374
0.570001,-0.796136028913,-0.0180242742577,0.579077747427,0.701796210458,2.76423337977,-1.01894673835,-0.17985924738,90.675239563,0.508131135987,0.0912718568792,-0.131922347758,1.38211668988,0.373907817047,0.249271878031,0.0651941834851,92.2204208374
0.579990,-0.79651952411,-0.0187912646516,0.57869425223,0.701796210458,2.76308289418,-1.01933023355,-0.179475752183,90.675239563,0.508131135987,0.0920388472731,-0.132689338152,1.38173319469,0.372757331456,0.249271878031,0.0655776786821,92.2204208374
0.590008,-0.79651952411,-0.0187912646516,0.57869425223,0.701796210458,2.76346638938,-1.01933023355,-0.179475752183,90.675239563,0.508131135987,0.0916553520762,-0.131922347758,1.38326717548,0.373140826653,0.249271878031,0.0651941834851,92.2204208374
0.599989,-0.796136028913,-0.0191747598486,0.579461242624,0.701796210458,2.76384988457,-1.01971372875,-0.180242742577,90.675239563,0.507364145593,0.0924223424701,-0.131922347758,1.38250018508,0.372757331456,0.249655373228,0.0659611738791,92.2204208374
0.609983,-0.797286514503,-0.0187912646516,0.579461242624,0.702179705655,2.76308289418,-1.01933023355,-0.179475752183,90.675239563,0.508514631184,0.0920388472731,-0.133456328546,1.38211668988,0.373140826653,0.249271878031,0.0659611738791,92.2204208374
0.619985,-0.796136028913,-0.0187912646516,0.578310757033,0.701029220064,2.76346638938,-1.01971372875,-0.179475752183,90.675239563,0.50774764079,0.0912718568792,-0.132689338152,1.38250018508,0.372757331456,0.249271878031,0.0655776786821,92.2204208374
0.629984,-0.79651952411,-0.0184077694546,0.579077747427,0.701412715261,2.76384988457,-1.01971372875,-0.179092256986,90.675239563,0.507364145593,0.0924223424701,-0.133072833349,1.38250018508,0.373140826653,0.248504887637,0.0651941834851,92.2204208374
0.639984,-0.796903019306,-0.0187912646516,0.579461242624,0.702179705655,2.76384988457,-1.01933023355,-0.180242742577,90.675239563,0.507364145593,0.0916553520762,-0.131922347758,1.38211668988,0.372757331456,0.249271878031,0.0655776786821,92.2204208374
0.649990,-0.79651952411,-0.0184077694546,0.578310757033,0.701412715261,2.76384988457,-1.02009722394,-0.17985924738,90.675239563,0.50774764079,0.0920388472731,-0.132689338152,1.38288368028,0.372373836259,0.249271878031,0.0651941834851,92.2204208374
0.659982,-0.796136028913,-0.0191747598486,0.579077747427,0.701029220064,2.76384988457,-1.01894673835,-0.180242742577,90.675239563,0.508131135987,0.0916553520762,-0.132689338152,1.38326717548,0.373140826653,0.249271878031,0.0651941834851,92.2204208374
0.669992,-0.79651952411,-0.0191747598486,0.579077747427,0.702179705655,2.76384988457,-1.01933023355,-0.17985924738,90.675239563,0.50774764079,0.0916553520762,-0.132689338152,1.38211668988,0.373140826653,0.249271878031,0.0655776786821,92.2204208374
0.679986,-0.796903019306,-0.0191747598486,0.57869425223,0.701796210458,2.76423337977,-1.01971372875,-0.17985924738,90.675239563,0.508131135987,0.0901213712883,-0.132689338152,1.38173319469,0.372757331456,0.249271878031,0.0651941834851,92.2204208374
0.690000,-0.79651952411,-0.0187912646516,0.57869425223,0.701029220064,2.76384988457,-1.01894673835,-0.17985924738,90.675239563,0.50774764079,0.0916553520762,-0.132305842955,1.38326717548,0.37352432185,0.249271878031,0.0651941834851,92.2204208374
0.699987,-0.796903019306,-0.0184077694546,0.579077747427,0.701412715261,2.76346638938,-1.02009722394,-0.17985924738,90.675239563,0.50774764079,0.0928058376671,-0.132305842955,1.38211668988,0.37352432185,0.249271878031,0.0651941834851,92.2204208374
0.709982,-0.7976700097,-0.0191747598486,0.57869425223,0.701412715261,2.76308289418,-1.01933023355,-0.179475752183,90.675239563,0.50774764079,0.0916553520762,-0.131922347758,1.38288368028,0.37352432185,0.24812139244,0.0651941834851,92.2204208374
0.719981,-0.797286514503,-0.0187912646516,0.57869425223,0.702179705655,2.76384988457,-1.01971372875,-0.17985924738,90.675239563,0.508131135987,0.0920388472731,-0.132689338152,1.38250018508,0.37352432185,0.249271878031,0.0651941834851,92.2204208374
0.729980,-0.795752533716,-0.0187912646516,0.57869425223,0.701796210458,2.76346638938,-1.01971372875,-0.179475752183,90.675239563,0.50774764079,0.0912718568792,-0.133456328546,1.38288368028,0.37352432185,0.249271878031,0.0651941834851,92.2204208374
0.739981,-0.79651952411,-0.0176407790607,0.57869425223,0.702179705655,2.76384988457,-1.01894673835,-0.179475752183,90.675239563,0.508131135987,0.0920388472731,-0.132305842955,1.38211668988,0.373140826653,0.249655373228,0.0651941834851,92.2204208374
0.749984,-0.796136028913,-0.0187912646516,0.578310757033,0.702179705655,2.76346638938,-1.01933023355,-0.178708761789,90.675239563,0.508131135987,0.0920388472731,-0.133072833349,1.38288368028,0.373140826653,0.249271878031,0.0651941834851,92.2204208374
0.759984,-0.79651952411,-0.0187912646516,0.577927261836,0.701796210458,2.76384988457,-1.01894673835,-0.179092256986,90.675239563,0.50774764079,0.0920388472731,-0.132689338152,1.38288368028,0.373140826653,0.249271878031,0.066344669076,92.2204208374
0.769980,-0.79651952411,-0.0187912646516,0.579077747427,0.702179705655,2.76346638938,-1.01933023355,-0.180242742577,90.675239563,0.50774764079,0.0916553520762,-0.132305842955,1.38250018508,0.372757331456,0.248888382834,0.0651941834851,92.2204208374
0.779982,-0.79651952411,-0.0180242742577,0.579077747427,0.701796210458,2.76423337977,-1.01933023355,-0.17985924738,90.675239563,0.508514631184,0.0912718568792,-0.132689338152,1.38326717548,0.373140826653,0.248888382834,0.0659611738791,92.2204208374
0.789984,-0.796903019306,-0.0180242742577,0.57869425223,0.701796210458,2.76384988457,-1.01856324316,-0.179092256986,90.675239563,0.508131135987,0.0905048664852,-0.132305842955,1.38173319469,0.372757331456,0.248888382834,0.0659611738791,92.2204208374
0.799983,-0.796903019306,-0.0191747598486,0.57869425223,0.701029220064,2.76308289418,-1.01933023355,-0.179475752183,90.675239563,0.507364145593,0.0916553520762,-0.132305842955,1.38288368028,0.373140826653,0.249655373228,0.0659611738791,92.2204208374
0.809982,-0.79651952411,-0.0184077694546,0.578310757033,0.701796210458,2.76423337977,-1.01856324316,-0.17985924738,90.675239563,0.50774764079,0.0916553520762,-0.132689338152,1.38250018508,0.37352432185,0.249271878031,0.0655776786821,92.2204208374
0.819987,-0.79651952411,-0.0191747598486,0.578310757033,0.701796210458,2.76384988457,-1.01933023355,-0.179475752183,90.675239563,0.50774764079,0.0912718568792,-0.132305842955,1.38173319469,0.372757331456,0.248888382834,0.0655776786821,92.2204208374
0.829983,-0.796136028913,-0.0187912646516,0.57869425223,0.701796210458,2.76308289418,-1.01856324316,-0.17985924738,90.675239563,0.507364145593,0.0912718568792,-0.133072833349,1.38211668988,0.372757331456,0.249271878031,0.0659611738791,92.2204208374
0.839983,-0.796136028913,-0.0184077694546,0.579077747427,0.701796210458,2.76384988457,-1.01933023355,-0.180242742577,90.675239563,0.50774764079,0.0924223424701,-0.132689338152,1.38250018508,0.37352432185,0.248888382834,0.0651941834851,92.2204208374
0.849981,-0.796136028913,-0.0187912646516,0.579077747427,0.701412715261,2.76384988457,-1.01933023355,-0.179475752183,90.675239563,0.508514631184,0.0920388472731,-0.132689338152,1.38211668988,0.372373836259,0.249271878031,0.0659611738791,92.2204208374
0.859984,-0.79651952411,-0.0180242742577,0.57869425223,0.701412715261,2.76423337977,-1.01933023355,-0.179475752183,90.675239563,0.507364145593,0.0912718568792,-0.133072833349,1.38250018508,0.37352432185,0.249271878031,0.0659611738791,92.2204208374
0.869987,-0.796136028913,-0.0187912646516,0.57869425223,0.701029220064,2.76384988457,-1.01933023355,-0.179475752183,90.675239563,0.50774764079,0.0920388472731,-0.132305842955,1.38288368028,0.37352432185,0.249271878031,0.0651941834851,92.2204208374
0.879990,-0.796903019306,-0.0187912646516,0.579461242624,0.700645724867,2.76423337977,-1.02009722394,-0.180242742577,90.675239563,0.50774764079,0.0920388472731,-0.133072833349,1.38326717548,0.373140826653,0.249655373228,0.0655776786821,92.2204208374
0.889981,-0.79651952411,-0.0180242742577,0.57869425223,0.701796210458,2.76269939898,-1.01933023355,-0.179475752183,90.675239563,0.508131135987,0.0912718568792,-0.131538852561,1.38250018508,0.373140826653,0.250038868425,0.0655776786821,92.2204208374
0.899983,-0.796136028913,-0.0176407790607,0.579077747427,0.701029220064,2.76308289418,-1.02009722394,-0.179092256986,90.675239563,0.50774764079,0.0916553520762,-0.131922347758,1.38173319469,0.373140826653,0.249271878031,0.0655776786821,92.2204208374
0.909989,-0.797286514503,-0.0187912646516,0.579077747427,0.702179705655,2.76423337977,-1.01933023355,-0.179092256986,90.675239563,0.50774764079,0.0916553520762,-0.132689338152,1.38211668988,0.372757331456,0.249655373228,0.0648106882882,92.2204208374
0.919988,-0.797286514503,-0.0191747598486,0.57869425223,0.701412715261,2.76384988457,-1.01933023355,-0.17985924738,90.675239563,0.507364145593,0.0924223424701,-0.132689338152,1.38250018508,0.373140826653,0.249271878031,0.0651941834851,92.2204208374
0.929987,-0.796903019306,-0.0187912646516,0.57869425223,0.701796210458,2.76384988457,-1.01933023355,-0.179092256986,90.675239563,0.50774764079,0.0916553520762,-0.132305842955,1.38211668988,0.373140826653,0.249271878031,0.0651941834851,92.2204208374
0.939984,-0.796903019306,-0.0187912646516,0.579077747427,0.701412715261,2.76423337977,-1.01933023355,-0.180242742577,90.675239563,0.50774764079,0.0920388472731,-0.131922347758,1.38288368028,0.372757331456,0.248888382834,0.0659611738791,92.2204208374
0.949983,-0.797286514503,-0.0184077694546,0.578310757033,0.702179705655,2.76346638938,-1.01894673835,-0.179092256986,90.675239563,0.50774764079,0.0920388472731,-0.133072833349,1.38250018508,0.373907817047,0.249271878031,0.0655776786821,92.2204208374
0.959983,-0.796136028913,-0.0187912646516,0.57869425223,0.701029220064,2.76384988457,-1.01971372875,-0.17985924738,90.675239563,0.508514631184,0.0920388472731,-0.132689338152,1.38211668988,0.373140826653,0.249655373228,0.0655776786821,92.2204208374
0.969989,-0.79651952411,-0.0187912646516,0.579077747427,0.701029220064,2.76384988457,-1.01894673835,-0.179475752183,90.675239563,0.50774764079,0.0916553520762,-0.132305842955,1.38211668988,0.372757331456,0.249655373228,0.0655776786821,92.2204208374
0.980000,-0.796136028913,-0.0191747598486,0.579077747427,0.701412715261,2.76346638938,-1.01933023355,-0.180242742577,90.675239563,0.508131135987,0.0920388472731,-0.132689338152,1.38211668988,0.372757331456,0.249655373228,0.0655776786821,92.2204208374
0.989985,-0.795369038519,-0.0191747598486,0.57869425223,0.702179705655,2.76384988457,-1.01894673835,-0.179475752183,90.675239563,0.507364145593,0.0912718568792,-0.131922347758,1.38288368028,0.372757331456,0.249655373228,0.0651941834851,92.2204208374
0.999987,-0.796136028913,-0.0184077694546,0.57869425223,0.700645724867,2.76346638938,-1.01894673835,-0.179475752183,90.675239563,0.508898126381,0.0916553520762,-0.132689338152,1.38211668988,0.37352432185,0.249655373228,0.0651941834851,92.2204208374
1.009987,-0.796136028913,-0.0187912646516,0.578310757033,0.701412715261,2.76384988457,-1.01933023355,-0.180242742577,90.675239563,0.507364145593,0.0912718568792,-0.133456328546,1.38288368028,0.373140826653,0.249271878031,0.0651941834851,92.2204208374
1.019987,-0.796903019306,-0.0184077694546,0.57869425223,0.702179705655,2.76384988457,-1.01894673835,-0.179475752183,90.675239563,0.50774764079,0.0916553520762,-0.132689338152,1.38211668988,0.37352432185,0.249655373228,0.066344669076,92.2204208374
1.029985,-0.795752533716,-0.0187912646516,0.57869425223,0.701796210458,2.76346638938,-1.01856324316,-0.17985924738,90.675239563,0.508131135987,0.0916553520762,-0.133072833349,1.38288368028,0.372757331456,0.248888382834,0.0659611738791,92.2204208374
1.039982,-0.796903019306,-0.0191747598486,0.579077747427,0.701796210458,2.76346638938,-1.01894673835,-0.179475752183,90.675239563,0.508514631184,0.0912718568792,-0.133072833349,1.38250018508,0.372757331456,0.248888382834,0.0655776786821,92.2204208374
1.049984,-0.796903019306,-0.0184077694546,0.579461242624,0.701412715261,2.76423337977,-1.01933023355,-0.180242742577,90.675239563,0.507364145593,0.0920388472731,-0.132689338152,1.38173319469,0.372757331456,0.249655373228,0.0655776786821,92.2204208374
1.059983,-0.796903019306,-0.0184077694546,0.578310757033,0.701412715261,2.76346638938,-1.01971372875,-0.180242742577,90.675239563,0.507364145593,0.0916553520762,-0.132689338152,1.38211668988,0.372757331456,0.249271878031,0.0659611738791,92.2204208374
1.069986,-0.795752533716,-0.0187912646516,0.579077747427,0.701796210458,2.76423337977,-1.01933023355,-0.179475752183,90.675239563,0.50774764079,0.0916553520762,-0.131922347758,1.38211668988,0.373140826653,0.250038868425,0.0659611738791,92.2204208374
1.079986,-0.796136028913,-0.0187912646516,0.57869425223,0.701796210458,2.76384988457,-1.01894673835,-0.17985924738,90.675239563,0.50774764079,0.0912718568792,-0.132689338152,1.38288368028,0.372373836259,0.248888382834,0.0651941834851,92.2204208374
1.089983,-0.796903019306,-0.0191747598486,0.577927261836,0.702179705655,2.76384988457,-1.01894673835,-0.180242742577,90.675239563,0.50774764079,0.0912718568792,-0.133072833349,1.38288368028,0.373140826653,0.249655373228,0.0655776786821,92.2204208374
1.099982,-0.796136028913,-0.0184077694546,0.57869425223,0.701796210458,2.76384988457,-1.01933023355,-0.179475752183,90.675239563,0.508131135987,0.0916553520762,-0.131922347758,1.38250018508,0.37352432185,0.248888382834,0.0655776786821,92.2204208374
1.109981,-0.797286514503,-0.0187912646516,0.57869425223,0.702563200852,2.76423337977,-1.01971372875,-0.179475752183,90.675239563,0.507364145593,0.0920388472731,-0.132689338152,1.38250018508,0.372373836259,0.249271878031,0.0655776786821,92.2204208374
1.119987,-0.796903019306,-0.0187912646516,0.57869425223,0.701412715261,2.76346638938,-1.01894673835,-0.180242742577,90.675239563,0.507364145593,0.0916553520762,-0.133072833349,1.38211668988,0.372757331456,0.249655373228,0.0655776786821,92.2204208374
1.130006,-0.79651952411,-0.0187912646516,0.579461242624,0.702179705655,2.76423337977,-1.01933023355,-0.179475752183,90.675239563,0.508514631184,0.0916553520762,-0.132305842955,1.38211668988,0.372757331456,0.249655373228,0.0655776786821,92.2204208374
1.139988,-0.796903019306,-0.0187912646516,0.579077747427,0.701412715261,2.76384988457,-1.01933023355,-0.180242742577,90.675239563,0.507364145593,0.0912718568792,-0.132305842955,1.38250018508,0.372757331456,0.248888382834,0.066344669076,92.2204208374
1.149987,-0.79651952411,-0.0187912646516,0.57869425223,0.701796210458,2.76423337977,-1.01971372875,-0.17985924738,90.675239563,0.50774764079,0.0916553520762,-0.132689338152,1.38250018508,0.371990341062,0.249655373228,0.0655776786821,92.2204208374
1.159986,-0.796136028913,-0.0184077694546,0.578310757033,0.702179705655,2.76384988457,-1.01971372875,-0.179475752183,90.675239563,0.508514631184,0.0916553520762,-0.132689338152,1.38250018508,0.372757331456,0.248504887637,0.0659611738791,92.2204208374
1.169989,-0.797286514503,-0.0187912646516,0.579077747427,0.702179705655,2.76346638938,-1.02009722394,-0.17985924738,90.675239563,0.50774764079,0.0920388472731,-0.132305842955,1.38173319469,0.373140826653,0.248504887637,0.0655776786821,92.2204208374
1.179992,-0.797286514503,-0.0184077694546,0.577543766639,0.701029220064,2.76384988457,-1.01817974796,-0.180242742577,90.675239563,0.508131135987,0.0916553520762,-0.133072833349,1.38211668988,0.373140826653,0.248888382834,0.0659611738791,92.2204208374
1.189986,-0.796136028913,-0.0187912646516,0.579077747427,0.701796210458,2.76346638938,-1.01971372875,-0.17985924738,90.675239563,0.507364145593,0.0920388472731,-0.132305842955,1.38250018508,0.372757331456,0.249271878031,0.0655776786821,92.2204208374
1.199985,-0.795752533716,-0.0184077694546,0.57869425223,0.701796210458,2.76423337977,-1.01894673835,-0.180242742577,90.675239563,0.508131135987,0.0908883616822,-0.131922347758,1.38326717548,0.372757331456,0.249655373228,0.0651941834851,92.2204208374
1.209983,-0.795752533716,-0.0180242742577,0.579077747427,0.702563200852,2.76423337977,-1.01894673835,-0.179092256986,90.675239563,0.508514631184,0.0916553520762,-0.132689338152,1.38250018508,0.37352432185,0.248504887637,0.0655776786821,92.2204208374
1.219989,-0.796136028913,-0.0187912646516,0.578310757033,0.701796210458,2.76423337977,-1.01971372875,-0.17985924738,90.675239563,0.508131135987,0.0920388472731,-0.133072833349,1.38250018508,0.37352432185,0.249271878031,0.066344669076,92.2204208374
1.230009,-0.796136028913,-0.0187912646516,0.577927261836,0.701412715261,2.76346638938,-1.01933023355,-0.179475752183,90.675239563,0.50774764079,0.0920388472731,-0.132689338152,1.38211668988,0.372373836259,0.248504887637,0.0655776786821,92.2204208374
1.240011,-0.797286514503,-0.0184077694546,0.57869425223,0.701412715261,2.76346638938,-1.01971372875,-0.179475752183,90.675239563,0.508131135987,0.0912718568792,-0.132689338152,1.38211668988,0.37352432185,0.249271878031,0.0651941834851,92.2204208374
1.249986,-0.7976700097,-0.0184077694546,0.57869425223,0.700645724867,2.76423337977,-1.01933023355,-0.17985924738,90.675239563,0.507364145593,0.0912718568792,-0.132689338152,1.38250018508,0.372757331456,0.249271878031,0.0648106882882,92.2204208374
1.259989,-0.79651952411,-0.0184077694546,0.57869425223,0.701412715261,2.76346638938,-1.02009722394,-0.179475752183,90.675239563,0.508131135987,0.0905048664852,-0.132305842955,1.38250018508,0.37352432185,0.249655373228,0.0659611738791,92.2204208374
1.269986,-0.796903019306,-0.0191747598486,0.578310757033,0.702179705655,2.76384988457,-1.01894673835,-0.180626237774,90.675239563,0.50774764079,0.0916553520762,-0.133072833349,1.38173319469,0.373140826653,0.248504887637,0.0651941834851,92.2204208374
1.279992,-0.796136028913,-0.0187912646516,0.579077747427,0.701412715261,2.76384988457,-1.01933023355,-0.180242742577,90.675239563,0.506980650396,0.0916553520762,-0.131922347758,1.38250018508,0.373140826653,0.249271878031,0.0659611738791,92.2204208374
1.289989,-0.795752533716,-0.0187912646516,0.579461242624,0.701796210458,2.76308289418,-1.01933023355,-0.17985924738,90.675239563,0.508514631184,0.0920388472731,-0.132305842955,1.38250018508,0.372757331456,0.249655373228,0.066344669076,92.2204208374
1.299988,-0.79651952411,-0.0187912646516,0.57869425223,0.701412715261,2.76384988457,-1.01856324316,-0.17985924738,90.675239563,0.508131135987,0.0912718568792,-0.132689338152,1.38211668988,0.372757331456,0.248888382834,0.0651941834851,92.2204208374
1.309998,-0.795752533716,-0.0187912646516,0.578310757033,0.701412715261,2.76346638938,-1.01894673835,-0.179475752183,90.675239563,0.508131135987,0.0920388472731,-0.132305842955,1.38250018508,0.373140826653,0.249271878031,0.0655776786821,92.2204208374
1.319991,-0.796136028913,-0.0184077694546,0.577927261836,0.702179705655,2.76384988457,-1.01856324316,-0.179475752183,90.675239563,0.507364145593,0.0916553520762,-0.132305842955,1.38211668988,0.37352432185,0.248888382834,0.0655776786821,92.2204208374
1.330008,-0.795752533716,-0.0184077694546,0.57869425223,0.701796210458,2.76384988457,-1.01933023355,-0.17985924738,90.675239563,0.50774764079,0.0916553520762,-0.132305842955,1.38211668988,0.373907817047,0.249271878031,0.0651941834851,92.2204208374
1.340036,-0.796903019306,-0.0180242742577,0.578310757033,0.701412715261,2.76384988457,-1.01894673835,-0.179475752183,90.675239563,0.50774764079,0.0916553520762,-0.132689338152,1.38288368028,0.372757331456,0.248888382834,0.0651941834851,92.2204208374
1.349992,-0.795752533716,-0.0184077694546,0.577927261836,0.701412715261,2.76346638938,-1.01971372875,-0.179092256986,90.675239563,0.508514631184,0.0920388472731,-0.132305842955,1.38288368028,0.37352432185,0.249655373228,0.0655776786821,92.2204208374
1.359985,-0.795752533716,-0.0184077694546,0.57869425223,0.701796210458,2.76384988457,-1.01933023355,-0.179475752183,90.675239563,0.508131135987,0.0916553520762,-0.133072833349,1.38250018508,0.373140826653,0.249271878031,0.0659611738791,92.2204208374
1.369985,-0.795369038519,-0.0187912646516,0.57869425223,0.701412715261,2.76384988457,-1.01933023355,-0.17985924738,90.675239563,0.508514631184,0.0920388472731,-0.131922347758,1.38250018508,0.373140826653,0.249655373228,0.0655776786821,92.2204208374
1.379986,-0.79651952411,-0.0184077694546,0.578310757033,0.701029220064,2.76423337977,-1.01933023355,-0.17985924738,90.675239563,0.507364145593,0.0916553520762,-0.133072833349,1.38211668988,0.37352432185,0.248888382834,0.0659611738791,92.2204208374
1.389985,-0.79651952411,-0.0184077694546,0.57869425223,0.701796210458,2.76346638938,-1.01933023355,-0.179092256986,90.675239563,0.50774764079,0.0920388472731,-0.132689338152,1.38211668988,0.372373836259,0.249655373228,0.0655776786821,92.2204208374
1.399987,-0.79651952411,-0.0187912646516,0.57869425223,0.701796210458,2.76384988457,-1.01894673835,-0.179475752183,90.675239563,0.508131135987,0.0920388472731,-0.132689338152,1.38288368028,0.372757331456,0.248888382834,0.0655776786821,92.2204208374
1.409988,-0.79651952411,-0.0195582550455,0.578310757033,0.701029220064,2.76384988457,-1.01971372875,-0.179092256986,90.675239563,0.507364145593,0.0920388472731,-0.132305842955,1.38250018508,0.373140826653,0.249271878031,0.0651941834851,92.2204208374
1.419986,-0.797286514503,-0.0184077694546,0.577927261836,0.701796210458,2.76423337977,-1.01894673835,-0.17985924738,90.675239563,0.50774764079,0.0916553520762,-0.132305842955,1.38211668988,0.373140826653,0.250038868425,0.0651941834851,92.2204208374
1.429983,-0.796136028913,-0.0187912646516,0.577543766639,0.701412715261,2.76384988457,-1.01933023355,-0.179475752183,90.675239563,0.50774764079,0.0916553520762,-0.133072833349,1.38288368028,0.37352432185,0.249271878031,0.0659611738791,92.2204208374
1.439988,-0.796903019306,-0.0187912646516,0.578310757033,0.702179705655,2.76346638938,-1.01933023355,-0.17985924738,90.675239563,0.508131135987,0.0920388472731,-0.132689338152,1.38250018508,0.37352432185,0.248504887637,0.0655776786821,92.2204208374
1.449987,-0.795752533716,-0.0184077694546,0.577927261836,0.701412715261,2.76384988457,-1.01933023355,-0.179475752183,90.675239563,0.50774764079,0.0920388472731,-0.132305842955,1.38288368028,0.373140826653,0.249271878031,0.0655776786821,92.2204208374
1.459985,-0.796903019306,-0.0187912646516,0.577927261836,0.702179705655,2.76384988457,-1.01856324316,-0.179475752183,90.675239563,0.50774764079,0.0912718568792,-0.132689338152,1.38288368028,0.372757331456,0.248504887637,0.0655776786821,92.2204208374
1.469996,-0.796903019306,-0.0184077694546,0.57869425223,0.701796210458,2.76346638938,-1.01894673835,-0.178708761789,90.675239563,0.508131135987,0.0920388472731,-0.132689338152,1.38250018508,0.373140826653,0.249655373228,0.0655776786821,92.2204208374
1.479992,-0.79651952411,-0.0191747598486,0.57869425223,0.701029220064,2.76423337977,-1.01933023355,-0.179475752183,90.675239563,0.508514631184,0.0912718568792,-0.132689338152,1.38211668988,0.371990341062,0.248888382834,0.0655776786821,92.2204208374
1.489987,-0.797286514503,-0.0187912646516,0.579077747427,0.70026222967,2.76346638938,-1.01817974796,-0.17985924738,90.675239563,0.508898126381,0.0916553520762,-0.132305842955,1.38211668988,0.372757331456,0.249271878031,0.0655776786821,92.2204208374
1.499985,-0.79651952411,-0.0180242742577,0.57869425223,0.701796210458,2.76384988457,-1.01856324316,-0.179475752183,90.675239563,0.50774764079,0.0905048664852,-0.132689338152,1.38250018508,0.37352432185,0.248888382834,0.0659611738791,92.2204208374
1.509984,-0.795752533716,-0.0184077694546,0.579077747427,0.701412715261,2.76346638938,-1.01971372875,-0.179092256986,90.675239563,0.50774764079,0.0920388472731,-0.132689338152,1.38250018508,0.372757331456,0.249271878031,0.0655776786821,92.2204208374
1.520004,-0.796136028913,-0.0187912646516,0.578310757033,0.701796210458,2.76384988457,-1.01971372875,-0.179475752183,90.675239563,0.507364145593,0.0916553520762,-0.131922347758,1.38288368028,0.373140826653,0.249271878031,0.0651941834851,92.2204208374
1.529993,-0.79651952411,-0.0184077694546,0.579077747427,0.701029220064,2.76384988457,-1.01933023355,-0.17985924738,90.675239563,0.508131135987,0.0916553520762,-0.132689338152,1.38250018508,0.37352432185,0.250038868425,0.0651941834851,92.2204208374
1.539984,-0.79651952411,-0.0187912646516,0.57869425223,0.701029220064,2.76346638938,-1.01933023355,-0.179092256986,90.675239563,0.508131135987,0.0912718568792,-0.132689338152,1.38211668988,0.373140826653,0.249271878031,0.0659611738791,92.2204208374
1.549987,-0.796136028913,-0.0184077694546,0.578310757033,0.701029220064,2.76423337977,-1.01856324316,-0.17985924738,90.675239563,0.50774764079,0.0924223424701,-0.132689338152,1.38250018508,0.373140826653,0.249271878031,0.0655776786821,92.2204208374
1.559985,-0.796136028913,-0.0191747598486,0.577543766639,0.701412715261,2.76384988457,-1.01933023355,-0.179475752183,90.675239563,0.50774764079,0.0920388472731,-0.133456328546,1.38211668988,0.372373836259,0.249271878031,0.0655776786821,92.2204208374
1.569982,-0.796903019306,-0.0187912646516,0.577927261836,0.701029220064,2.76384988457,-1.01894673835,-0.180626237774,90.675239563,0.50774764079,0.0916553520762,-0.131922347758,1.38250018508,0.372757331456,0.248504887637,0.0651941834851,92.2204208374
1.579986,-0.796903019306,-0.0187912646516,0.578310757033,0.701029220064,2.76346638938,-1.01933023355,-0.17985924738,90.675239563,0.508131135987,0.0912718568792,-0.133072833349,1.38288368028,0.37352432185,0.249271878031,0.0655776786821,92.2204208374
1.589983,-0.797286514503,-0.0180242742577,0.577927261836,0.701796210458,2.76384988457,-1.01971372875,-0.179092256986,90.675239563,0.50774764079,0.0912718568792,-0.132305842955,1.38288368028,0.372757331456,0.249271878031,0.0651941834851,92.2204208374
1.599984,-0.79651952411,-0.0191747598486,0.577927261836,0.702179705655,2.76384988457,-1.01894673835,-0.179475752183,90.675239563,0.507364145593,0.0912718568792,-0.132305842955,1.38173319469,0.372757331456,0.249655373228,0.0655776786821,92.2204208374
1.609982,-0.79651952411,-0.0191747598486,0.57869425223,0.701796210458,2.76423337977,-1.01894673835,-0.179475752183,90.675239563,0.50774764079,0.0912718568792,-0.131922347758,1.38173319469,0.372757331456,0.248888382834,0.0655776786821,92.2204208374
1.619984,-0.79651952411,-0.0187912646516,0.57869425223,0.701412715261,2.76423337977,-1.01894673835,-0.179092256986,90.675239563,0.50774764079,0.0916553520762,-0.133072833349,1.38211668988,0.373140826653,0.248888382834,0.0655776786821,92.2204208374
1.629984,-0.79651952411,-0.0191747598486,0.57869425223,0.701796210458,2.76384988457,-1.01933023355,-0.179475752183,90.675239563,0.50774764079,0.0912718568792,-0.132305842955,1.38288368028,0.373140826653,0.249655373228,0.0651941834851,92.2204208374
1.639990,-0.798053504897,-0.0195582550455,0.577927261836,0.701796210458,2.76346638938,-1.01971372875,-0.17985924738,90.675239563,0.507364145593,0.0916553520762,-0.131538852561,1.38211668988,0.373140826653,0.249271878031,0.0651941834851,92.2204208374
1.649991,-0.79651952411,-0.0191747598486,0.578310757033,0.701412715261,2.76346638938,-1.01933023355,-0.179475752183,90.675239563,0.508131135987,0.0908883616822,-0.131922347758,1.38211668988,0.373140826653,0.248888382834,0.0648106882882,92.2204208374
1.659988,-0.79651952411,-0.0187912646516,0.579077747427,0.701029220064,2.76384988457,-1.01856324316,-0.179092256986,90.675239563,0.50774764079,0.0920388472731,-0.131922347758,1.38211668988,0.372757331456,0.249655373228,0.0655776786821,92.2204208374
1.669985,-0.796903019306,-0.0191747598486,0.57869425223,0.701796210458,2.76384988457,-1.01894673835,-0.179475752183,90.675239563,0.508131135987,0.0928058376671,-0.133072833349,1.38250018508,0.373140826653,0.249655373228,0.0659611738791,92.2204208374
1.679985,-0.796903019306,-0.0184077694546,0.57869425223,0.701412715261,2.76384988457,-1.01933023355,-0.179475752183,90.675239563,0.507364145593,0.0924223424701,-0.132689338152,1.38288368028,0.37352432185,0.248888382834,0.0655776786821,92.2204208374
1.690006,-0.797286514503,-0.0184077694546,0.57869425223,0.701029220064,2.76346638938,-1.01971372875,-0.180626237774,90.675239563,0.50774764079,0.0916553520762,-0.132689338152,1.38250018508,0.373140826653,0.249655373228,0.0655776786821,92.2204208374
1.699989,-0.795752533716,-0.0187912646516,0.57869425223,0.702179705655,2.76346638938,-1.01971372875,-0.179475752183,90.675239563,0.508514631184,0.0916553520762,-0.132689338152,1.38288368028,0.372757331456,0.249271878031,0.0655776786821,92.2204208374
1.709987,-0.796136028913,-0.0184077694546,0.57869425223,0.701029220064,2.76423337977,-1.01894673835,-0.179475752183,90.675239563,0.507364145593,0.0924223424701,-0.131922347758,1.38250018508,0.372373836259,0.249655373228,0.0659611738791,92.2204208374
1.719984,-0.795752533716,-0.0187912646516,0.579077747427,0.702179705655,2.76384988457,-1.01971372875,-0.179475752183,90.675239563,0.507364145593,0.0916553520762,-0.132689338152,1.38250018508,0.372757331456,0.249271878031,0.0651941834851,92.2204208374
1.729984,-0.796136028913,-0.0184077694546,0.57869425223,0.701029220064,2.76346638938,-1.01971372875,-0.17985924738,90.675239563,0.507364145593,0.0912718568792,-0.132689338152,1.38211668988,0.37352432185,0.249655373228,0.0659611738791,92.2204208374
1.739985,-0.796903019306,-0.0191747598486,0.57869425223,0.701029220064,2.76423337977,-1.01894673835,-0.180242742577,90.675239563,0.50774764079,0.0912718568792,-0.132305842955,1.38250018508,0.372757331456,0.249655373228,0.0659611738791,92.2204208374
1.749984,-0.796136028913,-0.0184077694546,0.577927261836,0.702563200852,2.76346638938,-1.01894673835,-0.180242742577,90.675239563,0.507364145593,0.0920388472731,-0.132305842955,1.38250018508,0.372373836259,0.249271878031,0.0655776786821,92.2204208374
1.759986,-0.797286514503,-0.0187912646516,0.578310757033,0.701412715261,2.76423337977,-1.01817974796,-0.180242742577,90.675239563,0.50774764079,0.0912718568792,-0.132305842955,1.38250018508,0.372757331456,0.249271878031,0.0659611738791,92.2204208374
1.769985,-0.796903019306,-0.0184077694546,0.579077747427,0.701029220064,2.76423337977,-1.01856324316,-0.17985924738,90.675239563,0.50774764079,0.0916553520762,-0.132689338152,1.38288368028,0.37352432185,0.249271878031,0.0659611738791,92.2204208374
1.779987,-0.796903019306,-0.0191747598486,0.578310757033,0.701412715261,2.76346638938,-1.01894673835,-0.179475752183,90.675239563,0.508131135987,0.0908883616822,-0.132689338152,1.38288368028,0.373907817047,0.249271878031,0.0655776786821,92.2204208374
1.789983,-0.79651952411,-0.0187912646516,0.577927261836,0.701412715261,2.76384988457,-1.02009722394,-0.179475752183,90.675239563,0.508514631184,0.0912718568792,-0.133456328546,1.38211668988,0.37352432185,0.249271878031,0.0655776786821,92.2204208374
1.799993,-0.796136028913,-0.0184077694546,0.578310757033,0.701412715261,2.76384988457,-1.01933023355,-0.179092256986,90.675239563,0.507364145593,0.0916553520762,-0.133072833349,1.38288368028,0.37352432185,0.249271878031,0.0651941834851,92.2204208374
1.809986,-0.796903019306,-0.0187912646516,0.578310757033,0.701796210458,2.76384988457,-1.01856324316,-0.179475752183,90.675239563,0.508131135987,0.0920388472731,-0.132689338152,1.38250018508,0.373907817047,0.249271878031,0.0651941834851,92.2204208374
1.819983,-0.79651952411,-0.0191747598486,0.57869425223,0.701412715261,2.76384988457,-1.01933023355,-0.179475752183,90.675239563,0.508131135987,0.0924223424701,-0.132305842955,1.38173319469,0.372757331456,0.249271878031,0.0655776786821,92.2204208374
1.829983,-0.79651952411,-0.0184077694546,0.57869425223,0.701412715261,2.76384988457,-1.01933023355,-0.17985924738,90.675239563,0.508131135987,0.0920388472731,-0.132305842955,1.38250018508,0.372757331456,0.248888382834,0.0659611738791,92.2204208374
1.839983,-0.79651952411,-0.0184077694546,0.578310757033,0.702563200852,2.76423337977,-1.01933023355,-0.179092256986,90.675239563,0.508131135987,0.0912718568792,-0.132305842955,1.38250018508,0.373140826653,0.248504887637,0.0655776786821,92.2204208374
1.849985,-0.796903019306,-0.0184077694546,0.578310757033,0.702563200852,2.76346638938,-1.01856324316,-0.179475752183,90.675239563,0.507364145593,0.0916553520762,-0.133072833349,1.38211668988,0.372757331456,0.248888382834,0.0659611738791,92.2204208374
1.859988,-0.796136028913,-0.0184077694546,0.578310757033,0.702563200852,2.76384988457,-1.01971372875,-0.17985924738,90.675239563,0.508514631184,0.0912718568792,-0.132305842955,1.38250018508,0.372373836259,0.249271878031,0.0659611738791,92.2204208374
1.869986,-0.795752533716,-0.0187912646516,0.578310757033,0.701029220064,2.76384988457,-1.01971372875,-0.179092256986,90.675239563,0.508131135987,0.0924223424701,-0.132689338152,1.38250018508,0.373907817047,0.249655373228,0.0659611738791,92.2204208374
1.879986,-0.796903019306,-0.0184077694546,0.578310757033,0.701412715261,2.76346638938,-1.01894673835,-0.179475752183,90.675239563,0.50774764079,0.0924223424701,-0.133072833349,1.38326717548,0.37352432185,0.249655373228,0.0651941834851,92.2204208374
1.889984,-0.795369038519,-0.0184077694546,0.578310757033,0.702179705655,2.76384988457,-1.01971372875,-0.17985924738,90.675239563,0.508131135987,0.0916553520762,-0.132689338152,1.38173319469,0.372757331456,0.249271878031,0.0655776786821,92.2204208374
1.900006,-0.795752533716,-0.0187912646516,0.57869425223,0.701796210458,2.76384988457,-1.01933023355,-0.17985924738,90.675239563,0.508131135987,0.0916553520762,-0.132689338152,1.38326717548,0.373140826653,0.249271878031,0.0659611738791,92.2204208374
1.910051,-0.796903019306,-0.0191747598486,0.578310757033,0.701796210458,2.76461687497,-1.01894673835,-0.179475752183,90.675239563,0.508898126381,0.0916553520762,-0.132305842955,1.38211668988,0.372757331456,0.249271878031,0.0659611738791,92.2204208374
1.920029,-0.796903019306,-0.0191747598486,0.577927261836,0.701029220064,2.76384988457,-1.01894673835,-0.179092256986,90.675239563,0.50774764079,0.0912718568792,-0.132689338152,1.38288368028,0.372757331456,0.249271878031,0.0651941834851,92.2204208374
1.930009,-0.795752533716,-0.0184077694546,0.57869425223,0.701412715261,2.76308289418,-1.01894673835,-0.179475752183,90.675239563,0.50774764079,0.0916553520762,-0.133456328546,1.38250018508,0.37352432185,0.249271878031,0.0659611738791,92.2204208374
1.940010,-0.796136028913,-0.0180242742577,0.57869425223,0.701029220064,2.76384988457,-1.01971372875,-0.180242742577,90.675239563,0.50774764079,0.0916553520762,-0.132689338152,1.38288368028,0.372757331456,0.249271878031,0.0659611738791,92.2204208374
1.950010,-0.79651952411,-0.0191747598486,0.579077747427,0.702179705655,2.76346638938,-1.01933023355,-0.179092256986,90.675239563,0.508131135987,0.0920388472731,-0.132305842955,1.38288368028,0.373140826653,0.248888382834,0.0655776786821,92.2204208374
1.960009,-0.79651952411,-0.0180242742577,0.57869425223,0.701412715261,2.76423337977,-1.01894673835,-0.179092256986,90.675239563,0.508898126381,0.0920388472731,-0.132689338152,1.38211668988,0.372757331456,0.248888382834,0.0651941834851,92.2204208374
1.970012,-0.79651952411,-0.0180242742577,0.577927261836,0.701796210458,2.76423337977,-1.01933023355,-0.179475752183,90.675239563,0.50774764079,0.0920388472731,-0.133072833349,1.38173319469,0.372373836259,0.249655373228,0.0659611738791,92.2204208374
1.980010,-0.796136028913,-0.0184077694546,0.578310757033,0.701412715261,2.76384988457,-1.01856324316,-0.179092256986,90.675239563,0.50774764079,0.0916553520762,-0.132689338152,1.38250018508,0.373140826653,0.249271878031,0.0655776786821,92.2204208374
1.990009,-0.796136028913,-0.0187912646516,0.57869425223,0.701796210458,2.76384988457,-1.01894673835,-0.17985924738,90.675239563,0.508131135987,0.0920388472731,-0.132689338152,1.38211668988,0.373140826653,0.249271878031,0.0655776786821,92.2204208374
2.000009,-0.796136028913,-0.0191747598486,0.579077747427,0.701796210458,2.76308289418,-1.01856324316,-0.180242742577,90.675239563,0.508898126381,0.0916553520762,-0.132305842955,1.38326717548,0.373140826653,0.250038868425,0.0655776786821,92.2204208374
2.010007,-0.795752533716,-0.0180242742577,0.57869425223,0.701412715261,2.76423337977,-1.01894673835,-0.17985924738,90.675239563,0.508131135987,0.0912718568792,-0.132689338152,1.38250018508,0.372373836259,0.249271878031,0.0655776786821,92.2204208374
2.020011,-0.79651952411,-0.0184077694546,0.57869425223,0.701412715261,2.76423337977,-1.01894673835,-0.179475752183,90.675239563,0.508131135987,0.0916553520762,-0.132305842955,1.38211668988,0.372757331456,0.249271878031,0.0655776786821,92.2204208374
2.030010,-0.795752533716,-0.0191747598486,0.578310757033,0.701412715261,2.76384988457,-1.01779625276,-0.178325266592,90.675239563,0.50774764079,0.0916553520762,-0.133072833349,1.38250018508,0.373140826653,0.248504887637,0.0651941834851,92.2204208374
2.040009,-0.79651952411,-0.0195582550455,0.579077747427,0.701412715261,2.76346638938,-1.01933023355,-0.179475752183,90.675239563,0.50774764079,0.0908883616822,-0.132689338152,1.38250018508,0.37352432185,0.249271878031,0.0659611738791,92.2204208374
2.050010,-0.796136028913,-0.0184077694546,0.579077747427,0.701412715261,2.76423337977,-1.01817974796,-0.179092256986,90.675239563,0.50774764079,0.0916553520762,-0.132305842955,1.38326717548,0.372373836259,0.248888382834,0.0651941834851,92.2204208374
2.060009,-0.796136028913,-0.0187912646516,0.578310757033,0.701796210458,2.76384988457,-1.01894673835,-0.17985924738,90.675239563,0.50774764079,0.0920388472731,-0.132689338152,1.38250018508,0.372757331456,0.248888382834,0.0655776786821,92.2204208374
2.070012,-0.796136028913,-0.0176407790607,0.57869425223,0.701029220064,2.76423337977,-1.01933023355,-0.179475752183,90.675239563,0.50774764079,0.0916553520762,-0.132689338152,1.38211668988,0.372373836259,0.249271878031,0.0648106882882,92.2204208374
2.080147,-0.795369038519,-0.0187912646516,0.578310757033,0.701796210458,2.76384988457,-1.01894673835,-0.17985924738,90.675239563,0.50774764079,0.0920388472731,-0.132305842955,1.38250018508,0.373140826653,0.248888382834,0.0659611738791,92.2204208374
2.090018,-0.795369038519,-0.0191747598486,0.578310757033,0.701412715261,2.76384988457,-1.01856324316,-0.179475752183,90.675239563,0.508131135987,0.0912718568792,-0.133072833349,1.38288368028,0.37352432185,0.249271878031,0.0655776786821,92.2204208374
2.100009,-0.796903019306,-0.0191747598486,0.579077747427,0.702179705655,2.76308289418,-1.01971372875,-0.179092256986,90.675239563,0.508514631184,0.0920388472731,-0.132689338152,1.38211668988,0.373907817047,0.249271878031,0.0651941834851,92.2204208374
2.110010,-0.795369038519,-0.0191747598486,0.57869425223,0.701796210458,2.76384988457,-1.01933023355,-0.180242742577,90.675239563,0.507364145593,0.0912718568792,-0.132689338152,1.38250018508,0.373140826653,0.250038868425,0.0655776786821,92.2204208374
2.120010,-0.796136028913,-0.0187912646516,0.57869425223,0.701029220064,2.76423337977,-1.01856324316,-0.179475752183,90.675239563,0.506980650396,0.0916553520762,-0.133456328546,1.38211668988,0.373907817047,0.249271878031,0.0651941834851,92.2204208374
2.130021,-0.795752533716,-0.0184077694546,0.57869425223,0.701796210458,2.76423337977,-1.01894673835,-0.17985924738,90.675239563,0.508514631184,0.0912718568792,-0.132689338152,1.38326717548,0.37352432185,0.249655373228,0.0659611738791,92.2204208374
2.140015,-0.795369038519,-0.0199417502425,0.577927261836,0.702179705655,2.76384988457,-1.01933023355,-0.17985924738,90.675239563,0.507364145593,0.0912718568792,-0.131922347758,1.38211668988,0.373140826653,0.249655373228,0.0655776786821,92.2204208374
2.150091,-0.795752533716,-0.0187912646516,0.578310757033,0.702179705655,2.76346638938,-1.01894673835,-0.17985924738,90.675239563,0.508131135987,0.0912718568792,-0.133072833349,1.38250018508,0.37352432185,0.248888382834,0.0659611738791,92.2204208374
2.160025,-0.796136028913,-0.0187912646516,0.579077747427,0.702179705655,2.76423337977,-1.01894673835,-0.179092256986,90.675239563,0.50774764079,0.0924223424701,-0.132689338152,1.38250018508,0.373140826653,0.249271878031,0.0655776786821,92.2204208374
2.170018,-0.794985543322,-0.0187912646516,0.579077747427,0.701796210458,2.76384988457,-1.01894673835,-0.179475752183,90.675239563,0.508131135987,0.0920388472731,-0.132689338152,1.38288368028,0.373140826653,0.250038868425,0.0659611738791,92.2204208374
2.180011,-0.794985543322,-0.0184077694546,0.57869425223,0.702179705655,2.76423337977,-1.01894673835,-0.17985924738,90.675239563,0.508131135987,0.0912718568792,-0.133072833349,1.38250018508,0.373140826653,0.249655373228,0.0655776786821,92.2204208374
2.190015,-0.795369038519,-0.0184077694546,0.577927261836,0.702179705655,2.76384988457,-1.01894673835,-0.180242742577,90.675239563,0.50774764079,0.0920388472731,-0.132689338152,1.38250018508,0.37352432185,0.249655373228,0.0655776786821,92.2204208374
2.200098,-0.795369038519,-0.0195582550455,0.57869425223,0.701796210458,2.76384988457,-1.01933023355,-0.179092256986,90.675239563,0.50774764079,0.0908883616822,-0.132689338152,1.38173319469,0.373140826653,0.249655373228,0.0659611738791,92.2204208374
2.210009,-0.795369038519,-0.0195582550455,0.57869425223,0.702179705655,2.76384988457,-1.01894673835,-0.179475752183,90.675239563,0.50774764079,0.0908883616822,-0.132689338152,1.38211668988,0.37352432185,0.250038868425,0.0659611738791,92.2204208374
2.220036,-0.794985543322,-0.0191747598486,0.57869425223,0.701029220064,2.76384988457,-1.01856324316,-0.17985924738,90.675239563,0.50774764079,0.0916553520762,-0.133456328546,1.38250018508,0.372373836259,0.249655373228,0.0651941834851,92.2204208374
2.230014,-0.794985543322,-0.0187912646516,0.57869425223,0.701412715261,2.76423337977,-1.01933023355,-0.179475752183,90.675239563,0.50774764079,0.0912718568792,-0.132305842955,1.38250018508,0.372757331456,0.249271878031,0.0651941834851,92.2204208374
2.240038,-0.794985543322,-0.0184077694546,0.57869425223,0.701412715261,2.76384988457,-1.01856324316,-0.17985924738,90.675239563,0.508131135987,0.0920388472731,-0.132305842955,1.38211668988,0.372757331456,0.248504887637,0.0655776786821,92.2204208374
2.250018,-0.794985543322,-0.0184077694546,0.579077747427,0.701412715261,2.76423337977,-1.01856324316,-0.179475752183,90.675239563,0.50774764079,0.0912718568792,-0.132689338152,1.38250018508,0.372757331456,0.249271878031,0.0655776786821,92.2204208374
2.260017,-0.794985543322,-0.0184077694546,0.578310757033,0.702179705655,2.76423337977,-1.01856324316,-0.179092256986,90.675239563,0.508514631184,0.0912718568792,-0.131922347758,1.38250018508,0.373907817047,0.250038868425,0.0659611738791,92.2204208374
2.270010,-0.795752533716,-0.0195582550455,0.57869425223,0.701029220064,2.76423337977,-1.01817974796,-0.179475752183,90.675239563,0.508131135987,0.0908883616822,-0.132305842955,1.38211668988,0.372757331456,0.249271878031,0.0659611738791,92.2204208374
2.280009,-0.795369038519,-0.0184077694546,0.577543766639,0.701796210458,2.76346638938,-1.01933023355,-0.17985924738,90.675239563,0.508131135987,0.0920388472731,-0.133072833349,1.38288368028,0.373140826653,0.249655373228,0.0651941834851,92.2204208374
2.290009,-0.794985543322,-0.0184077694546,0.577927261836,0.701412715261,2.76346638938,-1.01894673835,-0.17985924738,90.675239563,0.50774764079,0.0916553520762,-0.132689338152,1.38288368028,0.373140826653,0.248888382834,0.0659611738791,92.2204208374
2.299998,-0.794602048125,-0.0180242742577,0.578310757033,0.701412715261,2.76461687497,-1.01971372875,-0.179475752183,90.675239563,0.508131135987,0.0916553520762,-0.132689338152,1.38173319469,0.373140826653,0.248888382834,0.0659611738791,92.2204208374
2.309991,-0.795369038519,-0.0191747598486,0.579077747427,0.701412715261,2.76423337977,-1.01933023355,-0.17985924738,90.675239563,0.507364145593,0.0924223424701,-0.132305842955,1.38211668988,0.372757331456,0.250038868425,0.0659611738791,92.2204208374
2.319993,-0.795369038519,-0.0187912646516,0.57869425223,0.701796210458,2.76423337977,-1.01894673835,-0.179475752183,90.675239563,0.50774764079,0.0912718568792,-0.133456328546,1.38211668988,0.372757331456,0.248888382834,0.0659611738791,92.2204208374
2.329993,-0.795752533716,-0.0184077694546,0.579077747427,0.701412715261,2.76423337977,-1.01971372875,-0.17985924738,90.675239563,0.50774764079,0.0920388472731,-0.133072833349,1.38250018508,0.373140826653,0.249655373228,0.0659611738791,92.2204208374
2.339993,-0.794985543322,-0.0184077694546,0.57869425223,0.700645724867,2.76461687497,-1.01933023355,-0.17985924738,90.675239563,0.508131135987,0.0916553520762,-0.132689338152,1.38250018508,0.373140826653,0.249271878031,0.066344669076,92.2204208374
2.349994,-0.794985543322,-0.0184077694546,0.577160271442,0.701796210458,2.76423337977,-1.01817974796,-0.17985924738,90.675239563,0.50774764079,0.0916553520762,-0.133072833349,1.38250018508,0.373907817047,0.249271878031,0.0655776786821,92.2204208374
2.359989,-0.795752533716,-0.0184077694546,0.57869425223,0.701412715261,2.76423337977,-1.01894673835,-0.179475752183,90.675239563,0.508514631184,0.0920388472731,-0.132305842955,1.38211668988,0.372757331456,0.248888382834,0.0655776786821,92.2204208374
2.369990,-0.795369038519,-0.0184077694546,0.57869425223,0.701412715261,2.76384988457,-1.01933023355,-0.180242742577,90.675239563,0.50774764079,0.0912718568792,-0.132305842955,1.38211668988,0.372757331456,0.249271878031,0.0651941834851,92.2204208374
2.379990,-0.794985543322,-0.0184077694546,0.577927261836,0.701796210458,2.76461687497,-1.01817974796,-0.17985924738,90.675239563,0.50774764079,0.0916553520762,-0.133072833349,1.38326717548,0.372373836259,0.249271878031,0.0655776786821,92.2204208374
2.389989,-0.794218552928,-0.0176407790607,0.578310757033,0.701796210458,2.76384988457,-1.01856324316,-0.179475752183,90.675239563,0.508514631184,0.0912718568792,-0.132689338152,1.38250018508,0.373140826653,0.249271878031,0.0651941834851,92.2204208374
2.399992,-0.796136028913,-0.0187912646516,0.57869425223,0.701796210458,2.76423337977,-1.01817974796,-0.179475752183,90.675239563,0.50774764079,0.0924223424701,-0.132305842955,1.38326717548,0.372757331456,0.249655373228,0.0655776786821,92.2204208374
2.409990,-0.796136028913,-0.0180242742577,0.57869425223,0.701796210458,2.76461687497,-1.01933023355,-0.180242742577,90.675239563,0.508131135987,0.0912718568792,-0.132689338152,1.38250018508,0.373140826653,0.249271878031,0.0651941834851,92.2204208374
2.419991,-0.794602048125,-0.0187912646516,0.579077747427,0.701796210458,2.76423337977,-1.01856324316,-0.179092256986,90.675239563,0.50774764079,0.0916553520762,-0.132305842955,1.38250018508,0.372373836259,0.249271878031,0.0655776786821,92.2204208374
2.429991,-0.795369038519,-0.0187912646516,0.57869425223,0.702179705655,2.76423337977,-1.01933023355,-0.17985924738,90.675239563,0.508131135987,0.0916553520762,-0.131922347758,1.38250018508,0.372757331456,0.250038868425,0.0659611738791,92.2204208374
2.439990,-0.794985543322,-0.0187912646516,0.578310757033,0.702946696048,2.76423337977,-1.01817974796,-0.180242742577,90.675239563,0.50774764079,0.0928058376671,-0.133072833349,1.38288368028,0.37352432185,0.248888382834,0.0651941834851,92.2204208374
2.449992,-0.795369038519,-0.0184077694546,0.579461242624,0.701029220064,2.76423337977,-1.01894673835,-0.178708761789,90.675239563,0.508131135987,0.0912718568792,-0.132305842955,1.38211668988,0.37352432185,0.249271878031,0.0651941834851,92.2204208374
2.459997,-0.794985543322,-0.0184077694546,0.579077747427,0.701796210458,2.76384988457,-1.01817974796,-0.179092256986,90.675239563,0.50774764079,0.0908883616822,-0.132689338152,1.38211668988,0.37352432185,0.248888382834,0.0659611738791,92.2204208374
2.469991,-0.795369038519,-0.0187912646516,0.579461242624,0.701029220064,2.76423337977,-1.01894673835,-0.17985924738,90.675239563,0.50774764079,0.0916553520762,-0.132689338152,1.38211668988,0.373140826653,0.24812139244,0.0648106882882,92.2204208374
2.479993,-0.795369038519,-0.0191747598486,0.579077747427,0.701412715261,2.76500037016,-1.01856324316,-0.179475752183,90.675239563,0.50774764079,0.0916553520762,-0.132689338152,1.38288368028,0.372373836259,0.248504887637,0.0659611738791,92.2204208374
2.489993,-0.795369038519,-0.0187912646516,0.578310757033,0.702179705655,2.76538386536,-1.01856324316,-0.180242742577,90.675239563,0.507364145593,0.0912718568792,-0.132689338152,1.38250018508,0.373140826653,0.248888382834,0.0648106882882,92.2204208374
2.500000,-0.796136028913,-0.0184077694546,0.57869425223,0.702179705655,2.76461687497,-1.01894673835,-0.179092256986,90.675239563,0.508131135987,0.0916553520762,-0.133072833349,1.38250018508,0.373140826653,0.249655373228,0.0651941834851,92.2204208374
2.509993,-0.794985543322,-0.0191747598486,0.578310757033,0.701796210458,2.76461687497,-1.01817974796,-0.179092256986,90.675239563,0.50774764079,0.0916553520762,-0.132305842955,1.38173319469,0.372373836259,0.248888382834,0.0655776786821,92.2204208374
2.519992,-0.795369038519,-0.0191747598486,0.57869425223,0.702179705655,2.76423337977,-1.01894673835,-0.180242742577,90.675239563,0.508131135987,0.0916553520762,-0.131922347758,1.38250018508,0.372757331456,0.249655373228,0.0651941834851,92.2204208374
2.529992,-0.796136028913,-0.0187912646516,0.579077747427,0.701796210458,2.76423337977,-1.01856324316,-0.180242742577,90.675239563,0.50774764079,0.0912718568792,-0.132689338152,1.38288368028,0.37352432185,0.249271878031,0.0651941834851,92.2204208374
2.539994,-0.795752533716,-0.0184077694546,0.579077747427,0.701796210458,2.76461687497,-1.01856324316,-0.180242742577,90.675239563,0.50774764079,0.0912718568792,-0.133072833349,1.38250018508,0.372757331456,0.249655373228,0.0651941834851,92.2204208374
2.549990,-0.795752533716,-0.0187912646516,0.57869425223,0.701412715261,2.76500037016,-1.01817974796,-0.179475752183,90.675239563,0.508514631184,0.0912718568792,-0.132305842955,1.38250018508,0.37352432185,0.248888382834,0.0659611738791,92.2204208374
2.559996,-0.794985543322,-0.0195582550455,0.578310757033,0.701029220064,2.76423337977,-1.01856324316,-0.17985924738,90.675239563,0.508131135987,0.0912718568792,-0.132689338152,1.38365067067,0.372757331456,0.250038868425,0.0651941834851,92.2204208374
2.569994,-0.794602048125,-0.0176407790607,0.579077747427,0.701029220064,2.76461687497,-1.01894673835,-0.179475752183,90.675239563,0.507364145593,0.0912718568792,-0.132305842955,1.38250018508,0.373140826653,0.249655373228,0.0655776786821,92.2204208374
2.579992,-0.795752533716,-0.0187912646516,0.57869425223,0.700645724867,2.76423337977,-1.01894673835,-0.179475752183,90.675239563,0.50774764079,0.0916553520762,-0.133072833349,1.38173319469,0.372757331456,0.249655373228,0.0655776786821,92.2204208374
2.589991,-0.794602048125,-0.0191747598486,0.57869425223,0.701412715261,2.76423337977,-1.01933023355,-0.179092256986,90.675239563,0.508514631184,0.0912718568792,-0.132689338152,1.38211668988,0.373140826653,0.249655373228,0.0651941834851,92.2204208374
2.599990,-0.794985543322,-0.0191747598486,0.579077747427,0.701796210458,2.76423337977,-1.01856324316,-0.179475752183,90.675239563,0.50774764079,0.0908883616822,-0.133072833349,1.38250018508,0.373140826653,0.248888382834,0.0655776786821,92.2204208374
2.609992,-0.795752533716,-0.0180242742577,0.578310757033,0.701796210458,2.76423337977,-1.01856324316,-0.180242742577,90.675239563,0.50774764079,0.0916553520762,-0.132305842955,1.38211668988,0.372757331456,0.249271878031,0.0655776786821,92.2204208374
2.620002,-0.794218552928,-0.0187912646516,0.579077747427,0.701796210458,2.76500037016,-1.01856324316,-0.179475752183,90.675239563,0.50774764079,0.0928058376671,-0.133456328546,1.38211668988,0.372373836259,0.249271878031,0.0655776786821,92.2204208374
2.629994,-0.794985543322,-0.0191747598486,0.57869425223,0.701796210458,2.76423337977,-1.01894673835,-0.179475752183,90.675239563,0.50774764079,0.0912718568792,-0.133072833349,1.38288368028,0.372757331456,0.249655373228,0.0651941834851,92.2204208374
2.639992,-0.794985543322,-0.0187912646516,0.578310757033,0.701412715261,2.76500037016,-1.01894673835,-0.17985924738,90.675239563,0.50774764079,0.0920388472731,-0.132689338152,1.38211668988,0.372757331456,0.248504887637,0.0659611738791,92.2204208374
2.649997,-0.794985543322,-0.0176407790607,0.579077747427,0.701412715261,2.76500037016,-1.01894673835,-0.179475752183,90.675239563,0.508131135987,0.0916553520762,-0.132689338152,1.38211668988,0.372373836259,0.248888382834,0.0651941834851,92.2204208374
2.659996,-0.794985543322,-0.0187912646516,0.57869425223,0.701029220064,2.76423337977,-1.01894673835,-0.179475752183,90.675239563,0.50774764079,0.0912718568792,-0.132305842955,1.38211668988,0.373140826653,0.249655373228,0.0651941834851,92.2204208374
2.669998,-0.795369038519,-0.0187912646516,0.57869425223,0.701412715261,2.76423337977,-1.01817974796,-0.180626237774,90.675239563,0.50774764079,0.0928058376671,-0.132689338152,1.38288368028,0.372757331456,0.248888382834,0.0648106882882,92.2204208374
2.679996,-0.795752533716,-0.0187912646516,0.579077747427,0.701796210458,2.76423337977,-1.01817974796,-0.17985924738,90.675239563,0.508131135987,0.0916553520762,-0.132305842955,1.38288368028,0.373140826653,0.249655373228,0.0648106882882,92.2204208374
2.690000,-0.795752533716,-0.0187912646516,0.578310757033,0.701412715261,2.76423337977,-1.01702926237,-0.179475752183,90.675239563,0.508131135987,0.0916553520762,-0.133072833349,1.38211668988,0.372373836259,0.249271878031,0.0655776786821,92.2204208374
2.699993,-0.796903019306,-0.0187912646516,0.577927261836,0.701412715261,2.76423337977,-1.01664576717,-0.17985924738,90.675239563,0.508131135987,0.0920388472731,-0.132689338152,1.38288368028,0.372757331456,0.249271878031,0.0651941834851,92.2204208374
2.709990,-0.795369038519,-0.0195582550455,0.578310757033,0.700645724867,2.76461687497,-1.01587877678,-0.179475752183,90.675239563,0.508131135987,0.0916553520762,-0.133072833349,1.38288368028,0.373140826653,0.249271878031,0.0655776786821,92.2204208374
2.719989,-0.795369038519,-0.0187912646516,0.577927261836,0.701029220064,2.76500037016,-1.01472829119,-0.178708761789,90.675239563,0.508131135987,0.0924223424701,-0.132689338152,1.38211668988,0.372757331456,0.249655373228,0.0659611738791,92.2204208374
2.729994,-0.794985543322,-0.0191747598486,0.578310757033,0.702179705655,2.76423337977,-1.01396130079,-0.180242742577,90.675239563,0.50774764079,0.0916553520762,-0.133072833349,1.38211668988,0.373140826653,0.249271878031,0.0651941834851,92.2204208374
2.739993,-0.795752533716,-0.0191747598486,0.577927261836,0.701796210458,2.76423337977,-1.01434479599,-0.179475752183,90.675239563,0.50774764079,0.0916553520762,-0.133456328546,1.38250018508,0.37352432185,0.248888382834,0.0655776786821,92.2204208374
2.749996,-0.795752533716,-0.0176407790607,0.578310757033,0.701412715261,2.76384988457,-1.01396130079,-0.17985924738,90.675239563,0.508131135987,0.0912718568792,-0.133072833349,1.38288368028,0.372757331456,0.249271878031,0.0651941834851,92.2204208374
2.759994,-0.795369038519,-0.0191747598486,0.57869425223,0.701796210458,2.76423337977,-1.0128108152,-0.179475752183,90.675239563,0.508131135987,0.0912718568792,-0.132689338152,1.38211668988,0.373140826653,0.249271878031,0.0659611738791,92.2204208374
2.769998,-0.794985543322,-0.0195582550455,0.578310757033,0.701796210458,2.76461687497,-1.0128108152,-0.17985924738,90.675239563,0.50774764079,0.0912718568792,-0.132689338152,1.38326717548,0.373140826653,0.249271878031,0.066344669076,92.2204208374
2.779994,-0.794602048125,-0.0191747598486,0.579077747427,0.701796210458,2.76461687497,-1.0131943104,-0.179475752183,90.675239563,0.50774764079,0.0916553520762,-0.132689338152,1.38326717548,0.373140826653,0.248888382834,0.0651941834851,92.2204208374
2.789997,-0.795369038519,-0.0191747598486,0.579077747427,0.701412715261,2.76461687497,-1.01166032961,-0.180242742577,90.675239563,0.50774764079,0.0912718568792,-0.132305842955,1.38211668988,0.374291312244,0.249655373228,0.0659611738791,92.2204208374
2.799993,-0.795752533716,-0.0187912646516,0.57869425223,0.701412715261,2.76423337977,-1.0128108152,-0.179475752183,90.675239563,0.508131135987,0.0905048664852,-0.132305842955,1.38288368028,0.373140826653,0.249271878031,0.0659611738791,92.2204208374
2.809991,-0.795369038519,-0.0187912646516,0.578310757033,0.701796210458,2.76461687497,-1.0131943104,-0.17985924738,90.675239563,0.508131135987,0.0912718568792,-0.133456328546,1.38250018508,0.37352432185,0.249655373228,0.0659611738791,92.2204208374
2.819997,-0.795369038519,-0.0199417502425,0.577543766639,0.702179705655,2.76423337977,-1.01242732,-0.17985924738,90.675239563,0.50774764079,0.0924223424701,-0.133072833349,1.38250018508,0.373140826653,0.249271878031,0.0655776786821,92.2204208374
2.829994,-0.795369038519,-0.0180242742577,0.578310757033,0.702563200852,2.76461687497,-1.0128108152,-0.179475752183,90.675239563,0.507364145593,0.0924223424701,-0.133072833349,1.38288368028,0.372373836259,0.249271878031,0.0659611738791,92.2204208374
2.839992,-0.796136028913,-0.0191747598486,0.57869425223,0.701796210458,2.76423337977,-1.0131943104,-0.179092256986,90.675239563,0.50774764079,0.0916553520762,-0.133072833349,1.38250018508,0.373140826653,0.249271878031,0.0659611738791,92.2204208374
2.849998,-0.796136028913,-0.0191747598486,0.57869425223,0.701412715261,2.76461687497,-1.0135778056,-0.17985924738,90.675239563,0.508514631184,0.0912718568792,-0.133456328546,1.38211668988,0.372373836259,0.249655373228,0.0648106882882,92.2204208374
2.859996,-0.795752533716,-0.0199417502425,0.578310757033,0.701412715261,2.76461687497,-1.0131943104,-0.179475752183,90.675239563,0.508131135987,0.0916553520762,-0.132305842955,1.38250018508,0.372757331456,0.249655373228,0.0651941834851,92.2204208374
2.869991,-0.794985543322,-0.0195582550455,0.579077747427,0.701029220064,2.76461687497,-1.01396130079,-0.179475752183,90.675239563,0.50774764079,0.0920388472731,-0.132305842955,1.38288368028,0.37352432185,0.250038868425,0.0651941834851,92.2204208374
2.879992,-0.796136028913,-0.0195582550455,0.578310757033,0.702563200852,2.76500037016,-1.01472829119,-0.179092256986,90.675239563,0.50774764079,0.0916553520762,-0.132689338152,1.38250018508,0.372757331456,0.249271878031,0.0655776786821,92.2204208374
2.889993,-0.795752533716,-0.0187912646516,0.579077747427,0.701029220064,2.76461687497,-1.01396130079,-0.179475752183,90.675239563,0.507364145593,0.0916553520762,-0.132305842955,1.38250018508,0.373140826653,0.249655373228,0.0659611738791,92.2204208374
2.900009,-0.794602048125,-0.0191747598486,0.57869425223,0.701412715261,2.76461687497,-1.01434479599,-0.179475752183,90.675239563,0.507364145593,0.0916553520762,-0.133456328546,1.38288368028,0.372757331456,0.249271878031,0.0651941834851,92.2204208374
2.909990,-0.795752533716,-0.0187912646516,0.579077747427,0.701796210458,2.76461687497,-1.01396130079,-0.17985924738,90.675239563,0.50774764079,0.0916553520762,-0.132689338152,1.38211668988,0.372373836259,0.249271878031,0.066344669076,92.2204208374
2.919991,-0.794218552928,-0.0187912646516,0.578310757033,0.701029220064,2.76500037016,-1.01434479599,-0.179475752183,90.675239563,0.507364145593,0.0920388472731,-0.133072833349,1.38250018508,0.373140826653,0.249271878031,0.0655776786821,92.2204208374
2.929987,-0.793835057731,-0.0184077694546,0.577927261836,0.701796210458,2.76461687497,-1.0131943104,-0.17985924738,90.675239563,0.508131135987,0.0920388472731,-0.132689338152,1.38250018508,0.372757331456,0.249271878031,0.0659611738791,92.2204208374
2.939986,-0.795369038519,-0.0184077694546,0.579461242624,0.701796210458,2.76423337977,-1.0131943104,-0.17985924738,90.675239563,0.50774764079,0.0920388472731,-0.133072833349,1.38250018508,0.372757331456,0.249271878031,0.0659611738791,92.2204208374
2.949996,-0.794218552928,-0.0187912646516,0.57869425223,0.702179705655,2.76423337977,-1.01166032961,-0.179092256986,90.675239563,0.507364145593,0.0912718568792,-0.132689338152,1.38326717548,0.373140826653,0.249271878031,0.0651941834851,92.2204208374
2.959987,-0.794985543322,-0.0180242742577,0.578310757033,0.701796210458,2.76461687497,-1.01012634882,-0.180242742577,90.675239563,0.508514631184,0.0908883616822,-0.133072833349,1.38288368028,0.373140826653,0.249655373228,0.0651941834851,92.2204208374
2.969990,-0.794985543322,-0.0184077694546,0.57869425223,0.701029220064,2.76423337977,-1.00859236803,-0.17985924738,90.675239563,0.50774764079,0.0912718568792,-0.133456328546,1.38250018508,0.37352432185,0.248888382834,0.0659611738791,92.2204208374
2.979988,-0.794985543322,-0.0187912646516,0.578310757033,0.701412715261,2.76461687497,-1.00629139685,-0.179475752183,90.675239563,0.50774764079,0.0912718568792,-0.132689338152,1.38250018508,0.373140826653,0.248888382834,0.0655776786821,92.2204208374
2.990008,-0.795369038519,-0.0187912646516,0.57869425223,0.701029220064,2.76461687497,-1.00629139685,-0.179092256986,90.675239563,0.50774764079,0.0908883616822,-0.133072833349,1.38326717548,0.372757331456,0.249271878031,0.0655776786821,92.2204208374
2.999991,-0.794985543322,-0.0184077694546,0.578310757033,0.701029220064,2.76500037016,-1.00744188244,-0.17985924738,90.675239563,0.508131135987,0.0908883616822,-0.133072833349,1.38211668988,0.37352432185,0.248888382834,0.0651941834851,92.2204208374
3.009986,-0.795369038519,-0.0184077694546,0.57869425223,0.700645724867,2.76461687497,-1.00744188244,-0.17985924738,90.675239563,0.50774764079,0.0912718568792,-0.133072833349,1.38173319469,0.372757331456,0.248888382834,0.0659611738791,92.2204208374
3.019987,-0.795369038519,-0.0184077694546,0.578310757033,0.699878734473,2.76538386536,-1.00859236803,-0.17985924738,90.675239563,0.508514631184,0.0916553520762,-0.132689338152,1.38250018508,0.373140826653,0.248888382834,0.0659611738791,92.2204208374
3.029986,-0.795369038519,-0.0191747598486,0.57869425223,0.700645724867,2.76615085575,-1.00935935843,-0.180242742577,90.675239563,0.50774764079,0.0916553520762,-0.133456328546,1.38288368028,0.373140826653,0.249271878031,0.0648106882882,92.2204208374
3.039992,-0.795752533716,-0.0187912646516,0.578310757033,0.701412715261,2.76538386536,-1.01012634882,-0.179475752183,90.675239563,0.508131135987,0.0916553520762,-0.132689338152,1.38250018508,0.372757331456,0.248888382834,0.0651941834851,92.2204208374
3.049988,-0.794985543322,-0.0191747598486,0.577927261836,0.701412715261,2.76653435095,-1.01050984402,-0.179475752183,90.675239563,0.506980650396,0.0912718568792,-0.132689338152,1.38250018508,0.372757331456,0.249271878031,0.0659611738791,92.2204208374
3.060043,-0.794985543322,-0.0195582550455,0.57869425223,0.701029220064,2.76615085575,-1.01127683441,-0.17985924738,90.675239563,0.508898126381,0.0916553520762,-0.133456328546,1.38250018508,0.372757331456,0.249271878031,0.0659611738791,92.2204208374
3.069986,-0.795369038519,-0.0187912646516,0.577927261836,0.701412715261,2.76653435095,-1.01166032961,-0.180242742577,90.675239563,0.507364145593,0.0924223424701,-0.133072833349,1.38288368028,0.373140826653,0.249271878031,0.066344669076,92.2204208374
3.079983,-0.794985543322,-0.0199417502425,0.578310757033,0.699878734473,2.76691784615,-1.01127683441,-0.17985924738,90.675239563,0.507364145593,0.0916553520762,-0.133072833349,1.38250018508,0.373140826653,0.249271878031,0.0651941834851,92.2204208374
3.089984,-0.795369038519,-0.0207087406365,0.57869425223,0.701029220064,2.76691784615,-1.01127683441,-0.17985924738,90.675239563,0.508131135987,0.0920388472731,-0.132305842955,1.38211668988,0.372757331456,0.250038868425,0.0655776786821,92.2204208374
3.099983,-0.794985543322,-0.0203252454395,0.57869425223,0.701029220064,2.76691784615,-1.01127683441,-0.180242742577,90.675239563,0.50774764079,0.0916553520762,-0.132305842955,1.38250018508,0.37352432185,0.249655373228,0.0651941834851,92.2204208374
3.109984,-0.794602048125,-0.0203252454395,0.577927261836,0.699495239276,2.76653435095,-1.01012634882,-0.179475752183,90.675239563,0.50774764079,0.0920388472731,-0.133072833349,1.38288368028,0.372757331456,0.249655373228,0.0655776786821,92.2204208374
3.119991,-0.794218552928,-0.0207087406365,0.57869425223,0.699495239276,2.76615085575,-1.00897586323,-0.179475752183,90.675239563,0.507364145593,0.0916553520762,-0.133072833349,1.38288368028,0.372757331456,0.250038868425,0.0655776786821,92.2204208374
3.129991,-0.793835057731,-0.0207087406365,0.579077747427,0.698344753685,2.76691784615,-1.00859236803,-0.17985924738,90.675239563,0.507364145593,0.0920388472731,-0.132689338152,1.38173319469,0.37352432185,0.249271878031,0.0655776786821,92.2204208374
3.139988,-0.794602048125,-0.0207087406365,0.579461242624,0.697577763291,2.76691784615,-1.00744188244,-0.17985924738,90.675239563,0.50774764079,0.0920388472731,-0.133456328546,1.38173319469,0.373140826653,0.249271878031,0.0651941834851,92.2204208374
3.149999,-0.795369038519,-0.0210922358334,0.579077747427,0.697194268094,2.76730134135,-1.00667489205,-0.179475752183,90.675239563,0.508131135987,0.0924223424701,-0.133072833349,1.38250018508,0.37352432185,0.249271878031,0.0655776786821,92.2204208374
3.159989,-0.794218552928,-0.0222427214243,0.578310757033,0.696810772897,2.76768483654,-1.00705838725,-0.179475752183,90.675239563,0.507364145593,0.0920388472731,-0.132689338152,1.38211668988,0.373140826653,0.250038868425,0.0659611738791,92.2204208374
3.169991,-0.793835057731,-0.0230097118183,0.579077747427,0.696043782503,2.76691784615,-1.00782537764,-0.17985924738,90.675239563,0.508131135987,0.0916553520762,-0.133072833349,1.38250018508,0.373140826653,0.248888382834,0.0648106882882,92.2204208374
3.179987,-0.793451562534,-0.0237767022122,0.57869425223,0.6964272777,2.76768483654,-1.00782537764,-0.17985924738,90.675239563,0.507364145593,0.0916553520762,-0.133072833349,1.38250018508,0.372757331456,0.249271878031,0.0659611738791,92.2204208374
3.189985,-0.794602048125,-0.0245436926062,0.578310757033,0.696043782503,2.76768483654,-1.00859236803,-0.178708761789,90.675239563,0.508514631184,0.0916553520762,-0.132689338152,1.38288368028,0.373140826653,0.248888382834,0.0659611738791,92.2204208374
3.199990,-0.794602048125,-0.0256941781971,0.579077747427,0.695660287306,2.76691784615,-1.00859236803,-0.178708761789,90.675239563,0.50774764079,0.0916553520762,-0.132689338152,1.38211668988,0.373140826653,0.249271878031,0.0651941834851,92.2204208374
3.209987,-0.794218552928,-0.0253106830001,0.578310757033,0.694893296912,2.76691784615,-1.00820887284,-0.179092256986,90.675239563,0.507364145593,0.0920388472731,-0.132305842955,1.38250018508,0.373140826653,0.248504887637,0.0659611738791,92.2204208374
3.219990,-0.794218552928,-0.0260776733941,0.579077747427,0.693742811321,2.76691784615,-1.00897586323,-0.178708761789,90.675239563,0.507364145593,0.0920388472731,-0.132689338152,1.38211668988,0.373140826653,0.248888382834,0.0655776786821,92.2204208374
3.229987,-0.794218552928,-0.026461168591,0.578310757033,0.692208830533,2.76730134135,-1.00974285363,-0.178325266592,90.675239563,0.507364145593,0.0912718568792,-0.133072833349,1.38250018508,0.372757331456,0.249655373228,0.0659611738791,92.2204208374
3.239985,-0.794218552928,-0.027228158985,0.579461242624,0.689907859351,2.76653435095,-1.01050984402,-0.178708761789,90.675239563,0.50774764079,0.0920388472731,-0.133072833349,1.38288368028,0.372373836259,0.249655373228,0.0648106882882,92.2204208374
3.249990,-0.795369038519,-0.027228158985,0.57869425223,0.689524364154,2.76615085575,-1.01012634882,-0.178708761789,90.675239563,0.50774764079,0.0916553520762,-0.132689338152,1.38288368028,0.373140826653,0.249655373228,0.0651941834851,92.2204208374
3.259984,-0.794985543322,-0.0279951493789,0.57869425223,0.687223392973,2.76691784615,-1.01012634882,-0.178708761789,90.675239563,0.506980650396,0.0908883616822,-0.132689338152,1.38250018508,0.373140826653,0.249655373228,0.0655776786821,92.2204208374
3.269985,-0.794985543322,-0.0283786445759,0.579077747427,0.686456402579,2.76615085575,-1.01012634882,-0.177941771395,90.675239563,0.50774764079,0.0916553520762,-0.133072833349,1.38211668988,0.372757331456,0.248888382834,0.0659611738791,92.2204208374
3.279994,-0.795752533716,-0.0287621397729,0.579461242624,0.684538926594,2.76653435095,-1.01166032961,-0.178325266592,90.675239563,0.507364145593,0.0920388472731,-0.133072833349,1.38326717548,0.373140826653,0.249655373228,0.0651941834851,92.2204208374
3.289984,-0.795752533716,-0.0287621397729,0.580611728215,0.683004945806,2.76768483654,-1.0131943104,-0.178325266592,90.675239563,0.50774764079,0.0916553520762,-0.133072833349,1.38173319469,0.372757331456,0.249655373228,0.0655776786821,92.2204208374
3.299984,-0.79651952411,-0.0295291301668,0.580995223412,0.680320479427,2.76921881733,-1.01549528158,-0.177558276198,90.675239563,0.50774764079,0.0916553520762,-0.133072833349,1.38250018508,0.372757331456,0.249271878031,0.0648106882882,92.2204208374
3.309985,-0.797286514503,-0.0302961205607,0.580995223412,0.678019508245,2.76883532213,-1.01664576717,-0.177174781001,90.675239563,0.50774764079,0.0905048664852,-0.133072833349,1.38250018508,0.372757331456,0.249271878031,0.0651941834851,92.2204208374
3.319986,-0.796903019306,-0.0306796157577,0.582145709003,0.675718537064,2.76883532213,-1.01971372875,-0.176791285804,90.675239563,0.50774764079,0.0916553520762,-0.133072833349,1.38211668988,0.372373836259,0.249655373228,0.0659611738791,92.2204208374
3.329984,-0.796903019306,-0.0310631109547,0.582145709003,0.673034070685,2.76883532213,-1.02354868072,-0.176791285804,90.675239563,0.50774764079,0.0920388472731,-0.133072833349,1.38211668988,0.373140826653,0.248504887637,0.0655776786821,92.2204208374
3.339981,-0.797286514503,-0.0314466061517,0.582145709003,0.670349604306,2.76883532213,-1.02661664229,-0.17602429541,90.675239563,0.50774764079,0.0924223424701,-0.132689338152,1.38211668988,0.373140826653,0.249271878031,0.0659611738791,92.2204208374
3.349983,-0.798820495291,-0.0325970917426,0.582145709003,0.668048633124,2.76845182694,-1.02891761347,-0.17602429541,90.675239563,0.50774764079,0.0916553520762,-0.132689338152,1.38173319469,0.372757331456,0.248504887637,0.0655776786821,92.2204208374
3.359983,-0.798820495291,-0.0329805869395,0.582529204199,0.664980671548,2.76960231253,-1.03160207985,-0.17602429541,90.675239563,0.50774764079,0.0916553520762,-0.133839823743,1.38250018508,0.373140826653,0.248504887637,0.0651941834851,92.2204208374
3.369984,-0.798820495291,-0.0341310725305,0.582912699396,0.661912709973,2.76845182694,-1.03428654623,-0.175257305016,90.675239563,0.508131135987,0.0908883616822,-0.133839823743,1.38288368028,0.37352432185,0.249271878031,0.0651941834851,92.2204208374
3.379986,-0.799203990488,-0.0356650533183,0.582529204199,0.659611738791,2.76845182694,-1.0381214982,-0.174873809819,90.675239563,0.508131135987,0.0912718568792,-0.132305842955,1.38250018508,0.373140826653,0.248888382834,0.0659611738791,92.2204208374
3.389984,-0.798437000094,-0.0364320437123,0.582912699396,0.655393291624,2.76883532213,-1.04157295497,-0.173723324228,90.675239563,0.50774764079,0.0912718568792,-0.133456328546,1.38250018508,0.37352432185,0.249271878031,0.0655776786821,92.2204208374
3.399984,-0.799203990488,-0.0375825293032,0.582529204199,0.653092320442,2.76883532213,-1.04655839253,-0.174106819425,90.675239563,0.508131135987,0.0912718568792,-0.132689338152,1.38211668988,0.37352432185,0.249271878031,0.0655776786821,92.2204208374
3.409986,-0.799587485685,-0.0391165100911,0.583296194593,0.648490378079,2.76921881733,-1.0515438301,-0.174873809819,90.675239563,0.508898126381,0.0924223424701,-0.133839823743,1.38250018508,0.373907817047,0.249271878031,0.0655776786821,92.2204208374
3.419984,-0.799970980882,-0.0414174812729,0.582912699396,0.644271930912,2.76806833174,-1.05767975325,-0.174490314622,90.675239563,0.50774764079,0.0912718568792,-0.132689338152,1.38250018508,0.373140826653,0.248888382834,0.0651941834851,92.2204208374
3.429984,-0.800354476079,-0.0425679668638,0.582529204199,0.641203969336,2.76806833174,-1.06266519081,-0.174106819425,90.675239563,0.507364145593,0.0916553520762,-0.132689338152,1.38288368028,0.372757331456,0.248888382834,0.0659611738791,92.2204208374
3.439994,-0.801121466473,-0.0441019476517,0.582145709003,0.635835036579,2.76691784615,-1.07033509475,-0.175640800213,90.675239563,0.508131135987,0.0912718568792,-0.133456328546,1.38250018508,0.373140826653,0.249271878031,0.0655776786821,92.2204208374
3.449996,-0.80150496167,-0.0460194236366,0.582145709003,0.632767075003,2.76691784615,-1.0760875227,-0.17602429541,90.675239563,0.50774764079,0.0924223424701,-0.133072833349,1.38250018508,0.372757331456,0.249271878031,0.0655776786821,92.2204208374
3.459989,-0.801888456867,-0.0479368996214,0.582529204199,0.627781637442,2.76691784615,-1.08337393144,-0.175257305016,90.675239563,0.50774764079,0.0928058376671,-0.132689338152,1.38211668988,0.37352432185,0.248888382834,0.0659611738791,92.2204208374
3.469986,-0.801888456867,-0.0498543756063,0.582529204199,0.624330180669,2.76691784615,-1.09142733058,-0.174873809819,90.675239563,0.506980650396,0.0920388472731,-0.132689338152,1.38250018508,0.372373836259,0.249271878031,0.066344669076,92.2204208374
3.479990,-0.803422437655,-0.0521553467881,0.582529204199,0.619728238306,2.76615085575,-1.09794674893,-0.175640800213,90.675239563,0.507364145593,0.0920388472731,-0.132689338152,1.38250018508,0.372757331456,0.249655373228,0.0651941834851,92.2204208374
3.489986,-0.803038942458,-0.054072822773,0.583296194593,0.614742800745,2.76653435095,-1.10638364326,-0.174873809819,90.675239563,0.50774764079,0.0912718568792,-0.133072833349,1.38211668988,0.373140826653,0.249655373228,0.0655776786821,92.2204208374
3.499987,-0.803422437655,-0.0559902987578,0.581762213806,0.610907848775,2.76615085575,-1.1140535472,-0.175257305016,90.675239563,0.50774764079,0.0916553520762,-0.133456328546,1.38250018508,0.37352432185,0.250038868425,0.0655776786821,92.2204208374
3.509986,-0.804956418443,-0.0575242795457,0.582912699396,0.605538916018,2.76615085575,-1.12287393673,-0.175640800213,90.675239563,0.506980650396,0.0916553520762,-0.133072833349,1.38250018508,0.372757331456,0.249271878031,0.0648106882882,92.2204208374
3.519987,-0.804572923246,-0.0602087459245,0.582912699396,0.60016998326,2.76576736056,-1.13092733587,-0.175257305016,90.675239563,0.506980650396,0.0920388472731,-0.133456328546,1.38211668988,0.373140826653,0.249655373228,0.0651941834851,92.2204208374
3.529985,-0.806490399231,-0.0621262219094,0.582529204199,0.594801050503,2.76615085575,-1.1401312206,-0.175640800213,90.675239563,0.507364145593,0.0916553520762,-0.133456328546,1.38288368028,0.373140826653,0.249655373228,0.0655776786821,92.2204208374
3.539986,-0.806490399231,-0.0644271930912,0.582145709003,0.588665127351,2.76653435095,-1.14895161013,-0.174490314622,90.675239563,0.50774764079,0.0916553520762,-0.133456328546,1.38211668988,0.372757331456,0.250038868425,0.0651941834851,92.2204208374
3.549990,-0.808407875216,-0.06711165947,0.582912699396,0.584063184987,2.76653435095,-1.15853899005,-0.175640800213,90.675239563,0.50774764079,0.0920388472731,-0.133072833349,1.38250018508,0.37352432185,0.248888382834,0.0659611738791,92.2204208374
3.559987,-0.808024380019,-0.0694126306518,0.581762213806,0.577160271442,2.76576736056,-1.16659238919,-0.174490314622,90.675239563,0.506213660002,0.0924223424701,-0.133456328546,1.38250018508,0.37352432185,0.248888382834,0.0655776786821,92.2204208374
3.569988,-0.809558360807,-0.0713301066367,0.583296194593,0.570257357896,2.76500037016,-1.17694675951,-0.175640800213,90.675239563,0.507364145593,0.0916553520762,-0.133456328546,1.38288368028,0.372757331456,0.248888382834,0.0655776786821,92.2204208374
3.579990,-0.809558360807,-0.0728640874246,0.581762213806,0.564504929942,2.76461687497,-1.18615064423,-0.175640800213,90.675239563,0.507364145593,0.0912718568792,-0.133072833349,1.38250018508,0.373140826653,0.249271878031,0.0655776786821,92.2204208374
3.589986,-0.8103253512,-0.0751650586064,0.582912699396,0.557602016396,2.76423337977,-1.19650501455,-0.175257305016,90.675239563,0.508131135987,0.0912718568792,-0.133072833349,1.38250018508,0.372757331456,0.249271878031,0.0659611738791,92.2204208374
3.599988,-0.811092341594,-0.0770825345912,0.582145709003,0.551466093245,2.76269939898,-1.20609239447,-0.174873809819,90.675239563,0.507364145593,0.0912718568792,-0.133072833349,1.38288368028,0.37352432185,0.250038868425,0.0655776786821,92.2204208374
3.609987,-0.813009817579,-0.0793835057731,0.582912699396,0.544563179699,2.76231590378,-1.21644676479,-0.17602429541,90.675239563,0.50774764079,0.0916553520762,-0.133456328546,1.38211668988,0.373140826653,0.249271878031,0.0651941834851,92.2204208374
3.619987,-0.81416030317,-0.0816844769549,0.582145709003,0.53689327576,2.760781923,-1.22603414472,-0.174873809819,90.675239563,0.507364145593,0.0916553520762,-0.133456328546,1.38250018508,0.372757331456,0.249655373228,0.0655776786821,92.2204208374
3.629984,-0.815310788761,-0.0836019529398,0.582912699396,0.529990362214,2.75963143741,-1.23638851504,-0.174873809819,90.675239563,0.50774764079,0.0916553520762,-0.133839823743,1.38250018508,0.373140826653,0.249655373228,0.0659611738791,92.2204208374
3.639984,-0.816077779155,-0.0855194289246,0.582529204199,0.522320458275,2.75848095181,-1.24559239976,-0.174873809819,90.675239563,0.508131135987,0.0924223424701,-0.132689338152,1.38288368028,0.37352432185,0.248888382834,0.0655776786821,92.2204208374
3.649987,-0.816461274352,-0.0882038953034,0.582529204199,0.515034049533,2.75617998063,-1.25517977969,-0.175257305016,90.675239563,0.50774764079,0.0924223424701,-0.133839823743,1.38250018508,0.373140826653,0.249655373228,0.0651941834851,92.2204208374
3.659983,-0.817228264746,-0.0893543808943,0.582529204199,0.506980650396,2.75349551425,-1.26553415001,-0.175640800213,90.675239563,0.50774764079,0.0916553520762,-0.133072833349,1.38326717548,0.371990341062,0.249655373228,0.0655776786821,92.2204208374
3.669987,-0.819145740731,-0.0916553520762,0.58367968979,0.498543756063,2.75272852386,-1.27550502513,-0.175257305016,90.675239563,0.508131135987,0.0916553520762,-0.133456328546,1.38250018508,0.373140826653,0.249655373228,0.0651941834851,92.2204208374
3.679990,-0.819912731125,-0.093572828061,0.582145709003,0.490490356926,2.75004405748,-1.28394191946,-0.175640800213,90.675239563,0.508131135987,0.0912718568792,-0.133072833349,1.38211668988,0.373140826653,0.249655373228,0.0655776786821,92.2204208374
3.689982,-0.821063216716,-0.0951068088489,0.582912699396,0.482820452987,2.7473595911,-1.29429628978,-0.174873809819,90.675239563,0.507364145593,0.0908883616822,-0.133072833349,1.38250018508,0.372757331456,0.249271878031,0.0655776786821,92.2204208374
3.699987,-0.822213702307,-0.0974077800307,0.582529204199,0.473233073063,2.74390813433,-1.30234968891,-0.175257305016,90.675239563,0.506980650396,0.0924223424701,-0.133072833349,1.38211668988,0.372757331456,0.249271878031,0.0655776786821,92.2204208374
3.709987,-0.823747683094,-0.0993252560156,0.583296194593,0.464796178729,2.74160716315,-1.31270405923,-0.174106819425,90.675239563,0.506980650396,0.0916553520762,-0.132689338152,1.38173319469,0.373140826653,0.249271878031,0.0651941834851,92.2204208374
3.719986,-0.824131178291,-0.100859236803,0.582912699396,0.456742779593,2.73700522078,-1.32114095357,-0.174873809819,90.675239563,0.507364145593,0.0920388472731,-0.133839823743,1.38211668988,0.372757331456,0.248888382834,0.0655776786821,92.2204208374
3.729983,-0.826432149473,-0.102776712788,0.582529204199,0.447538894866,2.73201978322,-1.3299613431,-0.174490314622,90.675239563,0.50774764079,0.0908883616822,-0.133072833349,1.38250018508,0.372757331456,0.248888382834,0.0655776786821,92.2204208374
3.739983,-0.827582635064,-0.104310693576,0.583296194593,0.438335010138,2.72895182165,-1.33839823743,-0.175257305016,90.675239563,0.508131135987,0.0912718568792,-0.133072833349,1.38211668988,0.37352432185,0.249655373228,0.0648106882882,92.2204208374
3.749986,-0.829116615852,-0.106995159955,0.583296194593,0.428364135017,2.72358288889,-1.34760212216,-0.175257305016,90.675239563,0.50774764079,0.0920388472731,-0.133456328546,1.38288368028,0.37352432185,0.249655373228,0.0655776786821,92.2204208374
3.759986,-0.831034091837,-0.108145645546,0.582912699396,0.41916025029,2.71859745133,-1.3545050357,-0.174490314622,90.675239563,0.508131135987,0.0912718568792,-0.132689338152,1.38211668988,0.372373836259,0.249655373228,0.0651941834851,92.2204208374
3.769996,-0.831801082231,-0.10891263594,0.584063184987,0.411106851153,2.71284502338,-1.36332542523,-0.173723324228,90.675239563,0.508131135987,0.0912718568792,-0.133456328546,1.38250018508,0.373140826653,0.249655373228,0.0648106882882,92.2204208374
3.779990,-0.833718558216,-0.110063121531,0.584063184987,0.400752480835,2.70709259542,-1.36907785319,-0.173339829031,90.675239563,0.50774764079,0.0924223424701,-0.133456328546,1.38288368028,0.373140826653,0.249271878031,0.0655776786821,92.2204208374
3.789985,-0.835636034201,-0.112364092713,0.58367968979,0.391548596108,2.70018968188,-1.37636426193,-0.17218934344,90.675239563,0.507364145593,0.0920388472731,-0.132689338152,1.38211668988,0.373140826653,0.24812139244,0.066344669076,92.2204208374
3.799986,-0.836403024595,-0.113131083107,0.583296194593,0.381577720986,2.69443725392,-1.38365067067,-0.169888372258,90.675239563,0.50774764079,0.0912718568792,-0.133456328546,1.38288368028,0.373140826653,0.249271878031,0.0651941834851,92.2204208374
3.809985,-0.838703995776,-0.114281568697,0.583296194593,0.372757331456,2.68715084518,-1.39055358422,-0.16835439147,90.675239563,0.506980650396,0.0912718568792,-0.133456328546,1.38250018508,0.373140826653,0.249655373228,0.0655776786821,92.2204208374
3.820005,-0.840621471761,-0.115815549485,0.584446680184,0.362402961138,2.68063142683,-1.39783999296,-0.16835439147,90.675239563,0.506980650396,0.0912718568792,-0.133072833349,1.38211668988,0.373140826653,0.248888382834,0.0655776786821,92.2204208374
3.829996,-0.841388462155,-0.116582539879,0.585213670578,0.353966066805,2.67334501809,-1.40359242092,-0.168737886667,90.675239563,0.507364145593,0.0916553520762,-0.133072833349,1.38288368028,0.372757331456,0.250038868425,0.0655776786821,92.2204208374
3.839986,-0.843689433337,-0.11773302547,0.584830175381,0.343228201289,2.66605860934,-1.41087882966,-0.16835439147,90.675239563,0.506980650396,0.0924223424701,-0.132689338152,1.38211668988,0.373140826653,0.249655373228,0.0655776786821,92.2204208374
3.849999,-0.845606909322,-0.11773302547,0.585213670578,0.334407811759,2.6591556958,-1.41739824801,-0.16835439147,90.675239563,0.50774764079,0.0920388472731,-0.134606814137,1.38250018508,0.373140826653,0.250038868425,0.0655776786821,92.2204208374
3.859983,-0.846757394913,-0.119650501455,0.585597165775,0.325203927032,2.65225278225,-1.42468465675,-0.167970896273,90.675239563,0.508131135987,0.0924223424701,-0.133072833349,1.38288368028,0.373140826653,0.249271878031,0.0655776786821,92.2204208374
3.869985,-0.848674870898,-0.120800987046,0.585213670578,0.314466061517,2.64534986871,-1.43158757029,-0.167970896273,90.675239563,0.50774764079,0.0920388472731,-0.133072833349,1.38211668988,0.372757331456,0.249655373228,0.0659611738791,92.2204208374
3.879988,-0.850592346882,-0.120033996652,0.585597165775,0.304878681592,2.63959744075,-1.43810698864,-0.166820410683,90.675239563,0.50774764079,0.0916553520762,-0.133839823743,1.38288368028,0.373140826653,0.248888382834,0.0655776786821,92.2204208374
3.889984,-0.852893318064,-0.120800987046,0.586364156169,0.295291301668,2.634228508,-1.44462640699,-0.16720390588,90.675239563,0.507364145593,0.0916553520762,-0.133456328546,1.38173319469,0.372757331456,0.249655373228,0.0655776786821,92.2204208374
3.899990,-0.854427298852,-0.121184482243,0.586364156169,0.286087416941,2.62847608004,-1.45114582534,-0.166053420289,90.675239563,0.507364145593,0.0916553520762,-0.133072833349,1.38250018508,0.373140826653,0.249271878031,0.0651941834851,92.2204208374
3.909986,-0.857111765231,-0.121184482243,0.585980660972,0.275733046622,2.62502462327,-1.45804873889,-0.166436915486,90.675239563,0.508131135987,0.0920388472731,-0.133839823743,1.38211668988,0.37352432185,0.249271878031,0.066344669076,92.2204208374
3.920088,-0.859029241216,-0.120800987046,0.585980660972,0.266912657092,2.6211896713,-1.46571864282,-0.165669925092,90.675239563,0.50774764079,0.0912718568792,-0.133456328546,1.38250018508,0.373140826653,0.249655373228,0.0659611738791,92.2204208374
3.929988,-0.861713707595,-0.12156797744,0.586747651366,0.256941781971,2.61773821453,-1.47223806117,-0.164902934698,90.675239563,0.507364145593,0.0912718568792,-0.132305842955,1.38250018508,0.372373836259,0.249655373228,0.0651941834851,92.2204208374
3.939986,-0.863631183579,-0.12156797744,0.587898136957,0.246203916456,2.61351976736,-1.47990796511,-0.164519439501,90.675239563,0.507364145593,0.0912718568792,-0.133456328546,1.38288368028,0.373140826653,0.249655373228,0.0651941834851,92.2204208374
3.949984,-0.865932154761,-0.121951472637,0.58751464176,0.237767022122,2.6085343298,-1.48681087866,-0.163752449107,90.675239563,0.508131135987,0.0920388472731,-0.133072833349,1.38288368028,0.372757331456,0.248888382834,0.0655776786821,92.2204208374
3.959983,-0.867849630746,-0.121184482243,0.588665127351,0.228946632592,2.60393238744,-1.4937137922,-0.162601963516,90.675239563,0.507364145593,0.0908883616822,-0.133072833349,1.38211668988,0.37352432185,0.250038868425,0.066344669076,92.2204208374
3.969981,-0.870917592322,-0.122334967834,0.588281632154,0.219742747865,2.59933044507,-1.50138369614,-0.16336895391,90.675239563,0.50774764079,0.0916553520762,-0.133072833349,1.38250018508,0.37352432185,0.249271878031,0.0659611738791,92.2204208374
3.979985,-0.872068077913,-0.121184482243,0.588665127351,0.211305853531,2.5954954931,-1.50828660969,-0.162985458713,90.675239563,0.50774764079,0.0916553520762,-0.133072833349,1.38211668988,0.37352432185,0.249655373228,0.0651941834851,92.2204208374
3.989982,-0.873985553898,-0.120417491849,0.589815612942,0.201718473607,2.59089355074,-1.51672350402,-0.161834973122,90.675239563,0.50774764079,0.0916553520762,-0.133456328546,1.38250018508,0.373140826653,0.249271878031,0.0651941834851,92.2204208374
3.999984,-0.876670020277,-0.120800987046,0.589432117745,0.194432064864,2.58705859877,-1.52400991276,-0.162985458713,90.675239563,0.50774764079,0.0916553520762,-0.133072833349,1.38326717548,0.373140826653,0.249655373228,0.0659611738791,92.2204208374
4.009984,-0.878970991458,-0.120417491849,0.589048622548,0.18484468494,2.58475762759,-1.5324468071,-0.162985458713,90.675239563,0.508131135987,0.0920388472731,-0.133839823743,1.38250018508,0.373140826653,0.248888382834,0.0651941834851,92.2204208374
4.019985,-0.882038953034,-0.120417491849,0.590582603336,0.17602429541,2.58168966601,-1.53973321584,-0.162218468319,90.675239563,0.506980650396,0.0924223424701,-0.133072833349,1.38288368028,0.373140826653,0.249271878031,0.0655776786821,92.2204208374
4.029986,-0.884339924216,-0.12156797744,0.589815612942,0.166820410683,2.57862170444,-1.54663612939,-0.162985458713,90.675239563,0.508131135987,0.0912718568792,-0.133839823743,1.38288368028,0.37352432185,0.248888382834,0.0651941834851,92.2204208374
4.039984,-0.886640895398,-0.120800987046,0.589432117745,0.158767011546,2.57670422845,-1.55430603332,-0.162985458713,90.675239563,0.50774764079,0.0912718568792,-0.133839823743,1.38365067067,0.373140826653,0.248888382834,0.0655776786821,92.2204208374
4.049985,-0.890092352171,-0.120417491849,0.589048622548,0.149946622016,2.57401976207,-1.56082545167,-0.16336895391,90.675239563,0.508131135987,0.0924223424701,-0.133456328546,1.38250018508,0.37352432185,0.248888382834,0.0655776786821,92.2204208374
4.059985,-0.892393323352,-0.120800987046,0.589048622548,0.142276718076,2.57171879089,-1.56772836522,-0.16336895391,90.675239563,0.50774764079,0.0908883616822,-0.133456328546,1.38211668988,0.37352432185,0.250038868425,0.0651941834851,92.2204208374
4.069986,-0.895461284928,-0.120417491849,0.590199108139,0.13422331894,2.56941781971,-1.57501477396,-0.162985458713,90.675239563,0.50774764079,0.0916553520762,-0.132689338152,1.38250018508,0.372757331456,0.250038868425,0.0651941834851,92.2204208374
4.079986,-0.89776225611,-0.120417491849,0.589815612942,0.126169919804,2.56750034372,-1.57654875475,-0.164135944304,90.675239563,0.506980650396,0.0905048664852,-0.133839823743,1.38173319469,0.373140826653,0.249655373228,0.0659611738791,92.2204208374
4.089984,-0.90159720808,-0.120033996652,0.590199108139,0.12156797744,2.56558286774,-1.57539826916,-0.163752449107,90.675239563,0.50774764079,0.0912718568792,-0.13422331894,1.38288368028,0.371990341062,0.248888382834,0.0651941834851,92.2204208374
4.100009,-0.904281674458,-0.119650501455,0.590199108139,0.115432054288,2.56481587734,-1.57501477396,-0.164902934698,90.675239563,0.50774764079,0.0912718568792,-0.132689338152,1.38173319469,0.37352432185,0.249655373228,0.0655776786821,92.2204208374
4.110015,-0.908500121625,-0.119650501455,0.591733088927,0.108529140743,2.56404888695,-1.57539826916,-0.165286429895,90.675239563,0.506213660002,0.0916553520762,-0.133456328546,1.38211668988,0.372757331456,0.249271878031,0.0655776786821,92.2204208374
4.120033,-0.910801092807,-0.120033996652,0.591733088927,0.101626227197,2.56366539175,-1.57539826916,-0.166053420289,90.675239563,0.506980650396,0.0916553520762,-0.133456328546,1.38288368028,0.373140826653,0.248888382834,0.0659611738791,92.2204208374
4.130016,-0.913869054383,-0.119650501455,0.591733088927,0.0962572944398,2.56328189656,-1.57501477396,-0.165669925092,90.675239563,0.507364145593,0.0916553520762,-0.133072833349,1.38250018508,0.373140826653,0.248504887637,0.0655776786821,92.2204208374
4.140014,-0.917704006352,-0.120033996652,0.592116584124,0.0912718568792,2.56174791577,-1.57501477396,-0.166820410683,90.675239563,0.50774764079,0.0912718568792,-0.133456328546,1.38250018508,0.37352432185,0.249271878031,0.0659611738791,92.2204208374
4.150019,-0.921538958322,-0.121184482243,0.593267069715,0.0862864193186,2.56059743018,-1.57539826916,-0.16720390588,90.675239563,0.508131135987,0.0912718568792,-0.133072833349,1.38211668988,0.372757331456,0.250038868425,0.0659611738791,92.2204208374
4.160023,-0.924990415095,-0.121184482243,0.592500079321,0.0813009817579,2.55983043978,-1.57501477396,-0.166820410683,90.675239563,0.508514631184,0.0912718568792,-0.133072833349,1.38250018508,0.373140826653,0.248888382834,0.0651941834851,92.2204208374
4.170014,-0.929208862262,-0.120417491849,0.592500079321,0.0751650586064,2.55983043978,-1.57616525955,-0.166820410683,90.675239563,0.508131135987,0.0916553520762,-0.133072833349,1.38288368028,0.373140826653,0.248888382834,0.0655776786821,92.2204208374
4.180014,-0.932660319034,-0.120800987046,0.592116584124,0.0705631162427,2.55983043978,-1.57501477396,-0.167970896273,90.675239563,0.506980650396,0.0908883616822,-0.133456328546,1.38326717548,0.37352432185,0.248888382834,0.0655776786821,92.2204208374
4.190016,-0.936495271004,-0.120800987046,0.593267069715,0.0655776786821,2.55944694459,-1.57424778357,-0.167587401076,90.675239563,0.50774764079,0.0916553520762,-0.133072833349,1.38250018508,0.372757331456,0.248888382834,0.0659611738791,92.2204208374
4.200013,-0.941097213368,-0.121184482243,0.592883574518,0.0617427267124,2.55867995419,-1.57309729798,-0.168737886667,90.675239563,0.507364145593,0.0920388472731,-0.133456328546,1.38288368028,0.372757331456,0.250038868425,0.0651941834851,92.2204208374
4.210007,-0.944932165337,-0.12156797744,0.592116584124,0.0571407843487,2.55867995419,-1.57309729798,-0.168737886667,90.675239563,0.508131135987,0.0908883616822,-0.133072833349,1.38250018508,0.373140826653,0.249271878031,0.0659611738791,92.2204208374
4.220013,-0.948767117307,-0.120800987046,0.592500079321,0.0521553467881,2.55906344939,-1.57194681239,-0.171038857849,90.675239563,0.507364145593,0.0920388472731,-0.133456328546,1.38173319469,0.373140826653,0.248888382834,0.0648106882882,92.2204208374
4.230012,-0.951835078883,-0.121951472637,0.592883574518,0.0483203948184,2.55983043978,-1.57117982199,-0.17218934344,90.675239563,0.50774764079,0.0912718568792,-0.13422331894,1.38288368028,0.373140826653,0.249271878031,0.0651941834851,92.2204208374
4.239989,-0.95720401164,-0.121951472637,0.593650564912,0.0441019476517,2.56021393498,-1.5696458412,-0.173723324228,90.675239563,0.508131135987,0.0916553520762,-0.132689338152,1.38288368028,0.372757331456,0.249271878031,0.0655776786821,92.2204208374
4.249981,-0.96103896361,-0.121184482243,0.592116584124,0.0410339860759,2.55983043978,-1.56849535561,-0.17602429541,90.675239563,0.506980650396,0.0916553520762,-0.13422331894,1.38211668988,0.373140826653,0.249655373228,0.066344669076,92.2204208374
4.259982,-0.965257410777,-0.122334967834,0.592500079321,0.0379660245002,2.56059743018,-1.56849535561,-0.177941771395,90.675239563,0.506980650396,0.0912718568792,-0.133456328546,1.38288368028,0.373140826653,0.249655373228,0.0651941834851,92.2204208374
4.269986,-0.969859353141,-0.12156797744,0.593650564912,0.0329805869395,2.55983043978,-1.56849535561,-0.179475752183,90.675239563,0.506980650396,0.0908883616822,-0.133456328546,1.38173319469,0.372757331456,0.249655373228,0.0651941834851,92.2204208374
4.279986,-0.974077800307,-0.120800987046,0.594034060109,0.0299126253638,2.56136442057,-1.56887885081,-0.182160218561,90.675239563,0.506980650396,0.0916553520762,-0.133839823743,1.38326717548,0.37352432185,0.249655373228,0.0659611738791,92.2204208374
4.289982,-0.979063237868,-0.12156797744,0.592883574518,0.026461168591,2.56136442057,-1.56926234601,-0.184077694546,90.675239563,0.506980650396,0.0916553520762,-0.132689338152,1.38250018508,0.37352432185,0.248888382834,0.0648106882882,92.2204208374
4.299982,-0.983665180232,-0.120800987046,0.592500079321,0.0237767022122,2.56174791577,-1.5704128316,-0.184461189743,90.675239563,0.50774764079,0.0920388472731,-0.133839823743,1.38326717548,0.373140826653,0.248504887637,0.0655776786821,92.2204208374
4.309983,-0.987883627398,-0.120033996652,0.593267069715,0.0214757310304,2.56136442057,-1.57156331719,-0.184077694546,90.675239563,0.507364145593,0.0916553520762,-0.132689338152,1.38288368028,0.373140826653,0.248504887637,0.0651941834851,92.2204208374
4.320015,-0.992869064959,-0.121184482243,0.594034060109,0.0187912646516,2.56174791577,-1.57156331719,-0.184461189743,90.675239563,0.508131135987,0.0912718568792,-0.133456328546,1.38250018508,0.373140826653,0.249655373228,0.066344669076,92.2204208374
4.330028,-0.997471007322,-0.120033996652,0.593267069715,0.0164902934698,2.56251490616,-1.57348079317,-0.18484468494,90.675239563,0.50774764079,0.0912718568792,-0.133839823743,1.38250018508,0.372757331456,0.249271878031,0.0651941834851,92.2204208374
4.340008,-1.00245644488,-0.120800987046,0.593650564912,0.0141893222879,2.56328189656,-1.57463127876,-0.185611675334,90.675239563,0.506213660002,0.0912718568792,-0.133072833349,1.38288368028,0.37352432185,0.249655373228,0.0651941834851,92.2204208374
4.349997,-1.00705838725,-0.119267006258,0.594801050503,0.013038836697,2.56404888695,-1.57463127876,-0.186762160925,90.675239563,0.507364145593,0.0916553520762,-0.133456328546,1.38288368028,0.372757331456,0.250038868425,0.0659611738791,92.2204208374
4.359996,-1.01242732,-0.119650501455,0.594034060109,0.0122718463031,2.56481587734,-1.57501477396,-0.18867963691,90.675239563,0.507364145593,0.0912718568792,-0.133072833349,1.38250018508,0.373140826653,0.249271878031,0.0659611738791,92.2204208374
4.369990,-1.01741275757,-0.119650501455,0.594801050503,0.00997087512126,2.56519937254,-1.57424778357,-0.190213617698,90.675239563,0.50774764079,0.0920388472731,-0.133456328546,1.38326717548,0.372757331456,0.248888382834,0.0659611738791,92.2204208374
4.379992,-1.02239819513,-0.119267006258,0.594034060109,0.0107378655152,2.56519937254,-1.57539826916,-0.190597112895,90.675239563,0.50774764079,0.0924223424701,-0.133839823743,1.38211668988,0.373140826653,0.248504887637,0.0655776786821,92.2204208374
4.389990,-1.02815062308,-0.119650501455,0.5951845457,0.0103543703182,2.56596636294,-1.57501477396,-0.190980608092,90.675239563,0.507364145593,0.0912718568792,-0.133839823743,1.38250018508,0.373140826653,0.248888382834,0.0655776786821,92.2204208374
4.399986,-1.03313606064,-0.119650501455,0.594801050503,0.00997087512126,2.56596636294,-1.57463127876,-0.191364103289,90.675239563,0.50774764079,0.0912718568792,-0.133839823743,1.38288368028,0.372373836259,0.249271878031,0.0651941834851,92.2204208374
4.409982,-1.03927198379,-0.118883511061,0.595951536093,0.00958737992428,2.56596636294,-1.57463127876,-0.190213617698,90.675239563,0.507364145593,0.0916553520762,-0.133072833349,1.38211668988,0.37352432185,0.248504887637,0.0651941834851,92.2204208374
4.419982,-1.04425742135,-0.119267006258,0.59633503129,0.0103543703182,2.56596636294,-1.57348079317,-0.190980608092,90.675239563,0.507364145593,0.0916553520762,-0.133456328546,1.38250018508,0.372757331456,0.249271878031,0.0655776786821,92.2204208374
4.429991,-1.04885936372,-0.120033996652,0.595951536093,0.0103543703182,2.56634985813,-1.57348079317,-0.191364103289,90.675239563,0.506980650396,0.0920388472731,-0.133839823743,1.38288368028,0.37352432185,0.249655373228,0.0651941834851,92.2204208374
4.439984,-1.05384480128,-0.119650501455,0.59633503129,0.0107378655152,2.56673335333,-1.57233030758,-0.191364103289,90.675239563,0.506980650396,0.0905048664852,-0.133456328546,1.38326717548,0.373140826653,0.249271878031,0.0651941834851,92.2204208374
4.449989,-1.05883023884,-0.118883511061,0.597102021684,0.0111213607122,2.56634985813,-1.57194681239,-0.192131093683,90.675239563,0.506980650396,0.0912718568792,-0.132689338152,1.38250018508,0.37352432185,0.249271878031,0.0648106882882,92.2204208374
4.459989,-1.06573315238,-0.118500015864,0.598636002472,0.0122718463031,2.56673335333,-1.57156331719,-0.191364103289,90.675239563,0.508131135987,0.0916553520762,-0.133839823743,1.38326717548,0.373140826653,0.249655373228,0.0651941834851,92.2204208374
4.469991,-1.06956810435,-0.118883511061,0.599019497669,0.013038836697,2.56673335333,-1.56926234601,-0.191364103289,90.675239563,0.508131135987,0.0905048664852,-0.133072833349,1.38250018508,0.373140826653,0.248888382834,0.066344669076,92.2204208374
4.479994,-1.07532053231,-0.118883511061,0.600553478457,0.013805827091,2.56788383892,-1.56811186042,-0.191364103289,90.675239563,0.508514631184,0.0908883616822,-0.133839823743,1.38250018508,0.372757331456,0.249271878031,0.0659611738791,92.2204208374
4.489990,-1.08068946507,-0.118116520667,0.601320468851,0.0145728174849,2.56826733412,-1.56696137482,-0.190980608092,90.675239563,0.508131135987,0.0912718568792,-0.133839823743,1.38288368028,0.371990341062,0.249271878031,0.0659611738791,92.2204208374
4.499989,-1.08490791223,-0.118500015864,0.603237944836,0.0161067982728,2.56865082931,-1.56619438443,-0.191747598486,90.675239563,0.50774764079,0.0912718568792,-0.133839823743,1.38288368028,0.372757331456,0.249271878031,0.0651941834851,92.2204208374
4.509990,-1.09066034019,-0.118116520667,0.60400493523,0.0157233030758,2.56903432451,-1.56542739404,-0.191364103289,90.675239563,0.506980650396,0.0908883616822,-0.13422331894,1.38250018508,0.372757331456,0.248888382834,0.066344669076,92.2204208374
4.519990,-1.09526228255,-0.11773302547,0.605155420821,0.0168737886667,2.5705683053,-1.56389341325,-0.192131093683,90.675239563,0.50774764079,0.0908883616822,-0.133839823743,1.38250018508,0.373140826653,0.249655373228,0.0659611738791,92.2204208374
4.529989,-1.1017817009,-0.118116520667,0.605922411215,0.0184077694546,2.57248578128,-1.56389341325,-0.191364103289,90.675239563,0.50774764079,0.0908883616822,-0.133456328546,1.38250018508,0.372757331456,0.249271878031,0.0655776786821,92.2204208374
4.540000,-1.10753412885,-0.11773302547,0.6078398872,0.0199417502425,2.57401976207,-1.56389341325,-0.191364103289,90.675239563,0.507364145593,0.0912718568792,-0.133456328546,1.38250018508,0.373140826653,0.249271878031,0.0659611738791,92.2204208374
4.550008,-1.11175257602,-0.118116520667,0.609757363184,0.0214757310304,2.57632073325,-1.56159244207,-0.192898084077,90.675239563,0.506980650396,0.0908883616822,-0.13422331894,1.38288368028,0.373140826653,0.249655373228,0.0655776786821,92.2204208374
4.560010,-1.11673801358,-0.11773302547,0.611674839169,0.0226262166213,2.57938869483,-1.56159244207,-0.194815560061,90.675239563,0.50774764079,0.0916553520762,-0.133839823743,1.38134969949,0.372757331456,0.249271878031,0.0655776786821,92.2204208374
4.570003,-1.12095646075,-0.118500015864,0.613975810351,0.0233932070153,2.58130617081,-1.56005846128,-0.197883521637,90.675239563,0.507364145593,0.0912718568792,-0.133072833349,1.38211668988,0.373140826653,0.248888382834,0.0655776786821,92.2204208374
4.580007,-1.12594189831,-0.118116520667,0.614742800745,0.0249271878031,2.58552461798,-1.56044195648,-0.200567988016,90.675239563,0.506980650396,0.0916553520762,-0.133839823743,1.38288368028,0.373140826653,0.249271878031,0.0659611738791,92.2204208374
4.590008,-1.13131083107,-0.11773302547,0.617043771927,0.0256941781971,2.58935956995,-1.55814098529,-0.20133497841,90.675239563,0.50774764079,0.0920388472731,-0.133072833349,1.38250018508,0.372757331456,0.249271878031,0.0648106882882,92.2204208374
4.600013,-1.13591277343,-0.117349530273,0.618577752715,0.0276116541819,2.59281102672,-1.5569904997,-0.201718473607,90.675239563,0.508131135987,0.0920388472731,-0.13422331894,1.38211668988,0.37352432185,0.248888382834,0.0659611738791,92.2204208374
4.610004,-1.14166520138,-0.118116520667,0.620878723897,0.0295291301668,2.59664597869,-1.55660700451,-0.202101968804,90.675239563,0.507364145593,0.0912718568792,-0.133456328546,1.38250018508,0.373140826653,0.248504887637,0.0655776786821,92.2204208374
4.619995,-1.14550015335,-0.11773302547,0.622412704685,0.0302961205607,2.60048093066,-1.55545651892,-0.201718473607,90.675239563,0.508131135987,0.0924223424701,-0.133839823743,1.38288368028,0.373907817047,0.248888382834,0.0659611738791,92.2204208374
4.629989,-1.15048559091,-0.116582539879,0.623946685472,0.0322135965456,2.60469937783,-1.55584001411,-0.202868959198,90.675239563,0.50774764079,0.0908883616822,-0.133456328546,1.38288368028,0.373140826653,0.248504887637,0.0659611738791,92.2204208374
4.639983,-1.15547102847,-0.116966035076,0.624713675866,0.0337475773335,2.6085343298,-1.55430603332,-0.203252454395,90.675239563,0.506980650396,0.0916553520762,-0.133839823743,1.38211668988,0.373140826653,0.249271878031,0.0651941834851,92.2204208374
4.649984,-1.16007297084,-0.116966035076,0.625864161457,0.0364320437123,2.61236928177,-1.55392253813,-0.204402939986,90.675239563,0.506980650396,0.0920388472731,-0.133839823743,1.38250018508,0.372757331456,0.249271878031,0.0648106882882,92.2204208374
4.659985,-1.16429141801,-0.116582539879,0.627014647048,0.0383495196971,2.61697122413,-1.55200506214,-0.20516993038,90.675239563,0.506213660002,0.0916553520762,-0.133839823743,1.38250018508,0.372373836259,0.248888382834,0.0651941834851,92.2204208374
4.669995,-1.16889336037,-0.116582539879,0.62931561823,0.040266995682,2.62195666169,-1.55123807175,-0.207470901562,90.675239563,0.506213660002,0.0916553520762,-0.133456328546,1.38250018508,0.373140826653,0.249655373228,0.066344669076,92.2204208374
4.680032,-1.17426229313,-0.116582539879,0.62931561823,0.0421844716668,2.62694209925,-1.55047108136,-0.209771872743,90.675239563,0.507364145593,0.0912718568792,-0.133456328546,1.38250018508,0.373140826653,0.249271878031,0.0655776786821,92.2204208374
4.690034,-1.17924773069,-0.115815549485,0.630849599018,0.0444854428487,2.63116054642,-1.54893710057,-0.211305853531,90.675239563,0.506980650396,0.0916553520762,-0.133839823743,1.38288368028,0.37352432185,0.248504887637,0.0655776786821,92.2204208374
4.700010,-1.18346617785,-0.115432054288,0.630849599018,0.0467864140305,2.63537899359,-1.54855360537,-0.212839834319,90.675239563,0.507364145593,0.0924223424701,-0.13422331894,1.38288368028,0.37352432185,0.249271878031,0.0655776786821,92.2204208374
4.710008,-1.18768462502,-0.115048559091,0.630849599018,0.0494708804093,2.64036443115,-1.54701962458,-0.215140805501,90.675239563,0.507364145593,0.0920388472731,-0.133072833349,1.38288368028,0.373140826653,0.249271878031,0.0655776786821,92.2204208374
4.720009,-1.19228656738,-0.114665063894,0.632000084609,0.0521553467881,2.64381588792,-1.54586913899,-0.216674786289,90.675239563,0.507364145593,0.0912718568792,-0.133839823743,1.38250018508,0.372757331456,0.249271878031,0.0644271930912,92.2204208374
4.729992,-1.19727200494,-0.1138980735,0.632000084609,0.0548398131669,2.64918482068,-1.54548564379,-0.219359252668,90.675239563,0.506980650396,0.0920388472731,-0.133839823743,1.38288368028,0.37352432185,0.249655373228,0.0651941834851,92.2204208374
4.739987,-1.20072346172,-0.1138980735,0.632383579806,0.0575242795457,2.65301977265,-1.5447186534,-0.221276728652,90.675239563,0.506213660002,0.0916553520762,-0.133456328546,1.38250018508,0.373140826653,0.249271878031,0.0651941834851,92.2204208374
4.749991,-1.20609239447,-0.113131083107,0.6331505702,0.0613592315154,2.65608773422,-1.54356816781,-0.223961195031,90.675239563,0.50774764079,0.0916553520762,-0.132689338152,1.38326717548,0.373140826653,0.249655373228,0.0651941834851,92.2204208374
4.759994,-1.21031084164,-0.11274758791,0.632767075003,0.0636602026972,2.66030618139,-1.54203418702,-0.225878671016,90.675239563,0.50774764079,0.0916553520762,-0.133456328546,1.38250018508,0.373140826653,0.249271878031,0.0651941834851,92.2204208374
4.769985,-1.21491278401,-0.113131083107,0.632767075003,0.066728164273,2.66414113336,-1.54241768222,-0.22664566141,90.675239563,0.507364145593,0.0916553520762,-0.133456328546,1.38288368028,0.37352432185,0.249655373228,0.0655776786821,92.2204208374
4.779987,-1.21951472637,-0.111597102319,0.632767075003,0.0705631162427,2.66644210454,-1.54241768222,-0.228179642198,90.675239563,0.506980650396,0.0916553520762,-0.133456328546,1.38211668988,0.37352432185,0.248888382834,0.0659611738791,92.2204208374
4.789987,-1.22296618314,-0.111213607122,0.632767075003,0.0736310778185,2.66989356131,-1.54050020623,-0.227412651804,90.675239563,0.506980650396,0.0916553520762,-0.133072833349,1.38250018508,0.373140826653,0.249271878031,0.0651941834851,92.2204208374
4.799987,-1.22718463031,-0.110446616728,0.6331505702,0.0770825345912,2.6718110373,-1.54050020623,-0.227796147001,90.675239563,0.507364145593,0.0924223424701,-0.133839823743,1.38211668988,0.373140826653,0.249271878031,0.0651941834851,92.2204208374
4.809989,-1.23217006787,-0.110063121531,0.632767075003,0.080533991364,2.67449550368,-1.54011671104,-0.228946632592,90.675239563,0.50774764079,0.0916553520762,-0.133456328546,1.38250018508,0.37352432185,0.248504887637,0.0651941834851,92.2204208374
4.819986,-1.23600501984,-0.109296131137,0.633917560594,0.0847524385307,2.67526249407,-1.53973321584,-0.228563137395,90.675239563,0.506213660002,0.0912718568792,-0.133456328546,1.38134969949,0.373140826653,0.248888382834,0.0659611738791,92.2204208374
4.829986,-1.23907298141,-0.108529140743,0.632383579806,0.0893543808943,2.67679647486,-1.53973321584,-0.228946632592,90.675239563,0.507364145593,0.0912718568792,-0.133839823743,1.38250018508,0.373140826653,0.249271878031,0.0655776786821,92.2204208374
4.839985,-1.24405841898,-0.108145645546,0.633534065397,0.093189332864,2.67948094124,-1.53934972064,-0.229713622986,90.675239563,0.506980650396,0.0912718568792,-0.133839823743,1.38288368028,0.372373836259,0.249655373228,0.0655776786821,92.2204208374
4.849987,-1.24827686614,-0.107378655152,0.632000084609,0.0970242848338,2.68101492203,-1.53934972064,-0.230864108577,90.675239563,0.506980650396,0.0920388472731,-0.132689338152,1.38250018508,0.372373836259,0.248888382834,0.0651941834851,92.2204208374
4.860038,-1.25172832291,-0.106228169561,0.632767075003,0.101626227197,2.68254890281,-1.53973321584,-0.230864108577,90.675239563,0.506980650396,0.0920388472731,-0.133839823743,1.38288368028,0.372757331456,0.248888382834,0.0655776786821,92.2204208374
4.869994,-1.25479628449,-0.105844674364,0.632383579806,0.106611664758,2.684849874,-1.53934972064,-0.231247603774,90.675239563,0.507364145593,0.0916553520762,-0.133456328546,1.38250018508,0.373140826653,0.248888382834,0.0655776786821,92.2204208374
4.879987,-1.26054871244,-0.104310693576,0.632767075003,0.10891263594,2.68676734998,-1.53973321584,-0.231247603774,90.675239563,0.506980650396,0.0916553520762,-0.133456328546,1.38250018508,0.372757331456,0.248888382834,0.0651941834851,92.2204208374
4.889988,-1.26400016922,-0.102776712788,0.632767075003,0.113131083107,2.68906832116,-1.53934972064,-0.231631098971,90.675239563,0.506980650396,0.0908883616822,-0.133072833349,1.38211668988,0.373140826653,0.248888382834,0.0655776786821,92.2204208374
4.899987,-1.26783512119,-0.102776712788,0.632383579806,0.118500015864,2.69213628274,-1.54011671104,-0.231247603774,90.675239563,0.506980650396,0.0920388472731,-0.133839823743,1.38211668988,0.37352432185,0.249271878031,0.0655776786821,92.2204208374
4.909988,-1.27167007316,-0.102009722394,0.6331505702,0.122718463031,2.69482074912,-1.53934972064,-0.232014594168,90.675239563,0.506980650396,0.0912718568792,-0.133456328546,1.38250018508,0.373140826653,0.248888382834,0.0659611738791,92.2204208374
4.920004,-1.27512152993,-0.101242732,0.632383579806,0.127320405394,2.6967382251,-1.54011671104,-0.231631098971,90.675239563,0.507364145593,0.0916553520762,-0.133456328546,1.38250018508,0.37352432185,0.249271878031,0.0648106882882,92.2204208374
4.930006,-1.2793399771,-0.100475741606,0.632000084609,0.131538852561,2.69942269148,-1.53973321584,-0.231247603774,90.675239563,0.505446669608,0.0912718568792,-0.13422331894,1.38250018508,0.373140826653,0.249271878031,0.0655776786821,92.2204208374
4.940015,-1.28279143387,-0.0993252560156,0.632383579806,0.136524290122,2.70249065306,-1.53973321584,-0.231247603774,90.675239563,0.507364145593,0.0912718568792,-0.133456328546,1.38250018508,0.372757331456,0.248888382834,0.066344669076,92.2204208374
4.950012,-1.28739337623,-0.0981747704247,0.632383579806,0.139975746895,2.70555861463,-1.53858273025,-0.230864108577,90.675239563,0.506980650396,0.0916553520762,-0.133839823743,1.38211668988,0.373140826653,0.249271878031,0.0655776786821,92.2204208374
4.959997,-1.29046133781,-0.0970242848338,0.632383579806,0.144194194061,2.70785958581,-1.53934972064,-0.231247603774,90.675239563,0.507364145593,0.0916553520762,-0.132689338152,1.38250018508,0.373140826653,0.248888382834,0.0651941834851,92.2204208374
4.969988,-1.29506328017,-0.0958737992428,0.632000084609,0.148796136425,2.7097770618,-1.53973321584,-0.231247603774,90.675239563,0.50774764079,0.0920388472731,-0.133072833349,1.38288368028,0.37352432185,0.249271878031,0.0659611738791,92.2204208374
4.979988,-1.29774774655,-0.094339818455,0.632767075003,0.153398078789,2.71207803298,-1.53973321584,-0.230864108577,90.675239563,0.507364145593,0.0916553520762,-0.13422331894,1.38250018508,0.372373836259,0.249271878031,0.0655776786821,92.2204208374
4.989979,-1.30158269852,-0.0951068088489,0.633917560594,0.158767011546,2.71246152818,-1.53934972064,-0.229713622986,90.675239563,0.507364145593,0.0920388472731,-0.133072833349,1.38250018508,0.372757331456,0.249271878031,0.0659611738791,92.2204208374
4.999984,-1.30503415529,-0.093572828061,0.633917560594,0.16336895391,2.71361201377,-1.53973321584,-0.230097118183,90.675239563,0.506980650396,0.0916553520762,-0.133839823743,1.38211668988,0.372373836259,0.248888382834,0.0655776786821,92.2204208374
5.009982,-1.30848561207,-0.093189332864,0.633917560594,0.16835439147,2.71514599456,-1.53973321584,-0.230864108577,90.675239563,0.507364145593,0.0916553520762,-0.133456328546,1.38211668988,0.373140826653,0.248888382834,0.0659611738791,92.2204208374
5.019989,-1.31232056404,-0.0924223424701,0.634684550988,0.17218934344,2.71667997535,-1.54011671104,-0.23048061338,90.675239563,0.506980650396,0.0916553520762,-0.13422331894,1.38173319469,0.37352432185,0.248888382834,0.0655776786821,92.2204208374
5.029992,-1.31500503041,-0.0920388472731,0.634684550988,0.17602429541,2.71744696574,-1.53973321584,-0.230864108577,90.675239563,0.506980650396,0.0908883616822,-0.13422331894,1.38250018508,0.372373836259,0.249655373228,0.0655776786821,92.2204208374
5.039985,-1.31845648719,-0.0912718568792,0.635451541382,0.180626237774,2.71974793692,-1.54011671104,-0.230864108577,90.675239563,0.507364145593,0.0908883616822,-0.133839823743,1.38288368028,0.372757331456,0.249655373228,0.0648106882882,92.2204208374
5.049984,-1.32152444876,-0.0901213712883,0.636218531775,0.18484468494,2.72166541291,-1.53973321584,-0.23048061338,90.675239563,0.506213660002,0.0916553520762,-0.133456328546,1.38211668988,0.37352432185,0.249271878031,0.0655776786821,92.2204208374
5.060007,-1.32459241034,-0.0885873905004,0.636218531775,0.189063132107,2.72396638409,-1.54088370143,-0.230864108577,90.675239563,0.50774764079,0.0916553520762,-0.13422331894,1.38250018508,0.373140826653,0.250038868425,0.0659611738791,92.2204208374
5.069991,-1.32804386711,-0.0889708856974,0.636218531775,0.193281579274,2.72550036488,-1.54050020623,-0.231631098971,90.675239563,0.506980650396,0.0912718568792,-0.133072833349,1.38288368028,0.374291312244,0.249271878031,0.0651941834851,92.2204208374
5.080060,-1.33072833349,-0.0882038953034,0.637369017366,0.196733036046,2.72741784086,-1.53973321584,-0.231247603774,90.675239563,0.506980650396,0.0912718568792,-0.133456328546,1.38134969949,0.373140826653,0.248888382834,0.066344669076,92.2204208374
5.089995,-1.33341279987,-0.0874369049095,0.63813600776,0.200567988016,2.72933531685,-1.53973321584,-0.231247603774,90.675239563,0.506213660002,0.0920388472731,-0.133456328546,1.38211668988,0.373140826653,0.249271878031,0.0651941834851,92.2204208374
5.099984,-1.33456328546,-0.0878204001064,0.637369017366,0.204402939986,2.73125279283,-1.54011671104,-0.232398089365,90.675239563,0.506213660002,0.0912718568792,-0.133456328546,1.38250018508,0.37352432185,0.249271878031,0.0648106882882,92.2204208374
5.109984,-1.33801474223,-0.0866699145155,0.639669988548,0.207470901562,2.73317026881,-1.54050020623,-0.232398089365,90.675239563,0.50774764079,0.0912718568792,-0.13422331894,1.38211668988,0.373140826653,0.249655373228,0.0655776786821,92.2204208374
5.119989,-1.34108270381,-0.0855194289246,0.639286493351,0.210538863137,2.7347042496,-1.54050020623,-0.233165079759,90.675239563,0.506980650396,0.0924223424701,-0.133456328546,1.38211668988,0.37352432185,0.248888382834,0.0655776786821,92.2204208374
5.130062,-1.3422331894,-0.0859029241216,0.640820474139,0.214757310304,2.73623823039,-1.53973321584,-0.234699060546,90.675239563,0.506980650396,0.0916553520762,-0.133839823743,1.38288368028,0.372757331456,0.249655373228,0.0651941834851,92.2204208374
5.139992,-1.34530115098,-0.0862864193186,0.641587464533,0.216291291092,2.73853920157,-1.54011671104,-0.237383526925,90.675239563,0.506213660002,0.0924223424701,-0.133456328546,1.38288368028,0.372757331456,0.249655373228,0.0651941834851,92.2204208374
5.149990,-1.34606814137,-0.0847524385307,0.64197095973,0.220126243062,2.73930619197,-1.54011671104,-0.239684498107,90.675239563,0.506980650396,0.0912718568792,-0.133456328546,1.38250018508,0.373140826653,0.249271878031,0.0655776786821,92.2204208374
5.159986,-1.34875260775,-0.0847524385307,0.642737950124,0.223194204637,2.74045667756,-1.53973321584,-0.240451488501,90.675239563,0.506213660002,0.0912718568792,-0.133456328546,1.38173319469,0.372757331456,0.248888382834,0.0655776786821,92.2204208374
5.169986,-1.35067008373,-0.0843689433337,0.643121445321,0.225878671016,2.74237415354,-1.53973321584,-0.240451488501,90.675239563,0.505830164805,0.0916553520762,-0.133839823743,1.38288368028,0.372373836259,0.248888382834,0.0655776786821,92.2204208374
5.179985,-1.35335455011,-0.0839854481367,0.643888435715,0.228563137395,2.74314114394,-1.53934972064,-0.240834983698,90.675239563,0.507364145593,0.0920388472731,-0.133839823743,1.38250018508,0.373140826653,0.249655373228,0.0655776786821,92.2204208374
5.189986,-1.3552720261,-0.0843689433337,0.644655426109,0.230864108577,2.74429162953,-1.53934972064,-0.241601974092,90.675239563,0.507364145593,0.0920388472731,-0.133456328546,1.38288368028,0.373140826653,0.249655373228,0.0659611738791,92.2204208374
5.199989,-1.35642251169,-0.0839854481367,0.6458059117,0.233165079759,2.74390813433,-1.53858273025,-0.241601974092,90.675239563,0.507364145593,0.0912718568792,-0.133456328546,1.38288368028,0.373140826653,0.249271878031,0.0648106882882,92.2204208374
5.209988,-1.35795649248,-0.0839854481367,0.6458059117,0.23546605094,2.74390813433,-1.53934972064,-0.241601974092,90.675239563,0.506980650396,0.0912718568792,-0.133456328546,1.38288368028,0.372757331456,0.249271878031,0.0659611738791,92.2204208374
5.219986,-1.35949047326,-0.0836019529398,0.648490378079,0.237383526925,2.74352463913,-1.53781573986,-0.241985469289,90.675239563,0.506980650396,0.0920388472731,-0.133839823743,1.38250018508,0.372757331456,0.249271878031,0.0655776786821,92.2204208374
5.229988,-1.36025746366,-0.0836019529398,0.648873873276,0.238917507713,2.74352463913,-1.53896622545,-0.241985469289,90.675239563,0.506213660002,0.0916553520762,-0.133456328546,1.38288368028,0.372757331456,0.249271878031,0.0655776786821,92.2204208374
5.239987,-1.36102445405,-0.0832184577428,0.648873873276,0.240834983698,2.74275764874,-1.53896622545,-0.242752459683,90.675239563,0.506213660002,0.0916553520762,-0.133839823743,1.38250018508,0.373907817047,0.248888382834,0.0655776786821,92.2204208374
5.249986,-1.36217493964,-0.0839854481367,0.650407854063,0.242368964486,2.74237415354,-1.53896622545,-0.24313595488,90.675239563,0.505830164805,0.0912718568792,-0.133456328546,1.38211668988,0.373140826653,0.248888382834,0.0655776786821,92.2204208374
5.259986,-1.36332542523,-0.0839854481367,0.650024358866,0.24313595488,2.74160716315,-1.53858273025,-0.243902945274,90.675239563,0.506213660002,0.0924223424701,-0.133456328546,1.38326717548,0.372757331456,0.248888382834,0.0659611738791,92.2204208374
5.269985,-1.36294193004,-0.0843689433337,0.65079134926,0.244669935668,2.74122366795,-1.53973321584,-0.244669935668,90.675239563,0.506213660002,0.0916553520762,-0.13422331894,1.38173319469,0.372757331456,0.248888382834,0.0659611738791,92.2204208374
5.279986,-1.36409241563,-0.0839854481367,0.651558339654,0.244669935668,2.74122366795,-1.53973321584,-0.244286440471,90.675239563,0.506980650396,0.0920388472731,-0.133839823743,1.38211668988,0.37352432185,0.249271878031,0.0655776786821,92.2204208374
5.289987,-1.36485940602,-0.0847524385307,0.651174844457,0.246203916456,2.74084017275,-1.53973321584,-0.245053430865,90.675239563,0.506980650396,0.0916553520762,-0.133072833349,1.38288368028,0.372757331456,0.249271878031,0.0655776786821,92.2204208374
5.299988,-1.36524290122,-0.0847524385307,0.652708825245,0.246203916456,2.74045667756,-1.53858273025,-0.246587411653,90.675239563,0.507364145593,0.0912718568792,-0.132689338152,1.38134969949,0.37352432185,0.248888382834,0.0648106882882,92.2204208374
5.309987,-1.36524290122,-0.0847524385307,0.651941834851,0.246587411653,2.74007318236,-1.53934972064,-0.244669935668,90.675239563,0.507364145593,0.0912718568792,-0.133839823743,1.38250018508,0.372373836259,0.249271878031,0.0655776786821,92.2204208374
5.320006,-1.36600989161,-0.0847524385307,0.652708825245,0.246203916456,2.73930619197,-1.53934972064,-0.245436926062,90.675239563,0.505830164805,0.0912718568792,-0.133456328546,1.38250018508,0.373140826653,0.249271878031,0.0655776786821,92.2204208374
5.329988,-1.36562639641,-0.0855194289246,0.652325330048,0.24697090685,2.73777221118,-1.53973321584,-0.244669935668,90.675239563,0.506213660002,0.0916553520762,-0.133072833349,1.38365067067,0.373907817047,0.249655373228,0.0659611738791,92.2204208374
5.339989,-1.36562639641,-0.0851359337276,0.652708825245,0.24697090685,2.73815570638,-1.53973321584,-0.245436926062,90.675239563,0.505830164805,0.0920388472731,-0.133839823743,1.38250018508,0.373140826653,0.249271878031,0.0651941834851,92.2204208374
5.349988,-1.36600989161,-0.0843689433337,0.653092320442,0.246203916456,2.73815570638,-1.53934972064,-0.245436926062,90.675239563,0.50774764079,0.0920388472731,-0.132689338152,1.38288368028,0.372757331456,0.248888382834,0.0659611738791,92.2204208374
5.359986,-1.36562639641,-0.0855194289246,0.653092320442,0.245820421259,2.73853920157,-1.53858273025,-0.245053430865,90.675239563,0.505830164805,0.0916553520762,-0.133839823743,1.38250018508,0.373140826653,0.249655373228,0.0655776786821,92.2204208374
5.369986,-1.36524290122,-0.0855194289246,0.653859310836,0.247354402047,2.73662172559,-1.53819923505,-0.245053430865,90.675239563,0.506213660002,0.0920388472731,-0.134606814137,1.38288368028,0.372373836259,0.249271878031,0.0659611738791,92.2204208374
5.379986,-1.36524290122,-0.0859029241216,0.652325330048,0.245820421259,2.73662172559,-1.53819923505,-0.245436926062,90.675239563,0.506213660002,0.0916553520762,-0.133072833349,1.38250018508,0.372373836259,0.249655373228,0.0655776786821,92.2204208374
5.389986,-1.36485940602,-0.0855194289246,0.652325330048,0.245436926062,2.73700522078,-1.53819923505,-0.245436926062,90.675239563,0.506213660002,0.0912718568792,-0.133456328546,1.38288368028,0.373907817047,0.249271878031,0.0648106882882,92.2204208374
5.399986,-1.36485940602,-0.0855194289246,0.652708825245,0.245820421259,2.73700522078,-1.53781573986,-0.245436926062,90.675239563,0.506980650396,0.0912718568792,-0.133456328546,1.38288368028,0.372373836259,0.248504887637,0.066344669076,92.2204208374
5.409986,-1.36409241563,-0.0866699145155,0.652708825245,0.244669935668,2.73700522078,-1.53781573986,-0.245053430865,90.675239563,0.506980650396,0.0920388472731,-0.133456328546,1.38288368028,0.373140826653,0.249655373228,0.0648106882882,92.2204208374
5.419988,-1.36255843484,-0.0862864193186,0.651941834851,0.246203916456,2.73700522078,-1.53819923505,-0.245436926062,90.675239563,0.506980650396,0.0912718568792,-0.133456328546,1.38326717548,0.373140826653,0.249655373228,0.0655776786821,92.2204208374
5.429985,-1.36332542523,-0.0866699145155,0.651941834851,0.245436926062,2.73662172559,-1.53743224466,-0.245820421259,90.675239563,0.506980650396,0.0916553520762,-0.133839823743,1.38211668988,0.373140826653,0.248888382834,0.0655776786821,92.2204208374
5.439983,-1.36332542523,-0.0874369049095,0.651941834851,0.246203916456,2.73738871598,-1.53666525426,-0.245820421259,90.675239563,0.507364145593,0.0924223424701,-0.133072833349,1.38211668988,0.37352432185,0.249271878031,0.0651941834851,92.2204208374
5.449985,-1.36255843484,-0.0885873905004,0.652325330048,0.245436926062,2.73700522078,-1.53704874946,-0.245053430865,90.675239563,0.505830164805,0.0916553520762,-0.133839823743,1.38250018508,0.372757331456,0.248888382834,0.0651941834851,92.2204208374
5.459984,-1.36332542523,-0.0885873905004,0.651941834851,0.245436926062,2.73662172559,-1.53589826387,-0.245820421259,90.675239563,0.506980650396,0.0912718568792,-0.133072833349,1.38173319469,0.372757331456,0.248888382834,0.066728164273,92.2204208374
5.469986,-1.36332542523,-0.0889708856974,0.651941834851,0.245436926062,2.73623823039,-1.53666525426,-0.245436926062,90.675239563,0.506980650396,0.0916553520762,-0.133072833349,1.38250018508,0.373140826653,0.249655373228,0.0659611738791,92.2204208374
5.479988,-1.36217493964,-0.0889708856974,0.652325330048,0.245053430865,2.73623823039,-1.53628175907,-0.246203916456,90.675239563,0.506213660002,0.0920388472731,-0.13422331894,1.38288368028,0.373140826653,0.248888382834,0.0655776786821,92.2204208374
5.489985,-1.36179144445,-0.0897378760913,0.652708825245,0.245820421259,2.73585473519,-1.53666525426,-0.245820421259,90.675239563,0.505830164805,0.0916553520762,-0.13422331894,1.38288368028,0.372373836259,0.249271878031,0.0655776786821,92.2204208374
5.499999,-1.36140794925,-0.0901213712883,0.652325330048,0.245436926062,2.73662172559,-1.53628175907,-0.246587411653,90.675239563,0.505830164805,0.0912718568792,-0.133839823743,1.38288368028,0.373140826653,0.248888382834,0.0659611738791,92.2204208374
5.509986,-1.36064095885,-0.0905048664852,0.652325330048,0.245436926062,2.73662172559,-1.53628175907,-0.246203916456,90.675239563,0.506980650396,0.0924223424701,-0.133839823743,1.38288368028,0.372757331456,0.249655373228,0.0655776786821,92.2204208374
5.519992,-1.36025746366,-0.0920388472731,0.652325330048,0.246203916456,2.73623823039,-1.53628175907,-0.248504887637,90.675239563,0.506980650396,0.0912718568792,-0.13422331894,1.38288368028,0.373140826653,0.249655373228,0.0651941834851,92.2204208374
5.529991,-1.36064095885,-0.0916553520762,0.652325330048,0.245436926062,2.73623823039,-1.53589826387,-0.250038868425,90.675239563,0.506213660002,0.0912718568792,-0.133072833349,1.38250018508,0.372757331456,0.249655373228,0.0659611738791,92.2204208374
5.539989,-1.36025746366,-0.0920388472731,0.653092320442,0.245053430865,2.73623823039,-1.53628175907,-0.25195634441,90.675239563,0.50774764079,0.0912718568792,-0.133456328546,1.38288368028,0.372373836259,0.248888382834,0.0659611738791,92.2204208374
5.549989,-1.35987396846,-0.0928058376671,0.651941834851,0.245436926062,2.73662172559,-1.53628175907,-0.254640810789,90.675239563,0.506980650396,0.0920388472731,-0.134606814137,1.38326717548,0.372757331456,0.248888382834,0.0651941834851,92.2204208374
5.559988,-1.35949047326,-0.093956323258,0.652325330048,0.245436926062,2.73623823039,-1.53666525426,-0.256558286774,90.675239563,0.506213660002,0.0912718568792,-0.13422331894,1.38250018508,0.373140826653,0.248504887637,0.0655776786821,92.2204208374
5.569989,-1.35872348287,-0.094339818455,0.652325330048,0.246203916456,2.73662172559,-1.53666525426,-0.257708772365,90.675239563,0.507364145593,0.0916553520762,-0.133456328546,1.38288368028,0.37352432185,0.249655373228,0.0655776786821,92.2204208374
5.580011,-1.35833998767,-0.093956323258,0.652708825245,0.245436926062,2.73700522078,-1.53743224466,-0.260393238744,90.675239563,0.507364145593,0.0924223424701,-0.13422331894,1.38173319469,0.372757331456,0.249655373228,0.0655776786821,92.2204208374
5.589986,-1.35795649248,-0.0947233136519,0.652325330048,0.246203916456,2.73738871598,-1.53704874946,-0.261927219531,90.675239563,0.506980650396,0.0912718568792,-0.133456328546,1.38250018508,0.372373836259,0.249271878031,0.0659611738791,92.2204208374
5.599986,-1.35642251169,-0.0962572944398,0.652325330048,0.245053430865,2.73700522078,-1.53781573986,-0.264995181107,90.675239563,0.50774764079,0.0924223424701,-0.133456328546,1.38326717548,0.373140826653,0.248504887637,0.0655776786821,92.2204208374
5.609983,-1.35642251169,-0.0970242848338,0.652708825245,0.245820421259,2.73738871598,-1.53743224466,-0.266145666698,90.675239563,0.505830164805,0.0916553520762,-0.133839823743,1.38211668988,0.37352432185,0.248888382834,0.0655776786821,92.2204208374
5.619988,-1.3552720261,-0.0981747704247,0.652708825245,0.245820421259,2.73700522078,-1.53858273025,-0.268063142683,90.675239563,0.506980650396,0.0912718568792,-0.13422331894,1.38288368028,0.373140826653,0.249271878031,0.0655776786821,92.2204208374
5.630012,-1.3548885309,-0.0985582656216,0.653092320442,0.245820421259,2.73815570638,-1.53819923505,-0.269980618668,90.675239563,0.506213660002,0.0920388472731,-0.133072833349,1.38250018508,0.372757331456,0.248888382834,0.0659611738791,92.2204208374
5.640019,-1.35297105491,-0.10009224641,0.652708825245,0.246203916456,2.73738871598,-1.53896622545,-0.271514599456,90.675239563,0.506980650396,0.0912718568792,-0.13422331894,1.38288368028,0.373140826653,0.249655373228,0.0655776786821,92.2204208374
5.650035,-1.35335455011,-0.101626227197,0.653092320442,0.246587411653,2.73815570638,-1.53934972064,-0.272665085047,90.675239563,0.505830164805,0.0912718568792,-0.133456328546,1.38250018508,0.373907817047,0.249271878031,0.066344669076,92.2204208374
5.660023,-1.35143707413,-0.102393217591,0.653859310836,0.245820421259,2.73777221118,-1.53934972064,-0.275349551425,90.675239563,0.505830164805,0.0924223424701,-0.133456328546,1.38250018508,0.373140826653,0.248888382834,0.0659611738791,92.2204208374
5.670016,-1.35220406452,-0.103927198379,0.654242806033,0.245820421259,2.73777221118,-1.54050020623,-0.276500037016,90.675239563,0.506213660002,0.0908883616822,-0.133456328546,1.38211668988,0.373140826653,0.248504887637,0.066344669076,92.2204208374
5.680067,-1.35105357893,-0.104694188773,0.654242806033,0.245436926062,2.73777221118,-1.54165069182,-0.278417513001,90.675239563,0.506213660002,0.0920388472731,-0.133456328546,1.38211668988,0.372757331456,0.248504887637,0.0659611738791,92.2204208374
5.690059,-1.34913610295,-0.106228169561,0.653859310836,0.245820421259,2.73930619197,-1.54241768222,-0.280334988986,90.675239563,0.505830164805,0.0920388472731,-0.133456328546,1.38288368028,0.372757331456,0.248888382834,0.0651941834851,92.2204208374
5.700005,-1.34913610295,-0.108145645546,0.655009796427,0.245436926062,2.74007318236,-1.5443351582,-0.283402950562,90.675239563,0.507364145593,0.0916553520762,-0.133839823743,1.38250018508,0.372757331456,0.249271878031,0.0659611738791,92.2204208374
5.709996,-1.34798561735,-0.110446616728,0.655009796427,0.245820421259,2.74199065835,-1.5451021486,-0.285703921744,90.675239563,0.506980650396,0.0920388472731,-0.133839823743,1.38288368028,0.37352432185,0.249271878031,0.0655776786821,92.2204208374
5.720073,-1.34683513176,-0.112364092713,0.655776786821,0.244669935668,2.74275764874,-1.54663612939,-0.287621397729,90.675239563,0.506213660002,0.0916553520762,-0.133456328546,1.38211668988,0.37352432185,0.249271878031,0.0659611738791,92.2204208374
5.730005,-1.34453416058,-0.114281568697,0.656543777215,0.245820421259,2.74429162953,-1.54855360537,-0.28992236891,90.675239563,0.506213660002,0.0920388472731,-0.133839823743,1.38211668988,0.372757331456,0.249655373228,0.0655776786821,92.2204208374
5.740003,-1.34453416058,-0.115815549485,0.657310767609,0.245820421259,2.74659260071,-1.54970409096,-0.291839844895,90.675239563,0.507364145593,0.0920388472731,-0.133839823743,1.38326717548,0.373140826653,0.248888382834,0.0659611738791,92.2204208374
5.750007,-1.3426166846,-0.118500015864,0.658077758003,0.246203916456,2.7477430863,-1.55123807175,-0.292606835289,90.675239563,0.506980650396,0.0908883616822,-0.133839823743,1.38250018508,0.372373836259,0.248888382834,0.0655776786821,92.2204208374
5.760061,-1.3418496942,-0.120417491849,0.659611738791,0.246203916456,2.74889357189,-1.55315554773,-0.295291301668,90.675239563,0.508131135987,0.0916553520762,-0.13422331894,1.38250018508,0.373140826653,0.249271878031,0.066344669076,92.2204208374
5.770082,-1.34146619901,-0.123485453425,0.660378729185,0.246203916456,2.74966056228,-1.55545651892,-0.29759227285,90.675239563,0.507364145593,0.0916553520762,-0.133839823743,1.38288368028,0.37352432185,0.249271878031,0.0659611738791,92.2204208374
5.780083,-1.33993221822,-0.125786424607,0.661145719579,0.246203916456,2.75004405748,-1.5569904997,-0.299126253638,90.675239563,0.50774764079,0.0916553520762,-0.133839823743,1.38211668988,0.373140826653,0.249271878031,0.0651941834851,92.2204208374
5.790078,-1.33878173263,-0.128854386182,0.66229620517,0.245820421259,2.75042755268,-1.55814098529,-0.30257771041,90.675239563,0.506980650396,0.0916553520762,-0.133456328546,1.38326717548,0.373140826653,0.249271878031,0.0655776786821,92.2204208374
5.800081,-1.33609726625,-0.131538852561,0.664597176351,0.246203916456,2.75042755268,-1.55967496608,-0.304111691198,90.675239563,0.506213660002,0.0916553520762,-0.133839823743,1.38211668988,0.37352432185,0.248888382834,0.0659611738791,92.2204208374
5.810062,-1.33417979026,-0.135373804531,0.665747661942,0.246203916456,2.74966056228,-1.56044195648,-0.307946643168,90.675239563,0.507364145593,0.0924223424701,-0.134606814137,1.38288368028,0.372757331456,0.248504887637,0.066344669076,92.2204208374
5.820056,-1.33302930467,-0.136907785319,0.666898147533,0.245820421259,2.74966056228,-1.56197593726,-0.311014604744,90.675239563,0.506213660002,0.0912718568792,-0.133072833349,1.38211668988,0.372757331456,0.249271878031,0.0651941834851,92.2204208374
5.830059,-1.33149532388,-0.141509727682,0.668048633124,0.245820421259,2.75004405748,-1.56312642286,-0.31408256632,90.675239563,0.506213660002,0.0912718568792,-0.133839823743,1.38288368028,0.373140826653,0.249655373228,0.0648106882882,92.2204208374
5.840051,-1.32881085751,-0.144577689258,0.669966109109,0.245436926062,2.74966056228,-1.56466040364,-0.317917518289,90.675239563,0.507364145593,0.0920388472731,-0.133456328546,1.38250018508,0.372757331456,0.249271878031,0.0655776786821,92.2204208374
5.850041,-1.32766037191,-0.147645650834,0.671500089897,0.245053430865,2.75042755268,-1.56504389884,-0.320985479865,90.675239563,0.507364145593,0.0924223424701,-0.133839823743,1.38211668988,0.373140826653,0.249271878031,0.0655776786821,92.2204208374
5.860012,-1.32459241034,-0.15071361241,0.673034070685,0.245436926062,2.74927706709,-1.56772836522,-0.324436936638,90.675239563,0.506980650396,0.0916553520762,-0.133839823743,1.38250018508,0.37352432185,0.248888382834,0.0651941834851,92.2204208374
5.870004,-1.32344192475,-0.154548564379,0.675718537064,0.245436926062,2.74966056228,-1.56887885081,-0.328655383804,90.675239563,0.506213660002,0.0920388472731,-0.13422331894,1.38250018508,0.371990341062,0.249271878031,0.0659611738791,92.2204208374
5.880004,-1.32037396317,-0.157616525955,0.676869022654,0.245053430865,2.74966056228,-1.57079632679,-0.33172334538,90.675239563,0.506980650396,0.0920388472731,-0.133839823743,1.38250018508,0.373907817047,0.249655373228,0.0651941834851,92.2204208374
5.890000,-1.31922347758,-0.161834973122,0.679553489033,0.245053430865,2.75042755268,-1.57194681239,-0.335941792547,90.675239563,0.506980650396,0.0908883616822,-0.133839823743,1.38250018508,0.373140826653,0.249655373228,0.0651941834851,92.2204208374
5.899983,-1.3173060016,-0.164519439501,0.681470965018,0.245436926062,2.75004405748,-1.57271380278,-0.338242763729,90.675239563,0.506980650396,0.0916553520762,-0.133456328546,1.38173319469,0.373140826653,0.249271878031,0.0659611738791,92.2204208374
5.910075,-1.31615551601,-0.168737886667,0.682621450609,0.245820421259,2.75004405748,-1.57386428837,-0.340543734911,90.675239563,0.507364145593,0.0920388472731,-0.133456328546,1.38250018508,0.372373836259,0.249271878031,0.0651941834851,92.2204208374
5.920041,-1.31347104963,-0.172572838637,0.685305916988,0.245820421259,2.75042755268,-1.57539826916,-0.34437868688,90.675239563,0.506980650396,0.0916553520762,-0.133839823743,1.38250018508,0.372757331456,0.249655373228,0.0659611738791,92.2204208374
5.929984,-1.31078658325,-0.176407790607,0.68760688817,0.24697090685,2.75081104788,-1.57463127876,-0.346679658062,90.675239563,0.506980650396,0.0908883616822,-0.133839823743,1.38288368028,0.372757331456,0.249655373228,0.0655776786821,92.2204208374
5.939985,-1.30886910726,-0.17985924738,0.689140868958,0.247354402047,2.75042755268,-1.57501477396,-0.347063153259,90.675239563,0.506980650396,0.0916553520762,-0.133456328546,1.38250018508,0.373140826653,0.248888382834,0.0651941834851,92.2204208374
5.950008,-1.30656813608,-0.18484468494,0.692208830533,0.246587411653,2.75042755268,-1.57539826916,-0.350131114835,90.675239563,0.506980650396,0.0920388472731,-0.132689338152,1.38211668988,0.372757331456,0.249655373228,0.0651941834851,92.2204208374
5.959991,-1.30311667931,-0.189063132107,0.694126306518,0.24697090685,2.75081104788,-1.57501477396,-0.353582571608,90.675239563,0.507364145593,0.0920388472731,-0.13422331894,1.38211668988,0.37352432185,0.249655373228,0.0659611738791,92.2204208374
5.969985,-1.30119920332,-0.191747598486,0.6964272777,0.24697090685,2.75196153347,-1.57539826916,-0.356650533183,90.675239563,0.506213660002,0.0920388472731,-0.133072833349,1.38288368028,0.373907817047,0.248504887637,0.0648106882882,92.2204208374
5.979981,-1.29851473695,-0.196349540849,0.699111744079,0.246203916456,2.75081104788,-1.57463127876,-0.359334999562,90.675239563,0.506980650396,0.0908883616822,-0.133456328546,1.38250018508,0.37352432185,0.248504887637,0.0655776786821,92.2204208374
5.989980,-1.29583027057,-0.200184492819,0.701796210458,0.245820421259,2.75157803827,-1.57501477396,-0.361635970744,90.675239563,0.506213660002,0.0916553520762,-0.13422331894,1.38211668988,0.373140826653,0.249655373228,0.0655776786821,92.2204208374
5.999986,-1.2912283282,-0.204019444789,0.704097181639,0.245436926062,2.75196153347,-1.57539826916,-0.364320437123,90.675239563,0.506213660002,0.0916553520762,-0.133072833349,1.38250018508,0.37352432185,0.249655373228,0.0655776786821,92.2204208374
6.009982,-1.28892735702,-0.207087406365,0.707165143215,0.245820421259,2.75196153347,-1.57501477396,-0.367388398699,90.675239563,0.506213660002,0.0916553520762,-0.133072833349,1.38288368028,0.372757331456,0.249271878031,0.066344669076,92.2204208374
6.019981,-1.28585939544,-0.210922358334,0.7090826192,0.246203916456,2.75157803827,-1.57501477396,-0.370839855471,90.675239563,0.506213660002,0.0912718568792,-0.133839823743,1.38288368028,0.372757331456,0.248888382834,0.0655776786821,92.2204208374
6.029984,-1.28164094828,-0.215140805501,0.711767085579,0.245820421259,2.75196153347,-1.57616525955,-0.373140826653,90.675239563,0.506980650396,0.0916553520762,-0.132689338152,1.38288368028,0.372757331456,0.248888382834,0.0655776786821,92.2204208374
6.039981,-1.2793399771,-0.218975757471,0.715218542352,0.246587411653,2.75119454307,-1.57539826916,-0.375825293032,90.675239563,0.506213660002,0.0916553520762,-0.133839823743,1.38250018508,0.373140826653,0.249271878031,0.0655776786821,92.2204208374
6.049965,-1.27588852032,-0.224728185425,0.716752523139,0.246203916456,2.75119454307,-1.57501477396,-0.37735927382,90.675239563,0.506980650396,0.0916553520762,-0.133456328546,1.38250018508,0.372757331456,0.249271878031,0.0655776786821,92.2204208374
6.059987,-1.27320405394,-0.22664566141,0.719436989518,0.246203916456,2.75119454307,-1.57501477396,-0.380427235396,90.675239563,0.50774764079,0.0920388472731,-0.13422331894,1.38250018508,0.37352432185,0.249655373228,0.0659611738791,92.2204208374
6.069988,-1.26860211158,-0.231247603774,0.7217379607,0.245436926062,2.75119454307,-1.57616525955,-0.384645682562,90.675239563,0.507364145593,0.0912718568792,-0.13422331894,1.38250018508,0.372373836259,0.250038868425,0.0659611738791,92.2204208374
6.080008,-1.2659176452,-0.235082555743,0.724805922276,0.245820421259,2.75081104788,-1.57424778357,-0.387713644138,90.675239563,0.506980650396,0.0920388472731,-0.133456328546,1.38250018508,0.373140826653,0.249655373228,0.0655776786821,92.2204208374
6.090028,-1.26284968363,-0.238534012516,0.725956407867,0.246203916456,2.75081104788,-1.57539826916,-0.388864129729,90.675239563,0.505830164805,0.0916553520762,-0.133456328546,1.38250018508,0.373907817047,0.249271878031,0.066728164273,92.2204208374
6.100029,-1.25709725567,-0.242368964486,0.727873883852,0.246587411653,2.75119454307,-1.57463127876,-0.39001461532,90.675239563,0.506980650396,0.0912718568792,-0.133456328546,1.38250018508,0.373140826653,0.249271878031,0.0655776786821,92.2204208374
6.110021,-1.25479628449,-0.245436926062,0.730174855033,0.24697090685,2.75042755268,-1.57463127876,-0.392699081699,90.675239563,0.506980650396,0.0912718568792,-0.133456328546,1.38288368028,0.372757331456,0.249271878031,0.0655776786821,92.2204208374
6.120017,-1.25019434213,-0.248888382834,0.732092331018,0.246587411653,2.75042755268,-1.57501477396,-0.39384956729,90.675239563,0.506980650396,0.0912718568792,-0.13422331894,1.38288368028,0.372757331456,0.249271878031,0.0655776786821,92.2204208374
6.130003,-1.24597589496,-0.252339839607,0.733626311806,0.245820421259,2.74966056228,-1.57501477396,-0.395383548077,90.675239563,0.506213660002,0.0912718568792,-0.133072833349,1.38211668988,0.373907817047,0.249271878031,0.0659611738791,92.2204208374
6.139988,-1.24252443819,-0.25579129638,0.734776797397,0.245820421259,2.74889357189,-1.57501477396,-0.396917528865,90.675239563,0.506980650396,0.0908883616822,-0.13422331894,1.38211668988,0.372373836259,0.248888382834,0.0651941834851,92.2204208374
6.149986,-1.23753900063,-0.259242753153,0.736310778185,0.246203916456,2.74851007669,-1.57539826916,-0.397301024062,90.675239563,0.506980650396,0.0912718568792,-0.132689338152,1.38288368028,0.37352432185,0.249271878031,0.0655776786821,92.2204208374
6.159985,-1.23332055346,-0.261543724334,0.737077768579,0.245820421259,2.74851007669,-1.57501477396,-0.399985490441,90.675239563,0.505830164805,0.0912718568792,-0.13422331894,1.38211668988,0.373140826653,0.248888382834,0.0655776786821,92.2204208374
6.170007,-1.22910210629,-0.26461168591,0.738611749367,0.246203916456,2.7473595911,-1.57501477396,-0.399985490441,90.675239563,0.506213660002,0.0912718568792,-0.134606814137,1.38211668988,0.372373836259,0.249271878031,0.0655776786821,92.2204208374
6.180019,-1.22450016393,-0.26844663788,0.740529225352,0.245820421259,2.74659260071,-1.57463127876,-0.401902966426,90.675239563,0.506213660002,0.0908883616822,-0.133456328546,1.38173319469,0.373140826653,0.249655373228,0.0655776786821,92.2204208374
6.190048,-1.22028171676,-0.271131104259,0.740912720549,0.246203916456,2.74697609591,-1.57463127876,-0.401519471229,90.675239563,0.505830164805,0.0912718568792,-0.133072833349,1.38288368028,0.372757331456,0.248888382834,0.0655776786821,92.2204208374
6.200007,-1.21491278401,-0.273432075441,0.740912720549,0.246587411653,2.74620910551,-1.57501477396,-0.402286461623,90.675239563,0.506213660002,0.0916553520762,-0.133839823743,1.38211668988,0.372757331456,0.250038868425,0.0651941834851,92.2204208374
6.209989,-1.21069433684,-0.275733046622,0.74206320614,0.245436926062,2.74620910551,-1.57539826916,-0.401902966426,90.675239563,0.507364145593,0.0912718568792,-0.133839823743,1.38211668988,0.372757331456,0.248504887637,0.0651941834851,92.2204208374
6.219983,-1.20570889928,-0.278801008198,0.741296215746,0.246203916456,2.74697609591,-1.57501477396,-0.401135976032,90.675239563,0.506980650396,0.0912718568792,-0.133456328546,1.38134969949,0.371990341062,0.249655373228,0.0655776786821,92.2204208374
6.230025,-1.20072346172,-0.28110197938,0.741679710943,0.246203916456,2.74582561031,-1.57463127876,-0.401902966426,90.675239563,0.507364145593,0.0920388472731,-0.134606814137,1.38211668988,0.373140826653,0.248888382834,0.0648106882882,92.2204208374
6.240006,-1.19612151935,-0.283019455365,0.74206320614,0.245436926062,2.74697609591,-1.57463127876,-0.401519471229,90.675239563,0.506980650396,0.0908883616822,-0.133839823743,1.38288368028,0.373140826653,0.249655373228,0.0655776786821,92.2204208374
6.249999,-1.1907525866,-0.285320426547,0.742446701337,0.246203916456,2.74620910551,-1.57501477396,-0.401519471229,90.675239563,0.506213660002,0.0912718568792,-0.133072833349,1.38173319469,0.371990341062,0.249655373228,0.0655776786821,92.2204208374
6.259990,-1.18500015864,-0.288004892925,0.742446701337,0.246587411653,2.74659260071,-1.57501477396,-0.401519471229,90.675239563,0.505830164805,0.0912718568792,-0.133456328546,1.38288368028,0.37352432185,0.249271878031,0.0655776786821,92.2204208374
6.269985,-1.18001472108,-0.289538873713,0.742830196534,0.24697090685,2.74582561031,-1.57578176436,-0.401902966426,90.675239563,0.506980650396,0.0916553520762,-0.133456328546,1.38211668988,0.373907817047,0.249655373228,0.0648106882882,92.2204208374
6.279985,-1.17387879793,-0.291839844895,0.742446701337,0.247354402047,2.74544211512,-1.57463127876,-0.400368985638,90.675239563,0.506213660002,0.0916553520762,-0.133072833349,1.38326717548,0.372757331456,0.248888382834,0.066344669076,92.2204208374
6.290011,-1.16850986517,-0.292990330486,0.742830196534,0.24697090685,2.74544211512,-1.57501477396,-0.401519471229,90.675239563,0.506213660002,0.0916553520762,-0.133072833349,1.38326717548,0.372757331456,0.249271878031,0.0655776786821,92.2204208374
6.299985,-1.16390792281,-0.294524311274,0.742446701337,0.246203916456,2.74429162953,-1.57463127876,-0.400752480835,90.675239563,0.506980650396,0.0916553520762,-0.133456328546,1.38288368028,0.373140826653,0.249271878031,0.0659611738791,92.2204208374
6.309989,-1.15815549485,-0.296058292062,0.742830196534,0.245820421259,2.74429162953,-1.57578176436,-0.400368985638,90.675239563,0.506213660002,0.0920388472731,-0.133456328546,1.38250018508,0.373140826653,0.249655373228,0.0651941834851,92.2204208374
6.319985,-1.1520195717,-0.296825282456,0.742830196534,0.246587411653,2.74352463913,-1.57501477396,-0.400368985638,90.675239563,0.506213660002,0.0912718568792,-0.133839823743,1.38250018508,0.372373836259,0.249655373228,0.0651941834851,92.2204208374
6.329984,-1.14588364855,-0.298359263244,0.74206320614,0.246587411653,2.74314114394,-1.57463127876,-0.399985490441,90.675239563,0.506213660002,0.0916553520762,-0.133072833349,1.38211668988,0.373907817047,0.249271878031,0.0655776786821,92.2204208374
6.339984,-1.1401312206,-0.299509748835,0.742830196534,0.246203916456,2.74314114394,-1.57463127876,-0.399601995244,90.675239563,0.507364145593,0.0920388472731,-0.133456328546,1.38288368028,0.373140826653,0.249271878031,0.0655776786821,92.2204208374
6.349990,-1.13437879264,-0.301043729623,0.74206320614,0.245820421259,2.74352463913,-1.57539826916,-0.39883500485,90.675239563,0.506980650396,0.0912718568792,-0.133456328546,1.38250018508,0.373140826653,0.249271878031,0.0651941834851,92.2204208374
6.359989,-1.12824286949,-0.301043729623,0.742446701337,0.246203916456,2.74390813433,-1.57501477396,-0.398451509653,90.675239563,0.506213660002,0.0920388472731,-0.133072833349,1.38288368028,0.37352432185,0.249271878031,0.0655776786821,92.2204208374
6.369983,-1.12210694634,-0.30257771041,0.742446701337,0.245820421259,2.74429162953,-1.57463127876,-0.399218500047,90.675239563,0.506213660002,0.0924223424701,-0.133839823743,1.38365067067,0.371990341062,0.248888382834,0.0651941834851,92.2204208374
6.379986,-1.1144370424,-0.30257771041,0.742830196534,0.246203916456,2.74505861992,-1.57578176436,-0.398068014456,90.675239563,0.50774764079,0.0912718568792,-0.133456328546,1.38288368028,0.373140826653,0.248504887637,0.0651941834851,92.2204208374
6.389990,-1.10945160484,-0.304111691198,0.74321369173,0.246587411653,2.74659260071,-1.57539826916,-0.399218500047,90.675239563,0.506980650396,0.0908883616822,-0.131922347758,1.38250018508,0.372757331456,0.250038868425,0.0655776786821,92.2204208374
6.399988,-1.10369917688,-0.303728196001,0.742830196534,0.247737897243,2.74620910551,-1.57539826916,-0.398451509653,90.675239563,0.506980650396,0.0912718568792,-0.133456328546,1.38288368028,0.373140826653,0.249655373228,0.0655776786821,92.2204208374
6.409986,-1.09602927294,-0.304111691198,0.743597186927,0.245820421259,2.74659260071,-1.57463127876,-0.398068014456,90.675239563,0.507364145593,0.0916553520762,-0.13422331894,1.38250018508,0.373140826653,0.248888382834,0.0659611738791,92.2204208374
6.419983,-1.0895098546,-0.304111691198,0.742830196534,0.24697090685,2.7477430863,-1.57578176436,-0.398451509653,90.675239563,0.505830164805,0.0912718568792,-0.133456328546,1.38250018508,0.373907817047,0.248888382834,0.0655776786821,92.2204208374
6.429986,-1.08337393144,-0.304878681592,0.74321369173,0.246587411653,2.7473595911,-1.57539826916,-0.398068014456,90.675239563,0.506213660002,0.0912718568792,-0.133456328546,1.38288368028,0.372757331456,0.248888382834,0.0651941834851,92.2204208374
6.439982,-1.0764710179,-0.304878681592,0.743597186927,0.246587411653,2.7473595911,-1.57578176436,-0.397684519259,90.675239563,0.50774764079,0.0912718568792,-0.133839823743,1.38288368028,0.373140826653,0.249271878031,0.0655776786821,92.2204208374
6.449983,-1.06956810435,-0.305645671986,0.74321369173,0.24697090685,2.74697609591,-1.57539826916,-0.397301024062,90.675239563,0.508131135987,0.0916553520762,-0.133456328546,1.38250018508,0.372757331456,0.248888382834,0.0655776786821,92.2204208374
6.459983,-1.0634321812,-0.304878681592,0.74321369173,0.247354402047,2.7473595911,-1.57578176436,-0.397684519259,90.675239563,0.506980650396,0.0912718568792,-0.133456328546,1.38211668988,0.373140826653,0.249655373228,0.0655776786821,92.2204208374
6.469984,-1.05576227726,-0.305262176789,0.743597186927,0.246203916456,2.74697609591,-1.57501477396,-0.397301024062,90.675239563,0.506980650396,0.0920388472731,-0.133456328546,1.38288368028,0.373140826653,0.248888382834,0.0655776786821,92.2204208374
6.480046,-1.04924285891,-0.305262176789,0.74321369173,0.247354402047,2.74697609591,-1.57501477396,-0.397301024062,90.675239563,0.507364145593,0.0912718568792,-0.133072833349,1.38288368028,0.372757331456,0.249655373228,0.0651941834851,92.2204208374
6.489985,-1.04272344057,-0.305262176789,0.742830196534,0.245820421259,2.74620910551,-1.57501477396,-0.396150538471,90.675239563,0.506980650396,0.0912718568792,-0.133456328546,1.38250018508,0.37352432185,0.249655373228,0.0655776786821,92.2204208374
6.499984,-1.03505353663,-0.305645671986,0.74321369173,0.246203916456,2.74659260071,-1.57539826916,-0.396150538471,90.675239563,0.50774764079,0.0920388472731,-0.133456328546,1.38288368028,0.372757331456,0.249271878031,0.0651941834851,92.2204208374
6.509982,-1.02853411828,-0.305262176789,0.743597186927,0.246587411653,2.74697609591,-1.57501477396,-0.395767043274,90.675239563,0.506980650396,0.0924223424701,-0.133839823743,1.38173319469,0.372373836259,0.249271878031,0.0659611738791,92.2204208374
6.519982,-1.02124770953,-0.304495186395,0.743597186927,0.245820421259,2.74582561031,-1.57539826916,-0.394233062487,90.675239563,0.506213660002,0.0920388472731,-0.133072833349,1.38288368028,0.373907817047,0.248888382834,0.0659611738791,92.2204208374
6.529982,-1.01434479599,-0.304878681592,0.74321369173,0.246587411653,2.74620910551,-1.57578176436,-0.392699081699,90.675239563,0.506980650396,0.0916553520762,-0.13422331894,1.38211668988,0.373140826653,0.248504887637,0.0651941834851,92.2204208374
6.540011,-1.00629139685,-0.304878681592,0.74321369173,0.246587411653,2.74582561031,-1.57539826916,-0.390781605714,90.675239563,0.507364145593,0.0916553520762,-0.133072833349,1.38250018508,0.372757331456,0.248888382834,0.066344669076,92.2204208374
6.550016,-0.999771978504,-0.304878681592,0.74321369173,0.246203916456,2.74582561031,-1.57501477396,-0.389247624926,90.675239563,0.506980650396,0.0912718568792,-0.133456328546,1.38250018508,0.372757331456,0.248888382834,0.0659611738791,92.2204208374
6.560014,-0.992102074565,-0.304111691198,0.743597186927,0.24697090685,2.74544211512,-1.57578176436,-0.387330148941,90.675239563,0.507364145593,0.0916553520762,-0.133839823743,1.38250018508,0.373140826653,0.249271878031,0.0651941834851,92.2204208374
6.570013,-0.985966151413,-0.304878681592,0.74321369173,0.246203916456,2.74390813433,-1.57501477396,-0.385412672956,90.675239563,0.50774764079,0.0916553520762,-0.133839823743,1.38211668988,0.373140826653,0.249655373228,0.066344669076,92.2204208374
6.580012,-0.977912752277,-0.304495186395,0.743597186927,0.246203916456,2.74314114394,-1.57539826916,-0.381961216183,90.675239563,0.50774764079,0.0912718568792,-0.133456328546,1.38326717548,0.373907817047,0.248504887637,0.0655776786821,92.2204208374
6.589991,-0.970626343534,-0.304111691198,0.74321369173,0.246587411653,2.74237415354,-1.57539826916,-0.380427235396,90.675239563,0.506980650396,0.0912718568792,-0.133839823743,1.38288368028,0.373140826653,0.249655373228,0.0659611738791,92.2204208374
6.599982,-0.962956439595,-0.303728196001,0.742830196534,0.245820421259,2.74045667756,-1.57578176436,-0.377742769017,90.675239563,0.506980650396,0.0916553520762,-0.133456328546,1.38173319469,0.37352432185,0.248888382834,0.0651941834851,92.2204208374
6.609984,-0.955286535656,-0.304495186395,0.743597186927,0.246203916456,2.73930619197,-1.57539826916,-0.374291312244,90.675239563,0.506213660002,0.0920388472731,-0.133456328546,1.38250018508,0.373140826653,0.249271878031,0.0651941834851,92.2204208374
6.620004,-0.947233136519,-0.304495186395,0.743597186927,0.245436926062,2.73738871598,-1.57501477396,-0.371606845865,90.675239563,0.507364145593,0.0908883616822,-0.133456328546,1.38288368028,0.372373836259,0.248888382834,0.0659611738791,92.2204208374
6.630011,-0.93956323258,-0.304495186395,0.743980682124,0.246203916456,2.73623823039,-1.57501477396,-0.368155389092,90.675239563,0.505830164805,0.0920388472731,-0.13422331894,1.38211668988,0.37352432185,0.248504887637,0.0655776786821,92.2204208374
6.640007,-0.93189332864,-0.304111691198,0.743597186927,0.246587411653,2.73585473519,-1.57501477396,-0.363936941926,90.675239563,0.507364145593,0.0916553520762,-0.133456328546,1.38211668988,0.372757331456,0.248504887637,0.0655776786821,92.2204208374
6.650004,-0.924223424701,-0.304495186395,0.742830196534,0.246587411653,2.7347042496,-1.57501477396,-0.361252475547,90.675239563,0.507364145593,0.0908883616822,-0.133456328546,1.38250018508,0.373140826653,0.249655373228,0.0655776786821,92.2204208374
6.660004,-0.916170025565,-0.304111691198,0.74206320614,0.245820421259,2.73432075441,-1.57463127876,-0.358184513971,90.675239563,0.507364145593,0.0901213712883,-0.133839823743,1.38250018508,0.373140826653,0.248504887637,0.0648106882882,92.2204208374
6.670006,-0.908500121625,-0.302961205607,0.742830196534,0.245820421259,2.73355376401,-1.57386428837,-0.354349562002,90.675239563,0.506980650396,0.0916553520762,-0.133456328546,1.38250018508,0.373140826653,0.248888382834,0.0651941834851,92.2204208374
6.680009,-0.900830217686,-0.304111691198,0.743597186927,0.245820421259,2.73317026881,-1.57501477396,-0.351281600426,90.675239563,0.507364145593,0.0905048664852,-0.133456328546,1.38326717548,0.372757331456,0.249271878031,0.0651941834851,92.2204208374
6.689995,-0.893160313746,-0.303344700804,0.74206320614,0.246587411653,2.73393725921,-1.57348079317,-0.346679658062,90.675239563,0.507364145593,0.0908883616822,-0.133072833349,1.38288368028,0.373140826653,0.249655373228,0.0659611738791,92.2204208374
6.699983,-0.885873905004,-0.302961205607,0.742446701337,0.245820421259,2.73355376401,-1.57463127876,-0.343611696486,90.675239563,0.506213660002,0.0920388472731,-0.133456328546,1.38211668988,0.372757331456,0.249271878031,0.0651941834851,92.2204208374
6.709981,-0.877820505867,-0.30257771041,0.742446701337,0.245436926062,2.73317026881,-1.57424778357,-0.340543734911,90.675239563,0.506980650396,0.0916553520762,-0.133456328546,1.38211668988,0.373907817047,0.249271878031,0.0655776786821,92.2204208374
6.719984,-0.870150601928,-0.30257771041,0.742446701337,0.246203916456,2.73355376401,-1.57424778357,-0.337092278138,90.675239563,0.50774764079,0.0916553520762,-0.133072833349,1.38288368028,0.372373836259,0.248888382834,0.0651941834851,92.2204208374
6.730005,-0.864398173973,-0.303344700804,0.742830196534,0.245820421259,2.73355376401,-1.57348079317,-0.334791306956,90.675239563,0.506980650396,0.0924223424701,-0.132689338152,1.38288368028,0.372373836259,0.248888382834,0.0651941834851,92.2204208374
6.740019,-0.855577784443,-0.301427224819,0.742446701337,0.246587411653,2.73393725921,-1.57309729798,-0.331339850183,90.675239563,0.507364145593,0.0912718568792,-0.133839823743,1.38250018508,0.373140826653,0.249655373228,0.0655776786821,92.2204208374
6.750023,-0.848291375701,-0.301043729623,0.742446701337,0.245820421259,2.73355376401,-1.57271380278,-0.330572859789,90.675239563,0.50774764079,0.0916553520762,-0.133839823743,1.38288368028,0.37352432185,0.249271878031,0.0655776786821,92.2204208374
6.760012,-0.840621471761,-0.301043729623,0.742830196534,0.246587411653,2.73317026881,-1.57309729798,-0.327504898214,90.675239563,0.506980650396,0.0912718568792,-0.133456328546,1.38250018508,0.372373836259,0.248888382834,0.0655776786821,92.2204208374
6.770009,-0.832568072625,-0.301043729623,0.742446701337,0.246203916456,2.73317026881,-1.57386428837,-0.325587422229,90.675239563,0.506980650396,0.0912718568792,-0.133839823743,1.38403416587,0.373140826653,0.249655373228,0.0659611738791,92.2204208374
6.780004,-0.825665159079,-0.300660234426,0.74206320614,0.246587411653,2.73278677362,-1.57309729798,-0.324820431835,90.675239563,0.50774764079,0.0916553520762,-0.133456328546,1.38211668988,0.372757331456,0.249655373228,0.066344669076,92.2204208374
6.790006,-0.819912731125,-0.299893244032,0.74206320614,0.246203916456,2.73240327842,-1.57348079317,-0.32290295585,90.675239563,0.50774764079,0.0920388472731,-0.133456328546,1.38211668988,0.373140826653,0.249271878031,0.0659611738791,92.2204208374
6.800006,-0.811475836791,-0.298742758441,0.741679710943,0.246203916456,2.73201978322,-1.57271380278,-0.321368975062,90.675239563,0.506980650396,0.0920388472731,-0.133072833349,1.38365067067,0.372373836259,0.249271878031,0.0659611738791,92.2204208374
6.810006,-0.804956418443,-0.298359263244,0.741679710943,0.246203916456,2.73240327842,-1.57309729798,-0.320601984668,90.675239563,0.50774764079,0.0920388472731,-0.133456328546,1.38173319469,0.373140826653,0.249655373228,0.0659611738791,92.2204208374
6.820000,-0.798053504897,-0.296825282456,0.741679710943,0.24697090685,2.73240327842,-1.57309729798,-0.320218489471,90.675239563,0.50774764079,0.0912718568792,-0.133072833349,1.38211668988,0.373140826653,0.248888382834,0.0659611738791,92.2204208374
6.830066,-0.790000105761,-0.296441787259,0.741296215746,0.246587411653,2.73125279283,-1.57271380278,-0.318301013486,90.675239563,0.506980650396,0.0916553520762,-0.133072833349,1.38288368028,0.373140826653,0.248888382834,0.0648106882882,92.2204208374
6.840084,-0.783097192216,-0.294524311274,0.741679710943,0.246587411653,2.73010230724,-1.57271380278,-0.316767032698,90.675239563,0.507364145593,0.0905048664852,-0.13422331894,1.38288368028,0.372373836259,0.249271878031,0.0655776786821,92.2204208374
6.850063,-0.77619427867,-0.294140816077,0.741296215746,0.24697090685,2.72933531685,-1.57194681239,-0.314849556713,90.675239563,0.507364145593,0.0908883616822,-0.133456328546,1.38288368028,0.372373836259,0.249271878031,0.0655776786821,92.2204208374
6.860036,-0.768907869928,-0.293373825683,0.741679710943,0.247737897243,2.72780133606,-1.57271380278,-0.313315575926,90.675239563,0.50774764079,0.0920388472731,-0.133839823743,1.38211668988,0.372757331456,0.248888382834,0.0655776786821,92.2204208374
6.870026,-0.762388451579,-0.292606835289,0.740912720549,0.24812139244,2.72626735527,-1.57233030758,-0.313699071123,90.675239563,0.508131135987,0.0916553520762,-0.133456328546,1.38250018508,0.372757331456,0.249271878031,0.0655776786821,92.2204208374
6.880025,-0.754335052443,-0.290689359304,0.740912720549,0.24697090685,2.72434987928,-1.57194681239,-0.312165090335,90.675239563,0.50774764079,0.0916553520762,-0.133839823743,1.38250018508,0.372757331456,0.249271878031,0.0655776786821,92.2204208374
6.890033,-0.748582624488,-0.28992236891,0.740529225352,0.246203916456,2.7220489081,-1.57233030758,-0.312932080729,90.675239563,0.50774764079,0.0912718568792,-0.132689338152,1.38288368028,0.372757331456,0.249655373228,0.0651941834851,92.2204208374
6.900037,-0.741679710943,-0.287621397729,0.739762234958,0.246203916456,2.71974793692,-1.57194681239,-0.311781595138,90.675239563,0.507364145593,0.0912718568792,-0.132689338152,1.38326717548,0.372757331456,0.249655373228,0.0655776786821,92.2204208374
6.909999,-0.733626311806,-0.286087416941,0.740145730155,0.245820421259,2.71744696574,-1.57271380278,-0.31024761435,90.675239563,0.50774764079,0.0912718568792,-0.133456328546,1.38211668988,0.37352432185,0.249655373228,0.066344669076,92.2204208374
6.919985,-0.727873883852,-0.284553436153,0.737844758973,0.24697090685,2.71361201377,-1.57348079317,-0.309864119153,90.675239563,0.507364145593,0.0924223424701,-0.133072833349,1.38288368028,0.37352432185,0.248504887637,0.0655776786821,92.2204208374
6.929988,-0.721354465503,-0.283019455365,0.737844758973,0.246203916456,2.7097770618,-1.57271380278,-0.308713633562,90.675239563,0.50774764079,0.0912718568792,-0.13422331894,1.38250018508,0.37352432185,0.24812139244,0.0659611738791,92.2204208374
6.940017,-0.713684561564,-0.280718484183,0.73822825417,0.247354402047,2.70594210983,-1.57348079317,-0.308713633562,90.675239563,0.507364145593,0.0916553520762,-0.133839823743,1.38250018508,0.37352432185,0.248888382834,0.0651941834851,92.2204208374
6.950026,-0.707548638412,-0.278417513001,0.737461263776,0.24697090685,2.70172366266,-1.57348079317,-0.309097128759,90.675239563,0.508514631184,0.0912718568792,-0.13422331894,1.38288368028,0.373140826653,0.248888382834,0.0651941834851,92.2204208374
6.960029,-0.70026222967,-0.276883532213,0.736694273382,0.246587411653,2.69635472991,-1.57386428837,-0.308713633562,90.675239563,0.50774764079,0.0916553520762,-0.133839823743,1.38326717548,0.372757331456,0.248888382834,0.0655776786821,92.2204208374
6.970022,-0.693742811321,-0.274582561031,0.736694273382,0.246203916456,2.69213628274,-1.57424778357,-0.308713633562,90.675239563,0.50774764079,0.0916553520762,-0.133072833349,1.38250018508,0.372757331456,0.249271878031,0.0655776786821,92.2204208374
6.980022,-0.687223392973,-0.27228158985,0.736310778185,0.245820421259,2.68753434038,-1.57501477396,-0.31024761435,90.675239563,0.50774764079,0.0912718568792,-0.133456328546,1.38173319469,0.372757331456,0.248504887637,0.0651941834851,92.2204208374
6.989993,-0.681087469821,-0.269597123471,0.735927282988,0.246587411653,2.68254890281,-1.57424778357,-0.308713633562,90.675239563,0.507364145593,0.0920388472731,-0.133072833349,1.38288368028,0.372757331456,0.248888382834,0.0659611738791,92.2204208374
7.000044,-0.675718537064,-0.266529161895,0.735927282988,0.246203916456,2.67756346525,-1.57424778357,-0.308330138365,90.675239563,0.507364145593,0.0924223424701,-0.132689338152,1.38211668988,0.372373836259,0.248888382834,0.0659611738791,92.2204208374
7.009992,-0.667665137927,-0.263844695516,0.735160292594,0.246587411653,2.6721945325,-1.57501477396,-0.307946643168,90.675239563,0.507364145593,0.0920388472731,-0.133456328546,1.38211668988,0.373140826653,0.249655373228,0.0651941834851,92.2204208374
7.019982,-0.661529214776,-0.261160229137,0.734776797397,0.245436926062,2.66605860934,-1.57539826916,-0.308330138365,90.675239563,0.507364145593,0.0920388472731,-0.133456328546,1.38211668988,0.373140826653,0.249655373228,0.0651941834851,92.2204208374
7.029990,-0.656160282018,-0.257708772365,0.734776797397,0.246587411653,2.65992268619,-1.57424778357,-0.309480623956,90.675239563,0.506213660002,0.0912718568792,-0.133456328546,1.38250018508,0.37352432185,0.250038868425,0.0651941834851,92.2204208374
7.040060,-0.648490378079,-0.25579129638,0.7343933022,0.247354402047,2.65493724863,-1.57463127876,-0.309097128759,90.675239563,0.50774764079,0.0916553520762,-0.132689338152,1.38288368028,0.373907817047,0.250038868425,0.0651941834851,92.2204208374
7.050100,-0.642354454927,-0.252339839607,0.734009807003,0.246203916456,2.64918482068,-1.57463127876,-0.308713633562,90.675239563,0.50774764079,0.0920388472731,-0.133072833349,1.38173319469,0.372757331456,0.249271878031,0.0659611738791,92.2204208374
7.060109,-0.636602026972,-0.24697090685,0.734009807003,0.245820421259,2.64343239272,-1.57501477396,-0.308713633562,90.675239563,0.507364145593,0.0920388472731,-0.133456328546,1.38326717548,0.373140826653,0.248504887637,0.0655776786821,92.2204208374
7.070154,-0.630849599018,-0.245053430865,0.733242816609,0.24697090685,2.63729646957,-1.57463127876,-0.309097128759,90.675239563,0.508131135987,0.0916553520762,-0.133839823743,1.38250018508,0.373140826653,0.249655373228,0.0659611738791,92.2204208374
7.080079,-0.62548066626,-0.240834983698,0.733242816609,0.24697090685,2.63154404162,-1.57463127876,-0.309480623956,90.675239563,0.506980650396,0.0916553520762,-0.13422331894,1.38250018508,0.373140826653,0.249655373228,0.0655776786821,92.2204208374
7.090082,-0.618961247912,-0.23546605094,0.733242816609,0.24697090685,2.62617510886,-1.57463127876,-0.309097128759,90.675239563,0.50774764079,0.0912718568792,-0.133072833349,1.38173319469,0.373140826653,0.249271878031,0.0655776786821,92.2204208374
7.100058,-0.61282532476,-0.232398089365,0.732092331018,0.246587411653,2.6215731665,-1.57424778357,-0.309097128759,90.675239563,0.507364145593,0.0924223424701,-0.133072833349,1.38326717548,0.374291312244,0.250038868425,0.0659611738791,92.2204208374
7.110049,-0.607456392003,-0.228179642198,0.732092331018,0.246587411653,2.61467025295,-1.57463127876,-0.309864119153,90.675239563,0.506213660002,0.0920388472731,-0.133456328546,1.38250018508,0.372757331456,0.249271878031,0.0648106882882,92.2204208374
7.120042,-0.600553478457,-0.224728185425,0.731325340624,0.246203916456,2.61045180578,-1.57463127876,-0.31024761435,90.675239563,0.506980650396,0.0916553520762,-0.133072833349,1.38288368028,0.372757331456,0.249271878031,0.0651941834851,92.2204208374
7.130030,-0.595568040897,-0.220893233455,0.732092331018,0.24697090685,2.60508287303,-1.57424778357,-0.309480623956,90.675239563,0.506980650396,0.0916553520762,-0.133456328546,1.38288368028,0.373140826653,0.249655373228,0.0659611738791,92.2204208374
7.140039,-0.590582603336,-0.215907795895,0.731325340624,0.247354402047,2.59933044507,-1.57463127876,-0.309864119153,90.675239563,0.507364145593,0.0916553520762,-0.132689338152,1.38211668988,0.373140826653,0.248888382834,0.066344669076,92.2204208374
7.150135,-0.584063184987,-0.210922358334,0.729791359836,0.247354402047,2.59434500751,-1.57309729798,-0.309864119153,90.675239563,0.50774764079,0.0916553520762,-0.133839823743,1.38326717548,0.373140826653,0.249655373228,0.0655776786821,92.2204208374
7.160004,-0.577927261836,-0.207854396758,0.72940786464,0.246203916456,2.58897607475,-1.57309729798,-0.309097128759,90.675239563,0.506980650396,0.0916553520762,-0.13422331894,1.38250018508,0.373140826653,0.249655373228,0.0659611738791,92.2204208374
7.169991,-0.572174833881,-0.202868959198,0.730174855033,0.246587411653,2.58475762759,-1.57271380278,-0.309480623956,90.675239563,0.508131135987,0.0924223424701,-0.133456328546,1.38173319469,0.373140826653,0.248504887637,0.0655776786821,92.2204208374
7.179991,-0.566422405927,-0.19750002644,0.729024369443,0.246587411653,2.57977219003,-1.57233030758,-0.31024761435,90.675239563,0.507364145593,0.0920388472731,-0.133839823743,1.38250018508,0.373907817047,0.249271878031,0.0651941834851,92.2204208374
7.189994,-0.561820463563,-0.193281579274,0.728257379049,0.247354402047,2.57440325727,-1.57156331719,-0.31024761435,90.675239563,0.50774764079,0.0916553520762,-0.133456328546,1.38288368028,0.373140826653,0.248504887637,0.0659611738791,92.2204208374
7.199994,-0.555684540411,-0.18867963691,0.727490388655,0.246587411653,2.56980131491,-1.5704128316,-0.309097128759,90.675239563,0.50774764079,0.0920388472731,-0.133839823743,1.38288368028,0.372757331456,0.249271878031,0.0651941834851,92.2204208374
7.209987,-0.549932112457,-0.184077694546,0.726723398261,0.247354402047,2.56519937254,-1.5696458412,-0.309480623956,90.675239563,0.50774764079,0.0916553520762,-0.133839823743,1.38173319469,0.372757331456,0.249271878031,0.0655776786821,92.2204208374
7.219984,-0.545330170093,-0.178325266592,0.725956407867,0.247354402047,2.56059743018,-1.56926234601,-0.309864119153,90.675239563,0.506980650396,0.0920388472731,-0.13422331894,1.38211668988,0.372757331456,0.249655373228,0.0655776786821,92.2204208374
7.229983,-0.539961237336,-0.173339829031,0.725189417473,0.247354402047,2.5571459734,-1.56696137482,-0.309097128759,90.675239563,0.506213660002,0.0912718568792,-0.133072833349,1.38250018508,0.37352432185,0.248504887637,0.0651941834851,92.2204208374
7.239982,-0.534975799775,-0.167970896273,0.724422427079,0.245820421259,2.55292752624,-1.56619438443,-0.308330138365,90.675239563,0.507364145593,0.0924223424701,-0.133839823743,1.38250018508,0.372757331456,0.249271878031,0.0651941834851,92.2204208374
7.249982,-0.530373857411,-0.162985458713,0.723271941488,0.245820421259,2.54909257427,-1.56350991805,-0.309097128759,90.675239563,0.506980650396,0.0916553520762,-0.133456328546,1.38211668988,0.372757331456,0.248888382834,0.0655776786821,92.2204208374
7.259980,-0.525004924654,-0.158000021152,0.722121455897,0.24697090685,2.54602461269,-1.56082545167,-0.309097128759,90.675239563,0.507364145593,0.0920388472731,-0.133456328546,1.38250018508,0.372757331456,0.249271878031,0.0659611738791,92.2204208374
7.269982,-0.520019487093,-0.153398078789,0.721354465503,0.246587411653,2.54142267033,-1.55890797569,-0.309480623956,90.675239563,0.506980650396,0.0920388472731,-0.133839823743,1.38288368028,0.37352432185,0.249271878031,0.0659611738791,92.2204208374
7.279989,-0.515034049533,-0.147645650834,0.720970970306,0.246587411653,2.53912169915,-1.55545651892,-0.308713633562,90.675239563,0.507364145593,0.0916553520762,-0.133456328546,1.38211668988,0.372373836259,0.249271878031,0.0651941834851,92.2204208374
7.289991,-0.509665116775,-0.142276718076,0.719436989518,0.24697090685,2.53643723277,-1.55162156695,-0.308713633562,90.675239563,0.508131135987,0.0912718568792,-0.133456328546,1.38211668988,0.373140826653,0.249271878031,0.0655776786821,92.2204208374
7.299969,-0.505830164805,-0.136140794925,0.717136018336,0.24697090685,2.53336927119,-1.54740311978,-0.308713633562,90.675239563,0.508131135987,0.0916553520762,-0.133839823743,1.38288368028,0.372373836259,0.249655373228,0.0659611738791,92.2204208374
7.309992,-0.500461232048,-0.130004871773,0.716752523139,0.24697090685,2.53145179521,-1.54241768222,-0.308713633562,90.675239563,0.508131135987,0.0912718568792,-0.133839823743,1.38288368028,0.372757331456,0.248888382834,0.0655776786821,92.2204208374
7.319990,-0.495859289684,-0.124252443819,0.715218542352,0.24697090685,2.52915082403,-1.53589826387,-0.308713633562,90.675239563,0.50774764079,0.0916553520762,-0.133072833349,1.38250018508,0.373140826653,0.249655373228,0.0655776786821,92.2204208374
7.329994,-0.490873852123,-0.118500015864,0.714068056761,0.247737897243,2.52684985284,-1.53091282631,-0.308330138365,90.675239563,0.50774764079,0.0908883616822,-0.133839823743,1.38211668988,0.37352432185,0.249655373228,0.066344669076,92.2204208374
7.340071,-0.486655404957,-0.112364092713,0.71291757117,0.24697090685,2.52531587206,-1.52324292237,-0.307179652774,90.675239563,0.508131135987,0.0908883616822,-0.133839823743,1.38211668988,0.373140826653,0.249271878031,0.0648106882882,92.2204208374
7.350146,-0.48243695779,-0.106611664758,0.711383590382,0.24697090685,2.52378189127,-1.51710699922,-0.307179652774,90.675239563,0.508131135987,0.0916553520762,-0.133456328546,1.38211668988,0.373140826653,0.249655373228,0.0651941834851,92.2204208374
7.360146,-0.476684529835,-0.10009224641,0.708699124003,0.246587411653,2.52301490087,-1.50905360008,-0.307563147971,90.675239563,0.50774764079,0.0912718568792,-0.133456328546,1.38173319469,0.37352432185,0.249271878031,0.0655776786821,92.2204208374
7.370125,-0.473233073063,-0.094339818455,0.706781648018,0.246587411653,2.52186441528,-1.50253418173,-0.307179652774,90.675239563,0.508131135987,0.0916553520762,-0.132689338152,1.38173319469,0.373140826653,0.248888382834,0.0655776786821,92.2204208374
7.380064,-0.469398121093,-0.0874369049095,0.706398152821,0.24697090685,2.5203304345,-1.49333029701,-0.30641266238,90.675239563,0.508131135987,0.0905048664852,-0.133072833349,1.38250018508,0.372373836259,0.249271878031,0.0655776786821,92.2204208374
7.390047,-0.465563169123,-0.0816844769549,0.703330191245,0.246587411653,2.52071392969,-1.48719437385,-0.307179652774,90.675239563,0.508514631184,0.0912718568792,-0.133456328546,1.38250018508,0.373140826653,0.248888382834,0.0659611738791,92.2204208374
7.400021,-0.461344721957,-0.0747815634094,0.702179705655,0.247354402047,2.5195634441,-1.47875747952,-0.305645671986,90.675239563,0.50774764079,0.0912718568792,-0.13422331894,1.38211668988,0.372373836259,0.249271878031,0.0659611738791,92.2204208374
7.410006,-0.458276760381,-0.0690291354548,0.699878734473,0.246203916456,2.52071392969,-1.47108757558,-0.304111691198,90.675239563,0.50774764079,0.0908883616822,-0.133839823743,1.38211668988,0.372757331456,0.250038868425,0.0655776786821,92.2204208374
7.420004,-0.45329132282,-0.0636602026972,0.698344753685,0.247737897243,2.52109742489,-1.46188369085,-0.30257771041,90.675239563,0.50774764079,0.0912718568792,-0.13422331894,1.38173319469,0.37352432185,0.249655373228,0.0659611738791,92.2204208374
7.430002,-0.449839866047,-0.0567572891518,0.696810772897,0.247737897243,2.52109742489,-1.45306330132,-0.301043729623,90.675239563,0.50774764079,0.0912718568792,-0.133072833349,1.38250018508,0.372757331456,0.249655373228,0.0651941834851,92.2204208374
7.440002,-0.446388409275,-0.0506213660002,0.694893296912,0.24697090685,2.52186441528,-1.44500990219,-0.299893244032,90.675239563,0.508131135987,0.0920388472731,-0.133456328546,1.38211668988,0.372757331456,0.248888382834,0.0659611738791,92.2204208374
7.450048,-0.441786466911,-0.0448689380456,0.693742811321,0.24697090685,2.52186441528,-1.43503902707,-0.298359263244,90.675239563,0.50774764079,0.0916553520762,-0.133456328546,1.38288368028,0.372757331456,0.248888382834,0.0659611738791,92.2204208374
7.460020,-0.438335010138,-0.0391165100911,0.691825335336,0.247354402047,2.52148092009,-1.42698562793,-0.296441787259,90.675239563,0.507364145593,0.0912718568792,-0.13422331894,1.38250018508,0.373140826653,0.248504887637,0.0651941834851,92.2204208374
7.470008,-0.435267048562,-0.0325970917426,0.690291354548,0.24697090685,2.52186441528,-1.41739824801,-0.293373825683,90.675239563,0.50774764079,0.0908883616822,-0.133072833349,1.38173319469,0.373140826653,0.248888382834,0.0651941834851,92.2204208374
7.480007,-0.431432096593,-0.027228158985,0.689140868958,0.246587411653,2.52148092009,-1.40972834407,-0.291456349698,90.675239563,0.508131135987,0.0920388472731,-0.133072833349,1.38250018508,0.373140826653,0.249271878031,0.0655776786821,92.2204208374
7.490040,-0.428364135017,-0.0214757310304,0.687990383367,0.245820421259,2.52224791048,-1.39937397375,-0.289155378516,90.675239563,0.507364145593,0.0912718568792,-0.133839823743,1.38288368028,0.373140826653,0.249271878031,0.0655776786821,92.2204208374
7.500045,-0.425679668638,-0.0153398078789,0.686456402579,0.245436926062,2.52224791048,-1.38863610823,-0.285320426547,90.675239563,0.50774764079,0.0916553520762,-0.133072833349,1.38288368028,0.37352432185,0.248888382834,0.0655776786821,92.2204208374
7.509995,-0.421844716668,-0.0111213607122,0.685305916988,0.24697090685,2.52109742489,-1.3805827091,-0.281868969774,90.675239563,0.507364145593,0.0912718568792,-0.133072833349,1.38326717548,0.37352432185,0.249655373228,0.0651941834851,92.2204208374
7.519989,-0.418009764699,-0.00460194236366,0.683388441003,0.24697090685,2.52186441528,-1.36984484358,-0.280718484183,90.675239563,0.508131135987,0.0924223424701,-0.132305842955,1.38211668988,0.372757331456,0.249655373228,0.0659611738791,92.2204208374
7.529985,-0.41532529832,0.000766990393943,0.682621450609,0.247737897243,2.52186441528,-1.36025746366,-0.277650522607,90.675239563,0.507364145593,0.0912718568792,-0.13422331894,1.38250018508,0.37352432185,0.249655373228,0.0651941834851,92.2204208374
7.539982,-0.412640831941,0.00613592315154,0.681470965018,0.247354402047,2.52186441528,-1.35182056932,-0.274966056228,90.675239563,0.508514631184,0.0912718568792,-0.133072833349,1.38250018508,0.372373836259,0.249271878031,0.0655776786821,92.2204208374
7.549982,-0.409956365562,0.0115048559091,0.678786498639,0.24697090685,2.52186441528,-1.34338367499,-0.27228158985,90.675239563,0.508131135987,0.0920388472731,-0.133072833349,1.38250018508,0.371990341062,0.249655373228,0.0655776786821,92.2204208374
7.559989,-0.407271899184,0.0161067982728,0.678403003442,0.24697090685,2.52109742489,-1.33264580948,-0.269213628274,90.675239563,0.50774764079,0.0916553520762,-0.133072833349,1.38211668988,0.37352432185,0.248888382834,0.0651941834851,92.2204208374
7.569985,-0.403820442411,0.0222427214243,0.677252517851,0.24697090685,2.52071392969,-1.32382541995,-0.264995181107,90.675239563,0.508131135987,0.0912718568792,-0.133456328546,1.38173319469,0.372757331456,0.248888382834,0.0655776786821,92.2204208374
7.579987,-0.400368985638,0.0276116541819,0.675335041867,0.24697090685,2.52109742489,-1.31538852561,-0.263077705122,90.675239563,0.508131135987,0.0916553520762,-0.132689338152,1.38211668988,0.372373836259,0.249271878031,0.0648106882882,92.2204208374
7.589986,-0.398451509653,0.0322135965456,0.673801061079,0.246203916456,2.52071392969,-1.30695163128,-0.258859257956,90.675239563,0.50774764079,0.0912718568792,-0.132689338152,1.38288368028,0.372757331456,0.248888382834,0.0659611738791,92.2204208374
7.599999,-0.395767043274,0.0383495196971,0.672267080291,0.24697090685,2.5203304345,-1.29813124175,-0.256558286774,90.675239563,0.508131135987,0.0916553520762,-0.133839823743,1.38250018508,0.37352432185,0.248888382834,0.0655776786821,92.2204208374
7.610008,-0.393082576896,0.0421844716668,0.670733099503,0.24697090685,2.52071392969,-1.28969434741,-0.253106830001,90.675239563,0.507364145593,0.0920388472731,-0.133072833349,1.38288368028,0.373140826653,0.249271878031,0.0648106882882,92.2204208374
7.620017,-0.39001461532,0.0471699092275,0.669582613912,0.247354402047,2.52071392969,-1.28125745308,-0.248888382834,90.675239563,0.50774764079,0.0920388472731,-0.133072833349,1.38326717548,0.373140826653,0.249271878031,0.0651941834851,92.2204208374
7.630003,-0.388097139335,0.0521553467881,0.668432128321,0.24697090685,2.52109742489,-1.27282055875,-0.245820421259,90.675239563,0.508131135987,0.0916553520762,-0.133072833349,1.38250018508,0.373140826653,0.249271878031,0.0648106882882,92.2204208374
7.639998,-0.38617966335,0.0559902987578,0.666898147533,0.24697090685,2.52109742489,-1.26553415001,-0.241985469289,90.675239563,0.508131135987,0.0916553520762,-0.133456328546,1.38211668988,0.372373836259,0.249271878031,0.0655776786821,92.2204208374
7.649999,-0.384262187365,0.0617427267124,0.665364166745,0.24697090685,2.52109742489,-1.25748075087,-0.238150517319,90.675239563,0.506980650396,0.0912718568792,-0.133072833349,1.38326717548,0.373140826653,0.249655373228,0.0655776786821,92.2204208374
7.660002,-0.381577720986,0.0655776786821,0.664597176351,0.246587411653,2.52109742489,-1.25096133252,-0.234315565349,90.675239563,0.50774764079,0.0912718568792,-0.133072833349,1.38250018508,0.373140826653,0.248504887637,0.0659611738791,92.2204208374
7.670001,-0.379276749805,0.0697961258488,0.663830185957,0.24697090685,2.52148092009,-1.24482540937,-0.23048061338,90.675239563,0.509281621578,0.0920388472731,-0.132689338152,1.38250018508,0.372757331456,0.249271878031,0.0659611738791,92.2204208374
7.679996,-0.377742769017,0.0736310778185,0.662679700366,0.24697090685,2.52109742489,-1.23868948622,-0.22664566141,90.675239563,0.50774764079,0.0916553520762,-0.131922347758,1.38250018508,0.372757331456,0.248888382834,0.066344669076,92.2204208374
7.689995,-0.376592283426,0.0778495249852,0.661529214776,0.24697090685,2.52109742489,-1.23293705826,-0.222427214243,90.675239563,0.50774764079,0.0916553520762,-0.132689338152,1.38288368028,0.37352432185,0.249271878031,0.0655776786821,92.2204208374
7.700002,-0.37352432185,0.0820679721519,0.661145719579,0.247737897243,2.52109742489,-1.22718463031,-0.219359252668,90.675239563,0.50774764079,0.0912718568792,-0.132305842955,1.38250018508,0.372373836259,0.248888382834,0.0655776786821,92.2204208374
7.710004,-0.372373836259,0.0862864193186,0.659995233988,0.247354402047,2.52109742489,-1.22258268794,-0.215907795895,90.675239563,0.508131135987,0.0924223424701,-0.133456328546,1.38250018508,0.372373836259,0.249271878031,0.0648106882882,92.2204208374
7.720008,-0.36968936988,0.0897378760913,0.659995233988,0.24697090685,2.52071392969,-1.21874773597,-0.210922358334,90.675239563,0.50774764079,0.0908883616822,-0.133072833349,1.38211668988,0.373140826653,0.250038868425,0.0659611738791,92.2204208374
7.729985,-0.368922379486,0.094339818455,0.6584612532,0.24697090685,2.52186441528,-1.21337880322,-0.207470901562,90.675239563,0.50774764079,0.0920388472731,-0.133072833349,1.38173319469,0.373140826653,0.249655373228,0.0655776786821,92.2204208374
7.739984,-0.367004903502,0.0981747704247,0.657310767609,0.24697090685,2.52148092009,-1.20762637526,-0.203252454395,90.675239563,0.50774764079,0.0920388472731,-0.133456328546,1.38288368028,0.374291312244,0.249271878031,0.0655776786821,92.2204208374
7.749982,-0.365854417911,0.102393217591,0.657310767609,0.24697090685,2.52224791048,-1.2034079281,-0.199417502425,90.675239563,0.507364145593,0.0920388472731,-0.132689338152,1.38250018508,0.37352432185,0.248888382834,0.0651941834851,92.2204208374
7.759983,-0.363936941926,0.10507768397,0.656543777215,0.248888382834,2.52224791048,-1.19765550014,-0.194815560061,90.675239563,0.508131135987,0.0920388472731,-0.133072833349,1.38211668988,0.372757331456,0.249271878031,0.0655776786821,92.2204208374
7.769980,-0.363553446729,0.108145645546,0.656543777215,0.24812139244,2.52263140568,-1.19458753857,-0.190213617698,90.675239563,0.50774764079,0.0912718568792,-0.133072833349,1.38211668988,0.37352432185,0.249271878031,0.0659611738791,92.2204208374
7.779981,-0.362786456335,0.111980597516,0.656927272412,0.247354402047,2.52224791048,-1.19267006258,-0.185611675334,90.675239563,0.508131135987,0.0908883616822,-0.133456328546,1.38288368028,0.37352432185,0.248888382834,0.0659611738791,92.2204208374
7.789999,-0.360485485153,0.115432054288,0.656543777215,0.24812139244,2.52339839607,-1.18960210101,-0.181393228167,90.675239563,0.508514631184,0.0916553520762,-0.132689338152,1.38288368028,0.373140826653,0.249655373228,0.0655776786821,92.2204208374
7.800020,-0.359334999562,0.118116520667,0.656160282018,0.24812139244,2.52301490087,-1.18730112982,-0.177174781001,90.675239563,0.50774764079,0.0920388472731,-0.133839823743,1.38288368028,0.373140826653,0.249271878031,0.0655776786821,92.2204208374
7.810027,-0.359718494759,0.120800987046,0.656160282018,0.24812139244,2.52301490087,-1.18615064423,-0.171805848243,90.675239563,0.508131135987,0.0916553520762,-0.133072833349,1.38211668988,0.373907817047,0.249655373228,0.0655776786821,92.2204208374
7.820001,-0.357801018774,0.122334967834,0.655393291624,0.24812139244,2.52339839607,-1.18576714904,-0.16835439147,90.675239563,0.507364145593,0.0916553520762,-0.132305842955,1.38250018508,0.373140826653,0.250038868425,0.0651941834851,92.2204208374
7.829991,-0.35703402838,0.125786424607,0.655009796427,0.24812139244,2.52301490087,-1.18461666344,-0.164519439501,90.675239563,0.508514631184,0.0920388472731,-0.132689338152,1.38250018508,0.372757331456,0.249271878031,0.0655776786821,92.2204208374
7.839992,-0.355883542789,0.128087395788,0.656160282018,0.24812139244,2.52263140568,-1.18500015864,-0.160300992334,90.675239563,0.50774764079,0.0920388472731,-0.132305842955,1.38211668988,0.37352432185,0.248888382834,0.066344669076,92.2204208374
7.849984,-0.355116552395,0.130004871773,0.655393291624,0.24812139244,2.52263140568,-1.18461666344,-0.156849535561,90.675239563,0.50774764079,0.0916553520762,-0.133456328546,1.38250018508,0.372757331456,0.248888382834,0.0655776786821,92.2204208374
7.860033,-0.355116552395,0.13038836697,0.655776786821,0.248504887637,2.52301490087,-1.18576714904,-0.156466040364,90.675239563,0.508131135987,0.0920388472731,-0.133072833349,1.38250018508,0.373140826653,0.249271878031,0.0651941834851,92.2204208374
7.869992,-0.353966066805,0.133839823743,0.655393291624,0.24812139244,2.52378189127,-1.18615064423,-0.15569904997,90.675239563,0.507364145593,0.0916553520762,-0.133839823743,1.38250018508,0.37352432185,0.249271878031,0.0640436978942,92.2204208374
7.879984,-0.353582571608,0.135757299728,0.655776786821,0.248888382834,2.52301490087,-1.18730112982,-0.154932059576,90.675239563,0.507364145593,0.0920388472731,-0.133072833349,1.38288368028,0.37352432185,0.248888382834,0.0648106882882,92.2204208374
7.889986,-0.353582571608,0.135373804531,0.655776786821,0.249271878031,2.52378189127,-1.18806812022,-0.154932059576,90.675239563,0.507364145593,0.0920388472731,-0.133072833349,1.38250018508,0.373140826653,0.249655373228,0.066344669076,92.2204208374
7.899984,-0.353199076411,0.135373804531,0.655776786821,0.249655373228,2.52416538647,-1.18883511061,-0.154548564379,90.675239563,0.508131135987,0.0916553520762,-0.132305842955,1.38326717548,0.373140826653,0.248888382834,0.0651941834851,92.2204208374
7.909985,-0.352815581214,0.137674775713,0.655009796427,0.251189354016,2.52378189127,-1.18960210101,-0.154932059576,90.675239563,0.507364145593,0.0916553520762,-0.133456328546,1.38211668988,0.372373836259,0.249271878031,0.0655776786821,92.2204208374
7.919982,-0.353199076411,0.137674775713,0.655393291624,0.252723334804,2.52454888166,-1.19151957699,-0.154548564379,90.675239563,0.50774764079,0.0916553520762,-0.133456328546,1.38250018508,0.372373836259,0.248888382834,0.0651941834851,92.2204208374
7.929986,-0.353582571608,0.138441766107,0.655393291624,0.253106830001,2.52493237686,-1.19305355778,-0.154548564379,90.675239563,0.50774764079,0.0916553520762,-0.132689338152,1.38211668988,0.373140826653,0.249271878031,0.0651941834851,92.2204208374
7.940002,-0.352432086017,0.138825261304,0.656160282018,0.253106830001,2.52531587206,-1.19267006258,-0.155315554773,90.675239563,0.507364145593,0.0916553520762,-0.133072833349,1.38250018508,0.373140826653,0.248888382834,0.0651941834851,92.2204208374
7.950007,-0.352432086017,0.139592251698,0.655776786821,0.253106830001,2.52608286245,-1.19267006258,-0.154548564379,90.675239563,0.50774764079,0.0912718568792,-0.132689338152,1.38326717548,0.372757331456,0.24812139244,0.0659611738791,92.2204208374
7.960019,-0.352432086017,0.139208756501,0.655776786821,0.254640810789,2.52569936725,-1.19497103376,-0.15569904997,90.675239563,0.508131135987,0.0920388472731,-0.133072833349,1.38250018508,0.373140826653,0.248504887637,0.0659611738791,92.2204208374
7.969995,-0.35204859082,0.139975746895,0.656160282018,0.254257315592,2.52569936725,-1.19458753857,-0.157616525955,90.675239563,0.507364145593,0.0920388472731,-0.133456328546,1.38211668988,0.373140826653,0.249655373228,0.0655776786821,92.2204208374
7.979987,-0.353199076411,0.140359242092,0.655393291624,0.255024305986,2.52608286245,-1.19382054817,-0.158767011546,90.675239563,0.50774764079,0.0912718568792,-0.133072833349,1.38288368028,0.373140826653,0.249655373228,0.0655776786821,92.2204208374
7.989983,-0.352432086017,0.139975746895,0.656160282018,0.25579129638,2.52569936725,-1.19458753857,-0.158767011546,90.675239563,0.50774764079,0.0916553520762,-0.133072833349,1.38326717548,0.373140826653,0.249271878031,0.0651941834851,92.2204208374
8.000003,-0.353582571608,0.139592251698,0.655009796427,0.25579129638,2.52531587206,-1.19420404337,-0.160300992334,90.675239563,0.50774764079,0.0924223424701,-0.133072833349,1.38211668988,0.373140826653,0.249655373228,0.0651941834851,92.2204208374
8.010008,-0.353199076411,0.139592251698,0.655776786821,0.255024305986,2.52531587206,-1.19497103376,-0.160300992334,90.675239563,0.508514631184,0.0912718568792,-0.132689338152,1.38211668988,0.373140826653,0.249655373228,0.0655776786821,92.2204208374
8.020005,-0.353199076411,0.139975746895,0.655393291624,0.255024305986,2.52531587206,-1.19458753857,-0.160684487531,90.675239563,0.508514631184,0.0916553520762,-0.132689338152,1.38211668988,0.373140826653,0.249271878031,0.0655776786821,92.2204208374
8.030022,-0.353582571608,0.140742737288,0.655776786821,0.255407801183,2.52531587206,-1.19420404337,-0.15953400194,90.675239563,0.50774764079,0.0920388472731,-0.132689338152,1.38250018508,0.373140826653,0.249655373228,0.0655776786821,92.2204208374
8.040015,-0.353199076411,0.141126232485,0.655776786821,0.255407801183,2.52531587206,-1.19420404337,-0.161451477925,90.675239563,0.50774764079,0.0920388472731,-0.133072833349,1.38250018508,0.372757331456,0.249271878031,0.0651941834851,92.2204208374
8.050244,-0.353582571608,0.140742737288,0.655009796427,0.25579129638,2.52454888166,-1.19420404337,-0.160684487531,90.675239563,0.50774764079,0.0920388472731,-0.133072833349,1.38250018508,0.37352432185,0.249271878031,0.0648106882882,92.2204208374
8.059997,-0.353582571608,0.140742737288,0.656543777215,0.257325277168,2.52378189127,-1.19305355778,-0.15953400194,90.675239563,0.508514631184,0.0920388472731,-0.133072833349,1.38211668988,0.37352432185,0.249271878031,0.0648106882882,92.2204208374
8.069988,-0.353582571608,0.139975746895,0.655776786821,0.256174791577,2.52301490087,-1.19343705297,-0.160684487531,90.675239563,0.50774764079,0.0920388472731,-0.133456328546,1.38250018508,0.372757331456,0.249655373228,0.0655776786821,92.2204208374
8.079986,-0.354349562002,0.139975746895,0.656160282018,0.255407801183,2.52263140568,-1.19343705297,-0.159917497137,90.675239563,0.508131135987,0.0920388472731,-0.132689338152,1.38326717548,0.37352432185,0.249271878031,0.0659611738791,92.2204208374
8.090012,-0.353966066805,0.141126232485,0.655009796427,0.255024305986,2.52071392969,-1.19305355778,-0.159917497137,90.675239563,0.508131135987,0.0924223424701,-0.133072833349,1.38250018508,0.372373836259,0.248888382834,0.0648106882882,92.2204208374
8.100018,-0.354349562002,0.140742737288,0.655393291624,0.256174791577,2.5203304345,-1.19305355778,-0.160300992334,90.675239563,0.508131135987,0.0916553520762,-0.133072833349,1.38173319469,0.373140826653,0.249271878031,0.0648106882882,92.2204208374
8.110019,-0.354733057199,0.140742737288,0.655776786821,0.256174791577,2.5199469393,-1.19305355778,-0.159917497137,90.675239563,0.508514631184,0.0916553520762,-0.133072833349,1.38288368028,0.372757331456,0.249655373228,0.0659611738791,92.2204208374
8.120006,-0.354349562002,0.140359242092,0.655393291624,0.255024305986,2.5199469393,-1.19305355778,-0.159917497137,90.675239563,0.508514631184,0.0912718568792,-0.133072833349,1.38211668988,0.372757331456,0.249655373228,0.0655776786821,92.2204208374
8.129982,-0.355116552395,0.139975746895,0.655393291624,0.255407801183,2.5199469393,-1.19305355778,-0.159917497137,90.675239563,0.508514631184,0.0916553520762,-0.133072833349,1.38288368028,0.373140826653,0.249655373228,0.0651941834851,92.2204208374
8.139983,-0.356267037986,0.139975746895,0.655776786821,0.255024305986,2.5199469393,-1.19343705297,-0.160300992334,90.675239563,0.508898126381,0.0924223424701,-0.133072833349,1.38250018508,0.372373836259,0.249271878031,0.0655776786821,92.2204208374
8.149982,-0.356650533183,0.139975746895,0.655776786821,0.255024305986,2.52109742489,-1.19267006258,-0.160684487531,90.675239563,0.508131135987,0.0920388472731,-0.133456328546,1.38173319469,0.372373836259,0.249271878031,0.0651941834851,92.2204208374
8.159985,-0.356650533183,0.141126232485,0.655393291624,0.255024305986,2.52109742489,-1.19382054817,-0.159917497137,90.675239563,0.50774764079,0.0908883616822,-0.133072833349,1.38250018508,0.372757331456,0.248888382834,0.0655776786821,92.2204208374
8.169983,-0.356650533183,0.139208756501,0.655393291624,0.255024305986,2.52071392969,-1.19267006258,-0.159917497137,90.675239563,0.50774764079,0.0916553520762,-0.132689338152,1.38288368028,0.37352432185,0.249271878031,0.0651941834851,92.2204208374
8.179984,-0.357801018774,0.140359242092,0.655009796427,0.254640810789,2.52109742489,-1.19305355778,-0.159917497137,90.675239563,0.508131135987,0.0920388472731,-0.133072833349,1.38211668988,0.37352432185,0.248504887637,0.0651941834851,92.2204208374
8.189985,-0.357801018774,0.139592251698,0.655776786821,0.254640810789,2.52071392969,-1.19305355778,-0.159917497137,90.675239563,0.507364145593,0.0916553520762,-0.133072833349,1.38173319469,0.37352432185,0.249271878031,0.0655776786821,92.2204208374
8.199986,-0.358951504365,0.139592251698,0.655776786821,0.255024305986,2.52071392969,-1.19267006258,-0.160684487531,90.675239563,0.507364145593,0.0920388472731,-0.133839823743,1.38211668988,0.373140826653,0.249655373228,0.0651941834851,92.2204208374
8.209982,-0.358951504365,0.139975746895,0.65462630123,0.255407801183,2.52071392969,-1.19305355778,-0.159917497137,90.675239563,0.50774764079,0.0916553520762,-0.133072833349,1.38326717548,0.373140826653,0.249271878031,0.0655776786821,92.2204208374
8.219984,-0.359718494759,0.139592251698,0.656160282018,0.255024305986,2.52071392969,-1.19190307219,-0.160300992334,90.675239563,0.508131135987,0.0924223424701,-0.132689338152,1.38288368028,0.373140826653,0.249271878031,0.0651941834851,92.2204208374
8.229984,-0.359718494759,0.139975746895,0.655393291624,0.255024305986,2.5203304345,-1.19228656738,-0.159917497137,90.675239563,0.50774764079,0.0912718568792,-0.132689338152,1.38250018508,0.373140826653,0.249271878031,0.0655776786821,92.2204208374
8.239981,-0.359718494759,0.139592251698,0.655393291624,0.254640810789,2.5203304345,-1.19305355778,-0.160300992334,90.675239563,0.508514631184,0.0920388472731,-0.133072833349,1.38288368028,0.37352432185,0.250038868425,0.0659611738791,92.2204208374
8.249984,-0.36086898035,0.139208756501,0.65462630123,0.253873820395,2.52071392969,-1.19228656738,-0.160684487531,90.675239563,0.50774764079,0.0916553520762,-0.132689338152,1.38288368028,0.372373836259,0.248504887637,0.0655776786821,92.2204208374
8.259989,-0.36086898035,0.139208756501,0.65462630123,0.255024305986,2.5203304345,-1.19113608179,-0.160684487531,90.675239563,0.508131135987,0.0916553520762,-0.133839823743,1.38288368028,0.373140826653,0.248888382834,0.0648106882882,92.2204208374
8.269994,-0.36086898035,0.138441766107,0.655393291624,0.254257315592,2.5203304345,-1.19228656738,-0.160300992334,90.675239563,0.508131135987,0.0916553520762,-0.132689338152,1.38250018508,0.373140826653,0.249271878031,0.0659611738791,92.2204208374
8.280000,-0.362019465941,0.138825261304,0.656160282018,0.253490325198,2.5203304345,-1.19228656738,-0.160300992334,90.675239563,0.507364145593,0.0916553520762,-0.132689338152,1.38288368028,0.372757331456,0.249271878031,0.0659611738791,92.2204208374
8.289994,-0.362402961138,0.138825261304,0.655393291624,0.254640810789,2.5203304345,-1.19228656738,-0.15953400194,90.675239563,0.50774764079,0.0916553520762,-0.133072833349,1.38173319469,0.372373836259,0.249271878031,0.0659611738791,92.2204208374
8.300069,-0.362402961138,0.138441766107,0.655393291624,0.253873820395,2.52071392969,-1.19190307219,-0.160300992334,90.675239563,0.50774764079,0.0920388472731,-0.132689338152,1.38326717548,0.372757331456,0.249655373228,0.0648106882882,92.2204208374
8.310089,-0.363936941926,0.137674775713,0.655776786821,0.253873820395,2.5203304345,-1.19305355778,-0.160300992334,90.675239563,0.508131135987,0.0916553520762,-0.132689338152,1.38288368028,0.37352432185,0.249655373228,0.0651941834851,92.2204208374
8.320076,-0.363553446729,0.139592251698,0.655393291624,0.254257315592,2.5203304345,-1.19267006258,-0.160300992334,90.675239563,0.508131135987,0.0928058376671,-0.132305842955,1.38250018508,0.373140826653,0.249271878031,0.0651941834851,92.2204208374
8.330062,-0.363936941926,0.139975746895,0.655776786821,0.254640810789,2.5203304345,-1.19267006258,-0.15953400194,90.675239563,0.50774764079,0.0920388472731,-0.133839823743,1.38250018508,0.373140826653,0.249655373228,0.0648106882882,92.2204208374
8.340044,-0.36470393232,0.138441766107,0.655393291624,0.254257315592,2.5199469393,-1.19190307219,-0.160300992334,90.675239563,0.50774764079,0.0916553520762,-0.133072833349,1.38173319469,0.371990341062,0.248504887637,0.0659611738791,92.2204208374
8.350038,-0.36470393232,0.13805827091,0.65462630123,0.253490325198,2.5203304345,-1.19228656738,-0.159917497137,90.675239563,0.508514631184,0.0920388472731,-0.133456328546,1.38288368028,0.373140826653,0.248504887637,0.0651941834851,92.2204208374
8.360042,-0.365470922714,0.139592251698,0.655776786821,0.254640810789,2.5195634441,-1.19190307219,-0.160300992334,90.675239563,0.508131135987,0.0924223424701,-0.133456328546,1.38326717548,0.37352432185,0.249655373228,0.0655776786821,92.2204208374
8.370007,-0.365087427517,0.139208756501,0.655009796427,0.253873820395,2.5199469393,-1.19267006258,-0.159917497137,90.675239563,0.508131135987,0.0920388472731,-0.133072833349,1.38288368028,0.373140826653,0.249655373228,0.0659611738791,92.2204208374
8.380005,-0.365087427517,0.139208756501,0.655776786821,0.254257315592,2.52071392969,-1.19228656738,-0.160300992334,90.675239563,0.50774764079,0.0916553520762,-0.133072833349,1.38173319469,0.372757331456,0.250038868425,0.0651941834851,92.2204208374
8.390006,-0.365854417911,0.139975746895,0.656160282018,0.254257315592,2.5203304345,-1.19190307219,-0.159917497137,90.675239563,0.508131135987,0.0908883616822,-0.133072833349,1.38211668988,0.373140826653,0.250038868425,0.0651941834851,92.2204208374
8.400004,-0.366237913108,0.138825261304,0.655393291624,0.254640810789,2.5203304345,-1.19228656738,-0.159917497137,90.675239563,0.508131135987,0.0920388472731,-0.133072833349,1.38326717548,0.373140826653,0.248504887637,0.0655776786821,92.2204208374
8.410001,-0.366237913108,0.139975746895,0.655009796427,0.253490325198,2.5199469393,-1.19305355778,-0.160684487531,90.675239563,0.50774764079,0.0920388472731,-0.132689338152,1.38211668988,0.373140826653,0.248504887637,0.0659611738791,92.2204208374
8.420003,-0.367004903502,0.138825261304,0.655776786821,0.253873820395,2.5203304345,-1.19151957699,-0.158767011546,90.675239563,0.508514631184,0.0924223424701,-0.131922347758,1.38211668988,0.373140826653,0.248888382834,0.0655776786821,92.2204208374
8.430003,-0.367004903502,0.139208756501,0.655393291624,0.253873820395,2.5199469393,-1.19190307219,-0.160300992334,90.675239563,0.50774764079,0.0912718568792,-0.133072833349,1.38288368028,0.373140826653,0.248888382834,0.066344669076,92.2204208374
8.440001,-0.367388398699,0.140359242092,0.655776786821,0.253873820395,2.5203304345,-1.19267006258,-0.159917497137,90.675239563,0.508898126381,0.0916553520762,-0.133456328546,1.38211668988,0.37352432185,0.249271878031,0.0655776786821,92.2204208374
8.450001,-0.367771893896,0.138825261304,0.655009796427,0.254257315592,2.5203304345,-1.19228656738,-0.159917497137,90.675239563,0.508514631184,0.0920388472731,-0.133072833349,1.38288368028,0.372757331456,0.248888382834,0.0655776786821,92.2204208374
8.459968,-0.367771893896,0.139208756501,0.655393291624,0.253873820395,2.5199469393,-1.19228656738,-0.160300992334,90.675239563,0.508514631184,0.0924223424701,-0.132689338152,1.38250018508,0.372757331456,0.249271878031,0.0655776786821,92.2204208374
8.470006,-0.367388398699,0.139592251698,0.655776786821,0.255024305986,2.5195634441,-1.19228656738,-0.160300992334,90.675239563,0.50774764079,0.0916553520762,-0.133839823743,1.38288368028,0.373140826653,0.248888382834,0.0651941834851,92.2204208374
8.479997,-0.368155389092,0.139592251698,0.655776786821,0.253873820395,2.5203304345,-1.19190307219,-0.160684487531,90.675239563,0.507364145593,0.0916553520762,-0.132689338152,1.38250018508,0.373140826653,0.249271878031,0.0655776786821,92.2204208374
8.489996,-0.367771893896,0.139208756501,0.655393291624,0.254257315592,2.5199469393,-1.19190307219,-0.160684487531,90.675239563,0.50774764079,0.0916553520762,-0.132689338152,1.38250018508,0.372757331456,0.249271878031,0.0655776786821,92.2204208374
8.499999,-0.367771893896,0.139592251698,0.655009796427,0.254257315592,2.5203304345,-1.19267006258,-0.160300992334,90.675239563,0.50774764079,0.0916553520762,-0.133456328546,1.38250018508,0.373140826653,0.248888382834,0.0651941834851,92.2204208374
8.509997,-0.368155389092,0.138825261304,0.656160282018,0.254257315592,2.5195634441,-1.19190307219,-0.159917497137,90.675239563,0.508514631184,0.0916553520762,-0.132689338152,1.38250018508,0.37352432185,0.250038868425,0.0651941834851,92.2204208374
8.520000,-0.368538884289,0.139975746895,0.655776786821,0.254640810789,2.5203304345,-1.19190307219,-0.159917497137,90.675239563,0.508131135987,0.0912718568792,-0.132689338152,1.38250018508,0.37352432185,0.249655373228,0.0659611738791,92.2204208374
8.529999,-0.368538884289,0.139975746895,0.655393291624,0.254640810789,2.5203304345,-1.19190307219,-0.159917497137,90.675239563,0.508131135987,0.0912718568792,-0.133839823743,1.38211668988,0.37352432185,0.248888382834,0.0659611738791,92.2204208374
8.539998,-0.368922379486,0.139592251698,0.655776786821,0.254257315592,2.5203304345,-1.19190307219,-0.160300992334,90.675239563,0.508898126381,0.0916553520762,-0.13422331894,1.38250018508,0.373140826653,0.249655373228,0.0655776786821,92.2204208374
8.550033,-0.368538884289,0.138441766107,0.655393291624,0.253873820395,2.5203304345,-1.1907525866,-0.15953400194,90.675239563,0.508514631184,0.0916553520762,-0.132689338152,1.38250018508,0.373140826653,0.248888382834,0.0651941834851,92.2204208374
8.560164,-0.368922379486,0.137674775713,0.655776786821,0.253490325198,2.5199469393,-1.19151957699,-0.160300992334,90.675239563,0.508131135987,0.0916553520762,-0.132689338152,1.38250018508,0.372373836259,0.248504887637,0.0655776786821,92.2204208374
8.570054,-0.368922379486,0.139975746895,0.655009796427,0.254257315592,2.5203304345,-1.19190307219,-0.159917497137,90.675239563,0.508514631184,0.0916553520762,-0.132305842955,1.38288368028,0.373140826653,0.249271878031,0.0655776786821,92.2204208374
8.580013,-0.368538884289,0.140359242092,0.655776786821,0.253490325198,2.5203304345,-1.19190307219,-0.160300992334,90.675239563,0.508514631184,0.0924223424701,-0.133072833349,1.38250018508,0.372757331456,0.250038868425,0.0651941834851,92.2204208374
8.589997,-0.368155389092,0.140359242092,0.655393291624,0.253873820395,2.52071392969,-1.19190307219,-0.159917497137,90.675239563,0.508131135987,0.0916553520762,-0.133072833349,1.38134969949,0.373907817047,0.248888382834,0.0655776786821,92.2204208374
8.599998,-0.368538884289,0.139208756501,0.655776786821,0.255024305986,2.5199469393,-1.19190307219,-0.160684487531,90.675239563,0.508514631184,0.0912718568792,-0.133456328546,1.38250018508,0.372757331456,0.248888382834,0.066344669076,92.2204208374
8.609992,-0.368538884289,0.139592251698,0.655393291624,0.253106830001,2.52071392969,-1.19228656738,-0.159150506743,90.675239563,0.508514631184,0.0920388472731,-0.133072833349,1.38288368028,0.373140826653,0.249271878031,0.0651941834851,92.2204208374
8.619988,-0.368155389092,0.138825261304,0.655393291624,0.253490325198,2.5203304345,-1.19190307219,-0.160300992334,90.675239563,0.508131135987,0.0924223424701,-0.132689338152,1.38326717548,0.373140826653,0.249655373228,0.0655776786821,92.2204208374
8.629984,-0.368538884289,0.138825261304,0.655776786821,0.253490325198,2.5203304345,-1.19190307219,-0.159917497137,90.675239563,0.508131135987,0.0920388472731,-0.133456328546,1.38211668988,0.373907817047,0.249655373228,0.0651941834851,92.2204208374
8.639988,-0.367771893896,0.139208756501,0.655393291624,0.254640810789,2.5203304345,-1.19113608179,-0.15953400194,90.675239563,0.509665116775,0.0912718568792,-0.133456328546,1.38211668988,0.373140826653,0.248888382834,0.0655776786821,92.2204208374
8.649986,-0.368155389092,0.139208756501,0.655393291624,0.254640810789,2.52071392969,-1.19190307219,-0.160300992334,90.675239563,0.508131135987,0.0916553520762,-0.13422331894,1.38288368028,0.373140826653,0.249271878031,0.0655776786821,92.2204208374
8.659986,-0.368155389092,0.139592251698,0.655776786821,0.253873820395,2.5203304345,-1.19190307219,-0.159917497137,90.675239563,0.508131135987,0.0916553520762,-0.132305842955,1.38250018508,0.37352432185,0.248888382834,0.0651941834851,92.2204208374
8.669989,-0.368155389092,0.138825261304,0.655776786821,0.254257315592,2.5203304345,-1.19113608179,-0.160684487531,90.675239563,0.508131135987,0.0908883616822,-0.132689338152,1.38211668988,0.372757331456,0.248888382834,0.0648106882882,92.2204208374
8.679989,-0.367771893896,0.139592251698,0.655393291624,0.253873820395,2.5203304345,-1.19151957699,-0.15953400194,90.675239563,0.508131135987,0.0920388472731,-0.132305842955,1.38250018508,0.373140826653,0.249271878031,0.0659611738791,92.2204208374
8.689994,-0.368538884289,0.139208756501,0.655776786821,0.253873820395,2.52109742489,-1.1903690914,-0.160300992334,90.675239563,0.508131135987,0.0924223424701,-0.133072833349,1.38211668988,0.372757331456,0.248504887637,0.0659611738791,92.2204208374
8.699998,-0.368155389092,0.138825261304,0.655393291624,0.253873820395,2.52071392969,-1.1907525866,-0.160300992334,90.675239563,0.508514631184,0.0912718568792,-0.133072833349,1.38326717548,0.37352432185,0.249655373228,0.0655776786821,92.2204208374
8.709989,-0.367388398699,0.138825261304,0.655776786821,0.253490325198,2.52109742489,-1.1903690914,-0.159917497137,90.675239563,0.508131135987,0.0924223424701,-0.133839823743,1.38211668988,0.373140826653,0.249655373228,0.0651941834851,92.2204208374
8.719989,-0.368155389092,0.139208756501,0.655393291624,0.254640810789,2.5203304345,-1.1903690914,-0.160300992334,90.675239563,0.508131135987,0.0912718568792,-0.133839823743,1.38288368028,0.373140826653,0.248888382834,0.0655776786821,92.2204208374
8.729988,-0.367771893896,0.139208756501,0.656543777215,0.253106830001,2.5203304345,-1.18960210101,-0.159917497137,90.675239563,0.50774764079,0.0912718568792,-0.133072833349,1.38288368028,0.37352432185,0.249271878031,0.0648106882882,92.2204208374
8.739985,-0.367771893896,0.139592251698,0.655776786821,0.254640810789,2.5199469393,-1.18960210101,-0.160300992334,90.675239563,0.508131135987,0.0920388472731,-0.133072833349,1.38250018508,0.373140826653,0.249655373228,0.0655776786821,92.2204208374
8.749987,-0.367771893896,0.139208756501,0.655393291624,0.253490325198,2.5203304345,-1.1899855962,-0.159917497137,90.675239563,0.508131135987,0.0920388472731,-0.132689338152,1.38173319469,0.373140826653,0.249271878031,0.0655776786821,92.2204208374
8.759987,-0.368155389092,0.140359242092,0.655776786821,0.253873820395,2.5203304345,-1.19113608179,-0.159917497137,90.675239563,0.508131135987,0.0912718568792,-0.133072833349,1.38211668988,0.373140826653,0.248888382834,0.0655776786821,92.2204208374
8.769985,-0.368155389092,0.139592251698,0.655393291624,0.253106830001,2.52071392969,-1.1907525866,-0.160300992334,90.675239563,0.50774764079,0.0920388472731,-0.133456328546,1.38250018508,0.373140826653,0.249271878031,0.0659611738791,92.2204208374
8.779984,-0.368155389092,0.139592251698,0.655776786821,0.253490325198,2.5199469393,-1.18960210101,-0.160300992334,90.675239563,0.508131135987,0.0920388472731,-0.133072833349,1.38288368028,0.372757331456,0.249655373228,0.0651941834851,92.2204208374
8.789983,-0.368538884289,0.139208756501,0.655776786821,0.255024305986,2.5203304345,-1.18921860581,-0.160300992334,90.675239563,0.508514631184,0.0916553520762,-0.133456328546,1.38250018508,0.373140826653,0.249655373228,0.0659611738791,92.2204208374
8.799984,-0.367771893896,0.139208756501,0.655393291624,0.254257315592,2.52071392969,-1.1899855962,-0.160684487531,90.675239563,0.508131135987,0.0920388472731,-0.133456328546,1.38288368028,0.373907817047,0.249271878031,0.066344669076,92.2204208374
8.809985,-0.368155389092,0.138825261304,0.655776786821,0.253873820395,2.5203304345,-1.1903690914,-0.160684487531,90.675239563,0.508131135987,0.0916553520762,-0.132689338152,1.38250018508,0.373140826653,0.249271878031,0.0655776786821,92.2204208374
8.819985,-0.368155389092,0.139208756501,0.655776786821,0.253873820395,2.52071392969,-1.1903690914,-0.159917497137,90.675239563,0.50774764079,0.0916553520762,-0.133456328546,1.38250018508,0.373140826653,0.248888382834,0.0659611738791,92.2204208374
8.829988,-0.367771893896,0.138441766107,0.656543777215,0.253873820395,2.52071392969,-1.1899855962,-0.159917497137,90.675239563,0.50774764079,0.0920388472731,-0.133072833349,1.38250018508,0.372757331456,0.249655373228,0.0655776786821,92.2204208374
8.839988,-0.367388398699,0.138441766107,0.656160282018,0.253106830001,2.5203304345,-1.1899855962,-0.160300992334,90.675239563,0.50774764079,0.0920388472731,-0.132689338152,1.38211668988,0.37352432185,0.249271878031,0.0651941834851,92.2204208374
8.849988,-0.367388398699,0.139208756501,0.655393291624,0.253106830001,2.52071392969,-1.1907525866,-0.160300992334,90.675239563,0.508514631184,0.0920388472731,-0.133072833349,1.38250018508,0.373140826653,0.250038868425,0.0655776786821,92.2204208374
8.859989,-0.368155389092,0.139975746895,0.655776786821,0.252723334804,2.5203304345,-1.18921860581,-0.159917497137,90.675239563,0.509281621578,0.0916553520762,-0.132305842955,1.38250018508,0.372757331456,0.248888382834,0.0655776786821,92.2204208374
8.869989,-0.367388398699,0.139208756501,0.656543777215,0.253490325198,2.52071392969,-1.18960210101,-0.159917497137,90.675239563,0.508898126381,0.0924223424701,-0.132689338152,1.38211668988,0.37352432185,0.249271878031,0.0655776786821,92.2204208374
8.879985,-0.368155389092,0.139208756501,0.655776786821,0.253490325198,2.5199469393,-1.1903690914,-0.15953400194,90.675239563,0.508131135987,0.0912718568792,-0.132689338152,1.38211668988,0.37352432185,0.249271878031,0.0655776786821,92.2204208374
8.889986,-0.367388398699,0.138441766107,0.656160282018,0.254257315592,2.5203304345,-1.18883511061,-0.159917497137,90.675239563,0.508131135987,0.0920388472731,-0.133456328546,1.38326717548,0.372757331456,0.249655373228,0.0659611738791,92.2204208374
8.899984,-0.367388398699,0.139208756501,0.655393291624,0.253490325198,2.5203304345,-1.1899855962,-0.159917497137,90.675239563,0.508131135987,0.0912718568792,-0.133072833349,1.38250018508,0.372757331456,0.249271878031,0.0655776786821,92.2204208374
8.910036,-0.368155389092,0.139208756501,0.655776786821,0.252723334804,2.5203304345,-1.1903690914,-0.159917497137,90.675239563,0.508514631184,0.0912718568792,-0.133072833349,1.38211668988,0.372757331456,0.249271878031,0.0651941834851,92.2204208374
8.920064,-0.367771893896,0.138825261304,0.655009796427,0.253106830001,2.5203304345,-1.1899855962,-0.159917497137,90.675239563,0.508898126381,0.0912718568792,-0.133456328546,1.38211668988,0.372757331456,0.249271878031,0.066344669076,92.2204208374
8.929983,-0.367004903502,0.139208756501,0.655393291624,0.252723334804,2.5203304345,-1.1899855962,-0.160684487531,90.675239563,0.50774764079,0.0916553520762,-0.133072833349,1.38288368028,0.372757331456,0.249655373228,0.0648106882882,92.2204208374
8.939982,-0.367004903502,0.138825261304,0.655009796427,0.25195634441,2.5199469393,-1.18960210101,-0.160300992334,90.675239563,0.508131135987,0.0912718568792,-0.133456328546,1.38250018508,0.37352432185,0.249271878031,0.0659611738791,92.2204208374
8.949988,-0.367004903502,0.138441766107,0.655776786821,0.25195634441,2.5195634441,-1.1899855962,-0.160300992334,90.675239563,0.508131135987,0.0916553520762,-0.133456328546,1.38288368028,0.373140826653,0.24812139244,0.0655776786821,92.2204208374
8.960066,-0.367388398699,0.138825261304,0.655009796427,0.251572849213,2.5203304345,-1.1907525866,-0.160300992334,90.675239563,0.508131135987,0.0920388472731,-0.133072833349,1.38288368028,0.373140826653,0.248888382834,0.0655776786821,92.2204208374
8.969989,-0.367388398699,0.139208756501,0.655009796427,0.252339839607,2.52071392969,-1.1899855962,-0.160300992334,90.675239563,0.508514631184,0.0920388472731,-0.133839823743,1.38211668988,0.372373836259,0.248888382834,0.0651941834851,92.2204208374
8.979983,-0.366237913108,0.138825261304,0.655009796427,0.252723334804,2.52071392969,-1.1899855962,-0.15953400194,90.675239563,0.50774764079,0.0912718568792,-0.133456328546,1.38211668988,0.373140826653,0.249271878031,0.0648106882882,92.2204208374
8.989984,-0.366621408305,0.139975746895,0.656160282018,0.252339839607,2.5203304345,-1.18960210101,-0.160300992334,90.675239563,0.508514631184,0.0920388472731,-0.133072833349,1.38250018508,0.373140826653,0.249271878031,0.0651941834851,92.2204208374
8.999982,-0.366237913108,0.138825261304,0.655393291624,0.25195634441,2.52071392969,-1.1907525866,-0.160684487531,90.675239563,0.508131135987,0.0905048664852,-0.133072833349,1.38250018508,0.373140826653,0.249655373228,0.0651941834851,92.2204208374
9.009986,-0.366621408305,0.139208756501,0.655393291624,0.251572849213,2.5203304345,-1.1903690914,-0.159917497137,90.675239563,0.50774764079,0.0916553520762,-0.133839823743,1.38250018508,0.373140826653,0.250038868425,0.0655776786821,92.2204208374
9.019985,-0.365854417911,0.138441766107,0.655393291624,0.251572849213,2.52071392969,-1.19151957699,-0.160300992334,90.675239563,0.508514631184,0.0920388472731,-0.133072833349,1.38211668988,0.372757331456,0.249655373228,0.0659611738791,92.2204208374
9.029986,-0.365854417911,0.139208756501,0.655776786821,0.251189354016,2.5203304345,-1.1907525866,-0.15953400194,90.675239563,0.50774764079,0.0920388472731,-0.133072833349,1.38250018508,0.372757331456,0.248504887637,0.0655776786821,92.2204208374
9.039986,-0.366621408305,0.138825261304,0.655393291624,0.250805858819,2.5203304345,-1.18960210101,-0.159917497137,90.675239563,0.50774764079,0.0920388472731,-0.133072833349,1.38250018508,0.37352432185,0.248888382834,0.0655776786821,92.2204208374
9.049984,-0.366621408305,0.138441766107,0.655393291624,0.250422363622,2.5203304345,-1.18960210101,-0.160300992334,90.675239563,0.507364145593,0.0912718568792,-0.133456328546,1.38211668988,0.37352432185,0.249655373228,0.0655776786821,92.2204208374
9.060008,-0.366621408305,0.13805827091,0.655393291624,0.250805858819,2.5203304345,-1.1899855962,-0.160300992334,90.675239563,0.508131135987,0.0916553520762,-0.133839823743,1.38250018508,0.37352432185,0.249655373228,0.0659611738791,92.2204208374
9.070014,-0.365854417911,0.137291280516,0.655393291624,0.250422363622,2.52071392969,-1.1899855962,-0.160300992334,90.675239563,0.50774764079,0.0920388472731,-0.133072833349,1.38250018508,0.372373836259,0.248888382834,0.0655776786821,92.2204208374
9.080013,-0.365854417911,0.138441766107,0.655393291624,0.250038868425,2.5203304345,-1.18921860581,-0.159917497137,90.675239563,0.508514631184,0.0924223424701,-0.133456328546,1.38173319469,0.373140826653,0.249655373228,0.0659611738791,92.2204208374
9.090011,-0.365470922714,0.138441766107,0.655393291624,0.250038868425,2.5203304345,-1.1907525866,-0.160300992334,90.675239563,0.508898126381,0.0924223424701,-0.133072833349,1.38250018508,0.371990341062,0.249271878031,0.0651941834851,92.2204208374
9.100008,-0.365087427517,0.13805827091,0.655393291624,0.249271878031,2.5199469393,-1.1903690914,-0.160684487531,90.675239563,0.50774764079,0.0924223424701,-0.132689338152,1.38211668988,0.37352432185,0.248504887637,0.0655776786821,92.2204208374
9.110009,-0.365470922714,0.138825261304,0.656160282018,0.248504887637,2.5203304345,-1.18960210101,-0.159150506743,90.675239563,0.50774764079,0.0924223424701,-0.133456328546,1.38250018508,0.372757331456,0.248888382834,0.0651941834851,92.2204208374
9.119992,-0.365854417911,0.138825261304,0.655776786821,0.248504887637,2.5203304345,-1.1903690914,-0.158000021152,90.675239563,0.508514631184,0.0916553520762,-0.133456328546,1.38211668988,0.373140826653,0.249271878031,0.0655776786821,92.2204208374
9.129987,-0.365470922714,0.13805827091,0.655393291624,0.248888382834,2.52071392969,-1.1899855962,-0.158383516349,90.675239563,0.508131135987,0.0912718568792,-0.133456328546,1.38250018508,0.372757331456,0.249655373228,0.0659611738791,92.2204208374
9.139983,-0.365470922714,0.137291280516,0.655776786821,0.248888382834,2.5195634441,-1.18883511061,-0.158383516349,90.675239563,0.508131135987,0.0916553520762,-0.133839823743,1.38211668988,0.37352432185,0.249655373228,0.0655776786821,92.2204208374
9.149985,-0.365470922714,0.13805827091,0.655393291624,0.249271878031,2.5203304345,-1.18921860581,-0.156849535561,90.675239563,0.508131135987,0.0924223424701,-0.133072833349,1.38250018508,0.372757331456,0.248888382834,0.0659611738791,92.2204208374
9.159984,-0.365470922714,0.13805827091,0.656160282018,0.249655373228,2.52071392969,-1.1899855962,-0.158383516349,90.675239563,0.508131135987,0.0912718568792,-0.133456328546,1.38250018508,0.373140826653,0.249271878031,0.0655776786821,92.2204208374
9.169982,-0.365087427517,0.136907785319,0.655393291624,0.248888382834,2.5195634441,-1.1899855962,-0.158383516349,90.675239563,0.508131135987,0.0924223424701,-0.132689338152,1.38211668988,0.372757331456,0.248504887637,0.0659611738791,92.2204208374
9.179984,-0.364320437123,0.13805827091,0.655776786821,0.249271878031,2.52071392969,-1.18960210101,-0.157616525955,90.675239563,0.508131135987,0.0920388472731,-0.133072833349,1.38250018508,0.372757331456,0.249271878031,0.0651941834851,92.2204208374
9.189982,-0.364320437123,0.137674775713,0.655776786821,0.248888382834,2.52071392969,-1.1907525866,-0.158000021152,90.675239563,0.508131135987,0.0924223424701,-0.132689338152,1.38288368028,0.373140826653,0.249655373228,0.0651941834851,92.2204208374
9.199983,-0.36470393232,0.137674775713,0.656160282018,0.248888382834,2.52109742489,-1.18960210101,-0.158383516349,90.675239563,0.508898126381,0.0920388472731,-0.133072833349,1.38250018508,0.37352432185,0.249271878031,0.0651941834851,92.2204208374
9.209984,-0.365087427517,0.136907785319,0.655776786821,0.24812139244,2.5203304345,-1.1899855962,-0.157616525955,90.675239563,0.50774764079,0.0920388472731,-0.133072833349,1.38288368028,0.37352432185,0.248504887637,0.0659611738791,92.2204208374
9.220000,-0.36470393232,0.137674775713,0.655393291624,0.248888382834,2.5199469393,-1.1903690914,-0.157616525955,90.675239563,0.50774764079,0.0916553520762,-0.132305842955,1.38326717548,0.373140826653,0.249655373228,0.0651941834851,92.2204208374
9.230003,-0.363936941926,0.136907785319,0.656160282018,0.248504887637,2.5203304345,-1.18845161541,-0.158383516349,90.675239563,0.507364145593,0.0920388472731,-0.133839823743,1.38250018508,0.37352432185,0.249655373228,0.0659611738791,92.2204208374
9.240015,-0.36470393232,0.136907785319,0.656160282018,0.248504887637,2.5199469393,-1.18921860581,-0.158767011546,90.675239563,0.50774764079,0.0916553520762,-0.133456328546,1.38250018508,0.373907817047,0.249655373228,0.0648106882882,92.2204208374
9.249986,-0.364320437123,0.136907785319,0.655776786821,0.248504887637,2.52109742489,-1.18883511061,-0.158000021152,90.675239563,0.508898126381,0.0920388472731,-0.132689338152,1.38173319469,0.373140826653,0.248888382834,0.0651941834851,92.2204208374
9.259985,-0.363936941926,0.137291280516,0.655393291624,0.248504887637,2.5203304345,-1.18883511061,-0.158767011546,90.675239563,0.50774764079,0.0916553520762,-0.132689338152,1.38211668988,0.372373836259,0.248504887637,0.0651941834851,92.2204208374
9.269982,-0.363936941926,0.13805827091,0.655776786821,0.24812139244,2.5203304345,-1.18845161541,-0.158000021152,90.675239563,0.508514631184,0.0912718568792,-0.133456328546,1.38250018508,0.37352432185,0.249271878031,0.0659611738791,92.2204208374
9.279984,-0.363169951532,0.136907785319,0.655393291624,0.248504887637,2.5203304345,-1.18883511061,-0.157616525955,90.675239563,0.508131135987,0.0924223424701,-0.133072833349,1.38250018508,0.372757331456,0.248888382834,0.0659611738791,92.2204208374
9.289984,-0.363553446729,0.136907785319,0.656160282018,0.248504887637,2.5203304345,-1.18883511061,-0.158000021152,90.675239563,0.508514631184,0.0912718568792,-0.133456328546,1.38250018508,0.373140826653,0.248888382834,0.0655776786821,92.2204208374
9.299982,-0.362786456335,0.136524290122,0.655393291624,0.248504887637,2.52071392969,-1.18806812022,-0.158383516349,90.675239563,0.508131135987,0.0920388472731,-0.132305842955,1.38173319469,0.37352432185,0.249271878031,0.0651941834851,92.2204208374
9.309983,-0.363169951532,0.13805827091,0.656543777215,0.24812139244,2.52071392969,-1.18768462502,-0.157616525955,90.675239563,0.508131135987,0.0912718568792,-0.132305842955,1.38250018508,0.372373836259,0.248504887637,0.0648106882882,92.2204208374
9.319985,-0.362402961138,0.136907785319,0.655776786821,0.249271878031,2.52071392969,-1.18806812022,-0.158000021152,90.675239563,0.508131135987,0.0920388472731,-0.132689338152,1.38211668988,0.372757331456,0.248888382834,0.0651941834851,92.2204208374
9.329983,-0.363936941926,0.13805827091,0.656160282018,0.248888382834,2.5203304345,-1.18845161541,-0.158000021152,90.675239563,0.508131135987,0.0928058376671,-0.132689338152,1.38250018508,0.373140826653,0.249655373228,0.0651941834851,92.2204208374
9.339994,-0.363169951532,0.136907785319,0.655776786821,0.248504887637,2.5203304345,-1.18883511061,-0.158000021152,90.675239563,0.508514631184,0.0916553520762,-0.133072833349,1.38288368028,0.373140826653,0.248504887637,0.0659611738791,92.2204208374
9.349985,-0.362786456335,0.136907785319,0.655393291624,0.248888382834,2.5203304345,-1.18921860581,-0.157616525955,90.675239563,0.508514631184,0.0912718568792,-0.133456328546,1.38211668988,0.37352432185,0.249655373228,0.0655776786821,92.2204208374
9.359983,-0.362786456335,0.136907785319,0.655393291624,0.248504887637,2.52071392969,-1.18883511061,-0.158000021152,90.675239563,0.50774764079,0.0912718568792,-0.132689338152,1.38288368028,0.372757331456,0.249271878031,0.0655776786821,92.2204208374
9.369983,-0.362786456335,0.137291280516,0.655776786821,0.249271878031,2.52071392969,-1.18883511061,-0.158767011546,90.675239563,0.508514631184,0.0920388472731,-0.133072833349,1.38288368028,0.372757331456,0.249271878031,0.0655776786821,92.2204208374
9.379991,-0.362786456335,0.137291280516,0.655393291624,0.249655373228,2.52071392969,-1.18883511061,-0.158383516349,90.675239563,0.508131135987,0.0916553520762,-0.133072833349,1.38134969949,0.372757331456,0.249271878031,0.0659611738791,92.2204208374
9.389986,-0.362786456335,0.137291280516,0.656160282018,0.248888382834,2.5203304345,-1.1899855962,-0.158767011546,90.675239563,0.508131135987,0.0924223424701,-0.132305842955,1.38288368028,0.373140826653,0.250038868425,0.0651941834851,92.2204208374
9.399982,-0.362786456335,0.136524290122,0.655776786821,0.248888382834,2.52071392969,-1.18845161541,-0.158383516349,90.675239563,0.508514631184,0.0928058376671,-0.133456328546,1.38250018508,0.372757331456,0.249655373228,0.0655776786821,92.2204208374
9.409980,-0.361635970744,0.136524290122,0.655009796427,0.24812139244,2.5199469393,-1.18921860581,-0.158383516349,90.675239563,0.508131135987,0.0920388472731,-0.133072833349,1.38326717548,0.372373836259,0.248888382834,0.0655776786821,92.2204208374
9.419987,-0.362402961138,0.136524290122,0.655393291624,0.248888382834,2.5203304345,-1.18883511061,-0.157616525955,90.675239563,0.508131135987,0.0916553520762,-0.132305842955,1.38250018508,0.373140826653,0.248888382834,0.0655776786821,92.2204208374
9.429984,-0.362019465941,0.136524290122,0.655776786821,0.249271878031,2.5203304345,-1.18806812022,-0.158000021152,90.675239563,0.508514631184,0.0912718568792,-0.133072833349,1.38326717548,0.373140826653,0.249271878031,0.0655776786821,92.2204208374
9.440008,-0.362019465941,0.136907785319,0.656160282018,0.248504887637,2.5203304345,-1.18845161541,-0.158000021152,90.675239563,0.50774764079,0.0912718568792,-0.132689338152,1.38288368028,0.372757331456,0.249655373228,0.0655776786821,92.2204208374
9.449988,-0.362019465941,0.136907785319,0.656543777215,0.248504887637,2.5199469393,-1.18806812022,-0.157616525955,90.675239563,0.50774764079,0.0924223424701,-0.132689338152,1.38250018508,0.373140826653,0.249271878031,0.0651941834851,92.2204208374
9.459983,-0.361252475547,0.136907785319,0.655393291624,0.248888382834,2.52071392969,-1.18806812022,-0.158000021152,90.675239563,0.508131135987,0.0916553520762,-0.133456328546,1.38250018508,0.373140826653,0.250038868425,0.0655776786821,92.2204208374
9.469981,-0.361635970744,0.136907785319,0.655776786821,0.24812139244,2.52109742489,-1.18768462502,-0.158000021152,90.675239563,0.50774764079,0.0920388472731,-0.133456328546,1.38288368028,0.372757331456,0.249655373228,0.0659611738791,92.2204208374
9.479985,-0.361635970744,0.136907785319,0.655776786821,0.248504887637,2.52071392969,-1.18883511061,-0.158000021152,90.675239563,0.50774764079,0.0912718568792,-0.133072833349,1.38326717548,0.373140826653,0.249271878031,0.0651941834851,92.2204208374
9.489982,-0.361635970744,0.136907785319,0.655776786821,0.248888382834,2.5203304345,-1.18845161541,-0.158383516349,90.675239563,0.508898126381,0.0916553520762,-0.133072833349,1.38288368028,0.372757331456,0.248888382834,0.0659611738791,92.2204208374
9.499985,-0.361252475547,0.136524290122,0.656160282018,0.249271878031,2.5203304345,-1.18883511061,-0.158383516349,90.675239563,0.508131135987,0.0920388472731,-0.132305842955,1.38250018508,0.372757331456,0.249271878031,0.0659611738791,92.2204208374
9.509980,-0.361635970744,0.136140794925,0.655776786821,0.248888382834,2.52071392969,-1.18883511061,-0.158000021152,90.675239563,0.508131135987,0.0916553520762,-0.132689338152,1.38250018508,0.37352432185,0.249271878031,0.0655776786821,92.2204208374
9.520029,-0.361635970744,0.136140794925,0.655776786821,0.249271878031,2.5203304345,-1.18921860581,-0.156466040364,90.675239563,0.50774764079,0.0912718568792,-0.132689338152,1.38288368028,0.37352432185,0.249271878031,0.0655776786821,92.2204208374
9.530090,-0.362019465941,0.136140794925,0.655776786821,0.248504887637,2.5199469393,-1.18883511061,-0.158383516349,90.675239563,0.508131135987,0.0912718568792,-0.133072833349,1.38250018508,0.37352432185,0.249271878031,0.0655776786821,92.2204208374
9.540055,-0.361252475547,0.136140794925,0.655776786821,0.248504887637,2.52109742489,-1.18845161541,-0.158000021152,90.675239563,0.50774764079,0.0912718568792,-0.131922347758,1.38288368028,0.373140826653,0.248888382834,0.0655776786821,92.2204208374
9.550030,-0.361252475547,0.135757299728,0.656160282018,0.247737897243,2.5203304345,-1.18883511061,-0.158383516349,90.675239563,0.508131135987,0.0916553520762,-0.131922347758,1.38288368028,0.373140826653,0.249655373228,0.0659611738791,92.2204208374
9.559994,-0.361635970744,0.136140794925,0.656160282018,0.248504887637,2.5203304345,-1.18883511061,-0.158767011546,90.675239563,0.50774764079,0.0920388472731,-0.132689338152,1.38211668988,0.373140826653,0.249271878031,0.0655776786821,92.2204208374
9.569985,-0.361635970744,0.135757299728,0.655776786821,0.24812139244,2.5203304345,-1.18883511061,-0.158000021152,90.675239563,0.508131135987,0.0920388472731,-0.133456328546,1.38211668988,0.37352432185,0.249655373228,0.0651941834851,92.2204208374
9.579988,-0.361252475547,0.135757299728,0.655776786821,0.247737897243,2.5203304345,-1.18768462502,-0.158767011546,90.675239563,0.508514631184,0.0916553520762,-0.133456328546,1.38250018508,0.372757331456,0.248888382834,0.0655776786821,92.2204208374
9.589984,-0.36086898035,0.136140794925,0.655776786821,0.248504887637,2.52071392969,-1.18806812022,-0.157616525955,90.675239563,0.50774764079,0.0920388472731,-0.133456328546,1.38211668988,0.373140826653,0.249655373228,0.0655776786821,92.2204208374
9.600006,-0.360485485153,0.135757299728,0.656160282018,0.249271878031,2.5203304345,-1.18768462502,-0.158000021152,90.675239563,0.508514631184,0.0916553520762,-0.133072833349,1.38288368028,0.373140826653,0.249655373228,0.0659611738791,92.2204208374
9.610006,-0.360101989956,0.134990309334,0.656160282018,0.248504887637,2.5203304345,-1.18768462502,-0.158383516349,90.675239563,0.508131135987,0.0920388472731,-0.132689338152,1.38288368028,0.372757331456,0.248888382834,0.0659611738791,92.2204208374
9.619988,-0.360101989956,0.136524290122,0.655776786821,0.248504887637,2.5199469393,-1.18768462502,-0.157616525955,90.675239563,0.50774764079,0.0916553520762,-0.133072833349,1.38326717548,0.373140826653,0.248504887637,0.0659611738791,92.2204208374
9.629986,-0.360101989956,0.136524290122,0.655009796427,0.247737897243,2.52071392969,-1.18691763463,-0.158767011546,90.675239563,0.50774764079,0.0912718568792,-0.133072833349,1.38211668988,0.372757331456,0.249271878031,0.0651941834851,92.2204208374
9.639981,-0.360485485153,0.135373804531,0.655393291624,0.247354402047,2.5203304345,-1.18691763463,-0.158000021152,90.675239563,0.50774764079,0.0920388472731,-0.133456328546,1.38250018508,0.373140826653,0.249271878031,0.0644271930912,92.2204208374
9.649979,-0.359334999562,0.135373804531,0.655393291624,0.247737897243,2.5203304345,-1.18768462502,-0.157616525955,90.675239563,0.50774764079,0.0908883616822,-0.133456328546,1.38250018508,0.37352432185,0.248888382834,0.0651941834851,92.2204208374
9.659980,-0.360101989956,0.135757299728,0.656160282018,0.247737897243,2.5203304345,-1.18730112982,-0.158383516349,90.675239563,0.508131135987,0.0916553520762,-0.133456328546,1.38250018508,0.372757331456,0.249271878031,0.0655776786821,92.2204208374
9.669984,-0.359334999562,0.134990309334,0.655393291624,0.24812139244,2.5203304345,-1.18730112982,-0.158383516349,90.675239563,0.50774764079,0.0920388472731,-0.133072833349,1.38288368028,0.372757331456,0.248888382834,0.0655776786821,92.2204208374
9.679984,-0.359718494759,0.13422331894,0.655776786821,0.247737897243,2.5203304345,-1.18768462502,-0.158383516349,90.675239563,0.50774764079,0.0916553520762,-0.133072833349,1.38211668988,0.373140826653,0.249271878031,0.0655776786821,92.2204208374
9.689982,-0.359334999562,0.134990309334,0.655393291624,0.247354402047,2.52071392969,-1.18691763463,-0.158000021152,90.675239563,0.508131135987,0.0912718568792,-0.133456328546,1.38288368028,0.373140826653,0.249655373228,0.0655776786821,92.2204208374
9.699989,-0.358951504365,0.135373804531,0.656543777215,0.247737897243,2.5203304345,-1.18768462502,-0.156849535561,90.675239563,0.50774764079,0.0916553520762,-0.132689338152,1.38250018508,0.373140826653,0.249271878031,0.0648106882882,92.2204208374
9.710001,-0.358951504365,0.135757299728,0.655393291624,0.247354402047,2.52071392969,-1.18768462502,-0.158383516349,90.675239563,0.50774764079,0.0916553520762,-0.133072833349,1.38250018508,0.37352432185,0.250038868425,0.0644271930912,92.2204208374
9.720010,-0.358568009168,0.135757299728,0.656543777215,0.247737897243,2.52071392969,-1.18768462502,-0.158000021152,90.675239563,0.508131135987,0.0912718568792,-0.133072833349,1.38326717548,0.372757331456,0.250038868425,0.0655776786821,92.2204208374
9.730010,-0.358951504365,0.135757299728,0.655776786821,0.247737897243,2.52071392969,-1.18768462502,-0.158000021152,90.675239563,0.508898126381,0.0920388472731,-0.133072833349,1.38288368028,0.372757331456,0.249655373228,0.066344669076,92.2204208374
9.740009,-0.358951504365,0.136140794925,0.655776786821,0.246587411653,2.5203304345,-1.18730112982,-0.158383516349,90.675239563,0.50774764079,0.0916553520762,-0.133072833349,1.38211668988,0.373140826653,0.249271878031,0.0651941834851,92.2204208374
9.749990,-0.359334999562,0.136140794925,0.655776786821,0.247737897243,2.52071392969,-1.18691763463,-0.158383516349,90.675239563,0.50774764079,0.0924223424701,-0.133072833349,1.38288368028,0.37352432185,0.249271878031,0.0655776786821,92.2204208374
9.759984,-0.358568009168,0.134990309334,0.656160282018,0.247354402047,2.5203304345,-1.18691763463,-0.158000021152,90.675239563,0.50774764079,0.0920388472731,-0.132689338152,1.38250018508,0.373140826653,0.249271878031,0.0651941834851,92.2204208374
9.770043,-0.358951504365,0.134606814137,0.655393291624,0.24812139244,2.5203304345,-1.18768462502,-0.156849535561,90.675239563,0.508131135987,0.0924223424701,-0.133456328546,1.38288368028,0.37352432185,0.249271878031,0.0655776786821,92.2204208374
9.779988,-0.357801018774,0.135757299728,0.655009796427,0.24812139244,2.52071392969,-1.18691763463,-0.158000021152,90.675239563,0.508514631184,0.0912718568792,-0.132305842955,1.38288368028,0.373140826653,0.248888382834,0.066344669076,92.2204208374
9.789982,-0.358568009168,0.134990309334,0.655776786821,0.24812139244,2.52109742489,-1.18691763463,-0.158000021152,90.675239563,0.508131135987,0.0908883616822,-0.132689338152,1.38250018508,0.372757331456,0.249271878031,0.0651941834851,92.2204208374
9.799982,-0.358184513971,0.135373804531,0.655776786821,0.24812139244,2.5203304345,-1.18691763463,-0.158383516349,90.675239563,0.508514631184,0.0912718568792,-0.132689338152,1.38250018508,0.372757331456,0.249655373228,0.0651941834851,92.2204208374
9.809980,-0.358184513971,0.135757299728,0.655393291624,0.24812139244,2.52071392969,-1.18691763463,-0.158383516349,90.675239563,0.50774764079,0.0916553520762,-0.133072833349,1.38250018508,0.373140826653,0.249655373228,0.0659611738791,92.2204208374
9.820020,-0.357801018774,0.135757299728,0.655393291624,0.247737897243,2.5203304345,-1.18730112982,-0.158383516349,90.675239563,0.50774764079,0.0920388472731,-0.133456328546,1.38250018508,0.372757331456,0.248888382834,0.0655776786821,92.2204208374
9.830144,-0.357801018774,0.135373804531,0.655776786821,0.247354402047,2.5203304345,-1.18691763463,-0.157616525955,90.675239563,0.50774764079,0.0920388472731,-0.132689338152,1.38250018508,0.373140826653,0.249655373228,0.0651941834851,92.2204208374
9.839999,-0.357801018774,0.135757299728,0.655393291624,0.247737897243,2.5199469393,-1.18730112982,-0.158383516349,90.675239563,0.508131135987,0.0912718568792,-0.133072833349,1.38288368028,0.373140826653,0.249271878031,0.0659611738791,92.2204208374
9.849983,-0.358184513971,0.135373804531,0.655776786821,0.247354402047,2.5203304345,-1.18691763463,-0.158000021152,90.675239563,0.508514631184,0.0908883616822,-0.133072833349,1.38250018508,0.373140826653,0.249271878031,0.066344669076,92.2204208374
9.859984,-0.357801018774,0.135757299728,0.655776786821,0.247354402047,2.5203304345,-1.18653413943,-0.158000021152,90.675239563,0.50774764079,0.0916553520762,-0.13422331894,1.38288368028,0.373140826653,0.249655373228,0.0651941834851,92.2204208374
9.869987,-0.357801018774,0.134606814137,0.655009796427,0.247737897243,2.5203304345,-1.18691763463,-0.158000021152,90.675239563,0.508514631184,0.0916553520762,-0.133072833349,1.38250018508,0.373140826653,0.249271878031,0.0659611738791,92.2204208374
9.880009,-0.357417523577,0.134990309334,0.655009796427,0.247737897243,2.52071392969,-1.18653413943,-0.158383516349,90.675239563,0.508131135987,0.0912718568792,-0.133072833349,1.38288368028,0.37352432185,0.248888382834,0.0659611738791,92.2204208374
9.890010,-0.357801018774,0.135757299728,0.655009796427,0.24812139244,2.5199469393,-1.18768462502,-0.158000021152,90.675239563,0.508898126381,0.0916553520762,-0.132689338152,1.38288368028,0.372757331456,0.249271878031,0.0648106882882,92.2204208374
9.899992,-0.357417523577,0.135373804531,0.655776786821,0.247737897243,2.52071392969,-1.18768462502,-0.156466040364,90.675239563,0.508898126381,0.0920388472731,-0.133072833349,1.38288368028,0.372757331456,0.248888382834,0.0659611738791,92.2204208374
9.909989,-0.358568009168,0.135373804531,0.655393291624,0.248504887637,2.5199469393,-1.18691763463,-0.158383516349,90.675239563,0.508514631184,0.0916553520762,-0.133072833349,1.38211668988,0.372757331456,0.248888382834,0.0659611738791,92.2204208374
9.919986,-0.357801018774,0.135757299728,0.655776786821,0.24812139244,2.52071392969,-1.18730112982,-0.157616525955,90.675239563,0.508514631184,0.0920388472731,-0.133072833349,1.38250018508,0.372373836259,0.249271878031,0.0659611738791,92.2204208374
9.929988,-0.357801018774,0.134990309334,0.655776786821,0.24812139244,2.5199469393,-1.18730112982,-0.158383516349,90.675239563,0.508898126381,0.0920388472731,-0.133072833349,1.38173319469,0.373140826653,0.249271878031,0.0651941834851,92.2204208374
9.940008,-0.357801018774,0.135373804531,0.656160282018,0.247354402047,2.5203304345,-1.18691763463,-0.157616525955,90.675239563,0.508514631184,0.0920388472731,-0.133839823743,1.38134969949,0.372757331456,0.249271878031,0.0655776786821,92.2204208374
9.949991,-0.357801018774,0.135757299728,0.65462630123,0.247354402047,2.52109742489,-1.18653413943,-0.157616525955,90.675239563,0.508131135987,0.0916553520762,-0.132689338152,1.38250018508,0.373140826653,0.249271878031,0.0655776786821,92.2204208374
9.959986,-0.35703402838,0.136140794925,0.655009796427,0.247737897243,2.5203304345,-1.18730112982,-0.157616525955,90.675239563,0.508131135987,0.0912718568792,-0.133072833349,1.38250018508,0.372757331456,0.249655373228,0.0655776786821,92.2204208374
9.969985,-0.357417523577,0.135757299728,0.656160282018,0.247737897243,2.52109742489,-1.18768462502,-0.158767011546,90.675239563,0.508514631184,0.0912718568792,-0.133072833349,1.38211668988,0.37352432185,0.248504887637,0.0659611738791,92.2204208374
9.979985,-0.357417523577,0.134990309334,0.655393291624,0.247737897243,2.5199469393,-1.18653413943,-0.158767011546,90.675239563,0.50774764079,0.0912718568792,-0.133456328546,1.38288368028,0.37352432185,0.249655373228,0.0659611738791,92.2204208374
9.989987,-0.35703402838,0.134990309334,0.655393291624,0.248504887637,2.5203304345,-1.18768462502,-0.158000021152,90.675239563,0.508514631184,0.0916553520762,-0.133456328546,1.38173319469,0.372757331456,0.249655373228,0.0651941834851,92.2204208374
9.999984,-0.357801018774,0.135757299728,0.655009796427,0.24812139244,2.52071392969,-1.18730112982,-0.158383516349,90.675239563,0.50774764079,0.0924223424701,-0.133456328546,1.38250018508,0.372757331456,0.249655373228,0.0655776786821,92.2204208374
10.009985,-0.357801018774,0.134990309334,0.655393291624,0.247737897243,2.5203304345,-1.18653413943,-0.158000021152,90.675239563,0.508131135987,0.0908883616822,-0.132689338152,1.38211668988,0.372373836259,0.249271878031,0.0655776786821,92.2204208374
10.019984,-0.35703402838,0.134990309334,0.655776786821,0.247354402047,2.52109742489,-1.18768462502,-0.157616525955,90.675239563,0.50774764079,0.0916553520762,-0.133072833349,1.38326717548,0.373140826653,0.248888382834,0.0655776786821,92.2204208374
10.030023,-0.35703402838,0.134606814137,0.655009796427,0.247354402047,2.5203304345,-1.18653413943,-0.158383516349,90.675239563,0.508131135987,0.0916553520762,-0.133456328546,1.38250018508,0.372757331456,0.248888382834,0.0655776786821,92.2204208374
10.040004,-0.357417523577,0.134990309334,0.655009796427,0.24812139244,2.52071392969,-1.18730112982,-0.158383516349,90.675239563,0.508898126381,0.0920388472731,-0.133072833349,1.38250018508,0.372373836259,0.249655373228,0.0651941834851,92.2204208374
10.049991,-0.35703402838,0.134990309334,0.655776786821,0.24697090685,2.5203304345,-1.18768462502,-0.158383516349,90.675239563,0.508131135987,0.0920388472731,-0.133456328546,1.38326717548,0.373140826653,0.248888382834,0.0651941834851,92.2204208374
10.059986,-0.357417523577,0.135757299728,0.655776786821,0.247737897243,2.5203304345,-1.18730112982,-0.158383516349,90.675239563,0.50774764079,0.0916553520762,-0.132689338152,1.38288368028,0.372757331456,0.248888382834,0.066344669076,92.2204208374
10.069985,-0.357417523577,0.13422331894,0.655009796427,0.247354402047,2.52071392969,-1.18691763463,-0.158000021152,90.675239563,0.50774764079,0.0924223424701,-0.132689338152,1.38250018508,0.373140826653,0.249655373228,0.0655776786821,92.2204208374
10.079988,-0.35703402838,0.134990309334,0.655776786821,0.246587411653,2.52071392969,-1.18653413943,-0.158000021152,90.675239563,0.50774764079,0.0916553520762,-0.133072833349,1.38250018508,0.372373836259,0.249271878031,0.0651941834851,92.2204208374
10.089986,-0.35703402838,0.134606814137,0.656160282018,0.24812139244,2.5203304345,-1.18653413943,-0.158000021152,90.675239563,0.508131135987,0.0916553520762,-0.132689338152,1.38288368028,0.373140826653,0.248888382834,0.066344669076,92.2204208374
10.099983,-0.357801018774,0.134606814137,0.655393291624,0.247737897243,2.5203304345,-1.18691763463,-0.158383516349,90.675239563,0.508514631184,0.0916553520762,-0.132689338152,1.38211668988,0.37352432185,0.249271878031,0.0655776786821,92.2204208374
10.109984,-0.357801018774,0.134606814137,0.655009796427,0.247737897243,2.5203304345,-1.18691763463,-0.158000021152,90.675239563,0.508898126381,0.0924223424701,-0.133456328546,1.38288368028,0.373140826653,0.248888382834,0.0659611738791,92.2204208374
10.120028,-0.357801018774,0.133456328546,0.655776786821,0.247737897243,2.52071392969,-1.18730112982,-0.157616525955,90.675239563,0.508514631184,0.0916553520762,-0.133456328546,1.38211668988,0.373907817047,0.249271878031,0.0659611738791,92.2204208374
10.130064,-0.357801018774,0.134606814137,0.65462630123,0.24697090685,2.52109742489,-1.18653413943,-0.158000021152,90.675239563,0.50774764079,0.0916553520762,-0.133072833349,1.38211668988,0.372757331456,0.249655373228,0.0648106882882,92.2204208374
10.140036,-0.35703402838,0.135373804531,0.655776786821,0.247354402047,2.5203304345,-1.18691763463,-0.158383516349,90.675239563,0.508514631184,0.0920388472731,-0.132689338152,1.38250018508,0.37352432185,0.248504887637,0.066344669076,92.2204208374
10.150023,-0.35703402838,0.135373804531,0.655393291624,0.247354402047,2.5203304345,-1.18653413943,-0.158383516349,90.675239563,0.508131135987,0.0920388472731,-0.132689338152,1.38211668988,0.373140826653,0.249655373228,0.0648106882882,92.2204208374
10.160014,-0.357417523577,0.13422331894,0.655776786821,0.247737897243,2.5199469393,-1.18615064423,-0.158383516349,90.675239563,0.50774764079,0.0920388472731,-0.133072833349,1.38288368028,0.37352432185,0.249655373228,0.0655776786821,92.2204208374
10.170010,-0.357417523577,0.133839823743,0.655009796427,0.247737897243,2.52109742489,-1.18653413943,-0.158000021152,90.675239563,0.508131135987,0.0920388472731,-0.133839823743,1.38365067067,0.37352432185,0.249271878031,0.0651941834851,92.2204208374
10.179993,-0.35703402838,0.134990309334,0.655009796427,0.247354402047,2.5203304345,-1.18653413943,-0.158383516349,90.675239563,0.50774764079,0.0912718568792,-0.132689338152,1.38250018508,0.37352432185,0.249655373228,0.0655776786821,92.2204208374
10.189988,-0.35703402838,0.135373804531,0.655776786821,0.247737897243,2.5203304345,-1.18730112982,-0.158383516349,90.675239563,0.508514631184,0.0920388472731,-0.132689338152,1.38211668988,0.372757331456,0.248888382834,0.0655776786821,92.2204208374
10.200061,-0.357417523577,0.135373804531,0.655393291624,0.247354402047,2.5199469393,-1.18653413943,-0.158000021152,90.675239563,0.507364145593,0.0912718568792,-0.132305842955,1.38250018508,0.373140826653,0.248504887637,0.0659611738791,92.2204208374
10.209989,-0.35703402838,0.13422331894,0.655009796427,0.24697090685,2.5203304345,-1.18615064423,-0.157616525955,90.675239563,0.508898126381,0.0916553520762,-0.132305842955,1.38211668988,0.37352432185,0.249271878031,0.0655776786821,92.2204208374
10.219989,-0.357417523577,0.135757299728,0.655393291624,0.247354402047,2.5203304345,-1.18691763463,-0.158383516349,90.675239563,0.509281621578,0.0916553520762,-0.132689338152,1.38211668988,0.373140826653,0.249271878031,0.0655776786821,92.2204208374
10.229984,-0.357801018774,0.134990309334,0.655393291624,0.247354402047,2.5199469393,-1.18730112982,-0.157616525955,90.675239563,0.508131135987,0.0916553520762,-0.133072833349,1.38250018508,0.37352432185,0.249655373228,0.0648106882882,92.2204208374
10.239990,-0.357801018774,0.135757299728,0.655009796427,0.24697090685,2.5199469393,-1.18653413943,-0.157616525955,90.675239563,0.508131135987,0.0924223424701,-0.132689338152,1.38326717548,0.372757331456,0.248888382834,0.0651941834851,92.2204208374
10.249986,-0.358184513971,0.135373804531,0.655776786821,0.246587411653,2.52071392969,-1.18691763463,-0.158000021152,90.675239563,0.508131135987,0.0924223424701,-0.133072833349,1.38326717548,0.372757331456,0.249271878031,0.0651941834851,92.2204208374
10.259984,-0.357417523577,0.134990309334,0.655393291624,0.247354402047,2.52109742489,-1.18691763463,-0.158383516349,90.675239563,0.50774764079,0.0924223424701,-0.133456328546,1.38211668988,0.373907817047,0.249271878031,0.0651941834851,92.2204208374
10.269990,-0.357417523577,0.134606814137,0.655393291624,0.247737897243,2.5203304345,-1.18691763463,-0.158383516349,90.675239563,0.508514631184,0.0920388472731,-0.133456328546,1.38250018508,0.37352432185,0.250038868425,0.0651941834851,92.2204208374
10.280001,-0.357417523577,0.133839823743,0.655009796427,0.247737897243,2.5203304345,-1.18730112982,-0.158000021152,90.675239563,0.508514631184,0.0916553520762,-0.132689338152,1.38211668988,0.37352432185,0.249655373228,0.0655776786821,92.2204208374
10.290012,-0.357801018774,0.134990309334,0.655776786821,0.247354402047,2.5203304345,-1.18653413943,-0.158000021152,90.675239563,0.508131135987,0.0920388472731,-0.133072833349,1.38288368028,0.37352432185,0.249271878031,0.0651941834851,92.2204208374
10.300033,-0.356650533183,0.134990309334,0.655009796427,0.247354402047,2.5199469393,-1.18615064423,-0.158000021152,90.675239563,0.508898126381,0.0920388472731,-0.133072833349,1.38250018508,0.37352432185,0.249271878031,0.0659611738791,92.2204208374
10.310015,-0.357801018774,0.134606814137,0.655393291624,0.24697090685,2.52071392969,-1.18730112982,-0.158000021152,90.675239563,0.508131135987,0.0920388472731,-0.133072833349,1.38326717548,0.372757331456,0.249271878031,0.0659611738791,92.2204208374
10.320009,-0.35703402838,0.134990309334,0.655776786821,0.247354402047,2.5203304345,-1.18691763463,-0.156849535561,90.675239563,0.508131135987,0.0920388472731,-0.133072833349,1.38288368028,0.373140826653,0.248888382834,0.0655776786821,92.2204208374
10.330009,-0.35703402838,0.13422331894,0.656160282018,0.24697090685,2.5199469393,-1.18691763463,-0.157616525955,90.675239563,0.508131135987,0.0924223424701,-0.133456328546,1.38211668988,0.373140826653,0.250038868425,0.0655776786821,92.2204208374
10.340083,-0.357417523577,0.13422331894,0.655393291624,0.24697090685,2.5203304345,-1.18691763463,-0.158000021152,90.675239563,0.50774764079,0.0920388472731,-0.132689338152,1.38250018508,0.372757331456,0.248888382834,0.0659611738791,92.2204208374
10.350079,-0.357417523577,0.133839823743,0.655009796427,0.24697090685,2.52071392969,-1.18653413943,-0.158383516349,90.675239563,0.508131135987,0.0920388472731,-0.133072833349,1.38288368028,0.372757331456,0.249655373228,0.0655776786821,92.2204208374
10.360117,-0.35703402838,0.134606814137,0.655393291624,0.247737897243,2.52071392969,-1.18653413943,-0.158383516349,90.675239563,0.508514631184,0.0928058376671,-0.132689338152,1.38250018508,0.372757331456,0.249271878031,0.0655776786821,92.2204208374
10.370082,-0.35703402838,0.134606814137,0.655393291624,0.247354402047,2.5199469393,-1.18730112982,-0.156849535561,90.675239563,0.50774764079,0.0920388472731,-0.133456328546,1.38211668988,0.373140826653,0.248888382834,0.0651941834851,92.2204208374
10.380065,-0.35703402838,0.13422331894,0.655776786821,0.24697090685,2.52071392969,-1.18691763463,-0.158000021152,90.675239563,0.508514631184,0.0928058376671,-0.133072833349,1.38288368028,0.373140826653,0.249655373228,0.0651941834851,92.2204208374
10.390089,-0.35703402838,0.133839823743,0.655776786821,0.246587411653,2.52071392969,-1.18691763463,-0.158000021152,90.675239563,0.508131135987,0.0916553520762,-0.133839823743,1.38250018508,0.37352432185,0.248504887637,0.0655776786821,92.2204208374
10.400179,-0.35703402838,0.13422331894,0.655009796427,0.24697090685,2.52071392969,-1.18653413943,-0.158000021152,90.675239563,0.508514631184,0.0912718568792,-0.132689338152,1.38250018508,0.372757331456,0.248888382834,0.0655776786821,92.2204208374
10.409995,-0.35703402838,0.13422331894,0.655776786821,0.247737897243,2.5203304345,-1.18691763463,-0.156849535561,90.675239563,0.508131135987,0.0916553520762,-0.133072833349,1.38250018508,0.372757331456,0.248888382834,0.0651941834851,92.2204208374
10.419988,-0.357417523577,0.134606814137,0.655393291624,0.24697090685,2.5203304345,-1.18653413943,-0.158767011546,90.675239563,0.508131135987,0.0916553520762,-0.132689338152,1.38211668988,0.373140826653,0.248888382834,0.0651941834851,92.2204208374
10.429985,-0.35703402838,0.134606814137,0.655393291624,0.24697090685,2.5203304345,-1.18691763463,-0.158000021152,90.675239563,0.508131135987,0.0908883616822,-0.132689338152,1.38211668988,0.373140826653,0.249271878031,0.0655776786821,92.2204208374
10.439988,-0.357801018774,0.135373804531,0.655009796427,0.247354402047,2.5203304345,-1.18691763463,-0.158383516349,90.675239563,0.508131135987,0.0916553520762,-0.131922347758,1.38250018508,0.373907817047,0.249271878031,0.0655776786821,92.2204208374
10.449986,-0.357417523577,0.134606814137,0.655009796427,0.247737897243,2.5203304345,-1.18730112982,-0.158000021152,90.675239563,0.508514631184,0.0912718568792,-0.133072833349,1.38173319469,0.372373836259,0.249271878031,0.0659611738791,92.2204208374
10.459988,-0.35703402838,0.134606814137,0.655009796427,0.247737897243,2.5199469393,-1.18730112982,-0.158383516349,90.675239563,0.508514631184,0.0916553520762,-0.133072833349,1.38326717548,0.37352432185,0.250038868425,0.0655776786821,92.2204208374
10.469984,-0.357417523577,0.133456328546,0.655776786821,0.247737897243,2.52109742489,-1.18730112982,-0.158000021152,90.675239563,0.508131135987,0.0920388472731,-0.133456328546,1.38211668988,0.372757331456,0.249271878031,0.0655776786821,92.2204208374
10.479982,-0.35703402838,0.134606814137,0.655009796427,0.247354402047,2.5203304345,-1.18691763463,-0.158383516349,90.675239563,0.508514631184,0.0916553520762,-0.132689338152,1.38326717548,0.372757331456,0.249655373228,0.0659611738791,92.2204208374
