time,left_s0,left_s1,left_e0,left_e1,left_w0,left_w1,left_w2,left_gripper,right_s0,right_s1,right_e0,right_e1,right_w0,right_w1,right_w2,right_gripper
4.364541,-0.796136028913,0.121951472637,0.0126553415001,1.51250505686,1.138980735,-0.116199044682,0.85979623161,100.0,-0.318301013486,0.0882038953034,-0.053305832379,1.48450990748,0.34437868688,-0.0310631109547,0.066344669076,100.0
4.364645,-0.796136028913,0.121951472637,0.0126553415001,1.51250505686,1.138980735,-0.116199044682,0.85979623161,100.0,-0.318301013486,0.0882038953034,-0.053305832379,1.48450990748,0.34437868688,-0.0310631109547,0.066344669076,100.0
4.374719,-0.797286514503,0.122334967834,0.013038836697,1.51288855205,1.13783024941,-0.116582539879,0.860179726807,100.0,-0.318301013486,0.0878204001064,-0.054072822773,1.48450990748,0.34437868688,-0.0318301013486,0.0659611738791,100.0
4.384709,-0.796136028913,0.122718463031,0.013038836697,1.51250505686,1.138980735,-0.116966035076,0.859412736413,100.0,-0.317917518289,0.0874369049095,-0.053305832379,1.48450990748,0.343611696486,-0.0318301013486,0.0648106882882,100.0
4.394710,-0.797286514503,0.122718463031,0.013805827091,1.51250505686,1.13821374461,-0.117349530273,0.860179726807,100.0,-0.317917518289,0.0866699145155,-0.053305832379,1.48412641228,0.34437868688,-0.0318301013486,0.0655776786821,100.0
4.404707,-0.79651952411,0.121951472637,0.013038836697,1.51288855205,1.13821374461,-0.116199044682,0.85979623161,100.0,-0.318301013486,0.0878204001064,-0.052922337182,1.48412641228,0.34437868688,-0.0322135965456,0.0648106882882,100.0
4.414710,-0.796136028913,0.122718463031,0.0122718463031,1.51288855205,1.13859723981,-0.116199044682,0.85979623161,100.0,-0.318301013486,0.0870534097125,-0.052922337182,1.48412641228,0.345145677274,-0.0310631109547,0.066344669076,100.0
4.424707,-0.796903019306,0.122334967834,0.0126553415001,1.51288855205,1.13859723981,-0.116966035076,0.85979623161,100.0,-0.318684508683,0.0882038953034,-0.0525388419851,1.48412641228,0.344762182077,-0.0325970917426,0.0655776786821,100.0
4.434706,-0.796136028913,0.122334967834,0.013038836697,1.51212156166,1.13783024941,-0.116582539879,0.859412736413,100.0,-0.317917518289,0.0878204001064,-0.052922337182,1.48489340267,0.344762182077,-0.0310631109547,0.0644271930912,100.0
4.444704,-0.796136028913,0.122718463031,0.013805827091,1.51250505686,1.13821374461,-0.116966035076,0.860563222004,100.0,-0.317917518289,0.0866699145155,-0.053305832379,1.48374291708,0.343995191683,-0.0314466061517,0.0655776786821,100.0
4.454719,-0.796903019306,0.121951472637,0.013038836697,1.51173806646,1.138980735,-0.117349530273,0.860179726807,100.0,-0.317917518289,0.0870534097125,-0.0525388419851,1.48527689787,0.34437868688,-0.0310631109547,0.0655776786821,100.0
4.464711,-0.796136028913,0.122334967834,0.013805827091,1.51288855205,1.13821374461,-0.115815549485,0.85979623161,100.0,-0.31906800388,0.0878204001064,-0.0525388419851,1.48489340267,0.34437868688,-0.0318301013486,0.0655776786821,100.0
4.474706,-0.796136028913,0.122718463031,0.013038836697,1.51250505686,1.13859723981,-0.116582539879,0.859029241216,100.0,-0.318684508683,0.0878204001064,-0.053305832379,1.48450990748,0.343995191683,-0.0322135965456,0.066344669076,100.0
4.484703,-0.79651952411,0.122334967834,0.0126553415001,1.51288855205,1.13783024941,-0.116199044682,0.85979623161,100.0,-0.318684508683,0.0882038953034,-0.052922337182,1.48489340267,0.34437868688,-0.0318301013486,0.0648106882882,100.0
4.494700,-0.79651952411,0.122718463031,0.0141893222879,1.51327204725,1.13821374461,-0.116582539879,0.859412736413,100.0,-0.318684508683,0.0878204001064,-0.0517718515911,1.48412641228,0.344762182077,-0.0314466061517,0.0648106882882,100.0
4.504707,-0.797286514503,0.122334967834,0.0122718463031,1.51212156166,1.13821374461,-0.116582539879,0.859412736413,100.0,-0.318684508683,0.0878204001064,-0.0525388419851,1.48450990748,0.343995191683,-0.0314466061517,0.0655776786821,100.0
4.514705,-0.79651952411,0.121951472637,0.0126553415001,1.51288855205,1.13783024941,-0.115815549485,0.859412736413,100.0,-0.318684508683,0.0878204001064,-0.052922337182,1.48412641228,0.34437868688,-0.0322135965456,0.0655776786821,100.0
4.524707,-0.796136028913,0.122334967834,0.013422331894,1.51403903764,1.13783024941,-0.116582539879,0.860179726807,100.0,-0.317917518289,0.0878204001064,-0.053305832379,1.48489340267,0.344762182077,-0.0314466061517,0.0659611738791,100.0
4.534702,-0.797286514503,0.122334967834,0.0122718463031,1.51250505686,1.13821374461,-0.116582539879,0.85979623161,100.0,-0.318301013486,0.0874369049095,-0.053305832379,1.48450990748,0.34437868688,-0.0318301013486,0.0659611738791,100.0
4.544704,-0.797286514503,0.122334967834,0.0126553415001,1.51250505686,1.13821374461,-0.116582539879,0.859412736413,100.0,-0.318301013486,0.0874369049095,-0.0525388419851,1.48489340267,0.343995191683,-0.0322135965456,0.0655776786821,100.0
4.554719,-0.796903019306,0.122718463031,0.0118883511061,1.51250505686,1.13859723981,-0.116199044682,0.858645746019,100.0,-0.318684508683,0.0870534097125,-0.052922337182,1.48489340267,0.34437868688,-0.0322135965456,0.0651941834851,100.0
4.564748,-0.795752533716,0.123101958228,0.013422331894,1.51250505686,1.13821374461,-0.116199044682,0.85979623161,100.0,-0.318301013486,0.0878204001064,-0.0521553467881,1.48412641228,0.344762182077,-0.0322135965456,0.0655776786821,100.0
4.574729,-0.797286514503,0.122718463031,0.013038836697,1.51327204725,1.13821374461,-0.116199044682,0.860179726807,100.0,-0.31906800388,0.0870534097125,-0.052922337182,1.48450990748,0.34437868688,-0.0318301013486,0.0648106882882,100.0
4.584707,-0.796903019306,0.122718463031,0.013038836697,1.51250505686,1.13859723981,-0.115815549485,0.85979623161,100.0,-0.318301013486,0.0866699145155,-0.052922337182,1.48604388826,0.343995191683,-0.0322135965456,0.066344669076,100.0
4.594705,-0.796903019306,0.122334967834,0.013038836697,1.51250505686,1.13821374461,-0.116966035076,0.860563222004,100.0,-0.318301013486,0.0870534097125,-0.053305832379,1.48450990748,0.34437868688,-0.0318301013486,0.0655776786821,100.0
4.604728,-0.79651952411,0.122718463031,0.013038836697,1.51288855205,1.13783024941,-0.116199044682,0.85979623161,100.0,-0.317917518289,0.0870534097125,-0.052922337182,1.48450990748,0.344762182077,-0.0318301013486,0.0655776786821,100.0
4.614735,-0.796136028913,0.123101958228,0.0118883511061,1.51250505686,1.13706325902,-0.116582539879,0.85979623161,100.0,-0.318301013486,0.0882038953034,-0.052922337182,1.48412641228,0.343995191683,-0.0314466061517,0.0659611738791,100.0
4.624711,-0.796903019306,0.122718463031,0.0118883511061,1.51288855205,1.13859723981,-0.116582539879,0.85979623161,100.0,-0.317917518289,0.0878204001064,-0.053305832379,1.48527689787,0.34437868688,-0.0314466061517,0.0655776786821,100.0
4.634701,-0.795752533716,0.122718463031,0.0126553415001,1.51288855205,1.13859723981,-0.116966035076,0.860179726807,100.0,-0.31906800388,0.0870534097125,-0.053305832379,1.48489340267,0.34437868688,-0.0318301013486,0.0655776786821,100.0
4.644702,-0.796136028913,0.122334967834,0.013038836697,1.51327204725,1.138980735,-0.116582539879,0.85979623161,100.0,-0.317917518289,0.0870534097125,-0.0525388419851,1.48412641228,0.344762182077,-0.0310631109547,0.0659611738791,100.0
4.654707,-0.79651952411,0.121951472637,0.013038836697,1.51212156166,1.138980735,-0.116199044682,0.85979623161,100.0,-0.318301013486,0.0874369049095,-0.052922337182,1.48489340267,0.345145677274,-0.0318301013486,0.0655776786821,100.0
4.664734,-0.79651952411,0.121951472637,0.013805827091,1.51288855205,1.13783024941,-0.117349530273,0.859029241216,100.0,-0.317534023092,0.0878204001064,-0.052922337182,1.48450990748,0.34437868688,-0.0318301013486,0.0655776786821,100.0
4.674740,-0.796903019306,0.123101958228,0.0126553415001,1.51403903764,1.13821374461,-0.11773302547,0.860179726807,100.0,-0.317917518289,0.0870534097125,-0.0525388419851,1.48450990748,0.345145677274,-0.0318301013486,0.0655776786821,100.0
4.684733,-0.797286514503,0.121951472637,0.013422331894,1.51250505686,1.13859723981,-0.116582539879,0.85979623161,100.0,-0.318301013486,0.0874369049095,-0.053305832379,1.48489340267,0.34437868688,-0.0314466061517,0.0651941834851,100.0
4.694733,-0.795752533716,0.122718463031,0.013422331894,1.51288855205,1.13821374461,-0.116199044682,0.859412736413,100.0,-0.317917518289,0.0874369049095,-0.0525388419851,1.48450990748,0.343995191683,-0.0314466061517,0.0659611738791,100.0
4.704737,-0.79651952411,0.122718463031,0.0122718463031,1.51327204725,1.13821374461,-0.116582539879,0.860179726807,100.0,-0.318301013486,0.0874369049095,-0.0525388419851,1.48450990748,0.34437868688,-0.0318301013486,0.0648106882882,100.0
4.714821,-0.79651952411,0.122334967834,0.0126553415001,1.51403903764,1.13821374461,-0.116582539879,0.85979623161,100.0,-0.317917518289,0.0870534097125,-0.0521553467881,1.48489340267,0.343611696486,-0.0318301013486,0.0659611738791,100.0
4.724782,-0.796903019306,0.122718463031,0.013805827091,1.51288855205,1.13783024941,-0.116199044682,0.859029241216,100.0,-0.318301013486,0.0882038953034,-0.053305832379,1.48489340267,0.34437868688,-0.0322135965456,0.0655776786821,100.0
4.734750,-0.79651952411,0.12156797744,0.0118883511061,1.51288855205,1.13859723981,-0.116966035076,0.859412736413,100.0,-0.318301013486,0.0878204001064,-0.053305832379,1.48374291708,0.34437868688,-0.0314466061517,0.0655776786821,100.0
4.744745,-0.795752533716,0.123101958228,0.0118883511061,1.51173806646,1.13783024941,-0.116199044682,0.859412736413,100.0,-0.317917518289,0.0866699145155,-0.052922337182,1.48450990748,0.34437868688,-0.0325970917426,0.0655776786821,100.0
4.754745,-0.795752533716,0.123101958228,0.0126553415001,1.51403903764,1.13859723981,-0.116582539879,0.859412736413,100.0,-0.318301013486,0.0878204001064,-0.053689327576,1.48450990748,0.34437868688,-0.0318301013486,0.0644271930912,100.0
4.764743,-0.79651952411,0.122334967834,0.013038836697,1.51288855205,1.13821374461,-0.116582539879,0.859412736413,100.0,-0.317534023092,0.0882038953034,-0.052922337182,1.48374291708,0.343995191683,-0.0314466061517,0.0648106882882,100.0
4.774740,-0.796903019306,0.122718463031,0.013422331894,1.51365554245,1.138980735,-0.116582539879,0.859412736413,100.0,-0.318301013486,0.0866699145155,-0.052922337182,1.48527689787,0.343995191683,-0.0310631109547,0.066344669076,100.0
4.784739,-0.79651952411,0.122334967834,0.0126553415001,1.51327204725,1.13821374461,-0.116199044682,0.859412736413,100.0,-0.318684508683,0.0878204001064,-0.052922337182,1.48489340267,0.343611696486,-0.0314466061517,0.0655776786821,100.0
4.794742,-0.795752533716,0.122334967834,0.013805827091,1.51288855205,1.13744675422,-0.116199044682,0.859412736413,100.0,-0.318301013486,0.0866699145155,-0.052922337182,1.48527689787,0.343995191683,-0.0318301013486,0.0651941834851,100.0
4.804788,-0.796136028913,0.122334967834,0.013038836697,1.51288855205,1.13821374461,-0.116199044682,0.859029241216,100.0,-0.317917518289,0.0870534097125,-0.052922337182,1.48450990748,0.34437868688,-0.0310631109547,0.0655776786821,100.0
4.814801,-0.796903019306,0.122334967834,0.0126553415001,1.51250505686,1.13744675422,-0.116966035076,0.860946717201,100.0,-0.318301013486,0.0878204001064,-0.0525388419851,1.48450990748,0.34437868688,-0.0325970917426,0.0648106882882,100.0
4.824786,-0.795752533716,0.123101958228,0.0141893222879,1.51212156166,1.13821374461,-0.116582539879,0.859029241216,100.0,-0.318301013486,0.0870534097125,-0.052922337182,1.48566039307,0.34437868688,-0.0318301013486,0.0651941834851,100.0
4.834791,-0.796903019306,0.121951472637,0.013805827091,1.51288855205,1.13859723981,-0.116582539879,0.85979623161,100.0,-0.317917518289,0.0878204001064,-0.052922337182,1.48412641228,0.343611696486,-0.0318301013486,0.066344669076,100.0
4.844783,-0.79651952411,0.122334967834,0.013038836697,1.51288855205,1.13783024941,-0.116582539879,0.85979623161,100.0,-0.318684508683,0.0882038953034,-0.0521553467881,1.48412641228,0.34437868688,-0.0325970917426,0.0659611738791,100.0
4.854781,-0.796903019306,0.122334967834,0.0122718463031,1.51327204725,1.13821374461,-0.116582539879,0.85979623161,100.0,-0.318684508683,0.0882038953034,-0.053305832379,1.48412641228,0.344762182077,-0.0318301013486,0.0651941834851,100.0
4.864752,-0.796903019306,0.122334967834,0.0126553415001,1.51173806646,1.13821374461,-0.116966035076,0.85979623161,100.0,-0.318301013486,0.0870534097125,-0.0521553467881,1.48450990748,0.343995191683,-0.0322135965456,0.0655776786821,100.0
4.874742,-0.797286514503,0.122334967834,0.013422331894,1.51212156166,1.13821374461,-0.116582539879,0.859412736413,100.0,-0.317917518289,0.0870534097125,-0.0521553467881,1.48489340267,0.34437868688,-0.0322135965456,0.0659611738791,100.0
4.884736,-0.796136028913,0.122334967834,0.0122718463031,1.51288855205,1.13859723981,-0.117349530273,0.859412736413,100.0,-0.318684508683,0.0878204001064,-0.053305832379,1.48450990748,0.34437868688,-0.0322135965456,0.0651941834851,100.0
4.894752,-0.79651952411,0.123101958228,0.0122718463031,1.51365554245,1.13859723981,-0.116966035076,0.859412736413,100.0,-0.317917518289,0.0866699145155,-0.053689327576,1.48412641228,0.343228201289,-0.0322135965456,0.0655776786821,100.0
4.904740,-0.797286514503,0.122718463031,0.013805827091,1.51250505686,1.13821374461,-0.116966035076,0.859412736413,100.0,-0.31906800388,0.0874369049095,-0.0521553467881,1.48489340267,0.34437868688,-0.0325970917426,0.0651941834851,100.0
4.914741,-0.796903019306,0.122334967834,0.013038836697,1.51288855205,1.13859723981,-0.116966035076,0.860563222004,100.0,-0.31906800388,0.0874369049095,-0.052922337182,1.48412641228,0.343995191683,-0.0318301013486,0.0651941834851,100.0
4.924742,-0.796903019306,0.122718463031,0.0122718463031,1.51212156166,1.13821374461,-0.116582539879,0.85979623161,100.0,-0.318684508683,0.0878204001064,-0.052922337182,1.48374291708,0.345145677274,-0.0314466061517,0.066344669076,100.0
4.934744,-0.795752533716,0.122334967834,0.013805827091,1.51288855205,1.13821374461,-0.116582539879,0.860179726807,100.0,-0.317534023092,0.0870534097125,-0.053689327576,1.48412641228,0.34437868688,-0.0314466061517,0.0648106882882,100.0
4.944739,-0.796136028913,0.122718463031,0.013038836697,1.51327204725,1.13859723981,-0.116582539879,0.859412736413,100.0,-0.318301013486,0.0874369049095,-0.053305832379,1.48489340267,0.343995191683,-0.0318301013486,0.0655776786821,100.0
4.954742,-0.796903019306,0.122718463031,0.0122718463031,1.51288855205,1.13859723981,-0.115815549485,0.85979623161,100.0,-0.318301013486,0.0878204001064,-0.0521553467881,1.48450990748,0.344762182077,-0.0318301013486,0.0655776786821,100.0
4.964739,-0.796136028913,0.122334967834,0.013038836697,1.51288855205,1.13783024941,-0.116199044682,0.860179726807,100.0,-0.318301013486,0.0862864193186,-0.0525388419851,1.48450990748,0.34437868688,-0.0318301013486,0.0655776786821,100.0
4.974739,-0.79651952411,0.122334967834,0.013805827091,1.51288855205,1.138980735,-0.116966035076,0.85979623161,100.0,-0.318684508683,0.0874369049095,-0.053305832379,1.48412641228,0.343995191683,-0.0322135965456,0.066344669076,100.0
4.984746,-0.79651952411,0.122718463031,0.0141893222879,1.51480602804,1.13859723981,-0.116582539879,0.859412736413,100.0,-0.317917518289,0.0874369049095,-0.052922337182,1.48335942189,0.343995191683,-0.0322135965456,0.0651941834851,100.0
4.994740,-0.796136028913,0.121951472637,0.013422331894,1.51250505686,1.13821374461,-0.115432054288,0.85979623161,100.0,-0.317917518289,0.0882038953034,-0.052922337182,1.48450990748,0.34437868688,-0.0322135965456,0.0659611738791,100.0
5.004739,-0.797286514503,0.122334967834,0.0126553415001,1.51135457126,1.13783024941,-0.116966035076,0.859412736413,100.0,-0.317917518289,0.0870534097125,-0.052922337182,1.48450990748,0.343995191683,-0.0318301013486,0.0655776786821,100.0
5.014737,-0.796136028913,0.122718463031,0.013038836697,1.51288855205,1.13821374461,-0.116582539879,0.860179726807,100.0,-0.317917518289,0.0874369049095,-0.0525388419851,1.48412641228,0.34437868688,-0.0318301013486,0.0659611738791,100.0
5.024755,-0.79651952411,0.12156797744,0.0118883511061,1.51365554245,1.13744675422,-0.117349530273,0.859412736413,100.0,-0.318684508683,0.0874369049095,-0.052922337182,1.48450990748,0.344762182077,-0.0322135965456,0.0644271930912,100.0
5.034745,-0.796136028913,0.122334967834,0.0126553415001,1.51250505686,1.13859723981,-0.116966035076,0.859412736413,100.0,-0.318301013486,0.0885873905004,-0.052922337182,1.48450990748,0.34437868688,-0.0322135965456,0.0651941834851,100.0
5.044751,-0.796136028913,0.122334967834,0.0122718463031,1.51365554245,1.13783024941,-0.116199044682,0.859029241216,100.0,-0.317917518289,0.0878204001064,-0.052922337182,1.48412641228,0.343995191683,-0.0318301013486,0.0659611738791,100.0
5.054800,-0.79651952411,0.122334967834,0.0126553415001,1.51250505686,1.13859723981,-0.116582539879,0.860179726807,100.0,-0.318301013486,0.0878204001064,-0.0525388419851,1.48412641228,0.34437868688,-0.0318301013486,0.0651941834851,100.0
5.064802,-0.796903019306,0.122334967834,0.013038836697,1.51327204725,1.13859723981,-0.116966035076,0.85979623161,100.0,-0.317917518289,0.0866699145155,-0.052922337182,1.48489340267,0.34437868688,-0.0322135965456,0.0648106882882,100.0
5.074793,-0.795752533716,0.122718463031,0.0126553415001,1.51365554245,1.13821374461,-0.116582539879,0.859412736413,100.0,-0.318684508683,0.0882038953034,-0.053305832379,1.48489340267,0.344762182077,-0.0314466061517,0.0655776786821,100.0
5.084784,-0.79651952411,0.122334967834,0.013038836697,1.51250505686,1.13783024941,-0.116582539879,0.85979623161,100.0,-0.318684508683,0.0874369049095,-0.052922337182,1.48489340267,0.343995191683,-0.0314466061517,0.066344669076,100.0
5.094784,-0.796136028913,0.123101958228,0.013038836697,1.51288855205,1.13783024941,-0.116199044682,0.85979623161,100.0,-0.318684508683,0.0878204001064,-0.0521553467881,1.48489340267,0.34437868688,-0.0314466061517,0.0648106882882,100.0
5.104777,-0.797286514503,0.122334967834,0.013038836697,1.51365554245,1.13821374461,-0.116199044682,0.860179726807,100.0,-0.317917518289,0.0862864193186,-0.052922337182,1.48450990748,0.34437868688,-0.0314466061517,0.0655776786821,100.0
5.114770,-0.796903019306,0.122334967834,0.0122718463031,1.51212156166,1.13783024941,-0.115815549485,0.859412736413,100.0,-0.318301013486,0.0859029241216,-0.053305832379,1.48450990748,0.344762182077,-0.0322135965456,0.066344669076,100.0
5.124769,-0.79651952411,0.122718463031,0.0141893222879,1.51250505686,1.13859723981,-0.118116520667,0.859029241216,100.0,-0.317917518289,0.0874369049095,-0.052922337182,1.48489340267,0.34437868688,-0.0318301013486,0.0659611738791,100.0
5.134763,-0.79651952411,0.122718463031,0.013422331894,1.51327204725,1.13821374461,-0.116582539879,0.859412736413,100.0,-0.317917518289,0.0874369049095,-0.052922337182,1.48412641228,0.343995191683,-0.0322135965456,0.0648106882882,100.0
5.144764,-0.797286514503,0.122718463031,0.013038836697,1.51250505686,1.13783024941,-0.117349530273,0.85979623161,100.0,-0.317917518289,0.0874369049095,-0.052922337182,1.48450990748,0.34437868688,-0.0314466061517,0.0659611738791,100.0
5.154763,-0.796903019306,0.123101958228,0.0126553415001,1.51327204725,1.13859723981,-0.116966035076,0.859029241216,100.0,-0.318301013486,0.0870534097125,-0.052922337182,1.48450990748,0.34437868688,-0.0314466061517,0.0655776786821,100.0
5.164764,-0.796136028913,0.122334967834,0.0126553415001,1.51288855205,1.13821374461,-0.11773302547,0.85979623161,100.0,-0.317917518289,0.0882038953034,-0.053305832379,1.48412641228,0.34437868688,-0.0318301013486,0.0648106882882,100.0
5.174762,-0.79651952411,0.121951472637,0.0122718463031,1.51327204725,1.13859723981,-0.118883511061,0.859412736413,100.0,-0.318301013486,0.0874369049095,-0.053305832379,1.48412641228,0.34437868688,-0.0314466061517,0.0648106882882,100.0
5.184756,-0.797286514503,0.122718463031,0.0122718463031,1.51365554245,1.13821374461,-0.118500015864,0.85979623161,100.0,-0.318301013486,0.0874369049095,-0.0525388419851,1.48489340267,0.343995191683,-0.0310631109547,0.0659611738791,100.0
5.194790,-0.79651952411,0.122334967834,0.0118883511061,1.51403903764,1.13783024941,-0.118500015864,0.858262250822,100.0,-0.318301013486,0.0874369049095,-0.053305832379,1.48489340267,0.34437868688,-0.0318301013486,0.0648106882882,100.0
5.204776,-0.796136028913,0.122334967834,0.0115048559091,1.51480602804,1.13821374461,-0.118500015864,0.858645746019,100.0,-0.317917518289,0.0870534097125,-0.053689327576,1.48374291708,0.343995191683,-0.0329805869395,0.066344669076,100.0
5.214761,-0.796136028913,0.122334967834,0.00997087512126,1.51518952323,1.13821374461,-0.118116520667,0.858645746019,100.0,-0.318684508683,0.0878204001064,-0.0525388419851,1.48335942189,0.344762182077,-0.0322135965456,0.0655776786821,100.0
5.224799,-0.797286514503,0.122718463031,0.0115048559091,1.51595651363,1.13744675422,-0.117349530273,0.857878755625,100.0,-0.318301013486,0.0870534097125,-0.052922337182,1.48374291708,0.343995191683,-0.0325970917426,0.0655776786821,100.0
5.234803,-0.79651952411,0.122334967834,0.0107378655152,1.51557301843,1.13783024941,-0.115432054288,0.857878755625,100.0,-0.317917518289,0.0878204001064,-0.053305832379,1.48489340267,0.344762182077,-0.0318301013486,0.0655776786821,100.0
5.244771,-0.796903019306,0.122334967834,0.0107378655152,1.51634000882,1.13744675422,-0.115815549485,0.858645746019,100.0,-0.318301013486,0.0874369049095,-0.054072822773,1.48412641228,0.34437868688,-0.0318301013486,0.0655776786821,100.0
5.254760,-0.797286514503,0.122718463031,0.00997087512126,1.51710699922,1.13783024941,-0.115432054288,0.858645746019,100.0,-0.318301013486,0.0882038953034,-0.053305832379,1.48489340267,0.343995191683,-0.0306796157577,0.0655776786821,100.0
5.264742,-0.797286514503,0.122718463031,0.0107378655152,1.51710699922,1.13783024941,-0.115432054288,0.857878755625,100.0,-0.317917518289,0.0878204001064,-0.052922337182,1.48489340267,0.34437868688,-0.0310631109547,0.0655776786821,100.0
5.274727,-0.798437000094,0.122718463031,0.0107378655152,1.51864098001,1.138980735,-0.114665063894,0.859029241216,100.0,-0.318301013486,0.0878204001064,-0.052922337182,1.48374291708,0.343995191683,-0.0325970917426,0.0651941834851,100.0
5.284733,-0.798437000094,0.122718463031,0.0107378655152,1.51825748481,1.13783024941,-0.115432054288,0.858262250822,100.0,-0.317917518289,0.0866699145155,-0.052922337182,1.48450990748,0.344762182077,-0.0314466061517,0.0651941834851,100.0
5.294731,-0.798437000094,0.122718463031,0.0111213607122,1.51864098001,1.1393642302,-0.115048559091,0.858645746019,100.0,-0.317917518289,0.0870534097125,-0.0521553467881,1.48412641228,0.34437868688,-0.0314466061517,0.0648106882882,100.0
5.304728,-0.798053504897,0.122718463031,0.0115048559091,1.51825748481,1.13821374461,-0.114665063894,0.85979623161,100.0,-0.318301013486,0.0870534097125,-0.0517718515911,1.48412641228,0.34437868688,-0.0318301013486,0.0651941834851,100.0
5.314726,-0.798437000094,0.123485453425,0.0103543703182,1.51825748481,1.13821374461,-0.115432054288,0.859412736413,100.0,-0.318684508683,0.0870534097125,-0.052922337182,1.48489340267,0.34437868688,-0.0318301013486,0.0655776786821,100.0
5.324735,-0.798437000094,0.123101958228,0.0115048559091,1.51787398961,1.13783024941,-0.115815549485,0.858645746019,100.0,-0.318301013486,0.0870534097125,-0.052922337182,1.48374291708,0.343995191683,-0.0314466061517,0.0651941834851,100.0
5.334726,-0.798053504897,0.123485453425,0.0103543703182,1.51710699922,1.13821374461,-0.116582539879,0.859412736413,100.0,-0.318684508683,0.0866699145155,-0.0521553467881,1.48374291708,0.344762182077,-0.0318301013486,0.0655776786821,100.0
5.344731,-0.798053504897,0.123485453425,0.0107378655152,1.51672350402,1.13821374461,-0.11773302547,0.85979623161,100.0,-0.318301013486,0.0878204001064,-0.052922337182,1.48489340267,0.344762182077,-0.0322135965456,0.0648106882882,100.0
5.354727,-0.7976700097,0.123485453425,0.00997087512126,1.51634000882,1.13859723981,-0.118500015864,0.859029241216,100.0,-0.318684508683,0.0882038953034,-0.0525388419851,1.48527689787,0.34437868688,-0.0318301013486,0.0655776786821,100.0
5.364732,-0.7976700097,0.123485453425,0.0103543703182,1.51672350402,1.13821374461,-0.119650501455,0.859412736413,100.0,-0.318684508683,0.0874369049095,-0.053305832379,1.48489340267,0.343611696486,-0.0322135965456,0.0655776786821,100.0
5.374725,-0.7976700097,0.123485453425,0.0107378655152,1.51749049442,1.13859723981,-0.120417491849,0.858645746019,100.0,-0.318684508683,0.0878204001064,-0.0525388419851,1.48489340267,0.343995191683,-0.0314466061517,0.0651941834851,100.0
5.384727,-0.798437000094,0.123868948622,0.0111213607122,1.51710699922,1.138980735,-0.123485453425,0.859412736413,100.0,-0.318301013486,0.0870534097125,-0.052922337182,1.48489340267,0.34437868688,-0.0318301013486,0.0651941834851,100.0
5.394731,-0.798437000094,0.123485453425,0.0111213607122,1.51710699922,1.13821374461,-0.125019434213,0.85979623161,100.0,-0.318684508683,0.0862864193186,-0.052922337182,1.48450990748,0.343995191683,-0.0306796157577,0.0651941834851,100.0
5.404733,-0.798437000094,0.124252443819,0.0103543703182,1.51825748481,1.13821374461,-0.125786424607,0.859412736413,100.0,-0.318301013486,0.0878204001064,-0.0525388419851,1.48374291708,0.34437868688,-0.0314466061517,0.0655776786821,100.0
5.414734,-0.798437000094,0.124252443819,0.0103543703182,1.51749049442,1.13821374461,-0.126169919804,0.859412736413,100.0,-0.318301013486,0.0874369049095,-0.052922337182,1.48489340267,0.344762182077,-0.0318301013486,0.0644271930912,100.0
5.424727,-0.798820495291,0.124252443819,0.00882038953034,1.51710699922,1.13821374461,-0.125786424607,0.859029241216,100.0,-0.318301013486,0.0874369049095,-0.053305832379,1.48489340267,0.34437868688,-0.0318301013486,0.0655776786821,100.0
5.434725,-0.799203990488,0.124635939016,0.00958737992428,1.51787398961,1.13859723981,-0.12540292941,0.859412736413,100.0,-0.317150527895,0.0874369049095,-0.053305832379,1.48527689787,0.34437868688,-0.0325970917426,0.0655776786821,100.0
5.444731,-0.798437000094,0.123868948622,0.00882038953034,1.51710699922,1.13821374461,-0.12540292941,0.859412736413,100.0,-0.317917518289,0.0878204001064,-0.052922337182,1.48450990748,0.343995191683,-0.0314466061517,0.0655776786821,100.0
5.454786,-0.798820495291,0.125019434213,0.00882038953034,1.51787398961,1.13859723981,-0.125786424607,0.860563222004,100.0,-0.317917518289,0.0878204001064,-0.053689327576,1.48412641228,0.343995191683,-0.0310631109547,0.0651941834851,100.0
5.464801,-0.799587485685,0.125019434213,0.00843689433337,1.51749049442,1.13821374461,-0.125786424607,0.859412736413,100.0,-0.318684508683,0.0878204001064,-0.053305832379,1.48566039307,0.34437868688,-0.0310631109547,0.0659611738791,100.0
5.475029,-0.799970980882,0.12540292941,0.00920388472731,1.51710699922,1.13859723981,-0.126553415001,0.85979623161,100.0,-0.318301013486,0.0870534097125,-0.053305832379,1.48489340267,0.343995191683,-0.0314466061517,0.0651941834851,100.0
5.484793,-0.799970980882,0.125786424607,0.0080533991364,1.51787398961,1.1393642302,-0.126553415001,0.859029241216,100.0,-0.318684508683,0.0882038953034,-0.0521553467881,1.48412641228,0.343995191683,-0.0318301013486,0.0651941834851,100.0
5.494769,-0.799587485685,0.125786424607,0.00766990393943,1.51787398961,1.1401312206,-0.125786424607,0.860946717201,100.0,-0.318301013486,0.0878204001064,-0.052922337182,1.48412641228,0.343995191683,-0.0325970917426,0.0655776786821,100.0
5.504880,-0.800354476079,0.125786424607,0.00766990393943,1.51825748481,1.14166520138,-0.124635939016,0.85979623161,100.0,-0.317917518289,0.0866699145155,-0.0525388419851,1.48412641228,0.343995191683,-0.0325970917426,0.0651941834851,100.0
5.514761,-0.800354476079,0.126553415001,0.00651941834851,1.5190244752,1.14396617257,-0.12156797744,0.861713707595,100.0,-0.317917518289,0.0866699145155,-0.053305832379,1.48489340267,0.34437868688,-0.0310631109547,0.0651941834851,100.0
5.524740,-0.800737971276,0.127320405394,0.0053689327576,1.51787398961,1.14856811493,-0.117349530273,0.863247688383,100.0,-0.317534023092,0.0866699145155,-0.052922337182,1.48489340267,0.343995191683,-0.0306796157577,0.066344669076,100.0
5.534729,-0.799587485685,0.128087395788,0.0053689327576,1.51749049442,1.1516360765,-0.114665063894,0.865548659564,100.0,-0.317917518289,0.0870534097125,-0.0525388419851,1.48527689787,0.343995191683,-0.0322135965456,0.066344669076,100.0
5.544733,-0.801121466473,0.128470890985,0.00575242795457,1.51672350402,1.1524030669,-0.11274758791,0.869000116337,100.0,-0.318301013486,0.0878204001064,-0.053689327576,1.48566039307,0.34437868688,-0.0314466061517,0.0655776786821,100.0
5.554728,-0.801121466473,0.129621376576,0.00460194236366,1.51749049442,1.15125258131,-0.112364092713,0.872835068307,100.0,-0.317150527895,0.0874369049095,-0.053305832379,1.48489340267,0.344762182077,-0.0322135965456,0.0655776786821,100.0
5.564728,-0.803805932852,0.130771862167,0.00651941834851,1.51634000882,1.1524030669,-0.113131083107,0.87743701067,100.0,-0.317534023092,0.0870534097125,-0.052922337182,1.48412641228,0.343611696486,-0.0318301013486,0.0655776786821,100.0
5.574757,-0.803805932852,0.131538852561,0.00766990393943,1.51672350402,1.15470403808,-0.111213607122,0.883189438625,100.0,-0.318684508683,0.0874369049095,-0.052922337182,1.48489340267,0.343995191683,-0.0333640821365,0.0655776786821,100.0
5.584739,-0.80533991364,0.131922347758,0.00997087512126,1.51634000882,1.15585452367,-0.110063121531,0.890092352171,100.0,-0.31906800388,0.0870534097125,-0.0525388419851,1.48489340267,0.343995191683,-0.0318301013486,0.0659611738791,100.0
5.594726,-0.806873894428,0.133456328546,0.00882038953034,1.51557301843,1.15585452367,-0.106611664758,0.898529246504,100.0,-0.318301013486,0.0882038953034,-0.0525388419851,1.48450990748,0.344762182077,-0.0318301013486,0.0659611738791,100.0
5.604730,-0.809558360807,0.13422331894,0.0126553415001,1.51403903764,1.15662151407,-0.104694188773,0.907733131231,100.0,-0.317917518289,0.0870534097125,-0.053689327576,1.48412641228,0.344762182077,-0.0318301013486,0.066344669076,100.0
5.614731,-0.8103253512,0.134990309334,0.0141893222879,1.51518952323,1.15815549485,-0.100475741606,0.917320511155,100.0,-0.318301013486,0.0874369049095,-0.053305832379,1.48374291708,0.343995191683,-0.0318301013486,0.0655776786821,100.0
5.624755,-0.813393312776,0.135373804531,0.0153398078789,1.51365554245,1.16007297084,-0.0966407896368,0.930359347853,100.0,-0.317534023092,0.0874369049095,-0.052922337182,1.48374291708,0.343995191683,-0.0325970917426,0.0659611738791,100.0
5.634759,-0.814927293564,0.135757299728,0.0184077694546,1.51327204725,1.16275743722,-0.0920388472731,0.94339818455,100.0,-0.317917518289,0.0878204001064,-0.0525388419851,1.48374291708,0.344762182077,-0.0318301013486,0.066728164273,100.0
5.644758,-0.817228264746,0.136524290122,0.0191747598486,1.51212156166,1.16352442761,-0.0866699145155,0.956820516444,100.0,-0.317917518289,0.0878204001064,-0.0525388419851,1.48489340267,0.344762182077,-0.0329805869395,0.0651941834851,100.0
5.654746,-0.819145740731,0.136524290122,0.0237767022122,1.51097107607,1.16582539879,-0.080917486561,0.971776829125,100.0,-0.318684508683,0.0870534097125,-0.053305832379,1.48450990748,0.345145677274,-0.0318301013486,0.0648106882882,100.0
5.664733,-0.821063216716,0.136524290122,0.0256941781971,1.50982059048,1.16697588438,-0.0751650586064,0.988650617792,100.0,-0.317534023092,0.0874369049095,-0.0525388419851,1.48412641228,0.34437868688,-0.0310631109547,0.0651941834851,100.0
5.674727,-0.824898168685,0.136140794925,0.027228158985,1.51173806646,1.16966035076,-0.066344669076,1.00475741606,100.0,-0.317917518289,0.0874369049095,-0.052922337182,1.48374291708,0.343995191683,-0.0310631109547,0.0651941834851,100.0
5.684725,-0.826432149473,0.136140794925,0.0314466061517,1.50982059048,1.17119433155,-0.0567572891518,1.02124770953,100.0,-0.318301013486,0.0874369049095,-0.0525388419851,1.48412641228,0.34437868688,-0.0314466061517,0.0655776786821,100.0
5.694725,-0.829500111049,0.13422331894,0.0360485485153,1.50905360008,1.17234481714,-0.0490873852123,1.037738003,100.0,-0.318301013486,0.0874369049095,-0.052922337182,1.48489340267,0.34437868688,-0.0318301013486,0.0659611738791,100.0
5.704723,-0.831801082231,0.133456328546,0.0391165100911,1.50867010489,1.17464578832,-0.0391165100911,1.05614577246,100.0,-0.317917518289,0.0878204001064,-0.053305832379,1.48450990748,0.34437868688,-0.0322135965456,0.0655776786821,100.0
5.714727,-0.834869043807,0.133072833349,0.0425679668638,1.50867010489,1.17656326431,-0.0299126253638,1.0764710179,100.0,-0.317917518289,0.0878204001064,-0.052922337182,1.48489340267,0.343995191683,-0.0318301013486,0.0655776786821,100.0
5.724772,-0.836403024595,0.131538852561,0.0475534044244,1.50751961929,1.17886423549,-0.0199417502425,1.09526228255,100.0,-0.317917518289,0.0874369049095,-0.053305832379,1.48450990748,0.343611696486,-0.0322135965456,0.0655776786821,100.0
5.734867,-0.840621471761,0.130771862167,0.0510048611972,1.5067526289,1.18001472108,-0.0103543703182,1.11635451838,100.0,-0.317534023092,0.0882038953034,-0.053305832379,1.48450990748,0.344762182077,-0.0318301013486,0.0644271930912,100.0
5.744791,-0.841771957352,0.129237881379,0.0552233083639,1.50560214331,1.18039821628,0.000766990393943,1.13667976382,100.0,-0.317534023092,0.0866699145155,-0.052922337182,1.48489340267,0.345145677274,-0.0318301013486,0.0655776786821,100.0
5.754769,-0.844456423731,0.128854386182,0.0602087459245,1.50445165772,1.18039821628,0.00882038953034,1.15815549485,100.0,-0.317917518289,0.0878204001064,-0.0525388419851,1.48412641228,0.34437868688,-0.0314466061517,0.0655776786821,100.0
5.764740,-0.847907880504,0.126169919804,0.0644271930912,1.50445165772,1.18116520667,0.0210922358334,1.17924773069,100.0,-0.318301013486,0.0878204001064,-0.0525388419851,1.48450990748,0.343995191683,-0.0314466061517,0.0655776786821,100.0
5.774726,-0.849441861292,0.12540292941,0.0694126306518,1.50253418173,1.17963122588,0.0306796157577,1.2026409377,100.0,-0.317917518289,0.0878204001064,-0.052922337182,1.48489340267,0.343995191683,-0.0314466061517,0.0659611738791,100.0
5.784730,-0.853276813261,0.124252443819,0.0724805922276,1.50100020095,1.17963122588,0.0425679668638,1.22296618314,100.0,-0.317917518289,0.0874369049095,-0.052922337182,1.48489340267,0.343995191683,-0.0322135965456,0.0655776786821,100.0
5.794727,-0.855577784443,0.122334967834,0.0778495249852,1.49946622016,1.17848074029,0.0517718515911,1.24482540937,100.0,-0.318684508683,0.0870534097125,-0.052922337182,1.48450990748,0.34437868688,-0.0314466061517,0.0648106882882,100.0
5.804734,-0.857878755625,0.120800987046,0.080917486561,1.49754874417,1.17656326431,0.0598252507275,1.26476715961,100.0,-0.317917518289,0.0878204001064,-0.052922337182,1.48489340267,0.344762182077,-0.0314466061517,0.0655776786821,100.0
5.814732,-0.860946717201,0.119267006258,0.0870534097125,1.49716524898,1.17349530273,0.06711165947,1.28509240505,100.0,-0.317917518289,0.0878204001064,-0.052922337182,1.48450990748,0.344762182077,-0.0322135965456,0.0651941834851,100.0
5.824709,-0.864014678776,0.11773302547,0.0905048664852,1.49486427779,1.17042734116,0.0732475826215,1.30311667931,100.0,-0.318301013486,0.0874369049095,-0.052922337182,1.48450990748,0.343611696486,-0.0325970917426,0.0651941834851,100.0
5.834700,-0.865932154761,0.115432054288,0.0951068088489,1.49333029701,1.16659238919,0.080533991364,1.32190794396,100.0,-0.318301013486,0.0878204001064,-0.052922337182,1.48374291708,0.34437868688,-0.0322135965456,0.0655776786821,100.0
5.844704,-0.869000116337,0.113131083107,0.0997087512126,1.49256330661,1.1646749132,0.0870534097125,1.33839823743,100.0,-0.317917518289,0.0874369049095,-0.053689327576,1.48450990748,0.344762182077,-0.0325970917426,0.0651941834851,100.0
5.854699,-0.869767106731,0.110446616728,0.102393217591,1.49102932582,1.16390792281,0.0977912752277,1.3552720261,100.0,-0.317917518289,0.0866699145155,-0.0525388419851,1.48450990748,0.345145677274,-0.0318301013486,0.0655776786821,100.0
5.864705,-0.87245157311,0.108145645546,0.105844674364,1.48796136425,1.16314093241,0.107762150349,1.36831086279,100.0,-0.318301013486,0.0862864193186,-0.0525388419851,1.48412641228,0.344762182077,-0.0318301013486,0.0659611738791,100.0
5.874701,-0.875136039489,0.105844674364,0.111213607122,1.48681087866,1.16275743722,0.116582539879,1.38250018508,100.0,-0.317917518289,0.0870534097125,-0.0517718515911,1.48489340267,0.34437868688,-0.0314466061517,0.0655776786821,100.0
5.884700,-0.876670020277,0.102009722394,0.115815549485,1.48604388826,1.16045646604,0.120800987046,1.39400504099,100.0,-0.318684508683,0.0874369049095,-0.053689327576,1.48412641228,0.343995191683,-0.0314466061517,0.0655776786821,100.0
5.894701,-0.879737981852,0.0997087512126,0.120033996652,1.48566039307,1.15853899005,0.123485453425,1.40627688729,100.0,-0.318301013486,0.0878204001064,-0.0525388419851,1.48374291708,0.343995191683,-0.0310631109547,0.0651941834851,100.0
5.904700,-0.882038953034,0.0954903040459,0.124635939016,1.48527689787,1.15700500926,0.127320405394,1.41624776242,100.0,-0.317534023092,0.0870534097125,-0.053689327576,1.48489340267,0.34437868688,-0.0325970917426,0.0655776786821,100.0
5.914700,-0.88510691461,0.0912718568792,0.128087395788,1.48297592669,1.15662151407,0.133072833349,1.42545164714,100.0,-0.317534023092,0.0870534097125,-0.052922337182,1.48489340267,0.344762182077,-0.0322135965456,0.0655776786821,100.0
5.924707,-0.886640895398,0.0874369049095,0.130771862167,1.48450990748,1.15508753328,0.138441766107,1.43503902707,100.0,-0.318301013486,0.0878204001064,-0.0525388419851,1.48450990748,0.344762182077,-0.0325970917426,0.0659611738791,100.0
5.934711,-0.889708856974,0.0832184577428,0.13422331894,1.48297592669,1.15125258131,0.142276718076,1.44194194061,100.0,-0.318301013486,0.0874369049095,-0.0525388419851,1.48412641228,0.34437868688,-0.0325970917426,0.0659611738791,100.0
5.944713,-0.892009828155,0.0790000105761,0.139208756501,1.4818254411,1.14588364855,0.14304370847,1.44884485416,100.0,-0.318301013486,0.0878204001064,-0.053689327576,1.48489340267,0.34437868688,-0.0322135965456,0.0651941834851,100.0
5.954715,-0.895077789731,0.0747815634094,0.143427203667,1.48297592669,1.1397477254,0.143810698864,1.45498077731,100.0,-0.317534023092,0.0870534097125,-0.053689327576,1.48489340267,0.343611696486,-0.0318301013486,0.0651941834851,100.0
5.964712,-0.898529246504,0.0690291354548,0.146495165243,1.48374291708,1.13629626863,0.143427203667,1.46111670046,100.0,-0.317917518289,0.0878204001064,-0.053689327576,1.48412641228,0.34437868688,-0.0314466061517,0.0651941834851,100.0
5.974704,-0.900063227292,0.0636602026972,0.150330117213,1.48220893629,1.13246131666,0.14304370847,1.46456815723,100.0,-0.318301013486,0.0862864193186,-0.053305832379,1.48489340267,0.344762182077,-0.0314466061517,0.0659611738791,100.0
5.984704,-0.903131188868,0.0582912699396,0.153398078789,1.48259243149,1.13054384067,0.143427203667,1.4687866044,100.0,-0.317917518289,0.0870534097125,-0.0525388419851,1.48412641228,0.34437868688,-0.0322135965456,0.0659611738791,100.0
5.994702,-0.90658264564,0.0517718515911,0.156082545167,1.48259243149,1.12939335508,0.143810698864,1.47185456598,100.0,-0.317917518289,0.0870534097125,-0.052922337182,1.48527689787,0.344762182077,-0.0322135965456,0.0655776786821,100.0
6.004704,-0.908116626428,0.0467864140305,0.160300992334,1.48374291708,1.12862636469,0.142276718076,1.47338854676,100.0,-0.318684508683,0.0866699145155,-0.0525388419851,1.48450990748,0.343995191683,-0.0318301013486,0.0655776786821,100.0
6.014699,-0.910801092807,0.040650490879,0.162601963516,1.48259243149,1.12517490791,0.141893222879,1.47645650834,100.0,-0.317917518289,0.0866699145155,-0.0521553467881,1.48489340267,0.345145677274,-0.0310631109547,0.0651941834851,100.0
6.024712,-0.91425254958,0.0352815581214,0.166053420289,1.4810584507,1.11980597516,0.141893222879,1.47722349873,100.0,-0.317534023092,0.0862864193186,-0.0521553467881,1.48374291708,0.344762182077,-0.0318301013486,0.0655776786821,100.0
6.034715,-0.916937015959,0.0283786445759,0.169121381864,1.48297592669,1.11635451838,0.142276718076,1.47684000354,100.0,-0.317534023092,0.0882038953034,-0.052922337182,1.48412641228,0.343995191683,-0.0318301013486,0.0651941834851,100.0
6.044711,-0.920004977534,0.0222427214243,0.171038857849,1.4810584507,1.1144370424,0.141893222879,1.47607301314,100.0,-0.317150527895,0.0878204001064,-0.052922337182,1.48489340267,0.343995191683,-0.0314466061517,0.0659611738791,100.0
6.054711,-0.922689443913,0.0161067982728,0.172956333834,1.48029146031,1.11328655681,0.141509727682,1.47568951795,100.0,-0.317917518289,0.0882038953034,-0.0525388419851,1.48374291708,0.34437868688,-0.0322135965456,0.066344669076,100.0
6.064710,-0.926524395883,0.00920388472731,0.175257305016,1.47952446992,1.11136908082,0.141126232485,1.47645650834,100.0,-0.318301013486,0.0862864193186,-0.053305832379,1.48527689787,0.34437868688,-0.0322135965456,0.0655776786821,100.0
6.074711,-0.929592357459,0.0026844663788,0.177941771395,1.47799048913,1.10906810964,0.141509727682,1.47645650834,100.0,-0.318301013486,0.0874369049095,-0.053305832379,1.48489340267,0.344762182077,-0.0314466061517,0.066344669076,100.0
6.084702,-0.933427309428,-0.00498543756063,0.178708761789,1.47799048913,1.10753412885,0.142660213273,1.47568951795,100.0,-0.317917518289,0.0870534097125,-0.052922337182,1.48450990748,0.343995191683,-0.0322135965456,0.0651941834851,100.0
6.094704,-0.936878766201,-0.0111213607122,0.181393228167,1.47684000354,1.10638364326,0.144961184455,1.47684000354,100.0,-0.318684508683,0.0878204001064,-0.053305832379,1.48374291708,0.343995191683,-0.0306796157577,0.0651941834851,100.0
6.104700,-0.941480708565,-0.0199417502425,0.182543713758,1.47568951795,1.10523315767,0.148412641228,1.47568951795,100.0,-0.317150527895,0.0889708856974,-0.0525388419851,1.48450990748,0.343995191683,-0.0306796157577,0.0655776786821,100.0
6.114699,-0.944932165337,-0.026844663788,0.184077694546,1.47568951795,1.10446616728,0.15071361241,1.47568951795,100.0,-0.317534023092,0.0882038953034,-0.053305832379,1.48412641228,0.34437868688,-0.0318301013486,0.0655776786821,100.0
6.124709,-0.94838362211,-0.0356650533183,0.185995170531,1.47530602275,1.10408267208,0.155315554773,1.47645650834,100.0,-0.318301013486,0.0882038953034,-0.0521553467881,1.48412641228,0.344762182077,-0.0325970917426,0.0655776786821,100.0
6.134718,-0.952602069277,-0.0437184524547,0.187912646516,1.47530602275,1.10293218649,0.159150506743,1.47645650834,100.0,-0.317917518289,0.0866699145155,-0.052922337182,1.48412641228,0.34437868688,-0.0322135965456,0.0651941834851,100.0
6.144712,-0.95720401164,-0.0521553467881,0.18867963691,1.47492252755,1.10369917688,0.162601963516,1.47607301314,100.0,-0.318301013486,0.0874369049095,-0.053305832379,1.48527689787,0.34437868688,-0.0329805869395,0.0648106882882,100.0
6.154709,-0.961805954004,-0.0613592315154,0.190597112895,1.47530602275,1.10369917688,0.166820410683,1.47568951795,100.0,-0.318684508683,0.0870534097125,-0.053305832379,1.48527689787,0.34437868688,-0.0318301013486,0.0644271930912,100.0
6.164716,-0.967174886762,-0.0690291354548,0.192898084077,1.47415553716,1.10369917688,0.16835439147,1.47607301314,100.0,-0.317917518289,0.0878204001064,-0.053305832379,1.48450990748,0.34437868688,-0.0318301013486,0.0655776786821,100.0
6.174711,-0.970626343534,-0.0782330201822,0.195199055258,1.47492252755,1.10369917688,0.172572838637,1.47645650834,100.0,-0.317150527895,0.0878204001064,-0.0525388419851,1.48412641228,0.34437868688,-0.0318301013486,0.0651941834851,100.0
6.184716,-0.976762266686,-0.0878204001064,0.197116531243,1.47568951795,1.10446616728,0.17602429541,1.47684000354,100.0,-0.317917518289,0.0882038953034,-0.053689327576,1.48450990748,0.34437868688,-0.0318301013486,0.0655776786821,100.0
6.194705,-0.980980713853,-0.0966407896368,0.199034007228,1.47492252755,1.10408267208,0.182160218561,1.47684000354,100.0,-0.317917518289,0.0874369049095,-0.053305832379,1.48489340267,0.344762182077,-0.0318301013486,0.0655776786821,100.0
6.204705,-0.985966151413,-0.105844674364,0.199800997622,1.47530602275,1.10408267208,0.187912646516,1.47645650834,100.0,-0.317917518289,0.0870534097125,-0.052922337182,1.48527689787,0.343611696486,-0.0318301013486,0.0651941834851,100.0
6.214699,-0.991335084171,-0.115432054288,0.202101968804,1.47568951795,1.10331568169,0.194432064864,1.47645650834,100.0,-0.317534023092,0.0874369049095,-0.053305832379,1.48450990748,0.343995191683,-0.0318301013486,0.0651941834851,100.0
6.224708,-0.995937026535,-0.125019434213,0.203635949592,1.47684000354,1.10369917688,0.201718473607,1.47684000354,100.0,-0.317534023092,0.0878204001064,-0.0521553467881,1.48489340267,0.343995191683,-0.0318301013486,0.066344669076,100.0
6.234710,-1.00130595929,-0.13422331894,0.205553425577,1.47568951795,1.10331568169,0.21015536794,1.47607301314,100.0,-0.317917518289,0.0885873905004,-0.0525388419851,1.48450990748,0.343611696486,-0.0314466061517,0.0651941834851,100.0
6.244712,-1.00782537764,-0.144961184455,0.207854396758,1.47568951795,1.10369917688,0.219359252668,1.47645650834,100.0,-0.317917518289,0.0878204001064,-0.052922337182,1.48489340267,0.34437868688,-0.0318301013486,0.0651941834851,100.0
6.254706,-1.0128108152,-0.154548564379,0.21015536794,1.47799048913,1.10446616728,0.227796147001,1.47684000354,100.0,-0.317534023092,0.0870534097125,-0.052922337182,1.48604388826,0.343995191683,-0.0314466061517,0.0655776786821,100.0
6.264703,-1.01894673835,-0.164135944304,0.213223329516,1.47760699393,1.10369917688,0.238150517319,1.47607301314,100.0,-0.317917518289,0.0878204001064,-0.0525388419851,1.48450990748,0.34437868688,-0.0325970917426,0.066344669076,100.0
6.274700,-1.0250826615,-0.174106819425,0.215524300698,1.47760699393,1.10293218649,0.248504887637,1.47684000354,100.0,-0.317917518289,0.0870534097125,-0.0544563179699,1.48489340267,0.34437868688,-0.0318301013486,0.0659611738791,100.0
6.284701,-1.03045159426,-0.184461189743,0.218208767077,1.47875747952,1.10331568169,0.258092267562,1.47568951795,100.0,-0.317917518289,0.0878204001064,-0.052922337182,1.48489340267,0.344762182077,-0.0314466061517,0.0659611738791,100.0
6.294701,-1.03620402222,-0.193665074471,0.220893233455,1.47875747952,1.10254869129,0.26844663788,1.47760699393,100.0,-0.317917518289,0.0878204001064,-0.052922337182,1.48566039307,0.34437868688,-0.0314466061517,0.0655776786821,100.0
6.304707,-1.04233994537,-0.204402939986,0.224728185425,1.48029146031,1.10293218649,0.279184503395,1.47530602275,100.0,-0.318301013486,0.0878204001064,-0.0525388419851,1.48489340267,0.344762182077,-0.0314466061517,0.0655776786821,100.0
6.314700,-1.04809237332,-0.21399031991,0.227412651804,1.47952446992,1.10293218649,0.290305864107,1.47607301314,100.0,-0.317917518289,0.0878204001064,-0.0525388419851,1.48489340267,0.344762182077,-0.0314466061517,0.0651941834851,100.0
6.324700,-1.05384480128,-0.225111680622,0.231631098971,1.47990796511,1.10254869129,0.300660234426,1.47568951795,100.0,-0.318301013486,0.0874369049095,-0.052922337182,1.48450990748,0.343995191683,-0.0325970917426,0.0655776786821,100.0
6.334708,-1.05959722923,-0.234699060546,0.235082555743,1.48029146031,1.10254869129,0.311781595138,1.47645650834,100.0,-0.317150527895,0.0874369049095,-0.052922337182,1.48412641228,0.34437868688,-0.0318301013486,0.0655776786821,100.0
6.344722,-1.06573315238,-0.244286440471,0.238150517319,1.4810584507,1.1013982057,0.324053441441,1.47607301314,100.0,-0.317534023092,0.0874369049095,-0.0521553467881,1.48489340267,0.344762182077,-0.0318301013486,0.0651941834851,100.0
6.354735,-1.07186907553,-0.253873820395,0.242752459683,1.47914097472,1.09948072972,0.338242763729,1.47684000354,100.0,-0.318684508683,0.0874369049095,-0.053305832379,1.48412641228,0.34437868688,-0.0322135965456,0.0651941834851,100.0
6.364720,-1.07800499869,-0.261927219531,0.245820421259,1.47990796511,1.09833024413,0.351665095623,1.47722349873,100.0,-0.317917518289,0.0882038953034,-0.0521553467881,1.48412641228,0.344762182077,-0.0318301013486,0.0655776786821,100.0
6.374716,-1.08414092184,-0.271898094653,0.250422363622,1.47914097472,1.09564577775,0.365087427517,1.47684000354,100.0,-0.317917518289,0.0866699145155,-0.053305832379,1.48489340267,0.345145677274,-0.0318301013486,0.0655776786821,100.0
6.384716,-1.0887428642,-0.280718484183,0.255024305986,1.48029146031,1.09181082578,0.37735927382,1.47568951795,100.0,-0.317534023092,0.0885873905004,-0.0521553467881,1.48412641228,0.343995191683,-0.0322135965456,0.0659611738791,100.0
6.394717,-1.09526228255,-0.290689359304,0.259242753153,1.47914097472,1.0891263594,0.389631120123,1.47645650834,100.0,-0.318301013486,0.0870534097125,-0.0525388419851,1.48489340267,0.343611696486,-0.0318301013486,0.0659611738791,100.0
6.404712,-1.1013982057,-0.299893244032,0.263844695516,1.47914097472,1.08759237861,0.401519471229,1.47607301314,100.0,-0.317150527895,0.0885873905004,-0.052922337182,1.48335942189,0.34437868688,-0.0322135965456,0.066344669076,100.0
6.414713,-1.10753412885,-0.309097128759,0.268830133077,1.48067495551,1.088359369,0.413024327138,1.47568951795,100.0,-0.317534023092,0.0870534097125,-0.053305832379,1.48450990748,0.34437868688,-0.0325970917426,0.0644271930912,100.0
6.424710,-1.113670052,-0.316000042304,0.274966056228,1.47990796511,1.088359369,0.423762192653,1.47607301314,100.0,-0.317917518289,0.0878204001064,-0.053689327576,1.48412641228,0.344762182077,-0.0318301013486,0.0659611738791,100.0
6.434713,-1.11942247996,-0.325587422229,0.280334988986,1.48029146031,1.08644189302,0.433349572578,1.47645650834,100.0,-0.318301013486,0.0885873905004,-0.0525388419851,1.48527689787,0.34437868688,-0.0318301013486,0.0659611738791,100.0
6.444721,-1.12517490791,-0.334024316562,0.285703921744,1.47875747952,1.08605839782,0.442553457305,1.47607301314,100.0,-0.317917518289,0.0878204001064,-0.053305832379,1.48412641228,0.343995191683,-0.0318301013486,0.0659611738791,100.0
6.454709,-1.12939335508,-0.341694220501,0.290689359304,1.47990796511,1.08490791223,0.451757342032,1.47607301314,100.0,-0.318301013486,0.0882038953034,-0.053305832379,1.48412641228,0.343995191683,-0.0325970917426,0.0659611738791,100.0
6.464705,-1.13399529744,-0.349747619638,0.296825282456,1.47952446992,1.08414092184,0.461344721957,1.47607301314,100.0,-0.317917518289,0.0870534097125,-0.0525388419851,1.48412641228,0.34437868688,-0.0322135965456,0.0659611738791,100.0
6.474701,-1.138980735,-0.356650533183,0.30257771041,1.47799048913,1.08337393144,0.46978161629,1.47492252755,100.0,-0.317917518289,0.0874369049095,-0.053305832379,1.48374291708,0.343995191683,-0.0325970917426,0.0659611738791,100.0
6.484704,-1.14434966776,-0.364320437123,0.308330138365,1.47875747952,1.08145645546,0.476301034638,1.47492252755,100.0,-0.317917518289,0.0882038953034,-0.053305832379,1.48412641228,0.344762182077,-0.0314466061517,0.0655776786821,100.0
6.494702,-1.14971860052,-0.371223350668,0.314849556713,1.47799048913,1.07992247467,0.481286472199,1.47530602275,100.0,-0.31906800388,0.0870534097125,-0.052922337182,1.48412641228,0.344762182077,-0.0314466061517,0.0659611738791,100.0
6.504701,-1.15470403808,-0.378126264214,0.320985479865,1.47722349873,1.07877198908,0.485888414563,1.47530602275,100.0,-0.318301013486,0.0882038953034,-0.052922337182,1.48450990748,0.343995191683,-0.0318301013486,0.0659611738791,100.0
6.514703,-1.15930598044,-0.385029177759,0.32673790782,1.47607301314,1.0768545131,0.490490356926,1.47568951795,100.0,-0.318301013486,0.0870534097125,-0.053305832379,1.48412641228,0.34437868688,-0.0314466061517,0.0651941834851,100.0
6.524701,-1.16352442761,-0.391548596108,0.333257326168,1.47568951795,1.0757040275,0.494325308896,1.47453903235,100.0,-0.317917518289,0.0878204001064,-0.053305832379,1.48489340267,0.34437868688,-0.0314466061517,0.0640436978942,100.0
6.534699,-1.16774287478,-0.39883500485,0.340543734911,1.47415553716,1.07455354191,0.496626280078,1.47453903235,100.0,-0.317534023092,0.0870534097125,-0.0525388419851,1.48450990748,0.343995191683,-0.0314466061517,0.0659611738791,100.0
6.544701,-1.17196132194,-0.403820442411,0.346679658062,1.47492252755,1.07263606593,0.497776765669,1.47415553716,100.0,-0.317150527895,0.0878204001064,-0.0525388419851,1.48412641228,0.345145677274,-0.0318301013486,0.0640436978942,100.0
6.554699,-1.17579627391,-0.409189375168,0.353582571608,1.47223806117,1.07110208514,0.498543756063,1.47377204196,100.0,-0.318301013486,0.0878204001064,-0.052922337182,1.48489340267,0.34437868688,-0.0314466061517,0.0648106882882,100.0
6.564705,-1.17848074029,-0.414941803123,0.359718494759,1.47262155637,1.06918460916,0.498160260866,1.47415553716,100.0,-0.317534023092,0.0874369049095,-0.053689327576,1.48450990748,0.343995191683,-0.0318301013486,0.0648106882882,100.0
6.574700,-1.18269918746,-0.419927240684,0.366237913108,1.47070408039,1.06803412357,0.497776765669,1.47415553716,100.0,-0.317150527895,0.0870534097125,-0.052922337182,1.48374291708,0.344762182077,-0.0318301013486,0.0648106882882,100.0
6.584704,-1.18615064423,-0.42414568785,0.372757331456,1.46993708999,1.06573315238,0.496242784881,1.47453903235,100.0,-0.317917518289,0.0874369049095,-0.053305832379,1.48412641228,0.34437868688,-0.0314466061517,0.066344669076,100.0
6.594701,-1.18960210101,-0.428747630214,0.377742769017,1.46763611881,1.06496616199,0.494708804093,1.47492252755,100.0,-0.317534023092,0.0874369049095,-0.053305832379,1.48450990748,0.343611696486,-0.0318301013486,0.0655776786821,100.0
6.604704,-1.19267006258,-0.433349572578,0.384262187365,1.46533514763,1.063048686,0.492024337714,1.47453903235,100.0,-0.317534023092,0.0874369049095,-0.0521553467881,1.48489340267,0.344762182077,-0.0314466061517,0.0659611738791,100.0
6.614704,-1.19497103376,-0.438718505335,0.39001461532,1.46265068125,1.06189820041,0.489723366532,1.47453903235,100.0,-0.318301013486,0.0874369049095,-0.052922337182,1.48450990748,0.34437868688,-0.0318301013486,0.0651941834851,100.0
6.624699,-1.19765550014,-0.442553457305,0.395767043274,1.45996621487,1.06189820041,0.486655404957,1.47453903235,100.0,-0.317150527895,0.0878204001064,-0.0525388419851,1.48450990748,0.34437868688,-0.0318301013486,0.0651941834851,100.0
6.634699,-1.20033996652,-0.446771904472,0.400368985638,1.45919922448,1.06074771482,0.483587443381,1.47453903235,100.0,-0.317917518289,0.0870534097125,-0.0525388419851,1.48450990748,0.343995191683,-0.0310631109547,0.0651941834851,100.0
6.644703,-1.20187394731,-0.44945637085,0.405354423199,1.4565147581,1.06036421963,0.480135986608,1.47453903235,100.0,-0.31906800388,0.0870534097125,-0.052922337182,1.48450990748,0.34437868688,-0.0318301013486,0.0648106882882,100.0
6.654703,-1.20455841369,-0.452524332426,0.410339860759,1.45229631093,1.06113121002,0.477835015426,1.47492252755,100.0,-0.318301013486,0.0874369049095,-0.052922337182,1.48489340267,0.344762182077,-0.0318301013486,0.066344669076,100.0
6.664702,-1.20800987046,-0.455592294002,0.415708793517,1.44922834935,1.06036421963,0.475150549048,1.47492252755,100.0,-0.318301013486,0.0878204001064,-0.053305832379,1.48374291708,0.344762182077,-0.0322135965456,0.0659611738791,100.0
6.674700,-1.20992734644,-0.458660255578,0.420310735881,1.44616038778,1.06266519081,0.472082587472,1.47415553716,100.0,-0.318301013486,0.0874369049095,-0.053305832379,1.48450990748,0.34437868688,-0.0318301013486,0.0659611738791,100.0
6.684714,-1.21184482243,-0.461344721957,0.425296173441,1.44424291179,1.06228169561,0.470548606684,1.47453903235,100.0,-0.318301013486,0.0866699145155,-0.0525388419851,1.48412641228,0.343995191683,-0.0314466061517,0.0651941834851,100.0
6.694705,-1.21376229841,-0.463645693138,0.429514620608,1.43964096943,1.0638156764,0.468247635502,1.47492252755,100.0,-0.318301013486,0.0870534097125,-0.053689327576,1.48412641228,0.34437868688,-0.0322135965456,0.0648106882882,100.0
6.704704,-1.2160632696,-0.465563169123,0.432966077381,1.43695650305,1.06458266679,0.467480645108,1.47568951795,100.0,-0.317917518289,0.0882038953034,-0.052922337182,1.48489340267,0.344762182077,-0.0314466061517,0.0655776786821,100.0
6.714702,-1.21836424078,-0.467864140305,0.438335010138,1.43465553187,1.06573315238,0.467097149911,1.47530602275,100.0,-0.317534023092,0.0878204001064,-0.053305832379,1.48489340267,0.34437868688,-0.0322135965456,0.0651941834851,100.0
6.724701,-1.22066521196,-0.470165111487,0.441786466911,1.42775261832,1.06726713317,0.466330159517,1.47530602275,100.0,-0.317917518289,0.0878204001064,-0.053305832379,1.48527689787,0.343611696486,-0.0318301013486,0.0651941834851,100.0
6.734700,-1.22219919275,-0.472466082669,0.446771904472,1.42353417116,1.06918460916,0.467480645108,1.47530602275,100.0,-0.317917518289,0.0878204001064,-0.0525388419851,1.48450990748,0.344762182077,-0.0322135965456,0.0655776786821,100.0
6.744700,-1.22334967834,-0.47361656826,0.44945637085,1.4185487336,1.06995159955,0.467097149911,1.47492252755,100.0,-0.318301013486,0.0882038953034,-0.0525388419851,1.48412641228,0.343995191683,-0.0325970917426,0.066728164273,100.0
6.754701,-1.22565064952,-0.475534044244,0.454058313214,1.41394679123,1.07340305632,0.469398121093,1.47530602275,100.0,-0.317534023092,0.0874369049095,-0.053305832379,1.48489340267,0.34437868688,-0.0318301013486,0.0648106882882,100.0
6.764699,-1.2279516207,-0.475917539441,0.456742779593,1.40934484887,1.07455354191,0.471315597078,1.47530602275,100.0,-0.318301013486,0.0870534097125,-0.0525388419851,1.48450990748,0.344762182077,-0.0318301013486,0.0659611738791,100.0
6.774701,-1.22948560149,-0.477835015426,0.463262197941,1.40435941131,1.07723800829,0.472082587472,1.47530602275,100.0,-0.317534023092,0.0870534097125,-0.052922337182,1.48527689787,0.343995191683,-0.0322135965456,0.0648106882882,100.0
6.784702,-1.23101958228,-0.479368996214,0.465179673926,1.39975746895,1.07762150349,0.474000063457,1.47607301314,100.0,-0.317917518289,0.0874369049095,-0.0525388419851,1.48412641228,0.34437868688,-0.0325970917426,0.0659611738791,100.0
6.794703,-1.23178657267,-0.480135986608,0.469014625896,1.3932380506,1.07915548428,0.476301034638,1.47530602275,100.0,-0.318301013486,0.0870534097125,-0.052922337182,1.48412641228,0.34437868688,-0.0318301013486,0.0655776786821,100.0
6.804702,-1.23523802944,-0.480902977002,0.470932101881,1.38748562264,1.08145645546,0.478985501017,1.47568951795,100.0,-0.318301013486,0.0874369049095,-0.052922337182,1.48412641228,0.34437868688,-0.0314466061517,0.0651941834851,100.0
6.814701,-1.23562152464,-0.482053462593,0.474383558654,1.38288368028,1.08145645546,0.482053462593,1.47530602275,100.0,-0.317917518289,0.0882038953034,-0.052922337182,1.48412641228,0.343995191683,-0.0322135965456,0.0651941834851,100.0
6.824700,-1.23715550543,-0.483587443381,0.477068025032,1.37713125232,1.08299043625,0.484354433775,1.47530602275,100.0,-0.317534023092,0.0878204001064,-0.053305832379,1.48489340267,0.34437868688,-0.0318301013486,0.0659611738791,100.0
6.834702,-1.23868948622,-0.483970938578,0.480902977002,1.37022833878,1.08299043625,0.486655404957,1.47530602275,100.0,-0.317917518289,0.0870534097125,-0.053689327576,1.48450990748,0.34437868688,-0.0314466061517,0.0648106882882,100.0
6.844706,-1.23945647661,-0.483587443381,0.483970938578,1.36332542523,1.08337393144,0.489339871335,1.47530602275,100.0,-0.317917518289,0.0885873905004,-0.053305832379,1.48450990748,0.343995191683,-0.0322135965456,0.0644271930912,100.0
6.854705,-1.2409904574,-0.485121424169,0.485504919366,1.35795649248,1.08299043625,0.493941813699,1.47568951795,100.0,-0.317150527895,0.0874369049095,-0.0525388419851,1.48450990748,0.344762182077,-0.0325970917426,0.0659611738791,100.0
6.864708,-1.24175744779,-0.485504919366,0.488956376138,1.35067008373,1.08260694105,0.495475794487,1.47530602275,100.0,-0.317917518289,0.0878204001064,-0.0525388419851,1.48412641228,0.343995191683,-0.0314466061517,0.0655776786821,100.0
6.874703,-1.24290793338,-0.485888414563,0.491640842517,1.34415066538,1.08145645546,0.498543756063,1.47530602275,100.0,-0.317917518289,0.0870534097125,-0.052922337182,1.48489340267,0.34437868688,-0.0322135965456,0.0659611738791,100.0
6.884713,-1.24444191417,-0.486655404957,0.493558318502,1.33724775184,1.08222344585,0.500461232048,1.47530602275,100.0,-0.318684508683,0.0878204001064,-0.053305832379,1.48450990748,0.34437868688,-0.0310631109547,0.0644271930912,100.0
6.894707,-1.24444191417,-0.485888414563,0.496626280078,1.33072833349,1.08260694105,0.503529193623,1.47530602275,100.0,-0.317917518289,0.0866699145155,-0.052922337182,1.48412641228,0.34437868688,-0.0322135965456,0.0651941834851,100.0
6.904705,-1.24482540937,-0.487422395351,0.49892725126,1.32344192475,1.08260694105,0.505063174411,1.47492252755,100.0,-0.317917518289,0.0878204001064,-0.0525388419851,1.48527689787,0.34437868688,-0.0310631109547,0.0655776786821,100.0
6.914703,-1.24559239976,-0.487038900154,0.499310746457,1.3165390112,1.08222344585,0.508131135987,1.47453903235,100.0,-0.318301013486,0.0874369049095,-0.053689327576,1.48412641228,0.344762182077,-0.0318301013486,0.0651941834851,100.0
6.924707,-1.24635939016,-0.487805890548,0.501995212836,1.30886910726,1.08183995066,0.509665116775,1.47530602275,100.0,-0.318301013486,0.0874369049095,-0.052922337182,1.48527689787,0.344762182077,-0.0318301013486,0.0651941834851,100.0
6.934713,-1.24712638055,-0.488189385745,0.504296184017,1.30311667931,1.08183995066,0.511199097563,1.47492252755,100.0,-0.318301013486,0.0874369049095,-0.0525388419851,1.48489340267,0.344762182077,-0.0318301013486,0.0655776786821,100.0
6.944716,-1.24712638055,-0.487422395351,0.505446669608,1.29314580419,1.08183995066,0.513883563942,1.47492252755,100.0,-0.318301013486,0.0878204001064,-0.052922337182,1.48412641228,0.34437868688,-0.0314466061517,0.0655776786821,100.0
6.954715,-1.24750987575,-0.487422395351,0.506980650396,1.28700988104,1.08107296026,0.514650554336,1.47607301314,100.0,-0.317917518289,0.0874369049095,-0.052922337182,1.48489340267,0.343611696486,-0.0318301013486,0.066344669076,100.0
6.964717,-1.24712638055,-0.487805890548,0.509281621578,1.2789564819,1.08107296026,0.515801039926,1.47492252755,100.0,-0.318301013486,0.0870534097125,-0.053305832379,1.48450990748,0.34437868688,-0.0314466061517,0.0655776786821,100.0
6.974714,-1.24674288535,-0.487422395351,0.509665116775,1.27090308276,1.08107296026,0.517335020714,1.47492252755,100.0,-0.317534023092,0.0878204001064,-0.0521553467881,1.48412641228,0.34437868688,-0.0314466061517,0.0655776786821,100.0
6.984710,-1.24712638055,-0.486655404957,0.510432107169,1.26284968363,1.08030596987,0.517718515911,1.47530602275,100.0,-0.318301013486,0.0882038953034,-0.0517718515911,1.48527689787,0.34437868688,-0.0322135965456,0.0655776786821,100.0
6.994720,-1.24635939016,-0.488189385745,0.511966087957,1.25517977969,1.08107296026,0.518869001502,1.47492252755,100.0,-0.317534023092,0.0878204001064,-0.053305832379,1.48412641228,0.344762182077,-0.0329805869395,0.0651941834851,100.0
7.004719,-1.24635939016,-0.486655404957,0.513500068745,1.24789337094,1.08107296026,0.52040298229,1.47568951795,100.0,-0.318684508683,0.0870534097125,-0.052922337182,1.48412641228,0.345529172471,-0.0314466061517,0.0648106882882,100.0
7.014714,-1.24674288535,-0.48627190976,0.514650554336,1.23945647661,1.08107296026,0.522320458275,1.47568951795,100.0,-0.317534023092,0.0866699145155,-0.052922337182,1.48412641228,0.34437868688,-0.0306796157577,0.0659611738791,100.0
7.024712,-1.24635939016,-0.486655404957,0.515034049533,1.23178657267,1.08107296026,0.522320458275,1.47530602275,100.0,-0.317917518289,0.0866699145155,-0.0521553467881,1.48489340267,0.34437868688,-0.0322135965456,0.0651941834851,100.0
7.034721,-1.24559239976,-0.48627190976,0.516951525517,1.22334967834,1.08107296026,0.523470943866,1.47492252755,100.0,-0.318684508683,0.0874369049095,-0.0525388419851,1.48566039307,0.343995191683,-0.0314466061517,0.0648106882882,100.0
7.044729,-1.24559239976,-0.48627190976,0.517718515911,1.2152962792,1.08145645546,0.525388419851,1.47530602275,100.0,-0.317534023092,0.0870534097125,-0.0521553467881,1.48527689787,0.34437868688,-0.0318301013486,0.0655776786821,100.0
7.054726,-1.24559239976,-0.485888414563,0.519635991896,1.20762637526,1.08068946507,0.526155410245,1.47568951795,100.0,-0.317534023092,0.0882038953034,-0.052922337182,1.48450990748,0.34437868688,-0.0322135965456,0.0655776786821,100.0
7.064708,-1.24520890457,-0.48627190976,0.52040298229,1.19957297613,1.08107296026,0.527305895836,1.47568951795,100.0,-0.318684508683,0.0870534097125,-0.0525388419851,1.48527689787,0.343995191683,-0.0314466061517,0.066344669076,100.0
7.074704,-1.24367492378,-0.487038900154,0.521169972684,1.19113608179,1.08068946507,0.528839876623,1.47607301314,100.0,-0.318684508683,0.0878204001064,-0.0525388419851,1.48527689787,0.343995191683,-0.0322135965456,0.0651941834851,100.0
7.084701,-1.24405841898,-0.485888414563,0.523087448669,1.18346617785,1.07953897947,0.531140847805,1.47530602275,100.0,-0.318301013486,0.0874369049095,-0.052922337182,1.48450990748,0.343611696486,-0.0318301013486,0.0655776786821,100.0
7.094703,-1.24329142858,-0.48627190976,0.523854439063,1.17541277872,1.08107296026,0.532291333396,1.47530602275,100.0,-0.318684508683,0.0874369049095,-0.052922337182,1.48450990748,0.343995191683,-0.0314466061517,0.066344669076,100.0
7.104704,-1.24252443819,-0.485888414563,0.524621429457,1.16735937958,1.07992247467,0.533441818987,1.47568951795,100.0,-0.317534023092,0.0874369049095,-0.052922337182,1.48489340267,0.344762182077,-0.0325970917426,0.0659611738791,100.0
7.114705,-1.24175744779,-0.485888414563,0.526155410245,1.15892248525,1.07992247467,0.53689327576,1.47530602275,100.0,-0.317534023092,0.0874369049095,-0.0517718515911,1.48412641228,0.34437868688,-0.0325970917426,0.0655776786821,100.0
7.124704,-1.24175744779,-0.485121424169,0.52807288623,1.15048559091,1.07915548428,0.538043761351,1.47530602275,100.0,-0.318684508683,0.0866699145155,-0.053689327576,1.48412641228,0.345145677274,-0.0322135965456,0.0651941834851,100.0
7.134700,-1.24022346701,-0.48627190976,0.528839876623,1.14358267737,1.07992247467,0.539961237336,1.47607301314,100.0,-0.317917518289,0.0866699145155,-0.052922337182,1.48450990748,0.344762182077,-0.0318301013486,0.0655776786821,100.0
7.144721,-1.23907298141,-0.485504919366,0.529990362214,1.13552927823,1.07953897947,0.542262208517,1.47568951795,100.0,-0.31906800388,0.0870534097125,-0.052922337182,1.48450990748,0.34437868688,-0.0318301013486,0.0659611738791,100.0
7.154730,-1.23830599102,-0.485121424169,0.531140847805,1.1274758791,1.07953897947,0.543796189305,1.47568951795,100.0,-0.317917518289,0.0866699145155,-0.053689327576,1.48450990748,0.343995191683,-0.0318301013486,0.0651941834851,100.0
7.164710,-1.23753900063,-0.485121424169,0.532674828593,1.11942247996,1.08030596987,0.546097160487,1.47645650834,100.0,-0.317534023092,0.0874369049095,-0.054072822773,1.48489340267,0.345529172471,-0.0314466061517,0.0651941834851,100.0
7.174700,-1.23638851504,-0.485888414563,0.532674828593,1.11098558563,1.07992247467,0.549165122063,1.47645650834,100.0,-0.317534023092,0.0874369049095,-0.0521553467881,1.48412641228,0.344762182077,-0.0322135965456,0.0644271930912,100.0
7.184703,-1.23562152464,-0.485504919366,0.53305832379,1.10293218649,1.08030596987,0.550699102851,1.47684000354,100.0,-0.318301013486,0.0878204001064,-0.053305832379,1.48489340267,0.34437868688,-0.0322135965456,0.0644271930912,100.0
7.194701,-1.23447103905,-0.485504919366,0.534208809381,1.09411179696,1.08030596987,0.552233083639,1.47684000354,100.0,-0.317534023092,0.0878204001064,-0.053305832379,1.48450990748,0.343611696486,-0.0322135965456,0.0655776786821,100.0
7.204704,-1.23293705826,-0.485121424169,0.534975799775,1.08567490263,1.07992247467,0.554150559624,1.47684000354,100.0,-0.317917518289,0.0874369049095,-0.053305832379,1.48450990748,0.343995191683,-0.0310631109547,0.0659611738791,100.0
7.214701,-1.23101958228,-0.484737928972,0.535742790169,1.07723800829,1.07992247467,0.555684540411,1.47799048913,100.0,-0.318301013486,0.0866699145155,-0.053305832379,1.48450990748,0.34437868688,-0.0322135965456,0.0655776786821,100.0
7.224703,-1.23063608708,-0.484354433775,0.53689327576,1.06956810435,1.08030596987,0.557602016396,1.47914097472,100.0,-0.317917518289,0.0878204001064,-0.0525388419851,1.48489340267,0.345145677274,-0.0314466061517,0.0659611738791,100.0
7.234697,-1.2279516207,-0.483587443381,0.537660266154,1.06074771482,1.07953897947,0.559135997184,1.47990796511,100.0,-0.318301013486,0.0874369049095,-0.0525388419851,1.48489340267,0.343995191683,-0.0322135965456,0.0651941834851,100.0
7.244722,-1.2279516207,-0.484354433775,0.538427256548,1.05346130608,1.07992247467,0.561053473169,1.4818254411,100.0,-0.318301013486,0.0878204001064,-0.052922337182,1.48450990748,0.34437868688,-0.0306796157577,0.0659611738791,100.0
7.254727,-1.22603414472,-0.483970938578,0.539577742139,1.04425742135,1.08107296026,0.561820463563,1.48412641228,100.0,-0.317534023092,0.0878204001064,-0.0521553467881,1.48450990748,0.344762182077,-0.0318301013486,0.0651941834851,100.0
7.264709,-1.22488365913,-0.483970938578,0.540344732533,1.03658751741,1.08145645546,0.563737939548,1.48642738346,100.0,-0.318684508683,0.0874369049095,-0.0525388419851,1.48527689787,0.345145677274,-0.0325970917426,0.0655776786821,100.0
7.274702,-1.22258268794,-0.484354433775,0.54072822773,1.02853411828,1.08145645546,0.563737939548,1.49064583063,100.0,-0.318301013486,0.0866699145155,-0.0525388419851,1.48412641228,0.34437868688,-0.0322135965456,0.0659611738791,100.0
7.284703,-1.22104870716,-0.485121424169,0.541878713321,1.02009722394,1.08068946507,0.565655415533,1.49333029701,100.0,-0.317917518289,0.0878204001064,-0.0525388419851,1.48450990748,0.34437868688,-0.0318301013486,0.0644271930912,100.0
7.294706,-1.21951472637,-0.484354433775,0.541495218124,1.01166032961,1.08183995066,0.56603891073,1.49793223937,100.0,-0.317917518289,0.0874369049095,-0.052922337182,1.48374291708,0.34437868688,-0.0314466061517,0.0659611738791,100.0
7.304707,-1.21798074558,-0.484354433775,0.542262208517,1.00283994008,1.08260694105,0.566422405927,1.50215068654,100.0,-0.318301013486,0.0874369049095,-0.052922337182,1.48489340267,0.34437868688,-0.0310631109547,0.0651941834851,100.0
7.314704,-1.21644676479,-0.483587443381,0.541111722927,0.99401955055,1.08452441703,0.566422405927,1.50751961929,100.0,-0.317917518289,0.0870534097125,-0.053305832379,1.48412641228,0.343995191683,-0.0318301013486,0.0659611738791,100.0
7.324704,-1.2156797744,-0.483203948184,0.541495218124,0.98634964661,1.08375742664,0.566422405927,1.51365554245,100.0,-0.317917518289,0.0866699145155,-0.053689327576,1.48450990748,0.34437868688,-0.0318301013486,0.0651941834851,100.0
7.334715,-1.21261181282,-0.482820452987,0.541495218124,0.978296247474,1.08529140743,0.56603891073,1.52017496079,100.0,-0.31906800388,0.0874369049095,-0.0525388419851,1.48489340267,0.343995191683,-0.0325970917426,0.066344669076,100.0
7.344719,-1.21146132723,-0.482053462593,0.541495218124,0.970626343534,1.08605839782,0.564888425139,1.52631088395,100.0,-0.318684508683,0.0866699145155,-0.0525388419851,1.48412641228,0.343995191683,-0.0314466061517,0.0651941834851,100.0
7.354712,-1.21031084164,-0.482820452987,0.542262208517,0.961805954004,1.08644189302,0.564888425139,1.53359729269,100.0,-0.318684508683,0.0870534097125,-0.0525388419851,1.48489340267,0.34437868688,-0.0322135965456,0.0651941834851,100.0
7.364717,-1.20800987046,-0.482053462593,0.54072822773,0.954136050065,1.08797587381,0.564888425139,1.54088370143,100.0,-0.318301013486,0.0882038953034,-0.052922337182,1.48412641228,0.344762182077,-0.0318301013486,0.0651941834851,100.0
7.374711,-1.20647588967,-0.482053462593,0.540344732533,0.945699155731,1.08797587381,0.563737939548,1.54855360537,100.0,-0.317534023092,0.0885873905004,-0.053305832379,1.48412641228,0.34437868688,-0.0318301013486,0.0640436978942,100.0
7.384724,-1.20494190888,-0.482053462593,0.540344732533,0.939179737383,1.0895098546,0.563737939548,1.55660700451,100.0,-0.318301013486,0.0866699145155,-0.0525388419851,1.48412641228,0.345145677274,-0.0310631109547,0.0648106882882,100.0
7.394728,-1.2034079281,-0.480135986608,0.540344732533,0.932660319034,1.0895098546,0.562587453957,1.56657787963,100.0,-0.318684508683,0.0874369049095,-0.0521553467881,1.48450990748,0.34437868688,-0.0310631109547,0.0655776786821,100.0
7.404782,-1.2026409377,-0.479752491411,0.540344732533,0.924990415095,1.09027684499,0.562970949154,1.57424778357,100.0,-0.317917518289,0.0870534097125,-0.053689327576,1.48450990748,0.34437868688,-0.0322135965456,0.0651941834851,100.0
7.414807,-1.20110695691,-0.479368996214,0.54072822773,0.917704006352,1.09066034019,0.56220395876,1.58345166829,100.0,-0.317917518289,0.0878204001064,-0.053305832379,1.48412641228,0.344762182077,-0.0318301013486,0.0659611738791,100.0
7.424788,-1.19957297613,-0.478985501017,0.539194246942,0.91041759761,1.09066034019,0.56220395876,1.59188856263,100.0,-0.317534023092,0.0874369049095,-0.053305832379,1.48450990748,0.344762182077,-0.0318301013486,0.0659611738791,100.0
7.434785,-1.19880598573,-0.47860200582,0.538427256548,0.904281674458,1.08989334979,0.561053473169,1.60070895216,100.0,-0.318301013486,0.0878204001064,-0.052922337182,1.48450990748,0.344762182077,-0.0318301013486,0.0651941834851,100.0
7.444777,-1.19727200494,-0.479368996214,0.537660266154,0.898529246504,1.0891263594,0.560286482775,1.6079953609,100.0,-0.317917518289,0.0882038953034,-0.0521553467881,1.48412641228,0.34437868688,-0.0310631109547,0.0659611738791,100.0
7.454779,-1.19688850975,-0.477451520229,0.537660266154,0.892776818549,1.0891263594,0.559135997184,1.61719924563,100.0,-0.317917518289,0.0866699145155,-0.052922337182,1.48489340267,0.343995191683,-0.0314466061517,0.0659611738791,100.0
7.464744,-1.19420404337,-0.477451520229,0.536509780563,0.888174876186,1.08797587381,0.559135997184,1.62525264476,100.0,-0.318301013486,0.0870534097125,-0.052922337182,1.48527689787,0.343995191683,-0.0318301013486,0.0659611738791,100.0
7.474727,-1.19305355778,-0.477835015426,0.535742790169,0.882038953034,1.08682538822,0.557985511593,1.63253905351,100.0,-0.317534023092,0.0874369049095,-0.052922337182,1.48489340267,0.34437868688,-0.0322135965456,0.0655776786821,100.0
7.484732,-1.19190307219,-0.476684529835,0.534208809381,0.87743701067,1.08644189302,0.557602016396,1.63944196705,100.0,-0.318301013486,0.0874369049095,-0.052922337182,1.48412641228,0.344762182077,-0.0318301013486,0.0655776786821,100.0
7.494740,-1.19151957699,-0.475917539441,0.532291333396,0.87245157311,1.08567490263,0.555684540411,1.6455778902,100.0,-0.317534023092,0.0870534097125,-0.0525388419851,1.48450990748,0.34437868688,-0.0322135965456,0.0659611738791,100.0
7.504751,-1.1907525866,-0.475917539441,0.531140847805,0.867466135549,1.08375742664,0.554150559624,1.65171381336,100.0,-0.317917518289,0.0870534097125,-0.053305832379,1.48489340267,0.344762182077,-0.0325970917426,0.0659611738791,100.0
7.514745,-1.18883511061,-0.475534044244,0.529606867017,0.863247688383,1.08299043625,0.551466093245,1.65669925092,100.0,-0.317917518289,0.0866699145155,-0.0525388419851,1.48412641228,0.34437868688,-0.0318301013486,0.0655776786821,100.0
7.524749,-1.18883511061,-0.474767053851,0.526922400639,0.859412736413,1.08107296026,0.550699102851,1.66053420289,100.0,-0.318301013486,0.0882038953034,-0.052922337182,1.48489340267,0.34437868688,-0.0318301013486,0.0659611738791,100.0
7.534747,-1.18730112982,-0.475150549048,0.525004924654,0.855194289246,1.08030596987,0.54954861726,1.66436915486,100.0,-0.318301013486,0.0866699145155,-0.052922337182,1.48489340267,0.34437868688,-0.0318301013486,0.0651941834851,100.0
7.544742,-1.18653413943,-0.475534044244,0.523470943866,0.851359337276,1.07800499869,0.546480655684,1.66705362123,100.0,-0.318301013486,0.0870534097125,-0.053305832379,1.48412641228,0.343995191683,-0.0318301013486,0.066344669076,100.0
7.554749,-1.18500015864,-0.474383558654,0.521169972684,0.849058366095,1.0768545131,0.544946674896,1.66897109722,100.0,-0.318301013486,0.0878204001064,-0.052922337182,1.48450990748,0.343995191683,-0.0314466061517,0.0659611738791,100.0
7.564779,-1.18538365384,-0.475150549048,0.518869001502,0.845990404519,1.0760875227,0.543412694108,1.67012158281,100.0,-0.318301013486,0.0874369049095,-0.0525388419851,1.48489340267,0.345145677274,-0.0318301013486,0.0655776786821,100.0
7.574859,-1.18500015864,-0.474383558654,0.516184535123,0.842922442943,1.07417004672,0.543412694108,1.66973808761,100.0,-0.318301013486,0.0874369049095,-0.0525388419851,1.48489340267,0.345145677274,-0.0318301013486,0.0655776786821,100.0
7.584980,-1.18461666344,-0.474000063457,0.513500068745,0.841004966958,1.07301956113,0.541878713321,1.66935459242,100.0,-0.317917518289,0.0870534097125,-0.0525388419851,1.48527689787,0.34437868688,-0.0318301013486,0.0659611738791,100.0
7.594840,-1.18461666344,-0.474000063457,0.513500068745,0.841004966958,1.07301956113,0.541878713321,1.66935459242,100.0,-0.317917518289,0.0870534097125,-0.0525388419851,1.48527689787,0.34437868688,-0.0318301013486,0.0659611738791,100.0
7.604910,-1.18500015864,-0.474767053851,0.508898126381,0.836019529398,1.07071858994,0.541111722927,1.66858760202,100.0,-0.317917518289,0.0870534097125,-0.052922337182,1.48566039307,0.34437868688,-0.0318301013486,0.0659611738791,100.0
7.614769,-1.18500015864,-0.474767053851,0.506597155199,0.83448554861,1.07148558034,0.539577742139,1.66935459242,100.0,-0.318684508683,0.0870534097125,-0.0521553467881,1.48374291708,0.343995191683,-0.0325970917426,0.0655776786821,100.0
7.624765,-1.18500015864,-0.474383558654,0.503529193623,0.833718558216,1.07148558034,0.539577742139,1.66820410683,100.0,-0.318684508683,0.0870534097125,-0.0525388419851,1.48374291708,0.34437868688,-0.0322135965456,0.0659611738791,100.0
7.634759,-1.18576714904,-0.475150549048,0.500844727245,0.832951567822,1.07071858994,0.539577742139,1.66820410683,100.0,-0.318684508683,0.0870534097125,-0.0525388419851,1.48527689787,0.34437868688,-0.0318301013486,0.0659611738791,100.0
7.644813,-1.18576714904,-0.474000063457,0.497393270472,0.832184577428,1.07110208514,0.538810751745,1.66820410683,100.0,-0.317917518289,0.0882038953034,-0.053305832379,1.48450990748,0.343995191683,-0.0322135965456,0.066344669076,100.0
7.654847,-1.18615064423,-0.47361656826,0.494708804093,0.831417587034,1.07225257073,0.539194246942,1.66820410683,100.0,-0.317917518289,0.0878204001064,-0.052922337182,1.48450990748,0.34437868688,-0.0325970917426,0.0655776786821,100.0
7.664747,-1.18730112982,-0.47361656826,0.492024337714,0.831801082231,1.07263606593,0.54072822773,1.66935459242,100.0,-0.317917518289,0.0878204001064,-0.052922337182,1.48450990748,0.343995191683,-0.0322135965456,0.0655776786821,100.0
7.674731,-1.18806812022,-0.47361656826,0.488956376138,0.831034091837,1.07340305632,0.54072822773,1.66935459242,100.0,-0.318301013486,0.0885873905004,-0.0517718515911,1.48335942189,0.34437868688,-0.0318301013486,0.0655776786821,100.0
7.684730,-1.18845161541,-0.474767053851,0.485504919366,0.831801082231,1.07340305632,0.539961237336,1.66935459242,100.0,-0.318301013486,0.0874369049095,-0.052922337182,1.48374291708,0.344762182077,-0.0302961205607,0.0651941834851,100.0
7.694736,-1.18960210101,-0.47361656826,0.482820452987,0.831034091837,1.0757040275,0.54072822773,1.66897109722,100.0,-0.318301013486,0.0874369049095,-0.052922337182,1.48412641228,0.34437868688,-0.0310631109547,0.0655776786821,100.0
7.704729,-1.1907525866,-0.474767053851,0.47860200582,0.832184577428,1.0764710179,0.543796189305,1.66897109722,100.0,-0.317534023092,0.0870534097125,-0.0525388419851,1.48374291708,0.345145677274,-0.0318301013486,0.066344669076,100.0
7.714747,-1.19228656738,-0.474000063457,0.476301034638,0.832568072625,1.07762150349,0.543796189305,1.66935459242,100.0,-0.317534023092,0.0882038953034,-0.0525388419851,1.48450990748,0.344762182077,-0.0322135965456,0.0651941834851,100.0
7.724736,-1.19343705297,-0.474383558654,0.472849577866,0.832568072625,1.07800499869,0.544563179699,1.66897109722,100.0,-0.317917518289,0.0878204001064,-0.052922337182,1.48374291708,0.343995191683,-0.0325970917426,0.0651941834851,100.0
7.734706,-1.19497103376,-0.47361656826,0.470165111487,0.832951567822,1.07877198908,0.547247646078,1.66973808761,100.0,-0.317534023092,0.0874369049095,-0.0521553467881,1.48450990748,0.345145677274,-0.0322135965456,0.0644271930912,100.0
7.744709,-1.19688850975,-0.474383558654,0.467097149911,0.832568072625,1.08107296026,0.548398131669,1.66973808761,100.0,-0.318301013486,0.0878204001064,-0.053689327576,1.48489340267,0.345145677274,-0.0322135965456,0.0655776786821,100.0
7.754703,-1.19918948093,-0.472849577866,0.463262197941,0.832951567822,1.08145645546,0.54954861726,1.66897109722,100.0,-0.317534023092,0.0882038953034,-0.0544563179699,1.48489340267,0.344762182077,-0.0318301013486,0.0659611738791,100.0
7.764705,-1.20033996652,-0.474383558654,0.46096122676,0.833335063019,1.08299043625,0.551466093245,1.66935459242,100.0,-0.317917518289,0.0866699145155,-0.052922337182,1.48412641228,0.344762182077,-0.0322135965456,0.0651941834851,100.0
7.774699,-1.2026409377,-0.472466082669,0.457893265184,0.833335063019,1.08452441703,0.553767064427,1.66858760202,100.0,-0.318684508683,0.0878204001064,-0.053305832379,1.48450990748,0.345145677274,-0.0318301013486,0.0644271930912,100.0
7.784700,-1.20417491849,-0.47361656826,0.455592294002,0.834869043807,1.08529140743,0.555684540411,1.66820410683,100.0,-0.317534023092,0.0878204001064,-0.0525388419851,1.48489340267,0.34437868688,-0.0306796157577,0.0655776786821,100.0
7.794734,-1.20647588967,-0.472466082669,0.452907827623,0.834102053413,1.08682538822,0.560286482775,1.66858760202,100.0,-0.317917518289,0.0874369049095,-0.053305832379,1.48412641228,0.343995191683,-0.0314466061517,0.0659611738791,100.0
7.804759,-1.20877686085,-0.472466082669,0.450223361244,0.835252539004,1.08720888341,0.562970949154,1.66782061163,100.0,-0.318301013486,0.0878204001064,-0.053305832379,1.48412641228,0.34437868688,-0.0322135965456,0.0651941834851,100.0
7.814758,-1.21069433684,-0.471315597078,0.44830588526,0.833335063019,1.0891263594,0.567572891518,1.66782061163,100.0,-0.317917518289,0.0874369049095,-0.053305832379,1.48412641228,0.344762182077,-0.0325970917426,0.0651941834851,100.0
7.824771,-1.21452928881,-0.471699092275,0.446004914078,0.833718558216,1.0895098546,0.572558329078,1.66782061163,100.0,-0.317534023092,0.0878204001064,-0.052922337182,1.48412641228,0.343995191683,-0.0322135965456,0.066344669076,100.0
7.834766,-1.21644676479,-0.470548606684,0.444087438093,0.833718558216,1.09066034019,0.578310757033,1.66820410683,100.0,-0.317534023092,0.0878204001064,-0.053689327576,1.48527689787,0.34437868688,-0.0314466061517,0.0659611738791,100.0
7.844767,-1.21874773597,-0.470548606684,0.441402971714,0.833335063019,1.09181082578,0.584063184987,1.66820410683,100.0,-0.318301013486,0.0878204001064,-0.053305832379,1.48450990748,0.343995191683,-0.0322135965456,0.0659611738791,100.0
7.854773,-1.22143220235,-0.470165111487,0.441019476517,0.833718558216,1.09257781617,0.589815612942,1.66782061163,100.0,-0.317917518289,0.0866699145155,-0.0517718515911,1.48450990748,0.343995191683,-0.0314466061517,0.0655776786821,100.0
7.864754,-1.22488365913,-0.46978161629,0.438718505335,0.832951567822,1.09372830176,0.595568040897,1.66705362123,100.0,-0.317917518289,0.0870534097125,-0.053305832379,1.48527689787,0.34437868688,-0.0318301013486,0.0659611738791,100.0
7.874735,-1.22910210629,-0.469014625896,0.437568019744,0.832568072625,1.09564577775,0.602470954442,1.66705362123,100.0,-0.317534023092,0.0870534097125,-0.052922337182,1.48450990748,0.344762182077,-0.0322135965456,0.0651941834851,100.0
7.884761,-1.23178657267,-0.468631130699,0.435267048562,0.832951567822,1.09717975854,0.608606877594,1.66705362123,100.0,-0.317917518289,0.0870534097125,-0.0525388419851,1.48450990748,0.344762182077,-0.0322135965456,0.0651941834851,100.0
7.894728,-1.23485453425,-0.468247635502,0.433733067775,0.832568072625,1.09871373932,0.614742800745,1.66705362123,100.0,-0.318301013486,0.0874369049095,-0.0521553467881,1.48412641228,0.343995191683,-0.0322135965456,0.0651941834851,100.0
7.904727,-1.23868948622,-0.467864140305,0.433349572578,0.832568072625,1.10063121531,0.622029209488,1.66667012604,100.0,-0.317917518289,0.0874369049095,-0.0525388419851,1.48412641228,0.343995191683,-0.0314466061517,0.0651941834851,100.0
7.914723,-1.2413739526,-0.468631130699,0.433733067775,0.831417587034,1.1021651961,0.627781637442,1.66513614525,100.0,-0.317534023092,0.0878204001064,-0.052922337182,1.48412641228,0.34437868688,-0.0314466061517,0.0659611738791,100.0
7.924727,-1.24520890457,-0.468247635502,0.433349572578,0.83065059664,1.10408267208,0.634301055791,1.66321866926,100.0,-0.318684508683,0.0866699145155,-0.0525388419851,1.48450990748,0.34437868688,-0.0314466061517,0.0651941834851,100.0
7.934769,-1.24827686614,-0.468247635502,0.431432096593,0.829500111049,1.10638364326,0.641203969336,1.66168468848,100.0,-0.318301013486,0.0870534097125,-0.052922337182,1.48450990748,0.343995191683,-0.0310631109547,0.0659611738791,100.0
7.944767,-1.25211181811,-0.468631130699,0.432199086987,0.827582635064,1.10868461444,0.646572902094,1.66015070769,100.0,-0.318684508683,0.0878204001064,-0.0525388419851,1.48489340267,0.34437868688,-0.0314466061517,0.0655776786821,100.0
7.954775,-1.25594677008,-0.467864140305,0.432582582184,0.826048654276,1.11098558563,0.651941834851,1.6586167269,100.0,-0.317917518289,0.0874369049095,-0.052922337182,1.48527689787,0.344762182077,-0.0318301013486,0.0648106882882,100.0
7.964742,-1.26054871244,-0.467480645108,0.431432096593,0.824514673488,1.113670052,0.6584612532,1.65631575572,100.0,-0.318684508683,0.0874369049095,-0.0525388419851,1.48489340267,0.34437868688,-0.0322135965456,0.066344669076,100.0
7.974740,-1.26438366441,-0.468247635502,0.431432096593,0.822213702307,1.1144370424,0.665364166745,1.65324779414,100.0,-0.318301013486,0.0882038953034,-0.052922337182,1.48527689787,0.34437868688,-0.0322135965456,0.0659611738791,100.0
7.984732,-1.26898560678,-0.467864140305,0.432199086987,0.819529235928,1.11673801358,0.6711165947,1.64941284217,100.0,-0.318301013486,0.0882038953034,-0.053689327576,1.48489340267,0.34437868688,-0.0310631109547,0.0648106882882,100.0
7.994732,-1.27205356835,-0.468247635502,0.432199086987,0.816461274352,1.11903898476,0.677252517851,1.64519439501,100.0,-0.317534023092,0.0870534097125,-0.0525388419851,1.48412641228,0.34437868688,-0.0314466061517,0.0651941834851,100.0
8.004739,-1.27627201552,-0.469014625896,0.432966077381,0.813009817579,1.12018947035,0.6837719362,1.64212643343,100.0,-0.317534023092,0.0874369049095,-0.052922337182,1.48412641228,0.34437868688,-0.0318301013486,0.0651941834851,100.0
8.014733,-1.27972347229,-0.470165111487,0.43181559179,0.808407875216,1.12172345114,0.689907859351,1.63752449107,100.0,-0.317917518289,0.0874369049095,-0.052922337182,1.48450990748,0.343995191683,-0.0325970917426,0.0655776786821,100.0
8.024732,-1.28317492907,-0.470932101881,0.432582582184,0.803422437655,1.12249044154,0.696043782503,1.63215555831,100.0,-0.318301013486,0.0878204001064,-0.052922337182,1.48412641228,0.34437868688,-0.0325970917426,0.0659611738791,100.0
8.034732,-1.28777687143,-0.470165111487,0.43181559179,0.799587485685,1.12249044154,0.701796210458,1.62755361595,100.0,-0.317917518289,0.0874369049095,-0.0525388419851,1.48489340267,0.345145677274,-0.0318301013486,0.0648106882882,100.0
8.044743,-1.2912283282,-0.470165111487,0.432966077381,0.79268457214,1.12287393673,0.707548638412,1.62256817839,100.0,-0.317917518289,0.0885873905004,-0.0525388419851,1.48450990748,0.34437868688,-0.0322135965456,0.0651941834851,100.0
8.054719,-1.29506328017,-0.472082587472,0.43181559179,0.788082629776,1.12210694634,0.71291757117,1.61834973122,100.0,-0.317917518289,0.0874369049095,-0.052922337182,1.48450990748,0.34437868688,-0.0310631109547,0.0659611738791,100.0
8.064711,-1.29736425135,-0.472082587472,0.43181559179,0.781563211428,1.12133995594,0.717519513533,1.61528176964,100.0,-0.317917518289,0.0878204001064,-0.0525388419851,1.48412641228,0.343995191683,-0.0310631109547,0.0659611738791,100.0
8.074700,-1.30081570813,-0.472466082669,0.433349572578,0.775427288276,1.12018947035,0.722504951094,1.61106332248,100.0,-0.317917518289,0.0874369049095,-0.052922337182,1.48489340267,0.343995191683,-0.0322135965456,0.0648106882882,100.0
8.084723,-1.30503415529,-0.474000063457,0.432199086987,0.767757384337,1.11865548957,0.725189417473,1.60684487531,100.0,-0.317917518289,0.0874369049095,-0.053305832379,1.48374291708,0.34437868688,-0.0322135965456,0.0655776786821,100.0
8.094727,-1.30695163128,-0.474000063457,0.432966077381,0.761237965988,1.11788849917,0.729791359836,1.60377691373,100.0,-0.31906800388,0.0874369049095,-0.053689327576,1.48412641228,0.344762182077,-0.0318301013486,0.0651941834851,100.0
8.104736,-1.31155357364,-0.474383558654,0.432582582184,0.752417576458,1.1140535472,0.732092331018,1.60147594255,100.0,-0.318301013486,0.0874369049095,-0.053689327576,1.48450990748,0.34437868688,-0.0322135965456,0.066344669076,100.0
8.114736,-1.31347104963,-0.474000063457,0.43181559179,0.744747672518,1.11136908082,0.736310778185,1.60032545696,100.0,-0.318684508683,0.0862864193186,-0.052922337182,1.48412641228,0.34437868688,-0.0314466061517,0.0659611738791,100.0
8.124734,-1.31768949679,-0.474383558654,0.432199086987,0.737077768579,1.10868461444,0.739378739761,1.59955846657,100.0,-0.317534023092,0.0870534097125,-0.053305832379,1.48450990748,0.34437868688,-0.0318301013486,0.0651941834851,100.0
8.134726,-1.31999046798,-0.474767053851,0.431432096593,0.727873883852,1.10523315767,0.74206320614,1.59879147617,100.0,-0.317917518289,0.0878204001064,-0.052922337182,1.48450990748,0.34437868688,-0.0306796157577,0.0651941834851,100.0
8.144735,-1.32267493435,-0.474383558654,0.431048601396,0.718669999124,1.1010147105,0.744364177321,1.59879147617,100.0,-0.318301013486,0.0866699145155,-0.052922337182,1.48412641228,0.344762182077,-0.0318301013486,0.0648106882882,100.0
8.154735,-1.32612639113,-0.474767053851,0.431432096593,0.711000095185,1.09602927294,0.745514662912,1.59879147617,100.0,-0.317917518289,0.0874369049095,-0.053305832379,1.48412641228,0.343611696486,-0.0318301013486,0.0655776786821,100.0
8.164731,-1.32766037191,-0.47361656826,0.432582582184,0.702946696048,1.09142733058,0.747432138897,1.60032545696,100.0,-0.317534023092,0.0882038953034,-0.0525388419851,1.48412641228,0.34437868688,-0.0322135965456,0.0659611738791,100.0
8.174732,-1.3299613431,-0.473233073063,0.430665106199,0.694126306518,1.08490791223,0.748966119685,1.60185943775,100.0,-0.317917518289,0.0874369049095,-0.053689327576,1.48450990748,0.34437868688,-0.0322135965456,0.0655776786821,100.0
8.184745,-1.33264580948,-0.472082587472,0.431048601396,0.684538926594,1.07877198908,0.752034081261,1.60454390413,100.0,-0.317917518289,0.0885873905004,-0.052922337182,1.48527689787,0.344762182077,-0.0322135965456,0.0659611738791,100.0
8.194740,-1.33456328546,-0.471699092275,0.431048601396,0.67610203226,1.07225257073,0.753951557246,1.6083788561,100.0,-0.318684508683,0.0870534097125,-0.052922337182,1.48489340267,0.34437868688,-0.0322135965456,0.0659611738791,100.0
8.204737,-1.33648076145,-0.471699092275,0.431048601396,0.666898147533,1.06496616199,0.756636023624,1.61451477925,100.0,-0.318301013486,0.0874369049095,-0.0525388419851,1.48412641228,0.34437868688,-0.0322135965456,0.0655776786821,100.0
8.214731,-1.33993221822,-0.470932101881,0.430665106199,0.657310767609,1.05691276285,0.758553499609,1.62141769279,100.0,-0.318684508683,0.0870534097125,-0.052922337182,1.48450990748,0.34437868688,-0.0314466061517,0.0651941834851,100.0
8.224712,-1.3418496942,-0.470548606684,0.429898115805,0.649257368473,1.0503933445,0.762771946776,1.62947109193,100.0,-0.318301013486,0.0874369049095,-0.053305832379,1.48489340267,0.345145677274,-0.0310631109547,0.0659611738791,100.0
8.234710,-1.34453416058,-0.470548606684,0.429514620608,0.639286493351,1.04195645017,0.765072917958,1.63560701508,100.0,-0.318684508683,0.0878204001064,-0.052922337182,1.48489340267,0.34437868688,-0.0314466061517,0.0648106882882,100.0
8.244719,-1.34683513176,-0.468247635502,0.428747630214,0.631233094215,1.03467004143,0.766606898746,1.63829148146,100.0,-0.317534023092,0.0874369049095,-0.0521553467881,1.48335942189,0.34437868688,-0.0322135965456,0.0655776786821,100.0
8.254722,-1.34913610295,-0.46594666432,0.429514620608,0.623563190275,1.02661664229,0.768524374731,1.64174293823,100.0,-0.317917518289,0.0870534097125,-0.0521553467881,1.48450990748,0.344762182077,-0.0322135965456,0.066344669076,100.0
8.264708,-1.35182056932,-0.465563169123,0.42798063982,0.615126295942,1.01894673835,0.770825345912,1.64941284217,100.0,-0.317917518289,0.0874369049095,-0.0521553467881,1.48450990748,0.34437868688,-0.0318301013486,0.0655776786821,100.0
8.274705,-1.35373804531,-0.464412683532,0.428364135017,0.607072896806,1.00935935843,0.772742821897,1.65708274611,100.0,-0.317917518289,0.0870534097125,-0.053305832379,1.48450990748,0.343995191683,-0.0318301013486,0.0651941834851,100.0
8.284703,-1.35565552129,-0.463262197941,0.426830154229,0.599019497669,1.00168945449,0.775427288276,1.66590313564,100.0,-0.317917518289,0.0874369049095,-0.053305832379,1.48412641228,0.34437868688,-0.0322135965456,0.0659611738791,100.0
8.294700,-1.35833998767,-0.461728217154,0.426446659032,0.59134959373,0.993252560156,0.778878745049,1.67472352517,100.0,-0.317917518289,0.0866699145155,-0.0525388419851,1.48412641228,0.343995191683,-0.0322135965456,0.0655776786821,100.0
8.304716,-1.35949047326,-0.460194236366,0.426830154229,0.583296194593,0.984048675428,0.781563211428,1.68277692431,100.0,-0.318684508683,0.0878204001064,-0.052922337182,1.48489340267,0.343995191683,-0.0322135965456,0.0651941834851,100.0
8.314705,-1.36102445405,-0.459043750775,0.425679668638,0.576009785851,0.975611781095,0.785398163397,1.69274779943,100.0,-0.318684508683,0.0870534097125,-0.052922337182,1.48489340267,0.343995191683,-0.0318301013486,0.0655776786821,100.0
8.324705,-1.36447591082,-0.456742779593,0.425296173441,0.568723377109,0.966407896368,0.790383600958,1.70156818896,100.0,-0.318301013486,0.0870534097125,-0.052922337182,1.48412641228,0.34437868688,-0.0318301013486,0.0651941834851,100.0
8.334701,-1.3671603772,-0.455208798805,0.42414568785,0.560669977972,0.957587506837,0.795369038519,1.7092380929,100.0,-0.317534023092,0.0878204001064,-0.053305832379,1.48450990748,0.34437868688,-0.0318301013486,0.0651941834851,100.0
8.344721,-1.36869435799,-0.452524332426,0.42414568785,0.55338356923,0.949150612504,0.800354476079,1.71805848243,100.0,-0.317534023092,0.0878204001064,-0.052922337182,1.48374291708,0.34437868688,-0.0318301013486,0.0648106882882,100.0
8.354730,-1.37099532917,-0.449072875653,0.422611707062,0.547247646078,0.940330222974,0.806106904034,1.72726236716,100.0,-0.318301013486,0.0874369049095,-0.052922337182,1.48489340267,0.343995191683,-0.0322135965456,0.066344669076,100.0
8.364730,-1.37329630035,-0.446771904472,0.422611707062,0.539577742139,0.929975852656,0.8103253512,1.7345487759,100.0,-0.318301013486,0.0874369049095,-0.053305832379,1.48527689787,0.34437868688,-0.0318301013486,0.0659611738791,100.0
8.374732,-1.37483028114,-0.444087438093,0.421844716668,0.531524343002,0.921922453519,0.817228264746,1.74336916543,100.0,-0.317917518289,0.0874369049095,-0.053305832379,1.48489340267,0.344762182077,-0.0318301013486,0.0655776786821,100.0
8.384731,-1.37674775713,-0.44063598132,0.420694231078,0.523854439063,0.912335073595,0.823747683094,1.75218955496,100.0,-0.318301013486,0.0870534097125,-0.0525388419851,1.48450990748,0.343995191683,-0.0325970917426,0.0655776786821,100.0
8.394728,-1.37904872831,-0.43680102935,0.41916025029,0.516951525517,0.903131188868,0.831034091837,1.75909246851,100.0,-0.318684508683,0.0866699145155,-0.053689327576,1.48412641228,0.344762182077,-0.0314466061517,0.0648106882882,100.0
8.404735,-1.3805827091,-0.433733067775,0.418776755093,0.510048611972,0.894694294534,0.837937005382,1.76637887725,100.0,-0.31906800388,0.0882038953034,-0.053689327576,1.48412641228,0.343995191683,-0.0325970917426,0.0651941834851,100.0
8.414732,-1.38211668988,-0.429514620608,0.417242774305,0.502762203229,0.885490409807,0.844839918928,1.7728982956,100.0,-0.318684508683,0.0870534097125,-0.052922337182,1.48412641228,0.34437868688,-0.0314466061517,0.0659611738791,100.0
8.424715,-1.38518465146,-0.425679668638,0.416475783911,0.49509229929,0.877053515473,0.854043803655,1.77788373316,100.0,-0.318301013486,0.0862864193186,-0.053305832379,1.48412641228,0.343995191683,-0.0314466061517,0.0659611738791,100.0
8.434704,-1.38556814666,-0.422228211865,0.416475783911,0.489339871335,0.869383611534,0.861713707595,1.78363616111,100.0,-0.317917518289,0.0862864193186,-0.052922337182,1.48450990748,0.34437868688,-0.0325970917426,0.0655776786821,100.0
8.444703,-1.38748562264,-0.41916025029,0.416092288714,0.482053462593,0.862864193186,0.869000116337,1.78785460828,100.0,-0.318684508683,0.0870534097125,-0.053689327576,1.48450990748,0.34437868688,-0.0318301013486,0.0640436978942,100.0
8.454727,-1.38901960343,-0.414941803123,0.414941803123,0.475534044244,0.856728270034,0.876670020277,1.79322354104,100.0,-0.318301013486,0.0870534097125,-0.053305832379,1.48489340267,0.34437868688,-0.0318301013486,0.0655776786821,100.0
8.464715,-1.39093707942,-0.410723355956,0.414174812729,0.470165111487,0.849825356489,0.885490409807,1.79629150261,100.0,-0.318301013486,0.0878204001064,-0.053305832379,1.48489340267,0.34437868688,-0.0318301013486,0.0655776786821,100.0
8.474703,-1.39132057461,-0.406121413593,0.413024327138,0.463262197941,0.845990404519,0.892776818549,1.7985924738,100.0,-0.317917518289,0.0870534097125,-0.052922337182,1.48450990748,0.344762182077,-0.0318301013486,0.0659611738791,100.0
8.484702,-1.39362154579,-0.402286461623,0.413791317532,0.455975789199,0.841004966958,0.900830217686,1.80050994978,100.0,-0.318301013486,0.0870534097125,-0.052922337182,1.48450990748,0.34437868688,-0.0310631109547,0.0659611738791,100.0
8.494701,-1.39592251698,-0.397684519259,0.412257336744,0.450223361244,0.837553510185,0.908883616822,1.80242742577,100.0,-0.318684508683,0.0866699145155,-0.053305832379,1.48527689787,0.34437868688,-0.0325970917426,0.066728164273,100.0
8.504705,-1.39783999296,-0.391932091305,0.413024327138,0.444854428487,0.835636034201,0.916170025565,1.80242742577,100.0,-0.318301013486,0.0866699145155,-0.053305832379,1.48412641228,0.34437868688,-0.0322135965456,0.0659611738791,100.0
8.514706,-1.39899047855,-0.387713644138,0.411106851153,0.438335010138,0.834102053413,0.922305948716,1.80281092096,100.0,-0.317917518289,0.0878204001064,-0.0525388419851,1.48527689787,0.343995191683,-0.0318301013486,0.066344669076,100.0
8.524703,-1.39822348816,-0.381577720986,0.410723355956,0.433349572578,0.833335063019,0.928441871868,1.80166043537,100.0,-0.318301013486,0.0878204001064,-0.052922337182,1.48412641228,0.344762182077,-0.0314466061517,0.0659611738791,100.0
8.534704,-1.39937397375,-0.376975778623,0.410723355956,0.426830154229,0.834102053413,0.933810804625,1.80204393057,100.0,-0.317917518289,0.0874369049095,-0.053305832379,1.48450990748,0.344762182077,-0.0310631109547,0.0648106882882,100.0
8.544702,-1.40090795454,-0.371223350668,0.409572870365,0.421461221472,0.834869043807,0.938029251792,1.80242742577,100.0,-0.317534023092,0.0878204001064,-0.052922337182,1.48527689787,0.343995191683,-0.0318301013486,0.0655776786821,100.0
8.554705,-1.40320892572,-0.365854417911,0.409572870365,0.414558307926,0.836019529398,0.941864203762,1.80281092096,100.0,-0.318301013486,0.0878204001064,-0.0525388419851,1.48489340267,0.34437868688,-0.0314466061517,0.0655776786821,100.0
8.564705,-1.40282543052,-0.360485485153,0.409572870365,0.409956365562,0.836786519791,0.945699155731,1.80281092096,100.0,-0.318684508683,0.0870534097125,-0.0521553467881,1.48450990748,0.34437868688,-0.0318301013486,0.066344669076,100.0
8.574705,-1.40320892572,-0.354349562002,0.409189375168,0.403053452017,0.837937005382,0.949150612504,1.80319441616,100.0,-0.318301013486,0.0882038953034,-0.052922337182,1.48450990748,0.34437868688,-0.0329805869395,0.0659611738791,100.0
8.584702,-1.40435941131,-0.348980629244,0.409189375168,0.397684519259,0.83947098617,0.950301098095,1.80127694017,100.0,-0.317534023092,0.0874369049095,-0.053305832379,1.48450990748,0.34437868688,-0.0314466061517,0.0659611738791,100.0
8.594701,-1.40397591611,-0.342461210895,0.409189375168,0.392699081699,0.841771957352,0.951068088489,1.80357791136,100.0,-0.317917518289,0.0878204001064,-0.0525388419851,1.48489340267,0.345145677274,-0.0310631109547,0.0655776786821,100.0
8.604705,-1.40474290651,-0.336708782941,0.408805879971,0.387330148941,0.844456423731,0.952602069277,1.80242742577,100.0,-0.318684508683,0.0874369049095,-0.052922337182,1.48450990748,0.344762182077,-0.0310631109547,0.0659611738791,100.0
8.614705,-1.40474290651,-0.330956354986,0.409189375168,0.381577720986,0.845990404519,0.952602069277,1.80281092096,100.0,-0.318301013486,0.0870534097125,-0.053689327576,1.48412641228,0.343995191683,-0.0314466061517,0.0655776786821,100.0
8.624706,-1.4051264017,-0.324053441441,0.409572870365,0.375825293032,0.848291375701,0.952985564474,1.80166043537,100.0,-0.317534023092,0.0866699145155,-0.052922337182,1.48527689787,0.34437868688,-0.0322135965456,0.0655776786821,100.0
8.634706,-1.4055098969,-0.318301013486,0.408805879971,0.368538884289,0.849825356489,0.952985564474,1.80166043537,100.0,-0.318301013486,0.0870534097125,-0.053689327576,1.48374291708,0.343995191683,-0.0318301013486,0.0651941834851,100.0
8.644705,-1.40474290651,-0.311781595138,0.409189375168,0.361635970744,0.851742832473,0.951835078883,1.80204393057,100.0,-0.317917518289,0.0874369049095,-0.053689327576,1.48374291708,0.345145677274,-0.0314466061517,0.0655776786821,100.0
8.654708,-1.40397591611,-0.306029167183,0.409189375168,0.355883542789,0.855194289246,0.951835078883,1.79974295939,100.0,-0.317150527895,0.0870534097125,-0.0525388419851,1.48374291708,0.34437868688,-0.0318301013486,0.0655776786821,100.0
8.664705,-1.40474290651,-0.299509748835,0.409572870365,0.34821363885,0.856728270034,0.951068088489,1.80012645458,100.0,-0.317917518289,0.0866699145155,-0.053305832379,1.48489340267,0.34437868688,-0.0310631109547,0.0651941834851,100.0
8.674711,-1.40359242092,-0.293373825683,0.409189375168,0.340543734911,0.859029241216,0.950301098095,1.80012645458,100.0,-0.318301013486,0.0874369049095,-0.052922337182,1.48412641228,0.34437868688,-0.0318301013486,0.0659611738791,100.0
8.684707,-1.40244193532,-0.286470912138,0.409572870365,0.335174802153,0.85979623161,0.949917602898,1.79974295939,100.0,-0.318301013486,0.0870534097125,-0.053305832379,1.48412641228,0.34437868688,-0.0322135965456,0.066728164273,100.0
8.694711,-1.40244193532,-0.280718484183,0.408805879971,0.327504898214,0.862097202792,0.949917602898,1.7978254834,100.0,-0.318301013486,0.0866699145155,-0.052922337182,1.48412641228,0.34437868688,-0.0325970917426,0.0655776786821,100.0
8.704723,-1.40167494493,-0.274582561031,0.408422384774,0.319451499077,0.863247688383,0.950301098095,1.79629150261,100.0,-0.317917518289,0.0874369049095,-0.052922337182,1.48450990748,0.343611696486,-0.0322135965456,0.066344669076,100.0
8.714733,-1.40052445934,-0.267679647486,0.409189375168,0.312548585532,0.862864193186,0.950301098095,1.79475752183,100.0,-0.318301013486,0.0870534097125,-0.052922337182,1.48489340267,0.345145677274,-0.0310631109547,0.066344669076,100.0
8.724732,-1.39975746895,-0.261160229137,0.409189375168,0.304111691198,0.863631183579,0.950684593292,1.79322354104,100.0,-0.317534023092,0.0874369049095,-0.053305832379,1.48527689787,0.344762182077,-0.0318301013486,0.0651941834851,100.0
8.734733,-1.39937397375,-0.255407801183,0.408805879971,0.296441787259,0.862864193186,0.951068088489,1.79245655064,100.0,-0.317534023092,0.0878204001064,-0.053305832379,1.48450990748,0.344762182077,-0.0318301013486,0.0655776786821,100.0
8.744728,-1.39822348816,-0.248888382834,0.409189375168,0.289155378516,0.863247688383,0.951835078883,1.78938858907,100.0,-0.317917518289,0.0878204001064,-0.053689327576,1.48374291708,0.34437868688,-0.0318301013486,0.0651941834851,100.0
8.754723,-1.39783999296,-0.241985469289,0.408422384774,0.281485474577,0.862480697989,0.952985564474,1.78938858907,100.0,-0.318301013486,0.0866699145155,-0.0525388419851,1.48450990748,0.343995191683,-0.0318301013486,0.0655776786821,100.0
8.764740,-1.39745649776,-0.236233041334,0.408422384774,0.272665085047,0.862480697989,0.952602069277,1.7859371323,100.0,-0.318301013486,0.0885873905004,-0.052922337182,1.48374291708,0.343995191683,-0.0318301013486,0.0655776786821,100.0
8.774714,-1.39553902178,-0.23048061338,0.408422384774,0.265762171501,0.861713707595,0.952985564474,1.78401965631,100.0,-0.318301013486,0.0874369049095,-0.053305832379,1.48412641228,0.344762182077,-0.0325970917426,0.0655776786821,100.0
8.784704,-1.39400504099,-0.224344690228,0.408422384774,0.257325277168,0.861713707595,0.954136050065,1.78401965631,100.0,-0.317917518289,0.0874369049095,-0.052922337182,1.48489340267,0.343995191683,-0.0318301013486,0.066344669076,100.0
8.794707,-1.39208756501,-0.217441776683,0.408805879971,0.250038868425,0.863247688383,0.954519545262,1.78171868513,100.0,-0.318301013486,0.0878204001064,-0.0525388419851,1.48450990748,0.34437868688,-0.0310631109547,0.0655776786821,100.0
8.804709,-1.39132057461,-0.211305853531,0.408038889578,0.241601974092,0.862864193186,0.955286535656,1.78248567552,100.0,-0.317534023092,0.0874369049095,-0.052922337182,1.48412641228,0.34437868688,-0.0310631109547,0.0659611738791,100.0
8.814726,-1.38901960343,-0.204786435183,0.407655394381,0.233548574956,0.862480697989,0.956437021247,1.77941771395,100.0,-0.317917518289,0.0870534097125,-0.052922337182,1.48450990748,0.343611696486,-0.0318301013486,0.0648106882882,100.0
8.824732,-1.38901960343,-0.199034007228,0.408422384774,0.225495175819,0.862097202792,0.956820516444,1.77903421875,100.0,-0.318684508683,0.0878204001064,-0.052922337182,1.48489340267,0.34437868688,-0.0318301013486,0.0651941834851,100.0
8.834729,-1.38633513705,-0.192131093683,0.407655394381,0.217441776683,0.862864193186,0.960271973216,1.77865072355,100.0,-0.317534023092,0.0878204001064,-0.053305832379,1.48412641228,0.343995191683,-0.0322135965456,0.0651941834851,100.0
8.844727,-1.38480115626,-0.185995170531,0.407655394381,0.208621387152,0.862864193186,0.96103896361,1.77788373316,100.0,-0.317917518289,0.0878204001064,-0.053305832379,1.48412641228,0.343611696486,-0.0310631109547,0.0655776786821,100.0
8.854741,-1.38288368028,-0.180242742577,0.407271899184,0.199417502425,0.862864193186,0.964490420383,1.77826722836,100.0,-0.318301013486,0.0874369049095,-0.0521553467881,1.48374291708,0.34437868688,-0.0322135965456,0.066344669076,100.0
8.864770,-1.38211668988,-0.172572838637,0.407271899184,0.190980608092,0.862097202792,0.966407896368,1.77865072355,100.0,-0.317917518289,0.0870534097125,-0.052922337182,1.48412641228,0.34437868688,-0.0318301013486,0.066344669076,100.0
8.874761,-1.3801992139,-0.166053420289,0.40650490879,0.18100973297,0.863247688383,0.968325372353,1.77941771395,100.0,-0.318684508683,0.0874369049095,-0.053305832379,1.48450990748,0.34437868688,-0.0322135965456,0.0651941834851,100.0
8.884762,-1.37828173792,-0.160300992334,0.406888403987,0.172956333834,0.864398173973,0.971009838731,1.77826722836,100.0,-0.317917518289,0.0874369049095,-0.0525388419851,1.48412641228,0.343995191683,-0.0322135965456,0.0651941834851,100.0
8.894763,-1.37674775713,-0.153398078789,0.406888403987,0.164519439501,0.865548659564,0.974077800307,1.77903421875,100.0,-0.317534023092,0.0874369049095,-0.054072822773,1.48489340267,0.34437868688,-0.0322135965456,0.0648106882882,100.0
8.904761,-1.37521377634,-0.147262155637,0.406121413593,0.154548564379,0.866315649958,0.97752925708,1.77980120914,100.0,-0.317917518289,0.0874369049095,-0.053305832379,1.48450990748,0.343228201289,-0.0322135965456,0.066344669076,100.0
8.914741,-1.37367979555,-0.139975746895,0.406121413593,0.145344679652,0.867849630746,0.980597218656,1.77903421875,100.0,-0.318301013486,0.0874369049095,-0.052922337182,1.48412641228,0.34437868688,-0.0314466061517,0.0659611738791,100.0
8.924739,-1.37214581476,-0.134606814137,0.407271899184,0.137291280516,0.869383611534,0.983665180232,1.77941771395,100.0,-0.317917518289,0.0862864193186,-0.053305832379,1.48527689787,0.343995191683,-0.0314466061517,0.0648106882882,100.0
8.934734,-1.37099532917,-0.127703900591,0.40650490879,0.126936910198,0.870917592322,0.987500132201,1.77980120914,100.0,-0.318684508683,0.0882038953034,-0.053305832379,1.48489340267,0.343611696486,-0.0310631109547,0.0648106882882,100.0
8.944736,-1.36946134838,-0.120417491849,0.405737918396,0.11773302547,0.872835068307,0.990951588974,1.78018470434,100.0,-0.317534023092,0.0870534097125,-0.0525388419851,1.48566039307,0.343995191683,-0.0322135965456,0.0659611738791,100.0
8.954748,-1.3675438724,-0.113514578304,0.404970928002,0.109679626334,0.874752544292,0.99401955055,1.77903421875,100.0,-0.318684508683,0.0874369049095,-0.053305832379,1.48527689787,0.34437868688,-0.0318301013486,0.0651941834851,100.0
8.964743,-1.3671603772,-0.107378655152,0.404587432805,0.10009224641,0.87743701067,0.997854502519,1.77980120914,100.0,-0.317917518289,0.0874369049095,-0.0525388419851,1.48489340267,0.34437868688,-0.0322135965456,0.0648106882882,100.0
8.974740,-1.36639338681,-0.10009224641,0.405354423199,0.0897378760913,0.880121477049,1.00168945449,1.77980120914,100.0,-0.317534023092,0.0870534097125,-0.0521553467881,1.48412641228,0.34437868688,-0.0310631109547,0.0651941834851,100.0
8.984739,-1.36409241563,-0.093956323258,0.404970928002,0.080917486561,0.882805943428,1.00475741606,1.77903421875,100.0,-0.31906800388,0.0874369049095,-0.0521553467881,1.48412641228,0.343995191683,-0.0314466061517,0.0655776786821,100.0
8.994735,-1.36409241563,-0.0874369049095,0.404970928002,0.0720970970306,0.886257400201,1.00897586323,1.78056819954,100.0,-0.317917518289,0.0870534097125,-0.0521553467881,1.48489340267,0.34437868688,-0.0322135965456,0.066344669076,100.0
9.004733,-1.36370892043,-0.080533991364,0.404203937608,0.0621262219094,0.890475847367,1.0135778056,1.77903421875,100.0,-0.317917518289,0.0878204001064,-0.052922337182,1.48412641228,0.345145677274,-0.0325970917426,0.0651941834851,100.0
9.014735,-1.36140794925,-0.0736310778185,0.403820442411,0.054072822773,0.893160313746,1.01702926237,1.78095169473,100.0,-0.317917518289,0.0870534097125,-0.052922337182,1.48450990748,0.343995191683,-0.0322135965456,0.0651941834851,100.0
9.024735,-1.36064095885,-0.067495154667,0.403436947214,0.0441019476517,0.896228275322,1.02124770953,1.77980120914,100.0,-0.318684508683,0.0870534097125,-0.054072822773,1.48450990748,0.34437868688,-0.0318301013486,0.0655776786821,100.0
9.034733,-1.36025746366,-0.0617427267124,0.403436947214,0.0356650533183,0.899679732095,1.02431567111,1.77903421875,100.0,-0.318301013486,0.0866699145155,-0.0525388419851,1.48374291708,0.34437868688,-0.0318301013486,0.0648106882882,100.0
9.044734,-1.35987396846,-0.0556068035608,0.403053452017,0.026844663788,0.902364198474,1.02776712788,1.77865072355,100.0,-0.318301013486,0.0870534097125,-0.0521553467881,1.48450990748,0.34437868688,-0.0325970917426,0.0655776786821,100.0
9.054731,-1.35795649248,-0.0490873852123,0.40266995682,0.0176407790607,0.904665169655,1.03083508946,1.78018470434,100.0,-0.317917518289,0.0874369049095,-0.0525388419851,1.48374291708,0.344762182077,-0.0318301013486,0.066344669076,100.0
9.064959,-1.35718950208,-0.0441019476517,0.401902966426,0.00766990393943,0.90658264564,1.03505353663,1.77941771395,100.0,-0.317917518289,0.0878204001064,-0.053689327576,1.48374291708,0.34437868688,-0.0314466061517,0.0655776786821,100.0
9.074970,-1.35642251169,-0.0368155389092,0.401135976032,-0.0026844663788,0.908116626428,1.0381214982,1.78056819954,100.0,-0.317917518289,0.0870534097125,-0.052922337182,1.48450990748,0.34437868688,-0.0322135965456,0.0648106882882,100.0
9.084822,-1.3552720261,-0.0310631109547,0.399985490441,-0.0122718463031,0.909267112019,1.04157295497,1.77941771395,100.0,-0.318301013486,0.0870534097125,-0.0521553467881,1.48412641228,0.34437868688,-0.0318301013486,0.0655776786821,100.0
9.094798,-1.35373804531,-0.0241601974092,0.399218500047,-0.0214757310304,0.909650607216,1.04464091655,1.77865072355,100.0,-0.317917518289,0.0866699145155,-0.053305832379,1.48489340267,0.344762182077,-0.0310631109547,0.0655776786821,100.0
9.104785,-1.35297105491,-0.0191747598486,0.39883500485,-0.0318301013486,0.91041759761,1.04847586852,1.77941771395,100.0,-0.317150527895,0.0874369049095,-0.0513883563942,1.48527689787,0.34437868688,-0.0310631109547,0.0644271930912,100.0
9.114779,-1.35182056932,-0.013038836697,0.397684519259,-0.0410339860759,0.91041759761,1.0503933445,1.77980120914,100.0,-0.318301013486,0.0874369049095,-0.0525388419851,1.48450990748,0.343611696486,-0.0314466061517,0.0655776786821,100.0
9.124754,-1.35028658854,-0.00690291354548,0.395383548077,-0.0498543756063,0.909650607216,1.05346130608,1.77980120914,100.0,-0.318301013486,0.0874369049095,-0.052922337182,1.48489340267,0.344762182077,-0.0318301013486,0.0655776786821,100.0
9.134738,-1.34951959814,-0.00230097118183,0.395767043274,-0.0556068035608,0.910034102413,1.05576227726,1.78095169473,100.0,-0.317917518289,0.0870534097125,-0.052922337182,1.48450990748,0.343995191683,-0.0318301013486,0.0659611738791,100.0
9.144737,-1.34913610295,0.00115048559091,0.393082576896,-0.0571407843487,0.918854491943,1.05307781088,1.77788373316,100.0,-0.318301013486,0.0882038953034,-0.0525388419851,1.48450990748,0.343995191683,-0.0322135965456,0.0659611738791,100.0
9.154734,-1.34836911255,0.0026844663788,0.393466072093,-0.0559902987578,0.923456434307,1.0507768397,1.77788373316,100.0,-0.318684508683,0.0878204001064,-0.053305832379,1.48374291708,0.344762182077,-0.0314466061517,0.0655776786821,100.0
9.164748,-1.34913610295,0.00613592315154,0.39500005288,-0.0544563179699,0.924990415095,1.04847586852,1.77788373316,100.0,-0.318684508683,0.0874369049095,-0.052922337182,1.48374291708,0.345145677274,-0.0314466061517,0.0655776786821,100.0
9.174747,-1.34913610295,0.00843689433337,0.392315586502,-0.0556068035608,0.929208862262,1.04962635411,1.77673324757,100.0,-0.317534023092,0.0878204001064,-0.052922337182,1.48374291708,0.344762182077,-0.0322135965456,0.0648106882882,100.0
9.184741,-1.34875260775,0.00997087512126,0.390781605714,-0.053689327576,0.935344785413,1.04809237332,1.77750023796,100.0,-0.317534023092,0.0885873905004,-0.053689327576,1.48489340267,0.34437868688,-0.0325970917426,0.0651941834851,100.0
9.194735,-1.34913610295,0.0115048559091,0.390781605714,-0.0506213660002,0.937645756595,1.04732538293,1.77634975237,100.0,-0.317534023092,0.0885873905004,-0.052922337182,1.48489340267,0.344762182077,-0.0333640821365,0.066344669076,100.0
9.204742,-1.34913610295,0.0115048559091,0.388480634532,-0.0487038900154,0.943014689353,1.04617489734,1.77519926678,100.0,-0.318301013486,0.0870534097125,-0.053305832379,1.48489340267,0.34437868688,-0.0329805869395,0.0655776786821,100.0
9.214747,-1.34798561735,0.013422331894,0.385029177759,-0.0487038900154,0.949150612504,1.04732538293,1.77673324757,100.0,-0.318301013486,0.0870534097125,-0.052922337182,1.48566039307,0.34437868688,-0.0329805869395,0.0659611738791,100.0
9.224746,-1.34721862696,0.0161067982728,0.38234471138,-0.0506213660002,0.951835078883,1.04770887813,1.77634975237,100.0,-0.317534023092,0.0874369049095,-0.053305832379,1.48527689787,0.344762182077,-0.0322135965456,0.0659611738791,100.0
9.234740,-1.34606814137,0.0180242742577,0.380427235396,-0.0525388419851,0.953752554868,1.04502441175,1.77519926678,100.0,-0.317917518289,0.0878204001064,-0.053305832379,1.48450990748,0.343995191683,-0.0314466061517,0.0655776786821,100.0
9.244745,-1.34568464617,0.0203252454395,0.376975778623,-0.0513883563942,0.959121487625,1.04272344057,1.77481577158,100.0,-0.318301013486,0.0862864193186,-0.053689327576,1.48450990748,0.34437868688,-0.0310631109547,0.0655776786821,100.0
9.254768,-1.34453416058,0.0218592262274,0.373907817047,-0.0521553467881,0.965257410777,1.0381214982,1.77366528599,100.0,-0.318301013486,0.0862864193186,-0.053305832379,1.48489340267,0.34437868688,-0.0310631109547,0.0655776786821,100.0
9.264753,-1.34415066538,0.0237767022122,0.372373836259,-0.0525388419851,0.965640905974,1.03467004143,1.7721313052,100.0,-0.318301013486,0.0866699145155,-0.0521553467881,1.48450990748,0.34437868688,-0.0314466061517,0.0655776786821,100.0
9.274759,-1.3422331894,0.0256941781971,0.370456360274,-0.054072822773,0.967558381959,1.03121858466,1.77136431481,100.0,-0.318301013486,0.0882038953034,-0.0525388419851,1.48489340267,0.34437868688,-0.0318301013486,0.0659611738791,100.0
9.284766,-1.34146619901,0.026461168591,0.367388398699,-0.053689327576,0.971776829125,1.02700013749,1.76867984843,100.0,-0.317917518289,0.0878204001064,-0.053689327576,1.48450990748,0.344762182077,-0.0322135965456,0.066344669076,100.0
9.294753,-1.34108270381,0.0279951493789,0.365087427517,-0.052922337182,0.974461295504,1.02239819513,1.76676237245,100.0,-0.317917518289,0.0874369049095,-0.052922337182,1.48450990748,0.34437868688,-0.0333640821365,0.0655776786821,100.0
9.304743,-1.34069920861,0.0287621397729,0.363936941926,-0.052922337182,0.974461295504,1.01894673835,1.76599538205,100.0,-0.318684508683,0.0874369049095,-0.053689327576,1.48412641228,0.343995191683,-0.0341310725305,0.0655776786821,100.0
9.314754,-1.33916522782,0.0291456349698,0.361635970744,-0.052922337182,0.97752925708,1.01396130079,1.76177693489,100.0,-0.318301013486,0.0882038953034,-0.053305832379,1.48450990748,0.344762182077,-0.0333640821365,0.0648106882882,100.0
9.324760,-1.33801474223,0.0302961205607,0.358184513971,-0.052922337182,0.980597218656,1.00935935843,1.7594759637,100.0,-0.317917518289,0.0878204001064,-0.0525388419851,1.48489340267,0.343995191683,-0.0329805869395,0.0651941834851,100.0
9.334751,-1.33724775184,0.0314466061517,0.357417523577,-0.0521553467881,0.981747704247,1.00437392087,1.75832547811,100.0,-0.318301013486,0.0870534097125,-0.053305832379,1.48489340267,0.344762182077,-0.0322135965456,0.0655776786821,100.0
9.344743,-1.33724775184,0.0322135965456,0.354733057199,-0.0525388419851,0.984815665822,1.0001554737,1.75717499252,100.0,-0.31906800388,0.0885873905004,-0.053305832379,1.48527689787,0.343995191683,-0.0322135965456,0.0655776786821,100.0
9.354741,-1.33571377105,0.0333640821365,0.352815581214,-0.0525388419851,0.989034112989,0.995937026535,1.75410703095,100.0,-0.318684508683,0.0874369049095,-0.0525388419851,1.48450990748,0.344762182077,-0.0310631109547,0.0651941834851,100.0
9.364765,-1.33571377105,0.0341310725305,0.350898105229,-0.052922337182,0.991718579368,0.992102074565,1.75180605977,100.0,-0.318301013486,0.0885873905004,-0.053305832379,1.48297592669,0.343611696486,-0.0306796157577,0.0651941834851,100.0
9.374748,-1.33456328546,0.0341310725305,0.349747619638,-0.053305832379,0.99401955055,0.987116637004,1.74912159339,100.0,-0.318684508683,0.0874369049095,-0.0525388419851,1.48374291708,0.34437868688,-0.0295291301668,0.0659611738791,100.0
9.384749,-1.33379629507,0.0345145677274,0.348980629244,-0.0521553467881,0.998237997716,0.983665180232,1.7479711078,100.0,-0.31906800388,0.0882038953034,-0.0521553467881,1.48450990748,0.343611696486,-0.0322135965456,0.0651941834851,100.0
9.394737,-1.33302930467,0.0345145677274,0.345529172471,-0.053689327576,1.00207294969,0.979063237868,1.74567013661,100.0,-0.317917518289,0.0878204001064,-0.0525388419851,1.48335942189,0.344762182077,-0.0329805869395,0.0655776786821,100.0
9.404791,-1.33264580948,0.0341310725305,0.34437868688,-0.0525388419851,1.00475741606,0.975995276292,1.74413615583,100.0,-0.318684508683,0.0885873905004,-0.052922337182,1.48489340267,0.34437868688,-0.0337475773335,0.0651941834851,100.0
9.414822,-1.33264580948,0.0360485485153,0.343228201289,-0.052922337182,1.00744188244,0.972160324322,1.74336916543,100.0,-0.318301013486,0.0878204001064,-0.053689327576,1.48450990748,0.34437868688,-0.0345145677274,0.0659611738791,100.0
9.425291,-1.33149532388,0.0352815581214,0.340927230108,-0.0525388419851,1.01166032961,0.96870886755,1.74260217504,100.0,-0.318684508683,0.0878204001064,-0.053305832379,1.48489340267,0.34437868688,-0.0348980629244,0.0644271930912,100.0
9.434821,-1.33226231428,0.0348980629244,0.33939324932,-0.0525388419851,1.0131943104,0.966407896368,1.74145168945,100.0,-0.318301013486,0.0878204001064,-0.0525388419851,1.48412641228,0.344762182077,-0.0345145677274,0.0659611738791,100.0
9.444780,-1.33111182869,0.0360485485153,0.337092278138,-0.054072822773,1.01472829119,0.964490420383,1.74068469905,100.0,-0.318684508683,0.0870534097125,-0.052922337182,1.48566039307,0.34437868688,-0.0341310725305,0.0651941834851,100.0
9.454781,-1.3299613431,0.0364320437123,0.334791306956,-0.052922337182,1.01779625276,0.963339934792,1.74030120386,100.0,-0.317534023092,0.0870534097125,-0.052922337182,1.48489340267,0.344762182077,-0.0341310725305,0.0659611738791,100.0
9.464756,-1.3295778479,0.0360485485153,0.332873830971,-0.0525388419851,1.01894673835,0.962956439595,1.74145168945,100.0,-0.318684508683,0.0878204001064,-0.053305832379,1.48489340267,0.344762182077,-0.0337475773335,0.0655776786821,100.0
9.474742,-1.3295778479,0.0360485485153,0.330956354986,-0.0513883563942,1.02009722394,0.962572944398,1.74145168945,100.0,-0.317917518289,0.0870534097125,-0.053305832379,1.48412641228,0.344762182077,-0.0329805869395,0.0659611738791,100.0
9.484741,-1.33034483829,0.0364320437123,0.329805869395,-0.0521553467881,1.02163120473,0.962956439595,1.74183518464,100.0,-0.318301013486,0.0878204001064,-0.054072822773,1.48335942189,0.344762182077,-0.0310631109547,0.0655776786821,100.0
9.494738,-1.3299613431,0.0364320437123,0.327504898214,-0.0517718515911,1.02316518552,0.963723429989,1.74183518464,100.0,-0.317917518289,0.0874369049095,-0.053689327576,1.48412641228,0.343995191683,-0.0306796157577,0.0655776786821,100.0
9.504744,-1.3291943527,0.0368155389092,0.325970917426,-0.052922337182,1.02354868072,0.965257410777,1.74336916543,100.0,-0.317534023092,0.0874369049095,-0.0525388419851,1.48412641228,0.343611696486,-0.0310631109547,0.0651941834851,100.0
9.515039,-1.3299613431,0.0375825293032,0.324436936638,-0.0521553467881,1.02278169032,0.965640905974,1.74375266063,100.0,-0.318301013486,0.0882038953034,-0.0525388419851,1.48412641228,0.344762182077,-0.0310631109547,0.0659611738791,100.0
9.524757,-1.32881085751,0.0379660245002,0.322135965456,-0.053305832379,1.02393217591,0.966407896368,1.74490314622,100.0,-0.317917518289,0.0862864193186,-0.053305832379,1.48374291708,0.34437868688,-0.0322135965456,0.0651941834851,100.0
9.534739,-1.32881085751,0.0379660245002,0.321368975062,-0.0517718515911,1.02431567111,0.967558381959,1.74567013661,100.0,-0.317534023092,0.0874369049095,-0.053689327576,1.48412641228,0.34437868688,-0.0329805869395,0.0655776786821,100.0
9.544742,-1.3291943527,0.0375825293032,0.319834994274,-0.0525388419851,1.02469916631,0.968325372353,1.7479711078,100.0,-0.317917518289,0.0874369049095,-0.052922337182,1.48450990748,0.34437868688,-0.0337475773335,0.0659611738791,100.0
9.554766,-1.3291943527,0.0391165100911,0.318301013486,-0.0517718515911,1.0254661567,0.96870886755,1.7468206222,100.0,-0.318301013486,0.0878204001064,-0.0525388419851,1.48412641228,0.343995191683,-0.0333640821365,0.0651941834851,100.0
9.564767,-1.32881085751,0.039500005288,0.317534023092,-0.0521553467881,1.0250826615,0.969475857944,1.74912159339,100.0,-0.317534023092,0.0882038953034,-0.0521553467881,1.48450990748,0.344762182077,-0.0333640821365,0.066344669076,100.0
9.574747,-1.32804386711,0.0391165100911,0.316383537501,-0.0521553467881,1.02469916631,0.970626343534,1.74912159339,100.0,-0.318301013486,0.0870534097125,-0.052922337182,1.48450990748,0.343995191683,-0.0325970917426,0.0648106882882,100.0
9.584754,-1.32881085751,0.040650490879,0.31523305191,-0.0517718515911,1.0254661567,0.971393333928,1.75065557417,100.0,-0.317917518289,0.0878204001064,-0.052922337182,1.48412641228,0.343995191683,-0.0329805869395,0.0651941834851,100.0
9.594751,-1.3291943527,0.040266995682,0.314466061517,-0.053689327576,1.0258496519,0.972160324322,1.75180605977,100.0,-0.317917518289,0.0874369049095,-0.053305832379,1.48374291708,0.344762182077,-0.0318301013486,0.066344669076,100.0
9.604765,-1.33072833349,0.040266995682,0.312932080729,-0.053305832379,1.0262331471,0.972927314716,1.75180605977,100.0,-0.317917518289,0.0874369049095,-0.053305832379,1.48412641228,0.34437868688,-0.0299126253638,0.0659611738791,100.0
9.614780,-1.33034483829,0.0418009764699,0.312165090335,-0.054072822773,1.02700013749,0.972927314716,1.75295654536,100.0,-0.317534023092,0.0878204001064,-0.0521553467881,1.48297592669,0.34437868688,-0.0302961205607,0.0648106882882,100.0
9.624755,-1.3291943527,0.0425679668638,0.311398099941,-0.052922337182,1.02738363269,0.971393333928,1.75410703095,100.0,-0.317534023092,0.0870534097125,-0.0510048611972,1.48489340267,0.343995191683,-0.0318301013486,0.066344669076,100.0
9.634742,-1.33034483829,0.0429514620608,0.310631109547,-0.053305832379,1.02738363269,0.971009838731,1.75257305016,100.0,-0.317917518289,0.0870534097125,-0.053305832379,1.48412641228,0.344762182077,-0.0325970917426,0.0655776786821,100.0
9.644742,-1.3295778479,0.0433349572578,0.309480623956,-0.0521553467881,1.02968460387,0.971009838731,1.75218955496,100.0,-0.318301013486,0.0870534097125,-0.053689327576,1.48527689787,0.34437868688,-0.0325970917426,0.0659611738791,100.0
9.654736,-1.3295778479,0.0441019476517,0.308713633562,-0.052922337182,1.02968460387,0.969475857944,1.75180605977,100.0,-0.317917518289,0.0866699145155,-0.052922337182,1.48450990748,0.34437868688,-0.0325970917426,0.0651941834851,100.0
9.664798,-1.33072833349,0.0433349572578,0.308713633562,-0.0521553467881,1.03045159426,0.968325372353,1.75142256457,100.0,-0.318301013486,0.0866699145155,-0.053305832379,1.48374291708,0.343995191683,-0.0333640821365,0.0655776786821,100.0
9.674929,-1.3295778479,0.0448689380456,0.307563147971,-0.0525388419851,1.03160207985,0.967941877156,1.75103906937,100.0,-0.317917518289,0.0874369049095,-0.052922337182,1.48489340267,0.343611696486,-0.0325970917426,0.0655776786821,100.0
9.684925,-1.33072833349,0.0448689380456,0.307563147971,-0.0525388419851,1.03160207985,0.966407896368,1.75142256457,100.0,-0.317534023092,0.0874369049095,-0.0525388419851,1.48450990748,0.34437868688,-0.0329805869395,0.0648106882882,100.0
9.694789,-1.33111182869,0.0452524332426,0.307179652774,-0.053305832379,1.03313606064,0.965257410777,1.75218955496,100.0,-0.317534023092,0.0866699145155,-0.0521553467881,1.48374291708,0.344762182077,-0.0318301013486,0.0659611738791,100.0
9.704797,-1.33072833349,0.0452524332426,0.305262176789,-0.0513883563942,1.03351955584,0.964490420383,1.75065557417,100.0,-0.317534023092,0.0874369049095,-0.053689327576,1.48450990748,0.34437868688,-0.0318301013486,0.066344669076,100.0
9.714758,-1.33111182869,0.0444854428487,0.304495186395,-0.053305832379,1.03390305103,0.961422458807,1.75180605977,100.0,-0.318684508683,0.0866699145155,-0.052922337182,1.48527689787,0.34437868688,-0.0314466061517,0.066728164273,100.0
9.724736,-1.33187881908,0.0456359284396,0.303728196001,-0.052922337182,1.03390305103,0.96103896361,1.74988858378,100.0,-0.318301013486,0.0870534097125,-0.0525388419851,1.48489340267,0.343995191683,-0.0306796157577,0.0651941834851,100.0
9.734721,-1.33187881908,0.0456359284396,0.302961205607,-0.053305832379,1.03236907025,0.959121487625,1.75180605977,100.0,-0.317534023092,0.0874369049095,-0.052922337182,1.48450990748,0.34437868688,-0.0306796157577,0.0655776786821,100.0
9.744721,-1.33111182869,0.0460194236366,0.302194215213,-0.0525388419851,1.03313606064,0.957587506837,1.75027207898,100.0,-0.318684508683,0.0866699145155,-0.052922337182,1.48412641228,0.343995191683,-0.0318301013486,0.0655776786821,100.0
9.754720,-1.33111182869,0.0456359284396,0.301427224819,-0.0517718515911,1.03275256544,0.956820516444,1.75103906937,100.0,-0.317917518289,0.0870534097125,-0.053305832379,1.48450990748,0.343995191683,-0.0322135965456,0.0655776786821,100.0
9.764719,-1.33034483829,0.0448689380456,0.300660234426,-0.0517718515911,1.03236907025,0.955286535656,1.75180605977,100.0,-0.317917518289,0.0878204001064,-0.053305832379,1.48489340267,0.343995191683,-0.0325970917426,0.0651941834851,100.0
9.774710,-1.33226231428,0.0460194236366,0.299509748835,-0.0525388419851,1.03275256544,0.954519545262,1.75027207898,100.0,-0.317917518289,0.0874369049095,-0.052922337182,1.48527689787,0.34437868688,-0.0329805869395,0.0659611738791,100.0
9.784702,-1.33111182869,0.0460194236366,0.297975768047,-0.0525388419851,1.03236907025,0.952602069277,1.75065557417,100.0,-0.318301013486,0.0878204001064,-0.0525388419851,1.48450990748,0.344762182077,-0.0322135965456,0.066344669076,100.0
9.794703,-1.33072833349,0.0460194236366,0.297208777653,-0.0521553467881,1.03275256544,0.951835078883,1.75065557417,100.0,-0.318301013486,0.0862864193186,-0.053305832379,1.48450990748,0.343611696486,-0.0329805869395,0.0659611738791,100.0
9.804703,-1.33072833349,0.0456359284396,0.296058292062,-0.052922337182,1.03351955584,0.95221857408,1.74988858378,100.0,-0.318684508683,0.0878204001064,-0.052922337182,1.48489340267,0.344762182077,-0.0322135965456,0.0655776786821,100.0
9.814709,-1.3299613431,0.0456359284396,0.295291301668,-0.0521553467881,1.03351955584,0.951451583686,1.75103906937,100.0,-0.317917518289,0.0882038953034,-0.052922337182,1.48374291708,0.344762182077,-0.0322135965456,0.0655776786821,100.0
9.824737,-1.3299613431,0.0460194236366,0.294524311274,-0.0525388419851,1.03313606064,0.950684593292,1.75065557417,100.0,-0.318684508683,0.0882038953034,-0.052922337182,1.48489340267,0.343995191683,-0.0318301013486,0.0659611738791,100.0
9.834725,-1.3295778479,0.0467864140305,0.29375732088,-0.0525388419851,1.03275256544,0.950301098095,1.74988858378,100.0,-0.318301013486,0.0874369049095,-0.0525388419851,1.48489340267,0.343995191683,-0.0318301013486,0.0651941834851,100.0
9.844721,-1.3299613431,0.0467864140305,0.292223340092,-0.0544563179699,1.03351955584,0.950301098095,1.75180605977,100.0,-0.318301013486,0.0878204001064,-0.053305832379,1.48450990748,0.343995191683,-0.0318301013486,0.0655776786821,100.0
9.854727,-1.3299613431,0.0460194236366,0.292223340092,-0.0513883563942,1.03275256544,0.950684593292,1.74988858378,100.0,-0.318684508683,0.0878204001064,-0.053305832379,1.48489340267,0.34437868688,-0.0322135965456,0.0659611738791,100.0
9.864992,-1.3295778479,0.0467864140305,0.290689359304,-0.052922337182,1.03275256544,0.950301098095,1.75142256457,100.0,-0.317917518289,0.0874369049095,-0.052922337182,1.48489340267,0.343995191683,-0.0318301013486,0.0655776786821,100.0
9.874846,-1.3295778479,0.0471699092275,0.28992236891,-0.053305832379,1.03198557505,0.950684593292,1.75065557417,100.0,-0.318301013486,0.0878204001064,-0.053305832379,1.48450990748,0.344762182077,-0.0322135965456,0.0648106882882,100.0
9.884818,-1.3291943527,0.0475534044244,0.289155378516,-0.0517718515911,1.03313606064,0.950684593292,1.75180605977,100.0,-0.318301013486,0.0874369049095,-0.0525388419851,1.48412641228,0.343995191683,-0.0314466061517,0.0659611738791,100.0
9.894779,-1.33072833349,0.0475534044244,0.288004892925,-0.0525388419851,1.03313606064,0.951068088489,1.75027207898,100.0,-0.317917518289,0.0866699145155,-0.053305832379,1.48412641228,0.343995191683,-0.0322135965456,0.0655776786821,100.0
9.904792,-1.33034483829,0.0471699092275,0.287621397729,-0.0525388419851,1.03313606064,0.950301098095,1.75065557417,100.0,-0.317917518289,0.0878204001064,-0.053305832379,1.48374291708,0.34437868688,-0.0318301013486,0.0651941834851,100.0
9.914780,-1.3299613431,0.0487038900154,0.286087416941,-0.0517718515911,1.03198557505,0.951068088489,1.75103906937,100.0,-0.31906800388,0.0878204001064,-0.053305832379,1.48297592669,0.343228201289,-0.0310631109547,0.0659611738791,100.0
9.924753,-1.3295778479,0.0483203948184,0.285703921744,-0.0513883563942,1.03160207985,0.950301098095,1.75103906937,100.0,-0.318684508683,0.0882038953034,-0.052922337182,1.48489340267,0.34437868688,-0.0314466061517,0.0655776786821,100.0
9.934736,-1.3299613431,0.0487038900154,0.284553436153,-0.0517718515911,1.03198557505,0.950301098095,1.75142256457,100.0,-0.318301013486,0.0878204001064,-0.0525388419851,1.48489340267,0.344762182077,-0.0318301013486,0.0659611738791,100.0
9.944714,-1.3295778479,0.0483203948184,0.283402950562,-0.0513883563942,1.03198557505,0.949917602898,1.75218955496,100.0,-0.318301013486,0.0882038953034,-0.053689327576,1.48527689787,0.343611696486,-0.0314466061517,0.0655776786821,100.0
9.954714,-1.3291943527,0.0483203948184,0.283019455365,-0.0521553467881,1.03236907025,0.949534107701,1.75180605977,100.0,-0.317534023092,0.0870534097125,-0.054072822773,1.48489340267,0.343995191683,-0.0318301013486,0.0651941834851,100.0
9.964706,-1.3295778479,0.0490873852123,0.282252464971,-0.0521553467881,1.03198557505,0.949534107701,1.75180605977,100.0,-0.317534023092,0.0862864193186,-0.052922337182,1.48450990748,0.343611696486,-0.0322135965456,0.0651941834851,100.0
9.974705,-1.3291943527,0.0490873852123,0.280334988986,-0.0521553467881,1.03160207985,0.949534107701,1.75180605977,100.0,-0.318301013486,0.0866699145155,-0.053305832379,1.48450990748,0.343995191683,-0.0318301013486,0.0655776786821,100.0
9.984703,-1.3291943527,0.0494708804093,0.279184503395,-0.0506213660002,1.03198557505,0.948767117307,1.75103906937,100.0,-0.318684508683,0.0882038953034,-0.0525388419851,1.48450990748,0.343995191683,-0.0318301013486,0.0651941834851,100.0
9.994700,-1.3291943527,0.0502378708032,0.279184503395,-0.0525388419851,1.03198557505,0.948767117307,1.75103906937,100.0,-0.317917518289,0.0874369049095,-0.052922337182,1.48450990748,0.344762182077,-0.0325970917426,0.0659611738791,100.0
10.004703,-1.3295778479,0.0498543756063,0.278417513001,-0.0517718515911,1.03198557505,0.948767117307,1.75257305016,100.0,-0.318301013486,0.0874369049095,-0.052922337182,1.48412641228,0.343995191683,-0.0318301013486,0.0644271930912,100.0
10.014702,-1.3295778479,0.0506213660002,0.276883532213,-0.0521553467881,1.03160207985,0.947616631716,1.75218955496,100.0,-0.318301013486,0.0874369049095,-0.053305832379,1.48374291708,0.34437868688,-0.0322135965456,0.0655776786821,100.0
10.024706,-1.32881085751,0.0506213660002,0.276116541819,-0.0521553467881,1.03198557505,0.94838362211,1.75180605977,100.0,-0.318684508683,0.0874369049095,-0.0521553467881,1.48374291708,0.344762182077,-0.0318301013486,0.0651941834851,100.0
10.034702,-1.3291943527,0.0506213660002,0.274966056228,-0.053305832379,1.03198557505,0.946466146125,1.75142256457,100.0,-0.318301013486,0.0882038953034,-0.052922337182,1.48335942189,0.343611696486,-0.0325970917426,0.0655776786821,100.0
10.044701,-1.3291943527,0.0506213660002,0.274199065835,-0.0517718515911,1.03236907025,0.946849641322,1.75218955496,100.0,-0.317917518289,0.0870534097125,-0.053305832379,1.48412641228,0.343995191683,-0.0325970917426,0.0655776786821,100.0
10.054701,-1.3295778479,0.0506213660002,0.273815570638,-0.0525388419851,1.03236907025,0.945315660534,1.75180605977,100.0,-0.318301013486,0.0874369049095,-0.052922337182,1.48527689787,0.34437868688,-0.0318301013486,0.0655776786821,100.0
10.064701,-1.3291943527,0.0510048611972,0.272665085047,-0.0517718515911,1.03160207985,0.944932165337,1.75257305016,100.0,-0.318301013486,0.0870534097125,-0.052922337182,1.48374291708,0.343995191683,-0.0325970917426,0.066344669076,100.0
10.074700,-1.32804386711,0.0513883563942,0.273048580244,-0.0513883563942,1.03236907025,0.944165174943,1.75218955496,100.0,-0.317917518289,0.0878204001064,-0.052922337182,1.48412641228,0.344762182077,-0.0322135965456,0.0651941834851,100.0
10.084700,-1.32842736231,0.0517718515911,0.271131104259,-0.0517718515911,1.03198557505,0.942631194156,1.75372353575,100.0,-0.318684508683,0.0874369049095,-0.052922337182,1.48450990748,0.34437868688,-0.0314466061517,0.0659611738791,100.0
10.094704,-1.3291943527,0.0510048611972,0.270364113865,-0.0513883563942,1.03236907025,0.942247698959,1.75180605977,100.0,-0.318684508683,0.0874369049095,-0.053689327576,1.48412641228,0.343995191683,-0.0314466061517,0.066344669076,100.0
10.104719,-1.32766037191,0.0513883563942,0.269597123471,-0.0517718515911,1.03160207985,0.941097213368,1.75295654536,100.0,-0.317534023092,0.0874369049095,-0.052922337182,1.48412641228,0.344762182077,-0.0322135965456,0.0659611738791,100.0
10.114709,-1.32727687672,0.0513883563942,0.269213628274,-0.0513883563942,1.03313606064,0.941097213368,1.75295654536,100.0,-0.317917518289,0.0866699145155,-0.0525388419851,1.48412641228,0.344762182077,-0.0322135965456,0.0659611738791,100.0
10.124708,-1.32766037191,0.0510048611972,0.268830133077,-0.052922337182,1.03160207985,0.939946727777,1.75372353575,100.0,-0.318301013486,0.0870534097125,-0.053689327576,1.48450990748,0.34437868688,-0.0310631109547,0.0659611738791,100.0
10.134704,-1.32766037191,0.0517718515911,0.26844663788,-0.0513883563942,1.03160207985,0.939179737383,1.75334004055,100.0,-0.318301013486,0.0882038953034,-0.053305832379,1.48412641228,0.344762182077,-0.0322135965456,0.0651941834851,100.0
10.144705,-1.32689338152,0.0513883563942,0.267296152289,-0.0513883563942,1.03198557505,0.938412746989,1.75372353575,100.0,-0.318684508683,0.0874369049095,-0.0525388419851,1.48527689787,0.34437868688,-0.0322135965456,0.0659611738791,100.0
10.154701,-1.32766037191,0.0513883563942,0.266529161895,-0.0517718515911,1.03160207985,0.937262261398,1.75449052614,100.0,-0.318301013486,0.0878204001064,-0.0525388419851,1.48412641228,0.34437868688,-0.0318301013486,0.0655776786821,100.0
10.164702,-1.32727687672,0.0517718515911,0.265378676304,-0.0506213660002,1.03121858466,0.936878766201,1.75295654536,100.0,-0.318684508683,0.0866699145155,-0.053305832379,1.48412641228,0.34437868688,-0.0318301013486,0.0659611738791,100.0
10.174755,-1.32766037191,0.0525388419851,0.264995181107,-0.0513883563942,1.03083508946,0.936495271004,1.75257305016,100.0,-0.317917518289,0.0878204001064,-0.052922337182,1.48450990748,0.344762182077,-0.0325970917426,0.0648106882882,100.0
10.184766,-1.32689338152,0.0517718515911,0.264228190713,-0.0506213660002,1.03083508946,0.93572828061,1.75334004055,100.0,-0.318301013486,0.0866699145155,-0.0525388419851,1.48374291708,0.343995191683,-0.0318301013486,0.0659611738791,100.0
10.194743,-1.32689338152,0.0525388419851,0.263461200319,-0.0521553467881,1.03083508946,0.935344785413,1.75410703095,100.0,-0.318301013486,0.0870534097125,-0.0517718515911,1.48450990748,0.34437868688,-0.0322135965456,0.0651941834851,100.0
10.204739,-1.32650988632,0.0525388419851,0.261927219531,-0.0513883563942,1.03006809907,0.934961290216,1.75257305016,100.0,-0.318301013486,0.0866699145155,-0.052922337182,1.48450990748,0.344762182077,-0.0322135965456,0.0655776786821,100.0
10.214716,-1.32612639113,0.0525388419851,0.261927219531,-0.0513883563942,1.03006809907,0.935344785413,1.75334004055,100.0,-0.317917518289,0.0874369049095,-0.053305832379,1.48374291708,0.344762182077,-0.0314466061517,0.0651941834851,100.0
10.224706,-1.32650988632,0.0521553467881,0.260776733941,-0.0506213660002,1.03045159426,0.93572828061,1.75410703095,100.0,-0.317917518289,0.0866699145155,-0.053305832379,1.48489340267,0.34437868688,-0.0318301013486,0.0659611738791,100.0
10.234712,-1.32574289593,0.0513883563942,0.260776733941,-0.0517718515911,1.02930110867,0.936495271004,1.75334004055,100.0,-0.31906800388,0.0878204001064,-0.052922337182,1.48527689787,0.345145677274,-0.0325970917426,0.0651941834851,100.0
10.244708,-1.32650988632,0.0521553467881,0.260009743547,-0.0513883563942,1.02815062308,0.936878766201,1.75295654536,100.0,-0.317917518289,0.0882038953034,-0.053305832379,1.48566039307,0.34437868688,-0.0322135965456,0.0648106882882,100.0
10.254702,-1.32612639113,0.0517718515911,0.25962624835,-0.0502378708032,1.02853411828,0.937262261398,1.75372353575,100.0,-0.317917518289,0.0882038953034,-0.053305832379,1.48450990748,0.344762182077,-0.0318301013486,0.0651941834851,100.0
10.264701,-1.32535940073,0.0513883563942,0.258475762759,-0.0517718515911,1.02815062308,0.937645756595,1.75334004055,100.0,-0.318684508683,0.0870534097125,-0.0525388419851,1.48374291708,0.345145677274,-0.0318301013486,0.066344669076,100.0
10.274705,-1.32497590554,0.0521553467881,0.257325277168,-0.0502378708032,1.02891761347,0.937262261398,1.75295654536,100.0,-0.318684508683,0.0870534097125,-0.052922337182,1.48450990748,0.344762182077,-0.0325970917426,0.0651941834851,100.0
10.284703,-1.32535940073,0.0525388419851,0.256941781971,-0.0510048611972,1.02776712788,0.938412746989,1.75372353575,100.0,-0.318684508683,0.0882038953034,-0.053305832379,1.48450990748,0.34437868688,-0.0325970917426,0.0651941834851,100.0
10.294704,-1.32535940073,0.0525388419851,0.256558286774,-0.0510048611972,1.02776712788,0.937262261398,1.75372353575,100.0,-0.317917518289,0.0866699145155,-0.052922337182,1.48489340267,0.343611696486,-0.0325970917426,0.0655776786821,100.0
10.304702,-1.32420891514,0.052922337182,0.255407801183,-0.0502378708032,1.02853411828,0.938029251792,1.75334004055,100.0,-0.31906800388,0.0866699145155,-0.053305832379,1.48489340267,0.344762182077,-0.0314466061517,0.0659611738791,100.0
10.314703,-1.32344192475,0.0521553467881,0.254640810789,-0.0513883563942,1.02891761347,0.937645756595,1.75295654536,100.0,-0.317917518289,0.0882038953034,-0.053305832379,1.48412641228,0.343995191683,-0.0322135965456,0.0651941834851,100.0
10.324703,-1.32382541995,0.0521553467881,0.253873820395,-0.0521553467881,1.02853411828,0.937262261398,1.75372353575,100.0,-0.317534023092,0.0870534097125,-0.052922337182,1.48450990748,0.34437868688,-0.0314466061517,0.0651941834851,100.0
10.334702,-1.32382541995,0.052922337182,0.253106830001,-0.0510048611972,1.02815062308,0.937645756595,1.75487402134,100.0,-0.318301013486,0.0866699145155,-0.052922337182,1.48527689787,0.343995191683,-0.0314466061517,0.0651941834851,100.0
10.344701,-1.32267493435,0.052922337182,0.252339839607,-0.0506213660002,1.02815062308,0.937262261398,1.75410703095,100.0,-0.317917518289,0.0878204001064,-0.0525388419851,1.48412641228,0.344762182077,-0.0314466061517,0.0659611738791,100.0
10.354702,-1.32305842955,0.0517718515911,0.25195634441,-0.0502378708032,1.02815062308,0.936495271004,1.75487402134,100.0,-0.317917518289,0.0874369049095,-0.0525388419851,1.48374291708,0.34437868688,-0.0322135965456,0.0659611738791,100.0
10.364702,-1.32305842955,0.053305832379,0.250805858819,-0.0513883563942,1.02776712788,0.936111775807,1.75449052614,100.0,-0.317534023092,0.0870534097125,-0.053689327576,1.48374291708,0.344762182077,-0.0322135965456,0.0655776786821,100.0
10.374704,-1.32267493435,0.0525388419851,0.250038868425,-0.0513883563942,1.02853411828,0.93572828061,1.75564101173,100.0,-0.317917518289,0.0882038953034,-0.052922337182,1.48489340267,0.34437868688,-0.0314466061517,0.0655776786821,100.0
10.384702,-1.32305842955,0.053305832379,0.249271878031,-0.0517718515911,1.02853411828,0.936111775807,1.75717499252,100.0,-0.31906800388,0.0866699145155,-0.052922337182,1.48450990748,0.34437868688,-0.0318301013486,0.066344669076,100.0
10.394703,-1.32229143916,0.0525388419851,0.248888382834,-0.0506213660002,1.02776712788,0.93572828061,1.75755848772,100.0,-0.317917518289,0.0866699145155,-0.0525388419851,1.48450990748,0.343995191683,-0.0322135965456,0.0651941834851,100.0
10.404704,-1.32229143916,0.053305832379,0.248504887637,-0.0521553467881,1.02815062308,0.936878766201,1.75755848772,100.0,-0.318301013486,0.0874369049095,-0.053689327576,1.48450990748,0.34437868688,-0.0322135965456,0.0644271930912,100.0
10.414701,-1.32267493435,0.053305832379,0.248504887637,-0.0502378708032,1.02891761347,0.93572828061,1.75640800213,100.0,-0.318301013486,0.0878204001064,-0.052922337182,1.48450990748,0.34437868688,-0.0314466061517,0.0659611738791,100.0
10.424703,-1.32152444876,0.053689327576,0.24697090685,-0.0513883563942,1.02853411828,0.93572828061,1.75755848772,100.0,-0.31906800388,0.0878204001064,-0.052922337182,1.48489340267,0.34437868688,-0.0314466061517,0.0659611738791,100.0
10.434702,-1.32152444876,0.052922337182,0.246587411653,-0.0506213660002,1.02815062308,0.936495271004,1.75755848772,100.0,-0.318301013486,0.0874369049095,-0.053305832379,1.48374291708,0.34437868688,-0.0318301013486,0.0655776786821,100.0
10.444705,-1.32152444876,0.054072822773,0.24697090685,-0.0506213660002,1.02776712788,0.935344785413,1.75640800213,100.0,-0.318301013486,0.0874369049095,-0.0525388419851,1.48412641228,0.34437868688,-0.0322135965456,0.0651941834851,100.0
10.454723,-1.32114095357,0.054072822773,0.245820421259,-0.0506213660002,1.02815062308,0.934961290216,1.75679149733,100.0,-0.317917518289,0.0874369049095,-0.053305832379,1.48412641228,0.343995191683,-0.0322135965456,0.0655776786821,100.0
10.464711,-1.32190794396,0.053689327576,0.245436926062,-0.0517718515911,1.02815062308,0.93572828061,1.75755848772,100.0,-0.31906800388,0.0878204001064,-0.0525388419851,1.48412641228,0.34437868688,-0.0322135965456,0.066344669076,100.0
10.474709,-1.32075745837,0.054072822773,0.245436926062,-0.0521553467881,1.02853411828,0.93572828061,1.75717499252,100.0,-0.317917518289,0.0866699145155,-0.054072822773,1.48412641228,0.34437868688,-0.0318301013486,0.0655776786821,100.0
10.484706,-1.32114095357,0.0544563179699,0.244669935668,-0.0513883563942,1.02776712788,0.934961290216,1.75717499252,100.0,-0.317534023092,0.0882038953034,-0.053689327576,1.48527689787,0.34437868688,-0.0318301013486,0.0651941834851,100.0
10.494708,-1.32114095357,0.054072822773,0.243902945274,-0.0513883563942,1.02776712788,0.935344785413,1.75755848772,100.0,-0.318301013486,0.0882038953034,-0.052922337182,1.48489340267,0.34437868688,-0.0306796157577,0.0648106882882,100.0
10.504703,-1.32037396317,0.0548398131669,0.243902945274,-0.0506213660002,1.02776712788,0.934961290216,1.75640800213,100.0,-0.318301013486,0.0870534097125,-0.054072822773,1.48412641228,0.343611696486,-0.0314466061517,0.0655776786821,100.0
10.514702,-1.32075745837,0.053689327576,0.242368964486,-0.0510048611972,1.02815062308,0.934577795019,1.75640800213,100.0,-0.318301013486,0.0882038953034,-0.0525388419851,1.48412641228,0.344762182077,-0.0318301013486,0.0659611738791,100.0
10.524706,-1.32075745837,0.053689327576,0.242752459683,-0.0510048611972,1.02776712788,0.934577795019,1.75794198292,100.0,-0.317917518289,0.0878204001064,-0.0521553467881,1.48489340267,0.34437868688,-0.0322135965456,0.0659611738791,100.0
10.534715,-1.32037396317,0.0548398131669,0.242368964486,-0.0502378708032,1.02815062308,0.933427309428,1.75679149733,100.0,-0.318301013486,0.0878204001064,-0.053305832379,1.48450990748,0.34437868688,-0.0318301013486,0.0651941834851,100.0
10.544707,-1.31960697278,0.054072822773,0.242368964486,-0.0510048611972,1.02738363269,0.932660319034,1.75640800213,100.0,-0.317534023092,0.0874369049095,-0.0525388419851,1.48412641228,0.34437868688,-0.0310631109547,0.0655776786821,100.0
10.554702,-1.31999046798,0.0552233083639,0.241601974092,-0.0513883563942,1.02815062308,0.933427309428,1.75717499252,100.0,-0.317917518289,0.0882038953034,-0.053689327576,1.48412641228,0.34437868688,-0.0314466061517,0.0659611738791,100.0
10.564705,-1.32114095357,0.0548398131669,0.241218478895,-0.0513883563942,1.02815062308,0.93189332864,1.75755848772,100.0,-0.318301013486,0.0874369049095,-0.052922337182,1.48412641228,0.343995191683,-0.0322135965456,0.0648106882882,100.0
10.574702,-1.32037396317,0.0548398131669,0.240451488501,-0.052922337182,1.02776712788,0.932660319034,1.75717499252,100.0,-0.318684508683,0.0866699145155,-0.053305832379,1.48489340267,0.343995191683,-0.0314466061517,0.0655776786821,100.0
10.584703,-1.32037396317,0.0548398131669,0.239684498107,-0.0506213660002,1.02776712788,0.931126338246,1.75679149733,100.0,-0.318684508683,0.0870534097125,-0.0521553467881,1.48450990748,0.343995191683,-0.0322135965456,0.0655776786821,100.0
10.594703,-1.31999046798,0.0548398131669,0.240067993304,-0.0506213660002,1.02776712788,0.930742843049,1.75640800213,100.0,-0.317917518289,0.0866699145155,-0.0525388419851,1.48489340267,0.344762182077,-0.0314466061517,0.0659611738791,100.0
10.604699,-1.31960697278,0.053689327576,0.23930100291,-0.0510048611972,1.02700013749,0.929208862262,1.75679149733,100.0,-0.318684508683,0.0870534097125,-0.0521553467881,1.48412641228,0.343995191683,-0.0318301013486,0.0655776786821,100.0
10.614701,-1.32075745837,0.0548398131669,0.23930100291,-0.0517718515911,1.02853411828,0.928441871868,1.75679149733,100.0,-0.317917518289,0.0874369049095,-0.0521553467881,1.48489340267,0.344762182077,-0.0318301013486,0.0659611738791,100.0
10.624704,-1.32037396317,0.053689327576,0.238150517319,-0.0510048611972,1.02815062308,0.927291386277,1.75679149733,100.0,-0.317917518289,0.0870534097125,-0.052922337182,1.48374291708,0.343995191683,-0.0314466061517,0.0651941834851,100.0
10.634704,-1.32037396317,0.0548398131669,0.238150517319,-0.0513883563942,1.02776712788,0.925373910292,1.75794198292,100.0,-0.317534023092,0.0870534097125,-0.052922337182,1.48374291708,0.34437868688,-0.0322135965456,0.0659611738791,100.0
10.644702,-1.32075745837,0.0548398131669,0.238150517319,-0.0510048611972,1.02661664229,0.924223424701,1.75640800213,100.0,-0.317917518289,0.0882038953034,-0.052922337182,1.48412641228,0.343995191683,-0.0322135965456,0.0648106882882,100.0
10.654701,-1.32075745837,0.053689327576,0.237000031728,-0.0513883563942,1.02700013749,0.92307293911,1.75832547811,100.0,-0.317917518289,0.0874369049095,-0.0525388419851,1.48489340267,0.343995191683,-0.0318301013486,0.0655776786821,100.0
10.664701,-1.32152444876,0.054072822773,0.237000031728,-0.0506213660002,1.02661664229,0.921922453519,1.75717499252,100.0,-0.317917518289,0.0874369049095,-0.0517718515911,1.48374291708,0.343228201289,-0.0310631109547,0.066344669076,100.0
10.674711,-1.32114095357,0.0544563179699,0.236616536531,-0.0510048611972,1.0254661567,0.920388472731,1.75640800213,100.0,-0.317917518289,0.0882038953034,-0.0525388419851,1.48450990748,0.343995191683,-0.0318301013486,0.066728164273,100.0
10.684717,-1.32075745837,0.053689327576,0.236616536531,-0.0510048611972,1.0258496519,0.918087501549,1.75794198292,100.0,-0.318301013486,0.0878204001064,-0.0521553467881,1.48450990748,0.34437868688,-0.0322135965456,0.0651941834851,100.0
10.694714,-1.32075745837,0.054072822773,0.236233041334,-0.0517718515911,1.0250826615,0.917704006352,1.75679149733,100.0,-0.317917518289,0.0870534097125,-0.053305832379,1.48374291708,0.34437868688,-0.0314466061517,0.0659611738791,100.0
10.704715,-1.32075745837,0.0544563179699,0.236233041334,-0.0513883563942,1.0254661567,0.915786530368,1.75717499252,100.0,-0.318301013486,0.0870534097125,-0.0525388419851,1.48450990748,0.34437868688,-0.0318301013486,0.0659611738791,100.0
10.714715,-1.32152444876,0.0544563179699,0.23546605094,-0.0510048611972,1.0250826615,0.913869054383,1.75640800213,100.0,-0.318301013486,0.0878204001064,-0.052922337182,1.48489340267,0.345145677274,-0.0318301013486,0.0655776786821,100.0
10.724737,-1.32037396317,0.053305832379,0.234699060546,-0.0513883563942,1.02469916631,0.913102063989,1.75679149733,100.0,-0.318301013486,0.0866699145155,-0.052922337182,1.48335942189,0.34437868688,-0.0322135965456,0.0651941834851,100.0
10.734719,-1.31999046798,0.053305832379,0.234699060546,-0.0506213660002,1.02393217591,0.912718568792,1.75794198292,100.0,-0.318301013486,0.0878204001064,-0.053689327576,1.48412641228,0.34437868688,-0.0322135965456,0.0659611738791,100.0
10.744708,-1.32075745837,0.054072822773,0.234699060546,-0.0517718515911,1.02393217591,0.910801092807,1.75679149733,100.0,-0.317534023092,0.0878204001064,-0.052922337182,1.48450990748,0.34437868688,-0.0318301013486,0.0659611738791,100.0
10.754702,-1.32152444876,0.0544563179699,0.234699060546,-0.0506213660002,1.02469916631,0.91041759761,1.75755848772,100.0,-0.318684508683,0.0878204001064,-0.052922337182,1.48412641228,0.343995191683,-0.0318301013486,0.0651941834851,100.0
10.764707,-1.32114095357,0.053305832379,0.233548574956,-0.0513883563942,1.02431567111,0.911568083201,1.75640800213,100.0,-0.318684508683,0.0878204001064,-0.053305832379,1.48450990748,0.344762182077,-0.0310631109547,0.066344669076,100.0
10.774702,-1.32075745837,0.0544563179699,0.233548574956,-0.0510048611972,1.02239819513,0.91041759761,1.75755848772,100.0,-0.317917518289,0.0870534097125,-0.052922337182,1.48374291708,0.34437868688,-0.0314466061517,0.0655776786821,100.0
10.784704,-1.32152444876,0.054072822773,0.233548574956,-0.0510048611972,1.02278169032,0.910034102413,1.75755848772,100.0,-0.317917518289,0.0874369049095,-0.053689327576,1.48412641228,0.343995191683,-0.0318301013486,0.0659611738791,100.0
10.794708,-1.32075745837,0.054072822773,0.233548574956,-0.0502378708032,1.02201469993,0.91041759761,1.75755848772,100.0,-0.318684508683,0.0874369049095,-0.053305832379,1.48566039307,0.343995191683,-0.0322135965456,0.0655776786821,100.0
10.804705,-1.32037396317,0.0544563179699,0.233548574956,-0.0506213660002,1.02201469993,0.911951578398,1.75794198292,100.0,-0.318301013486,0.0866699145155,-0.0525388419851,1.48412641228,0.343995191683,-0.0314466061517,0.0655776786821,100.0
10.814702,-1.32152444876,0.0544563179699,0.232781584562,-0.0513883563942,1.02201469993,0.912718568792,1.75679149733,100.0,-0.318684508683,0.0878204001064,-0.052922337182,1.48450990748,0.343995191683,-0.0325970917426,0.0659611738791,100.0
10.824703,-1.32114095357,0.0544563179699,0.232781584562,-0.0513883563942,1.02163120473,0.912718568792,1.75717499252,100.0,-0.317917518289,0.0870534097125,-0.052922337182,1.48450990748,0.344762182077,-0.0314466061517,0.0651941834851,100.0
10.834704,-1.32037396317,0.0548398131669,0.232398089365,-0.0502378708032,1.02239819513,0.912718568792,1.75717499252,100.0,-0.318301013486,0.0882038953034,-0.052922337182,1.48450990748,0.34437868688,-0.0322135965456,0.0659611738791,100.0
10.844703,-1.32037396317,0.0544563179699,0.232014594168,-0.0513883563942,1.02316518552,0.91425254958,1.75717499252,100.0,-0.318301013486,0.0870534097125,-0.053305832379,1.48527689787,0.344762182077,-0.0318301013486,0.0655776786821,100.0
10.854704,-1.32114095357,0.0544563179699,0.232014594168,-0.0510048611972,1.02239819513,0.913869054383,1.75794198292,100.0,-0.318301013486,0.0870534097125,-0.052922337182,1.48450990748,0.34437868688,-0.0314466061517,0.0651941834851,100.0
10.864704,-1.32075745837,0.0544563179699,0.231247603774,-0.0502378708032,1.02278169032,0.915019539974,1.7598594589,100.0,-0.317917518289,0.0870534097125,-0.0521553467881,1.48412641228,0.34437868688,-0.0322135965456,0.066344669076,100.0
10.874703,-1.31960697278,0.0556068035608,0.232014594168,-0.0510048611972,1.02201469993,0.915786530368,1.7606264493,100.0,-0.317534023092,0.0874369049095,-0.0525388419851,1.48412641228,0.34437868688,-0.0314466061517,0.0648106882882,100.0
10.884704,-1.32075745837,0.0548398131669,0.232014594168,-0.0502378708032,1.02124770953,0.916937015959,1.76100994449,100.0,-0.318301013486,0.0866699145155,-0.0525388419851,1.48450990748,0.34437868688,-0.0306796157577,0.0651941834851,100.0
10.894703,-1.31999046798,0.0544563179699,0.231247603774,-0.0510048611972,1.02354868072,0.918087501549,1.76292742048,100.0,-0.318301013486,0.0874369049095,-0.0521553467881,1.48527689787,0.34437868688,-0.0318301013486,0.0659611738791,100.0
10.904704,-1.31960697278,0.0552233083639,0.231247603774,-0.0502378708032,1.02278169032,0.918470996746,1.76216043008,100.0,-0.318301013486,0.0878204001064,-0.053305832379,1.48489340267,0.343995191683,-0.0325970917426,0.0651941834851,100.0
10.914706,-1.32037396317,0.0548398131669,0.230864108577,-0.0510048611972,1.02124770953,0.920004977534,1.76407790607,100.0,-0.317534023092,0.0874369049095,-0.053689327576,1.48450990748,0.34437868688,-0.0322135965456,0.0655776786821,100.0
10.924710,-1.31922347758,0.0556068035608,0.231247603774,-0.0510048611972,1.02124770953,0.920771967928,1.76446140127,100.0,-0.317917518289,0.0870534097125,-0.053305832379,1.48450990748,0.344762182077,-0.0314466061517,0.0651941834851,100.0
10.934705,-1.31922347758,0.0544563179699,0.230864108577,-0.0513883563942,1.02124770953,0.922689443913,1.76484489646,100.0,-0.318301013486,0.0870534097125,-0.053305832379,1.48412641228,0.344762182077,-0.0314466061517,0.0651941834851,100.0
10.944719,-1.31999046798,0.0556068035608,0.23048061338,-0.0502378708032,1.02086421434,0.924223424701,1.76637887725,100.0,-0.318301013486,0.0866699145155,-0.052922337182,1.48412641228,0.34437868688,-0.0322135965456,0.066344669076,100.0
10.954720,-1.31922347758,0.0548398131669,0.23048061338,-0.0494708804093,1.01933023355,0.925757405489,1.76637887725,100.0,-0.318301013486,0.0870534097125,-0.053305832379,1.48412641228,0.344762182077,-0.0318301013486,0.0655776786821,100.0
10.964707,-1.31999046798,0.0552233083639,0.23048061338,-0.0502378708032,1.01894673835,0.924606919898,1.76676237245,100.0,-0.317917518289,0.0878204001064,-0.0525388419851,1.48527689787,0.344762182077,-0.0322135965456,0.0648106882882,100.0
10.974708,-1.31999046798,0.0544563179699,0.230097118183,-0.0502378708032,1.01856324316,0.926524395883,1.76714586764,100.0,-0.318684508683,0.0878204001064,-0.052922337182,1.48412641228,0.344762182077,-0.0314466061517,0.0655776786821,100.0
10.984705,-1.31922347758,0.0548398131669,0.229330127789,-0.0506213660002,1.01664576717,0.928058376671,1.76752936284,100.0,-0.317917518289,0.0874369049095,-0.053305832379,1.48450990748,0.343995191683,-0.0314466061517,0.066344669076,100.0
10.994709,-1.31999046798,0.0552233083639,0.229713622986,-0.0506213660002,1.01472829119,0.928825367065,1.76867984843,100.0,-0.318301013486,0.0866699145155,-0.052922337182,1.48450990748,0.344762182077,-0.0318301013486,0.0655776786821,100.0
11.004717,-1.31960697278,0.0559902987578,0.228946632592,-0.0502378708032,1.01396130079,0.929592357459,1.76906334363,100.0,-0.318684508683,0.0882038953034,-0.052922337182,1.48412641228,0.34437868688,-0.0322135965456,0.0651941834851,100.0
11.014708,-1.32037396317,0.0556068035608,0.229330127789,-0.0502378708032,1.0131943104,0.929975852656,1.76829635323,100.0,-0.318301013486,0.0878204001064,-0.052922337182,1.48489340267,0.34437868688,-0.0318301013486,0.0659611738791,100.0
11.024706,-1.31960697278,0.0556068035608,0.229330127789,-0.0502378708032,1.01166032961,0.929975852656,1.76676237245,100.0,-0.318684508683,0.0878204001064,-0.052922337182,1.48374291708,0.344762182077,-0.0318301013486,0.0655776786821,100.0
11.034701,-1.31960697278,0.0563737939548,0.229713622986,-0.0502378708032,1.01050984402,0.931126338246,1.76829635323,100.0,-0.318301013486,0.0878204001064,-0.052922337182,1.48450990748,0.343611696486,-0.0314466061517,0.0640436978942,100.0
11.044719,-1.31922347758,0.0556068035608,0.229330127789,-0.0502378708032,1.00974285363,0.931126338246,1.76676237245,100.0,-0.318301013486,0.0874369049095,-0.052922337182,1.48412641228,0.345145677274,-0.0310631109547,0.0655776786821,100.0
11.054703,-1.31922347758,0.0559902987578,0.229330127789,-0.0506213660002,1.00935935843,0.930359347853,1.76676237245,100.0,-0.318684508683,0.0878204001064,-0.0525388419851,1.48374291708,0.34437868688,-0.0322135965456,0.0655776786821,100.0
11.064707,-1.31960697278,0.0563737939548,0.228946632592,-0.0506213660002,1.00820887284,0.930742843049,1.76791285804,100.0,-0.318301013486,0.0866699145155,-0.0521553467881,1.48450990748,0.34437868688,-0.0314466061517,0.0659611738791,100.0
11.074706,-1.31922347758,0.0563737939548,0.228946632592,-0.0498543756063,1.00782537764,0.931126338246,1.76906334363,100.0,-0.317917518289,0.0874369049095,-0.052922337182,1.48374291708,0.343611696486,-0.0318301013486,0.0659611738791,100.0
11.084708,-1.31883998238,0.0559902987578,0.229713622986,-0.0510048611972,1.00744188244,0.930742843049,1.76829635323,100.0,-0.318301013486,0.0882038953034,-0.053305832379,1.48450990748,0.344762182077,-0.0322135965456,0.0655776786821,100.0
11.094705,-1.31960697278,0.0567572891518,0.229330127789,-0.0498543756063,1.00705838725,0.930359347853,1.76867984843,100.0,-0.317917518289,0.0874369049095,-0.052922337182,1.48412641228,0.343995191683,-0.0318301013486,0.0655776786821,100.0
11.104706,-1.31922347758,0.0563737939548,0.229330127789,-0.0506213660002,1.00705838725,0.929592357459,1.76829635323,100.0,-0.318684508683,0.0882038953034,-0.053305832379,1.48450990748,0.344762182077,-0.0318301013486,0.0651941834851,100.0
11.114702,-1.31999046798,0.0571407843487,0.229330127789,-0.0502378708032,1.00590790166,0.929208862262,1.76983033402,100.0,-0.317917518289,0.0874369049095,-0.0525388419851,1.48412641228,0.343995191683,-0.0318301013486,0.0644271930912,100.0
11.124703,-1.31960697278,0.0575242795457,0.229330127789,-0.0502378708032,1.00590790166,0.929975852656,1.77136431481,100.0,-0.317917518289,0.0866699145155,-0.052922337182,1.48374291708,0.34437868688,-0.0325970917426,0.0655776786821,100.0
11.134704,-1.31999046798,0.0579077747427,0.229713622986,-0.0506213660002,1.00629139685,0.929208862262,1.77059732442,100.0,-0.318301013486,0.0874369049095,-0.053305832379,1.48450990748,0.344762182077,-0.0314466061517,0.0659611738791,100.0
11.144707,-1.31999046798,0.0579077747427,0.229330127789,-0.0525388419851,1.00514091126,0.929975852656,1.7725148004,100.0,-0.317917518289,0.0874369049095,-0.052922337182,1.48412641228,0.344762182077,-0.0318301013486,0.0655776786821,100.0
11.154703,-1.31999046798,0.0586747651366,0.230097118183,-0.0502378708032,1.00705838725,0.929208862262,1.7725148004,100.0,-0.318301013486,0.0870534097125,-0.052922337182,1.48527689787,0.34437868688,-0.0318301013486,0.066344669076,100.0
11.164707,-1.31922347758,0.0582912699396,0.229330127789,-0.0498543756063,1.00590790166,0.929975852656,1.7728982956,100.0,-0.318684508683,0.0866699145155,-0.053689327576,1.48374291708,0.343995191683,-0.0318301013486,0.0655776786821,100.0
11.174706,-1.31960697278,0.0582912699396,0.228946632592,-0.0517718515911,1.00590790166,0.929975852656,1.77404878119,100.0,-0.318301013486,0.0878204001064,-0.053689327576,1.48450990748,0.34437868688,-0.0318301013486,0.0659611738791,100.0
11.184708,-1.31999046798,0.0582912699396,0.229330127789,-0.0506213660002,1.00552440646,0.929208862262,1.77519926678,100.0,-0.317917518289,0.0874369049095,-0.052922337182,1.48450990748,0.343995191683,-0.0314466061517,0.0648106882882,100.0
11.194702,-1.31999046798,0.0582912699396,0.228946632592,-0.0513883563942,1.00514091126,0.929208862262,1.77366528599,100.0,-0.317917518289,0.0878204001064,-0.052922337182,1.48412641228,0.343611696486,-0.0325970917426,0.0648106882882,100.0
11.204706,-1.31999046798,0.0582912699396,0.229330127789,-0.0510048611972,1.00514091126,0.929975852656,1.77404878119,100.0,-0.31906800388,0.0870534097125,-0.053305832379,1.48489340267,0.34437868688,-0.0314466061517,0.0659611738791,100.0
11.214701,-1.31922347758,0.0590582603336,0.228946632592,-0.0510048611972,1.00475741606,0.929592357459,1.77404878119,100.0,-0.317917518289,0.0874369049095,-0.053305832379,1.48412641228,0.344762182077,-0.0314466061517,0.0651941834851,100.0
11.224700,-1.31883998238,0.0590582603336,0.229330127789,-0.0506213660002,1.00437392087,0.930359347853,1.77558276198,100.0,-0.318684508683,0.0870534097125,-0.053305832379,1.48412641228,0.344762182077,-0.0318301013486,0.0651941834851,100.0
11.234707,-1.31960697278,0.0590582603336,0.228563137395,-0.0510048611972,1.00514091126,0.929208862262,1.77366528599,100.0,-0.318301013486,0.0882038953034,-0.052922337182,1.48489340267,0.34437868688,-0.0325970917426,0.0655776786821,100.0
11.244707,-1.31922347758,0.0598252507275,0.228179642198,-0.0510048611972,1.00399042567,0.930359347853,1.77404878119,100.0,-0.318301013486,0.0882038953034,-0.054072822773,1.48450990748,0.344762182077,-0.0322135965456,0.0651941834851,100.0
11.254703,-1.31922347758,0.0590582603336,0.228179642198,-0.0521553467881,1.00399042567,0.929975852656,1.77366528599,100.0,-0.318684508683,0.0882038953034,-0.0525388419851,1.48450990748,0.344762182077,-0.0322135965456,0.0659611738791,100.0
11.264708,-1.31999046798,0.0598252507275,0.228563137395,-0.0506213660002,1.00399042567,0.930359347853,1.77481577158,100.0,-0.317917518289,0.0882038953034,-0.052922337182,1.48489340267,0.344762182077,-0.0314466061517,0.0659611738791,100.0
11.274728,-1.32037396317,0.0594417555306,0.228946632592,-0.0502378708032,1.00360693047,0.929975852656,1.77404878119,100.0,-0.317534023092,0.0870534097125,-0.052922337182,1.48527689787,0.34437868688,-0.0318301013486,0.0659611738791,100.0
11.284710,-1.31922347758,0.0602087459245,0.228563137395,-0.0502378708032,1.00360693047,0.929975852656,1.77366528599,100.0,-0.318301013486,0.0878204001064,-0.052922337182,1.48489340267,0.343995191683,-0.0318301013486,0.0655776786821,100.0
11.294709,-1.31922347758,0.0598252507275,0.227412651804,-0.0502378708032,1.00283994008,0.929975852656,1.77404878119,100.0,-0.31906800388,0.0874369049095,-0.053305832379,1.48374291708,0.343995191683,-0.0314466061517,0.066344669076,100.0
11.304703,-1.31883998238,0.0598252507275,0.228563137395,-0.0510048611972,1.00207294969,0.930359347853,1.77404878119,100.0,-0.317917518289,0.0882038953034,-0.0525388419851,1.48374291708,0.343995191683,-0.0318301013486,0.0655776786821,100.0
11.314704,-1.31999046798,0.0602087459245,0.228179642198,-0.0510048611972,1.00207294969,0.929592357459,1.77519926678,100.0,-0.317917518289,0.0870534097125,-0.052922337182,1.48450990748,0.343611696486,-0.0322135965456,0.0655776786821,100.0
11.324706,-1.31960697278,0.0598252507275,0.227796147001,-0.0502378708032,1.00130595929,0.929975852656,1.77519926678,100.0,-0.318301013486,0.0874369049095,-0.053305832379,1.48450990748,0.34437868688,-0.0322135965456,0.0655776786821,100.0
11.334705,-1.31922347758,0.0594417555306,0.227412651804,-0.0506213660002,1.0005389689,0.929208862262,1.77366528599,100.0,-0.318301013486,0.0882038953034,-0.053689327576,1.48489340267,0.345145677274,-0.0325970917426,0.0659611738791,100.0
11.344705,-1.31922347758,0.0602087459245,0.227796147001,-0.0510048611972,1.0001554737,0.930359347853,1.77481577158,100.0,-0.317917518289,0.0882038953034,-0.052922337182,1.48450990748,0.343995191683,-0.0318301013486,0.066728164273,100.0
11.354707,-1.31883998238,0.0605922411215,0.227412651804,-0.0502378708032,0.99900498811,0.929975852656,1.77366528599,100.0,-0.317917518289,0.0866699145155,-0.0525388419851,1.48450990748,0.343611696486,-0.0318301013486,0.0659611738791,100.0
11.364704,-1.31922347758,0.0602087459245,0.22664566141,-0.0510048611972,0.998237997716,0.929592357459,1.77443227639,100.0,-0.318301013486,0.0874369049095,-0.053305832379,1.48412641228,0.344762182077,-0.0318301013486,0.0655776786821,100.0
11.374702,-1.31883998238,0.0598252507275,0.227029156607,-0.0510048611972,0.997087512126,0.929975852656,1.77443227639,100.0,-0.317917518289,0.0878204001064,-0.0525388419851,1.48527689787,0.34437868688,-0.0322135965456,0.0655776786821,100.0
11.384705,-1.31922347758,0.0598252507275,0.22664566141,-0.0494708804093,0.996320521732,0.929975852656,1.77443227639,100.0,-0.318301013486,0.0870534097125,-0.053689327576,1.48489340267,0.34437868688,-0.0318301013486,0.0655776786821,100.0
11.394705,-1.31922347758,0.0594417555306,0.22664566141,-0.0498543756063,0.995553531338,0.929592357459,1.77519926678,100.0,-0.318684508683,0.0878204001064,-0.052922337182,1.48489340267,0.344762182077,-0.0314466061517,0.0655776786821,100.0
11.404707,-1.31922347758,0.0598252507275,0.22664566141,-0.0506213660002,0.994403045747,0.929592357459,1.77481577158,100.0,-0.318684508683,0.0862864193186,-0.052922337182,1.48412641228,0.344762182077,-0.0322135965456,0.0651941834851,100.0
11.414705,-1.31960697278,0.0602087459245,0.22664566141,-0.0506213660002,0.993636055353,0.930359347853,1.77481577158,100.0,-0.318684508683,0.0878204001064,-0.053305832379,1.48412641228,0.343995191683,-0.0314466061517,0.0651941834851,100.0
11.424702,-1.31845648719,0.0594417555306,0.227412651804,-0.0506213660002,0.991718579368,0.929975852656,1.77558276198,100.0,-0.31906800388,0.0878204001064,-0.052922337182,1.48489340267,0.344762182077,-0.0314466061517,0.0655776786821,100.0
11.434703,-1.31999046798,0.0602087459245,0.226262166213,-0.0494708804093,0.991718579368,0.930742843049,1.77519926678,100.0,-0.318684508683,0.0878204001064,-0.0525388419851,1.48412641228,0.34437868688,-0.0314466061517,0.0648106882882,100.0
11.444703,-1.32037396317,0.0598252507275,0.225878671016,-0.0506213660002,0.99018459858,0.930742843049,1.77596625717,100.0,-0.31906800388,0.0878204001064,-0.053689327576,1.48412641228,0.34437868688,-0.0322135965456,0.0659611738791,100.0
11.454702,-1.31922347758,0.0594417555306,0.22664566141,-0.0506213660002,0.989417608186,0.930742843049,1.77634975237,100.0,-0.318684508683,0.0882038953034,-0.0525388419851,1.48450990748,0.343995191683,-0.0314466061517,0.0651941834851,100.0
11.464703,-1.31845648719,0.0602087459245,0.22664566141,-0.0517718515911,0.987883627398,0.930742843049,1.77634975237,100.0,-0.318684508683,0.0870534097125,-0.052922337182,1.48412641228,0.34437868688,-0.0318301013486,0.0651941834851,100.0
11.474701,-1.31960697278,0.0598252507275,0.22664566141,-0.0506213660002,0.987883627398,0.932276823837,1.77711674277,100.0,-0.318301013486,0.0870534097125,-0.053689327576,1.48412641228,0.344762182077,-0.0314466061517,0.0655776786821,100.0
11.484708,-1.31845648719,0.0598252507275,0.226262166213,-0.0506213660002,0.987116637004,0.931509833443,1.77865072355,100.0,-0.318684508683,0.0874369049095,-0.052922337182,1.48450990748,0.345145677274,-0.0322135965456,0.0651941834851,100.0
11.494709,-1.31883998238,0.0598252507275,0.226262166213,-0.0506213660002,0.987116637004,0.931509833443,1.77750023796,100.0,-0.317917518289,0.0878204001064,-0.053305832379,1.48450990748,0.34437868688,-0.0322135965456,0.0655776786821,100.0
11.504707,-1.31922347758,0.0598252507275,0.22664566141,-0.0498543756063,0.985582656216,0.931509833443,1.77903421875,100.0,-0.318301013486,0.0874369049095,-0.052922337182,1.48489340267,0.344762182077,-0.0314466061517,0.0651941834851,100.0
11.514704,-1.31883998238,0.0598252507275,0.22664566141,-0.0510048611972,0.984432170625,0.931509833443,1.77865072355,100.0,-0.318684508683,0.0870534097125,-0.0525388419851,1.48450990748,0.344762182077,-0.0314466061517,0.0648106882882,100.0
11.524705,-1.31883998238,0.0602087459245,0.22664566141,-0.0502378708032,0.984048675428,0.932276823837,1.78095169473,100.0,-0.318684508683,0.0874369049095,-0.0525388419851,1.48489340267,0.343995191683,-0.0314466061517,0.0655776786821,100.0
11.534702,-1.31845648719,0.0598252507275,0.227029156607,-0.0506213660002,0.982898189838,0.932660319034,1.78056819954,100.0,-0.317917518289,0.0882038953034,-0.053689327576,1.48450990748,0.34437868688,-0.0314466061517,0.0659611738791,100.0
11.544702,-1.31883998238,0.0598252507275,0.226262166213,-0.0502378708032,0.982131199444,0.933043814231,1.78056819954,100.0,-0.31906800388,0.0885873905004,-0.052922337182,1.48450990748,0.34437868688,-0.0318301013486,0.0655776786821,100.0
11.554702,-1.31922347758,0.0598252507275,0.22664566141,-0.0502378708032,0.98136420905,0.933427309428,1.78210218033,100.0,-0.317917518289,0.0878204001064,-0.052922337182,1.48412641228,0.34437868688,-0.0314466061517,0.0659611738791,100.0
11.564702,-1.31845648719,0.0605922411215,0.226262166213,-0.0502378708032,0.980980713853,0.933427309428,1.78286917072,100.0,-0.317534023092,0.0885873905004,-0.052922337182,1.48374291708,0.344762182077,-0.0322135965456,0.0655776786821,100.0
11.574700,-1.31807299199,0.0602087459245,0.225878671016,-0.0510048611972,0.979446733065,0.933810804625,1.78286917072,100.0,-0.317534023092,0.0882038953034,-0.052922337182,1.48374291708,0.343995191683,-0.0318301013486,0.0651941834851,100.0
11.584702,-1.31883998238,0.0605922411215,0.226262166213,-0.0506213660002,0.979830228262,0.933810804625,1.78401965631,100.0,-0.317917518289,0.0866699145155,-0.052922337182,1.48374291708,0.344762182077,-0.0318301013486,0.066344669076,100.0
11.594700,-1.31960697278,0.0598252507275,0.22664566141,-0.0517718515911,0.979063237868,0.933810804625,1.78363616111,100.0,-0.317917518289,0.0862864193186,-0.052922337182,1.48412641228,0.343995191683,-0.0318301013486,0.0655776786821,100.0
11.604700,-1.31845648719,0.0602087459245,0.22664566141,-0.0498543756063,0.977145761883,0.933427309428,1.7851701419,100.0,-0.317917518289,0.0862864193186,-0.052922337182,1.48374291708,0.343995191683,-0.0322135965456,0.066344669076,100.0
11.614701,-1.31922347758,0.0598252507275,0.226262166213,-0.0502378708032,0.976378771489,0.933810804625,1.7847866467,100.0,-0.318301013486,0.0878204001064,-0.054072822773,1.48566039307,0.34437868688,-0.0310631109547,0.0648106882882,100.0
11.624703,-1.31883998238,0.0602087459245,0.227029156607,-0.0502378708032,0.974844790701,0.933810804625,1.7859371323,100.0,-0.318301013486,0.0874369049095,-0.0521553467881,1.48566039307,0.34437868688,-0.0318301013486,0.0655776786821,100.0
11.634709,-1.31845648719,0.0598252507275,0.227029156607,-0.0506213660002,0.974461295504,0.933810804625,1.78632062749,100.0,-0.317917518289,0.0870534097125,-0.0525388419851,1.48412641228,0.34437868688,-0.0318301013486,0.0655776786821,100.0
11.644709,-1.31845648719,0.0598252507275,0.226262166213,-0.0513883563942,0.972543819519,0.933810804625,1.78670412269,100.0,-0.318301013486,0.0882038953034,-0.052922337182,1.48450990748,0.343995191683,-0.0318301013486,0.0651941834851,100.0
11.654703,-1.31807299199,0.0598252507275,0.226262166213,-0.0506213660002,0.971393333928,0.933810804625,1.78708761789,100.0,-0.317917518289,0.0874369049095,-0.052922337182,1.48412641228,0.344762182077,-0.0318301013486,0.066344669076,100.0
11.664704,-1.31807299199,0.0598252507275,0.226262166213,-0.0506213660002,0.970242848338,0.934194299822,1.7855536371,100.0,-0.318684508683,0.0874369049095,-0.053305832379,1.48412641228,0.345145677274,-0.0310631109547,0.0659611738791,100.0
11.674702,-1.31922347758,0.0602087459245,0.226262166213,-0.0506213660002,0.96870886755,0.933810804625,1.78632062749,100.0,-0.317917518289,0.0862864193186,-0.0525388419851,1.48374291708,0.344762182077,-0.0322135965456,0.0655776786821,100.0
11.684706,-1.31768949679,0.0594417555306,0.226262166213,-0.0498543756063,0.966791391565,0.933427309428,1.7859371323,100.0,-0.317917518289,0.0870534097125,-0.0525388419851,1.48527689787,0.343995191683,-0.0318301013486,0.0655776786821,100.0
11.694703,-1.31807299199,0.0590582603336,0.22664566141,-0.0502378708032,0.966024401171,0.933043814231,1.7859371323,100.0,-0.318301013486,0.0870534097125,-0.0525388419851,1.48412641228,0.344762182077,-0.0322135965456,0.0651941834851,100.0
11.704701,-1.31845648719,0.0598252507275,0.226262166213,-0.0502378708032,0.965257410777,0.933427309428,1.78670412269,100.0,-0.318301013486,0.0878204001064,-0.052922337182,1.48412641228,0.34437868688,-0.0314466061517,0.0659611738791,100.0
11.714700,-1.31807299199,0.0598252507275,0.226262166213,-0.0513883563942,0.963339934792,0.933427309428,1.78632062749,100.0,-0.317917518289,0.0878204001064,-0.052922337182,1.48450990748,0.344762182077,-0.0314466061517,0.0655776786821,100.0
11.724703,-1.31807299199,0.0598252507275,0.226262166213,-0.0510048611972,0.962572944398,0.933043814231,1.78670412269,100.0,-0.317917518289,0.0870534097125,-0.0521553467881,1.48412641228,0.343995191683,-0.0318301013486,0.0659611738791,100.0
11.734703,-1.3173060016,0.0598252507275,0.226262166213,-0.0502378708032,0.96103896361,0.933427309428,1.78632062749,100.0,-0.317917518289,0.0870534097125,-0.053689327576,1.48374291708,0.34437868688,-0.0310631109547,0.0659611738791,100.0
11.744700,-1.31883998238,0.0598252507275,0.226262166213,-0.0510048611972,0.960271973216,0.933810804625,1.78670412269,100.0,-0.317917518289,0.0866699145155,-0.053305832379,1.48450990748,0.344762182077,-0.0318301013486,0.0655776786821,100.0
11.754712,-1.31807299199,0.0598252507275,0.225878671016,-0.0502378708032,0.959504982822,0.933810804625,1.78862159867,100.0,-0.317534023092,0.0874369049095,-0.052922337182,1.48412641228,0.343611696486,-0.0314466061517,0.0651941834851,100.0
11.764705,-1.3173060016,0.0594417555306,0.225495175819,-0.0506213660002,0.957587506837,0.933427309428,1.78670412269,100.0,-0.318301013486,0.0866699145155,-0.0525388419851,1.48450990748,0.343995191683,-0.0329805869395,0.066344669076,100.0
11.774703,-1.31807299199,0.0598252507275,0.226262166213,-0.0510048611972,0.95720401164,0.933043814231,1.78708761789,100.0,-0.317917518289,0.0882038953034,-0.0525388419851,1.48489340267,0.343995191683,-0.0322135965456,0.0655776786821,100.0
11.784701,-1.31768949679,0.0594417555306,0.225495175819,-0.0498543756063,0.95605352605,0.933810804625,1.78747111308,100.0,-0.318684508683,0.0862864193186,-0.052922337182,1.48489340267,0.343995191683,-0.0314466061517,0.0655776786821,100.0
11.794700,-1.31845648719,0.0602087459245,0.227029156607,-0.0513883563942,0.954903040459,0.933043814231,1.78785460828,100.0,-0.317534023092,0.0885873905004,-0.052922337182,1.48527689787,0.343995191683,-0.0314466061517,0.0659611738791,100.0
11.804702,-1.31768949679,0.0602087459245,0.225878671016,-0.0498543756063,0.954136050065,0.933810804625,1.78823810348,100.0,-0.317534023092,0.0878204001064,-0.053305832379,1.48412641228,0.343228201289,-0.0318301013486,0.0651941834851,100.0
11.814701,-1.31883998238,0.0590582603336,0.225878671016,-0.0506213660002,0.953752554868,0.933427309428,1.78977208427,100.0,-0.317917518289,0.0874369049095,-0.052922337182,1.48374291708,0.343995191683,-0.0318301013486,0.0659611738791,100.0
11.824700,-1.31768949679,0.0594417555306,0.226262166213,-0.0494708804093,0.952602069277,0.933043814231,1.79015557946,100.0,-0.318301013486,0.0878204001064,-0.052922337182,1.48450990748,0.34437868688,-0.0325970917426,0.0655776786821,100.0
11.834703,-1.31807299199,0.0598252507275,0.225878671016,-0.0506213660002,0.951068088489,0.933810804625,1.79130606505,100.0,-0.318301013486,0.0874369049095,-0.053305832379,1.48374291708,0.343995191683,-0.0310631109547,0.0655776786821,100.0
11.844700,-1.31768949679,0.0602087459245,0.225878671016,-0.0502378708032,0.949150612504,0.933043814231,1.79475752183,100.0,-0.318301013486,0.0874369049095,-0.053689327576,1.48489340267,0.343995191683,-0.0318301013486,0.0651941834851,100.0
11.854701,-1.31768949679,0.0598252507275,0.226262166213,-0.0502378708032,0.948000126913,0.932660319034,1.79705849301,100.0,-0.317150527895,0.0874369049095,-0.0521553467881,1.48412641228,0.344762182077,-0.0318301013486,0.0659611738791,100.0
11.864703,-1.3169225064,0.0602087459245,0.225495175819,-0.0510048611972,0.946466146125,0.932660319034,1.7985924738,100.0,-0.318301013486,0.0874369049095,-0.053689327576,1.48412641228,0.343995191683,-0.0310631109547,0.0648106882882,100.0
11.874704,-1.31768949679,0.0590582603336,0.225878671016,-0.0506213660002,0.945315660534,0.933427309428,1.80012645458,100.0,-0.318684508683,0.0874369049095,-0.052922337182,1.48412641228,0.343995191683,-0.0322135965456,0.0651941834851,100.0
11.884700,-1.3173060016,0.0594417555306,0.225878671016,-0.0506213660002,0.94339818455,0.933810804625,1.80166043537,100.0,-0.318301013486,0.0874369049095,-0.053305832379,1.48527689787,0.343611696486,-0.0318301013486,0.0655776786821,100.0
11.894704,-1.3165390112,0.0590582603336,0.225878671016,-0.0506213660002,0.941480708565,0.933810804625,1.80357791136,100.0,-0.318301013486,0.0862864193186,-0.053689327576,1.48489340267,0.34437868688,-0.0318301013486,0.066344669076,100.0
11.904703,-1.31768949679,0.0594417555306,0.225495175819,-0.0498543756063,0.93956323258,0.933427309428,1.80741286333,100.0,-0.317917518289,0.0870534097125,-0.053689327576,1.48412641228,0.343995191683,-0.0310631109547,0.0655776786821,100.0
11.914702,-1.3165390112,0.0602087459245,0.225111680622,-0.0502378708032,0.938412746989,0.933043814231,1.80933033931,100.0,-0.318684508683,0.0874369049095,-0.052922337182,1.48374291708,0.343995191683,-0.0318301013486,0.0651941834851,100.0
11.924702,-1.3165390112,0.0598252507275,0.225878671016,-0.0502378708032,0.937645756595,0.933427309428,1.8108643201,100.0,-0.318301013486,0.0878204001064,-0.052922337182,1.48527689787,0.344762182077,-0.0322135965456,0.066344669076,100.0
11.934703,-1.31615551601,0.0594417555306,0.225878671016,-0.0517718515911,0.935344785413,0.933427309428,1.81278179608,100.0,-0.31906800388,0.0878204001064,-0.053305832379,1.48489340267,0.344762182077,-0.0314466061517,0.0659611738791,100.0
11.944713,-1.31615551601,0.0602087459245,0.225495175819,-0.0502378708032,0.932276823837,0.933810804625,1.81431577687,100.0,-0.31906800388,0.0882038953034,-0.053305832379,1.48335942189,0.344762182077,-0.0318301013486,0.0651941834851,100.0
11.954710,-1.3165390112,0.0594417555306,0.226262166213,-0.0506213660002,0.931509833443,0.933810804625,1.81700024325,100.0,-0.318301013486,0.0878204001064,-0.053305832379,1.48489340267,0.34437868688,-0.0325970917426,0.0659611738791,100.0
11.964708,-1.31615551601,0.0602087459245,0.225495175819,-0.0513883563942,0.929975852656,0.933427309428,1.81930121443,100.0,-0.317534023092,0.0878204001064,-0.0525388419851,1.48489340267,0.344762182077,-0.0322135965456,0.066344669076,100.0
11.974704,-1.31462153522,0.0598252507275,0.225878671016,-0.0510048611972,0.928441871868,0.933810804625,1.82045170002,100.0,-0.318301013486,0.0874369049095,-0.052922337182,1.48489340267,0.343995191683,-0.0314466061517,0.0651941834851,100.0
11.984704,-1.31462153522,0.0598252507275,0.225495175819,-0.0506213660002,0.92690789108,0.933427309428,1.82083519522,100.0,-0.317917518289,0.0882038953034,-0.052922337182,1.48450990748,0.34437868688,-0.0318301013486,0.0651941834851,100.0
11.994702,-1.31462153522,0.0598252507275,0.225495175819,-0.0510048611972,0.927291386277,0.933043814231,1.82236917601,100.0,-0.318301013486,0.0874369049095,-0.053305832379,1.48527689787,0.34437868688,-0.0314466061517,0.0659611738791,100.0
12.004703,-1.31462153522,0.0598252507275,0.225495175819,-0.0517718515911,0.925373910292,0.933043814231,1.8227526712,100.0,-0.318301013486,0.0874369049095,-0.0525388419851,1.48489340267,0.34437868688,-0.0314466061517,0.0655776786821,100.0
12.014701,-1.31423804002,0.0590582603336,0.225111680622,-0.0502378708032,0.924990415095,0.933043814231,1.8231361664,100.0,-0.318684508683,0.0866699145155,-0.052922337182,1.48450990748,0.343611696486,-0.0318301013486,0.0659611738791,100.0
12.024704,-1.31347104963,0.0594417555306,0.225878671016,-0.0510048611972,0.923839929504,0.932660319034,1.82428665199,100.0,-0.318301013486,0.0862864193186,-0.053689327576,1.48489340267,0.34437868688,-0.0314466061517,0.0655776786821,100.0
12.034699,-1.31308755443,0.0598252507275,0.225111680622,-0.0506213660002,0.923456434307,0.933427309428,1.82467014719,100.0,-0.318684508683,0.0866699145155,-0.0525388419851,1.48412641228,0.343995191683,-0.0318301013486,0.0659611738791,100.0
12.044702,-1.31270405923,0.0598252507275,0.225495175819,-0.0510048611972,0.924223424701,0.933043814231,1.8239031568,100.0,-0.31906800388,0.0882038953034,-0.0521553467881,1.48412641228,0.34437868688,-0.0325970917426,0.0651941834851,100.0
12.054701,-1.31270405923,0.0598252507275,0.224728185425,-0.0513883563942,0.923456434307,0.933043814231,1.82467014719,100.0,-0.317150527895,0.0878204001064,-0.052922337182,1.48450990748,0.343995191683,-0.0322135965456,0.0655776786821,100.0
12.064707,-1.31232056404,0.0598252507275,0.225111680622,-0.0498543756063,0.92307293911,0.932660319034,1.82467014719,100.0,-0.318301013486,0.0878204001064,-0.052922337182,1.48412641228,0.34437868688,-0.0314466061517,0.0655776786821,100.0
12.074701,-1.31155357364,0.0594417555306,0.224728185425,-0.0513883563942,0.924223424701,0.93189332864,1.82467014719,100.0,-0.317534023092,0.0874369049095,-0.0525388419851,1.48489340267,0.343995191683,-0.0322135965456,0.066728164273,100.0
12.084702,-1.31155357364,0.0598252507275,0.224728185425,-0.0513883563942,0.92307293911,0.931126338246,1.82428665199,100.0,-0.318301013486,0.0878204001064,-0.052922337182,1.48412641228,0.34437868688,-0.0318301013486,0.0651941834851,100.0
12.094701,-1.31078658325,0.0598252507275,0.224344690228,-0.0502378708032,0.923839929504,0.930742843049,1.82428665199,100.0,-0.317917518289,0.0878204001064,-0.0521553467881,1.48489340267,0.343995191683,-0.0318301013486,0.0655776786821,100.0
12.104705,-1.31117007845,0.0602087459245,0.224728185425,-0.0506213660002,0.924223424701,0.929975852656,1.82467014719,100.0,-0.318684508683,0.0882038953034,-0.0525388419851,1.48450990748,0.343995191683,-0.0314466061517,0.0651941834851,100.0
12.114704,-1.31078658325,0.0602087459245,0.223961195031,-0.0506213660002,0.923456434307,0.928825367065,1.82467014719,100.0,-0.318301013486,0.0882038953034,-0.054072822773,1.48450990748,0.34437868688,-0.0322135965456,0.0651941834851,100.0
12.124704,-1.31040308805,0.0590582603336,0.224344690228,-0.0513883563942,0.922689443913,0.928058376671,1.82428665199,100.0,-0.318301013486,0.0878204001064,-0.052922337182,1.48412641228,0.343611696486,-0.0314466061517,0.0659611738791,100.0
12.134702,-1.31001959285,0.0602087459245,0.223961195031,-0.0498543756063,0.922689443913,0.927291386277,1.82467014719,100.0,-0.318684508683,0.0870534097125,-0.0525388419851,1.48527689787,0.34437868688,-0.0322135965456,0.0655776786821,100.0
12.144701,-1.31001959285,0.0609757363184,0.224344690228,-0.0506213660002,0.922689443913,0.926524395883,1.82467014719,100.0,-0.317534023092,0.0874369049095,-0.0525388419851,1.48374291708,0.34437868688,-0.0318301013486,0.0659611738791,100.0
12.154702,-1.30963609766,0.0602087459245,0.224344690228,-0.0513883563942,0.922689443913,0.924223424701,1.8235196616,100.0,-0.318301013486,0.0878204001064,-0.052922337182,1.48412641228,0.34437868688,-0.0322135965456,0.0651941834851,100.0
12.164703,-1.30925260246,0.0605922411215,0.224728185425,-0.0510048611972,0.921538958322,0.922689443913,1.82467014719,100.0,-0.318301013486,0.0878204001064,-0.0525388419851,1.48412641228,0.344762182077,-0.0314466061517,0.0655776786821,100.0
12.174701,-1.30886910726,0.0602087459245,0.224728185425,-0.0498543756063,0.921155463125,0.922305948716,1.82467014719,100.0,-0.317150527895,0.0870534097125,-0.053689327576,1.48489340267,0.343995191683,-0.0322135965456,0.066344669076,100.0
12.184704,-1.30886910726,0.0598252507275,0.223961195031,-0.0506213660002,0.920004977534,0.920388472731,1.82467014719,100.0,-0.317917518289,0.0878204001064,-0.0525388419851,1.48412641228,0.343995191683,-0.0322135965456,0.0651941834851,100.0
12.194700,-1.30810211687,0.0605922411215,0.224344690228,-0.0506213660002,0.919621482337,0.918854491943,1.82428665199,100.0,-0.317917518289,0.0878204001064,-0.0517718515911,1.48412641228,0.344762182077,-0.0318301013486,0.0659611738791,100.0
12.204703,-1.30733512648,0.0598252507275,0.223577699834,-0.0506213660002,0.917320511155,0.917704006352,1.82505364239,100.0,-0.317917518289,0.0878204001064,-0.053689327576,1.48450990748,0.345145677274,-0.0322135965456,0.0655776786821,100.0
12.214701,-1.30733512648,0.0594417555306,0.224344690228,-0.0502378708032,0.916937015959,0.916170025565,1.82505364239,100.0,-0.317917518289,0.0866699145155,-0.052922337182,1.48489340267,0.343611696486,-0.0322135965456,0.0659611738791,100.0
12.224705,-1.30733512648,0.0598252507275,0.223961195031,-0.0521553467881,0.915786530368,0.915019539974,1.82467014719,100.0,-0.317534023092,0.0874369049095,-0.053305832379,1.48566039307,0.344762182077,-0.0310631109547,0.0655776786821,100.0
12.234702,-1.30810211687,0.0605922411215,0.223961195031,-0.0502378708032,0.913869054383,0.913869054383,1.82505364239,100.0,-0.318301013486,0.0878204001064,-0.0525388419851,1.48412641228,0.343611696486,-0.0318301013486,0.0659611738791,100.0
12.244704,-1.30771862167,0.0598252507275,0.224344690228,-0.0506213660002,0.913102063989,0.912718568792,1.82467014719,100.0,-0.318684508683,0.0870534097125,-0.053689327576,1.48489340267,0.344762182077,-0.0318301013486,0.0648106882882,100.0
12.254704,-1.30695163128,0.0605922411215,0.224728185425,-0.0506213660002,0.911568083201,0.911951578398,1.82467014719,100.0,-0.317917518289,0.0870534097125,-0.052922337182,1.48412641228,0.344762182077,-0.0318301013486,0.0655776786821,100.0
12.264703,-1.30618464088,0.0598252507275,0.225111680622,-0.0510048611972,0.910801092807,0.909650607216,1.82505364239,100.0,-0.318684508683,0.0874369049095,-0.052922337182,1.48412641228,0.345145677274,-0.0314466061517,0.0659611738791,100.0
12.274720,-1.30656813608,0.0605922411215,0.224344690228,-0.0506213660002,0.909267112019,0.909650607216,1.82467014719,100.0,-0.318301013486,0.0866699145155,-0.0525388419851,1.48527689787,0.344762182077,-0.0314466061517,0.0648106882882,100.0
12.284729,-1.30580114569,0.0605922411215,0.224344690228,-0.0502378708032,0.908883616822,0.909267112019,1.82467014719,100.0,-0.319451499077,0.0870534097125,-0.052922337182,1.48489340267,0.34437868688,-0.0322135965456,0.0651941834851,100.0
12.294708,-1.30618464088,0.0602087459245,0.224344690228,-0.0502378708032,0.908500121625,0.908116626428,1.82467014719,100.0,-0.318301013486,0.0870534097125,-0.0525388419851,1.48527689787,0.344762182077,-0.0310631109547,0.0651941834851,100.0
12.304719,-1.30580114569,0.0602087459245,0.224344690228,-0.0502378708032,0.907349636034,0.908116626428,1.82582063278,100.0,-0.317917518289,0.0874369049095,-0.0525388419851,1.48412641228,0.343995191683,-0.0314466061517,0.0659611738791,100.0
12.314708,-1.30580114569,0.0598252507275,0.224344690228,-0.0502378708032,0.906966140837,0.907349636034,1.82467014719,100.0,-0.318301013486,0.0870534097125,-0.053305832379,1.48412641228,0.344762182077,-0.0318301013486,0.0655776786821,100.0
12.324708,-1.30541765049,0.0598252507275,0.224344690228,-0.0513883563942,0.906966140837,0.908116626428,1.82582063278,100.0,-0.317917518289,0.0878204001064,-0.052922337182,1.48450990748,0.34437868688,-0.0314466061517,0.0648106882882,100.0
12.334701,-1.30541765049,0.0590582603336,0.224344690228,-0.0513883563942,0.906966140837,0.908116626428,1.82467014719,100.0,-0.318301013486,0.0874369049095,-0.053689327576,1.48412641228,0.344762182077,-0.0322135965456,0.066344669076,100.0
12.344726,-1.30503415529,0.0586747651366,0.224728185425,-0.0506213660002,0.906966140837,0.906966140837,1.82505364239,100.0,-0.318301013486,0.0870534097125,-0.053305832379,1.48450990748,0.343995191683,-0.0325970917426,0.066344669076,100.0
12.354734,-1.30580114569,0.0586747651366,0.224344690228,-0.0506213660002,0.907349636034,0.908116626428,1.82543713758,100.0,-0.318684508683,0.0870534097125,-0.053689327576,1.48374291708,0.343995191683,-0.0314466061517,0.0648106882882,100.0
12.364731,-1.30503415529,0.0594417555306,0.224728185425,-0.0506213660002,0.906966140837,0.908116626428,1.82467014719,100.0,-0.318301013486,0.0866699145155,-0.052922337182,1.48450990748,0.344762182077,-0.0325970917426,0.0655776786821,100.0
12.374732,-1.30503415529,0.0582912699396,0.223961195031,-0.0510048611972,0.906966140837,0.908500121625,1.82582063278,100.0,-0.317917518289,0.0874369049095,-0.052922337182,1.48527689787,0.343995191683,-0.0318301013486,0.0651941834851,100.0
12.384728,-1.30580114569,0.0586747651366,0.225111680622,-0.0502378708032,0.90658264564,0.908883616822,1.82543713758,100.0,-0.31906800388,0.0878204001064,-0.053305832379,1.48489340267,0.343995191683,-0.0322135965456,0.066344669076,100.0
12.394723,-1.3046506601,0.0594417555306,0.224344690228,-0.0513883563942,0.90658264564,0.909267112019,1.82582063278,100.0,-0.318301013486,0.0882038953034,-0.0525388419851,1.48412641228,0.343611696486,-0.0314466061517,0.066728164273,100.0
12.404714,-1.3038836697,0.0590582603336,0.224344690228,-0.0506213660002,0.906966140837,0.909650607216,1.82467014719,100.0,-0.318301013486,0.0874369049095,-0.052922337182,1.48489340267,0.34437868688,-0.0318301013486,0.0659611738791,100.0
12.414710,-1.3038836697,0.0590582603336,0.224728185425,-0.0506213660002,0.906966140837,0.909650607216,1.82582063278,100.0,-0.318301013486,0.0866699145155,-0.052922337182,1.48374291708,0.343995191683,-0.0314466061517,0.0651941834851,100.0
12.424708,-1.3042671649,0.0594417555306,0.224344690228,-0.0506213660002,0.906966140837,0.909650607216,1.82543713758,100.0,-0.318684508683,0.0878204001064,-0.052922337182,1.48450990748,0.34437868688,-0.0318301013486,0.0655776786821,100.0
12.434702,-1.3042671649,0.0590582603336,0.224344690228,-0.0506213660002,0.90658264564,0.91041759761,1.82543713758,100.0,-0.318684508683,0.0862864193186,-0.052922337182,1.48450990748,0.345145677274,-0.0322135965456,0.0651941834851,100.0
12.444730,-1.30503415529,0.0586747651366,0.224344690228,-0.0510048611972,0.907733131231,0.910034102413,1.82582063278,100.0,-0.318684508683,0.0878204001064,-0.053689327576,1.48412641228,0.34437868688,-0.0322135965456,0.0644271930912,100.0
12.454737,-1.3042671649,0.0586747651366,0.224344690228,-0.0510048611972,0.907349636034,0.91041759761,1.82582063278,100.0,-0.318301013486,0.0870534097125,-0.052922337182,1.48450990748,0.34437868688,-0.0322135965456,0.0655776786821,100.0
12.464732,-1.3046506601,0.0586747651366,0.223961195031,-0.0513883563942,0.907349636034,0.910801092807,1.82505364239,100.0,-0.317150527895,0.0878204001064,-0.053689327576,1.48335942189,0.344762182077,-0.0314466061517,0.066344669076,100.0
12.474710,-1.30350017451,0.0590582603336,0.223961195031,-0.0510048611972,0.906199150443,0.911568083201,1.82543713758,100.0,-0.317917518289,0.0874369049095,-0.053305832379,1.48489340267,0.34437868688,-0.0318301013486,0.0659611738791,100.0
12.484704,-1.3046506601,0.0586747651366,0.224344690228,-0.0502378708032,0.906966140837,0.91041759761,1.82543713758,100.0,-0.318684508683,0.0874369049095,-0.052922337182,1.48450990748,0.343995191683,-0.0318301013486,0.0659611738791,100.0
12.494701,-1.3038836697,0.0594417555306,0.224344690228,-0.0517718515911,0.905815655246,0.909650607216,1.82582063278,100.0,-0.317917518289,0.0870534097125,-0.053305832379,1.48374291708,0.34437868688,-0.0322135965456,0.0655776786821,100.0
12.504704,-1.3038836697,0.0590582603336,0.224728185425,-0.0513883563942,0.90658264564,0.910034102413,1.82620412798,100.0,-0.317917518289,0.0874369049095,-0.053305832379,1.48527689787,0.34437868688,-0.0325970917426,0.0648106882882,100.0
12.514702,-1.3038836697,0.0594417555306,0.224344690228,-0.0498543756063,0.906199150443,0.909650607216,1.82658762317,100.0,-0.317917518289,0.0874369049095,-0.0521553467881,1.48450990748,0.343995191683,-0.0314466061517,0.0659611738791,100.0
12.524703,-1.3046506601,0.0598252507275,0.224344690228,-0.0513883563942,0.906199150443,0.909267112019,1.82658762317,100.0,-0.317917518289,0.0866699145155,-0.053305832379,1.48527689787,0.34437868688,-0.0322135965456,0.0651941834851,100.0
12.534704,-1.3038836697,0.0594417555306,0.224728185425,-0.0510048611972,0.905815655246,0.910034102413,1.82735461357,100.0,-0.318301013486,0.0878204001064,-0.053689327576,1.48450990748,0.34437868688,-0.0314466061517,0.066344669076,100.0
12.544720,-1.3042671649,0.0598252507275,0.224344690228,-0.0506213660002,0.906199150443,0.910034102413,1.82850509916,100.0,-0.317917518289,0.0878204001064,-0.0525388419851,1.48489340267,0.34437868688,-0.0314466061517,0.0648106882882,100.0
12.554726,-1.30350017451,0.0590582603336,0.224344690228,-0.0517718515911,0.906199150443,0.91041759761,1.82888859436,100.0,-0.318684508683,0.0878204001064,-0.0521553467881,1.48489340267,0.344762182077,-0.0318301013486,0.066728164273,100.0
12.564727,-1.3038836697,0.0598252507275,0.224344690228,-0.0506213660002,0.907349636034,0.909650607216,1.83080607034,100.0,-0.31906800388,0.0874369049095,-0.054072822773,1.48450990748,0.34437868688,-0.0322135965456,0.0655776786821,100.0
12.574728,-1.3038836697,0.0594417555306,0.224344690228,-0.0510048611972,0.905815655246,0.910034102413,1.83195655593,100.0,-0.318684508683,0.0866699145155,-0.053305832379,1.48450990748,0.34437868688,-0.0322135965456,0.0659611738791,100.0
12.584732,-1.3042671649,0.0594417555306,0.224344690228,-0.0502378708032,0.905815655246,0.91041759761,1.83272354633,100.0,-0.317917518289,0.0870534097125,-0.052922337182,1.48450990748,0.34437868688,-0.0314466061517,0.0644271930912,100.0
12.594792,-1.30350017451,0.0590582603336,0.224344690228,-0.0517718515911,0.905815655246,0.910801092807,1.83425752711,100.0,-0.31906800388,0.0870534097125,-0.052922337182,1.48527689787,0.343995191683,-0.0314466061517,0.0659611738791,100.0
12.604807,-1.30350017451,0.0590582603336,0.224344690228,-0.0517718515911,0.905815655246,0.910801092807,1.83425752711,100.0,-0.31906800388,0.0870534097125,-0.052922337182,1.48527689787,0.343995191683,-0.0314466061517,0.0659611738791,100.0
12.614802,-1.30311667931,0.0594417555306,0.224344690228,-0.0506213660002,0.906199150443,0.91041759761,1.83770898389,100.0,-0.318301013486,0.0870534097125,-0.053305832379,1.48450990748,0.343995191683,-0.0314466061517,0.0659611738791,100.0
12.624779,-1.3042671649,0.0590582603336,0.224344690228,-0.0510048611972,0.90658264564,0.91041759761,1.83809247908,100.0,-0.318301013486,0.0878204001064,-0.0525388419851,1.48450990748,0.344762182077,-0.0318301013486,0.0648106882882,100.0
12.634770,-1.3042671649,0.0594417555306,0.224344690228,-0.0510048611972,0.905815655246,0.91041759761,1.83847597428,100.0,-0.318684508683,0.0874369049095,-0.053305832379,1.48412641228,0.345145677274,-0.0318301013486,0.0648106882882,100.0
12.644739,-1.3042671649,0.0594417555306,0.224728185425,-0.0506213660002,0.904281674458,0.910034102413,1.83847597428,100.0,-0.318684508683,0.0882038953034,-0.054072822773,1.48374291708,0.34437868688,-0.0322135965456,0.0659611738791,100.0
12.654734,-1.3038836697,0.0590582603336,0.224728185425,-0.0506213660002,0.905432160049,0.909650607216,1.83885946948,100.0,-0.318301013486,0.0874369049095,-0.054072822773,1.48450990748,0.343611696486,-0.0325970917426,0.0651941834851,100.0
12.664734,-1.3046506601,0.0594417555306,0.224344690228,-0.0506213660002,0.904665169655,0.91041759761,1.83809247908,100.0,-0.317917518289,0.0874369049095,-0.052922337182,1.48489340267,0.344762182077,-0.0318301013486,0.0655776786821,100.0
12.674725,-1.30350017451,0.0586747651366,0.224344690228,-0.0506213660002,0.903514684065,0.910034102413,1.83924296467,100.0,-0.318684508683,0.0874369049095,-0.052922337182,1.48412641228,0.344762182077,-0.0318301013486,0.0659611738791,100.0
12.684729,-1.30350017451,0.0590582603336,0.224344690228,-0.0506213660002,0.904665169655,0.909650607216,1.83924296467,100.0,-0.318301013486,0.0874369049095,-0.052922337182,1.48412641228,0.34437868688,-0.0325970917426,0.0655776786821,100.0
12.694711,-1.3042671649,0.0586747651366,0.224344690228,-0.0506213660002,0.904665169655,0.908883616822,1.83809247908,100.0,-0.317917518289,0.0870534097125,-0.0521553467881,1.48450990748,0.344762182077,-0.0322135965456,0.066344669076,100.0
12.704704,-1.3046506601,0.0594417555306,0.224728185425,-0.0506213660002,0.903898179261,0.909650607216,1.83885946948,100.0,-0.318301013486,0.0882038953034,-0.0525388419851,1.48412641228,0.34437868688,-0.0322135965456,0.0655776786821,100.0
12.714705,-1.3042671649,0.0586747651366,0.224344690228,-0.0517718515911,0.904665169655,0.909650607216,1.84000995507,100.0,-0.317917518289,0.0874369049095,-0.052922337182,1.48450990748,0.343995191683,-0.0322135965456,0.0659611738791,100.0
12.724702,-1.3038836697,0.0586747651366,0.224728185425,-0.0506213660002,0.904281674458,0.91041759761,1.83924296467,100.0,-0.317917518289,0.0878204001064,-0.053305832379,1.48412641228,0.34437868688,-0.0322135965456,0.0655776786821,100.0
12.734700,-1.3042671649,0.0590582603336,0.224728185425,-0.0506213660002,0.904281674458,0.91041759761,1.83962645987,100.0,-0.317150527895,0.0874369049095,-0.052922337182,1.48450990748,0.34437868688,-0.0322135965456,0.0651941834851,100.0
12.744702,-1.3042671649,0.0586747651366,0.225111680622,-0.0513883563942,0.905048664852,0.910034102413,1.83962645987,100.0,-0.318301013486,0.0878204001064,-0.052922337182,1.48412641228,0.34437868688,-0.0318301013486,0.0659611738791,100.0
12.754704,-1.3042671649,0.0590582603336,0.225111680622,-0.0502378708032,0.904281674458,0.91041759761,1.83962645987,100.0,-0.317917518289,0.0874369049095,-0.0521553467881,1.48412641228,0.34437868688,-0.0318301013486,0.0655776786821,100.0
12.764707,-1.30541765049,0.0586747651366,0.225111680622,-0.0513883563942,0.904281674458,0.910801092807,1.83924296467,100.0,-0.317917518289,0.0870534097125,-0.052922337182,1.48489340267,0.34437868688,-0.0325970917426,0.066344669076,100.0
12.774722,-1.3046506601,0.0582912699396,0.225111680622,-0.0513883563942,0.905048664852,0.91041759761,1.83847597428,100.0,-0.317150527895,0.0866699145155,-0.053305832379,1.48450990748,0.343995191683,-0.0325970917426,0.0659611738791,100.0
12.784708,-1.3046506601,0.0582912699396,0.225495175819,-0.0513883563942,0.905048664852,0.91041759761,1.84000995507,100.0,-0.318301013486,0.0870534097125,-0.052922337182,1.48489340267,0.343995191683,-0.0314466061517,0.0651941834851,100.0
12.794704,-1.30503415529,0.0579077747427,0.225111680622,-0.0513883563942,0.904281674458,0.911951578398,1.83847597428,100.0,-0.318301013486,0.0874369049095,-0.052922337182,1.48412641228,0.34437868688,-0.0318301013486,0.0655776786821,100.0
12.804720,-1.3042671649,0.0586747651366,0.225111680622,-0.0494708804093,0.903898179261,0.911951578398,1.83962645987,100.0,-0.318301013486,0.0870534097125,-0.052922337182,1.48450990748,0.343995191683,-0.0318301013486,0.0655776786821,100.0
12.814725,-1.30503415529,0.0582912699396,0.225495175819,-0.0513883563942,0.904665169655,0.911951578398,1.83847597428,100.0,-0.318301013486,0.0878204001064,-0.052922337182,1.48450990748,0.34437868688,-0.0322135965456,0.0651941834851,100.0
12.824727,-1.30503415529,0.0582912699396,0.225495175819,-0.052922337182,0.904665169655,0.911951578398,1.83885946948,100.0,-0.318301013486,0.0874369049095,-0.0525388419851,1.48412641228,0.343995191683,-0.0318301013486,0.0651941834851,100.0
12.834741,-1.3042671649,0.0582912699396,0.225878671016,-0.0513883563942,0.904281674458,0.912335073595,1.84039345027,100.0,-0.31906800388,0.0870534097125,-0.053305832379,1.48566039307,0.343995191683,-0.0314466061517,0.066344669076,100.0
12.844745,-1.3046506601,0.0571407843487,0.226262166213,-0.0510048611972,0.904281674458,0.911568083201,1.83885946948,100.0,-0.317534023092,0.0874369049095,-0.0521553467881,1.48450990748,0.344762182077,-0.0318301013486,0.0651941834851,100.0
12.854735,-1.30541765049,0.0571407843487,0.225878671016,-0.0513883563942,0.904665169655,0.911951578398,1.83962645987,100.0,-0.318301013486,0.0878204001064,-0.053305832379,1.48412641228,0.34437868688,-0.0318301013486,0.066344669076,100.0
12.864735,-1.30541765049,0.0582912699396,0.225495175819,-0.0506213660002,0.905432160049,0.911951578398,1.83924296467,100.0,-0.317917518289,0.0882038953034,-0.0521553467881,1.48527689787,0.344762182077,-0.0322135965456,0.0651941834851,100.0
12.874711,-1.30541765049,0.0571407843487,0.225878671016,-0.0502378708032,0.904665169655,0.911951578398,1.83924296467,100.0,-0.31906800388,0.0874369049095,-0.0525388419851,1.48450990748,0.34437868688,-0.0318301013486,0.0659611738791,100.0
12.884704,-1.30503415529,0.0579077747427,0.225878671016,-0.0521553467881,0.904665169655,0.911951578398,1.83924296467,100.0,-0.317917518289,0.0878204001064,-0.0525388419851,1.48527689787,0.34437868688,-0.0318301013486,0.0648106882882,100.0
12.894702,-1.3046506601,0.0571407843487,0.225878671016,-0.0502378708032,0.904665169655,0.911951578398,1.84000995507,100.0,-0.318301013486,0.0878204001064,-0.053305832379,1.48450990748,0.343995191683,-0.0318301013486,0.0651941834851,100.0
12.904704,-1.3046506601,0.0571407843487,0.225878671016,-0.0506213660002,0.905048664852,0.911951578398,1.83924296467,100.0,-0.318684508683,0.0878204001064,-0.0525388419851,1.48450990748,0.34437868688,-0.0318301013486,0.0644271930912,100.0
12.914704,-1.3046506601,0.0571407843487,0.22664566141,-0.0510048611972,0.904281674458,0.911951578398,1.84000995507,100.0,-0.318684508683,0.0878204001064,-0.053689327576,1.48566039307,0.34437868688,-0.0322135965456,0.0659611738791,100.0
12.924700,-1.3042671649,0.0571407843487,0.22664566141,-0.0513883563942,0.904665169655,0.911568083201,1.84000995507,100.0,-0.317534023092,0.0882038953034,-0.0521553467881,1.48412641228,0.34437868688,-0.0322135965456,0.0659611738791,100.0
12.934701,-1.30350017451,0.0567572891518,0.225495175819,-0.0510048611972,0.905048664852,0.911568083201,1.83847597428,100.0,-0.318684508683,0.0874369049095,-0.0525388419851,1.48527689787,0.34437868688,-0.0318301013486,0.0651941834851,100.0
12.944718,-1.30580114569,0.0563737939548,0.225495175819,-0.0506213660002,0.904665169655,0.910801092807,1.83962645987,100.0,-0.318301013486,0.0874369049095,-0.052922337182,1.48527689787,0.34437868688,-0.0318301013486,0.0655776786821,100.0
12.954738,-1.3042671649,0.0556068035608,0.226262166213,-0.0510048611972,0.904665169655,0.911568083201,1.84000995507,100.0,-0.318301013486,0.0870534097125,-0.053305832379,1.48527689787,0.344762182077,-0.0314466061517,0.0655776786821,100.0
12.964722,-1.3038836697,0.0563737939548,0.225878671016,-0.0517718515911,0.904281674458,0.91041759761,1.84000995507,100.0,-0.318301013486,0.0874369049095,-0.053305832379,1.48450990748,0.34437868688,-0.0314466061517,0.0655776786821,100.0
12.974714,-1.3046506601,0.0559902987578,0.225878671016,-0.0506213660002,0.904665169655,0.911568083201,1.84000995507,100.0,-0.317917518289,0.0878204001064,-0.0525388419851,1.48489340267,0.343995191683,-0.0314466061517,0.0655776786821,100.0
12.984711,-1.30350017451,0.0559902987578,0.225495175819,-0.0510048611972,0.904281674458,0.912335073595,1.83962645987,100.0,-0.317917518289,0.0870534097125,-0.053305832379,1.48374291708,0.344762182077,-0.0322135965456,0.0659611738791,100.0
12.994708,-1.3046506601,0.0559902987578,0.226262166213,-0.0510048611972,0.905048664852,0.913102063989,1.83924296467,100.0,-0.317534023092,0.0870534097125,-0.0525388419851,1.48374291708,0.343995191683,-0.0314466061517,0.0659611738791,100.0
13.004715,-1.30503415529,0.0552233083639,0.225878671016,-0.0513883563942,0.905048664852,0.911951578398,1.83924296467,100.0,-0.318301013486,0.0882038953034,-0.052922337182,1.48489340267,0.34437868688,-0.0318301013486,0.0644271930912,100.0
13.014707,-1.3042671649,0.0559902987578,0.22664566141,-0.0506213660002,0.905432160049,0.912335073595,1.83847597428,100.0,-0.317917518289,0.0862864193186,-0.0525388419851,1.48450990748,0.34437868688,-0.0325970917426,0.0655776786821,100.0
13.024710,-1.3042671649,0.0548398131669,0.225878671016,-0.052922337182,0.905048664852,0.913102063989,1.83924296467,100.0,-0.318301013486,0.0878204001064,-0.053689327576,1.48412641228,0.34437868688,-0.0318301013486,0.0659611738791,100.0
13.034711,-1.30503415529,0.0552233083639,0.225878671016,-0.0517718515911,0.904281674458,0.912335073595,1.83962645987,100.0,-0.318301013486,0.0870534097125,-0.0521553467881,1.48374291708,0.34437868688,-0.0322135965456,0.0651941834851,100.0
13.044719,-1.30541765049,0.0548398131669,0.226262166213,-0.0525388419851,0.904665169655,0.912718568792,1.83924296467,100.0,-0.318301013486,0.0866699145155,-0.053689327576,1.48374291708,0.34437868688,-0.0325970917426,0.0659611738791,100.0
13.054722,-1.3042671649,0.0548398131669,0.225878671016,-0.0513883563942,0.904665169655,0.911568083201,1.84000995507,100.0,-0.317917518289,0.0870534097125,-0.052922337182,1.48527689787,0.34437868688,-0.0318301013486,0.0648106882882,100.0
13.064728,-1.3046506601,0.054072822773,0.225878671016,-0.0510048611972,0.905048664852,0.911951578398,1.84039345027,100.0,-0.317917518289,0.0878204001064,-0.052922337182,1.48489340267,0.344762182077,-0.0318301013486,0.0648106882882,100.0
13.074716,-1.30503415529,0.0548398131669,0.226262166213,-0.0510048611972,0.904665169655,0.911951578398,1.83924296467,100.0,-0.317917518289,0.0882038953034,-0.052922337182,1.48566039307,0.34437868688,-0.0325970917426,0.0655776786821,100.0
13.084704,-1.30541765049,0.0548398131669,0.22664566141,-0.0510048611972,0.905432160049,0.912335073595,1.83962645987,100.0,-0.318301013486,0.0882038953034,-0.0525388419851,1.48450990748,0.34437868688,-0.0322135965456,0.0655776786821,100.0
13.094703,-1.30503415529,0.054072822773,0.225878671016,-0.0506213660002,0.904665169655,0.912335073595,1.84077694546,100.0,-0.318684508683,0.0878204001064,-0.052922337182,1.48450990748,0.34437868688,-0.0322135965456,0.0655776786821,100.0
13.104707,-1.30541765049,0.054072822773,0.22664566141,-0.0513883563942,0.904281674458,0.912335073595,1.84000995507,100.0,-0.318684508683,0.0882038953034,-0.0525388419851,1.48450990748,0.344762182077,-0.0318301013486,0.0655776786821,100.0
13.114708,-1.30503415529,0.053305832379,0.227029156607,-0.0521553467881,0.904281674458,0.911951578398,1.84077694546,100.0,-0.317534023092,0.0870534097125,-0.0525388419851,1.48450990748,0.34437868688,-0.0314466061517,0.0651941834851,100.0
13.124704,-1.30503415529,0.053689327576,0.22664566141,-0.0517718515911,0.905048664852,0.911951578398,1.83924296467,100.0,-0.31906800388,0.0878204001064,-0.053305832379,1.48374291708,0.343995191683,-0.0318301013486,0.0659611738791,100.0
13.134701,-1.3046506601,0.053689327576,0.227029156607,-0.0510048611972,0.905432160049,0.912335073595,1.84039345027,100.0,-0.317917518289,0.0882038953034,-0.0521553467881,1.48450990748,0.343995191683,-0.0325970917426,0.0659611738791,100.0
13.144703,-1.30580114569,0.053305832379,0.227796147001,-0.0525388419851,0.904665169655,0.912335073595,1.84000995507,100.0,-0.318301013486,0.0878204001064,-0.052922337182,1.48527689787,0.344762182077,-0.0322135965456,0.0655776786821,100.0
13.154742,-1.30503415529,0.052922337182,0.22664566141,-0.0510048611972,0.905432160049,0.913102063989,1.84000995507,100.0,-0.317917518289,0.0866699145155,-0.053305832379,1.48412641228,0.344762182077,-0.0322135965456,0.0655776786821,100.0
13.164749,-1.30503415529,0.0525388419851,0.22664566141,-0.0517718515911,0.905048664852,0.912718568792,1.84039345027,100.0,-0.31906800388,0.0878204001064,-0.052922337182,1.48489340267,0.343995191683,-0.0318301013486,0.0651941834851,100.0
13.174747,-1.3046506601,0.053305832379,0.227029156607,-0.0517718515911,0.905432160049,0.911951578398,1.84000995507,100.0,-0.318301013486,0.0866699145155,-0.053305832379,1.48450990748,0.34437868688,-0.0325970917426,0.0655776786821,100.0
13.184752,-1.3042671649,0.053689327576,0.227412651804,-0.0510048611972,0.905048664852,0.912718568792,1.84077694546,100.0,-0.317917518289,0.0870534097125,-0.0525388419851,1.48450990748,0.34437868688,-0.0322135965456,0.0655776786821,100.0
13.194751,-1.3046506601,0.052922337182,0.227412651804,-0.0510048611972,0.905048664852,0.912718568792,1.84039345027,100.0,-0.31906800388,0.0870534097125,-0.0521553467881,1.48412641228,0.34437868688,-0.0314466061517,0.066344669076,100.0
13.204789,-1.30503415529,0.053305832379,0.227796147001,-0.0513883563942,0.905815655246,0.912335073595,1.84077694546,100.0,-0.318684508683,0.0874369049095,-0.053305832379,1.48412641228,0.34437868688,-0.0318301013486,0.0651941834851,100.0
13.214808,-1.30503415529,0.053305832379,0.227796147001,-0.0510048611972,0.904665169655,0.912718568792,1.84077694546,100.0,-0.31906800388,0.0878204001064,-0.0525388419851,1.48412641228,0.343995191683,-0.0322135965456,0.0655776786821,100.0
13.224799,-1.30541765049,0.053305832379,0.227412651804,-0.0517718515911,0.905432160049,0.912718568792,1.84077694546,100.0,-0.317917518289,0.0870534097125,-0.052922337182,1.48335942189,0.344762182077,-0.0322135965456,0.0659611738791,100.0
13.234825,-1.3042671649,0.053689327576,0.227029156607,-0.0513883563942,0.905815655246,0.912718568792,1.84116044066,100.0,-0.318301013486,0.0870534097125,-0.052922337182,1.48450990748,0.344762182077,-0.0322135965456,0.0648106882882,100.0
13.244785,-1.3046506601,0.052922337182,0.227029156607,-0.0510048611972,0.905048664852,0.913869054383,1.84269442145,100.0,-0.317917518289,0.0874369049095,-0.053305832379,1.48412641228,0.343995191683,-0.0318301013486,0.0651941834851,100.0
13.254767,-1.30503415529,0.053689327576,0.227796147001,-0.0521553467881,0.904665169655,0.913102063989,1.84192743105,100.0,-0.318301013486,0.0870534097125,-0.053305832379,1.48412641228,0.344762182077,-0.0314466061517,0.0655776786821,100.0
13.264739,-1.30503415529,0.052922337182,0.227412651804,-0.0525388419851,0.905048664852,0.913102063989,1.84231092625,100.0,-0.318684508683,0.0878204001064,-0.052922337182,1.48412641228,0.34437868688,-0.0318301013486,0.0659611738791,100.0
13.274717,-1.3046506601,0.053305832379,0.228179642198,-0.0513883563942,0.905048664852,0.913485559186,1.84346141184,100.0,-0.317917518289,0.0870534097125,-0.0525388419851,1.48450990748,0.34437868688,-0.0318301013486,0.066344669076,100.0
13.284715,-1.3042671649,0.0544563179699,0.227412651804,-0.0517718515911,0.905432160049,0.912718568792,1.84422840224,100.0,-0.318301013486,0.0874369049095,-0.053689327576,1.48450990748,0.344762182077,-0.0318301013486,0.0659611738791,100.0
13.294715,-1.3046506601,0.053305832379,0.227796147001,-0.0517718515911,0.906199150443,0.913102063989,1.84537888783,100.0,-0.317917518289,0.0870534097125,-0.0525388419851,1.48527689787,0.343995191683,-0.0318301013486,0.0651941834851,100.0
13.304730,-1.3046506601,0.053689327576,0.228179642198,-0.0502378708032,0.905815655246,0.912718568792,1.84537888783,100.0,-0.317917518289,0.0874369049095,-0.0525388419851,1.48450990748,0.344762182077,-0.0310631109547,0.0655776786821,100.0
13.314719,-1.3042671649,0.053689327576,0.228179642198,-0.0521553467881,0.905432160049,0.913102063989,1.84461189743,100.0,-0.317917518289,0.0874369049095,-0.0525388419851,1.48489340267,0.344762182077,-0.0314466061517,0.0655776786821,100.0
13.324717,-1.3042671649,0.054072822773,0.228563137395,-0.0513883563942,0.905048664852,0.912335073595,1.84192743105,100.0,-0.317917518289,0.0878204001064,-0.0525388419851,1.48450990748,0.34437868688,-0.0306796157577,0.0659611738791,100.0
13.334714,-1.3046506601,0.0525388419851,0.227412651804,-0.0521553467881,0.905048664852,0.913102063989,1.84116044066,100.0,-0.317917518289,0.0874369049095,-0.052922337182,1.48412641228,0.344762182077,-0.0314466061517,0.0655776786821,100.0
13.344715,-1.30541765049,0.053689327576,0.227796147001,-0.0525388419851,0.905815655246,0.913869054383,1.84077694546,100.0,-0.317917518289,0.0882038953034,-0.052922337182,1.48489340267,0.34437868688,-0.0310631109547,0.0655776786821,100.0
13.354802,-1.30541765049,0.053305832379,0.228563137395,-0.0510048611972,0.905432160049,0.913869054383,1.84077694546,100.0,-0.318301013486,0.0878204001064,-0.052922337182,1.48489340267,0.34437868688,-0.0318301013486,0.0659611738791,100.0
13.364991,-1.3046506601,0.053689327576,0.228563137395,-0.0513883563942,0.905048664852,0.913869054383,1.84000995507,100.0,-0.317917518289,0.0878204001064,-0.0525388419851,1.48450990748,0.34437868688,-0.0306796157577,0.0655776786821,100.0
13.374796,-1.3042671649,0.053305832379,0.228179642198,-0.0506213660002,0.905815655246,0.913869054383,1.83924296467,100.0,-0.318301013486,0.0878204001064,-0.0525388419851,1.48489340267,0.343995191683,-0.0318301013486,0.0655776786821,100.0
13.384775,-1.3042671649,0.053305832379,0.228179642198,-0.0513883563942,0.905048664852,0.91425254958,1.84077694546,100.0,-0.31906800388,0.0878204001064,-0.053305832379,1.48450990748,0.344762182077,-0.0310631109547,0.066344669076,100.0
13.394765,-1.3046506601,0.053689327576,0.227796147001,-0.0513883563942,0.905048664852,0.913869054383,1.83962645987,100.0,-0.318301013486,0.0870534097125,-0.052922337182,1.48527689787,0.343995191683,-0.0314466061517,0.0655776786821,100.0
13.404769,-1.3042671649,0.0544563179699,0.228179642198,-0.0506213660002,0.906199150443,0.913869054383,1.84154393586,100.0,-0.317917518289,0.0882038953034,-0.053305832379,1.48374291708,0.343995191683,-0.0322135965456,0.0651941834851,100.0
13.414868,-1.3038836697,0.053689327576,0.229330127789,-0.0506213660002,0.906199150443,0.913869054383,1.84039345027,100.0,-0.318301013486,0.0870534097125,-0.053689327576,1.48527689787,0.34437868688,-0.0314466061517,0.0648106882882,100.0
13.424751,-1.3042671649,0.053305832379,0.228563137395,-0.0513883563942,0.90658264564,0.91425254958,1.84077694546,100.0,-0.317534023092,0.0874369049095,-0.053305832379,1.48374291708,0.34437868688,-0.0318301013486,0.0659611738791,100.0
13.434733,-1.3042671649,0.054072822773,0.228946632592,-0.0506213660002,0.906199150443,0.913102063989,1.84154393586,100.0,-0.317917518289,0.0870534097125,-0.052922337182,1.48374291708,0.34437868688,-0.0314466061517,0.0655776786821,100.0
13.444725,-1.3046506601,0.054072822773,0.229330127789,-0.0510048611972,0.905048664852,0.914636044777,1.84077694546,100.0,-0.318301013486,0.0874369049095,-0.0521553467881,1.48374291708,0.343995191683,-0.0318301013486,0.066344669076,100.0
13.454722,-1.3042671649,0.054072822773,0.228946632592,-0.0513883563942,0.905432160049,0.913485559186,1.84116044066,100.0,-0.318684508683,0.0862864193186,-0.052922337182,1.48335942189,0.345145677274,-0.0322135965456,0.0659611738791,100.0
13.464708,-1.30541765049,0.053689327576,0.228946632592,-0.0510048611972,0.905432160049,0.913869054383,1.84116044066,100.0,-0.317917518289,0.0870534097125,-0.053305832379,1.48489340267,0.34437868688,-0.0314466061517,0.0648106882882,100.0
13.474705,-1.3042671649,0.053305832379,0.229330127789,-0.0510048611972,0.904665169655,0.913485559186,1.84116044066,100.0,-0.318301013486,0.0878204001064,-0.052922337182,1.48450990748,0.34437868688,-0.0314466061517,0.0655776786821,100.0
13.484704,-1.3046506601,0.053305832379,0.228563137395,-0.0502378708032,0.905815655246,0.913102063989,1.84077694546,100.0,-0.317534023092,0.0874369049095,-0.052922337182,1.48450990748,0.34437868688,-0.0322135965456,0.0644271930912,100.0
13.494698,-1.3042671649,0.052922337182,0.228563137395,-0.0506213660002,0.905048664852,0.911951578398,1.84116044066,100.0,-0.318301013486,0.0878204001064,-0.053305832379,1.48489340267,0.34437868688,-0.0322135965456,0.0655776786821,100.0
13.504710,-1.3046506601,0.053305832379,0.228946632592,-0.0506213660002,0.904665169655,0.913485559186,1.84116044066,100.0,-0.317917518289,0.0878204001064,-0.052922337182,1.48489340267,0.344762182077,-0.0325970917426,0.0651941834851,100.0
13.514713,-1.3046506601,0.053305832379,0.229330127789,-0.0510048611972,0.906199150443,0.913102063989,1.84116044066,100.0,-0.318684508683,0.0870534097125,-0.052922337182,1.48450990748,0.34437868688,-0.0314466061517,0.0655776786821,100.0
13.524718,-1.3046506601,0.053305832379,0.229330127789,-0.0510048611972,0.906199150443,0.913102063989,1.84116044066,100.0,-0.318301013486,0.0885873905004,-0.052922337182,1.48450990748,0.34437868688,-0.0318301013486,0.0651941834851,100.0
13.534716,-1.3042671649,0.053689327576,0.229330127789,-0.0517718515911,0.906199150443,0.912718568792,1.84116044066,100.0,-0.318684508683,0.0874369049095,-0.053689327576,1.48450990748,0.34437868688,-0.0325970917426,0.066344669076,100.0
13.544713,-1.30541765049,0.053689327576,0.228946632592,-0.0513883563942,0.905432160049,0.912718568792,1.84116044066,100.0,-0.317917518289,0.0870534097125,-0.052922337182,1.48527689787,0.34437868688,-0.0322135965456,0.0655776786821,100.0
13.554747,-1.30503415529,0.053689327576,0.228946632592,-0.0510048611972,0.905432160049,0.912335073595,1.83962645987,100.0,-0.318684508683,0.0878204001064,-0.053689327576,1.48489340267,0.343611696486,-0.0310631109547,0.0655776786821,100.0
13.564863,-1.3038836697,0.052922337182,0.229713622986,-0.0506213660002,0.905815655246,0.913485559186,1.84077694546,100.0,-0.317917518289,0.0874369049095,-0.0521553467881,1.48412641228,0.343611696486,-0.0318301013486,0.0659611738791,100.0
13.574736,-1.30541765049,0.0525388419851,0.229713622986,-0.0513883563942,0.905048664852,0.912335073595,1.84154393586,100.0,-0.317917518289,0.0874369049095,-0.052922337182,1.48489340267,0.343995191683,-0.0306796157577,0.0651941834851,100.0
13.584733,-1.3046506601,0.054072822773,0.229330127789,-0.0513883563942,0.905048664852,0.912718568792,1.84039345027,100.0,-0.318301013486,0.0870534097125,-0.0525388419851,1.48335942189,0.34437868688,-0.0314466061517,0.0651941834851,100.0
13.594725,-1.30503415529,0.053305832379,0.228946632592,-0.0502378708032,0.905048664852,0.912335073595,1.84077694546,100.0,-0.318684508683,0.0874369049095,-0.0521553467881,1.48450990748,0.34437868688,-0.0310631109547,0.0651941834851,100.0
13.604843,-1.3046506601,0.054072822773,0.228946632592,-0.0506213660002,0.905815655246,0.911951578398,1.83924296467,100.0,-0.318301013486,0.0874369049095,-0.053689327576,1.48412641228,0.343995191683,-0.0322135965456,0.0651941834851,100.0
13.614840,-1.3046506601,0.054072822773,0.228946632592,-0.0506213660002,0.905815655246,0.911951578398,1.83924296467,100.0,-0.318301013486,0.0874369049095,-0.053689327576,1.48412641228,0.343995191683,-0.0322135965456,0.0651941834851,100.0
13.624807,-1.30541765049,0.053689327576,0.23048061338,-0.0517718515911,0.905432160049,0.912718568792,1.84116044066,100.0,-0.318301013486,0.0874369049095,-0.053689327576,1.48412641228,0.34437868688,-0.0314466061517,0.066344669076,100.0
13.634886,-1.30503415529,0.053689327576,0.229330127789,-0.0510048611972,0.905432160049,0.912335073595,1.84000995507,100.0,-0.318301013486,0.0878204001064,-0.0521553467881,1.48527689787,0.343995191683,-0.0318301013486,0.0655776786821,100.0
13.644772,-1.3046506601,0.053689327576,0.229713622986,-0.0525388419851,0.904665169655,0.911951578398,1.84039345027,100.0,-0.317917518289,0.0878204001064,-0.053305832379,1.48412641228,0.343995191683,-0.0322135965456,0.0655776786821,100.0
13.654767,-1.3046506601,0.054072822773,0.228563137395,-0.0510048611972,0.905432160049,0.913102063989,1.84116044066,100.0,-0.317534023092,0.0870534097125,-0.0525388419851,1.48374291708,0.34437868688,-0.0314466061517,0.0651941834851,100.0
13.664739,-1.30503415529,0.052922337182,0.229713622986,-0.0502378708032,0.905048664852,0.912335073595,1.84116044066,100.0,-0.318301013486,0.0874369049095,-0.053305832379,1.48489340267,0.345145677274,-0.0310631109547,0.0655776786821,100.0
13.674729,-1.30541765049,0.054072822773,0.230097118183,-0.0510048611972,0.905815655246,0.912335073595,1.84116044066,100.0,-0.317917518289,0.0874369049095,-0.053305832379,1.48489340267,0.343995191683,-0.0329805869395,0.0651941834851,100.0
13.684736,-1.3046506601,0.054072822773,0.229330127789,-0.0506213660002,0.904665169655,0.912335073595,1.84116044066,100.0,-0.318301013486,0.0878204001064,-0.0525388419851,1.48450990748,0.34437868688,-0.0322135965456,0.0648106882882,100.0
13.694724,-1.3042671649,0.053305832379,0.230097118183,-0.0525388419851,0.904665169655,0.911951578398,1.84039345027,100.0,-0.318301013486,0.0882038953034,-0.052922337182,1.48412641228,0.344762182077,-0.0318301013486,0.0651941834851,100.0
13.704748,-1.3046506601,0.053689327576,0.230097118183,-0.0510048611972,0.905432160049,0.912335073595,1.84039345027,100.0,-0.317917518289,0.0878204001064,-0.0525388419851,1.48489340267,0.344762182077,-0.0310631109547,0.0659611738791,100.0
13.714767,-1.3046506601,0.0544563179699,0.230097118183,-0.0513883563942,0.905048664852,0.912718568792,1.84077694546,100.0,-0.318684508683,0.0870534097125,-0.053305832379,1.48489340267,0.34437868688,-0.0318301013486,0.0659611738791,100.0
13.724744,-1.3042671649,0.0544563179699,0.229713622986,-0.0521553467881,0.905432160049,0.912718568792,1.83924296467,100.0,-0.317150527895,0.0878204001064,-0.0521553467881,1.48489340267,0.34437868688,-0.0314466061517,0.0651941834851,100.0
13.734731,-1.3046506601,0.054072822773,0.229713622986,-0.0510048611972,0.905048664852,0.912718568792,1.84116044066,100.0,-0.318684508683,0.0878204001064,-0.0525388419851,1.48412641228,0.343995191683,-0.0314466061517,0.0655776786821,100.0
13.744736,-1.3042671649,0.053689327576,0.229330127789,-0.0510048611972,0.905432160049,0.913102063989,1.84192743105,100.0,-0.318301013486,0.0862864193186,-0.052922337182,1.48450990748,0.34437868688,-0.0318301013486,0.0659611738791,100.0
13.754745,-1.3038836697,0.053689327576,0.229713622986,-0.0506213660002,0.905432160049,0.911951578398,1.83885946948,100.0,-0.318301013486,0.0874369049095,-0.0521553467881,1.48450990748,0.344762182077,-0.0310631109547,0.0648106882882,100.0
13.764737,-1.3042671649,0.054072822773,0.229330127789,-0.0510048611972,0.905815655246,0.912335073595,1.84154393586,100.0,-0.318684508683,0.0878204001064,-0.052922337182,1.48450990748,0.343611696486,-0.0310631109547,0.0651941834851,100.0
13.774733,-1.3042671649,0.053689327576,0.230097118183,-0.0506213660002,0.904665169655,0.912718568792,1.84039345027,100.0,-0.318301013486,0.0878204001064,-0.0525388419851,1.48566039307,0.344762182077,-0.0322135965456,0.0651941834851,100.0
13.784729,-1.3042671649,0.053689327576,0.229713622986,-0.0510048611972,0.905048664852,0.912718568792,1.84116044066,100.0,-0.318301013486,0.0874369049095,-0.0521553467881,1.48489340267,0.34437868688,-0.0325970917426,0.0659611738791,100.0
13.794747,-1.3042671649,0.054072822773,0.229713622986,-0.0510048611972,0.905432160049,0.913102063989,1.84077694546,100.0,-0.318684508683,0.0878204001064,-0.052922337182,1.48450990748,0.344762182077,-0.0318301013486,0.0655776786821,100.0
13.804760,-1.3042671649,0.054072822773,0.229713622986,-0.0517718515911,0.905048664852,0.911951578398,1.84116044066,100.0,-0.318684508683,0.0878204001064,-0.0525388419851,1.48412641228,0.344762182077,-0.0322135965456,0.0648106882882,100.0
13.814764,-1.3038836697,0.0544563179699,0.230097118183,-0.0510048611972,0.905048664852,0.912335073595,1.84077694546,100.0,-0.318301013486,0.0874369049095,-0.053305832379,1.48450990748,0.34437868688,-0.0322135965456,0.066344669076,100.0
13.824740,-1.30311667931,0.053689327576,0.229713622986,-0.052922337182,0.905432160049,0.912335073595,1.84000995507,100.0,-0.318301013486,0.0874369049095,-0.052922337182,1.48450990748,0.344762182077,-0.0318301013486,0.0655776786821,100.0
13.834730,-1.3038836697,0.0544563179699,0.230097118183,-0.0525388419851,0.905432160049,0.911951578398,1.84039345027,100.0,-0.318301013486,0.0874369049095,-0.053689327576,1.48450990748,0.344762182077,-0.0322135965456,0.066344669076,100.0
13.844727,-1.30311667931,0.052922337182,0.229330127789,-0.0510048611972,0.905815655246,0.911568083201,1.84077694546,100.0,-0.318684508683,0.0874369049095,-0.052922337182,1.48450990748,0.345145677274,-0.0322135965456,0.0651941834851,100.0
13.854729,-1.30350017451,0.0544563179699,0.230097118183,-0.0506213660002,0.905432160049,0.911951578398,1.84077694546,100.0,-0.318301013486,0.0885873905004,-0.053305832379,1.48412641228,0.34437868688,-0.0318301013486,0.0655776786821,100.0
13.864749,-1.30350017451,0.054072822773,0.229330127789,-0.0498543756063,0.905048664852,0.911951578398,1.84039345027,100.0,-0.317917518289,0.0866699145155,-0.053305832379,1.48450990748,0.34437868688,-0.0318301013486,0.0648106882882,100.0
13.874742,-1.3038836697,0.0552233083639,0.23048061338,-0.0506213660002,0.905815655246,0.911568083201,1.84077694546,100.0,-0.318301013486,0.0870534097125,-0.0525388419851,1.48412641228,0.34437868688,-0.0322135965456,0.0659611738791,100.0
13.884729,-1.3038836697,0.054072822773,0.229713622986,-0.0510048611972,0.905432160049,0.911568083201,1.84077694546,100.0,-0.31906800388,0.0882038953034,-0.0525388419851,1.48450990748,0.344762182077,-0.0318301013486,0.0651941834851,100.0
13.894731,-1.30311667931,0.0544563179699,0.229713622986,-0.0506213660002,0.905048664852,0.910801092807,1.84154393586,100.0,-0.318301013486,0.0874369049095,-0.052922337182,1.48450990748,0.34437868688,-0.0314466061517,0.0659611738791,100.0
13.904762,-1.30234968891,0.0548398131669,0.229330127789,-0.0506213660002,0.906199150443,0.911568083201,1.84077694546,100.0,-0.318684508683,0.0870534097125,-0.053305832379,1.48489340267,0.344762182077,-0.0322135965456,0.0659611738791,100.0
13.914780,-1.30311667931,0.054072822773,0.229713622986,-0.0510048611972,0.906199150443,0.91041759761,1.84077694546,100.0,-0.318301013486,0.0878204001064,-0.0521553467881,1.48450990748,0.34437868688,-0.0318301013486,0.0648106882882,100.0
13.924790,-1.3038836697,0.0552233083639,0.229713622986,-0.0513883563942,0.905432160049,0.910801092807,1.84116044066,100.0,-0.317917518289,0.0862864193186,-0.052922337182,1.48489340267,0.345145677274,-0.0322135965456,0.0655776786821,100.0
13.934759,-1.3038836697,0.0544563179699,0.229713622986,-0.0510048611972,0.905815655246,0.91041759761,1.84116044066,100.0,-0.318301013486,0.0874369049095,-0.053305832379,1.48450990748,0.343995191683,-0.0314466061517,0.0659611738791,100.0
13.944715,-1.30350017451,0.0548398131669,0.229713622986,-0.0506213660002,0.905048664852,0.909650607216,1.83962645987,100.0,-0.318684508683,0.0878204001064,-0.052922337182,1.48412641228,0.34437868688,-0.0306796157577,0.0659611738791,100.0
13.954714,-1.30273318411,0.054072822773,0.229713622986,-0.0506213660002,0.905048664852,0.909650607216,1.84000995507,100.0,-0.318684508683,0.0866699145155,-0.0525388419851,1.48450990748,0.34437868688,-0.0318301013486,0.0655776786821,100.0
13.964706,-1.30350017451,0.0544563179699,0.229713622986,-0.0517718515911,0.905815655246,0.909650607216,1.84077694546,100.0,-0.31906800388,0.0874369049095,-0.053305832379,1.48489340267,0.344762182077,-0.0322135965456,0.066344669076,100.0
13.974703,-1.30350017451,0.0548398131669,0.229330127789,-0.0510048611972,0.905815655246,0.909650607216,1.84077694546,100.0,-0.318684508683,0.0878204001064,-0.0525388419851,1.48489340267,0.34437868688,-0.0314466061517,0.0659611738791,100.0
13.984707,-1.30350017451,0.0544563179699,0.230097118183,-0.0510048611972,0.905432160049,0.909650607216,1.84077694546,100.0,-0.317917518289,0.0874369049095,-0.0521553467881,1.48450990748,0.34437868688,-0.0314466061517,0.0651941834851,100.0
13.994704,-1.30311667931,0.054072822773,0.229713622986,-0.0506213660002,0.905432160049,0.908883616822,1.84000995507,100.0,-0.317917518289,0.0878204001064,-0.0525388419851,1.48450990748,0.34437868688,-0.0318301013486,0.0651941834851,100.0
14.004706,-1.30350017451,0.0544563179699,0.228946632592,-0.0506213660002,0.906199150443,0.910034102413,1.84000995507,100.0,-0.318301013486,0.0874369049095,-0.052922337182,1.48450990748,0.34437868688,-0.0318301013486,0.0651941834851,100.0
14.014723,-1.30273318411,0.053689327576,0.229330127789,-0.0510048611972,0.905432160049,0.909267112019,1.84154393586,100.0,-0.317917518289,0.0870534097125,-0.053689327576,1.48374291708,0.343995191683,-0.0314466061517,0.0659611738791,100.0
14.024725,-1.30273318411,0.0544563179699,0.230097118183,-0.0502378708032,0.905432160049,0.909267112019,1.84077694546,100.0,-0.318301013486,0.0870534097125,-0.052922337182,1.48412641228,0.343995191683,-0.0314466061517,0.0659611738791,100.0
14.034707,-1.30350017451,0.0552233083639,0.229713622986,-0.0506213660002,0.905815655246,0.909650607216,1.84077694546,100.0,-0.318301013486,0.0882038953034,-0.0521553467881,1.48527689787,0.34437868688,-0.0318301013486,0.066344669076,100.0
14.044703,-1.30273318411,0.0548398131669,0.230097118183,-0.0506213660002,0.905048664852,0.908883616822,1.84116044066,100.0,-0.318301013486,0.0878204001064,-0.0521553467881,1.48412641228,0.34437868688,-0.0314466061517,0.0655776786821,100.0
14.054701,-1.30196619372,0.053689327576,0.229713622986,-0.0506213660002,0.905432160049,0.909650607216,1.84039345027,100.0,-0.317917518289,0.0882038953034,-0.0513883563942,1.48450990748,0.344762182077,-0.0314466061517,0.0655776786821,100.0
14.064720,-1.30273318411,0.054072822773,0.230097118183,-0.0517718515911,0.905815655246,0.908883616822,1.84116044066,100.0,-0.318684508683,0.0878204001064,-0.052922337182,1.48450990748,0.343995191683,-0.0310631109547,0.0651941834851,100.0
14.074731,-1.30234968891,0.053689327576,0.23048061338,-0.0513883563942,0.905432160049,0.908500121625,1.84154393586,100.0,-0.318684508683,0.0870534097125,-0.052922337182,1.48412641228,0.34437868688,-0.0322135965456,0.0659611738791,100.0
14.084716,-1.30196619372,0.053305832379,0.229713622986,-0.0506213660002,0.905815655246,0.908116626428,1.84077694546,100.0,-0.318684508683,0.0874369049095,-0.053689327576,1.48489340267,0.34437868688,-0.0318301013486,0.0651941834851,100.0
14.094705,-1.30311667931,0.0548398131669,0.229330127789,-0.0510048611972,0.905048664852,0.908116626428,1.84077694546,100.0,-0.317917518289,0.0882038953034,-0.052922337182,1.48412641228,0.34437868688,-0.0318301013486,0.0655776786821,100.0
14.104703,-1.30196619372,0.053305832379,0.229713622986,-0.0513883563942,0.905432160049,0.908500121625,1.84039345027,100.0,-0.318301013486,0.0870534097125,-0.0525388419851,1.48527689787,0.345145677274,-0.0325970917426,0.0655776786821,100.0
14.114723,-1.30234968891,0.052922337182,0.229330127789,-0.0510048611972,0.905432160049,0.908116626428,1.84154393586,100.0,-0.317917518289,0.0859029241216,-0.053305832379,1.48374291708,0.343995191683,-0.0314466061517,0.0651941834851,100.0
14.124740,-1.30311667931,0.053305832379,0.230097118183,-0.0506213660002,0.906199150443,0.908883616822,1.84039345027,100.0,-0.317917518289,0.0874369049095,-0.052922337182,1.48489340267,0.34437868688,-0.0318301013486,0.0651941834851,100.0
14.134738,-1.30273318411,0.054072822773,0.229713622986,-0.0502378708032,0.905432160049,0.908500121625,1.84039345027,100.0,-0.317534023092,0.0878204001064,-0.0525388419851,1.48450990748,0.344762182077,-0.0310631109547,0.066728164273,100.0
14.144731,-1.30196619372,0.0544563179699,0.229330127789,-0.0517718515911,0.905048664852,0.908500121625,1.84077694546,100.0,-0.318301013486,0.0870534097125,-0.0525388419851,1.48412641228,0.34437868688,-0.0318301013486,0.0655776786821,100.0
14.154728,-1.30234968891,0.0544563179699,0.229330127789,-0.0513883563942,0.905048664852,0.908500121625,1.84077694546,100.0,-0.318684508683,0.0870534097125,-0.0525388419851,1.48374291708,0.345145677274,-0.0325970917426,0.066344669076,100.0
14.164729,-1.30273318411,0.053689327576,0.229713622986,-0.0513883563942,0.906199150443,0.908116626428,1.84039345027,100.0,-0.318301013486,0.0878204001064,-0.0521553467881,1.48489340267,0.344762182077,-0.0314466061517,0.0659611738791,100.0
14.174712,-1.30350017451,0.054072822773,0.230097118183,-0.0510048611972,0.905432160049,0.908116626428,1.84077694546,100.0,-0.31906800388,0.0874369049095,-0.052922337182,1.48450990748,0.34437868688,-0.0314466061517,0.0651941834851,100.0
14.184704,-1.30234968891,0.0544563179699,0.230097118183,-0.0506213660002,0.905432160049,0.908116626428,1.84116044066,100.0,-0.318301013486,0.0878204001064,-0.053305832379,1.48450990748,0.34437868688,-0.0318301013486,0.0655776786821,100.0
14.194703,-1.30234968891,0.054072822773,0.230097118183,-0.0506213660002,0.905815655246,0.907733131231,1.84192743105,100.0,-0.318301013486,0.0889708856974,-0.052922337182,1.48412641228,0.343995191683,-0.0318301013486,0.0655776786821,100.0
14.204707,-1.30234968891,0.053689327576,0.230097118183,-0.053689327576,0.905815655246,0.908116626428,1.84077694546,100.0,-0.318301013486,0.0870534097125,-0.0525388419851,1.48412641228,0.344762182077,-0.0318301013486,0.0655776786821,100.0
14.214723,-1.30273318411,0.054072822773,0.229713622986,-0.0517718515911,0.905815655246,0.907349636034,1.84077694546,100.0,-0.318684508683,0.0870534097125,-0.052922337182,1.48489340267,0.34437868688,-0.0318301013486,0.0648106882882,100.0
14.224737,-1.30273318411,0.0544563179699,0.230097118183,-0.0513883563942,0.905432160049,0.907349636034,1.84077694546,100.0,-0.318301013486,0.0882038953034,-0.053305832379,1.48335942189,0.344762182077,-0.0318301013486,0.066728164273,100.0
14.234745,-1.30234968891,0.054072822773,0.229713622986,-0.0510048611972,0.905815655246,0.90658264564,1.84116044066,100.0,-0.317917518289,0.0882038953034,-0.0521553467881,1.48412641228,0.345145677274,-0.0310631109547,0.0659611738791,100.0
14.244749,-1.30234968891,0.0544563179699,0.229713622986,-0.0510048611972,0.905432160049,0.905815655246,1.84154393586,100.0,-0.318684508683,0.0874369049095,-0.0525388419851,1.48412641228,0.343995191683,-0.0314466061517,0.0655776786821,100.0
14.254749,-1.30311667931,0.053689327576,0.229713622986,-0.0521553467881,0.905815655246,0.905432160049,1.84192743105,100.0,-0.318684508683,0.0874369049095,-0.052922337182,1.48374291708,0.344762182077,-0.0314466061517,0.0655776786821,100.0
14.264765,-1.30234968891,0.054072822773,0.229713622986,-0.0513883563942,0.905815655246,0.905432160049,1.83962645987,100.0,-0.317534023092,0.0874369049095,-0.0525388419851,1.48412641228,0.344762182077,-0.0314466061517,0.066344669076,100.0
14.274991,-1.30273318411,0.054072822773,0.230097118183,-0.0513883563942,0.905815655246,0.905815655246,1.84000995507,100.0,-0.318301013486,0.0866699145155,-0.053305832379,1.48527689787,0.34437868688,-0.0325970917426,0.0648106882882,100.0
14.284893,-1.30273318411,0.0544563179699,0.229330127789,-0.0517718515911,0.905048664852,0.904665169655,1.84077694546,100.0,-0.317917518289,0.0874369049095,-0.0525388419851,1.48374291708,0.34437868688,-0.0318301013486,0.0659611738791,100.0
14.294868,-1.30196619372,0.054072822773,0.229330127789,-0.0510048611972,0.905815655246,0.905432160049,1.83962645987,100.0,-0.319451499077,0.0878204001064,-0.052922337182,1.48450990748,0.34437868688,-0.0314466061517,0.0655776786821,100.0
14.304859,-1.30234968891,0.054072822773,0.229330127789,-0.0510048611972,0.905432160049,0.905432160049,1.84077694546,100.0,-0.318684508683,0.0874369049095,-0.052922337182,1.48450990748,0.34437868688,-0.0318301013486,0.0651941834851,100.0
14.314877,-1.30196619372,0.0544563179699,0.229330127789,-0.0510048611972,0.905048664852,0.905048664852,1.84116044066,100.0,-0.317917518289,0.0874369049095,-0.052922337182,1.48450990748,0.345145677274,-0.0314466061517,0.0659611738791,100.0
14.324887,-1.30234968891,0.053689327576,0.230097118183,-0.0506213660002,0.905815655246,0.905432160049,1.84000995507,100.0,-0.318684508683,0.0866699145155,-0.0525388419851,1.48374291708,0.34437868688,-0.0318301013486,0.0651941834851,100.0
14.334894,-1.30196619372,0.052922337182,0.229330127789,-0.0510048611972,0.905815655246,0.905432160049,1.84000995507,100.0,-0.317534023092,0.0882038953034,-0.052922337182,1.48489340267,0.343995191683,-0.0322135965456,0.0655776786821,100.0
14.344857,-1.30234968891,0.053689327576,0.228946632592,-0.0506213660002,0.906199150443,0.905432160049,1.84000995507,99.3569107056,-0.318301013486,0.0885873905004,-0.053689327576,1.48450990748,0.345145677274,-0.0322135965456,0.0644271930912,100.0
14.354915,-1.30234968891,0.0544563179699,0.229330127789,-0.0506213660002,0.905048664852,0.905048664852,1.84000995507,99.3569107056,-0.317917518289,0.0874369049095,-0.052922337182,1.48489340267,0.34437868688,-0.0322135965456,0.0659611738791,100.0
14.364876,-1.30234968891,0.0544563179699,0.229330127789,-0.0510048611972,0.905048664852,0.905432160049,1.84077694546,99.3569107056,-0.318684508683,0.0870534097125,-0.053305832379,1.48412641228,0.344762182077,-0.0310631109547,0.066344669076,100.0
14.374992,-1.30196619372,0.054072822773,0.229330127789,-0.0506213660002,0.905815655246,0.904665169655,1.84000995507,99.3569107056,-0.318301013486,0.0878204001064,-0.053305832379,1.48450990748,0.343995191683,-0.0322135965456,0.0659611738791,100.0
14.384877,-1.30158269852,0.054072822773,0.229713622986,-0.0513883563942,0.905815655246,0.905048664852,1.84000995507,99.3569107056,-0.317534023092,0.0878204001064,-0.053305832379,1.48566039307,0.344762182077,-0.0322135965456,0.0659611738791,100.0
14.394867,-1.30196619372,0.054072822773,0.229713622986,-0.0513883563942,0.906199150443,0.905048664852,1.83924296467,99.3569107056,-0.318684508683,0.0874369049095,-0.053305832379,1.48374291708,0.343995191683,-0.0314466061517,0.0655776786821,100.0
14.404878,-1.30196619372,0.053689327576,0.229330127789,-0.0510048611972,0.905048664852,0.904665169655,1.83924296467,99.3569107056,-0.318301013486,0.0870534097125,-0.052922337182,1.48450990748,0.34437868688,-0.0306796157577,0.0655776786821,100.0
14.414885,-1.30158269852,0.0544563179699,0.229330127789,-0.0506213660002,0.905432160049,0.905432160049,1.84000995507,99.3569107056,-0.317534023092,0.0870534097125,-0.0525388419851,1.48450990748,0.344762182077,-0.0314466061517,0.0659611738791,100.0
14.424859,-1.30158269852,0.0544563179699,0.229330127789,-0.0513883563942,0.905815655246,0.905048664852,1.83924296467,99.3569107056,-0.317917518289,0.0882038953034,-0.0521553467881,1.48450990748,0.345145677274,-0.0318301013486,0.0659611738791,100.0
14.434867,-1.30234968891,0.0548398131669,0.228946632592,-0.0513883563942,0.905048664852,0.905048664852,1.83885946948,99.3569107056,-0.318301013486,0.0866699145155,-0.053305832379,1.48412641228,0.344762182077,-0.0322135965456,0.0648106882882,100.0
14.444744,-1.30311667931,0.0544563179699,0.229713622986,-0.0510048611972,0.905048664852,0.905048664852,1.83885946948,99.3569107056,-0.31906800388,0.0874369049095,-0.052922337182,1.48527689787,0.343995191683,-0.0314466061517,0.0655776786821,100.0
14.454731,-1.30196619372,0.0544563179699,0.229713622986,-0.0506213660002,0.905432160049,0.904665169655,1.84000995507,99.3569107056,-0.318301013486,0.0874369049095,-0.052922337182,1.48450990748,0.343995191683,-0.0322135965456,0.0644271930912,100.0
14.464760,-1.30196619372,0.054072822773,0.229713622986,-0.0525388419851,0.905432160049,0.905432160049,1.83962645987,99.3569107056,-0.318684508683,0.0874369049095,-0.052922337182,1.48412641228,0.34437868688,-0.0318301013486,0.0655776786821,100.0
14.474833,-1.30158269852,0.0548398131669,0.228946632592,-0.0510048611972,0.905815655246,0.905048664852,1.83885946948,99.3569107056,-0.318684508683,0.0874369049095,-0.0525388419851,1.48412641228,0.34437868688,-0.0322135965456,0.0659611738791,100.0
14.484743,-1.30158269852,0.054072822773,0.229713622986,-0.0513883563942,0.905432160049,0.906966140837,1.84000995507,99.3569107056,-0.318684508683,0.0878204001064,-0.0525388419851,1.48450990748,0.34437868688,-0.0318301013486,0.0651941834851,100.0
14.494735,-1.30158269852,0.0548398131669,0.229713622986,-0.0517718515911,0.905432160049,0.905432160049,1.83847597428,96.7845687866,-0.318301013486,0.0878204001064,-0.053689327576,1.48450990748,0.34437868688,-0.0322135965456,0.0651941834851,100.0
14.504733,-1.30196619372,0.0544563179699,0.229713622986,-0.0510048611972,0.905815655246,0.906199150443,1.83962645987,96.7845687866,-0.317917518289,0.0878204001064,-0.053689327576,1.48450990748,0.345145677274,-0.0318301013486,0.0655776786821,100.0
14.514752,-1.30158269852,0.0544563179699,0.229713622986,-0.0513883563942,0.904665169655,0.905815655246,1.83962645987,96.7845687866,-0.317917518289,0.0874369049095,-0.0525388419851,1.48489340267,0.344762182077,-0.0318301013486,0.0651941834851,100.0
14.524755,-1.30196619372,0.0548398131669,0.229713622986,-0.0521553467881,0.905815655246,0.906199150443,1.84000995507,96.7845687866,-0.317534023092,0.0866699145155,-0.052922337182,1.48450990748,0.34437868688,-0.0314466061517,0.0659611738791,100.0
14.534729,-1.30196619372,0.053689327576,0.229713622986,-0.0510048611972,0.905815655246,0.90658264564,1.83924296467,96.7845687866,-0.317917518289,0.0870534097125,-0.052922337182,1.48374291708,0.343995191683,-0.0310631109547,0.0659611738791,100.0
14.544745,-1.30234968891,0.053689327576,0.229713622986,-0.0521553467881,0.905048664852,0.905815655246,1.83885946948,86.4951782227,-0.318684508683,0.0870534097125,-0.0525388419851,1.48412641228,0.343995191683,-0.0310631109547,0.0651941834851,100.0
14.554730,-1.30234968891,0.054072822773,0.229330127789,-0.0506213660002,0.905815655246,0.906199150443,1.83885946948,86.4951782227,-0.318684508683,0.0874369049095,-0.053305832379,1.48489340267,0.34437868688,-0.0314466061517,0.0648106882882,100.0
14.564753,-1.30273318411,0.054072822773,0.230097118183,-0.0513883563942,0.905815655246,0.906966140837,1.83924296467,86.4951782227,-0.318684508683,0.0882038953034,-0.053305832379,1.48450990748,0.344762182077,-0.0318301013486,0.0655776786821,100.0
14.574771,-1.30196619372,0.0544563179699,0.229713622986,-0.0498543756063,0.905048664852,0.905815655246,1.84000995507,86.4951782227,-0.318301013486,0.0866699145155,-0.053305832379,1.48489340267,0.343995191683,-0.0325970917426,0.0651941834851,100.0
14.584760,-1.30234968891,0.0544563179699,0.229330127789,-0.0517718515911,0.905432160049,0.906199150443,1.84000995507,86.4951782227,-0.317917518289,0.0874369049095,-0.0521553467881,1.48450990748,0.34437868688,-0.0318301013486,0.0659611738791,100.0
14.594735,-1.30234968891,0.0544563179699,0.229713622986,-0.0510048611972,0.905048664852,0.906199150443,1.83924296467,68.0064315796,-0.318301013486,0.0882038953034,-0.052922337182,1.48450990748,0.344762182077,-0.0322135965456,0.0659611738791,100.0
14.604727,-1.30234968891,0.054072822773,0.229713622986,-0.0513883563942,0.905815655246,0.906199150443,1.83924296467,68.0064315796,-0.318301013486,0.0874369049095,-0.0525388419851,1.48450990748,0.34437868688,-0.0322135965456,0.0659611738791,100.0
14.614754,-1.30234968891,0.0552233083639,0.229330127789,-0.0506213660002,0.905048664852,0.90658264564,1.83885946948,68.0064315796,-0.318684508683,0.0878204001064,-0.052922337182,1.48450990748,0.34437868688,-0.0318301013486,0.0651941834851,100.0
14.624739,-1.30273318411,0.0544563179699,0.229713622986,-0.0510048611972,0.905048664852,0.906199150443,1.83962645987,68.0064315796,-0.317534023092,0.0870534097125,-0.052922337182,1.48450990748,0.34437868688,-0.0318301013486,0.0655776786821,100.0
14.634728,-1.30196619372,0.0544563179699,0.229330127789,-0.0510048611972,0.905048664852,0.906966140837,1.84000995507,68.0064315796,-0.318301013486,0.0878204001064,-0.0525388419851,1.48450990748,0.344762182077,-0.0310631109547,0.0655776786821,100.0
14.644728,-1.30234968891,0.0544563179699,0.228946632592,-0.0513883563942,0.905815655246,0.90658264564,1.83924296467,51.1254005432,-0.318684508683,0.0874369049095,-0.053305832379,1.48450990748,0.34437868688,-0.0318301013486,0.0655776786821,100.0
14.654724,-1.30196619372,0.053689327576,0.228946632592,-0.0517718515911,0.905432160049,0.905815655246,1.83809247908,51.1254005432,-0.318684508683,0.0866699145155,-0.053689327576,1.48412641228,0.34437868688,-0.0314466061517,0.0655776786821,100.0
14.664778,-1.30234968891,0.0544563179699,0.229713622986,-0.0513883563942,0.905048664852,0.906199150443,1.83962645987,51.1254005432,-0.318684508683,0.0870534097125,-0.052922337182,1.48412641228,0.345145677274,-0.0314466061517,0.066344669076,100.0
14.674824,-1.30273318411,0.0544563179699,0.228563137395,-0.0510048611972,0.906199150443,0.90658264564,1.84000995507,51.1254005432,-0.31906800388,0.0878204001064,-0.052922337182,1.48489340267,0.34437868688,-0.0322135965456,0.0651941834851,100.0
14.684798,-1.30158269852,0.054072822773,0.229713622986,-0.0513883563942,0.905815655246,0.906199150443,1.83847597428,51.1254005432,-0.317534023092,0.0866699145155,-0.053305832379,1.48450990748,0.344762182077,-0.0322135965456,0.0651941834851,100.0
14.694784,-1.30273318411,0.0544563179699,0.229713622986,-0.0513883563942,0.905815655246,0.90658264564,1.83885946948,34.0836029053,-0.317917518289,0.0874369049095,-0.0525388419851,1.48450990748,0.344762182077,-0.0318301013486,0.0659611738791,100.0
14.704772,-1.30273318411,0.0548398131669,0.229330127789,-0.0517718515911,0.905815655246,0.90658264564,1.83962645987,34.0836029053,-0.317917518289,0.0878204001064,-0.0525388419851,1.48450990748,0.343995191683,-0.0318301013486,0.0655776786821,100.0
14.714761,-1.30234968891,0.054072822773,0.228946632592,-0.0513883563942,0.905432160049,0.907733131231,1.83962645987,34.0836029053,-0.318684508683,0.0866699145155,-0.053305832379,1.48489340267,0.34437868688,-0.0314466061517,0.0651941834851,100.0
14.724748,-1.30158269852,0.0548398131669,0.229713622986,-0.0510048611972,0.905048664852,0.906966140837,1.83924296467,34.0836029053,-0.31906800388,0.0870534097125,-0.053689327576,1.48450990748,0.344762182077,-0.0318301013486,0.0651941834851,100.0
14.734745,-1.30234968891,0.053689327576,0.229713622986,-0.0513883563942,0.905048664852,0.906966140837,1.83770898389,34.0836029053,-0.318301013486,0.0870534097125,-0.0521553467881,1.48450990748,0.343995191683,-0.0318301013486,0.0644271930912,100.0
14.744750,-1.30196619372,0.0544563179699,0.229713622986,-0.0502378708032,0.906199150443,0.906966140837,1.83962645987,26.2057876587,-0.317917518289,0.0870534097125,-0.053305832379,1.48489340267,0.34437868688,-0.0314466061517,0.0659611738791,100.0
14.754741,-1.30196619372,0.054072822773,0.229713622986,-0.0510048611972,0.905432160049,0.906966140837,1.83962645987,26.2057876587,-0.318684508683,0.0874369049095,-0.0521553467881,1.48412641228,0.343995191683,-0.0314466061517,0.0655776786821,100.0
14.764745,-1.30234968891,0.0552233083639,0.229713622986,-0.0510048611972,0.905432160049,0.90658264564,1.84000995507,26.2057876587,-0.318684508683,0.0870534097125,-0.0525388419851,1.48412641228,0.343995191683,-0.0318301013486,0.0659611738791,100.0
14.774773,-1.30158269852,0.0544563179699,0.229713622986,-0.0506213660002,0.905432160049,0.907349636034,1.83962645987,26.2057876587,-0.317917518289,0.0885873905004,-0.0525388419851,1.48412641228,0.34437868688,-0.0318301013486,0.0659611738791,100.0
14.784747,-1.30196619372,0.0548398131669,0.229713622986,-0.0506213660002,0.905815655246,0.906199150443,1.83924296467,26.2057876587,-0.318301013486,0.0874369049095,-0.052922337182,1.48450990748,0.344762182077,-0.0314466061517,0.0659611738791,100.0
14.794733,-1.30196619372,0.0548398131669,0.229330127789,-0.0513883563942,0.905432160049,0.90658264564,1.83885946948,26.2057876587,-0.318301013486,0.0874369049095,-0.0525388419851,1.48527689787,0.344762182077,-0.0314466061517,0.0655776786821,100.0
14.804734,-1.30196619372,0.0544563179699,0.229713622986,-0.0513883563942,0.905432160049,0.90658264564,1.83924296467,26.2057876587,-0.318301013486,0.0866699145155,-0.0525388419851,1.48450990748,0.343995191683,-0.0318301013486,0.066344669076,100.0
14.814725,-1.30196619372,0.053689327576,0.228946632592,-0.0513883563942,0.90658264564,0.906199150443,1.83924296467,26.2057876587,-0.318301013486,0.0862864193186,-0.053305832379,1.48489340267,0.344762182077,-0.0318301013486,0.0659611738791,100.0
14.824791,-1.30273318411,0.054072822773,0.229713622986,-0.0510048611972,0.905432160049,0.90658264564,1.83924296467,26.2057876587,-0.318301013486,0.0882038953034,-0.0525388419851,1.48374291708,0.34437868688,-0.0318301013486,0.0648106882882,100.0
14.834754,-1.30196619372,0.0544563179699,0.229330127789,-0.0506213660002,0.905048664852,0.906966140837,1.83885946948,26.2057876587,-0.318301013486,0.0882038953034,-0.0525388419851,1.48527689787,0.34437868688,-0.0322135965456,0.0659611738791,100.0
14.844732,-1.30196619372,0.0548398131669,0.229713622986,-0.0510048611972,0.906199150443,0.906966140837,1.83847597428,26.2057876587,-0.318301013486,0.0874369049095,-0.0521553467881,1.48412641228,0.344762182077,-0.0318301013486,0.0651941834851,100.0
14.854728,-1.30234968891,0.053689327576,0.229713622986,-0.0510048611972,0.905432160049,0.906966140837,1.83885946948,26.2057876587,-0.317917518289,0.0862864193186,-0.053305832379,1.48374291708,0.344762182077,-0.0318301013486,0.0644271930912,100.0
14.864732,-1.30273318411,0.0548398131669,0.229330127789,-0.052922337182,0.905432160049,0.906966140837,1.83847597428,26.2057876587,-0.318684508683,0.0866699145155,-0.052922337182,1.48450990748,0.344762182077,-0.0318301013486,0.066344669076,100.0
14.874779,-1.30196619372,0.0548398131669,0.229330127789,-0.0525388419851,0.90658264564,0.906966140837,1.83885946948,26.2057876587,-0.317917518289,0.0862864193186,-0.0525388419851,1.48412641228,0.344762182077,-0.0314466061517,0.0659611738791,100.0
14.884791,-1.30196619372,0.0544563179699,0.228946632592,-0.0510048611972,0.905432160049,0.907349636034,1.83847597428,26.2057876587,-0.317534023092,0.0870534097125,-0.053305832379,1.48450990748,0.343995191683,-0.0310631109547,0.0655776786821,100.0
14.895026,-1.30196619372,0.0544563179699,0.229330127789,-0.0517718515911,0.905432160049,0.907733131231,1.83847597428,26.2057876587,-0.31906800388,0.0866699145155,-0.052922337182,1.48489340267,0.343611696486,-0.0314466061517,0.0655776786821,100.0
14.904800,-1.30234968891,0.0544563179699,0.229713622986,-0.0510048611972,0.906199150443,0.907349636034,1.83847597428,26.2057876587,-0.318301013486,0.0870534097125,-0.053305832379,1.48412641228,0.34437868688,-0.0322135965456,0.066344669076,100.0
14.914768,-1.30234968891,0.0548398131669,0.229330127789,-0.0510048611972,0.905432160049,0.906966140837,1.83809247908,26.2057876587,-0.317917518289,0.0866699145155,-0.053689327576,1.48450990748,0.344762182077,-0.0322135965456,0.0651941834851,100.0
14.924761,-1.30196619372,0.0548398131669,0.228946632592,-0.0510048611972,0.905815655246,0.907349636034,1.83847597428,26.2057876587,-0.318684508683,0.0870534097125,-0.0525388419851,1.48450990748,0.344762182077,-0.0314466061517,0.0659611738791,100.0
14.934733,-1.30196619372,0.0548398131669,0.229713622986,-0.0517718515911,0.904665169655,0.90658264564,1.83809247908,26.2057876587,-0.317534023092,0.0870534097125,-0.052922337182,1.48412641228,0.34437868688,-0.0318301013486,0.066344669076,100.0
14.944726,-1.30273318411,0.0544563179699,0.229330127789,-0.0510048611972,0.905432160049,0.907733131231,1.83924296467,26.2057876587,-0.318684508683,0.0866699145155,-0.053305832379,1.48335942189,0.344762182077,-0.0322135965456,0.0659611738791,100.0
14.954723,-1.30273318411,0.0548398131669,0.229713622986,-0.0513883563942,0.905432160049,0.906966140837,1.83847597428,26.2057876587,-0.317917518289,0.0878204001064,-0.052922337182,1.48489340267,0.345145677274,-0.0318301013486,0.0655776786821,100.0
14.964720,-1.30158269852,0.054072822773,0.229330127789,-0.0521553467881,0.905815655246,0.906966140837,1.83770898389,26.2057876587,-0.318684508683,0.0870534097125,-0.0525388419851,1.48450990748,0.34437868688,-0.0322135965456,0.0648106882882,100.0
14.974718,-1.30158269852,0.0552233083639,0.229330127789,-0.0510048611972,0.905815655246,0.907733131231,1.83885946948,26.2057876587,-0.318301013486,0.0878204001064,-0.0525388419851,1.48335942189,0.343611696486,-0.0318301013486,0.0651941834851,100.0
14.984706,-1.30234968891,0.0548398131669,0.229330127789,-0.0510048611972,0.905815655246,0.90658264564,1.83847597428,26.2057876587,-0.318684508683,0.0870534097125,-0.053305832379,1.48450990748,0.34437868688,-0.0318301013486,0.0659611738791,100.0
14.994705,-1.30196619372,0.053689327576,0.229330127789,-0.0506213660002,0.905432160049,0.907733131231,1.83770898389,26.2057876587,-0.318684508683,0.0874369049095,-0.0525388419851,1.48412641228,0.344762182077,-0.0318301013486,0.066728164273,100.0
15.004703,-1.30350017451,0.054072822773,0.229713622986,-0.0525388419851,0.905432160049,0.907733131231,1.83885946948,26.2057876587,-0.318684508683,0.0870534097125,-0.053305832379,1.48412641228,0.344762182077,-0.0322135965456,0.0655776786821,100.0
15.014701,-1.30196619372,0.0544563179699,0.230097118183,-0.0506213660002,0.905815655246,0.907349636034,1.83847597428,26.2057876587,-0.318301013486,0.0874369049095,-0.053689327576,1.48566039307,0.34437868688,-0.0325970917426,0.0651941834851,100.0
15.024702,-1.30273318411,0.0544563179699,0.230097118183,-0.053305832379,0.905815655246,0.907733131231,1.83885946948,26.2057876587,-0.318684508683,0.0874369049095,-0.053689327576,1.48412641228,0.34437868688,-0.0314466061517,0.0655776786821,100.0
15.034714,-1.30234968891,0.0544563179699,0.229713622986,-0.0521553467881,0.905815655246,0.907349636034,1.83809247908,26.2057876587,-0.318684508683,0.0870534097125,-0.053305832379,1.48412641228,0.345145677274,-0.0322135965456,0.0651941834851,100.0
15.044707,-1.30311667931,0.054072822773,0.229713622986,-0.0510048611972,0.905432160049,0.907349636034,1.83924296467,26.2057876587,-0.318301013486,0.0878204001064,-0.052922337182,1.48412641228,0.344762182077,-0.0310631109547,0.0655776786821,100.0
15.054703,-1.30311667931,0.054072822773,0.228946632592,-0.0517718515911,0.905432160049,0.907733131231,1.83732548869,26.2057876587,-0.317917518289,0.0866699145155,-0.0525388419851,1.48412641228,0.34437868688,-0.0322135965456,0.066344669076,100.0
15.064702,-1.30311667931,0.054072822773,0.229330127789,-0.0513883563942,0.905432160049,0.908116626428,1.83885946948,26.2057876587,-0.318684508683,0.0874369049095,-0.0521553467881,1.48412641228,0.34437868688,-0.0314466061517,0.0655776786821,100.0
15.074701,-1.30234968891,0.054072822773,0.229330127789,-0.0510048611972,0.905048664852,0.907733131231,1.83847597428,26.2057876587,-0.317917518289,0.0874369049095,-0.052922337182,1.48412641228,0.34437868688,-0.0322135965456,0.0659611738791,100.0
15.084704,-1.30311667931,0.0544563179699,0.229330127789,-0.0521553467881,0.90658264564,0.907733131231,1.83847597428,26.2057876587,-0.317534023092,0.0866699145155,-0.054072822773,1.48527689787,0.343995191683,-0.0314466061517,0.0659611738791,100.0
15.094704,-1.30311667931,0.054072822773,0.229330127789,-0.0513883563942,0.905815655246,0.907349636034,1.83809247908,26.2057876587,-0.317534023092,0.0874369049095,-0.0525388419851,1.48527689787,0.34437868688,-0.0318301013486,0.0651941834851,100.0
15.104707,-1.30350017451,0.053689327576,0.229713622986,-0.0510048611972,0.906199150443,0.908500121625,1.83809247908,26.2057876587,-0.318301013486,0.0878204001064,-0.053305832379,1.48450990748,0.344762182077,-0.0318301013486,0.0648106882882,100.0
15.114701,-1.3038836697,0.0548398131669,0.228946632592,-0.0513883563942,0.905048664852,0.907733131231,1.83847597428,26.2057876587,-0.317534023092,0.0870534097125,-0.052922337182,1.48489340267,0.345145677274,-0.0318301013486,0.0659611738791,100.0
15.124701,-1.30350017451,0.054072822773,0.228563137395,-0.0510048611972,0.905815655246,0.907733131231,1.83924296467,26.2057876587,-0.318684508683,0.0878204001064,-0.052922337182,1.48450990748,0.344762182077,-0.0322135965456,0.0655776786821,100.0
15.134749,-1.30350017451,0.0544563179699,0.228563137395,-0.0513883563942,0.906199150443,0.908116626428,1.83885946948,26.2057876587,-0.317917518289,0.0866699145155,-0.0525388419851,1.48489340267,0.344762182077,-0.0314466061517,0.0659611738791,100.0
15.144738,-1.30350017451,0.0548398131669,0.229330127789,-0.0517718515911,0.905815655246,0.908500121625,1.83885946948,26.2057876587,-0.317534023092,0.0870534097125,-0.052922337182,1.48450990748,0.34437868688,-0.0322135965456,0.0655776786821,100.0
15.154729,-1.30273318411,0.054072822773,0.229330127789,-0.0517718515911,0.905432160049,0.908500121625,1.83770898389,26.2057876587,-0.318301013486,0.0870534097125,-0.053305832379,1.48374291708,0.34437868688,-0.0322135965456,0.066344669076,100.0
15.164728,-1.30311667931,0.053689327576,0.228946632592,-0.0521553467881,0.906199150443,0.908116626428,1.83847597428,26.2057876587,-0.318684508683,0.0866699145155,-0.053689327576,1.48450990748,0.343611696486,-0.0314466061517,0.0659611738791,100.0
15.174729,-1.30350017451,0.0544563179699,0.228946632592,-0.0510048611972,0.906199150443,0.908116626428,1.83924296467,26.2057876587,-0.318684508683,0.0878204001064,-0.053305832379,1.48450990748,0.34437868688,-0.0318301013486,0.0651941834851,100.0
15.184752,-1.30311667931,0.053689327576,0.228563137395,-0.0510048611972,0.905432160049,0.908116626428,1.83847597428,26.2057876587,-0.318301013486,0.0874369049095,-0.0525388419851,1.48489340267,0.34437868688,-0.0325970917426,0.0659611738791,100.0
15.194760,-1.3042671649,0.053689327576,0.228563137395,-0.0510048611972,0.905815655246,0.908116626428,1.83770898389,26.2057876587,-0.317534023092,0.0870534097125,-0.053305832379,1.48527689787,0.34437868688,-0.0322135965456,0.0651941834851,100.0
15.204769,-1.3038836697,0.0548398131669,0.227796147001,-0.0521553467881,0.905432160049,0.908116626428,1.83809247908,26.2057876587,-0.318301013486,0.0870534097125,-0.053305832379,1.48450990748,0.343995191683,-0.0318301013486,0.0655776786821,100.0
15.214764,-1.30273318411,0.054072822773,0.228563137395,-0.0510048611972,0.90658264564,0.908500121625,1.83847597428,26.2057876587,-0.317534023092,0.0878204001064,-0.0521553467881,1.48489340267,0.34437868688,-0.0322135965456,0.0655776786821,100.0
15.224739,-1.3038836697,0.053689327576,0.228179642198,-0.0513883563942,0.905815655246,0.908116626428,1.83847597428,26.2057876587,-0.318301013486,0.0874369049095,-0.053305832379,1.48450990748,0.34437868688,-0.0318301013486,0.066728164273,100.0
15.234732,-1.3038836697,0.0544563179699,0.228946632592,-0.0506213660002,0.905432160049,0.908500121625,1.83847597428,26.2057876587,-0.318301013486,0.0878204001064,-0.053305832379,1.48412641228,0.344762182077,-0.0314466061517,0.066344669076,100.0
15.244728,-1.3038836697,0.0544563179699,0.228179642198,-0.0513883563942,0.905815655246,0.908883616822,1.83847597428,26.2057876587,-0.318301013486,0.0874369049095,-0.0525388419851,1.48489340267,0.344762182077,-0.0318301013486,0.0648106882882,100.0
15.254729,-1.30350017451,0.053689327576,0.228563137395,-0.0506213660002,0.905432160049,0.908116626428,1.83962645987,26.2057876587,-0.317534023092,0.0878204001064,-0.052922337182,1.48450990748,0.343995191683,-0.0322135965456,0.0655776786821,100.0
15.264733,-1.3038836697,0.053305832379,0.228946632592,-0.0513883563942,0.906966140837,0.909267112019,1.83770898389,26.2057876587,-0.318301013486,0.0878204001064,-0.052922337182,1.48412641228,0.343995191683,-0.0322135965456,0.0655776786821,100.0
15.274728,-1.30350017451,0.053305832379,0.228179642198,-0.052922337182,0.905815655246,0.908116626428,1.83809247908,26.2057876587,-0.317150527895,0.0874369049095,-0.0521553467881,1.48489340267,0.34437868688,-0.0318301013486,0.0648106882882,100.0
15.284712,-1.3046506601,0.053689327576,0.228563137395,-0.0510048611972,0.906199150443,0.908116626428,1.83885946948,26.2057876587,-0.318684508683,0.0866699145155,-0.053305832379,1.48450990748,0.34437868688,-0.0322135965456,0.0659611738791,100.0
15.294706,-1.3046506601,0.053689327576,0.228563137395,-0.0517718515911,0.90658264564,0.907733131231,1.83770898389,26.2057876587,-0.317917518289,0.0874369049095,-0.0525388419851,1.48489340267,0.34437868688,-0.0322135965456,0.0644271930912,100.0
15.304704,-1.3046506601,0.053689327576,0.228563137395,-0.0513883563942,0.90658264564,0.908500121625,1.83732548869,26.2057876587,-0.318301013486,0.0866699145155,-0.053305832379,1.48489340267,0.344762182077,-0.0322135965456,0.0651941834851,100.0
15.314701,-1.3038836697,0.053689327576,0.228563137395,-0.0517718515911,0.90658264564,0.908500121625,1.83847597428,26.2057876587,-0.318301013486,0.0866699145155,-0.052922337182,1.48489340267,0.34437868688,-0.0322135965456,0.0651941834851,100.0
15.324718,-1.3042671649,0.054072822773,0.227796147001,-0.0517718515911,0.90658264564,0.908500121625,1.83809247908,26.2057876587,-0.318684508683,0.0874369049095,-0.052922337182,1.48450990748,0.34437868688,-0.0318301013486,0.0655776786821,100.0
15.334731,-1.3046506601,0.053689327576,0.228563137395,-0.0510048611972,0.90658264564,0.908883616822,1.83847597428,26.2057876587,-0.318684508683,0.0874369049095,-0.0525388419851,1.48450990748,0.34437868688,-0.0325970917426,0.0659611738791,100.0
15.344730,-1.3046506601,0.053305832379,0.228179642198,-0.0517718515911,0.90658264564,0.909650607216,1.83924296467,26.2057876587,-0.318684508683,0.0878204001064,-0.0525388419851,1.48450990748,0.34437868688,-0.0318301013486,0.0651941834851,100.0
15.354732,-1.3046506601,0.054072822773,0.228563137395,-0.0510048611972,0.90658264564,0.909650607216,1.83847597428,26.2057876587,-0.317534023092,0.0882038953034,-0.052922337182,1.48527689787,0.344762182077,-0.0322135965456,0.066344669076,100.0
15.364729,-1.3046506601,0.054072822773,0.228563137395,-0.0517718515911,0.906199150443,0.91041759761,1.83809247908,26.2057876587,-0.318301013486,0.0870534097125,-0.0525388419851,1.48450990748,0.344762182077,-0.0318301013486,0.0655776786821,100.0
15.374972,-1.30541765049,0.053305832379,0.228946632592,-0.0517718515911,0.906199150443,0.91041759761,1.83924296467,26.2057876587,-0.318301013486,0.0874369049095,-0.0525388419851,1.48527689787,0.343995191683,-0.0322135965456,0.0655776786821,100.0
15.384880,-1.30503415529,0.053689327576,0.228179642198,-0.0513883563942,0.90658264564,0.91041759761,1.83847597428,26.2057876587,-0.318301013486,0.0870534097125,-0.053305832379,1.48450990748,0.343995191683,-0.0314466061517,0.0659611738791,100.0
15.394888,-1.30580114569,0.053689327576,0.228563137395,-0.0510048611972,0.906199150443,0.910801092807,1.83885946948,26.2057876587,-0.317917518289,0.0870534097125,-0.052922337182,1.48450990748,0.34437868688,-0.0318301013486,0.0659611738791,100.0
15.404827,-1.30580114569,0.054072822773,0.228946632592,-0.0521553467881,0.90658264564,0.911568083201,1.83694199349,26.2057876587,-0.318684508683,0.0882038953034,-0.0521553467881,1.48450990748,0.343995191683,-0.0318301013486,0.0655776786821,100.0
15.414777,-1.30618464088,0.053689327576,0.228563137395,-0.0506213660002,0.90658264564,0.910801092807,1.83847597428,26.2057876587,-0.317917518289,0.0874369049095,-0.053305832379,1.48450990748,0.34437868688,-0.0314466061517,0.0659611738791,100.0
15.424758,-1.30541765049,0.053689327576,0.228563137395,-0.0517718515911,0.905815655246,0.910801092807,1.83770898389,26.2057876587,-0.317534023092,0.0882038953034,-0.052922337182,1.48374291708,0.343995191683,-0.0318301013486,0.0651941834851,100.0
15.434738,-1.30541765049,0.053689327576,0.228179642198,-0.0510048611972,0.906966140837,0.911568083201,1.83924296467,26.2057876587,-0.317917518289,0.0862864193186,-0.052922337182,1.48450990748,0.343611696486,-0.0318301013486,0.0648106882882,100.0
15.444736,-1.30580114569,0.0544563179699,0.228563137395,-0.0517718515911,0.906199150443,0.910801092807,1.83924296467,26.2057876587,-0.31906800388,0.0874369049095,-0.0521553467881,1.48527689787,0.34437868688,-0.0314466061517,0.0651941834851,100.0
15.454739,-1.30618464088,0.054072822773,0.227796147001,-0.0517718515911,0.90658264564,0.91041759761,1.83694199349,26.2057876587,-0.318684508683,0.0878204001064,-0.052922337182,1.48412641228,0.34437868688,-0.0322135965456,0.0659611738791,100.0
15.464739,-1.30656813608,0.0544563179699,0.227796147001,-0.052922337182,0.906966140837,0.91041759761,1.83924296467,26.2057876587,-0.317917518289,0.0874369049095,-0.053305832379,1.48450990748,0.34437868688,-0.0318301013486,0.0655776786821,100.0
15.474731,-1.30656813608,0.053689327576,0.228563137395,-0.0513883563942,0.905815655246,0.910801092807,1.83847597428,26.2057876587,-0.317150527895,0.0874369049095,-0.053305832379,1.48489340267,0.343995191683,-0.0318301013486,0.0651941834851,100.0
15.484735,-1.30618464088,0.053305832379,0.228563137395,-0.0513883563942,0.90658264564,0.911568083201,1.83924296467,26.2057876587,-0.317917518289,0.0870534097125,-0.053305832379,1.48450990748,0.343995191683,-0.0318301013486,0.0655776786821,100.0
15.494735,-1.30695163128,0.052922337182,0.228563137395,-0.0513883563942,0.90658264564,0.910801092807,1.83885946948,26.2057876587,-0.317917518289,0.0866699145155,-0.052922337182,1.48412641228,0.343995191683,-0.0314466061517,0.0659611738791,100.0
15.504736,-1.30656813608,0.053305832379,0.228179642198,-0.0513883563942,0.906966140837,0.91041759761,1.83694199349,26.2057876587,-0.31906800388,0.0874369049095,-0.052922337182,1.48412641228,0.343995191683,-0.0325970917426,0.0651941834851,100.0
15.514736,-1.30618464088,0.0525388419851,0.228946632592,-0.0513883563942,0.907733131231,0.91041759761,1.83847597428,26.2057876587,-0.318301013486,0.0874369049095,-0.0525388419851,1.48374291708,0.343995191683,-0.0314466061517,0.0655776786821,100.0
15.524733,-1.30618464088,0.053689327576,0.228563137395,-0.0521553467881,0.90658264564,0.910034102413,1.83924296467,26.2057876587,-0.318301013486,0.0866699145155,-0.053305832379,1.48374291708,0.34437868688,-0.0314466061517,0.066728164273,100.0
15.534738,-1.30618464088,0.052922337182,0.227796147001,-0.0513883563942,0.906966140837,0.91041759761,1.83885946948,26.2057876587,-0.318301013486,0.0874369049095,-0.053305832379,1.48489340267,0.34437868688,-0.0310631109547,0.0655776786821,100.0
15.544740,-1.30618464088,0.053689327576,0.227796147001,-0.0517718515911,0.90658264564,0.910801092807,1.83924296467,26.2057876587,-0.318684508683,0.0878204001064,-0.052922337182,1.48450990748,0.343995191683,-0.0318301013486,0.0655776786821,100.0
15.554736,-1.30618464088,0.053689327576,0.227796147001,-0.0513883563942,0.906966140837,0.91041759761,1.83847597428,26.2057876587,-0.318684508683,0.0874369049095,-0.053689327576,1.48527689787,0.34437868688,-0.0322135965456,0.0659611738791,100.0
15.564728,-1.30618464088,0.053689327576,0.227796147001,-0.0513883563942,0.90658264564,0.910801092807,1.83924296467,26.2057876587,-0.317534023092,0.0874369049095,-0.052922337182,1.48412641228,0.34437868688,-0.0322135965456,0.066344669076,100.0
15.574731,-1.30618464088,0.0525388419851,0.228179642198,-0.0525388419851,0.907733131231,0.91041759761,1.83885946948,26.2057876587,-0.318684508683,0.0866699145155,-0.052922337182,1.48489340267,0.343995191683,-0.0322135965456,0.0659611738791,100.0
15.584737,-1.30695163128,0.052922337182,0.227796147001,-0.0513883563942,0.907349636034,0.910801092807,1.83924296467,26.2057876587,-0.317917518289,0.0866699145155,-0.052922337182,1.48450990748,0.343995191683,-0.0318301013486,0.0659611738791,100.0
15.594736,-1.30733512648,0.053305832379,0.227796147001,-0.0510048611972,0.90658264564,0.910034102413,1.83847597428,26.2057876587,-0.317917518289,0.0874369049095,-0.052922337182,1.48450990748,0.34437868688,-0.0318301013486,0.0648106882882,100.0
15.604737,-1.30580114569,0.0525388419851,0.228179642198,-0.0521553467881,0.90658264564,0.910801092807,1.83924296467,26.2057876587,-0.317917518289,0.0878204001064,-0.0521553467881,1.48374291708,0.34437868688,-0.0318301013486,0.0655776786821,100.0
15.614735,-1.30695163128,0.052922337182,0.228179642198,-0.0510048611972,0.906966140837,0.910801092807,1.83924296467,26.2057876587,-0.318684508683,0.0874369049095,-0.053305832379,1.48412641228,0.34437868688,-0.0314466061517,0.0651941834851,100.0
15.624733,-1.30618464088,0.0525388419851,0.228179642198,-0.0513883563942,0.907733131231,0.910801092807,1.83770898389,26.2057876587,-0.318301013486,0.0870534097125,-0.052922337182,1.48450990748,0.344762182077,-0.0322135965456,0.0655776786821,100.0
15.634730,-1.30656813608,0.0525388419851,0.227796147001,-0.0521553467881,0.907349636034,0.911951578398,1.83809247908,26.2057876587,-0.318301013486,0.0870534097125,-0.053305832379,1.48412641228,0.344762182077,-0.0318301013486,0.0655776786821,100.0
15.644763,-1.30618464088,0.0521553467881,0.228179642198,-0.0506213660002,0.907349636034,0.911568083201,1.83770898389,26.2057876587,-0.317917518289,0.0878204001064,-0.0525388419851,1.48450990748,0.34437868688,-0.0318301013486,0.0655776786821,100.0
15.654735,-1.30580114569,0.0525388419851,0.227796147001,-0.0513883563942,0.907733131231,0.911568083201,1.83847597428,26.2057876587,-0.317534023092,0.0878204001064,-0.053689327576,1.48450990748,0.344762182077,-0.0322135965456,0.0655776786821,100.0
15.664735,-1.30695163128,0.0521553467881,0.228563137395,-0.0517718515911,0.907733131231,0.910801092807,1.83885946948,26.2057876587,-0.318301013486,0.0878204001064,-0.052922337182,1.48412641228,0.344762182077,-0.0318301013486,0.0655776786821,100.0
15.674732,-1.30618464088,0.0513883563942,0.228563137395,-0.0521553467881,0.908116626428,0.910801092807,1.83847597428,26.2057876587,-0.318301013486,0.0878204001064,-0.052922337182,1.48450990748,0.34437868688,-0.0322135965456,0.0659611738791,100.0
15.684736,-1.30580114569,0.0521553467881,0.228563137395,-0.0521553467881,0.908500121625,0.910801092807,1.83847597428,26.2057876587,-0.318684508683,0.0874369049095,-0.053689327576,1.48527689787,0.345145677274,-0.0325970917426,0.0659611738791,100.0
15.694744,-1.30618464088,0.0513883563942,0.228179642198,-0.052922337182,0.908116626428,0.911951578398,1.83770898389,26.2057876587,-0.317917518289,0.0874369049095,-0.053305832379,1.48412641228,0.34437868688,-0.0314466061517,0.0659611738791,100.0
15.704738,-1.30580114569,0.0517718515911,0.228563137395,-0.0521553467881,0.908116626428,0.911568083201,1.83885946948,26.2057876587,-0.318301013486,0.0874369049095,-0.053305832379,1.48489340267,0.34437868688,-0.0310631109547,0.0651941834851,100.0
15.714733,-1.30580114569,0.0513883563942,0.228179642198,-0.0521553467881,0.909267112019,0.911568083201,1.83809247908,26.2057876587,-0.317534023092,0.0874369049095,-0.053305832379,1.48450990748,0.343228201289,-0.0322135965456,0.0651941834851,100.0
15.724733,-1.30656813608,0.0513883563942,0.228563137395,-0.0510048611972,0.908883616822,0.911568083201,1.83847597428,26.2057876587,-0.318301013486,0.0874369049095,-0.052922337182,1.48450990748,0.343995191683,-0.0318301013486,0.066344669076,100.0
15.734726,-1.30695163128,0.0513883563942,0.228563137395,-0.0525388419851,0.910034102413,0.911951578398,1.83770898389,26.2057876587,-0.318301013486,0.0874369049095,-0.053305832379,1.48450990748,0.343995191683,-0.0318301013486,0.0659611738791,100.0
15.744733,-1.30656813608,0.0506213660002,0.229330127789,-0.053305832379,0.910034102413,0.911568083201,1.83885946948,26.2057876587,-0.318301013486,0.0874369049095,-0.053689327576,1.48412641228,0.344762182077,-0.0318301013486,0.0651941834851,100.0
15.754749,-1.30656813608,0.0513883563942,0.228946632592,-0.0517718515911,0.911184588004,0.911568083201,1.83770898389,26.2057876587,-0.317917518289,0.0874369049095,-0.052922337182,1.48412641228,0.343995191683,-0.0322135965456,0.0659611738791,100.0
15.764739,-1.30695163128,0.0502378708032,0.23048061338,-0.0513883563942,0.910034102413,0.911568083201,1.83770898389,26.2057876587,-0.31906800388,0.0878204001064,-0.0521553467881,1.48450990748,0.343995191683,-0.0318301013486,0.0655776786821,100.0
15.774733,-1.30695163128,0.0487038900154,0.232014594168,-0.0521553467881,0.909650607216,0.911568083201,1.83770898389,26.2057876587,-0.317534023092,0.0878204001064,-0.0525388419851,1.48450990748,0.343995191683,-0.0322135965456,0.066344669076,100.0
15.784734,-1.30695163128,0.0475534044244,0.232398089365,-0.0506213660002,0.909650607216,0.911568083201,1.83770898389,26.2057876587,-0.318684508683,0.0870534097125,-0.053305832379,1.48527689787,0.344762182077,-0.0322135965456,0.066344669076,100.0
15.794733,-1.30656813608,0.0479368996214,0.233932070153,-0.0517718515911,0.909267112019,0.911568083201,1.83770898389,26.2057876587,-0.31906800388,0.0870534097125,-0.052922337182,1.48412641228,0.343611696486,-0.0318301013486,0.0651941834851,100.0
15.804737,-1.30656813608,0.0471699092275,0.233932070153,-0.0525388419851,0.908883616822,0.911951578398,1.8365584983,26.2057876587,-0.317534023092,0.0870534097125,-0.052922337182,1.48450990748,0.343995191683,-0.0310631109547,0.0655776786821,100.0
15.814735,-1.30656813608,0.0460194236366,0.234699060546,-0.0517718515911,0.908500121625,0.911568083201,1.84077694546,26.2057876587,-0.318301013486,0.0882038953034,-0.052922337182,1.48450990748,0.343611696486,-0.0314466061517,0.0651941834851,100.0
15.824733,-1.30695163128,0.0456359284396,0.233932070153,-0.0510048611972,0.908116626428,0.910034102413,1.84231092625,26.2057876587,-0.319451499077,0.0878204001064,-0.0521553467881,1.48412641228,0.343995191683,-0.0322135965456,0.0659611738791,100.0
15.834731,-1.30618464088,0.0433349572578,0.234699060546,-0.0517718515911,0.907733131231,0.910034102413,1.84652937342,26.2057876587,-0.318684508683,0.0878204001064,-0.0517718515911,1.48374291708,0.344762182077,-0.0325970917426,0.0651941834851,100.0
15.844734,-1.30695163128,0.0429514620608,0.236233041334,-0.052922337182,0.907349636034,0.909650607216,1.8492138398,26.2057876587,-0.317534023092,0.0874369049095,-0.053305832379,1.48450990748,0.34437868688,-0.0322135965456,0.0648106882882,100.0
15.854735,-1.30580114569,0.0421844716668,0.235849546137,-0.0517718515911,0.906199150443,0.908883616822,1.85151481098,26.2057876587,-0.317917518289,0.0870534097125,-0.0517718515911,1.48489340267,0.34437868688,-0.0329805869395,0.0659611738791,100.0
15.864735,-1.30618464088,0.040266995682,0.236233041334,-0.0510048611972,0.905815655246,0.908883616822,1.85304879177,26.2057876587,-0.318684508683,0.0874369049095,-0.053305832379,1.48450990748,0.34437868688,-0.0322135965456,0.0655776786821,100.0
15.874732,-1.30656813608,0.039883500485,0.236233041334,-0.0517718515911,0.904665169655,0.909650607216,1.85611675334,26.2057876587,-0.318301013486,0.0866699145155,-0.052922337182,1.48412641228,0.34437868688,-0.0322135965456,0.0651941834851,100.0
15.884728,-1.30695163128,0.0383495196971,0.236233041334,-0.0521553467881,0.903514684065,0.909650607216,1.85688374374,26.2057876587,-0.317917518289,0.0870534097125,-0.0525388419851,1.48412641228,0.344762182077,-0.0314466061517,0.0659611738791,100.0
15.894732,-1.30580114569,0.0371990341062,0.236616536531,-0.0517718515911,0.901980703277,0.910801092807,1.86033520051,26.2057876587,-0.317917518289,0.0874369049095,-0.0525388419851,1.48489340267,0.343995191683,-0.0314466061517,0.0648106882882,100.0
15.904714,-1.30656813608,0.0352815581214,0.236616536531,-0.0513883563942,0.900830217686,0.911951578398,1.8611021909,26.2057876587,-0.318684508683,0.0878204001064,-0.053305832379,1.48450990748,0.343995191683,-0.0318301013486,0.0651941834851,100.0
15.914706,-1.30695163128,0.0333640821365,0.237383526925,-0.0510048611972,0.899296236898,0.912718568792,1.86340316208,26.2057876587,-0.31906800388,0.0874369049095,-0.053305832379,1.48489340267,0.343995191683,-0.0314466061517,0.0651941834851,100.0
15.924706,-1.30695163128,0.0318301013486,0.237000031728,-0.0521553467881,0.898529246504,0.913485559186,1.86532063807,26.2057876587,-0.318684508683,0.0874369049095,-0.053689327576,1.48450990748,0.34437868688,-0.0318301013486,0.0655776786821,100.0
15.934703,-1.30656813608,0.0302961205607,0.237383526925,-0.0517718515911,0.896995265716,0.91425254958,1.86647112366,26.2057876587,-0.318684508683,0.0870534097125,-0.0525388419851,1.48412641228,0.34437868688,-0.0318301013486,0.0655776786821,100.0
15.944739,-1.30618464088,0.0283786445759,0.237767022122,-0.0517718515911,0.895461284928,0.915019539974,1.86647112366,26.2057876587,-0.317917518289,0.0870534097125,-0.052922337182,1.48489340267,0.34437868688,-0.0318301013486,0.0651941834851,100.0
15.954743,-1.30656813608,0.026461168591,0.237000031728,-0.0513883563942,0.893543808943,0.915019539974,1.86647112366,26.2057876587,-0.318301013486,0.0870534097125,-0.0525388419851,1.48412641228,0.343995191683,-0.0310631109547,0.0651941834851,100.0
15.964756,-1.30695163128,0.0245436926062,0.237000031728,-0.0517718515911,0.892776818549,0.915403035171,1.86800510445,26.2057876587,-0.318301013486,0.0878204001064,-0.0525388419851,1.48450990748,0.344762182077,-0.0318301013486,0.0659611738791,100.0
15.974726,-1.30618464088,0.0222427214243,0.237383526925,-0.0517718515911,0.891242837761,0.916170025565,1.86877209484,26.2057876587,-0.318301013486,0.0874369049095,-0.0525388419851,1.48412641228,0.343995191683,-0.0318301013486,0.0659611738791,100.0
15.984709,-1.30580114569,0.0195582550455,0.237767022122,-0.0521553467881,0.888558371383,0.918087501549,1.86838859964,26.2057876587,-0.318301013486,0.0866699145155,-0.053305832379,1.48412641228,0.343995191683,-0.0322135965456,0.0659611738791,100.0
15.994708,-1.30618464088,0.0176407790607,0.238534012516,-0.0510048611972,0.887407885792,0.91923798714,1.86877209484,26.2057876587,-0.317534023092,0.0866699145155,-0.052922337182,1.48374291708,0.343995191683,-0.0318301013486,0.0659611738791,100.0
16.004706,-1.30580114569,0.0149563126819,0.238150517319,-0.0513883563942,0.886640895398,0.919621482337,1.86953908524,26.2057876587,-0.317534023092,0.0866699145155,-0.052922337182,1.48527689787,0.343995191683,-0.0310631109547,0.0651941834851,100.0
16.014708,-1.30656813608,0.0126553415001,0.238534012516,-0.0510048611972,0.88510691461,0.921538958322,1.86877209484,26.2057876587,-0.317534023092,0.0878204001064,-0.0521553467881,1.48527689787,0.344762182077,-0.0314466061517,0.0651941834851,100.0
16.024705,-1.30618464088,0.0111213607122,0.237767022122,-0.0517718515911,0.884339924216,0.923456434307,1.86838859964,26.2057876587,-0.318301013486,0.0870534097125,-0.052922337182,1.48489340267,0.344762182077,-0.0322135965456,0.0644271930912,100.0
16.034706,-1.30656813608,0.00843689433337,0.238917507713,-0.0521553467881,0.882805943428,0.925757405489,1.86877209484,26.2057876587,-0.318301013486,0.0874369049095,-0.0525388419851,1.48450990748,0.343611696486,-0.0314466061517,0.0659611738791,100.0
16.044707,-1.30618464088,0.00460194236366,0.238534012516,-0.052922337182,0.88127196264,0.92690789108,1.86915559004,26.2057876587,-0.318684508683,0.0866699145155,-0.053305832379,1.48412641228,0.345145677274,-0.0314466061517,0.0651941834851,100.0
16.054707,-1.30618464088,0.0026844663788,0.238534012516,-0.0521553467881,0.879737981852,0.929208862262,1.86877209484,26.2057876587,-0.318301013486,0.0885873905004,-0.052922337182,1.48450990748,0.34437868688,-0.0318301013486,0.066344669076,100.0
16.064713,-1.30580114569,0.0,0.239684498107,-0.0513883563942,0.878970991458,0.931126338246,1.86877209484,26.2057876587,-0.318684508683,0.0870534097125,-0.0521553467881,1.48450990748,0.343995191683,-0.0314466061517,0.066344669076,100.0
16.074709,-1.30656813608,-0.00383495196971,0.240067993304,-0.0517718515911,0.878204001064,0.933043814231,1.86915559004,26.2057876587,-0.318301013486,0.0866699145155,-0.052922337182,1.48489340267,0.343995191683,-0.0314466061517,0.0651941834851,100.0
16.084709,-1.30618464088,-0.00460194236366,0.240067993304,-0.0517718515911,0.877053515473,0.935344785413,1.86877209484,26.2057876587,-0.318684508683,0.0874369049095,-0.053305832379,1.48489340267,0.34437868688,-0.0325970917426,0.0651941834851,100.0
16.094706,-1.30656813608,-0.00843689433337,0.241601974092,-0.0521553467881,0.876670020277,0.938412746989,1.86953908524,26.2057876587,-0.318301013486,0.0870534097125,-0.053305832379,1.48412641228,0.344762182077,-0.0322135965456,0.0655776786821,100.0
16.104706,-1.30656813608,-0.0107378655152,0.241985469289,-0.052922337182,0.87628652508,0.940713718171,1.86953908524,26.2057876587,-0.318684508683,0.0878204001064,-0.053689327576,1.48450990748,0.343995191683,-0.0310631109547,0.0655776786821,100.0
16.114721,-1.30580114569,-0.013038836697,0.242752459683,-0.0513883563942,0.875903029883,0.944165174943,1.86800510445,26.2057876587,-0.317917518289,0.0874369049095,-0.053689327576,1.48412641228,0.34437868688,-0.0314466061517,0.066344669076,100.0
16.124715,-1.30733512648,-0.0157233030758,0.243902945274,-0.0517718515911,0.875519534686,0.947233136519,1.86915559004,26.2057876587,-0.317917518289,0.0878204001064,-0.052922337182,1.48450990748,0.343995191683,-0.0318301013486,0.0659611738791,100.0
16.134709,-1.30695163128,-0.0184077694546,0.244669935668,-0.052922337182,0.87628652508,0.949150612504,1.86838859964,26.2057876587,-0.318301013486,0.0885873905004,-0.0525388419851,1.48374291708,0.344762182077,-0.0318301013486,0.0651941834851,100.0
16.144709,-1.30618464088,-0.0207087406365,0.245053430865,-0.0513883563942,0.876670020277,0.95221857408,1.86800510445,26.2057876587,-0.318684508683,0.0878204001064,-0.052922337182,1.48450990748,0.343995191683,-0.0314466061517,0.0651941834851,100.0
16.154705,-1.30695163128,-0.0230097118183,0.24697090685,-0.0517718515911,0.87628652508,0.956437021247,1.86838859964,26.2057876587,-0.318684508683,0.0870534097125,-0.053689327576,1.48527689787,0.34437868688,-0.0322135965456,0.0644271930912,100.0
16.164711,-1.30695163128,-0.0256941781971,0.248504887637,-0.0513883563942,0.877053515473,0.959121487625,1.86915559004,26.2057876587,-0.318301013486,0.0874369049095,-0.052922337182,1.48566039307,0.344762182077,-0.0318301013486,0.0648106882882,100.0
16.175004,-1.30618464088,-0.0291456349698,0.250038868425,-0.0525388419851,0.877053515473,0.963339934792,1.86992258043,26.2057876587,-0.318301013486,0.0878204001064,-0.053305832379,1.48489340267,0.34437868688,-0.0322135965456,0.0659611738791,100.0
16.184851,-1.30618464088,-0.0310631109547,0.251572849213,-0.0525388419851,0.877053515473,0.966407896368,1.86800510445,26.2057876587,-0.318684508683,0.0874369049095,-0.0525388419851,1.48489340267,0.344762182077,-0.0318301013486,0.0644271930912,100.0
16.195456,-1.30580114569,-0.0329805869395,0.253106830001,-0.0517718515911,0.877053515473,0.969859353141,1.86877209484,26.2057876587,-0.318684508683,0.0882038953034,-0.053305832379,1.48489340267,0.344762182077,-0.0310631109547,0.0648106882882,100.0
16.204782,-1.30618464088,-0.0360485485153,0.255407801183,-0.052922337182,0.877053515473,0.974077800307,1.86838859964,26.2057876587,-0.31906800388,0.0862864193186,-0.053305832379,1.48450990748,0.34437868688,-0.0314466061517,0.066344669076,100.0
16.214777,-1.30618464088,-0.0379660245002,0.256941781971,-0.0510048611972,0.87743701067,0.979063237868,1.86915559004,26.2057876587,-0.318301013486,0.0878204001064,-0.052922337182,1.48450990748,0.344762182077,-0.0314466061517,0.0655776786821,100.0
16.224775,-1.30580114569,-0.040266995682,0.25962624835,-0.0521553467881,0.87743701067,0.982514694641,1.86877209484,26.2057876587,-0.317534023092,0.0874369049095,-0.0525388419851,1.48489340267,0.344762182077,-0.0325970917426,0.0659611738791,100.0
16.234859,-1.30580114569,-0.0433349572578,0.261543724334,-0.0525388419851,0.87743701067,0.985966151413,1.86992258043,26.2057876587,-0.317150527895,0.0870534097125,-0.0521553467881,1.48527689787,0.343995191683,-0.0325970917426,0.0655776786821,100.0
16.244783,-1.30503415529,-0.0448689380456,0.263461200319,-0.0521553467881,0.877053515473,0.990568093777,1.86877209484,26.2057876587,-0.317917518289,0.0874369049095,-0.052922337182,1.48374291708,0.344762182077,-0.0322135965456,0.0651941834851,100.0
16.254758,-1.30580114569,-0.0483203948184,0.266529161895,-0.0521553467881,0.877820505867,0.994786540944,1.86915559004,26.2057876587,-0.318301013486,0.0870534097125,-0.0525388419851,1.48489340267,0.34437868688,-0.0322135965456,0.0651941834851,100.0
16.264725,-1.3046506601,-0.0498543756063,0.268830133077,-0.0525388419851,0.877820505867,0.998621492913,1.86877209484,26.2057876587,-0.317917518289,0.0866699145155,-0.052922337182,1.48412641228,0.344762182077,-0.0310631109547,0.0651941834851,100.0
16.274713,-1.3042671649,-0.0525388419851,0.270747609062,-0.0513883563942,0.877820505867,1.00322343528,1.86992258043,26.2057876587,-0.31906800388,0.0874369049095,-0.053305832379,1.48374291708,0.345145677274,-0.0318301013486,0.0651941834851,100.0
16.284711,-1.30350017451,-0.054072822773,0.274966056228,-0.0513883563942,0.87743701067,1.00705838725,1.86953908524,26.2057876587,-0.318301013486,0.0870534097125,-0.052922337182,1.48412641228,0.344762182077,-0.0314466061517,0.0659611738791,100.0
16.294710,-1.30273318411,-0.0571407843487,0.27726702741,-0.0513883563942,0.877820505867,1.01127683441,1.86915559004,26.2057876587,-0.317917518289,0.0870534097125,-0.053305832379,1.48566039307,0.343995191683,-0.0325970917426,0.0659611738791,100.0
16.304715,-1.30158269852,-0.0590582603336,0.279567998592,-0.0517718515911,0.87743701067,1.01587877678,1.86953908524,26.2057876587,-0.318684508683,0.0866699145155,-0.0525388419851,1.48527689787,0.344762182077,-0.0318301013486,0.066344669076,100.0
16.314714,-1.30119920332,-0.0605922411215,0.281485474577,-0.0517718515911,0.877053515473,1.01933023355,1.86877209484,26.2057876587,-0.318301013486,0.0870534097125,-0.053305832379,1.48450990748,0.34437868688,-0.0314466061517,0.0655776786821,100.0
16.324711,-1.30043221293,-0.0628932123033,0.28493693135,-0.0525388419851,0.87743701067,1.02316518552,1.86992258043,26.2057876587,-0.318301013486,0.0874369049095,-0.053305832379,1.48450990748,0.343995191683,-0.0314466061517,0.0651941834851,100.0
16.334712,-1.29928172734,-0.0636602026972,0.286470912138,-0.0513883563942,0.87743701067,1.02700013749,1.86953908524,26.2057876587,-0.317917518289,0.0870534097125,-0.0525388419851,1.48374291708,0.343995191683,-0.0318301013486,0.0659611738791,100.0
16.344712,-1.29813124175,-0.0659611738791,0.28992236891,-0.0513883563942,0.87743701067,1.03045159426,1.86992258043,26.2057876587,-0.317917518289,0.0882038953034,-0.052922337182,1.48450990748,0.34437868688,-0.0318301013486,0.0651941834851,100.0
16.354710,-1.29736425135,-0.0686456402579,0.291456349698,-0.0513883563942,0.877820505867,1.03351955584,1.86877209484,26.2057876587,-0.318684508683,0.0866699145155,-0.052922337182,1.48489340267,0.344762182077,-0.0322135965456,0.0644271930912,100.0
16.364716,-1.29583027057,-0.0705631162427,0.294524311274,-0.0510048611972,0.877820505867,1.03658751741,1.86992258043,26.2057876587,-0.318684508683,0.0870534097125,-0.052922337182,1.48450990748,0.343995191683,-0.0318301013486,0.066344669076,100.0
16.374706,-1.29544677537,-0.0709466114397,0.29759227285,-0.0506213660002,0.878204001064,1.03965547899,1.87068957083,26.2057876587,-0.31906800388,0.0866699145155,-0.053305832379,1.48450990748,0.34437868688,-0.0318301013486,0.0659611738791,100.0
16.384702,-1.29237881379,-0.0736310778185,0.299893244032,-0.0510048611972,0.87743701067,1.04118945978,1.87107306602,26.2057876587,-0.318684508683,0.0878204001064,-0.053305832379,1.48412641228,0.343995191683,-0.0314466061517,0.0655776786821,100.0
16.394699,-1.2912283282,-0.0747815634094,0.302194215213,-0.0513883563942,0.87743701067,1.04502441175,1.87260704681,26.2057876587,-0.318301013486,0.0874369049095,-0.0525388419851,1.48412641228,0.343995191683,-0.0318301013486,0.0651941834851,100.0
16.404701,-1.28969434741,-0.0763155441973,0.304878681592,-0.0510048611972,0.87743701067,1.04655839253,1.87260704681,26.2057876587,-0.318301013486,0.0870534097125,-0.0517718515911,1.48450990748,0.343995191683,-0.0314466061517,0.0659611738791,100.0
16.414703,-1.28739337623,-0.0786165153791,0.307563147971,-0.0510048611972,0.878204001064,1.04962635411,1.87337403721,26.2057876587,-0.318684508683,0.0870534097125,-0.0525388419851,1.48450990748,0.344762182077,-0.0314466061517,0.06711165947,100.0
16.424700,-1.28624289064,-0.080150496167,0.309480623956,-0.0510048611972,0.878204001064,1.0511603349,1.87529151319,26.2057876587,-0.318301013486,0.0878204001064,-0.052922337182,1.48412641228,0.344762182077,-0.0318301013486,0.066344669076,100.0
16.434702,-1.28317492907,-0.0816844769549,0.311014604744,-0.0506213660002,0.87743701067,1.05346130608,1.87644199878,26.2057876587,-0.318684508683,0.0874369049095,-0.0525388419851,1.48450990748,0.34437868688,-0.0318301013486,0.0659611738791,100.0
16.444701,-1.28049046269,-0.0832184577428,0.313699071123,-0.0510048611972,0.877820505867,1.05384480128,1.87874296996,26.2057876587,-0.318301013486,0.0870534097125,-0.053305832379,1.48450990748,0.34437868688,-0.0322135965456,0.0648106882882,100.0
16.454702,-1.2793399771,-0.0839854481367,0.316000042304,-0.0513883563942,0.87743701067,1.05691276285,1.88027695075,26.2057876587,-0.318301013486,0.0882038953034,-0.053305832379,1.48489340267,0.344762182077,-0.0314466061517,0.0651941834851,100.0
16.464704,-1.27703900591,-0.0851359337276,0.318301013486,-0.0513883563942,0.87743701067,1.05767975325,1.88181093154,26.2057876587,-0.318301013486,0.0870534097125,-0.0525388419851,1.48450990748,0.343611696486,-0.0318301013486,0.0644271930912,100.0
16.474701,-1.27512152993,-0.0874369049095,0.320218489471,-0.054072822773,0.877053515473,1.05767975325,1.88411190272,26.2057876587,-0.317534023092,0.0878204001064,-0.052922337182,1.48450990748,0.343995191683,-0.0314466061517,0.0659611738791,100.0
16.484702,-1.27090308276,-0.0874369049095,0.321368975062,-0.0506213660002,0.87743701067,1.05806324844,1.88334491233,26.2057876587,-0.31906800388,0.0866699145155,-0.0525388419851,1.48412641228,0.343995191683,-0.0310631109547,0.0655776786821,100.0
16.494702,-1.26936910198,-0.0882038953034,0.323286451047,-0.0510048611972,0.87743701067,1.05921373403,1.8864128739,26.2057876587,-0.318301013486,0.0882038953034,-0.0525388419851,1.48450990748,0.344762182077,-0.0329805869395,0.0655776786821,100.0
16.504699,-1.2663011404,-0.0893543808943,0.324436936638,-0.0513883563942,0.87743701067,1.05959722923,1.8864128739,26.2057876587,-0.318301013486,0.0866699145155,-0.052922337182,1.48527689787,0.343611696486,-0.0325970917426,0.0651941834851,100.0
16.514703,-1.26246618843,-0.0897378760913,0.325970917426,-0.0513883563942,0.877820505867,1.06074771482,1.88794685469,26.2057876587,-0.317917518289,0.0866699145155,-0.053689327576,1.48412641228,0.344762182077,-0.0318301013486,0.0655776786821,100.0
16.524702,-1.26054871244,-0.0912718568792,0.327888393411,-0.0510048611972,0.878204001064,1.06113121002,1.88909734028,26.2057876587,-0.318684508683,0.0882038953034,-0.0525388419851,1.48450990748,0.344762182077,-0.0318301013486,0.0655776786821,100.0
16.534703,-1.25671376048,-0.0916553520762,0.329805869395,-0.0513883563942,0.877820505867,1.06113121002,1.89024782587,26.2057876587,-0.317917518289,0.0870534097125,-0.053305832379,1.48450990748,0.344762182077,-0.0318301013486,0.0655776786821,100.0
16.544701,-1.25287880851,-0.0924223424701,0.330189364592,-0.0506213660002,0.878587496261,1.06151470522,1.89216530186,26.2057876587,-0.318684508683,0.0870534097125,-0.053305832379,1.48450990748,0.344762182077,-0.0314466061517,0.066344669076,100.0
16.554727,-1.24904385654,-0.093956323258,0.330572859789,-0.0521553467881,0.879737981852,1.06189820041,1.89101481627,26.2057876587,-0.317917518289,0.0870534097125,-0.053305832379,1.48450990748,0.34437868688,-0.0318301013486,0.0659611738791,100.0
16.564741,-1.24674288535,-0.093572828061,0.33172334538,-0.0506213660002,0.879354486655,1.06189820041,1.89293229225,26.2057876587,-0.318684508683,0.0874369049095,-0.052922337182,1.48489340267,0.343995191683,-0.0314466061517,0.0659611738791,100.0
16.574714,-1.24290793338,-0.094339818455,0.33172334538,-0.0510048611972,0.881655457837,1.06266519081,1.89331578745,26.2057876587,-0.318301013486,0.0870534097125,-0.0525388419851,1.48489340267,0.343611696486,-0.0322135965456,0.0659611738791,100.0
16.584705,-1.23868948622,-0.094339818455,0.331339850183,-0.0506213660002,0.881655457837,1.0634321812,1.89369928264,26.2057876587,-0.318301013486,0.0878204001064,-0.052922337182,1.48527689787,0.34437868688,-0.0318301013486,0.0659611738791,100.0
16.594700,-1.23638851504,-0.0958737992428,0.33172334538,-0.0510048611972,0.883572933822,1.063048686,1.89369928264,26.2057876587,-0.317917518289,0.0874369049095,-0.0521553467881,1.48489340267,0.34437868688,-0.0318301013486,0.0655776786821,100.0
16.604704,-1.23255356307,-0.0966407896368,0.330956354986,-0.0510048611972,0.886257400201,1.06496616199,1.89408277784,26.2057876587,-0.317534023092,0.0870534097125,-0.0525388419851,1.48527689787,0.343611696486,-0.0310631109547,0.0655776786821,100.0
16.614701,-1.22910210629,-0.0954903040459,0.330956354986,-0.0517718515911,0.888174876186,1.06573315238,1.89408277784,26.2057876587,-0.318301013486,0.0866699145155,-0.053689327576,1.48412641228,0.343995191683,-0.0314466061517,0.0651941834851,100.0
16.624702,-1.22565064952,-0.0962572944398,0.332490335774,-0.0510048611972,0.890475847367,1.06726713317,1.89293229225,26.2057876587,-0.318684508683,0.0870534097125,-0.052922337182,1.48489340267,0.344762182077,-0.0314466061517,0.066728164273,100.0
16.634703,-1.22181569755,-0.0966407896368,0.331339850183,-0.0510048611972,0.892393323352,1.06765062837,1.89331578745,26.2057876587,-0.318301013486,0.0870534097125,-0.0525388419851,1.48450990748,0.343995191683,-0.0318301013486,0.0659611738791,100.0
16.644705,-1.21874773597,-0.0958737992428,0.33172334538,-0.0521553467881,0.895844780125,1.06803412357,1.89408277784,26.2057876587,-0.317917518289,0.0878204001064,-0.052922337182,1.48489340267,0.343995191683,-0.0318301013486,0.0651941834851,100.0
16.654714,-1.21491278401,-0.0966407896368,0.331339850183,-0.0517718515911,0.898145751307,1.06995159955,1.89331578745,26.2057876587,-0.316767032698,0.0878204001064,-0.052922337182,1.48489340267,0.343995191683,-0.0318301013486,0.066728164273,100.0
16.664721,-1.21184482243,-0.0962572944398,0.331339850183,-0.0502378708032,0.90159720808,1.07071858994,1.89369928264,26.2057876587,-0.317150527895,0.0870534097125,-0.053305832379,1.48374291708,0.345145677274,-0.0310631109547,0.0651941834851,100.0
16.674723,-1.20839336566,-0.0962572944398,0.332106840577,-0.0525388419851,0.903898179261,1.07340305632,1.89446627304,26.2057876587,-0.317534023092,0.0874369049095,-0.053689327576,1.48412641228,0.344762182077,-0.0322135965456,0.066728164273,100.0
16.684716,-1.20379142329,-0.0954903040459,0.33172334538,-0.0521553467881,0.90658264564,1.07455354191,1.89331578745,26.2057876587,-0.317917518289,0.0874369049095,-0.053305832379,1.48450990748,0.34437868688,-0.0314466061517,0.0655776786821,100.0
16.694754,-1.20187394731,-0.0958737992428,0.33172334538,-0.0517718515911,0.910034102413,1.0760875227,1.89446627304,26.2057876587,-0.318684508683,0.0874369049095,-0.0525388419851,1.48412641228,0.34437868688,-0.0314466061517,0.0655776786821,100.0
16.704760,-1.19727200494,-0.0954903040459,0.330956354986,-0.0502378708032,0.911951578398,1.07877198908,1.89216530186,26.2057876587,-0.317917518289,0.0874369049095,-0.053305832379,1.48450990748,0.34437868688,-0.0318301013486,0.0659611738791,100.0
16.714770,-1.19382054817,-0.0954903040459,0.33172334538,-0.0513883563942,0.913869054383,1.07992247467,1.89331578745,26.2057876587,-0.318684508683,0.0870534097125,-0.053689327576,1.48412641228,0.34437868688,-0.0329805869395,0.066344669076,100.0
16.724743,-1.1899855962,-0.0958737992428,0.331339850183,-0.0517718515911,0.916170025565,1.08145645546,1.89331578745,26.2057876587,-0.317917518289,0.0866699145155,-0.053305832379,1.48374291708,0.34437868688,-0.0322135965456,0.066344669076,100.0
16.734729,-1.18576714904,-0.0966407896368,0.331339850183,-0.0510048611972,0.918087501549,1.08337393144,1.89293229225,26.2057876587,-0.318301013486,0.0874369049095,-0.0525388419851,1.48527689787,0.343995191683,-0.0325970917426,0.0648106882882,100.0
16.744730,-1.18116520667,-0.0954903040459,0.332106840577,-0.0517718515911,0.918854491943,1.08490791223,1.89408277784,26.2057876587,-0.318301013486,0.0874369049095,-0.052922337182,1.48450990748,0.34437868688,-0.0322135965456,0.066344669076,100.0
16.754726,-1.17694675951,-0.0951068088489,0.332106840577,-0.0506213660002,0.920771967928,1.08720888341,1.89369928264,26.2057876587,-0.318301013486,0.0870534097125,-0.0521553467881,1.48450990748,0.34437868688,-0.0322135965456,0.0651941834851,100.0
16.764727,-1.17311180754,-0.0954903040459,0.33172334538,-0.0513883563942,0.920004977534,1.08720888341,1.89331578745,26.2057876587,-0.317917518289,0.0878204001064,-0.052922337182,1.48374291708,0.343995191683,-0.0318301013486,0.0655776786821,100.0
16.774748,-1.16927685557,-0.0951068088489,0.332106840577,-0.0517718515911,0.920771967928,1.0887428642,1.89446627304,26.2057876587,-0.318684508683,0.0882038953034,-0.052922337182,1.48450990748,0.345145677274,-0.0314466061517,0.0655776786821,100.0
16.784725,-1.16352442761,-0.0962572944398,0.332873830971,-0.0510048611972,0.921155463125,1.09027684499,1.89293229225,26.2057876587,-0.317917518289,0.0874369049095,-0.0525388419851,1.48450990748,0.34437868688,-0.0329805869395,0.0659611738791,100.0
16.794707,-1.15930598044,-0.0954903040459,0.33172334538,-0.0510048611972,0.920004977534,1.09104383538,1.89408277784,26.2057876587,-0.318301013486,0.0866699145155,-0.054072822773,1.48489340267,0.345145677274,-0.0325970917426,0.0651941834851,100.0
16.804704,-1.15508753328,-0.0958737992428,0.332873830971,-0.0517718515911,0.920388472731,1.09257781617,1.89254879705,26.2057876587,-0.318301013486,0.0874369049095,-0.0525388419851,1.48412641228,0.34437868688,-0.0322135965456,0.0655776786821,100.0
16.814709,-1.14971860052,-0.0954903040459,0.332490335774,-0.0506213660002,0.920771967928,1.09181082578,1.89446627304,26.2057876587,-0.318684508683,0.0878204001064,-0.0525388419851,1.48412641228,0.34437868688,-0.0322135965456,0.0655776786821,100.0
16.824705,-1.14473316296,-0.0962572944398,0.332873830971,-0.0513883563942,0.921155463125,1.09257781617,1.89369928264,26.2057876587,-0.318301013486,0.0874369049095,-0.0525388419851,1.48450990748,0.343995191683,-0.0310631109547,0.0659611738791,100.0
16.834703,-1.1397477254,-0.0958737992428,0.33172334538,-0.0513883563942,0.919621482337,1.09296131137,1.89331578745,26.2057876587,-0.318301013486,0.0874369049095,-0.053305832379,1.48489340267,0.344762182077,-0.0318301013486,0.066728164273,100.0
16.844702,-1.13476228784,-0.0958737992428,0.333257326168,-0.0513883563942,0.919621482337,1.09334480657,1.89216530186,26.2057876587,-0.317917518289,0.0862864193186,-0.0525388419851,1.48527689787,0.344762182077,-0.0322135965456,0.066344669076,100.0
16.854784,-1.12939335508,-0.0958737992428,0.332490335774,-0.0521553467881,0.920004977534,1.09487878735,1.89369928264,26.2057876587,-0.318301013486,0.0870534097125,-0.0525388419851,1.48527689787,0.34437868688,-0.0318301013486,0.0655776786821,100.0
16.864742,-1.12402442232,-0.0954903040459,0.333257326168,-0.0510048611972,0.919621482337,1.09411179696,1.89331578745,26.2057876587,-0.31906800388,0.0874369049095,-0.0517718515911,1.48450990748,0.34437868688,-0.0318301013486,0.0655776786821,100.0
16.874716,-1.11942247996,-0.0951068088489,0.332873830971,-0.0517718515911,0.920004977534,1.09334480657,1.89331578745,26.2057876587,-0.317534023092,0.0878204001064,-0.053305832379,1.48450990748,0.343611696486,-0.0325970917426,0.0655776786821,100.0
16.884718,-1.1140535472,-0.0947233136519,0.332873830971,-0.0506213660002,0.919621482337,1.09334480657,1.89331578745,26.2057876587,-0.318684508683,0.0874369049095,-0.052922337182,1.48412641228,0.344762182077,-0.0314466061517,0.0651941834851,100.0
16.894720,-1.10868461444,-0.0947233136519,0.333257326168,-0.0510048611972,0.919621482337,1.09219432097,1.89369928264,26.2057876587,-0.318301013486,0.0874369049095,-0.052922337182,1.48450990748,0.34437868688,-0.0314466061517,0.0655776786821,100.0
16.904717,-1.10254869129,-0.0947233136519,0.332873830971,-0.0525388419851,0.918854491943,1.09219432097,1.89446627304,26.2057876587,-0.317917518289,0.0870534097125,-0.052922337182,1.48412641228,0.344762182077,-0.0325970917426,0.0648106882882,100.0
16.914720,-1.09679626334,-0.0947233136519,0.332873830971,-0.0506213660002,0.920004977534,1.09181082578,1.89331578745,26.2057876587,-0.317917518289,0.0882038953034,-0.052922337182,1.48450990748,0.344762182077,-0.0318301013486,0.0659611738791,100.0
16.924723,-1.09181082578,-0.093956323258,0.332873830971,-0.0513883563942,0.91923798714,1.09142733058,1.89408277784,26.2057876587,-0.317917518289,0.0866699145155,-0.052922337182,1.48566039307,0.34437868688,-0.0325970917426,0.0651941834851,100.0
16.934714,-1.08682538822,-0.094339818455,0.332873830971,-0.0506213660002,0.91923798714,1.09104383538,1.89369928264,26.2057876587,-0.318301013486,0.0882038953034,-0.0521553467881,1.48566039307,0.34437868688,-0.0314466061517,0.0655776786821,100.0
16.944717,-1.08068946507,-0.094339818455,0.332873830971,-0.0502378708032,0.918470996746,1.09066034019,1.89484976824,26.2057876587,-0.318301013486,0.0878204001064,-0.0525388419851,1.48412641228,0.34437868688,-0.0314466061517,0.0651941834851,100.0
16.954703,-1.0757040275,-0.093956323258,0.332490335774,-0.0502378708032,0.918470996746,1.0891263594,1.89408277784,26.2057876587,-0.318301013486,0.0874369049095,-0.0521553467881,1.48489340267,0.343995191683,-0.0322135965456,0.0651941834851,100.0
16.964701,-1.06995159955,-0.093572828061,0.33172334538,-0.0502378708032,0.918470996746,1.0887428642,1.89408277784,26.2057876587,-0.317917518289,0.0874369049095,-0.052922337182,1.48450990748,0.344762182077,-0.0318301013486,0.0659611738791,100.0
16.974700,-1.06266519081,-0.093572828061,0.332106840577,-0.0498543756063,0.917320511155,1.08797587381,1.89408277784,26.2057876587,-0.318684508683,0.0874369049095,-0.0521553467881,1.48489340267,0.343995191683,-0.0322135965456,0.0659611738791,100.0
16.984703,-1.05652926766,-0.0924223424701,0.333257326168,-0.0494708804093,0.916553520762,1.08682538822,1.89369928264,26.2057876587,-0.318684508683,0.0878204001064,-0.052922337182,1.48450990748,0.343611696486,-0.0322135965456,0.0659611738791,100.0
16.994702,-1.0511603349,-0.0924223424701,0.333257326168,-0.0487038900154,0.916553520762,1.08490791223,1.89369928264,26.2057876587,-0.318301013486,0.0874369049095,-0.052922337182,1.48450990748,0.34437868688,-0.0310631109547,0.0655776786821,100.0
17.004702,-1.04540790694,-0.0920388472731,0.333257326168,-0.0483203948184,0.916170025565,1.08529140743,1.89446627304,26.2057876587,-0.318301013486,0.0870534097125,-0.0521553467881,1.48527689787,0.344762182077,-0.0318301013486,0.0648106882882,100.0
17.014704,-1.04042246938,-0.0916553520762,0.332490335774,-0.0483203948184,0.915403035171,1.08452441703,1.89484976824,26.2057876587,-0.317917518289,0.0874369049095,-0.0521553467881,1.48450990748,0.345145677274,-0.0314466061517,0.0651941834851,100.0
17.024703,-1.03351955584,-0.0912718568792,0.332490335774,-0.0479368996214,0.915786530368,1.08375742664,1.89446627304,26.2057876587,-0.318301013486,0.0866699145155,-0.052922337182,1.48450990748,0.34437868688,-0.0322135965456,0.0655776786821,100.0
17.034699,-1.02853411828,-0.0912718568792,0.332873830971,-0.0475534044244,0.915019539974,1.08145645546,1.89331578745,26.2057876587,-0.318301013486,0.0882038953034,-0.054072822773,1.48412641228,0.345145677274,-0.0322135965456,0.0659611738791,100.0
17.044697,-1.02239819513,-0.0908883616822,0.332873830971,-0.0464029188335,0.914636044777,1.07915548428,1.89446627304,26.2057876587,-0.318301013486,0.0870534097125,-0.053689327576,1.48489340267,0.34437868688,-0.0322135965456,0.0655776786821,100.0
17.054700,-1.01626227197,-0.0897378760913,0.332490335774,-0.0464029188335,0.914636044777,1.07915548428,1.89484976824,26.2057876587,-0.318301013486,0.0874369049095,-0.052922337182,1.48450990748,0.344762182077,-0.0329805869395,0.0655776786821,100.0
17.064702,-1.01166032961,-0.0889708856974,0.332873830971,-0.0460194236366,0.91425254958,1.07762150349,1.89561675863,26.2057876587,-0.317917518289,0.0878204001064,-0.052922337182,1.48450990748,0.343995191683,-0.0314466061517,0.0659611738791,100.0
17.074700,-1.00590790166,-0.0885873905004,0.332873830971,-0.0448689380456,0.913869054383,1.07493703711,1.89523326343,26.2057876587,-0.318301013486,0.0874369049095,-0.053305832379,1.48489340267,0.34437868688,-0.0325970917426,0.0644271930912,100.0
17.084702,-1.0001554737,-0.0882038953034,0.333257326168,-0.0437184524547,0.914636044777,1.07378655152,1.89600025383,26.2057876587,-0.318301013486,0.0874369049095,-0.0521553467881,1.48489340267,0.343995191683,-0.0318301013486,0.0651941834851,100.0
17.094700,-0.994403045747,-0.0870534097125,0.333640821365,-0.0437184524547,0.913485559186,1.07301956113,1.89408277784,26.2057876587,-0.31906800388,0.0870534097125,-0.0525388419851,1.48450990748,0.343995191683,-0.0318301013486,0.0651941834851,100.0
17.104700,-0.989417608186,-0.0874369049095,0.332873830971,-0.0441019476517,0.915019539974,1.07071858994,1.89638374902,26.2057876587,-0.318301013486,0.0874369049095,-0.052922337182,1.48374291708,0.344762182077,-0.0322135965456,0.0655776786821,100.0
17.114699,-0.983281685035,-0.0859029241216,0.333257326168,-0.0425679668638,0.915786530368,1.06956810435,1.89676724422,26.2057876587,-0.317150527895,0.0870534097125,-0.053305832379,1.48450990748,0.34437868688,-0.0322135965456,0.0659611738791,100.0
17.124701,-0.978679742671,-0.0847524385307,0.333257326168,-0.0421844716668,0.915786530368,1.06765062837,1.89753423461,26.2057876587,-0.317917518289,0.0874369049095,-0.053305832379,1.48450990748,0.343995191683,-0.0318301013486,0.0659611738791,100.0
17.134700,-0.973310809913,-0.0836019529398,0.334407811759,-0.0414174812729,0.916170025565,1.06650014278,1.8990682154,26.2057876587,-0.317534023092,0.0878204001064,-0.052922337182,1.48412641228,0.34437868688,-0.0318301013486,0.0655776786821,100.0
17.144703,-0.967558381959,-0.0824514673488,0.334407811759,-0.0410339860759,0.916937015959,1.0641991716,1.90021870099,26.2057876587,-0.31906800388,0.0874369049095,-0.053305832379,1.48412641228,0.34437868688,-0.0325970917426,0.0651941834851,100.0
17.154699,-0.962956439595,-0.080917486561,0.33555829735,-0.040266995682,0.917320511155,1.063048686,1.90060219619,26.2057876587,-0.318301013486,0.0874369049095,-0.0521553467881,1.48412641228,0.343995191683,-0.0322135965456,0.0659611738791,100.0
17.164704,-0.957587506837,-0.080150496167,0.336708782941,-0.0410339860759,0.918087501549,1.06228169561,1.90290316737,26.2057876587,-0.318684508683,0.0870534097125,-0.0521553467881,1.48450990748,0.343995191683,-0.0314466061517,0.0651941834851,100.0
17.174702,-0.95221857408,-0.0790000105761,0.337475773335,-0.040266995682,0.918854491943,1.06113121002,1.90290316737,26.2057876587,-0.318301013486,0.0866699145155,-0.052922337182,1.48489340267,0.34437868688,-0.0318301013486,0.0659611738791,100.0
17.184702,-0.946849641322,-0.0774660297882,0.338242763729,-0.040266995682,0.920004977534,1.06113121002,1.90405365296,26.2057876587,-0.318684508683,0.0874369049095,-0.0521553467881,1.48450990748,0.34437868688,-0.0318301013486,0.0659611738791,100.0
17.194701,-0.942247698959,-0.0763155441973,0.339776744517,-0.039500005288,0.920388472731,1.06036421963,1.90558763375,26.2057876587,-0.317917518289,0.0878204001064,-0.0521553467881,1.48450990748,0.343995191683,-0.0314466061517,0.0651941834851,100.0
17.204714,-0.936878766201,-0.0751650586064,0.340543734911,-0.039500005288,0.921538958322,1.06036421963,1.90635462414,26.2057876587,-0.318301013486,0.0882038953034,-0.053305832379,1.48450990748,0.343995191683,-0.0322135965456,0.0655776786821,100.0
17.214715,-0.933427309428,-0.0724805922276,0.340927230108,-0.040266995682,0.922305948716,1.06036421963,1.90712161454,26.2057876587,-0.317917518289,0.0874369049095,-0.0525388419851,1.48450990748,0.343995191683,-0.0318301013486,0.0659611738791,100.0
17.224714,-0.928825367065,-0.0713301066367,0.342844706092,-0.040650490879,0.923456434307,1.06074771482,1.90827210013,26.2057876587,-0.318301013486,0.0878204001064,-0.052922337182,1.48450990748,0.343611696486,-0.0314466061517,0.0659611738791,100.0
17.234714,-0.923456434307,-0.0697961258488,0.343611696486,-0.039883500485,0.924223424701,1.06113121002,1.90827210013,26.2057876587,-0.317917518289,0.0874369049095,-0.0525388419851,1.48489340267,0.34437868688,-0.0314466061517,0.0655776786821,100.0
17.244714,-0.91923798714,-0.0678786498639,0.344762182077,-0.040650490879,0.925757405489,1.06151470522,1.90750510974,26.2057876587,-0.31906800388,0.0874369049095,-0.052922337182,1.48374291708,0.34437868688,-0.0314466061517,0.0655776786821,100.0
17.254711,-0.91425254958,-0.0655776786821,0.346296162865,-0.039883500485,0.92690789108,1.06189820041,1.90865559533,26.2057876587,-0.317534023092,0.0874369049095,-0.0521553467881,1.48412641228,0.343995191683,-0.0318301013486,0.0655776786821,100.0
17.264795,-0.910034102413,-0.0632767075003,0.347063153259,-0.0410339860759,0.928825367065,1.06228169561,1.90865559533,26.2057876587,-0.317917518289,0.0878204001064,-0.053305832379,1.48412641228,0.345145677274,-0.0314466061517,0.0648106882882,100.0
17.274891,-0.905432160049,-0.0625097171063,0.348980629244,-0.039883500485,0.930742843049,1.06189820041,1.90827210013,26.2057876587,-0.318301013486,0.0878204001064,-0.053305832379,1.48604388826,0.34437868688,-0.0318301013486,0.0644271930912,100.0
17.284835,-0.900446722489,-0.0590582603336,0.349364124441,-0.040266995682,0.931509833443,1.063048686,1.90712161454,26.2057876587,-0.318684508683,0.0878204001064,-0.0525388419851,1.48489340267,0.344762182077,-0.0318301013486,0.0655776786821,100.0
17.294766,-0.895844780125,-0.0579077747427,0.350898105229,-0.040650490879,0.934194299822,1.0638156764,1.90865559533,26.2057876587,-0.318301013486,0.0870534097125,-0.053305832379,1.48412641228,0.34437868688,-0.0325970917426,0.0659611738791,100.0
17.304739,-0.892393323352,-0.0548398131669,0.35204859082,-0.040650490879,0.936111775807,1.06573315238,1.90788860493,26.2057876587,-0.318301013486,0.0866699145155,-0.052922337182,1.48489340267,0.344762182077,-0.0318301013486,0.0640436978942,100.0
17.314719,-0.887791380989,-0.0525388419851,0.353199076411,-0.039883500485,0.937645756595,1.06688363797,1.90827210013,26.2057876587,-0.318301013486,0.0874369049095,-0.0525388419851,1.48527689787,0.343995191683,-0.0318301013486,0.0651941834851,100.0
17.324713,-0.884339924216,-0.0498543756063,0.355500047592,-0.0410339860759,0.940330222974,1.06803412357,1.90827210013,26.2057876587,-0.318301013486,0.0882038953034,-0.0517718515911,1.48527689787,0.344762182077,-0.0322135965456,0.066344669076,100.0
17.334716,-0.880504972246,-0.0471699092275,0.355883542789,-0.040650490879,0.942631194156,1.06956810435,1.90827210013,26.2057876587,-0.318301013486,0.0878204001064,-0.0521553467881,1.48412641228,0.344762182077,-0.0322135965456,0.0651941834851,100.0
17.344714,-0.876670020277,-0.0444854428487,0.356267037986,-0.0410339860759,0.944932165337,1.07071858994,1.90827210013,26.2057876587,-0.318684508683,0.0874369049095,-0.052922337182,1.48412641228,0.344762182077,-0.0314466061517,0.0659611738791,100.0
17.354714,-0.872835068307,-0.0418009764699,0.356650533183,-0.0414174812729,0.947233136519,1.07301956113,1.90827210013,26.2057876587,-0.318301013486,0.0874369049095,-0.053305832379,1.48412641228,0.344762182077,-0.0310631109547,0.0659611738791,100.0
17.364769,-0.869767106731,-0.039500005288,0.358568009168,-0.040650490879,0.949534107701,1.07532053231,1.90865559533,26.2057876587,-0.317917518289,0.0870534097125,-0.053305832379,1.48412641228,0.34437868688,-0.0314466061517,0.0651941834851,100.0
17.374739,-0.865932154761,-0.0364320437123,0.359334999562,-0.0421844716668,0.952985564474,1.07723800829,1.90827210013,26.2057876587,-0.318301013486,0.0882038953034,-0.0521553467881,1.48412641228,0.343995191683,-0.0318301013486,0.0655776786821,100.0
17.384721,-0.863631183579,-0.0341310725305,0.359718494759,-0.0414174812729,0.954903040459,1.07992247467,1.90827210013,26.2057876587,-0.318301013486,0.0878204001064,-0.053305832379,1.48412641228,0.344762182077,-0.0314466061517,0.0659611738791,100.0
17.394725,-0.860563222004,-0.0306796157577,0.360101989956,-0.040650490879,0.956820516444,1.08222344585,1.90827210013,26.2057876587,-0.318684508683,0.0870534097125,-0.052922337182,1.48412641228,0.34437868688,-0.0314466061517,0.0651941834851,100.0
17.404705,-0.857111765231,-0.0283786445759,0.361635970744,-0.040266995682,0.958354497231,1.08490791223,1.90827210013,26.2057876587,-0.318301013486,0.0874369049095,-0.052922337182,1.48450990748,0.34437868688,-0.0325970917426,0.0651941834851,100.0
17.414702,-0.854427298852,-0.026461168591,0.362019465941,-0.0410339860759,0.960655468413,1.08797587381,1.90750510974,26.2057876587,-0.318684508683,0.0870534097125,-0.0525388419851,1.48450990748,0.34437868688,-0.0318301013486,0.0655776786821,100.0
17.424713,-0.850592346882,-0.0233932070153,0.361635970744,-0.0410339860759,0.960271973216,1.09066034019,1.90827210013,26.2057876587,-0.317917518289,0.0874369049095,-0.053305832379,1.48489340267,0.34437868688,-0.0325970917426,0.0651941834851,100.0
17.434704,-0.847907880504,-0.0203252454395,0.362402961138,-0.040266995682,0.961422458807,1.09334480657,1.90827210013,26.2057876587,-0.318301013486,0.0878204001064,-0.0525388419851,1.48412641228,0.344762182077,-0.0322135965456,0.0648106882882,100.0
17.444709,-0.845223414125,-0.0184077694546,0.362019465941,-0.040650490879,0.962189449201,1.09717975854,1.90788860493,26.2057876587,-0.318684508683,0.0870534097125,-0.0525388419851,1.48450990748,0.34437868688,-0.0318301013486,0.0659611738791,100.0
17.454704,-0.841771957352,-0.0161067982728,0.362402961138,-0.0414174812729,0.963339934792,1.09986422491,1.90788860493,26.2057876587,-0.318301013486,0.0882038953034,-0.0517718515911,1.48412641228,0.34437868688,-0.0318301013486,0.0659611738791,100.0
17.464733,-0.840237976564,-0.013805827091,0.362402961138,-0.0410339860759,0.962189449201,1.10331568169,1.90712161454,26.2057876587,-0.318301013486,0.0874369049095,-0.052922337182,1.48489340267,0.344762182077,-0.0314466061517,0.0659611738791,100.0
17.474738,-0.836403024595,-0.0107378655152,0.362402961138,-0.040650490879,0.962572944398,1.10638364326,1.90750510974,26.2057876587,-0.318301013486,0.0874369049095,-0.052922337182,1.48412641228,0.344762182077,-0.0318301013486,0.066728164273,100.0
17.484742,-0.833718558216,-0.00882038953034,0.362402961138,-0.040266995682,0.962572944398,1.10983510004,1.90827210013,26.2057876587,-0.318684508683,0.0870534097125,-0.0521553467881,1.48412641228,0.344762182077,-0.0318301013486,0.0659611738791,100.0
17.494741,-0.830267101443,-0.00613592315154,0.362402961138,-0.0410339860759,0.962189449201,1.11328655681,1.90750510974,26.2057876587,-0.318301013486,0.0866699145155,-0.052922337182,1.48374291708,0.34437868688,-0.0314466061517,0.0655776786821,100.0
17.504742,-0.827582635064,-0.00460194236366,0.363169951532,-0.040650490879,0.961805954004,1.11597102319,1.90827210013,26.2057876587,-0.317917518289,0.0870534097125,-0.053305832379,1.48412641228,0.34437868688,-0.0318301013486,0.0651941834851,100.0
17.514740,-0.824898168685,-0.00153398078789,0.362786456335,-0.0410339860759,0.962189449201,1.11903898476,1.90827210013,26.2057876587,-0.318301013486,0.0878204001064,-0.0525388419851,1.48489340267,0.34437868688,-0.0314466061517,0.066344669076,100.0
17.524742,-0.822980692701,0.000766990393943,0.362402961138,-0.040650490879,0.962189449201,1.12210694634,1.90827210013,26.2057876587,-0.318684508683,0.0874369049095,-0.053305832379,1.48374291708,0.344762182077,-0.0322135965456,0.0648106882882,100.0
17.534740,-0.820296226322,0.00345145677274,0.362402961138,-0.040266995682,0.962189449201,1.12440791752,1.90903909052,26.2057876587,-0.31906800388,0.0874369049095,-0.053305832379,1.48412641228,0.34437868688,-0.0322135965456,0.0651941834851,100.0
17.544740,-0.816844769549,0.00651941834851,0.363169951532,-0.040650490879,0.962189449201,1.1263253935,1.90827210013,26.2057876587,-0.318301013486,0.0874369049095,-0.053305832379,1.48527689787,0.34437868688,-0.0325970917426,0.0651941834851,100.0
17.554736,-0.814543798367,0.00843689433337,0.362786456335,-0.039500005288,0.962572944398,1.12900985988,1.90827210013,26.2057876587,-0.318684508683,0.0866699145155,-0.0521553467881,1.48450990748,0.34437868688,-0.0318301013486,0.066344669076,100.0
17.564717,-0.811475836791,0.0103543703182,0.362402961138,-0.040266995682,0.960655468413,1.13092733587,1.90827210013,26.2057876587,-0.317917518289,0.0870534097125,-0.052922337182,1.48527689787,0.34437868688,-0.0310631109547,0.0655776786821,100.0
17.574704,-0.808407875216,0.013805827091,0.362402961138,-0.040650490879,0.960655468413,1.13207782146,1.90827210013,26.2057876587,-0.318301013486,0.0874369049095,-0.052922337182,1.48412641228,0.34437868688,-0.0314466061517,0.0655776786821,100.0
17.584700,-0.80533991364,0.0161067982728,0.362786456335,-0.039883500485,0.959888478019,1.13284481185,1.90903909052,26.2057876587,-0.318301013486,0.0878204001064,-0.052922337182,1.48489340267,0.344762182077,-0.0314466061517,0.0655776786821,100.0
17.594699,-0.802271952064,0.0187912646516,0.362786456335,-0.040266995682,0.959504982822,1.13207782146,1.90827210013,26.2057876587,-0.317917518289,0.0874369049095,-0.0525388419851,1.48450990748,0.34437868688,-0.0318301013486,0.0651941834851,100.0
17.604707,-0.798820495291,0.0214757310304,0.363169951532,-0.040650490879,0.957971002034,1.13207782146,1.90865559533,26.2057876587,-0.318301013486,0.0882038953034,-0.053305832379,1.48489340267,0.344762182077,-0.0310631109547,0.0655776786821,100.0
17.614712,-0.79651952411,0.0245436926062,0.362402961138,-0.0410339860759,0.956820516444,1.13092733587,1.90865559533,26.2057876587,-0.318301013486,0.0878204001064,-0.052922337182,1.48489340267,0.344762182077,-0.0314466061517,0.0655776786821,100.0
17.624716,-0.793451562534,0.026461168591,0.362402961138,-0.039883500485,0.955286535656,1.12785937429,1.90827210013,26.2057876587,-0.317917518289,0.0870534097125,-0.052922337182,1.48489340267,0.34437868688,-0.0314466061517,0.0659611738791,100.0
17.634713,-0.790767096155,0.0291456349698,0.362786456335,-0.039883500485,0.953369059671,1.1270923839,1.90865559533,26.2057876587,-0.318301013486,0.0866699145155,-0.052922337182,1.48489340267,0.343995191683,-0.0322135965456,0.066344669076,100.0
17.644712,-0.787315639382,0.0333640821365,0.362786456335,-0.039883500485,0.951451583686,1.12440791752,1.90827210013,26.2057876587,-0.318301013486,0.0882038953034,-0.052922337182,1.48527689787,0.34437868688,-0.0310631109547,0.0651941834851,100.0
17.654729,-0.783864182609,0.0368155389092,0.362786456335,-0.039883500485,0.947616631716,1.12210694634,1.90865559533,26.2057876587,-0.317917518289,0.0874369049095,-0.0525388419851,1.48489340267,0.343995191683,-0.0322135965456,0.0655776786821,100.0
17.664779,-0.781563211428,0.0391165100911,0.362786456335,-0.039883500485,0.945315660534,1.11865548957,1.90903909052,26.2057876587,-0.318301013486,0.0878204001064,-0.0525388419851,1.48566039307,0.34437868688,-0.0322135965456,0.0655776786821,100.0
17.674718,-0.777728259458,0.0421844716668,0.362786456335,-0.0414174812729,0.941864203762,1.11558752799,1.90827210013,26.2057876587,-0.318301013486,0.0870534097125,-0.052922337182,1.48450990748,0.343995191683,-0.0325970917426,0.0655776786821,100.0
17.684718,-0.775810783473,0.0444854428487,0.362786456335,-0.039883500485,0.938029251792,1.11136908082,1.90827210013,26.2057876587,-0.317917518289,0.0882038953034,-0.053305832379,1.48527689787,0.343995191683,-0.0318301013486,0.066344669076,100.0
17.694713,-0.771592336306,0.0487038900154,0.363169951532,-0.040266995682,0.935344785413,1.10638364326,1.90865559533,26.2057876587,-0.318301013486,0.0882038953034,-0.0525388419851,1.48412641228,0.34437868688,-0.0314466061517,0.066344669076,100.0
17.704711,-0.768524374731,0.0513883563942,0.363169951532,-0.039883500485,0.930359347853,1.10369917688,1.90942258572,26.2057876587,-0.317917518289,0.0874369049095,-0.0525388419851,1.48450990748,0.343995191683,-0.0318301013486,0.066344669076,100.0
17.714706,-0.765456413155,0.0544563179699,0.363553446729,-0.040266995682,0.927674881474,1.09986422491,1.90827210013,26.2057876587,-0.317917518289,0.0874369049095,-0.0521553467881,1.48412641228,0.34437868688,-0.0314466061517,0.0651941834851,100.0
17.724704,-0.762004956382,0.0582912699396,0.364320437123,-0.039883500485,0.922689443913,1.09487878735,1.90827210013,26.2057876587,-0.318301013486,0.0874369049095,-0.052922337182,1.48489340267,0.34437868688,-0.0314466061517,0.0651941834851,100.0
17.734703,-0.758553499609,0.0609757363184,0.363936941926,-0.039883500485,0.919621482337,1.09066034019,1.90903909052,26.2057876587,-0.318684508683,0.0882038953034,-0.0525388419851,1.48527689787,0.344762182077,-0.0318301013486,0.0648106882882,100.0
17.744705,-0.755102042837,0.0644271930912,0.363169951532,-0.039883500485,0.915403035171,1.08490791223,1.90942258572,26.2057876587,-0.317534023092,0.0878204001064,-0.052922337182,1.48489340267,0.343995191683,-0.0310631109547,0.066344669076,100.0
17.754701,-0.752417576458,0.06711165947,0.363553446729,-0.039500005288,0.911951578398,1.08068946507,1.90827210013,26.2057876587,-0.318684508683,0.0874369049095,-0.053689327576,1.48412641228,0.34437868688,-0.0314466061517,0.066728164273,100.0
17.764708,-0.748966119685,0.0697961258488,0.362786456335,-0.039500005288,0.907733131231,1.07417004672,1.90942258572,26.2057876587,-0.318301013486,0.0882038953034,-0.052922337182,1.48374291708,0.34437868688,-0.0318301013486,0.0648106882882,100.0
17.774710,-0.745898158109,0.0732475826215,0.363169951532,-0.039883500485,0.903898179261,1.06765062837,1.90942258572,26.2057876587,-0.317150527895,0.0874369049095,-0.0525388419851,1.48412641228,0.345145677274,-0.0318301013486,0.0651941834851,100.0
17.784710,-0.743597186927,0.0770825345912,0.363169951532,-0.0391165100911,0.900063227292,1.06113121002,1.90827210013,26.2057876587,-0.317917518289,0.0882038953034,-0.0525388419851,1.48450990748,0.34437868688,-0.0318301013486,0.0659611738791,100.0
17.794708,-0.740145730155,0.080150496167,0.363553446729,-0.039500005288,0.896611770519,1.05537878207,1.90903909052,26.2057876587,-0.31906800388,0.0878204001064,-0.053305832379,1.48450990748,0.34437868688,-0.0318301013486,0.0651941834851,100.0
17.804708,-0.735927282988,0.0816844769549,0.363169951532,-0.039883500485,0.892009828155,1.04847586852,1.90827210013,26.2057876587,-0.317917518289,0.0874369049095,-0.0525388419851,1.48412641228,0.344762182077,-0.0322135965456,0.0648106882882,100.0
17.814713,-0.733242816609,0.0855194289246,0.363553446729,-0.039500005288,0.88894186658,1.04042246938,1.90903909052,26.2057876587,-0.317917518289,0.0878204001064,-0.0521553467881,1.48412641228,0.34437868688,-0.0322135965456,0.0659611738791,100.0
17.824710,-0.73055835023,0.0885873905004,0.363936941926,-0.039500005288,0.885873905004,1.03236907025,1.90903909052,26.2057876587,-0.31906800388,0.0874369049095,-0.053305832379,1.48374291708,0.343995191683,-0.0318301013486,0.0651941834851,100.0
17.834707,-0.727106893458,0.0916553520762,0.363553446729,-0.0391165100911,0.882038953034,1.02431567111,1.90827210013,26.2057876587,-0.317150527895,0.0866699145155,-0.0525388419851,1.48412641228,0.344762182077,-0.0322135965456,0.0655776786821,100.0
17.844709,-0.723271941488,0.0947233136519,0.363169951532,-0.0379660245002,0.878587496261,1.01587877678,1.90903909052,26.2057876587,-0.318301013486,0.0870534097125,-0.053305832379,1.48412641228,0.343995191683,-0.0310631109547,0.0659611738791,100.0
17.854721,-0.719820484715,0.0970242848338,0.363553446729,-0.0383495196971,0.874752544292,1.00629139685,1.90750510974,26.2057876587,-0.31906800388,0.0878204001064,-0.052922337182,1.48489340267,0.34437868688,-0.0314466061517,0.0651941834851,100.0
17.864705,-0.717136018336,0.10009224641,0.363169951532,-0.0383495196971,0.870917592322,0.997087512126,1.90903909052,26.2057876587,-0.318684508683,0.0874369049095,-0.053305832379,1.48450990748,0.344762182077,-0.0333640821365,0.0651941834851,100.0
17.874707,-0.714835047155,0.102393217591,0.363169951532,-0.0368155389092,0.867082640352,0.987883627398,1.90980608092,26.2057876587,-0.318684508683,0.0878204001064,-0.052922337182,1.48450990748,0.344762182077,-0.0322135965456,0.0655776786821,100.0
17.884705,-0.711767085579,0.105461179167,0.362786456335,-0.0364320437123,0.862864193186,0.978296247474,1.90903909052,26.2057876587,-0.317917518289,0.0878204001064,-0.0521553467881,1.48412641228,0.343995191683,-0.0318301013486,0.0651941834851,100.0
17.894703,-0.708315628806,0.107378655152,0.362786456335,-0.0356650533183,0.857878755625,0.967941877156,1.90903909052,26.2057876587,-0.318301013486,0.0874369049095,-0.052922337182,1.48450990748,0.344762182077,-0.0318301013486,0.0659611738791,100.0
17.904700,-0.706014657624,0.110063121531,0.362786456335,-0.0345145677274,0.854043803655,0.957971002034,1.91134006171,26.2057876587,-0.317917518289,0.0874369049095,-0.0525388419851,1.48489340267,0.344762182077,-0.0322135965456,0.0655776786821,100.0
17.914702,-0.702946696048,0.113131083107,0.363169951532,-0.0329805869395,0.848291375701,0.949150612504,1.91095656651,26.2057876587,-0.317917518289,0.0870534097125,-0.053305832379,1.48412641228,0.344762182077,-0.0322135965456,0.0655776786821,100.0
17.924702,-0.699495239276,0.115048559091,0.363169951532,-0.0322135965456,0.844839918928,0.937262261398,1.91402452808,26.2057876587,-0.317917518289,0.0878204001064,-0.053305832379,1.48412641228,0.34437868688,-0.0322135965456,0.0659611738791,100.0
17.934704,-0.696810772897,0.11773302547,0.362402961138,-0.0310631109547,0.840621471761,0.926524395883,1.91479151848,26.2057876587,-0.318684508683,0.0874369049095,-0.052922337182,1.48450990748,0.343995191683,-0.0306796157577,0.0659611738791,100.0
17.944701,-0.692975820927,0.120033996652,0.363169951532,-0.0295291301668,0.83448554861,0.915403035171,1.91632549927,26.2057876587,-0.318301013486,0.0866699145155,-0.0525388419851,1.48450990748,0.343995191683,-0.0318301013486,0.0651941834851,100.0
17.954700,-0.691058344942,0.123101958228,0.362786456335,-0.0279951493789,0.829500111049,0.903898179261,1.91862647045,26.2057876587,-0.31906800388,0.0866699145155,-0.052922337182,1.48450990748,0.343995191683,-0.0329805869395,0.0651941834851,100.0
17.964741,-0.688373878564,0.125019434213,0.363553446729,-0.0249271878031,0.824514673488,0.892393323352,1.92016045124,26.2057876587,-0.318301013486,0.0885873905004,-0.0525388419851,1.48450990748,0.34437868688,-0.0318301013486,0.0651941834851,100.0
17.974734,-0.686072907382,0.126936910198,0.363169951532,-0.0233932070153,0.81799525514,0.881655457837,1.92207792722,26.2057876587,-0.317917518289,0.0874369049095,-0.053305832379,1.48450990748,0.34437868688,-0.0314466061517,0.0659611738791,100.0
17.984725,-0.683004945806,0.129237881379,0.363169951532,-0.0207087406365,0.813009817579,0.86861662114,1.9251458888,26.2057876587,-0.318684508683,0.0882038953034,-0.0525388419851,1.48527689787,0.344762182077,-0.0314466061517,0.0655776786821,100.0
17.994733,-0.679553489033,0.131538852561,0.362402961138,-0.0184077694546,0.808024380019,0.857495260428,1.92744685998,26.2057876587,-0.317534023092,0.0882038953034,-0.053305832379,1.48450990748,0.34437868688,-0.0318301013486,0.0651941834851,100.0
18.004718,-0.676869022654,0.133456328546,0.362786456335,-0.0168737886667,0.802271952064,0.845223414125,1.92974783116,26.2057876587,-0.318301013486,0.0874369049095,-0.052922337182,1.48489340267,0.343995191683,-0.0318301013486,0.0655776786821,100.0
18.014716,-0.674184556276,0.134990309334,0.362786456335,-0.0126553415001,0.796136028913,0.833718558216,1.93243229754,26.2057876587,-0.317534023092,0.0882038953034,-0.0525388419851,1.48527689787,0.344762182077,-0.0318301013486,0.0659611738791,100.0
18.024717,-0.672267080291,0.137291280516,0.363169951532,-0.0111213607122,0.790767096155,0.821446711913,1.93473326872,26.2057876587,-0.318301013486,0.0878204001064,-0.052922337182,1.48450990748,0.34437868688,-0.0318301013486,0.0659611738791,100.0
18.034720,-0.669582613912,0.139592251698,0.363936941926,-0.00728640874246,0.785781658594,0.810708846397,1.9370342399,26.2057876587,-0.31906800388,0.0878204001064,-0.053305832379,1.48450990748,0.343995191683,-0.0318301013486,0.0659611738791,100.0
18.044713,-0.665747661942,0.140742737288,0.363936941926,-0.00421844716668,0.78002923064,0.798053504897,1.94010220148,26.2057876587,-0.318301013486,0.0885873905004,-0.053305832379,1.48527689787,0.34437868688,-0.0325970917426,0.0655776786821,100.0
18.054712,-0.66344669076,0.14304370847,0.364320437123,-0.00115048559091,0.775043793079,0.787315639382,1.94393715345,26.2057876587,-0.317150527895,0.0878204001064,-0.052922337182,1.48412641228,0.34437868688,-0.0318301013486,0.066728164273,100.0
18.064722,-0.661145719579,0.143810698864,0.364320437123,0.0026844663788,0.770441850715,0.775810783473,1.94815560061,26.2057876587,-0.317534023092,0.0878204001064,-0.053689327576,1.48412641228,0.34437868688,-0.0325970917426,0.0651941834851,100.0
18.074710,-0.6584612532,0.145344679652,0.363553446729,0.00690291354548,0.765456413155,0.764305927564,1.9504565718,26.2057876587,-0.317917518289,0.0878204001064,-0.053305832379,1.48489340267,0.343611696486,-0.0322135965456,0.0648106882882,100.0
18.084704,-0.656543777215,0.146495165243,0.363553446729,0.0115048559091,0.760470975594,0.752417576458,1.95429152377,26.2057876587,-0.318301013486,0.0870534097125,-0.052922337182,1.48489340267,0.34437868688,-0.0322135965456,0.066344669076,100.0
18.094700,-0.654242806033,0.148412641228,0.363936941926,0.0153398078789,0.756252528428,0.741679710943,1.95735948534,26.2057876587,-0.317917518289,0.0870534097125,-0.0521553467881,1.48450990748,0.343228201289,-0.0318301013486,0.0659611738791,100.0
18.104710,-0.65079134926,0.149563126819,0.363169951532,0.0199417502425,0.75088359567,0.729791359836,1.96196142771,26.2057876587,-0.317917518289,0.0878204001064,-0.052922337182,1.48412641228,0.344762182077,-0.0318301013486,0.0659611738791,100.0
18.114719,-0.648490378079,0.151097107607,0.363553446729,0.0249271878031,0.746665148503,0.718669999124,1.96617987487,26.2057876587,-0.318684508683,0.0878204001064,-0.052922337182,1.48374291708,0.34437868688,-0.0318301013486,0.066344669076,100.0
18.124721,-0.646572902094,0.151480602804,0.362402961138,0.0302961205607,0.74321369173,0.707932133609,1.96963133164,26.2057876587,-0.318301013486,0.0866699145155,-0.0521553467881,1.48489340267,0.344762182077,-0.0322135965456,0.0655776786821,100.0
18.134713,-0.644271930912,0.152631088395,0.363169951532,0.0352815581214,0.737844758973,0.696043782503,1.97346628361,26.2057876587,-0.318684508683,0.0878204001064,-0.052922337182,1.48412641228,0.343611696486,-0.0318301013486,0.0659611738791,100.0
18.144713,-0.642737950124,0.154165069182,0.363936941926,0.0414174812729,0.7343933022,0.684922421791,1.97768473078,26.2057876587,-0.318684508683,0.0874369049095,-0.0525388419851,1.48450990748,0.34437868688,-0.0322135965456,0.0659611738791,100.0
18.154714,-0.641203969336,0.154165069182,0.363553446729,0.0460194236366,0.731708835821,0.674184556276,1.98113618755,26.2057876587,-0.318301013486,0.0862864193186,-0.053305832379,1.48412641228,0.343995191683,-0.0318301013486,0.0659611738791,100.0
18.164715,-0.638902998154,0.15569904997,0.363936941926,0.0525388419851,0.729024369443,0.66344669076,1.98573812992,26.2057876587,-0.317917518289,0.0874369049095,-0.052922337182,1.48489340267,0.343995191683,-0.0318301013486,0.0648106882882,100.0
18.174710,-0.637752512563,0.156849535561,0.363169951532,0.0586747651366,0.72557291267,0.653859310836,1.99034007228,26.2057876587,-0.31906800388,0.0870534097125,-0.0525388419851,1.48489340267,0.34437868688,-0.0318301013486,0.0655776786821,100.0
18.184707,-0.635451541382,0.158000021152,0.363553446729,0.0644271930912,0.723655436685,0.642737950124,1.99494201464,26.2057876587,-0.318301013486,0.0870534097125,-0.0525388419851,1.48450990748,0.344762182077,-0.0318301013486,0.0659611738791,100.0
18.194700,-0.633534065397,0.158000021152,0.363936941926,0.0709466114397,0.721354465503,0.632000084609,1.99992745221,26.2057876587,-0.317534023092,0.0878204001064,-0.052922337182,1.48412641228,0.343995191683,-0.0310631109547,0.0651941834851,100.0
18.204700,-0.6331505702,0.159150506743,0.363169951532,0.0763155441973,0.719436989518,0.621645714291,2.00414589937,26.2057876587,-0.318684508683,0.0882038953034,-0.052922337182,1.48450990748,0.34437868688,-0.0318301013486,0.0651941834851,100.0
18.214712,-0.629699113427,0.159917497137,0.362402961138,0.0828349625458,0.716752523139,0.610524353578,2.00951483213,26.2057876587,-0.317534023092,0.0874369049095,-0.053305832379,1.48566039307,0.343995191683,-0.0314466061517,0.0655776786821,100.0
18.224719,-0.628548627836,0.15953400194,0.363553446729,0.0905048664852,0.715218542352,0.60016998326,2.01488376489,26.2057876587,-0.317917518289,0.0874369049095,-0.052922337182,1.48566039307,0.343611696486,-0.0314466061517,0.0651941834851,100.0
18.234721,-0.627781637442,0.160300992334,0.363553446729,0.0977912752277,0.713301066367,0.590199108139,2.02025269765,26.2057876587,-0.317534023092,0.0878204001064,-0.052922337182,1.48489340267,0.343995191683,-0.0322135965456,0.0648106882882,100.0
18.244728,-0.626247656654,0.161067982728,0.364320437123,0.104310693576,0.711767085579,0.57869425223,2.02447114481,26.2057876587,-0.318301013486,0.0866699145155,-0.053305832379,1.48412641228,0.345145677274,-0.0310631109547,0.0655776786821,100.0
18.254720,-0.625097171063,0.160684487531,0.363553446729,0.111980597516,0.711767085579,0.569106872305,2.03099056316,26.2057876587,-0.318684508683,0.0870534097125,-0.052922337182,1.48450990748,0.343995191683,-0.0322135965456,0.0651941834851,100.0
18.264770,-0.622796199881,0.161451477925,0.363169951532,0.118883511061,0.710616599988,0.557985511593,2.03482551513,26.2057876587,-0.318301013486,0.0882038953034,-0.0521553467881,1.48566039307,0.34437868688,-0.0314466061517,0.0655776786821,100.0
18.274786,-0.621645714291,0.161067982728,0.363936941926,0.12540292941,0.711383590382,0.546864150881,2.03942745749,26.2057876587,-0.318684508683,0.0874369049095,-0.0521553467881,1.48489340267,0.344762182077,-0.0325970917426,0.0648106882882,100.0
18.284782,-0.620111733503,0.161834973122,0.363553446729,0.133839823743,0.711767085579,0.537276770957,2.04402939986,26.2057876587,-0.318301013486,0.0874369049095,-0.053305832379,1.48489340267,0.34437868688,-0.0306796157577,0.0648106882882,100.0
18.294779,-0.618961247912,0.162218468319,0.363553446729,0.140742737288,0.712534075973,0.526922400639,2.04748085663,26.2057876587,-0.317150527895,0.0874369049095,-0.0525388419851,1.48412641228,0.34437868688,-0.0314466061517,0.0651941834851,100.0
18.304861,-0.618577752715,0.161834973122,0.363553446729,0.148412641228,0.712534075973,0.516184535123,2.0513158086,26.2057876587,-0.318684508683,0.0878204001064,-0.052922337182,1.48450990748,0.343995191683,-0.0314466061517,0.0655776786821,100.0
18.314788,-0.617810762321,0.162218468319,0.364320437123,0.156082545167,0.713684561564,0.506213660002,2.05361677978,26.2057876587,-0.318684508683,0.0874369049095,-0.053305832379,1.48489340267,0.34437868688,-0.0318301013486,0.0659611738791,100.0
18.324757,-0.617043771927,0.161834973122,0.363936941926,0.164519439501,0.714068056761,0.495475794487,2.05553425577,26.2057876587,-0.318301013486,0.0882038953034,-0.052922337182,1.48566039307,0.34437868688,-0.0322135965456,0.066344669076,100.0
18.334748,-0.615893286336,0.161451477925,0.364320437123,0.172572838637,0.717136018336,0.484354433775,2.05706823655,26.2057876587,-0.318301013486,0.0874369049095,-0.052922337182,1.48412641228,0.345145677274,-0.0318301013486,0.0655776786821,100.0
18.344752,-0.615126295942,0.161834973122,0.364320437123,0.180242742577,0.717519513533,0.474000063457,2.05821872215,26.2057876587,-0.319451499077,0.0874369049095,-0.0521553467881,1.48489340267,0.345145677274,-0.0322135965456,0.0651941834851,100.0
18.354742,-0.613592315154,0.161451477925,0.364320437123,0.188296141713,0.719820484715,0.463645693138,2.05860221734,26.2057876587,-0.318301013486,0.0874369049095,-0.0521553467881,1.48489340267,0.343995191683,-0.0306796157577,0.0644271930912,100.0
18.364797,-0.613975810351,0.160684487531,0.364320437123,0.195966045652,0.722888446291,0.453674818017,2.05936920774,26.2057876587,-0.317917518289,0.0874369049095,-0.052922337182,1.48566039307,0.34437868688,-0.0325970917426,0.0655776786821,100.0
18.374901,-0.612441829563,0.160684487531,0.363936941926,0.202485464001,0.724038931882,0.442553457305,2.05898571254,26.2057876587,-0.318301013486,0.0870534097125,-0.0521553467881,1.48527689787,0.343995191683,-0.0322135965456,0.0659611738791,100.0
18.384824,-0.612058334366,0.160300992334,0.365087427517,0.210538863137,0.726723398261,0.433349572578,2.05898571254,26.2057876587,-0.318301013486,0.0878204001064,-0.053305832379,1.48566039307,0.34437868688,-0.0310631109547,0.0659611738791,100.0
18.394784,-0.611291343972,0.160300992334,0.365087427517,0.21782527188,0.729791359836,0.422995202259,2.05745173175,26.2057876587,-0.318301013486,0.0870534097125,-0.0525388419851,1.48412641228,0.345145677274,-0.0322135965456,0.066344669076,100.0
18.404765,-0.608990372791,0.160684487531,0.364320437123,0.224344690228,0.733626311806,0.413024327138,2.05783522695,26.2057876587,-0.318684508683,0.0878204001064,-0.053305832379,1.48450990748,0.34437868688,-0.0314466061517,0.0659611738791,100.0
18.414771,-0.608606877594,0.160684487531,0.365470922714,0.231247603774,0.737461263776,0.40266995682,2.05783522695,26.2057876587,-0.318301013486,0.0862864193186,-0.0525388419851,1.48450990748,0.343611696486,-0.0314466061517,0.0648106882882,100.0
18.424738,-0.608223382397,0.161067982728,0.365087427517,0.237767022122,0.741679710943,0.392699081699,2.05706823655,26.2057876587,-0.31906800388,0.0870534097125,-0.0521553467881,1.48527689787,0.343995191683,-0.0322135965456,0.0655776786821,100.0
18.434719,-0.607456392003,0.160684487531,0.365087427517,0.243519450077,0.746281653306,0.381961216183,2.05668474136,26.2057876587,-0.317917518289,0.0878204001064,-0.053305832379,1.48489340267,0.34437868688,-0.0314466061517,0.0651941834851,100.0
18.444716,-0.607072896806,0.160684487531,0.366237913108,0.249655373228,0.751267090867,0.371606845865,2.05668474136,26.2057876587,-0.317534023092,0.0874369049095,-0.0525388419851,1.48450990748,0.344762182077,-0.0318301013486,0.066344669076,100.0
18.454716,-0.606689401609,0.160300992334,0.366621408305,0.25579129638,0.755869033231,0.362019465941,2.05630124616,26.2057876587,-0.317917518289,0.0878204001064,-0.0521553467881,1.48374291708,0.343995191683,-0.0318301013486,0.0659611738791,100.0
18.464715,-0.605155420821,0.160300992334,0.366237913108,0.260776733941,0.760470975594,0.35204859082,2.05591775096,26.2057876587,-0.317534023092,0.0874369049095,-0.053305832379,1.48374291708,0.34437868688,-0.0314466061517,0.0651941834851,100.0
18.474742,-0.604388430427,0.159917497137,0.366237913108,0.266529161895,0.766223403549,0.342077715698,2.05515076057,26.2057876587,-0.318684508683,0.0874369049095,-0.052922337182,1.48489340267,0.343995191683,-0.0318301013486,0.0655776786821,100.0
18.484746,-0.604388430427,0.160300992334,0.367004903502,0.271131104259,0.770825345912,0.333640821365,2.05476726537,26.2057876587,-0.317917518289,0.0870534097125,-0.053689327576,1.48412641228,0.34437868688,-0.0318301013486,0.0655776786821,100.0
18.494751,-0.603237944836,0.159917497137,0.366621408305,0.276116541819,0.775427288276,0.323286451047,2.05438377018,26.2057876587,-0.318684508683,0.0878204001064,-0.0525388419851,1.48527689787,0.343995191683,-0.0318301013486,0.0655776786821,100.0
18.504760,-0.603621440033,0.160684487531,0.367004903502,0.280718484183,0.780796221034,0.313699071123,2.05476726537,26.2057876587,-0.317917518289,0.0878204001064,-0.053305832379,1.48489340267,0.343995191683,-0.0325970917426,0.0659611738791,100.0
18.514750,-0.602470954442,0.160300992334,0.367771893896,0.285703921744,0.786165153791,0.305645671986,2.05361677978,26.2057876587,-0.317917518289,0.0878204001064,-0.0521553467881,1.48450990748,0.34437868688,-0.0314466061517,0.0651941834851,100.0
18.524753,-0.601703964048,0.160300992334,0.367004903502,0.28992236891,0.790383600958,0.296058292062,2.05284978939,26.2057876587,-0.318301013486,0.0874369049095,-0.0521553467881,1.48450990748,0.344762182077,-0.0310631109547,0.0655776786821,100.0
18.534754,-0.600553478457,0.160684487531,0.367388398699,0.294140816077,0.796136028913,0.288388388122,2.05246629419,26.2057876587,-0.317534023092,0.0878204001064,-0.054072822773,1.48489340267,0.34437868688,-0.0314466061517,0.0655776786821,100.0
18.544729,-0.599402992866,0.160300992334,0.367388398699,0.298359263244,0.799970980882,0.279184503395,2.0516993038,26.2057876587,-0.317917518289,0.0866699145155,-0.052922337182,1.48412641228,0.34437868688,-0.0314466061517,0.066344669076,100.0
18.554718,-0.598636002472,0.161451477925,0.367388398699,0.301810720016,0.804572923246,0.271514599456,2.05016532301,26.2057876587,-0.317917518289,0.0870534097125,-0.053305832379,1.48489340267,0.343995191683,-0.0314466061517,0.0655776786821,100.0
18.564720,-0.597485516881,0.160684487531,0.367771893896,0.306029167183,0.808407875216,0.263077705122,2.04901483742,26.2057876587,-0.318301013486,0.0882038953034,-0.052922337182,1.48335942189,0.34437868688,-0.0314466061517,0.0651941834851,100.0
18.574709,-0.597485516881,0.160684487531,0.367388398699,0.309097128759,0.811859331988,0.25579129638,2.04748085663,26.2057876587,-0.317917518289,0.0878204001064,-0.053305832379,1.48450990748,0.34437868688,-0.0318301013486,0.0659611738791,100.0
18.584701,-0.596718526487,0.160300992334,0.367004903502,0.311781595138,0.815310788761,0.248888382834,2.04479639025,26.2057876587,-0.318301013486,0.0874369049095,-0.0525388419851,1.48450990748,0.343995191683,-0.0322135965456,0.0659611738791,100.0
18.594701,-0.595568040897,0.160684487531,0.368922379486,0.31523305191,0.818378750337,0.242752459683,2.04249541907,26.2057876587,-0.317917518289,0.0866699145155,-0.053305832379,1.48489340267,0.344762182077,-0.0322135965456,0.066344669076,100.0
18.604700,-0.594801050503,0.161067982728,0.368155389092,0.317917518289,0.821446711913,0.235082555743,2.04096143828,26.2057876587,-0.318301013486,0.0866699145155,-0.052922337182,1.48450990748,0.344762182077,-0.0310631109547,0.0651941834851,100.0
18.614702,-0.594034060109,0.160684487531,0.367388398699,0.319834994274,0.823747683094,0.228946632592,2.03712648631,26.2057876587,-0.318684508683,0.0870534097125,-0.052922337182,1.48412641228,0.34437868688,-0.0318301013486,0.0659611738791,100.0
18.624705,-0.593267069715,0.159917497137,0.367771893896,0.32290295585,0.82681564467,0.222427214243,2.03520901033,26.2057876587,-0.318301013486,0.0870534097125,-0.0525388419851,1.48450990748,0.345145677274,-0.0318301013486,0.0651941834851,100.0
18.634700,-0.592116584124,0.160684487531,0.367388398699,0.323286451047,0.827582635064,0.217441776683,2.03290803915,26.2057876587,-0.31906800388,0.0870534097125,-0.0525388419851,1.48566039307,0.344762182077,-0.0322135965456,0.0655776786821,100.0
18.644701,-0.59134959373,0.160300992334,0.367771893896,0.325203927032,0.829500111049,0.213223329516,2.03022357277,26.2057876587,-0.318301013486,0.0874369049095,-0.053305832379,1.48489340267,0.344762182077,-0.0318301013486,0.0659611738791,100.0
18.654700,-0.590199108139,0.160300992334,0.367771893896,0.32673790782,0.831034091837,0.208237891955,2.02792260158,26.2057876587,-0.318301013486,0.0870534097125,-0.052922337182,1.48527689787,0.343995191683,-0.0325970917426,0.0655776786821,100.0
18.664700,-0.589815612942,0.159917497137,0.367771893896,0.327504898214,0.832184577428,0.204019444789,2.0256216304,26.2057876587,-0.318301013486,0.0874369049095,-0.0521553467881,1.48450990748,0.343995191683,-0.0318301013486,0.0655776786821,100.0
18.674704,-0.588665127351,0.160684487531,0.368538884289,0.32673790782,0.832568072625,0.20133497841,2.02370415442,26.2057876587,-0.317917518289,0.0870534097125,-0.053305832379,1.48489340267,0.34437868688,-0.0318301013486,0.0655776786821,100.0
18.684701,-0.588281632154,0.160300992334,0.368538884289,0.327504898214,0.832568072625,0.199034007228,2.02217017363,26.2057876587,-0.318684508683,0.0874369049095,-0.053305832379,1.48450990748,0.343995191683,-0.0322135965456,0.066344669076,100.0
18.694701,-0.586747651366,0.15953400194,0.368538884289,0.327121403017,0.833335063019,0.196349540849,2.02140318324,26.2057876587,-0.318684508683,0.0870534097125,-0.052922337182,1.48450990748,0.343995191683,-0.0314466061517,0.0659611738791,100.0
18.704704,-0.585980660972,0.159917497137,0.368538884289,0.326354412623,0.832951567822,0.194432064864,2.02063619284,26.2057876587,-0.318684508683,0.0874369049095,-0.0521553467881,1.48450990748,0.343995191683,-0.0318301013486,0.066344669076,100.0
18.714701,-0.584830175381,0.161067982728,0.368538884289,0.327121403017,0.832568072625,0.192131093683,2.01986920245,26.2057876587,-0.318684508683,0.0855194289246,-0.053305832379,1.48489340267,0.343611696486,-0.0318301013486,0.0655776786821,100.0
18.724704,-0.584446680184,0.160300992334,0.367771893896,0.32673790782,0.832951567822,0.190980608092,2.02063619284,26.2057876587,-0.317534023092,0.0878204001064,-0.053305832379,1.48450990748,0.34437868688,-0.0325970917426,0.0655776786821,100.0
18.734702,-0.58367968979,0.15953400194,0.368538884289,0.325970917426,0.832568072625,0.190597112895,2.01986920245,26.2057876587,-0.318684508683,0.0866699145155,-0.052922337182,1.48412641228,0.34437868688,-0.0322135965456,0.066344669076,100.0
18.744705,-0.582912699396,0.159917497137,0.367388398699,0.326354412623,0.832568072625,0.189830122501,2.02025269765,26.2057876587,-0.318684508683,0.0885873905004,-0.052922337182,1.48412641228,0.344762182077,-0.0318301013486,0.0659611738791,100.0
18.754701,-0.582912699396,0.159150506743,0.368538884289,0.325587422229,0.833335063019,0.190980608092,2.02063619284,26.2057876587,-0.318301013486,0.0882038953034,-0.053689327576,1.48527689787,0.34437868688,-0.0318301013486,0.0648106882882,100.0
18.764702,-0.581378718609,0.159150506743,0.368538884289,0.324820431835,0.832568072625,0.190213617698,2.02140318324,26.2057876587,-0.318301013486,0.0878204001064,-0.0525388419851,1.48489340267,0.34437868688,-0.0310631109547,0.0651941834851,100.0
18.774701,-0.582145709003,0.158383516349,0.369305874683,0.324436936638,0.833335063019,0.191364103289,2.02140318324,26.2057876587,-0.318684508683,0.0878204001064,-0.053305832379,1.48489340267,0.345145677274,-0.0322135965456,0.0659611738791,100.0
18.784713,-0.580995223412,0.158000021152,0.370072865077,0.324820431835,0.832568072625,0.190213617698,2.02178667843,26.2057876587,-0.31906800388,0.0874369049095,-0.052922337182,1.48450990748,0.34437868688,-0.0318301013486,0.0659611738791,100.0
18.794719,-0.581762213806,0.157616525955,0.370072865077,0.324436936638,0.832568072625,0.190597112895,2.02255366883,26.2057876587,-0.31906800388,0.0878204001064,-0.053305832379,1.48489340267,0.343995191683,-0.0318301013486,0.066344669076,100.0
18.804719,-0.581378718609,0.157233030758,0.371223350668,0.323669946244,0.832951567822,0.192131093683,2.02293716402,26.2057876587,-0.318301013486,0.0866699145155,-0.053305832379,1.48527689787,0.344762182077,-0.0318301013486,0.066344669076,100.0
18.814719,-0.580995223412,0.157616525955,0.370839855471,0.323669946244,0.832951567822,0.192898084077,2.02293716402,26.2057876587,-0.318684508683,0.0874369049095,-0.0525388419851,1.48450990748,0.34437868688,-0.0322135965456,0.0659611738791,100.0
18.824721,-0.580995223412,0.156466040364,0.370839855471,0.324053441441,0.832951567822,0.193281579274,2.02255366883,26.2057876587,-0.317534023092,0.0866699145155,-0.053305832379,1.48489340267,0.344762182077,-0.0314466061517,0.066344669076,100.0
18.834718,-0.581378718609,0.156082545167,0.371606845865,0.324820431835,0.833718558216,0.194432064864,2.02332065922,26.2057876587,-0.318301013486,0.0878204001064,-0.0517718515911,1.48412641228,0.344762182077,-0.0314466061517,0.0648106882882,100.0
18.844734,-0.580995223412,0.155315554773,0.371606845865,0.324053441441,0.832568072625,0.193665074471,2.02370415442,26.2057876587,-0.317917518289,0.0866699145155,-0.052922337182,1.48450990748,0.34437868688,-0.0318301013486,0.0648106882882,100.0
18.854720,-0.580995223412,0.15569904997,0.372373836259,0.324053441441,0.832951567822,0.194432064864,2.02332065922,26.2057876587,-0.318301013486,0.0874369049095,-0.0525388419851,1.48489340267,0.343995191683,-0.0322135965456,0.0655776786821,100.0
18.864720,-0.580995223412,0.154932059576,0.371990341062,0.323669946244,0.832951567822,0.193665074471,2.02370415442,26.2057876587,-0.317917518289,0.0870534097125,-0.054072822773,1.48450990748,0.344762182077,-0.0322135965456,0.0651941834851,100.0
18.874715,-0.580228233018,0.154165069182,0.373140826653,0.32290295585,0.832568072625,0.193665074471,2.02447114481,26.2057876587,-0.318684508683,0.0874369049095,-0.053305832379,1.48412641228,0.344762182077,-0.0314466061517,0.0659611738791,100.0
18.884707,-0.579844737821,0.153781573986,0.373140826653,0.322519460653,0.832568072625,0.19251458888,2.02447114481,26.2057876587,-0.318301013486,0.0874369049095,-0.052922337182,1.48374291708,0.344762182077,-0.0310631109547,0.0659611738791,100.0
18.894704,-0.580228233018,0.153398078789,0.373907817047,0.32290295585,0.832951567822,0.19251458888,2.02370415442,26.2057876587,-0.318301013486,0.0870534097125,-0.052922337182,1.48412641228,0.34437868688,-0.0318301013486,0.0659611738791,100.0
18.904702,-0.580611728215,0.153398078789,0.373907817047,0.323286451047,0.832951567822,0.191364103289,2.02485464001,26.2057876587,-0.318301013486,0.0878204001064,-0.052922337182,1.48450990748,0.344762182077,-0.0310631109547,0.066344669076,100.0
18.914704,-0.579844737821,0.152247593198,0.374674807441,0.321752470259,0.832951567822,0.191364103289,2.02523813521,26.2057876587,-0.317917518289,0.0878204001064,-0.052922337182,1.48450990748,0.343995191683,-0.0310631109547,0.0655776786821,100.0
18.924717,-0.580228233018,0.151864098001,0.374674807441,0.321752470259,0.832184577428,0.190980608092,2.02523813521,26.2057876587,-0.318301013486,0.0874369049095,-0.052922337182,1.48450990748,0.344762182077,-0.0310631109547,0.0655776786821,100.0
18.934715,-0.580228233018,0.151097107607,0.374674807441,0.322135965456,0.832568072625,0.190980608092,2.02523813521,26.2057876587,-0.318684508683,0.0874369049095,-0.0525388419851,1.48527689787,0.344762182077,-0.0318301013486,0.0648106882882,100.0
18.944706,-0.579461242624,0.151864098001,0.37352432185,0.321368975062,0.832184577428,0.191747598486,2.02523813521,26.2057876587,-0.317917518289,0.0882038953034,-0.0525388419851,1.48450990748,0.343995191683,-0.0325970917426,0.0655776786821,100.0
18.954702,-0.580228233018,0.151480602804,0.374291312244,0.321752470259,0.831801082231,0.191364103289,2.02485464001,26.2057876587,-0.317917518289,0.0878204001064,-0.054072822773,1.48489340267,0.34437868688,-0.0322135965456,0.0655776786821,100.0
18.964706,-0.580228233018,0.150330117213,0.374674807441,0.320985479865,0.831801082231,0.191747598486,2.02677211599,26.2057876587,-0.318301013486,0.0866699145155,-0.0525388419851,1.48412641228,0.343995191683,-0.0322135965456,0.066344669076,100.0
18.974702,-0.580228233018,0.150330117213,0.374674807441,0.321368975062,0.831034091837,0.19251458888,2.02523813521,26.2057876587,-0.317917518289,0.0870534097125,-0.0525388419851,1.48450990748,0.34437868688,-0.0318301013486,0.0655776786821,100.0
18.984703,-0.580611728215,0.149179631622,0.375441797835,0.320218489471,0.831417587034,0.191747598486,2.0256216304,26.2057876587,-0.318301013486,0.0874369049095,-0.0521553467881,1.48489340267,0.34437868688,-0.0314466061517,0.0648106882882,100.0
18.994701,-0.581762213806,0.149946622016,0.375058302638,0.319451499077,0.831801082231,0.191747598486,2.02523813521,26.2057876587,-0.318301013486,0.0878204001064,-0.053305832379,1.48412641228,0.343611696486,-0.0318301013486,0.0651941834851,100.0
19.004700,-0.581378718609,0.149179631622,0.374674807441,0.320218489471,0.831417587034,0.193281579274,2.0260051256,26.2057876587,-0.31906800388,0.0874369049095,-0.053305832379,1.48527689787,0.344762182077,-0.0322135965456,0.066344669076,100.0
19.014700,-0.580611728215,0.149179631622,0.375058302638,0.31906800388,0.83065059664,0.192131093683,2.02715561119,26.2057876587,-0.318684508683,0.0878204001064,-0.053305832379,1.48450990748,0.344762182077,-0.0314466061517,0.0655776786821,100.0
19.024713,-0.580228233018,0.148412641228,0.375058302638,0.31906800388,0.831034091837,0.19251458888,2.02792260158,26.2057876587,-0.318301013486,0.0870534097125,-0.0525388419851,1.48450990748,0.34437868688,-0.0310631109547,0.0655776786821,100.0
19.034716,-0.581378718609,0.147645650834,0.373907817047,0.318301013486,0.830267101443,0.192898084077,2.02907308718,26.2057876587,-0.317917518289,0.0878204001064,-0.0525388419851,1.48489340267,0.344762182077,-0.0314466061517,0.0655776786821,100.0
19.044712,-0.580611728215,0.14687866044,0.375441797835,0.31906800388,0.831034091837,0.192898084077,2.03099056316,26.2057876587,-0.317917518289,0.0882038953034,-0.052922337182,1.48450990748,0.343995191683,-0.0318301013486,0.066344669076,100.0
19.054710,-0.580995223412,0.147262155637,0.375441797835,0.318301013486,0.831034091837,0.192131093683,2.03022357277,26.2057876587,-0.318301013486,0.0874369049095,-0.0525388419851,1.48412641228,0.344762182077,-0.0318301013486,0.0659611738791,100.0
19.064710,-0.580995223412,0.146495165243,0.374674807441,0.319451499077,0.831034091837,0.193281579274,2.02868959198,26.2057876587,-0.317917518289,0.0870534097125,-0.052922337182,1.48566039307,0.343995191683,-0.0314466061517,0.0655776786821,100.0
19.074714,-0.580995223412,0.146111670046,0.374674807441,0.31906800388,0.830267101443,0.19251458888,2.02792260158,26.2057876587,-0.31906800388,0.0870534097125,-0.053689327576,1.48489340267,0.34437868688,-0.0314466061517,0.0659611738791,100.0
19.084725,-0.580995223412,0.146495165243,0.375441797835,0.318684508683,0.831034091837,0.19251458888,2.0260051256,26.2057876587,-0.318684508683,0.0866699145155,-0.0525388419851,1.48450990748,0.34437868688,-0.0322135965456,0.0659611738791,100.0
19.094719,-0.580611728215,0.145344679652,0.374291312244,0.317534023092,0.83065059664,0.192898084077,2.0260051256,26.2057876587,-0.318301013486,0.0885873905004,-0.053689327576,1.48527689787,0.344762182077,-0.0322135965456,0.066344669076,100.0
19.104718,-0.580995223412,0.145344679652,0.374291312244,0.317150527895,0.830267101443,0.192898084077,2.02408764961,26.2057876587,-0.31906800388,0.0882038953034,-0.052922337182,1.48450990748,0.34437868688,-0.0314466061517,0.0655776786821,100.0
19.114714,-0.580995223412,0.145728174849,0.375441797835,0.317150527895,0.830267101443,0.192898084077,2.02523813521,26.2057876587,-0.318684508683,0.0882038953034,-0.052922337182,1.48489340267,0.34437868688,-0.0318301013486,0.0659611738791,100.0
19.124720,-0.580995223412,0.144961184455,0.374674807441,0.316383537501,0.83065059664,0.19251458888,2.02485464001,26.2057876587,-0.318301013486,0.0870534097125,-0.0521553467881,1.48527689787,0.34437868688,-0.0318301013486,0.0651941834851,100.0
19.134710,-0.580611728215,0.144961184455,0.375058302638,0.315616547107,0.83065059664,0.192898084077,2.02408764961,26.2057876587,-0.318301013486,0.0870534097125,-0.0521553467881,1.48489340267,0.344762182077,-0.0314466061517,0.0651941834851,100.0
19.144708,-0.581378718609,0.144961184455,0.374674807441,0.316383537501,0.83065059664,0.192131093683,2.02485464001,26.2057876587,-0.318684508683,0.0874369049095,-0.0525388419851,1.48450990748,0.344762182077,-0.0310631109547,0.0651941834851,100.0
19.154702,-0.580995223412,0.146111670046,0.375058302638,0.316383537501,0.829883606246,0.192131093683,2.02485464001,26.2057876587,-0.31906800388,0.0882038953034,-0.0517718515911,1.48450990748,0.343995191683,-0.0322135965456,0.0655776786821,100.0
19.164715,-0.581378718609,0.144961184455,0.375058302638,0.316000042304,0.83065059664,0.192131093683,2.02408764961,26.2057876587,-0.318684508683,0.0878204001064,-0.0521553467881,1.48374291708,0.343995191683,-0.0314466061517,0.0648106882882,100.0
19.174713,-0.580995223412,0.144961184455,0.375058302638,0.315616547107,0.829883606246,0.192131093683,2.02485464001,26.2057876587,-0.318684508683,0.0870534097125,-0.052922337182,1.48412641228,0.344762182077,-0.0322135965456,0.0655776786821,100.0
19.184728,-0.581378718609,0.144961184455,0.375441797835,0.316000042304,0.829883606246,0.19251458888,2.02485464001,26.2057876587,-0.317917518289,0.0870534097125,-0.0525388419851,1.48412641228,0.34437868688,-0.0318301013486,0.0648106882882,100.0
19.194720,-0.581378718609,0.145344679652,0.374674807441,0.315616547107,0.830267101443,0.192131093683,2.02485464001,26.2057876587,-0.317917518289,0.0882038953034,-0.053305832379,1.48412641228,0.343228201289,-0.0318301013486,0.0655776786821,100.0
19.204715,-0.580995223412,0.144577689258,0.375058302638,0.316383537501,0.829883606246,0.19251458888,2.02523813521,26.2057876587,-0.318301013486,0.0870534097125,-0.052922337182,1.48527689787,0.34437868688,-0.0318301013486,0.0659611738791,100.0
19.214714,-0.582145709003,0.144961184455,0.375441797835,0.315616547107,0.830267101443,0.192898084077,2.02485464001,26.2057876587,-0.318684508683,0.0866699145155,-0.052922337182,1.48489340267,0.34437868688,-0.0318301013486,0.0659611738791,100.0
19.224704,-0.582145709003,0.144961184455,0.375058302638,0.315616547107,0.830267101443,0.193281579274,2.02485464001,26.2057876587,-0.317534023092,0.0866699145155,-0.053689327576,1.48450990748,0.34437868688,-0.0314466061517,0.0644271930912,100.0
19.234709,-0.582145709003,0.145344679652,0.375441797835,0.316000042304,0.830267101443,0.193281579274,2.02447114481,26.2057876587,-0.318684508683,0.0866699145155,-0.052922337182,1.48450990748,0.34437868688,-0.0314466061517,0.0659611738791,100.0
19.244707,-0.582145709003,0.145344679652,0.375058302638,0.316000042304,0.831034091837,0.193665074471,2.02447114481,26.2057876587,-0.318684508683,0.0866699145155,-0.0525388419851,1.48450990748,0.343995191683,-0.0322135965456,0.0651941834851,100.0
19.254705,-0.581762213806,0.145344679652,0.375441797835,0.316383537501,0.83065059664,0.193281579274,2.02485464001,26.2057876587,-0.318684508683,0.0874369049095,-0.052922337182,1.48450990748,0.344762182077,-0.0318301013486,0.0659611738791,100.0
19.264701,-0.581762213806,0.145344679652,0.375441797835,0.316000042304,0.830267101443,0.19251458888,2.02523813521,26.2057876587,-0.317917518289,0.0878204001064,-0.053305832379,1.48450990748,0.343611696486,-0.0310631109547,0.0659611738791,100.0
19.274700,-0.582145709003,0.145344679652,0.375441797835,0.316000042304,0.83065059664,0.192898084077,2.02523813521,26.2057876587,-0.317150527895,0.0866699145155,-0.0525388419851,1.48412641228,0.34437868688,-0.0322135965456,0.0651941834851,100.0
19.284705,-0.582529204199,0.145728174849,0.376208788229,0.316383537501,0.831034091837,0.193281579274,2.02447114481,26.2057876587,-0.317917518289,0.0874369049095,-0.0525388419851,1.48566039307,0.34437868688,-0.0318301013486,0.0655776786821,100.0
19.294700,-0.581378718609,0.146111670046,0.375441797835,0.316383537501,0.83065059664,0.194048569668,2.02523813521,26.2057876587,-0.318301013486,0.0878204001064,-0.052922337182,1.48412641228,0.343995191683,-0.0306796157577,0.0659611738791,100.0
19.304706,-0.581762213806,0.146111670046,0.375441797835,0.316000042304,0.830267101443,0.193281579274,2.02523813521,26.2057876587,-0.317917518289,0.0878204001064,-0.052922337182,1.48412641228,0.344762182077,-0.0325970917426,0.0651941834851,100.0
19.314705,-0.581762213806,0.145728174849,0.375058302638,0.316767032698,0.831034091837,0.192898084077,2.02523813521,26.2057876587,-0.31906800388,0.0874369049095,-0.0525388419851,1.48450990748,0.343995191683,-0.0318301013486,0.0659611738791,100.0
19.324705,-0.582145709003,0.146495165243,0.375058302638,0.316767032698,0.83065059664,0.194048569668,2.0256216304,26.2057876587,-0.31906800388,0.0874369049095,-0.0521553467881,1.48374291708,0.34437868688,-0.0318301013486,0.0659611738791,100.0
19.334701,-0.581762213806,0.14687866044,0.375825293032,0.316767032698,0.831034091837,0.194048569668,2.02485464001,26.2057876587,-0.318684508683,0.0878204001064,-0.052922337182,1.48374291708,0.343995191683,-0.0318301013486,0.0655776786821,100.0
19.344705,-0.581762213806,0.146495165243,0.375825293032,0.316767032698,0.83065059664,0.193665074471,2.02523813521,26.2057876587,-0.318684508683,0.0878204001064,-0.0525388419851,1.48489340267,0.344762182077,-0.0314466061517,0.0655776786821,100.0
19.354704,-0.580228233018,0.14687866044,0.375825293032,0.316383537501,0.83065059664,0.192898084077,2.02523813521,26.2057876587,-0.318301013486,0.0874369049095,-0.0525388419851,1.48450990748,0.344762182077,-0.0322135965456,0.0655776786821,100.0
19.364703,-0.580995223412,0.147262155637,0.375825293032,0.316383537501,0.83065059664,0.193665074471,2.02447114481,26.2057876587,-0.318301013486,0.0874369049095,-0.052922337182,1.48489340267,0.345145677274,-0.0318301013486,0.0648106882882,100.0
19.374701,-0.581378718609,0.147262155637,0.374674807441,0.316383537501,0.829883606246,0.193281579274,2.02523813521,26.2057876587,-0.318301013486,0.0878204001064,-0.052922337182,1.48412641228,0.344762182077,-0.0322135965456,0.066344669076,100.0
19.384732,-0.581378718609,0.14687866044,0.375441797835,0.316767032698,0.83065059664,0.192898084077,2.02523813521,26.2057876587,-0.317917518289,0.0874369049095,-0.0525388419851,1.48450990748,0.34437868688,-0.0318301013486,0.066344669076,100.0
19.394703,-0.581378718609,0.147645650834,0.374674807441,0.316383537501,0.83065059664,0.192898084077,2.02523813521,26.2057876587,-0.318301013486,0.0874369049095,-0.052922337182,1.48489340267,0.34437868688,-0.0322135965456,0.0651941834851,100.0
19.404704,-0.580995223412,0.14687866044,0.375441797835,0.316767032698,0.830267101443,0.193281579274,2.02523813521,26.2057876587,-0.318684508683,0.0874369049095,-0.0521553467881,1.48450990748,0.344762182077,-0.0318301013486,0.0655776786821,100.0
19.414706,-0.581378718609,0.147262155637,0.375058302638,0.316383537501,0.83065059664,0.192898084077,2.02485464001,26.2057876587,-0.318301013486,0.0874369049095,-0.052922337182,1.48450990748,0.34437868688,-0.0314466061517,0.0651941834851,100.0
19.424701,-0.580611728215,0.147262155637,0.375441797835,0.316383537501,0.83065059664,0.194048569668,2.0256216304,26.2057876587,-0.318301013486,0.0874369049095,-0.053305832379,1.48450990748,0.343995191683,-0.0314466061517,0.0651941834851,100.0
19.434751,-0.580995223412,0.147645650834,0.375058302638,0.316000042304,0.83065059664,0.193281579274,2.0260051256,26.2057876587,-0.318301013486,0.0862864193186,-0.0525388419851,1.48489340267,0.344762182077,-0.0318301013486,0.0651941834851,100.0
19.444709,-0.580995223412,0.147262155637,0.375058302638,0.316767032698,0.83065059664,0.193281579274,2.0256216304,26.2057876587,-0.317534023092,0.0874369049095,-0.053305832379,1.48450990748,0.34437868688,-0.0318301013486,0.0651941834851,100.0
19.454705,-0.581378718609,0.148029146031,0.375825293032,0.316767032698,0.830267101443,0.192898084077,2.02523813521,26.2057876587,-0.318684508683,0.0866699145155,-0.052922337182,1.48489340267,0.34437868688,-0.0322135965456,0.0651941834851,100.0
19.464701,-0.581378718609,0.14687866044,0.375825293032,0.317534023092,0.831034091837,0.19251458888,2.02523813521,26.2057876587,-0.31906800388,0.0874369049095,-0.053305832379,1.48489340267,0.344762182077,-0.0310631109547,0.066344669076,100.0
19.474701,-0.580228233018,0.14687866044,0.375825293032,0.316383537501,0.83065059664,0.193281579274,2.0260051256,26.2057876587,-0.318301013486,0.0878204001064,-0.0521553467881,1.48489340267,0.34437868688,-0.0306796157577,0.0659611738791,100.0
19.484702,-0.580995223412,0.148796136425,0.375058302638,0.316000042304,0.830267101443,0.192898084077,2.0256216304,26.2057876587,-0.318301013486,0.0874369049095,-0.053305832379,1.48489340267,0.344762182077,-0.0314466061517,0.066344669076,100.0
19.494705,-0.581762213806,0.147645650834,0.375058302638,0.316767032698,0.83065059664,0.194048569668,2.02523813521,26.2057876587,-0.318301013486,0.0874369049095,-0.052922337182,1.48566039307,0.343995191683,-0.0318301013486,0.0659611738791,100.0
19.504719,-0.580611728215,0.147262155637,0.375058302638,0.316383537501,0.83065059664,0.192131093683,2.0263886208,26.2057876587,-0.318301013486,0.0870534097125,-0.052922337182,1.48527689787,0.34437868688,-0.0314466061517,0.0640436978942,100.0
19.514709,-0.581378718609,0.147645650834,0.375058302638,0.316767032698,0.830267101443,0.192898084077,2.0260051256,26.2057876587,-0.318301013486,0.0866699145155,-0.0525388419851,1.48489340267,0.34437868688,-0.0318301013486,0.0659611738791,100.0
19.524704,-0.582529204199,0.147262155637,0.376208788229,0.316000042304,0.829883606246,0.193281579274,2.0260051256,26.2057876587,-0.318301013486,0.0878204001064,-0.053689327576,1.48527689787,0.343611696486,-0.0318301013486,0.0659611738791,100.0
19.534701,-0.581762213806,0.148029146031,0.375441797835,0.316767032698,0.831034091837,0.193665074471,2.02523813521,26.2057876587,-0.317150527895,0.0882038953034,-0.053305832379,1.48527689787,0.344762182077,-0.0322135965456,0.0651941834851,100.0
19.544707,-0.581378718609,0.147262155637,0.376208788229,0.316000042304,0.831034091837,0.193665074471,2.0256216304,26.2057876587,-0.317917518289,0.0870534097125,-0.052922337182,1.48527689787,0.34437868688,-0.0314466061517,0.0648106882882,100.0
19.554707,-0.580995223412,0.14687866044,0.375441797835,0.316767032698,0.83065059664,0.193281579274,2.0260051256,26.2057876587,-0.318684508683,0.0878204001064,-0.053305832379,1.48527689787,0.343995191683,-0.0322135965456,0.0651941834851,100.0
19.564707,-0.581378718609,0.147645650834,0.375058302638,0.316000042304,0.829883606246,0.192898084077,2.02523813521,26.2057876587,-0.318301013486,0.0882038953034,-0.052922337182,1.48450990748,0.34437868688,-0.0314466061517,0.0651941834851,100.0
19.574706,-0.580995223412,0.147262155637,0.374674807441,0.316383537501,0.83065059664,0.19251458888,2.02523813521,26.2057876587,-0.318684508683,0.0874369049095,-0.053689327576,1.48527689787,0.34437868688,-0.0318301013486,0.066344669076,100.0
19.584709,-0.582529204199,0.14687866044,0.375825293032,0.315616547107,0.830267101443,0.19251458888,2.02523813521,26.2057876587,-0.318301013486,0.0870534097125,-0.052922337182,1.48412641228,0.344762182077,-0.0322135965456,0.0659611738791,100.0
19.594706,-0.580995223412,0.146495165243,0.375058302638,0.316000042304,0.830267101443,0.19251458888,2.0256216304,26.2057876587,-0.317917518289,0.0874369049095,-0.052922337182,1.48527689787,0.34437868688,-0.0325970917426,0.0651941834851,100.0
19.604708,-0.582145709003,0.147645650834,0.375441797835,0.315616547107,0.830267101443,0.192131093683,2.02485464001,26.2057876587,-0.31906800388,0.0866699145155,-0.052922337182,1.48527689787,0.34437868688,-0.0310631109547,0.0655776786821,100.0
19.614704,-0.581378718609,0.14687866044,0.375441797835,0.316000042304,0.83065059664,0.19251458888,2.02485464001,26.2057876587,-0.318301013486,0.0874369049095,-0.052922337182,1.48450990748,0.343995191683,-0.0322135965456,0.0659611738791,100.0
19.624703,-0.581378718609,0.146495165243,0.375825293032,0.316000042304,0.830267101443,0.193281579274,2.0256216304,26.2057876587,-0.318301013486,0.0882038953034,-0.052922337182,1.48412641228,0.344762182077,-0.0318301013486,0.066344669076,100.0
19.634701,-0.581378718609,0.147262155637,0.375058302638,0.316000042304,0.831034091837,0.19251458888,2.0256216304,26.2057876587,-0.318301013486,0.0874369049095,-0.053305832379,1.48412641228,0.34437868688,-0.0322135965456,0.0651941834851,100.0
19.644703,-0.582145709003,0.146495165243,0.375441797835,0.316000042304,0.83065059664,0.19251458888,2.02523813521,26.2057876587,-0.317917518289,0.0874369049095,-0.052922337182,1.48450990748,0.34437868688,-0.0314466061517,0.0659611738791,100.0
19.654709,-0.581378718609,0.146495165243,0.375058302638,0.315616547107,0.830267101443,0.192131093683,2.0260051256,26.2057876587,-0.317917518289,0.0878204001064,-0.052922337182,1.48450990748,0.344762182077,-0.0314466061517,0.0655776786821,100.0
19.664705,-0.581762213806,0.146495165243,0.375825293032,0.316383537501,0.830267101443,0.191747598486,2.0256216304,26.2057876587,-0.318301013486,0.0874369049095,-0.053305832379,1.48412641228,0.34437868688,-0.0318301013486,0.0651941834851,100.0
19.674701,-0.582529204199,0.147262155637,0.375441797835,0.316767032698,0.829883606246,0.192898084077,2.02485464001,26.2057876587,-0.317534023092,0.0878204001064,-0.053305832379,1.48489340267,0.343995191683,-0.0314466061517,0.0655776786821,100.0
19.684702,-0.581762213806,0.146111670046,0.375825293032,0.315616547107,0.831034091837,0.19251458888,2.02523813521,26.2057876587,-0.317534023092,0.0878204001064,-0.053305832379,1.48412641228,0.34437868688,-0.0314466061517,0.0659611738791,100.0
19.694701,-0.582145709003,0.146495165243,0.375825293032,0.315616547107,0.830267101443,0.192898084077,2.0256216304,26.2057876587,-0.318684508683,0.0866699145155,-0.052922337182,1.48374291708,0.343995191683,-0.0318301013486,0.0651941834851,100.0
19.704704,-0.582912699396,0.14687866044,0.375441797835,0.316000042304,0.83065059664,0.19251458888,2.0256216304,26.2057876587,-0.317534023092,0.0866699145155,-0.052922337182,1.48489340267,0.344762182077,-0.0318301013486,0.066728164273,100.0
19.714704,-0.582145709003,0.146111670046,0.375058302638,0.31523305191,0.830267101443,0.191747598486,2.0256216304,26.2057876587,-0.318301013486,0.0874369049095,-0.0525388419851,1.48412641228,0.344762182077,-0.0322135965456,0.0655776786821,100.0
19.724700,-0.582912699396,0.147262155637,0.375441797835,0.315616547107,0.83065059664,0.192131093683,2.02523813521,26.2057876587,-0.318301013486,0.0878204001064,-0.053689327576,1.48450990748,0.34437868688,-0.0314466061517,0.0659611738791,100.0
19.734699,-0.582912699396,0.147645650834,0.375825293032,0.315616547107,0.831034091837,0.192898084077,2.0256216304,26.2057876587,-0.317534023092,0.0882038953034,-0.053305832379,1.48527689787,0.344762182077,-0.0322135965456,0.0659611738791,100.0
19.744700,-0.582529204199,0.147262155637,0.375058302638,0.315616547107,0.830267101443,0.191747598486,2.02523813521,26.2057876587,-0.317917518289,0.0874369049095,-0.0521553467881,1.48489340267,0.34437868688,-0.0322135965456,0.0659611738791,100.0
19.754707,-0.582529204199,0.147262155637,0.375058302638,0.315616547107,0.831034091837,0.19251458888,2.02523813521,26.2057876587,-0.317917518289,0.0874369049095,-0.053305832379,1.48450990748,0.345529172471,-0.0325970917426,0.0659611738791,100.0
19.764704,-0.582912699396,0.14687866044,0.374674807441,0.316000042304,0.829883606246,0.192131093683,2.02523813521,26.2057876587,-0.318301013486,0.0870534097125,-0.053689327576,1.48412641228,0.34437868688,-0.0314466061517,0.0651941834851,100.0
19.774703,-0.582912699396,0.148029146031,0.375441797835,0.315616547107,0.830267101443,0.191364103289,2.02523813521,26.2057876587,-0.317917518289,0.0874369049095,-0.0525388419851,1.48489340267,0.34437868688,-0.0318301013486,0.0659611738791,100.0
19.784704,-0.582529204199,0.147645650834,0.375441797835,0.316383537501,0.83065059664,0.191747598486,2.0256216304,26.2057876587,-0.318301013486,0.0870534097125,-0.0525388419851,1.48450990748,0.343228201289,-0.0314466061517,0.0651941834851,100.0
19.794701,-0.583296194593,0.148029146031,0.374291312244,0.315616547107,0.83065059664,0.192131093683,2.02485464001,26.2057876587,-0.318301013486,0.0870534097125,-0.053305832379,1.48412641228,0.343995191683,-0.0314466061517,0.0655776786821,100.0
19.804706,-0.583296194593,0.149179631622,0.375058302638,0.316000042304,0.831034091837,0.192131093683,2.0256216304,26.2057876587,-0.318684508683,0.0882038953034,-0.0525388419851,1.48450990748,0.343228201289,-0.0310631109547,0.0659611738791,100.0
19.814705,-0.582912699396,0.149179631622,0.375825293032,0.316000042304,0.831034091837,0.191747598486,2.02523813521,26.2057876587,-0.317534023092,0.0885873905004,-0.053305832379,1.48412641228,0.343995191683,-0.0322135965456,0.0659611738791,100.0
19.824702,-0.583296194593,0.149179631622,0.375825293032,0.316000042304,0.830267101443,0.192898084077,2.02523813521,26.2057876587,-0.317917518289,0.0874369049095,-0.052922337182,1.48527689787,0.34437868688,-0.0318301013486,0.0659611738791,100.0
19.834699,-0.584063184987,0.148029146031,0.375058302638,0.316383537501,0.83065059664,0.19251458888,2.0256216304,26.2057876587,-0.317917518289,0.0878204001064,-0.0521553467881,1.48489340267,0.343995191683,-0.0318301013486,0.0651941834851,100.0
19.844705,-0.58367968979,0.148412641228,0.375441797835,0.316383537501,0.83065059664,0.192898084077,2.0263886208,26.2057876587,-0.318684508683,0.0878204001064,-0.052922337182,1.48489340267,0.344762182077,-0.0318301013486,0.0655776786821,100.0
19.854702,-0.583296194593,0.148029146031,0.375058302638,0.316767032698,0.830267101443,0.19251458888,2.0256216304,26.2057876587,-0.317917518289,0.0878204001064,-0.052922337182,1.48450990748,0.343995191683,-0.0314466061517,0.066344669076,100.0
19.864704,-0.582912699396,0.148796136425,0.374674807441,0.316767032698,0.83065059664,0.19251458888,2.02523813521,26.2057876587,-0.317917518289,0.0878204001064,-0.052922337182,1.48489340267,0.343995191683,-0.0314466061517,0.0655776786821,100.0
19.874702,-0.582912699396,0.148412641228,0.375058302638,0.316383537501,0.829883606246,0.192898084077,2.0256216304,26.2057876587,-0.318301013486,0.0866699145155,-0.052922337182,1.48527689787,0.343995191683,-0.0322135965456,0.0651941834851,100.0
19.884705,-0.582912699396,0.148796136425,0.375058302638,0.316000042304,0.83065059664,0.192898084077,2.02485464001,26.2057876587,-0.318301013486,0.0874369049095,-0.053305832379,1.48412641228,0.343995191683,-0.0322135965456,0.0651941834851,100.0
19.894702,-0.583296194593,0.148412641228,0.375058302638,0.316000042304,0.83065059664,0.19251458888,2.02523813521,26.2057876587,-0.31906800388,0.0878204001064,-0.053305832379,1.48489340267,0.34437868688,-0.0318301013486,0.0655776786821,100.0
19.904702,-0.582912699396,0.149179631622,0.375058302638,0.316383537501,0.83065059664,0.19251458888,2.02485464001,26.2057876587,-0.318684508683,0.0878204001064,-0.0525388419851,1.48412641228,0.343995191683,-0.0314466061517,0.066344669076,100.0
19.914706,-0.583296194593,0.149179631622,0.375058302638,0.316383537501,0.831417587034,0.193281579274,2.0256216304,26.2057876587,-0.318301013486,0.0874369049095,-0.0525388419851,1.48566039307,0.343995191683,-0.0310631109547,0.066344669076,100.0
19.924704,-0.583296194593,0.148796136425,0.374674807441,0.316767032698,0.831034091837,0.192131093683,2.02523813521,26.2057876587,-0.318301013486,0.0870534097125,-0.053689327576,1.48489340267,0.34437868688,-0.0314466061517,0.0655776786821,100.0
19.934701,-0.58367968979,0.148796136425,0.374291312244,0.317150527895,0.830267101443,0.192131093683,2.0260051256,26.2057876587,-0.317917518289,0.0878204001064,-0.053305832379,1.48450990748,0.344762182077,-0.0310631109547,0.0655776786821,100.0
19.945208,-0.583296194593,0.149563126819,0.374291312244,0.316000042304,0.83065059664,0.191747598486,2.02523813521,26.2057876587,-0.318301013486,0.0878204001064,-0.052922337182,1.48489340267,0.343995191683,-0.0318301013486,0.0651941834851,100.0
19.955129,-0.583296194593,0.149563126819,0.374674807441,0.316000042304,0.83065059664,0.191747598486,2.02523813521,26.2057876587,-0.318301013486,0.0878204001064,-0.052922337182,1.48489340267,0.343995191683,-0.0318301013486,0.0651941834851,100.0
19.964813,-0.582912699396,0.149563126819,0.375058302638,0.316767032698,0.830267101443,0.191747598486,2.02485464001,26.2057876587,-0.318301013486,0.0874369049095,-0.0521553467881,1.48412641228,0.34437868688,-0.0318301013486,0.0655776786821,100.0
19.974900,-0.583296194593,0.149946622016,0.375058302638,0.316767032698,0.83065059664,0.19251458888,2.0256216304,26.2057876587,-0.318684508683,0.0874369049095,-0.0521553467881,1.48374291708,0.343995191683,-0.0322135965456,0.0651941834851,100.0
19.984772,-0.583296194593,0.149179631622,0.375058302638,0.317534023092,0.830267101443,0.19251458888,2.02447114481,26.2057876587,-0.317917518289,0.0874369049095,-0.0525388419851,1.48489340267,0.344762182077,-0.0318301013486,0.0659611738791,100.0
19.994758,-0.583296194593,0.149563126819,0.374291312244,0.317534023092,0.829883606246,0.193281579274,2.02485464001,26.2057876587,-0.317917518289,0.0866699145155,-0.052922337182,1.48527689787,0.343995191683,-0.0314466061517,0.0655776786821,100.0
20.004733,-0.58367968979,0.149563126819,0.374674807441,0.316767032698,0.83065059664,0.192898084077,2.0256216304,26.2057876587,-0.317917518289,0.0859029241216,-0.053305832379,1.48527689787,0.343995191683,-0.0310631109547,0.0655776786821,100.0
20.014720,-0.58367968979,0.148412641228,0.375058302638,0.317150527895,0.829883606246,0.193281579274,2.02523813521,26.2057876587,-0.318684508683,0.0870534097125,-0.052922337182,1.48450990748,0.34437868688,-0.0318301013486,0.0659611738791,100.0
20.024724,-0.584063184987,0.148796136425,0.374674807441,0.317150527895,0.830267101443,0.192898084077,2.0256216304,26.2057876587,-0.318301013486,0.0878204001064,-0.052922337182,1.48489340267,0.343995191683,-0.0314466061517,0.0655776786821,100.0
20.034714,-0.584063184987,0.149563126819,0.374674807441,0.316767032698,0.83065059664,0.192898084077,2.02447114481,26.2057876587,-0.317917518289,0.0870534097125,-0.0525388419851,1.48335942189,0.34437868688,-0.0325970917426,0.0659611738791,100.0
20.044709,-0.58367968979,0.149179631622,0.374674807441,0.317534023092,0.83065059664,0.193665074471,2.02485464001,26.2057876587,-0.318301013486,0.0878204001064,-0.053689327576,1.48374291708,0.34437868688,-0.0310631109547,0.0659611738791,100.0
20.054764,-0.583296194593,0.149179631622,0.374674807441,0.317150527895,0.83065059664,0.194048569668,2.02485464001,26.2057876587,-0.317917518289,0.0882038953034,-0.053305832379,1.48374291708,0.343611696486,-0.0310631109547,0.0655776786821,100.0
20.064711,-0.583296194593,0.149946622016,0.374291312244,0.317917518289,0.829883606246,0.193281579274,2.02485464001,26.2057876587,-0.318301013486,0.0874369049095,-0.053305832379,1.48527689787,0.344762182077,-0.0314466061517,0.066344669076,100.0
20.074707,-0.582912699396,0.149179631622,0.374291312244,0.316767032698,0.83065059664,0.192898084077,2.02485464001,26.2057876587,-0.31906800388,0.0874369049095,-0.053305832379,1.48450990748,0.343995191683,-0.0314466061517,0.066344669076,100.0
20.084713,-0.58367968979,0.148796136425,0.375058302638,0.317917518289,0.83065059664,0.193281579274,2.0256216304,26.2057876587,-0.318301013486,0.0878204001064,-0.054072822773,1.48450990748,0.343995191683,-0.0325970917426,0.0648106882882,100.0
20.094707,-0.58367968979,0.149563126819,0.374674807441,0.316767032698,0.83065059664,0.193665074471,2.02485464001,26.2057876587,-0.317534023092,0.0882038953034,-0.052922337182,1.48450990748,0.34437868688,-0.0318301013486,0.0655776786821,100.0
20.104700,-0.58367968979,0.149179631622,0.374674807441,0.317150527895,0.830267101443,0.192898084077,2.02523813521,26.2057876587,-0.318684508683,0.0882038953034,-0.0525388419851,1.48566039307,0.344762182077,-0.0314466061517,0.0651941834851,100.0
20.114705,-0.584063184987,0.148796136425,0.374291312244,0.316767032698,0.830267101443,0.193281579274,2.02485464001,26.2057876587,-0.317917518289,0.0874369049095,-0.0525388419851,1.48450990748,0.345145677274,-0.0314466061517,0.0651941834851,100.0
20.124705,-0.582529204199,0.149563126819,0.374291312244,0.316767032698,0.83065059664,0.19251458888,2.02523813521,26.2057876587,-0.317917518289,0.0874369049095,-0.0525388419851,1.48412641228,0.34437868688,-0.0314466061517,0.0651941834851,100.0
20.134713,-0.582912699396,0.149179631622,0.375441797835,0.316767032698,0.83065059664,0.192898084077,2.02485464001,26.2057876587,-0.318684508683,0.0878204001064,-0.052922337182,1.48412641228,0.343995191683,-0.0318301013486,0.0651941834851,100.0
20.144718,-0.582912699396,0.149179631622,0.374674807441,0.316767032698,0.831034091837,0.193665074471,2.02523813521,26.2057876587,-0.318301013486,0.0882038953034,-0.0517718515911,1.48450990748,0.345145677274,-0.0322135965456,0.0655776786821,100.0
20.154716,-0.583296194593,0.149179631622,0.373907817047,0.316000042304,0.83065059664,0.193281579274,2.02485464001,26.2057876587,-0.317917518289,0.0878204001064,-0.052922337182,1.48412641228,0.344762182077,-0.0318301013486,0.0644271930912,100.0
20.164718,-0.582529204199,0.148796136425,0.375058302638,0.316767032698,0.83065059664,0.19251458888,2.02523813521,26.2057876587,-0.318301013486,0.0889708856974,-0.053305832379,1.48489340267,0.34437868688,-0.0318301013486,0.0651941834851,100.0
20.174721,-0.582912699396,0.148796136425,0.374674807441,0.316383537501,0.830267101443,0.192898084077,2.02523813521,26.2057876587,-0.318684508683,0.0874369049095,-0.052922337182,1.48489340267,0.343995191683,-0.0318301013486,0.0648106882882,100.0
20.184719,-0.58367968979,0.149179631622,0.374674807441,0.317534023092,0.829883606246,0.192131093683,2.02485464001,26.2057876587,-0.318684508683,0.0874369049095,-0.053305832379,1.48450990748,0.343995191683,-0.0318301013486,0.0655776786821,100.0
20.194707,-0.583296194593,0.148412641228,0.374674807441,0.316000042304,0.830267101443,0.191747598486,2.02523813521,26.2057876587,-0.318301013486,0.0874369049095,-0.052922337182,1.48489340267,0.343995191683,-0.0314466061517,0.0659611738791,100.0
20.204703,-0.582912699396,0.148412641228,0.374674807441,0.316000042304,0.830267101443,0.192131093683,2.02523813521,26.2057876587,-0.318301013486,0.0874369049095,-0.052922337182,1.48489340267,0.343995191683,-0.0325970917426,0.0655776786821,100.0
20.214702,-0.582145709003,0.148412641228,0.374674807441,0.316767032698,0.83065059664,0.192131093683,2.02485464001,26.2057876587,-0.317917518289,0.0866699145155,-0.0521553467881,1.48450990748,0.34437868688,-0.0310631109547,0.0655776786821,100.0
20.224703,-0.58367968979,0.149179631622,0.375058302638,0.317150527895,0.83065059664,0.19251458888,2.02447114481,26.2057876587,-0.318301013486,0.0878204001064,-0.054072822773,1.48450990748,0.343995191683,-0.0318301013486,0.066344669076,100.0
20.234699,-0.583296194593,0.148796136425,0.373907817047,0.316767032698,0.829883606246,0.190980608092,2.02485464001,26.2057876587,-0.317917518289,0.0874369049095,-0.0525388419851,1.48450990748,0.34437868688,-0.0322135965456,0.0648106882882,100.0
20.244713,-0.58367968979,0.148796136425,0.374291312244,0.317534023092,0.829883606246,0.192131093683,2.02485464001,26.2057876587,-0.318301013486,0.0878204001064,-0.052922337182,1.48450990748,0.344762182077,-0.0314466061517,0.0655776786821,100.0
20.254721,-0.58367968979,0.149179631622,0.37352432185,0.317150527895,0.83065059664,0.19251458888,2.02370415442,26.2057876587,-0.318684508683,0.0878204001064,-0.052922337182,1.48412641228,0.343995191683,-0.0322135965456,0.0655776786821,100.0
20.264726,-0.583296194593,0.148796136425,0.374291312244,0.316383537501,0.829500111049,0.192131093683,2.02447114481,26.2057876587,-0.318684508683,0.0878204001064,-0.0525388419851,1.48412641228,0.345145677274,-0.0325970917426,0.0651941834851,100.0
20.274715,-0.58367968979,0.148796136425,0.373907817047,0.317150527895,0.830267101443,0.192131093683,2.02447114481,26.2057876587,-0.317917518289,0.0885873905004,-0.0525388419851,1.48489340267,0.34437868688,-0.0318301013486,0.0659611738791,100.0
20.284723,-0.58367968979,0.149179631622,0.374291312244,0.316767032698,0.830267101443,0.191747598486,2.02408764961,26.2057876587,-0.318301013486,0.0882038953034,-0.052922337182,1.48489340267,0.344762182077,-0.0318301013486,0.0655776786821,100.0
20.294722,-0.584063184987,0.148796136425,0.373907817047,0.316767032698,0.829883606246,0.192131093683,2.02370415442,26.2057876587,-0.317917518289,0.0870534097125,-0.0525388419851,1.48374291708,0.34437868688,-0.0322135965456,0.0648106882882,100.0
20.304750,-0.583296194593,0.149179631622,0.373907817047,0.316000042304,0.830267101443,0.192131093683,2.02332065922,26.2057876587,-0.318684508683,0.0870534097125,-0.0525388419851,1.48450990748,0.34437868688,-0.0314466061517,0.0659611738791,100.0
20.314759,-0.58367968979,0.148412641228,0.373907817047,0.317150527895,0.829883606246,0.19251458888,2.02332065922,26.2057876587,-0.318301013486,0.0874369049095,-0.052922337182,1.48412641228,0.34437868688,-0.0318301013486,0.0655776786821,100.0
20.324787,-0.58367968979,0.148412641228,0.37352432185,0.316767032698,0.83065059664,0.191747598486,2.02370415442,26.2057876587,-0.317917518289,0.0870534097125,-0.0517718515911,1.48489340267,0.344762182077,-0.0318301013486,0.0651941834851,100.0
20.334771,-0.584063184987,0.148412641228,0.373907817047,0.316767032698,0.83065059664,0.191747598486,2.02332065922,26.2057876587,-0.318684508683,0.0870534097125,-0.053305832379,1.48374291708,0.343228201289,-0.0318301013486,0.0659611738791,100.0
20.344764,-0.58367968979,0.149563126819,0.373907817047,0.316000042304,0.830267101443,0.190980608092,2.02332065922,26.2057876587,-0.317917518289,0.0870534097125,-0.0521553467881,1.48412641228,0.343995191683,-0.0318301013486,0.0655776786821,100.0
20.354737,-0.58367968979,0.148796136425,0.37352432185,0.316383537501,0.829883606246,0.191364103289,2.02370415442,26.2057876587,-0.31906800388,0.0874369049095,-0.053305832379,1.48374291708,0.34437868688,-0.0322135965456,0.0648106882882,100.0
20.364752,-0.583296194593,0.148796136425,0.374291312244,0.316383537501,0.830267101443,0.191747598486,2.02332065922,26.2057876587,-0.317917518289,0.0874369049095,-0.0525388419851,1.48450990748,0.343995191683,-0.0318301013486,0.0651941834851,100.0
20.374743,-0.584063184987,0.149179631622,0.373907817047,0.316767032698,0.831034091837,0.191747598486,2.02370415442,26.2057876587,-0.31906800388,0.0874369049095,-0.053305832379,1.48489340267,0.34437868688,-0.0318301013486,0.0659611738791,100.0
20.384790,-0.582912699396,0.148796136425,0.373907817047,0.316767032698,0.829883606246,0.190597112895,2.02332065922,26.2057876587,-0.317917518289,0.0878204001064,-0.052922337182,1.48412641228,0.343995191683,-0.0310631109547,0.0651941834851,100.0
20.394835,-0.584063184987,0.149179631622,0.373907817047,0.316000042304,0.831034091837,0.190980608092,2.02332065922,26.2057876587,-0.317917518289,0.0878204001064,-0.0521553467881,1.48335942189,0.344762182077,-0.0310631109547,0.0655776786821,100.0
20.404811,-0.58367968979,0.148412641228,0.373140826653,0.316383537501,0.830267101443,0.190980608092,2.02332065922,26.2057876587,-0.318301013486,0.0874369049095,-0.0525388419851,1.48450990748,0.343995191683,-0.0322135965456,0.066344669076,100.0
20.414807,-0.583296194593,0.148029146031,0.37352432185,0.316767032698,0.83065059664,0.190980608092,2.02332065922,26.2057876587,-0.317917518289,0.0874369049095,-0.053305832379,1.48412641228,0.344762182077,-0.0322135965456,0.0651941834851,100.0
20.424781,-0.58367968979,0.149179631622,0.373140826653,0.316000042304,0.83065059664,0.190980608092,2.02370415442,26.2057876587,-0.318684508683,0.0866699145155,-0.052922337182,1.48412641228,0.343995191683,-0.0318301013486,0.0655776786821,100.0
20.434770,-0.584446680184,0.148412641228,0.373907817047,0.316383537501,0.829883606246,0.190980608092,2.02370415442,26.2057876587,-0.318301013486,0.0878204001064,-0.052922337182,1.48412641228,0.34437868688,-0.0314466061517,0.0644271930912,100.0
20.444744,-0.58367968979,0.149179631622,0.37352432185,0.316767032698,0.831034091837,0.190980608092,2.02370415442,26.2057876587,-0.318301013486,0.0866699145155,-0.053305832379,1.48412641228,0.34437868688,-0.0318301013486,0.066344669076,100.0
20.454750,-0.58367968979,0.149179631622,0.37352432185,0.316383537501,0.829500111049,0.190213617698,2.02332065922,26.2057876587,-0.318301013486,0.0870534097125,-0.053689327576,1.48489340267,0.344762182077,-0.0322135965456,0.0651941834851,100.0
20.464729,-0.58367968979,0.148796136425,0.373907817047,0.316383537501,0.83065059664,0.190980608092,2.02370415442,26.2057876587,-0.318301013486,0.0866699145155,-0.052922337182,1.48450990748,0.343995191683,-0.0325970917426,0.0651941834851,100.0
20.474722,-0.58367968979,0.148796136425,0.373907817047,0.316767032698,0.829500111049,0.191364103289,2.02293716402,26.2057876587,-0.318684508683,0.0874369049095,-0.052922337182,1.48412641228,0.343995191683,-0.0314466061517,0.0655776786821,100.0
20.484718,-0.584063184987,0.149179631622,0.373907817047,0.317150527895,0.831034091837,0.191364103289,2.02332065922,26.2057876587,-0.31906800388,0.0870534097125,-0.053305832379,1.48489340267,0.34437868688,-0.0322135965456,0.0655776786821,100.0
20.494720,-0.58367968979,0.148796136425,0.373907817047,0.317150527895,0.830267101443,0.191364103289,2.02370415442,26.2057876587,-0.318301013486,0.0870534097125,-0.0525388419851,1.48412641228,0.34437868688,-0.0314466061517,0.0655776786821,100.0
20.504737,-0.583296194593,0.148796136425,0.373907817047,0.316767032698,0.829883606246,0.190980608092,2.02293716402,26.2057876587,-0.318684508683,0.0874369049095,-0.053305832379,1.48450990748,0.34437868688,-0.0322135965456,0.0659611738791,100.0
20.514749,-0.58367968979,0.149179631622,0.373140826653,0.316383537501,0.83065059664,0.191747598486,2.02293716402,26.2057876587,-0.317917518289,0.0882038953034,-0.053689327576,1.48489340267,0.34437868688,-0.0322135965456,0.0659611738791,100.0
20.524744,-0.583296194593,0.148412641228,0.373907817047,0.316383537501,0.830267101443,0.190597112895,2.02370415442,26.2057876587,-0.318301013486,0.0882038953034,-0.0525388419851,1.48450990748,0.34437868688,-0.0318301013486,0.0655776786821,100.0
20.534745,-0.584446680184,0.149179631622,0.372757331456,0.317150527895,0.829883606246,0.191364103289,2.02370415442,26.2057876587,-0.318684508683,0.0874369049095,-0.053305832379,1.48450990748,0.34437868688,-0.0318301013486,0.066344669076,100.0
20.544719,-0.583296194593,0.148796136425,0.373907817047,0.316767032698,0.83065059664,0.190980608092,2.02370415442,26.2057876587,-0.318301013486,0.0862864193186,-0.053689327576,1.48450990748,0.343995191683,-0.0314466061517,0.0655776786821,100.0
20.554825,-0.584063184987,0.148412641228,0.373140826653,0.315616547107,0.830267101443,0.191747598486,2.02370415442,26.2057876587,-0.318301013486,0.0878204001064,-0.053689327576,1.48489340267,0.343995191683,-0.0314466061517,0.0651941834851,100.0
20.564833,-0.583296194593,0.149179631622,0.372757331456,0.317150527895,0.830267101443,0.192131093683,2.02332065922,26.2057876587,-0.318301013486,0.0874369049095,-0.052922337182,1.48450990748,0.343995191683,-0.0310631109547,0.0651941834851,100.0
20.574825,-0.583296194593,0.148796136425,0.372757331456,0.317534023092,0.830267101443,0.191747598486,2.02332065922,26.2057876587,-0.318684508683,0.0874369049095,-0.0525388419851,1.48527689787,0.34437868688,-0.0318301013486,0.0655776786821,100.0
20.585027,-0.583296194593,0.149563126819,0.37352432185,0.317150527895,0.83065059664,0.191747598486,2.02370415442,26.2057876587,-0.318301013486,0.0878204001064,-0.0521553467881,1.48566039307,0.343995191683,-0.0318301013486,0.0655776786821,100.0
20.595384,-0.58367968979,0.148412641228,0.37352432185,0.316767032698,0.83065059664,0.191747598486,2.02332065922,26.2057876587,-0.318684508683,0.0866699145155,-0.052922337182,1.48450990748,0.343995191683,-0.0310631109547,0.0655776786821,100.0
20.605160,-0.583296194593,0.148796136425,0.37352432185,0.317150527895,0.829883606246,0.191747598486,2.02332065922,26.2057876587,-0.317917518289,0.0870534097125,-0.0521553467881,1.48412641228,0.344762182077,-0.0322135965456,0.0655776786821,100.0
20.615062,-0.583296194593,0.149179631622,0.37352432185,0.317534023092,0.830267101443,0.191364103289,2.02332065922,26.2057876587,-0.317917518289,0.0870534097125,-0.052922337182,1.48412641228,0.343995191683,-0.0322135965456,0.0651941834851,100.0
20.625047,-0.583296194593,0.148796136425,0.37352432185,0.317150527895,0.829500111049,0.191747598486,2.02332065922,26.2057876587,-0.318684508683,0.0878204001064,-0.052922337182,1.48489340267,0.34437868688,-0.0325970917426,0.0651941834851,100.0
20.634995,-0.582912699396,0.148412641228,0.373140826653,0.316767032698,0.830267101443,0.191747598486,2.02332065922,26.2057876587,-0.318684508683,0.0878204001064,-0.053305832379,1.48450990748,0.34437868688,-0.0314466061517,0.0651941834851,100.0
20.644955,-0.583296194593,0.148796136425,0.373140826653,0.318301013486,0.829116615852,0.190980608092,2.02332065922,26.2057876587,-0.318301013486,0.0882038953034,-0.053305832379,1.48450990748,0.343995191683,-0.0318301013486,0.0659611738791,100.0
20.654948,-0.582912699396,0.148412641228,0.37352432185,0.317150527895,0.830267101443,0.191747598486,2.02408764961,26.2057876587,-0.318684508683,0.0874369049095,-0.052922337182,1.48374291708,0.343995191683,-0.0318301013486,0.0655776786821,100.0
20.664895,-0.582912699396,0.148796136425,0.37352432185,0.317917518289,0.831034091837,0.191364103289,2.02332065922,26.2057876587,-0.318684508683,0.0870534097125,-0.052922337182,1.48527689787,0.34437868688,-0.0322135965456,0.0651941834851,100.0
20.674931,-0.582912699396,0.148029146031,0.373140826653,0.317917518289,0.830267101443,0.191364103289,2.02332065922,26.2057876587,-0.31906800388,0.0882038953034,-0.053305832379,1.48450990748,0.34437868688,-0.0318301013486,0.0655776786821,100.0
20.685065,-0.582529204199,0.148029146031,0.372373836259,0.317917518289,0.830267101443,0.191364103289,2.02332065922,26.2057876587,-0.317917518289,0.0874369049095,-0.052922337182,1.48489340267,0.343995191683,-0.0322135965456,0.0651941834851,100.0
20.695316,-0.582529204199,0.149563126819,0.372373836259,0.318301013486,0.829883606246,0.192131093683,2.02332065922,26.2057876587,-0.318684508683,0.0870534097125,-0.0525388419851,1.48374291708,0.343995191683,-0.0314466061517,0.0651941834851,100.0
20.705138,-0.582529204199,0.149179631622,0.372373836259,0.318684508683,0.830267101443,0.190980608092,2.02332065922,26.2057876587,-0.317917518289,0.0870534097125,-0.0525388419851,1.48450990748,0.34437868688,-0.0318301013486,0.0651941834851,100.0
20.715089,-0.582912699396,0.149179631622,0.371990341062,0.318301013486,0.829883606246,0.192131093683,2.02332065922,26.2057876587,-0.317534023092,0.0866699145155,-0.0525388419851,1.48450990748,0.34437868688,-0.0322135965456,0.0655776786821,100.0
20.725239,-0.582529204199,0.148412641228,0.373140826653,0.318301013486,0.83065059664,0.192131093683,2.02293716402,26.2057876587,-0.318301013486,0.0885873905004,-0.052922337182,1.48412641228,0.34437868688,-0.0322135965456,0.0651941834851,100.0
20.735054,-0.582529204199,0.148796136425,0.372373836259,0.317917518289,0.830267101443,0.191747598486,2.02332065922,26.2057876587,-0.318684508683,0.0874369049095,-0.0525388419851,1.48489340267,0.34437868688,-0.0314466061517,0.0651941834851,100.0
20.745154,-0.582529204199,0.148796136425,0.37352432185,0.318301013486,0.829883606246,0.192131093683,2.02332065922,26.2057876587,-0.318684508683,0.0874369049095,-0.053305832379,1.48489340267,0.34437868688,-0.0318301013486,0.0648106882882,100.0
20.754853,-0.582145709003,0.148412641228,0.372757331456,0.318301013486,0.83065059664,0.19251458888,2.02332065922,26.2057876587,-0.318684508683,0.0866699145155,-0.052922337182,1.48335942189,0.34437868688,-0.0318301013486,0.0655776786821,100.0
20.764782,-0.582145709003,0.149563126819,0.372373836259,0.31906800388,0.830267101443,0.192898084077,2.02408764961,26.2057876587,-0.317534023092,0.0878204001064,-0.0525388419851,1.48450990748,0.34437868688,-0.0322135965456,0.0648106882882,100.0
20.774770,-0.582529204199,0.149563126819,0.372373836259,0.317917518289,0.83065059664,0.19251458888,2.02332065922,26.2057876587,-0.318301013486,0.0874369049095,-0.052922337182,1.48450990748,0.34437868688,-0.0318301013486,0.0651941834851,100.0
20.784742,-0.582912699396,0.150330117213,0.372373836259,0.317917518289,0.830267101443,0.19251458888,2.02332065922,26.2057876587,-0.318684508683,0.0866699145155,-0.053689327576,1.48450990748,0.343995191683,-0.0318301013486,0.0659611738791,100.0
20.794733,-0.582912699396,0.149563126819,0.372373836259,0.318684508683,0.83065059664,0.192131093683,2.02408764961,26.2057876587,-0.318301013486,0.0866699145155,-0.0525388419851,1.48527689787,0.344762182077,-0.0318301013486,0.0651941834851,100.0
20.804737,-0.582145709003,0.149946622016,0.372757331456,0.31906800388,0.831034091837,0.191747598486,2.02293716402,26.2057876587,-0.317917518289,0.0870534097125,-0.0525388419851,1.48489340267,0.34437868688,-0.0322135965456,0.0659611738791,100.0
20.814733,-0.582912699396,0.149563126819,0.373140826653,0.318684508683,0.830267101443,0.190980608092,2.02332065922,26.2057876587,-0.318301013486,0.0878204001064,-0.052922337182,1.48527689787,0.344762182077,-0.0329805869395,0.0651941834851,100.0
20.824729,-0.582912699396,0.150330117213,0.371990341062,0.318684508683,0.829883606246,0.191364103289,2.02332065922,26.2057876587,-0.31906800388,0.0874369049095,-0.052922337182,1.48374291708,0.34437868688,-0.0314466061517,0.0659611738791,100.0
20.834727,-0.582912699396,0.149946622016,0.371990341062,0.317917518289,0.830267101443,0.191747598486,2.02293716402,26.2057876587,-0.317917518289,0.0874369049095,-0.052922337182,1.48450990748,0.343995191683,-0.0322135965456,0.0655776786821,100.0
20.844958,-0.58367968979,0.15071361241,0.371990341062,0.318684508683,0.83065059664,0.192131093683,2.02370415442,26.2057876587,-0.317917518289,0.0878204001064,-0.052922337182,1.48527689787,0.344762182077,-0.0310631109547,0.0651941834851,100.0
20.854804,-0.582912699396,0.149946622016,0.371990341062,0.318301013486,0.83065059664,0.191364103289,2.02447114481,26.2057876587,-0.318301013486,0.0874369049095,-0.052922337182,1.48527689787,0.344762182077,-0.0318301013486,0.0651941834851,100.0
20.864810,-0.582912699396,0.15071361241,0.371990341062,0.318684508683,0.831417587034,0.192131093683,2.02447114481,26.2057876587,-0.317917518289,0.0878204001064,-0.052922337182,1.48450990748,0.344762182077,-0.0318301013486,0.0651941834851,100.0
20.874802,-0.584063184987,0.15071361241,0.371990341062,0.318301013486,0.831034091837,0.191747598486,2.02370415442,26.2057876587,-0.31906800388,0.0878204001064,-0.052922337182,1.48489340267,0.343995191683,-0.0325970917426,0.0659611738791,100.0
20.884786,-0.583296194593,0.150330117213,0.372373836259,0.318301013486,0.83065059664,0.191364103289,2.02332065922,26.2057876587,-0.317917518289,0.0882038953034,-0.0525388419851,1.48527689787,0.34437868688,-0.0314466061517,0.066344669076,100.0
20.894782,-0.582912699396,0.15071361241,0.372373836259,0.318684508683,0.831034091837,0.191747598486,2.02332065922,26.2057876587,-0.318301013486,0.0874369049095,-0.052922337182,1.48450990748,0.34437868688,-0.0314466061517,0.0659611738791,100.0
20.904785,-0.58367968979,0.150330117213,0.371990341062,0.31906800388,0.83065059664,0.191747598486,2.02370415442,26.2057876587,-0.317917518289,0.0870534097125,-0.052922337182,1.48527689787,0.34437868688,-0.0322135965456,0.0659611738791,100.0
20.914753,-0.58367968979,0.150330117213,0.371606845865,0.318301013486,0.83065059664,0.191364103289,2.02408764961,26.2057876587,-0.317917518289,0.0878204001064,-0.052922337182,1.48527689787,0.34437868688,-0.0322135965456,0.0659611738791,100.0
20.924723,-0.58367968979,0.15071361241,0.371990341062,0.319451499077,0.830267101443,0.19251458888,2.02332065922,26.2057876587,-0.318301013486,0.0874369049095,-0.052922337182,1.48489340267,0.344762182077,-0.0325970917426,0.0655776786821,100.0
20.934711,-0.58367968979,0.150330117213,0.371990341062,0.318301013486,0.830267101443,0.19251458888,2.02255366883,26.2057876587,-0.318301013486,0.0878204001064,-0.0525388419851,1.48527689787,0.345145677274,-0.0318301013486,0.0644271930912,100.0
20.944711,-0.583296194593,0.150330117213,0.372757331456,0.31906800388,0.830267101443,0.192131093683,2.02293716402,26.2057876587,-0.318301013486,0.0874369049095,-0.0521553467881,1.48412641228,0.343995191683,-0.0318301013486,0.0659611738791,100.0
20.954710,-0.58367968979,0.149946622016,0.371990341062,0.318684508683,0.83065059664,0.191747598486,2.02332065922,26.2057876587,-0.317534023092,0.0874369049095,-0.0525388419851,1.48489340267,0.34437868688,-0.0318301013486,0.066344669076,100.0
20.964707,-0.583296194593,0.15071361241,0.371606845865,0.31906800388,0.830267101443,0.192131093683,2.02332065922,26.2057876587,-0.318301013486,0.0878204001064,-0.0521553467881,1.48489340267,0.34437868688,-0.0322135965456,0.0655776786821,100.0
20.974719,-0.582912699396,0.15071361241,0.371990341062,0.318684508683,0.83065059664,0.192131093683,2.02293716402,26.2057876587,-0.318684508683,0.0878204001064,-0.052922337182,1.48566039307,0.34437868688,-0.0322135965456,0.0659611738791,100.0
20.984713,-0.58367968979,0.149946622016,0.371990341062,0.317534023092,0.829883606246,0.191364103289,2.02332065922,26.2057876587,-0.318684508683,0.0870534097125,-0.0525388419851,1.48489340267,0.34437868688,-0.0325970917426,0.0655776786821,100.0
20.994714,-0.582912699396,0.149946622016,0.371606845865,0.318301013486,0.830267101443,0.192131093683,2.02332065922,26.2057876587,-0.318684508683,0.0866699145155,-0.053305832379,1.48642738346,0.345145677274,-0.0318301013486,0.0651941834851,100.0
21.004711,-0.58367968979,0.15071361241,0.371606845865,0.318301013486,0.83065059664,0.191364103289,2.02293716402,26.2057876587,-0.318301013486,0.0874369049095,-0.052922337182,1.48566039307,0.34437868688,-0.0318301013486,0.0651941834851,100.0
21.014711,-0.58367968979,0.15071361241,0.371990341062,0.318684508683,0.831034091837,0.190597112895,2.02293716402,26.2057876587,-0.31906800388,0.0874369049095,-0.053689327576,1.48566039307,0.344762182077,-0.0310631109547,0.0648106882882,100.0
21.024708,-0.584063184987,0.149946622016,0.371223350668,0.31906800388,0.831034091837,0.190597112895,2.02332065922,26.2057876587,-0.317917518289,0.0862864193186,-0.0525388419851,1.48489340267,0.343995191683,-0.0318301013486,0.0655776786821,100.0
21.034708,-0.58367968979,0.15071361241,0.370839855471,0.318301013486,0.829883606246,0.190597112895,2.02332065922,26.2057876587,-0.318684508683,0.0870534097125,-0.0521553467881,1.48450990748,0.345145677274,-0.0318301013486,0.0655776786821,100.0
21.044704,-0.58367968979,0.15071361241,0.370839855471,0.31906800388,0.830267101443,0.190597112895,2.02293716402,26.2057876587,-0.318684508683,0.0874369049095,-0.0525388419851,1.48566039307,0.343995191683,-0.0322135965456,0.0651941834851,100.0
21.054708,-0.584063184987,0.149946622016,0.371223350668,0.31906800388,0.83065059664,0.190597112895,2.02332065922,26.2057876587,-0.318684508683,0.0878204001064,-0.0521553467881,1.48489340267,0.343995191683,-0.0318301013486,0.0659611738791,100.0
21.064705,-0.584446680184,0.150330117213,0.370839855471,0.31906800388,0.83065059664,0.191364103289,2.02293716402,26.2057876587,-0.318301013486,0.0874369049095,-0.0517718515911,1.48566039307,0.34437868688,-0.0325970917426,0.0659611738791,100.0
21.074702,-0.584446680184,0.149563126819,0.370839855471,0.31906800388,0.829883606246,0.191747598486,2.02293716402,26.2057876587,-0.318301013486,0.0878204001064,-0.0521553467881,1.48450990748,0.34437868688,-0.0325970917426,0.0659611738791,100.0
21.084719,-0.584446680184,0.15071361241,0.370456360274,0.31906800388,0.831034091837,0.191364103289,2.02255366883,26.2057876587,-0.318301013486,0.0870534097125,-0.052922337182,1.48527689787,0.34437868688,-0.0314466061517,0.0651941834851,100.0
21.094711,-0.584446680184,0.149563126819,0.371223350668,0.317917518289,0.83065059664,0.191364103289,2.02332065922,26.2057876587,-0.318684508683,0.0882038953034,-0.0521553467881,1.48450990748,0.344762182077,-0.0318301013486,0.0659611738791,100.0
21.104712,-0.58367968979,0.149563126819,0.370839855471,0.318301013486,0.831034091837,0.191364103289,2.02293716402,26.2057876587,-0.318301013486,0.0874369049095,-0.052922337182,1.48489340267,0.344762182077,-0.0314466061517,0.0659611738791,100.0
21.114709,-0.58367968979,0.149563126819,0.371223350668,0.318301013486,0.83065059664,0.191747598486,2.02332065922,26.2057876587,-0.318301013486,0.0870534097125,-0.0525388419851,1.48450990748,0.344762182077,-0.0318301013486,0.0659611738791,100.0
21.124706,-0.584063184987,0.149563126819,0.370839855471,0.31906800388,0.83065059664,0.190597112895,2.02293716402,26.2057876587,-0.317917518289,0.0882038953034,-0.0525388419851,1.48566039307,0.344762182077,-0.0318301013486,0.0655776786821,100.0
21.134705,-0.584063184987,0.149563126819,0.371223350668,0.31906800388,0.831034091837,0.190980608092,2.02293716402,26.2057876587,-0.317534023092,0.0874369049095,-0.052922337182,1.48450990748,0.34437868688,-0.0318301013486,0.0655776786821,100.0
21.144710,-0.58367968979,0.149946622016,0.370839855471,0.317917518289,0.83065059664,0.190980608092,2.02332065922,26.2057876587,-0.318684508683,0.0870534097125,-0.0525388419851,1.48450990748,0.34437868688,-0.0318301013486,0.0659611738791,100.0
21.154706,-0.584063184987,0.150330117213,0.370839855471,0.31906800388,0.831034091837,0.190980608092,2.02332065922,26.2057876587,-0.317917518289,0.0866699145155,-0.052922337182,1.48450990748,0.345529172471,-0.0318301013486,0.0651941834851,100.0
21.164705,-0.58367968979,0.150330117213,0.370456360274,0.318684508683,0.83065059664,0.190980608092,2.02293716402,26.2057876587,-0.318684508683,0.0874369049095,-0.052922337182,1.48489340267,0.343611696486,-0.0322135965456,0.0659611738791,100.0
21.174705,-0.584063184987,0.149946622016,0.371223350668,0.319451499077,0.830267101443,0.192131093683,2.02332065922,26.2057876587,-0.318684508683,0.0878204001064,-0.053689327576,1.48412641228,0.34437868688,-0.0310631109547,0.0659611738791,100.0
21.184706,-0.584446680184,0.15071361241,0.371223350668,0.318684508683,0.831034091837,0.190597112895,2.02370415442,26.2057876587,-0.317917518289,0.0882038953034,-0.0521553467881,1.48450990748,0.34437868688,-0.0318301013486,0.0651941834851,100.0
21.194704,-0.584063184987,0.149563126819,0.370456360274,0.318301013486,0.831034091837,0.190980608092,2.02293716402,26.2057876587,-0.318684508683,0.0878204001064,-0.0521553467881,1.48566039307,0.34437868688,-0.0318301013486,0.0655776786821,100.0
21.204708,-0.58367968979,0.149946622016,0.370456360274,0.31906800388,0.831034091837,0.191747598486,2.02332065922,26.2057876587,-0.318684508683,0.0882038953034,-0.0525388419851,1.48566039307,0.34437868688,-0.0318301013486,0.0651941834851,100.0
21.214707,-0.583296194593,0.150330117213,0.370456360274,0.317917518289,0.831034091837,0.191364103289,2.02293716402,26.2057876587,-0.318301013486,0.0870534097125,-0.052922337182,1.48527689787,0.343228201289,-0.0318301013486,0.0655776786821,100.0
21.224707,-0.582912699396,0.149946622016,0.371223350668,0.31906800388,0.83065059664,0.190597112895,2.02293716402,26.2057876587,-0.318301013486,0.0866699145155,-0.0525388419851,1.48527689787,0.343995191683,-0.0318301013486,0.0655776786821,100.0
21.234708,-0.584063184987,0.15071361241,0.370072865077,0.318684508683,0.831417587034,0.190980608092,2.02332065922,26.2057876587,-0.318301013486,0.0882038953034,-0.0517718515911,1.48566039307,0.344762182077,-0.0318301013486,0.066344669076,100.0
21.244707,-0.58367968979,0.149563126819,0.371223350668,0.319451499077,0.831034091837,0.191364103289,2.02293716402,26.2057876587,-0.318301013486,0.0866699145155,-0.0525388419851,1.48527689787,0.344762182077,-0.0314466061517,0.0651941834851,100.0
21.254704,-0.583296194593,0.151097107607,0.370839855471,0.319451499077,0.83065059664,0.191364103289,2.02332065922,26.2057876587,-0.318301013486,0.0870534097125,-0.053305832379,1.48489340267,0.344762182077,-0.0322135965456,0.0659611738791,100.0
21.264709,-0.58367968979,0.150330117213,0.370456360274,0.31906800388,0.83065059664,0.190597112895,2.02332065922,26.2057876587,-0.318301013486,0.0874369049095,-0.052922337182,1.48489340267,0.344762182077,-0.0314466061517,0.0655776786821,100.0
21.274708,-0.584063184987,0.149946622016,0.370456360274,0.31906800388,0.83065059664,0.190597112895,2.02293716402,26.2057876587,-0.318684508683,0.0874369049095,-0.052922337182,1.48527689787,0.34437868688,-0.0318301013486,0.0651941834851,100.0
21.285059,-0.584446680184,0.150330117213,0.370839855471,0.318684508683,0.831034091837,0.190213617698,2.02293716402,26.2057876587,-0.318684508683,0.0882038953034,-0.053305832379,1.48527689787,0.343995191683,-0.0318301013486,0.0659611738791,100.0
21.295013,-0.58367968979,0.150330117213,0.370072865077,0.319451499077,0.830267101443,0.190980608092,2.02255366883,26.2057876587,-0.318684508683,0.0878204001064,-0.0525388419851,1.48489340267,0.344762182077,-0.0314466061517,0.0648106882882,100.0
21.305855,-0.58367968979,0.150330117213,0.370072865077,0.319451499077,0.830267101443,0.190980608092,2.02255366883,26.2057876587,-0.318684508683,0.0878204001064,-0.0525388419851,1.48489340267,0.344762182077,-0.0314466061517,0.0648106882882,100.0
21.314826,-0.584063184987,0.150330117213,0.370456360274,0.31906800388,0.831034091837,0.189830122501,2.02332065922,26.2057876587,-0.319451499077,0.0870534097125,-0.053305832379,1.48527689787,0.34437868688,-0.0314466061517,0.0644271930912,100.0
21.324899,-0.584063184987,0.150330117213,0.370456360274,0.31906800388,0.83065059664,0.190597112895,2.02332065922,26.2057876587,-0.31906800388,0.0878204001064,-0.0525388419851,1.48527689787,0.343995191683,-0.0314466061517,0.0659611738791,100.0
21.334790,-0.583296194593,0.15071361241,0.371223350668,0.318301013486,0.831034091837,0.189446627304,2.02293716402,26.2057876587,-0.317917518289,0.0870534097125,-0.0525388419851,1.48527689787,0.345145677274,-0.0314466061517,0.0651941834851,100.0
21.344787,-0.584830175381,0.151097107607,0.370072865077,0.31906800388,0.830267101443,0.190597112895,2.02293716402,26.2057876587,-0.318684508683,0.0870534097125,-0.0525388419851,1.48489340267,0.343995191683,-0.0314466061517,0.0659611738791,100.0
21.354918,-0.584446680184,0.150330117213,0.370456360274,0.31906800388,0.830267101443,0.190213617698,2.02217017363,26.2057876587,-0.318684508683,0.0874369049095,-0.053689327576,1.48566039307,0.344762182077,-0.0310631109547,0.0659611738791,100.0
21.364760,-0.584446680184,0.150330117213,0.370456360274,0.318684508683,0.831034091837,0.189830122501,2.02332065922,26.2057876587,-0.318301013486,0.0870534097125,-0.052922337182,1.48527689787,0.344762182077,-0.0310631109547,0.0655776786821,100.0
21.374728,-0.58367968979,0.149946622016,0.369305874683,0.319451499077,0.83065059664,0.189063132107,2.02293716402,26.2057876587,-0.318301013486,0.0882038953034,-0.0525388419851,1.48566039307,0.343995191683,-0.0318301013486,0.0648106882882,100.0
21.384728,-0.584063184987,0.15071361241,0.36968936988,0.31906800388,0.830267101443,0.190213617698,2.02293716402,26.2057876587,-0.317917518289,0.0882038953034,-0.0525388419851,1.48566039307,0.34437868688,-0.0318301013486,0.0644271930912,100.0
21.394727,-0.584063184987,0.15071361241,0.369305874683,0.318684508683,0.830267101443,0.190980608092,2.02293716402,26.2057876587,-0.317917518289,0.0870534097125,-0.0521553467881,1.48489340267,0.34437868688,-0.0314466061517,0.0655776786821,100.0
21.404948,-0.584830175381,0.151097107607,0.369305874683,0.31906800388,0.83065059664,0.190597112895,2.02255366883,26.2057876587,-0.318301013486,0.0874369049095,-0.052922337182,1.48450990748,0.344762182077,-0.0318301013486,0.0648106882882,100.0
21.414732,-0.584446680184,0.151097107607,0.369305874683,0.319451499077,0.830267101443,0.190597112895,2.02293716402,26.2057876587,-0.31906800388,0.0874369049095,-0.0525388419851,1.48450990748,0.343611696486,-0.0314466061517,0.0655776786821,100.0
21.424730,-0.58367968979,0.15071361241,0.36968936988,0.31906800388,0.831034091837,0.190597112895,2.02255366883,26.2057876587,-0.318301013486,0.0874369049095,-0.052922337182,1.48527689787,0.34437868688,-0.0318301013486,0.0659611738791,100.0
21.434733,-0.58367968979,0.150330117213,0.36968936988,0.31906800388,0.831417587034,0.190980608092,2.02293716402,26.2057876587,-0.317534023092,0.0874369049095,-0.052922337182,1.48566039307,0.344762182077,-0.0325970917426,0.0659611738791,100.0
21.444777,-0.58367968979,0.150330117213,0.370072865077,0.31906800388,0.83065059664,0.190597112895,2.02217017363,26.2057876587,-0.317917518289,0.0882038953034,-0.0521553467881,1.48527689787,0.343611696486,-0.0322135965456,0.0655776786821,100.0
21.454795,-0.584446680184,0.151097107607,0.36968936988,0.319451499077,0.831034091837,0.190980608092,2.02332065922,26.2057876587,-0.318684508683,0.0878204001064,-0.0521553467881,1.48527689787,0.343611696486,-0.0318301013486,0.0651941834851,100.0
21.464826,-0.584446680184,0.150330117213,0.370072865077,0.319834994274,0.829883606246,0.191364103289,2.02255366883,26.2057876587,-0.318684508683,0.0874369049095,-0.0525388419851,1.48489340267,0.344762182077,-0.0318301013486,0.0651941834851,100.0
21.474794,-0.584446680184,0.150330117213,0.36968936988,0.319834994274,0.831034091837,0.190980608092,2.02255366883,26.2057876587,-0.317917518289,0.0870534097125,-0.052922337182,1.48527689787,0.34437868688,-0.0306796157577,0.0655776786821,100.0
21.484818,-0.584063184987,0.150330117213,0.36968936988,0.319834994274,0.831034091837,0.190980608092,2.02332065922,26.2057876587,-0.317917518289,0.0882038953034,-0.053305832379,1.48566039307,0.343995191683,-0.0314466061517,0.0655776786821,100.0
21.494774,-0.584446680184,0.149946622016,0.369305874683,0.320985479865,0.831034091837,0.190980608092,2.02255366883,26.2057876587,-0.31906800388,0.0874369049095,-0.052922337182,1.48566039307,0.345529172471,-0.0325970917426,0.0655776786821,100.0
21.504759,-0.584446680184,0.150330117213,0.368922379486,0.320601984668,0.83065059664,0.190597112895,2.02255366883,26.2057876587,-0.318684508683,0.0874369049095,-0.052922337182,1.48566039307,0.343995191683,-0.0314466061517,0.0655776786821,100.0
21.514756,-0.58367968979,0.150330117213,0.369305874683,0.320218489471,0.831034091837,0.190980608092,2.02293716402,26.2057876587,-0.317534023092,0.0874369049095,-0.0525388419851,1.48489340267,0.344762182077,-0.0314466061517,0.0651941834851,100.0
21.524758,-0.58367968979,0.151097107607,0.36968936988,0.320601984668,0.831417587034,0.191364103289,2.02255366883,26.2057876587,-0.31906800388,0.0874369049095,-0.0525388419851,1.48489340267,0.345145677274,-0.0318301013486,0.0655776786821,100.0
21.534761,-0.584063184987,0.15071361241,0.36968936988,0.321368975062,0.831417587034,0.191364103289,2.02293716402,26.2057876587,-0.318684508683,0.0878204001064,-0.052922337182,1.48527689787,0.344762182077,-0.0318301013486,0.0651941834851,100.0
21.544728,-0.584063184987,0.150330117213,0.368538884289,0.321752470259,0.831034091837,0.191364103289,2.02255366883,26.2057876587,-0.318301013486,0.0870534097125,-0.052922337182,1.48527689787,0.34437868688,-0.0318301013486,0.0655776786821,100.0
21.554724,-0.584063184987,0.151097107607,0.368922379486,0.320601984668,0.83065059664,0.190980608092,2.02293716402,26.2057876587,-0.317917518289,0.0878204001064,-0.053305832379,1.48489340267,0.343995191683,-0.0322135965456,0.0648106882882,100.0
21.564723,-0.58367968979,0.149946622016,0.369305874683,0.320601984668,0.831034091837,0.190597112895,2.02293716402,26.2057876587,-0.317917518289,0.0874369049095,-0.052922337182,1.48489340267,0.34437868688,-0.0322135965456,0.0648106882882,100.0
21.574719,-0.58367968979,0.150330117213,0.369305874683,0.320985479865,0.831034091837,0.190980608092,2.02293716402,26.2057876587,-0.318301013486,0.0866699145155,-0.052922337182,1.48527689787,0.34437868688,-0.0318301013486,0.066344669076,100.0
21.584718,-0.584063184987,0.151097107607,0.368922379486,0.320601984668,0.831417587034,0.191364103289,2.02255366883,26.2057876587,-0.318301013486,0.0878204001064,-0.052922337182,1.48489340267,0.344762182077,-0.0318301013486,0.0655776786821,100.0
21.594715,-0.58367968979,0.15071361241,0.369305874683,0.320601984668,0.831034091837,0.192131093683,2.02332065922,26.2057876587,-0.317534023092,0.0874369049095,-0.0517718515911,1.48412641228,0.34437868688,-0.0314466061517,0.0659611738791,100.0
21.604743,-0.584063184987,0.151097107607,0.368922379486,0.320218489471,0.831034091837,0.192131093683,2.02255366883,26.2057876587,-0.318301013486,0.0866699145155,-0.0521553467881,1.48527689787,0.344762182077,-0.0310631109547,0.0651941834851,100.0
21.614758,-0.583296194593,0.15071361241,0.368922379486,0.320601984668,0.831417587034,0.191364103289,2.02293716402,26.2057876587,-0.317917518289,0.0878204001064,-0.0521553467881,1.48566039307,0.344762182077,-0.0310631109547,0.0651941834851,100.0
21.624765,-0.58367968979,0.15071361241,0.368538884289,0.320601984668,0.83065059664,0.191747598486,2.02332065922,26.2057876587,-0.317917518289,0.0874369049095,-0.052922337182,1.48527689787,0.34437868688,-0.0322135965456,0.0655776786821,100.0
21.634766,-0.58367968979,0.151480602804,0.368922379486,0.320985479865,0.831034091837,0.191364103289,2.02255366883,26.2057876587,-0.317917518289,0.0878204001064,-0.052922337182,1.48566039307,0.344762182077,-0.0318301013486,0.066344669076,100.0
21.644744,-0.58367968979,0.151480602804,0.369305874683,0.319834994274,0.831034091837,0.191364103289,2.02293716402,26.2057876587,-0.318684508683,0.0870534097125,-0.0525388419851,1.48527689787,0.34437868688,-0.0322135965456,0.0659611738791,100.0
21.654734,-0.58367968979,0.151097107607,0.369305874683,0.320601984668,0.830267101443,0.190597112895,2.02293716402,26.2057876587,-0.317917518289,0.0878204001064,-0.0525388419851,1.48489340267,0.34437868688,-0.0318301013486,0.0648106882882,100.0
21.664743,-0.582912699396,0.15071361241,0.36968936988,0.320985479865,0.83065059664,0.190597112895,2.02293716402,26.2057876587,-0.318301013486,0.0878204001064,-0.052922337182,1.48489340267,0.343995191683,-0.0318301013486,0.066344669076,100.0
21.674737,-0.584063184987,0.15071361241,0.369305874683,0.320601984668,0.831034091837,0.190980608092,2.02293716402,26.2057876587,-0.318684508683,0.0882038953034,-0.053689327576,1.48374291708,0.343995191683,-0.0325970917426,0.0655776786821,100.0
21.684735,-0.584063184987,0.151480602804,0.368922379486,0.319834994274,0.831417587034,0.191364103289,2.02217017363,26.2057876587,-0.318301013486,0.0878204001064,-0.052922337182,1.48450990748,0.344762182077,-0.0322135965456,0.0659611738791,100.0
21.694906,-0.58367968979,0.15071361241,0.368538884289,0.321752470259,0.831034091837,0.191364103289,2.02293716402,26.2057876587,-0.317917518289,0.0866699145155,-0.052922337182,1.48566039307,0.344762182077,-0.0318301013486,0.0659611738791,100.0
21.704859,-0.583296194593,0.15071361241,0.36968936988,0.320601984668,0.831417587034,0.190980608092,2.02255366883,26.2057876587,-0.318301013486,0.0870534097125,-0.0525388419851,1.48566039307,0.34437868688,-0.0314466061517,0.0655776786821,100.0
21.714865,-0.58367968979,0.151480602804,0.368538884289,0.320985479865,0.831417587034,0.191747598486,2.02178667843,26.2057876587,-0.318301013486,0.0870534097125,-0.052922337182,1.48450990748,0.343995191683,-0.0318301013486,0.0659611738791,100.0
21.724881,-0.583296194593,0.15071361241,0.369305874683,0.320218489471,0.83065059664,0.192131093683,2.02140318324,26.2057876587,-0.318301013486,0.0870534097125,-0.0521553467881,1.48527689787,0.345145677274,-0.0318301013486,0.0651941834851,100.0
21.734864,-0.583296194593,0.151097107607,0.368922379486,0.320218489471,0.831034091837,0.191747598486,2.02178667843,26.2057876587,-0.318684508683,0.0874369049095,-0.0521553467881,1.48566039307,0.343995191683,-0.0318301013486,0.0655776786821,100.0
21.744882,-0.584446680184,0.151097107607,0.369305874683,0.320218489471,0.830267101443,0.191747598486,2.02101968804,26.2057876587,-0.318684508683,0.0874369049095,-0.052922337182,1.48604388826,0.344762182077,-0.0314466061517,0.0651941834851,100.0
21.754890,-0.58367968979,0.149946622016,0.368538884289,0.320601984668,0.83065059664,0.191364103289,2.02025269765,26.2057876587,-0.318684508683,0.0874369049095,-0.052922337182,1.48450990748,0.34437868688,-0.0318301013486,0.0655776786821,100.0
21.764855,-0.582912699396,0.150330117213,0.368922379486,0.319834994274,0.829883606246,0.191364103289,2.01871871686,26.2057876587,-0.317917518289,0.0874369049095,-0.052922337182,1.48450990748,0.34437868688,-0.0314466061517,0.066344669076,100.0
21.774895,-0.582912699396,0.150330117213,0.369305874683,0.320601984668,0.830267101443,0.191747598486,2.01795172646,26.8488750458,-0.317917518289,0.0870534097125,-0.053305832379,1.48527689787,0.343995191683,-0.0322135965456,0.0651941834851,100.0
21.784857,-0.582529204199,0.150330117213,0.368155389092,0.320218489471,0.830267101443,0.191747598486,2.01565075528,27.8135051727,-0.317917518289,0.0870534097125,-0.0525388419851,1.48489340267,0.34437868688,-0.0322135965456,0.0655776786821,100.0
21.794853,-0.583296194593,0.151097107607,0.369305874683,0.320985479865,0.83065059664,0.190980608092,2.0133497841,29.7427654266,-0.318684508683,0.0878204001064,-0.053305832379,1.48527689787,0.345145677274,-0.0322135965456,0.066344669076,100.0
21.804891,-0.583296194593,0.150330117213,0.368922379486,0.320601984668,0.83065059664,0.191747598486,2.0129662889,32.3151130676,-0.31906800388,0.0870534097125,-0.0525388419851,1.48527689787,0.343995191683,-0.0314466061517,0.0655776786821,100.0
21.814852,-0.582912699396,0.15071361241,0.368538884289,0.320601984668,0.831034091837,0.190980608092,2.0137332793,35.2090034485,-0.317917518289,0.0866699145155,-0.053305832379,1.48566039307,0.34437868688,-0.0322135965456,0.0651941834851,100.0
21.824875,-0.582529204199,0.149946622016,0.368922379486,0.319834994274,0.831034091837,0.190980608092,2.0137332793,38.2636642456,-0.319451499077,0.0866699145155,-0.0521553467881,1.48566039307,0.343995191683,-0.0310631109547,0.066344669076,100.0
21.834891,-0.58367968979,0.149563126819,0.368922379486,0.319834994274,0.830267101443,0.190980608092,2.01488376489,41.3183288574,-0.318301013486,0.0878204001064,-0.052922337182,1.48489340267,0.344762182077,-0.0306796157577,0.0651941834851,100.0
21.844862,-0.582529204199,0.149563126819,0.369305874683,0.320985479865,0.83065059664,0.189830122501,2.01718473607,44.6945343018,-0.318684508683,0.0878204001064,-0.053305832379,1.48450990748,0.34437868688,-0.0318301013486,0.0659611738791,100.0
21.854886,-0.582912699396,0.149946622016,0.368922379486,0.31906800388,0.83065059664,0.190213617698,2.01795172646,49.035369873,-0.317917518289,0.0878204001064,-0.052922337182,1.48450990748,0.34437868688,-0.0318301013486,0.0659611738791,100.0
21.864863,-0.582912699396,0.149946622016,0.368538884289,0.319451499077,0.831034091837,0.189830122501,2.01833522166,52.4115753174,-0.317150527895,0.0874369049095,-0.052922337182,1.48450990748,0.344762182077,-0.0314466061517,0.0655776786821,100.0
21.874941,-0.582912699396,0.149946622016,0.368922379486,0.31906800388,0.830267101443,0.189830122501,2.01756823127,55.4662361145,-0.318684508683,0.0882038953034,-0.0525388419851,1.48527689787,0.343995191683,-0.0314466061517,0.0651941834851,100.0
21.884874,-0.58367968979,0.150330117213,0.368538884289,0.31906800388,0.830267101443,0.190597112895,2.01833522166,58.3601303101,-0.317917518289,0.0878204001064,-0.0525388419851,1.48450990748,0.343611696486,-0.0310631109547,0.0655776786821,100.0
21.894890,-0.58367968979,0.150330117213,0.368538884289,0.319451499077,0.829883606246,0.190980608092,2.01871871686,62.3794212341,-0.317917518289,0.0870534097125,-0.052922337182,1.48489340267,0.344762182077,-0.0322135965456,0.0655776786821,100.0
21.904859,-0.58367968979,0.149946622016,0.368538884289,0.319834994274,0.830267101443,0.189830122501,2.01833522166,65.4340820312,-0.318684508683,0.0885873905004,-0.0525388419851,1.48566039307,0.34437868688,-0.0318301013486,0.0655776786821,100.0
21.914893,-0.583296194593,0.149179631622,0.368538884289,0.320601984668,0.83065059664,0.190597112895,2.01833522166,69.1318359375,-0.318684508683,0.0870534097125,-0.052922337182,1.48450990748,0.34437868688,-0.0310631109547,0.0651941834851,100.0
21.924912,-0.584063184987,0.149946622016,0.368922379486,0.319451499077,0.831034091837,0.190597112895,2.01948570725,72.1864929199,-0.31906800388,0.0874369049095,-0.0525388419851,1.48642738346,0.344762182077,-0.0318301013486,0.0651941834851,100.0
21.934744,-0.584063184987,0.149946622016,0.368922379486,0.319834994274,0.83065059664,0.190597112895,2.01910221205,75.5626983643,-0.317917518289,0.0874369049095,-0.052922337182,1.48489340267,0.343995191683,-0.0322135965456,0.0655776786821,100.0
21.944736,-0.582912699396,0.150330117213,0.368922379486,0.320601984668,0.831034091837,0.189830122501,2.01871871686,75.5626983643,-0.318301013486,0.0870534097125,-0.053305832379,1.48527689787,0.345145677274,-0.0318301013486,0.0655776786821,100.0
21.954740,-0.582912699396,0.151097107607,0.368538884289,0.319834994274,0.831034091837,0.189446627304,2.01948570725,75.5626983643,-0.318301013486,0.0882038953034,-0.052922337182,1.48489340267,0.343995191683,-0.0322135965456,0.0659611738791,100.0
21.964716,-0.584063184987,0.151097107607,0.368922379486,0.319834994274,0.831417587034,0.189063132107,2.01948570725,75.5626983643,-0.317917518289,0.0870534097125,-0.052922337182,1.48412641228,0.344762182077,-0.0318301013486,0.0640436978942,100.0
21.974707,-0.58367968979,0.151097107607,0.368538884289,0.319451499077,0.83065059664,0.190213617698,2.01986920245,75.5626983643,-0.318684508683,0.0870534097125,-0.052922337182,1.48604388826,0.344762182077,-0.0314466061517,0.0655776786821,100.0
21.984708,-0.58367968979,0.15071361241,0.368922379486,0.319451499077,0.831034091837,0.189830122501,2.02063619284,92.6044998169,-0.317917518289,0.0874369049095,-0.0525388419851,1.48374291708,0.34437868688,-0.0314466061517,0.0655776786821,100.0
21.994704,-0.58367968979,0.151864098001,0.368922379486,0.319834994274,0.83065059664,0.189830122501,2.02178667843,92.6044998169,-0.317917518289,0.0882038953034,-0.0525388419851,1.48450990748,0.34437868688,-0.0322135965456,0.0655776786821,100.0
22.004701,-0.58367968979,0.15071361241,0.368922379486,0.320218489471,0.83065059664,0.190213617698,2.02140318324,92.6044998169,-0.317917518289,0.0882038953034,-0.0521553467881,1.48450990748,0.34437868688,-0.0318301013486,0.0655776786821,100.0
22.014700,-0.584446680184,0.150330117213,0.368155389092,0.320218489471,0.831034091837,0.190980608092,2.02293716402,92.6044998169,-0.318301013486,0.0870534097125,-0.0521553467881,1.48527689787,0.345145677274,-0.0322135965456,0.0651941834851,100.0
22.024702,-0.584063184987,0.151480602804,0.368538884289,0.320218489471,0.83065059664,0.190597112895,2.02293716402,92.6044998169,-0.31906800388,0.0866699145155,-0.053305832379,1.48642738346,0.34437868688,-0.0322135965456,0.0655776786821,100.0
22.034704,-0.58367968979,0.15071361241,0.368538884289,0.320218489471,0.83065059664,0.190597112895,2.02332065922,95.4983901978,-0.317534023092,0.0878204001064,-0.0521553467881,1.48566039307,0.343995191683,-0.0318301013486,0.0659611738791,100.0
22.044704,-0.584446680184,0.15071361241,0.368922379486,0.320218489471,0.831417587034,0.189830122501,2.02332065922,95.4983901978,-0.318301013486,0.0885873905004,-0.0525388419851,1.48489340267,0.34437868688,-0.0314466061517,0.0659611738791,100.0
22.054703,-0.584063184987,0.151097107607,0.368538884289,0.319834994274,0.831417587034,0.190980608092,2.02370415442,95.4983901978,-0.318684508683,0.0878204001064,-0.052922337182,1.48566039307,0.34437868688,-0.0322135965456,0.0659611738791,100.0
22.064724,-0.584446680184,0.151097107607,0.368538884289,0.319834994274,0.831417587034,0.190213617698,2.02408764961,95.4983901978,-0.318301013486,0.0870534097125,-0.053305832379,1.48489340267,0.343995191683,-0.0322135965456,0.0655776786821,100.0
22.074733,-0.584830175381,0.151097107607,0.368538884289,0.320218489471,0.831417587034,0.190597112895,2.02332065922,95.4983901978,-0.317917518289,0.0874369049095,-0.0525388419851,1.48412641228,0.34437868688,-0.0318301013486,0.0659611738791,100.0
22.084733,-0.584063184987,0.15071361241,0.369305874683,0.31906800388,0.831034091837,0.190980608092,2.02332065922,95.4983901978,-0.318684508683,0.0874369049095,-0.0525388419851,1.48489340267,0.34437868688,-0.0318301013486,0.0655776786821,100.0
22.094734,-0.584446680184,0.15071361241,0.368538884289,0.31906800388,0.831034091837,0.189446627304,2.02178667843,95.4983901978,-0.318684508683,0.0870534097125,-0.052922337182,1.48450990748,0.34437868688,-0.0314466061517,0.0659611738791,100.0
22.104734,-0.58367968979,0.149946622016,0.368538884289,0.320218489471,0.831417587034,0.190213617698,2.02217017363,95.4983901978,-0.318301013486,0.0870534097125,-0.0525388419851,1.48450990748,0.34437868688,-0.0310631109547,0.0659611738791,100.0
22.114728,-0.584063184987,0.15071361241,0.36968936988,0.320601984668,0.831417587034,0.190597112895,2.02140318324,95.4983901978,-0.317917518289,0.0874369049095,-0.052922337182,1.48450990748,0.34437868688,-0.0329805869395,0.0659611738791,100.0
22.124733,-0.584063184987,0.15071361241,0.36968936988,0.319834994274,0.83065059664,0.189830122501,2.02101968804,95.4983901978,-0.318301013486,0.0882038953034,-0.0525388419851,1.48450990748,0.343995191683,-0.0318301013486,0.0655776786821,100.0
22.134731,-0.584446680184,0.150330117213,0.368155389092,0.319834994274,0.831034091837,0.189446627304,2.02063619284,95.4983901978,-0.318301013486,0.0870534097125,-0.052922337182,1.48450990748,0.343995191683,-0.0314466061517,0.0651941834851,100.0
22.144736,-0.58367968979,0.149946622016,0.369305874683,0.320601984668,0.83065059664,0.189446627304,2.02101968804,95.4983901978,-0.318301013486,0.0878204001064,-0.0525388419851,1.48489340267,0.34437868688,-0.0318301013486,0.066728164273,100.0
22.154735,-0.584063184987,0.150330117213,0.368155389092,0.320218489471,0.83065059664,0.190213617698,2.02101968804,95.4983901978,-0.317534023092,0.0870534097125,-0.0525388419851,1.48527689787,0.344762182077,-0.0318301013486,0.0648106882882,100.0
22.164710,-0.584063184987,0.150330117213,0.368922379486,0.320985479865,0.831034091837,0.190213617698,2.02063619284,95.4983901978,-0.317534023092,0.0866699145155,-0.0525388419851,1.48566039307,0.34437868688,-0.0314466061517,0.0659611738791,100.0
22.174702,-0.58367968979,0.149563126819,0.368155389092,0.320218489471,0.83065059664,0.190213617698,2.02025269765,95.4983901978,-0.318301013486,0.0874369049095,-0.053305832379,1.48450990748,0.344762182077,-0.0318301013486,0.0659611738791,100.0
22.184703,-0.58367968979,0.15071361241,0.368155389092,0.319834994274,0.831034091837,0.190213617698,2.02063619284,95.4983901978,-0.318301013486,0.0866699145155,-0.052922337182,1.48450990748,0.343611696486,-0.0314466061517,0.0648106882882,100.0
22.194705,-0.584063184987,0.149946622016,0.368922379486,0.319834994274,0.831801082231,0.190597112895,2.02063619284,95.4983901978,-0.317917518289,0.0866699145155,-0.0525388419851,1.48489340267,0.344762182077,-0.0318301013486,0.0659611738791,100.0
22.204703,-0.583296194593,0.149946622016,0.369305874683,0.319834994274,0.831417587034,0.190597112895,2.02101968804,95.4983901978,-0.318301013486,0.0870534097125,-0.052922337182,1.48489340267,0.343995191683,-0.0325970917426,0.0655776786821,100.0
22.214701,-0.584446680184,0.150330117213,0.369305874683,0.319451499077,0.831801082231,0.190980608092,2.02063619284,95.4983901978,-0.318301013486,0.0874369049095,-0.052922337182,1.48489340267,0.34437868688,-0.0318301013486,0.0655776786821,100.0
22.224705,-0.584063184987,0.150330117213,0.368538884289,0.319834994274,0.832184577428,0.190597112895,2.02140318324,95.4983901978,-0.318301013486,0.0878204001064,-0.0525388419851,1.48489340267,0.345145677274,-0.0318301013486,0.0659611738791,100.0
22.234705,-0.584446680184,0.15071361241,0.368922379486,0.31906800388,0.831034091837,0.190980608092,2.02063619284,95.4983901978,-0.31906800388,0.0874369049095,-0.0525388419851,1.48412641228,0.34437868688,-0.0318301013486,0.0651941834851,100.0
22.244705,-0.58367968979,0.151097107607,0.36968936988,0.320218489471,0.831417587034,0.190213617698,2.02063619284,95.4983901978,-0.318301013486,0.0874369049095,-0.052922337182,1.48412641228,0.343995191683,-0.0318301013486,0.0659611738791,100.0
22.254702,-0.58367968979,0.150330117213,0.368155389092,0.319451499077,0.831417587034,0.190213617698,2.02063619284,95.4983901978,-0.317534023092,0.0874369049095,-0.053305832379,1.48450990748,0.343995191683,-0.0318301013486,0.0648106882882,100.0
22.264704,-0.58367968979,0.149563126819,0.368155389092,0.321368975062,0.832184577428,0.190213617698,2.02063619284,95.4983901978,-0.318301013486,0.0866699145155,-0.0525388419851,1.48527689787,0.343995191683,-0.0322135965456,0.0655776786821,100.0
22.274704,-0.58367968979,0.15071361241,0.36968936988,0.320985479865,0.831801082231,0.190980608092,2.02025269765,95.4983901978,-0.318684508683,0.0874369049095,-0.052922337182,1.48489340267,0.34437868688,-0.0310631109547,0.0655776786821,100.0
22.284705,-0.584063184987,0.150330117213,0.368922379486,0.320985479865,0.831801082231,0.190980608092,2.02101968804,95.4983901978,-0.318301013486,0.0882038953034,-0.0525388419851,1.48527689787,0.34437868688,-0.0314466061517,0.0644271930912,100.0
22.294702,-0.583296194593,0.149946622016,0.368922379486,0.319834994274,0.831801082231,0.191747598486,2.02140318324,95.4983901978,-0.317917518289,0.0882038953034,-0.053305832379,1.48566039307,0.343995191683,-0.0318301013486,0.0648106882882,100.0
22.304702,-0.584446680184,0.150330117213,0.368538884289,0.320985479865,0.832184577428,0.190597112895,2.02101968804,95.4983901978,-0.317917518289,0.0866699145155,-0.0521553467881,1.48489340267,0.343995191683,-0.0318301013486,0.0651941834851,100.0
22.314701,-0.584446680184,0.150330117213,0.368922379486,0.319834994274,0.831034091837,0.191364103289,2.02101968804,95.4983901978,-0.31906800388,0.0870534097125,-0.0525388419851,1.48489340267,0.345145677274,-0.0318301013486,0.0655776786821,100.0
22.324702,-0.584063184987,0.150330117213,0.368922379486,0.320218489471,0.831801082231,0.190597112895,2.02025269765,95.4983901978,-0.318301013486,0.0870534097125,-0.053305832379,1.48527689787,0.343611696486,-0.0318301013486,0.0655776786821,100.0
22.334704,-0.58367968979,0.149946622016,0.369305874683,0.320601984668,0.831801082231,0.191364103289,2.02101968804,95.4983901978,-0.318684508683,0.0878204001064,-0.053305832379,1.48527689787,0.34437868688,-0.0318301013486,0.0655776786821,100.0
22.344700,-0.584063184987,0.149946622016,0.368538884289,0.319834994274,0.832568072625,0.191364103289,2.02063619284,95.4983901978,-0.317534023092,0.0874369049095,-0.053305832379,1.48450990748,0.34437868688,-0.0322135965456,0.0659611738791,100.0
22.354702,-0.584063184987,0.149946622016,0.368538884289,0.320601984668,0.831801082231,0.190597112895,2.01986920245,95.4983901978,-0.317150527895,0.0878204001064,-0.053305832379,1.48450990748,0.34437868688,-0.0318301013486,0.0655776786821,100.0
22.364720,-0.58367968979,0.149946622016,0.369305874683,0.320985479865,0.832184577428,0.190980608092,2.02063619284,95.4983901978,-0.318684508683,0.0874369049095,-0.0521553467881,1.48527689787,0.343995191683,-0.0318301013486,0.0659611738791,100.0
22.374720,-0.583296194593,0.151097107607,0.368155389092,0.320218489471,0.831801082231,0.190980608092,2.02140318324,95.4983901978,-0.31906800388,0.0882038953034,-0.052922337182,1.48450990748,0.34437868688,-0.0314466061517,0.0651941834851,100.0
22.384718,-0.58367968979,0.150330117213,0.368922379486,0.320985479865,0.832568072625,0.190213617698,2.02063619284,95.4983901978,-0.318301013486,0.0874369049095,-0.0525388419851,1.48489340267,0.34437868688,-0.0306796157577,0.0651941834851,100.0
22.394705,-0.58367968979,0.150330117213,0.367771893896,0.319834994274,0.832184577428,0.191364103289,2.02101968804,95.4983901978,-0.31906800388,0.0874369049095,-0.052922337182,1.48489340267,0.34437868688,-0.0314466061517,0.0655776786821,100.0
22.404701,-0.584063184987,0.150330117213,0.368922379486,0.319834994274,0.832184577428,0.191364103289,2.02101968804,95.4983901978,-0.317917518289,0.0874369049095,-0.052922337182,1.48489340267,0.343995191683,-0.0318301013486,0.0655776786821,100.0
22.414700,-0.583296194593,0.149946622016,0.368922379486,0.320218489471,0.832184577428,0.190597112895,2.02101968804,95.4983901978,-0.318301013486,0.0874369049095,-0.053305832379,1.48450990748,0.343611696486,-0.0314466061517,0.066344669076,100.0
22.424701,-0.58367968979,0.150330117213,0.368922379486,0.319834994274,0.831417587034,0.190597112895,2.02063619284,95.4983901978,-0.317917518289,0.0870534097125,-0.0525388419851,1.48412641228,0.343995191683,-0.0322135965456,0.0644271930912,100.0
22.434703,-0.584063184987,0.150330117213,0.368538884289,0.320218489471,0.831801082231,0.190213617698,2.02140318324,95.4983901978,-0.318301013486,0.0874369049095,-0.052922337182,1.48489340267,0.34437868688,-0.0322135965456,0.0651941834851,100.0
22.444705,-0.583296194593,0.149179631622,0.368922379486,0.320218489471,0.831801082231,0.190980608092,2.02101968804,95.4983901978,-0.317534023092,0.0878204001064,-0.0525388419851,1.48450990748,0.343611696486,-0.0318301013486,0.0659611738791,100.0
22.454703,-0.58367968979,0.150330117213,0.368922379486,0.319834994274,0.832184577428,0.190980608092,2.01986920245,95.4983901978,-0.317917518289,0.0874369049095,-0.053305832379,1.48374291708,0.34437868688,-0.0325970917426,0.0648106882882,100.0
22.464705,-0.583296194593,0.149946622016,0.368538884289,0.320218489471,0.832184577428,0.190597112895,2.02101968804,95.4983901978,-0.318301013486,0.0874369049095,-0.052922337182,1.48527689787,0.34437868688,-0.0314466061517,0.066728164273,100.0
22.474706,-0.584063184987,0.148796136425,0.368922379486,0.319834994274,0.832568072625,0.190980608092,2.02101968804,95.4983901978,-0.318684508683,0.0874369049095,-0.052922337182,1.48450990748,0.343995191683,-0.0318301013486,0.0651941834851,100.0
22.484706,-0.583296194593,0.149946622016,0.368922379486,0.320218489471,0.832568072625,0.190597112895,2.02101968804,95.4983901978,-0.318301013486,0.0870534097125,-0.0525388419851,1.48374291708,0.34437868688,-0.0322135965456,0.0651941834851,100.0
22.494704,-0.58367968979,0.149179631622,0.368922379486,0.319834994274,0.831801082231,0.189446627304,2.02101968804,95.4983901978,-0.317534023092,0.0866699145155,-0.052922337182,1.48412641228,0.34437868688,-0.0325970917426,0.0659611738791,100.0
22.504702,-0.584830175381,0.149179631622,0.368538884289,0.31906800388,0.832568072625,0.189830122501,2.02140318324,95.4983901978,-0.318301013486,0.0882038953034,-0.0525388419851,1.48412641228,0.343995191683,-0.0318301013486,0.0659611738791,100.0
22.514722,-0.58367968979,0.150330117213,0.368538884289,0.320218489471,0.832184577428,0.190213617698,2.02140318324,95.4983901978,-0.317534023092,0.0874369049095,-0.053305832379,1.48450990748,0.344762182077,-0.0318301013486,0.0655776786821,100.0
22.524731,-0.58367968979,0.149179631622,0.368922379486,0.318684508683,0.831417587034,0.189830122501,2.02063619284,95.4983901978,-0.318684508683,0.0870534097125,-0.0525388419851,1.48489340267,0.34437868688,-0.0318301013486,0.066344669076,100.0
22.534726,-0.582912699396,0.149946622016,0.36968936988,0.319834994274,0.831801082231,0.190597112895,2.02101968804,95.4983901978,-0.318301013486,0.0870534097125,-0.0525388419851,1.48489340267,0.34437868688,-0.0318301013486,0.066344669076,100.0
22.544724,-0.58367968979,0.149179631622,0.368922379486,0.320218489471,0.832568072625,0.190597112895,2.02140318324,95.4983901978,-0.318301013486,0.0878204001064,-0.052922337182,1.48374291708,0.34437868688,-0.0310631109547,0.0648106882882,100.0
22.554725,-0.584063184987,0.149563126819,0.369305874683,0.319451499077,0.832184577428,0.190597112895,2.02063619284,95.4983901978,-0.318301013486,0.0878204001064,-0.0525388419851,1.48412641228,0.34437868688,-0.0322135965456,0.0651941834851,100.0
22.564757,-0.584063184987,0.149563126819,0.368538884289,0.319451499077,0.831801082231,0.189830122501,2.02063619284,95.4983901978,-0.318301013486,0.0874369049095,-0.053305832379,1.48489340267,0.34437868688,-0.0314466061517,0.0655776786821,100.0
22.574763,-0.584063184987,0.149946622016,0.368538884289,0.319451499077,0.831801082231,0.189830122501,2.02063619284,95.4983901978,-0.318301013486,0.0878204001064,-0.053305832379,1.48374291708,0.34437868688,-0.0318301013486,0.0648106882882,100.0
22.584738,-0.583296194593,0.148796136425,0.36968936988,0.319451499077,0.831801082231,0.190213617698,2.02063619284,95.4983901978,-0.318684508683,0.0874369049095,-0.053305832379,1.48374291708,0.34437868688,-0.0314466061517,0.0659611738791,100.0
22.594735,-0.58367968979,0.149179631622,0.368538884289,0.319451499077,0.832184577428,0.190213617698,2.02140318324,95.4983901978,-0.318301013486,0.0874369049095,-0.053305832379,1.48412641228,0.344762182077,-0.0322135965456,0.0648106882882,100.0
22.604724,-0.583296194593,0.149179631622,0.36968936988,0.319834994274,0.832184577428,0.189446627304,2.02101968804,95.4983901978,-0.318684508683,0.0874369049095,-0.052922337182,1.48374291708,0.34437868688,-0.0322135965456,0.066344669076,100.0
22.614721,-0.584063184987,0.149563126819,0.368922379486,0.319834994274,0.832568072625,0.190597112895,2.02063619284,95.4983901978,-0.318301013486,0.0874369049095,-0.053689327576,1.48374291708,0.344762182077,-0.0310631109547,0.0659611738791,100.0
22.624722,-0.584063184987,0.149563126819,0.369305874683,0.320218489471,0.832184577428,0.190213617698,2.02025269765,95.4983901978,-0.317917518289,0.0870534097125,-0.053305832379,1.48450990748,0.344762182077,-0.0314466061517,0.066344669076,100.0
22.634727,-0.584063184987,0.149563126819,0.368538884289,0.319451499077,0.831417587034,0.190980608092,2.02101968804,95.4983901978,-0.317917518289,0.0878204001064,-0.052922337182,1.48412641228,0.34437868688,-0.0322135965456,0.066344669076,100.0
22.644721,-0.58367968979,0.149179631622,0.369305874683,0.319451499077,0.831801082231,0.189830122501,2.02101968804,95.4983901978,-0.318301013486,0.0882038953034,-0.053305832379,1.48335942189,0.343228201289,-0.0314466061517,0.066344669076,100.0
22.654720,-0.584063184987,0.149179631622,0.368922379486,0.319451499077,0.832184577428,0.190213617698,2.02101968804,95.4983901978,-0.317917518289,0.0882038953034,-0.052922337182,1.48412641228,0.344762182077,-0.0322135965456,0.0648106882882,100.0
22.664721,-0.584446680184,0.149946622016,0.368922379486,0.31906800388,0.832184577428,0.189446627304,2.02063619284,95.4983901978,-0.317917518289,0.0870534097125,-0.052922337182,1.48412641228,0.34437868688,-0.0314466061517,0.0655776786821,100.0
22.674750,-0.584830175381,0.149946622016,0.368922379486,0.320218489471,0.831801082231,0.190213617698,2.02101968804,95.4983901978,-0.31906800388,0.0882038953034,-0.053305832379,1.48374291708,0.34437868688,-0.0314466061517,0.066344669076,100.0
22.684746,-0.584446680184,0.149946622016,0.368538884289,0.31906800388,0.831417587034,0.190597112895,2.02101968804,95.4983901978,-0.318301013486,0.0874369049095,-0.052922337182,1.48374291708,0.345145677274,-0.0318301013486,0.0659611738791,100.0
22.694713,-0.58367968979,0.149179631622,0.368538884289,0.319451499077,0.831801082231,0.189446627304,2.02025269765,95.4983901978,-0.317917518289,0.0870534097125,-0.0525388419851,1.48489340267,0.34437868688,-0.0322135965456,0.0655776786821,100.0
22.704712,-0.584446680184,0.148412641228,0.368922379486,0.319451499077,0.832184577428,0.189830122501,2.02025269765,95.4983901978,-0.317917518289,0.0870534097125,-0.053689327576,1.48412641228,0.345145677274,-0.0310631109547,0.0655776786821,100.0
22.714713,-0.584446680184,0.148796136425,0.368538884289,0.319451499077,0.832184577428,0.189830122501,2.02025269765,95.4983901978,-0.318684508683,0.0870534097125,-0.052922337182,1.48450990748,0.34437868688,-0.0318301013486,0.0648106882882,100.0
22.724713,-0.584830175381,0.148796136425,0.368922379486,0.319834994274,0.831417587034,0.190213617698,2.02025269765,95.4983901978,-0.317917518289,0.0862864193186,-0.053305832379,1.48335942189,0.344762182077,-0.0318301013486,0.0651941834851,100.0
22.734720,-0.584446680184,0.148412641228,0.368922379486,0.319834994274,0.832568072625,0.190213617698,2.02063619284,95.4983901978,-0.317917518289,0.0874369049095,-0.053689327576,1.48489340267,0.344762182077,-0.0322135965456,0.066344669076,100.0
22.744719,-0.584063184987,0.148029146031,0.369305874683,0.317917518289,0.832568072625,0.189446627304,2.02101968804,95.4983901978,-0.317917518289,0.0882038953034,-0.052922337182,1.48412641228,0.343995191683,-0.0318301013486,0.0655776786821,100.0
22.754714,-0.58367968979,0.148412641228,0.368538884289,0.318301013486,0.831801082231,0.189446627304,2.02025269765,95.4983901978,-0.317917518289,0.0878204001064,-0.053305832379,1.48412641228,0.344762182077,-0.0325970917426,0.066728164273,100.0
22.764780,-0.584446680184,0.148796136425,0.368922379486,0.318301013486,0.831801082231,0.189063132107,2.02063619284,95.4983901978,-0.318684508683,0.0874369049095,-0.052922337182,1.48374291708,0.343995191683,-0.0322135965456,0.0651941834851,100.0
22.774850,-0.584446680184,0.148412641228,0.369305874683,0.319451499077,0.831801082231,0.188296141713,2.02063619284,95.4983901978,-0.317917518289,0.0874369049095,-0.0517718515911,1.48450990748,0.344762182077,-0.0314466061517,0.0655776786821,100.0
22.785070,-0.584063184987,0.147645650834,0.368922379486,0.318301013486,0.832184577428,0.189063132107,2.02025269765,95.4983901978,-0.318301013486,0.0874369049095,-0.0517718515911,1.48489340267,0.34437868688,-0.0314466061517,0.0655776786821,100.0
22.794792,-0.583296194593,0.148029146031,0.368155389092,0.31906800388,0.832184577428,0.189063132107,2.02063619284,95.4983901978,-0.318301013486,0.0870534097125,-0.0525388419851,1.48374291708,0.34437868688,-0.0318301013486,0.0655776786821,100.0
22.804752,-0.584446680184,0.147645650834,0.369305874683,0.319834994274,0.831417587034,0.189446627304,2.02025269765,95.4983901978,-0.318301013486,0.0870534097125,-0.052922337182,1.48489340267,0.343995191683,-0.0322135965456,0.0655776786821,100.0
22.814738,-0.584063184987,0.148412641228,0.369305874683,0.31906800388,0.832568072625,0.18867963691,2.02025269765,95.4983901978,-0.317917518289,0.0878204001064,-0.053305832379,1.48412641228,0.344762182077,-0.0318301013486,0.0648106882882,100.0
22.824735,-0.58367968979,0.147262155637,0.368922379486,0.318684508683,0.832184577428,0.189063132107,2.02101968804,95.4983901978,-0.318301013486,0.0874369049095,-0.052922337182,1.48450990748,0.34437868688,-0.0318301013486,0.0655776786821,100.0
22.834713,-0.584446680184,0.147645650834,0.36968936988,0.318684508683,0.831801082231,0.189063132107,2.02063619284,95.4983901978,-0.318301013486,0.0878204001064,-0.052922337182,1.48489340267,0.34437868688,-0.0314466061517,0.0648106882882,100.0
22.844707,-0.584446680184,0.147645650834,0.370072865077,0.318684508683,0.832184577428,0.188296141713,2.02063619284,95.4983901978,-0.318301013486,0.0874369049095,-0.0525388419851,1.48412641228,0.344762182077,-0.0322135965456,0.0655776786821,100.0
22.854707,-0.584063184987,0.148412641228,0.369305874683,0.318684508683,0.832184577428,0.189063132107,2.02063619284,95.4983901978,-0.317917518289,0.0870534097125,-0.0525388419851,1.48374291708,0.343995191683,-0.0318301013486,0.0655776786821,100.0
22.864721,-0.584830175381,0.147645650834,0.369305874683,0.317917518289,0.832568072625,0.188296141713,2.01986920245,95.4983901978,-0.317534023092,0.0878204001064,-0.052922337182,1.48412641228,0.343995191683,-0.0325970917426,0.0651941834851,100.0
22.874719,-0.584446680184,0.147262155637,0.36968936988,0.318684508683,0.832184577428,0.18867963691,2.02025269765,95.4983901978,-0.318301013486,0.0878204001064,-0.052922337182,1.48412641228,0.344762182077,-0.0314466061517,0.0655776786821,100.0
22.884724,-0.584830175381,0.147262155637,0.368922379486,0.31906800388,0.832184577428,0.187529151319,2.02025269765,95.4983901978,-0.318684508683,0.0878204001064,-0.053305832379,1.48412641228,0.344762182077,-0.0314466061517,0.0651941834851,100.0
22.894723,-0.585213670578,0.14687866044,0.368922379486,0.318684508683,0.832184577428,0.187912646516,2.02101968804,95.4983901978,-0.317917518289,0.0870534097125,-0.053305832379,1.48412641228,0.344762182077,-0.0318301013486,0.0651941834851,100.0
22.904722,-0.585213670578,0.14687866044,0.368922379486,0.318684508683,0.831801082231,0.18867963691,2.02063619284,95.4983901978,-0.318301013486,0.0866699145155,-0.0525388419851,1.48412641228,0.344762182077,-0.0310631109547,0.0659611738791,100.0
22.914717,-0.585597165775,0.14687866044,0.368922379486,0.318301013486,0.832184577428,0.188296141713,2.02025269765,95.4983901978,-0.317150527895,0.0874369049095,-0.053689327576,1.48412641228,0.344762182077,-0.0322135965456,0.0648106882882,100.0
22.924718,-0.585213670578,0.147645650834,0.368922379486,0.318301013486,0.831801082231,0.187912646516,2.01986920245,95.4983901978,-0.31906800388,0.0882038953034,-0.053305832379,1.48450990748,0.34437868688,-0.0322135965456,0.0659611738791,100.0
22.934714,-0.584446680184,0.147645650834,0.36968936988,0.317534023092,0.832184577428,0.188296141713,2.01986920245,95.4983901978,-0.318301013486,0.0874369049095,-0.0525388419851,1.48412641228,0.343995191683,-0.0322135965456,0.0659611738791,100.0
22.944720,-0.584446680184,0.145728174849,0.370839855471,0.316383537501,0.832184577428,0.18867963691,2.02063619284,95.4983901978,-0.318301013486,0.0882038953034,-0.052922337182,1.48412641228,0.343995191683,-0.0318301013486,0.0655776786821,100.0
22.954715,-0.584830175381,0.145728174849,0.371223350668,0.31523305191,0.831034091837,0.189830122501,2.02025269765,95.4983901978,-0.318684508683,0.0862864193186,-0.0525388419851,1.48374291708,0.34437868688,-0.0314466061517,0.0651941834851,100.0
22.964719,-0.584446680184,0.144961184455,0.371606845865,0.313699071123,0.83065059664,0.190597112895,2.01948570725,95.4983901978,-0.317917518289,0.0870534097125,-0.053305832379,1.48374291708,0.34437868688,-0.0310631109547,0.066344669076,100.0
22.974721,-0.584830175381,0.144194194061,0.371990341062,0.311781595138,0.829500111049,0.190213617698,2.01756823127,95.4983901978,-0.318684508683,0.0870534097125,-0.052922337182,1.48374291708,0.344762182077,-0.0310631109547,0.0651941834851,100.0
22.984727,-0.584446680184,0.143810698864,0.373140826653,0.311014604744,0.828733120655,0.189446627304,2.01871871686,95.4983901978,-0.318684508683,0.0866699145155,-0.0525388419851,1.48335942189,0.34437868688,-0.0314466061517,0.0651941834851,100.0
22.994709,-0.584446680184,0.142660213273,0.373907817047,0.309480623956,0.827582635064,0.189063132107,2.01986920245,95.4983901978,-0.31906800388,0.0882038953034,-0.0525388419851,1.48374291708,0.34437868688,-0.0318301013486,0.0651941834851,100.0
23.004706,-0.584446680184,0.142276718076,0.37352432185,0.307563147971,0.827582635064,0.189446627304,2.02178667843,95.4983901978,-0.318301013486,0.0870534097125,-0.053305832379,1.48412641228,0.343995191683,-0.0314466061517,0.0655776786821,100.0
23.014702,-0.584830175381,0.141126232485,0.375058302638,0.304878681592,0.827199139867,0.189446627304,2.02332065922,95.4983901978,-0.318684508683,0.0874369049095,-0.053305832379,1.48412641228,0.343995191683,-0.0310631109547,0.066344669076,100.0
23.024705,-0.584063184987,0.139975746895,0.375058302638,0.301427224819,0.824514673488,0.18867963691,2.02332065922,95.4983901978,-0.318684508683,0.0866699145155,-0.052922337182,1.48450990748,0.345145677274,-0.0325970917426,0.0655776786821,100.0
23.034714,-0.58367968979,0.138825261304,0.375441797835,0.299509748835,0.824131178291,0.189063132107,2.0256216304,95.4983901978,-0.317534023092,0.0862864193186,-0.052922337182,1.48412641228,0.34437868688,-0.0329805869395,0.0659611738791,100.0
23.044722,-0.58367968979,0.137291280516,0.374674807441,0.296058292062,0.822597197504,0.189063132107,2.0256216304,95.4983901978,-0.318684508683,0.0878204001064,-0.052922337182,1.48489340267,0.343995191683,-0.0337475773335,0.0659611738791,100.0
23.054714,-0.582912699396,0.135757299728,0.374674807441,0.292990330486,0.821446711913,0.189830122501,2.0260051256,95.4983901978,-0.317534023092,0.0874369049095,-0.0517718515911,1.48489340267,0.34437868688,-0.0322135965456,0.0659611738791,100.0
23.064720,-0.582912699396,0.134990309334,0.375058302638,0.290689359304,0.819912731125,0.18867963691,2.0260051256,95.4983901978,-0.317917518289,0.0874369049095,-0.053305832379,1.48412641228,0.343995191683,-0.0322135965456,0.0655776786821,100.0
23.074718,-0.582912699396,0.132689338152,0.375825293032,0.287237902532,0.818378750337,0.187912646516,2.02677211599,95.4983901978,-0.318301013486,0.0870534097125,-0.052922337182,1.48489340267,0.343995191683,-0.0333640821365,0.0655776786821,100.0
23.084717,-0.583296194593,0.131922347758,0.375441797835,0.283786445759,0.815694283958,0.187912646516,2.0263886208,95.4983901978,-0.317917518289,0.0874369049095,-0.052922337182,1.48412641228,0.345145677274,-0.0325970917426,0.0651941834851,100.0
23.094733,-0.582529204199,0.129237881379,0.375825293032,0.280718484183,0.814927293564,0.188296141713,2.0263886208,95.4983901978,-0.317917518289,0.0874369049095,-0.053305832379,1.48489340267,0.343995191683,-0.0314466061517,0.0655776786821,100.0
23.104726,-0.582529204199,0.127320405394,0.375825293032,0.27726702741,0.812242827185,0.187912646516,2.02753910639,95.4983901978,-0.317917518289,0.0874369049095,-0.0525388419851,1.48489340267,0.34437868688,-0.0310631109547,0.0651941834851,100.0
23.114766,-0.582529204199,0.125019434213,0.376208788229,0.273048580244,0.810708846397,0.188296141713,2.02677211599,95.4983901978,-0.317534023092,0.0866699145155,-0.0521553467881,1.48335942189,0.34437868688,-0.0306796157577,0.0655776786821,100.0
23.124773,-0.582145709003,0.122718463031,0.375825293032,0.269980618668,0.808791370413,0.187912646516,2.02677211599,95.4983901978,-0.318301013486,0.0878204001064,-0.0521553467881,1.48412641228,0.34437868688,-0.0306796157577,0.0651941834851,100.0
23.134775,-0.582145709003,0.120800987046,0.375825293032,0.266145666698,0.806873894428,0.187529151319,2.02677211599,95.4983901978,-0.318301013486,0.0866699145155,-0.0521553467881,1.48450990748,0.344762182077,-0.0318301013486,0.0655776786821,100.0
23.144748,-0.583296194593,0.118500015864,0.375825293032,0.262310714728,0.804189428049,0.186762160925,2.02753910639,95.4983901978,-0.317917518289,0.0874369049095,-0.0521553467881,1.48450990748,0.34437868688,-0.0322135965456,0.0651941834851,100.0
23.154744,-0.582912699396,0.115815549485,0.375825293032,0.258859257956,0.801121466473,0.186378665728,2.02830609678,95.4983901978,-0.318301013486,0.0874369049095,-0.0525388419851,1.48489340267,0.343995191683,-0.0322135965456,0.0655776786821,100.0
23.164744,-0.58367968979,0.1138980735,0.376208788229,0.256174791577,0.798437000094,0.186378665728,2.02753910639,95.4983901978,-0.318684508683,0.0870534097125,-0.052922337182,1.48412641228,0.343995191683,-0.0325970917426,0.0659611738791,100.0
23.174735,-0.584063184987,0.110063121531,0.375441797835,0.252723334804,0.79651952411,0.185995170531,2.02868959198,95.4983901978,-0.317917518289,0.0878204001064,-0.0525388419851,1.48489340267,0.345145677274,-0.0322135965456,0.0655776786821,100.0
23.184781,-0.584830175381,0.107762150349,0.375825293032,0.249655373228,0.793835057731,0.186378665728,2.02945658237,95.4983901978,-0.318684508683,0.0862864193186,-0.052922337182,1.48489340267,0.34437868688,-0.0318301013486,0.0659611738791,100.0
23.195020,-0.585213670578,0.104694188773,0.375825293032,0.246587411653,0.791534086549,0.185228180137,2.03022357277,95.4983901978,-0.318301013486,0.0866699145155,-0.052922337182,1.48412641228,0.343995191683,-0.0322135965456,0.0651941834851,100.0
23.205007,-0.585980660972,0.101626227197,0.376592283426,0.245053430865,0.788082629776,0.18484468494,2.03175755355,95.4983901978,-0.317534023092,0.0866699145155,-0.053305832379,1.48412641228,0.343995191683,-0.0318301013486,0.0648106882882,100.0
23.214888,-0.584830175381,0.0985582656216,0.376208788229,0.240834983698,0.786165153791,0.185228180137,2.03290803915,95.4983901978,-0.318301013486,0.0878204001064,-0.052922337182,1.48450990748,0.344762182077,-0.0310631109547,0.0655776786821,100.0
23.224766,-0.586747651366,0.0954903040459,0.376592283426,0.238917507713,0.782713697019,0.18484468494,2.03367502954,95.4983901978,-0.318301013486,0.0870534097125,-0.052922337182,1.48450990748,0.343995191683,-0.0322135965456,0.0659611738791,100.0
23.234778,-0.587131146563,0.0924223424701,0.375058302638,0.235849546137,0.779645735443,0.185228180137,2.03520901033,95.4983901978,-0.318684508683,0.0874369049095,-0.0525388419851,1.48412641228,0.344762182077,-0.0325970917426,0.0655776786821,100.0
23.244752,-0.586747651366,0.0889708856974,0.375441797835,0.233932070153,0.776961269064,0.18484468494,2.03750998151,95.4983901978,-0.318301013486,0.0874369049095,-0.052922337182,1.48450990748,0.34437868688,-0.0322135965456,0.0655776786821,100.0
23.254730,-0.587898136957,0.0862864193186,0.376208788229,0.230097118183,0.773893307488,0.185611675334,2.04057794308,95.4983901978,-0.318301013486,0.0874369049095,-0.052922337182,1.48489340267,0.34437868688,-0.0314466061517,0.0655776786821,100.0
23.264727,-0.588665127351,0.0836019529398,0.375825293032,0.227029156607,0.770825345912,0.185995170531,2.04211192387,95.4983901978,-0.318301013486,0.0870534097125,-0.052922337182,1.48489340267,0.344762182077,-0.0322135965456,0.0648106882882,100.0
23.274725,-0.589048622548,0.080533991364,0.376975778623,0.225111680622,0.768140879534,0.187145656122,2.04479639025,95.4983901978,-0.317917518289,0.0870534097125,-0.0521553467881,1.48450990748,0.343995191683,-0.0314466061517,0.0655776786821,100.0
23.284730,-0.590199108139,0.0770825345912,0.376208788229,0.222043719046,0.763922432367,0.187912646516,2.04748085663,95.4983901978,-0.318684508683,0.0870534097125,-0.053305832379,1.48412641228,0.344762182077,-0.0318301013486,0.0659611738791,100.0
23.294730,-0.590199108139,0.0740145730155,0.376208788229,0.219359252668,0.761621461185,0.188296141713,2.05054881821,95.4983901978,-0.317917518289,0.0862864193186,-0.0517718515911,1.48374291708,0.34437868688,-0.0310631109547,0.0651941834851,100.0
23.304728,-0.592883574518,0.0709466114397,0.375825293032,0.21782527188,0.758170004412,0.188296141713,2.05400027498,95.4983901978,-0.31906800388,0.0878204001064,-0.0521553467881,1.48489340267,0.343995191683,-0.0325970917426,0.0651941834851,100.0
23.314738,-0.591733088927,0.0678786498639,0.375825293032,0.215524300698,0.75471854764,0.18867963691,2.05745173175,95.4983901978,-0.318684508683,0.0874369049095,-0.0521553467881,1.48489340267,0.343995191683,-0.0314466061517,0.0655776786821,100.0
23.324773,-0.592883574518,0.0651941834851,0.376975778623,0.213223329516,0.751650586064,0.189063132107,2.06205367411,95.4983901978,-0.317917518289,0.0870534097125,-0.0521553467881,1.48412641228,0.34437868688,-0.0314466061517,0.0655776786821,100.0
23.334778,-0.594417555306,0.0625097171063,0.376208788229,0.210922358334,0.747432138897,0.189446627304,2.06665561648,95.4983901978,-0.318301013486,0.0878204001064,-0.052922337182,1.48412641228,0.343995191683,-0.0318301013486,0.0651941834851,100.0
23.344746,-0.594417555306,0.0590582603336,0.375825293032,0.209004882349,0.744364177321,0.189446627304,2.07049056845,95.4983901978,-0.318684508683,0.0882038953034,-0.052922337182,1.48374291708,0.345145677274,-0.0318301013486,0.0651941834851,100.0
23.354732,-0.594801050503,0.0548398131669,0.376592283426,0.207854396758,0.740145730155,0.191364103289,2.07509251081,95.4983901978,-0.317917518289,0.0878204001064,-0.0525388419851,1.48412641228,0.344762182077,-0.0322135965456,0.066728164273,100.0
23.364737,-0.59633503129,0.053305832379,0.375825293032,0.205936920774,0.734776797397,0.191747598486,2.08046144357,95.4983901978,-0.318301013486,0.0862864193186,-0.052922337182,1.48412641228,0.34437868688,-0.0318301013486,0.066344669076,100.0
23.374731,-0.597485516881,0.0506213660002,0.376592283426,0.204019444789,0.731325340624,0.191364103289,2.08506338593,95.4983901978,-0.318301013486,0.0870534097125,-0.052922337182,1.48489340267,0.344762182077,-0.0325970917426,0.0659611738791,100.0
23.384737,-0.597869012078,0.0475534044244,0.376208788229,0.202485464001,0.728640874246,0.192898084077,2.09043231869,95.4983901978,-0.318684508683,0.0870534097125,-0.052922337182,1.48489340267,0.34437868688,-0.0318301013486,0.0659611738791,100.0
23.394715,-0.597869012078,0.0441019476517,0.376208788229,0.201718473607,0.724038931882,0.193665074471,2.09465076586,95.4983901978,-0.318301013486,0.0874369049095,-0.0525388419851,1.48489340267,0.344762182077,-0.0318301013486,0.0655776786821,100.0
23.404704,-0.599402992866,0.0414174812729,0.376975778623,0.200184492819,0.720587475109,0.193281579274,2.09963620342,95.4983901978,-0.318684508683,0.0862864193186,-0.052922337182,1.48450990748,0.344762182077,-0.0318301013486,0.0659611738791,100.0
23.414703,-0.60016998326,0.0383495196971,0.376208788229,0.199800997622,0.715985532746,0.194432064864,2.10462164098,95.4983901978,-0.318301013486,0.0874369049095,-0.052922337182,1.48335942189,0.34437868688,-0.0322135965456,0.0651941834851,100.0
23.424700,-0.600936973654,0.0368155389092,0.376208788229,0.198650512031,0.712150580776,0.194432064864,2.10999057374,95.4983901978,-0.317917518289,0.0878204001064,-0.052922337182,1.48412641228,0.343995191683,-0.0314466061517,0.0655776786821,100.0
23.434702,-0.601703964048,0.0333640821365,0.375825293032,0.19750002644,0.706398152821,0.194432064864,2.11535950649,95.4983901978,-0.317534023092,0.0870534097125,-0.052922337182,1.48412641228,0.343995191683,-0.0318301013486,0.066344669076,100.0
23.444701,-0.603237944836,0.0302961205607,0.376592283426,0.196349540849,0.701796210458,0.194815560061,2.11996144886,95.4983901978,-0.317534023092,0.0874369049095,-0.0525388419851,1.48374291708,0.344762182077,-0.0322135965456,0.0648106882882,100.0
23.454702,-0.602470954442,0.0279951493789,0.376208788229,0.195966045652,0.697961258488,0.194815560061,2.12533038162,95.4983901978,-0.317917518289,0.0878204001064,-0.052922337182,1.48374291708,0.343995191683,-0.0318301013486,0.0659611738791,100.0
23.464705,-0.603621440033,0.0249271878031,0.375825293032,0.195199055258,0.693742811321,0.195199055258,2.12954882878,95.4983901978,-0.318301013486,0.0882038953034,-0.0525388419851,1.48412641228,0.344762182077,-0.0310631109547,0.0655776786821,100.0
23.474701,-0.60400493523,0.0222427214243,0.376208788229,0.194815560061,0.688373878564,0.194432064864,2.13376727595,95.4983901978,-0.317917518289,0.0882038953034,-0.0525388419851,1.48412641228,0.34437868688,-0.0318301013486,0.0655776786821,100.0
23.484701,-0.604388430427,0.0191747598486,0.376592283426,0.193281579274,0.683388441003,0.194815560061,2.13760222792,95.4983901978,-0.317917518289,0.0874369049095,-0.052922337182,1.48374291708,0.34437868688,-0.0314466061517,0.0655776786821,100.0
23.494705,-0.605538916018,0.0168737886667,0.376592283426,0.193665074471,0.678786498639,0.194432064864,2.14182067509,95.4983901978,-0.318301013486,0.0874369049095,-0.0525388419851,1.48489340267,0.343995191683,-0.0310631109547,0.0651941834851,100.0
23.504702,-0.605538916018,0.013422331894,0.376975778623,0.191364103289,0.672267080291,0.193281579274,2.14412164627,95.4983901978,-0.318301013486,0.0870534097125,-0.053305832379,1.48450990748,0.343995191683,-0.0314466061517,0.066344669076,100.0
23.514702,-0.606305906412,0.0111213607122,0.376208788229,0.19251458888,0.667665137927,0.191747598486,2.14795659824,95.4983901978,-0.318684508683,0.0870534097125,-0.052922337182,1.48412641228,0.344762182077,-0.0318301013486,0.0655776786821,100.0
23.524702,-0.607456392003,0.00882038953034,0.376975778623,0.190597112895,0.662679700366,0.191364103289,2.15064106462,95.4983901978,-0.318684508683,0.0878204001064,-0.053305832379,1.48489340267,0.343995191683,-0.0314466061517,0.066344669076,100.0
23.534702,-0.607456392003,0.00651941834851,0.376208788229,0.189063132107,0.656927272412,0.189830122501,2.1529420358,95.4983901978,-0.318301013486,0.0882038953034,-0.0521553467881,1.48335942189,0.34437868688,-0.0322135965456,0.0651941834851,100.0
23.544704,-0.6078398872,0.00345145677274,0.376208788229,0.189446627304,0.65079134926,0.18867963691,2.15485951178,95.4983901978,-0.318684508683,0.0866699145155,-0.053689327576,1.48412641228,0.345145677274,-0.0318301013486,0.0659611738791,100.0
23.554705,-0.608606877594,0.00115048559091,0.376975778623,0.18867963691,0.646572902094,0.186762160925,2.15716048296,95.4983901978,-0.317917518289,0.0874369049095,-0.052922337182,1.48450990748,0.34437868688,-0.0314466061517,0.0659611738791,100.0
23.564706,-0.608990372791,-0.00191747598486,0.376592283426,0.187529151319,0.640820474139,0.185228180137,2.15907795895,95.4983901978,-0.31906800388,0.0878204001064,-0.0525388419851,1.48450990748,0.344762182077,-0.0318301013486,0.066344669076,100.0
23.574703,-0.609373867987,-0.00383495196971,0.376208788229,0.187529151319,0.635068046185,0.183310704152,2.15946145415,95.4983901978,-0.318684508683,0.0874369049095,-0.053305832379,1.48335942189,0.344762182077,-0.0318301013486,0.0655776786821,100.0
23.584709,-0.610524353578,-0.00690291354548,0.376975778623,0.185611675334,0.628165132639,0.182543713758,2.16137893013,95.4983901978,-0.317917518289,0.0874369049095,-0.0525388419851,1.48412641228,0.34437868688,-0.0314466061517,0.0655776786821,100.0
23.594704,-0.610524353578,-0.00882038953034,0.376592283426,0.185611675334,0.622796199881,0.180242742577,2.16252941572,95.4983901978,-0.318301013486,0.0874369049095,-0.0525388419851,1.48450990748,0.343995191683,-0.0318301013486,0.0655776786821,100.0
23.604704,-0.612058334366,-0.0115048559091,0.376975778623,0.185228180137,0.617043771927,0.176791285804,2.16367990131,95.4983901978,-0.318684508683,0.0870534097125,-0.0525388419851,1.48412641228,0.344762182077,-0.0322135965456,0.066728164273,100.0
23.614705,-0.612441829563,-0.013038836697,0.376975778623,0.185228180137,0.611291343972,0.175640800213,2.1648303869,95.4983901978,-0.317534023092,0.0870534097125,-0.0525388419851,1.48374291708,0.34437868688,-0.0314466061517,0.0651941834851,100.0
23.624705,-0.613592315154,-0.0157233030758,0.376975778623,0.183310704152,0.605538916018,0.17218934344,2.16674786289,95.4983901978,-0.317534023092,0.0874369049095,-0.0521553467881,1.48335942189,0.344762182077,-0.0322135965456,0.0655776786821,100.0
23.634706,-0.614359305548,-0.0187912646516,0.376975778623,0.182543713758,0.600553478457,0.170271867455,2.16866533887,95.4983901978,-0.317917518289,0.0874369049095,-0.0521553467881,1.48450990748,0.34437868688,-0.0318301013486,0.0655776786821,100.0
23.644705,-0.614742800745,-0.0207087406365,0.376592283426,0.181393228167,0.594801050503,0.167587401076,2.16943232927,95.4983901978,-0.317917518289,0.0882038953034,-0.0525388419851,1.48374291708,0.34437868688,-0.0318301013486,0.0655776786821,100.0
23.654720,-0.615893286336,-0.0230097118183,0.377742769017,0.18100973297,0.589432117745,0.164135944304,2.17211679565,95.4983901978,-0.318301013486,0.0870534097125,-0.0525388419851,1.48412641228,0.34437868688,-0.0318301013486,0.0651941834851,100.0
23.664705,-0.617043771927,-0.0249271878031,0.37735927382,0.179092256986,0.584446680184,0.162601963516,2.17403427163,95.4983901978,-0.317917518289,0.0878204001064,-0.052922337182,1.48412641228,0.344762182077,-0.0322135965456,0.066728164273,100.0
23.674711,-0.617427267124,-0.026844663788,0.378126264214,0.180242742577,0.577927261836,0.159917497137,2.1774857284,95.4983901978,-0.318301013486,0.0885873905004,-0.053305832379,1.48450990748,0.343611696486,-0.0318301013486,0.0651941834851,100.0
23.684723,-0.619344743109,-0.0295291301668,0.377742769017,0.179092256986,0.572558329078,0.157616525955,2.18055368998,95.4983901978,-0.317917518289,0.0878204001064,-0.053305832379,1.48412641228,0.344762182077,-0.0314466061517,0.0651941834851,100.0
23.694712,-0.619344743109,-0.0314466061517,0.378509759411,0.177941771395,0.567956386715,0.15569904997,2.18630611793,95.4983901978,-0.318684508683,0.0874369049095,-0.052922337182,1.48450990748,0.344762182077,-0.0314466061517,0.0655776786821,100.0
23.704715,-0.620111733503,-0.0333640821365,0.378893254608,0.176791285804,0.562587453957,0.153014583592,2.19244204109,95.4983901978,-0.318684508683,0.0874369049095,-0.052922337182,1.48412641228,0.34437868688,-0.0322135965456,0.0651941834851,100.0
23.714722,-0.621645714291,-0.0356650533183,0.378509759411,0.17602429541,0.557218521199,0.152631088395,2.20049544022,95.4983901978,-0.317917518289,0.0870534097125,-0.053689327576,1.48297592669,0.344762182077,-0.0322135965456,0.0655776786821,100.0
23.724719,-0.622412704685,-0.0375825293032,0.378509759411,0.176407790607,0.552233083639,0.15071361241,2.20663136337,95.4983901978,-0.318684508683,0.0870534097125,-0.052922337182,1.48450990748,0.343995191683,-0.0322135965456,0.0655776786821,100.0
23.734714,-0.623563190275,-0.0391165100911,0.379660245002,0.173723324228,0.548398131669,0.149563126819,2.2158352481,95.4983901978,-0.317917518289,0.0882038953034,-0.052922337182,1.48374291708,0.34437868688,-0.0318301013486,0.0651941834851,100.0
23.744759,-0.624713675866,-0.0410339860759,0.38119422579,0.173723324228,0.543412694108,0.14687866044,2.22312165684,95.4983901978,-0.317534023092,0.0878204001064,-0.0525388419851,1.48412641228,0.344762182077,-0.0318301013486,0.0655776786821,100.0
23.754706,-0.626247656654,-0.0437184524547,0.381961216183,0.173339829031,0.538427256548,0.146111670046,2.23002457039,95.4983901978,-0.317917518289,0.0874369049095,-0.053305832379,1.48374291708,0.34437868688,-0.0314466061517,0.0659611738791,100.0
23.764704,-0.627398142245,-0.0444854428487,0.381961216183,0.171805848243,0.533825314184,0.145344679652,2.23692748393,95.4983901978,-0.317917518289,0.0882038953034,-0.052922337182,1.48450990748,0.34437868688,-0.0318301013486,0.0655776786821,100.0
23.774704,-0.627781637442,-0.0464029188335,0.383111701774,0.171805848243,0.528839876623,0.144194194061,2.24689835906,95.4983901978,-0.317917518289,0.0885873905004,-0.0525388419851,1.48412641228,0.34437868688,-0.0318301013486,0.0651941834851,100.0
23.784720,-0.62931561823,-0.0471699092275,0.382728206577,0.169888372258,0.522703953472,0.14304370847,2.25725272937,95.4983901978,-0.318684508683,0.0874369049095,-0.0521553467881,1.48450990748,0.34437868688,-0.0318301013486,0.0648106882882,100.0
23.794701,-0.630849599018,-0.0494708804093,0.383111701774,0.16835439147,0.517335020714,0.14304370847,2.26837409009,95.4983901978,-0.31906800388,0.0870534097125,-0.0525388419851,1.48374291708,0.34437868688,-0.0322135965456,0.0648106882882,100.0
23.804703,-0.632000084609,-0.0498543756063,0.382728206577,0.167587401076,0.514267059139,0.141893222879,2.27834496521,95.4983901978,-0.318684508683,0.0870534097125,-0.0521553467881,1.48412641228,0.344762182077,-0.0310631109547,0.0651941834851,100.0
23.814710,-0.6331505702,-0.0513883563942,0.383111701774,0.166820410683,0.508514631184,0.141509727682,2.28869933553,95.4983901978,-0.31906800388,0.0874369049095,-0.052922337182,1.48450990748,0.343995191683,-0.0314466061517,0.0651941834851,100.0
23.824699,-0.634301055791,-0.0525388419851,0.384262187365,0.163752449107,0.502762203229,0.142660213273,2.29982069624,95.4983901978,-0.31906800388,0.0874369049095,-0.052922337182,1.48412641228,0.343995191683,-0.0318301013486,0.0659611738791,100.0
23.834702,-0.635068046185,-0.054072822773,0.383878692168,0.16336895391,0.497393270472,0.142276718076,2.30902458096,95.4983901978,-0.317917518289,0.0874369049095,-0.053305832379,1.48412641228,0.34437868688,-0.0325970917426,0.0659611738791,100.0
23.844704,-0.635451541382,-0.0548398131669,0.383495196971,0.161451477925,0.489723366532,0.142660213273,2.32014594168,95.4983901978,-0.318301013486,0.0878204001064,-0.0525388419851,1.48412641228,0.34437868688,-0.0318301013486,0.0655776786821,100.0
23.854713,-0.637752512563,-0.0563737939548,0.383495196971,0.15953400194,0.481286472199,0.144194194061,2.3301168168,95.4983901978,-0.317917518289,0.0866699145155,-0.0521553467881,1.48489340267,0.343995191683,-0.0314466061517,0.0655776786821,100.0
23.864712,-0.63813600776,-0.0571407843487,0.383111701774,0.156849535561,0.47361656826,0.144961184455,2.33932070153,95.4983901978,-0.318301013486,0.0878204001064,-0.0525388419851,1.48412641228,0.343995191683,-0.0314466061517,0.0659611738791,100.0
23.874708,-0.639286493351,-0.0582912699396,0.384262187365,0.154932059576,0.465563169123,0.144194194061,2.34737410066,95.4983901978,-0.317917518289,0.0885873905004,-0.053305832379,1.48412641228,0.34437868688,-0.0318301013486,0.0659611738791,100.0
23.884706,-0.640053483745,-0.0586747651366,0.383878692168,0.153014583592,0.455975789199,0.144961184455,2.35619449019,95.4983901978,-0.318684508683,0.0870534097125,-0.0525388419851,1.48450990748,0.343995191683,-0.0310631109547,0.0648106882882,100.0
23.894704,-0.641203969336,-0.0594417555306,0.383878692168,0.150330117213,0.446771904472,0.144194194061,2.36424788933,95.4983901978,-0.318301013486,0.0870534097125,-0.0525388419851,1.48412641228,0.343995191683,-0.0318301013486,0.066344669076,100.0
23.904695,-0.642737950124,-0.0602087459245,0.384645682562,0.148029146031,0.43680102935,0.145344679652,2.37153429807,95.4983901978,-0.317917518289,0.0870534097125,-0.0525388419851,1.48374291708,0.344762182077,-0.0310631109547,0.0648106882882,100.0
23.914695,-0.643888435715,-0.0613592315154,0.384645682562,0.146495165243,0.426830154229,0.146495165243,2.3799711924,95.4983901978,-0.318301013486,0.0874369049095,-0.053689327576,1.48489340267,0.343995191683,-0.0314466061517,0.0644271930912,100.0
23.924693,-0.644271930912,-0.0617427267124,0.383878692168,0.143810698864,0.416092288714,0.148029146031,2.38840808674,95.4983901978,-0.318301013486,0.0874369049095,-0.053689327576,1.48450990748,0.343995191683,-0.0318301013486,0.0655776786821,100.0
23.934709,-0.646572902094,-0.0617427267124,0.385029177759,0.141126232485,0.405737918396,0.149563126819,2.39569449548,95.4983901978,-0.318301013486,0.0874369049095,-0.0517718515911,1.48566039307,0.343995191683,-0.0318301013486,0.0648106882882,100.0
23.944696,-0.647339892488,-0.0625097171063,0.384645682562,0.13805827091,0.395767043274,0.151097107607,2.40451488501,95.4983901978,-0.31906800388,0.0874369049095,-0.0525388419851,1.48450990748,0.343995191683,-0.0318301013486,0.066344669076,100.0
23.954702,-0.648106882882,-0.0625097171063,0.385029177759,0.135757299728,0.384645682562,0.152631088395,2.41295177934,95.4983901978,-0.318301013486,0.0874369049095,-0.052922337182,1.48374291708,0.345145677274,-0.0318301013486,0.0651941834851,100.0
23.964703,-0.649257368473,-0.0625097171063,0.384262187365,0.131922347758,0.375058302638,0.15569904997,2.42100517848,95.4983901978,-0.318684508683,0.0878204001064,-0.0525388419851,1.48489340267,0.344762182077,-0.0318301013486,0.0655776786821,100.0
23.974697,-0.650024358866,-0.0625097171063,0.384262187365,0.129621376576,0.363936941926,0.158000021152,2.4313595488,95.4983901978,-0.318684508683,0.0878204001064,-0.052922337182,1.48450990748,0.344762182077,-0.0322135965456,0.0659611738791,100.0
23.984700,-0.651941834851,-0.0632767075003,0.385796168153,0.126553415001,0.353199076411,0.161451477925,2.44133042392,95.4983901978,-0.318301013486,0.0874369049095,-0.0525388419851,1.48374291708,0.34437868688,-0.0318301013486,0.0651941834851,100.0
23.994699,-0.653475815639,-0.0632767075003,0.386563158547,0.123101958228,0.342077715698,0.165669925092,2.45168479424,95.4983901978,-0.31906800388,0.0870534097125,-0.052922337182,1.48374291708,0.34437868688,-0.0318301013486,0.0659611738791,100.0
24.004701,-0.655009796427,-0.0628932123033,0.386563158547,0.119650501455,0.330956354986,0.170271867455,2.46203916456,95.4983901978,-0.317917518289,0.0870534097125,-0.0525388419851,1.48412641228,0.343995191683,-0.0322135965456,0.0655776786821,100.0
24.014704,-0.655393291624,-0.0628932123033,0.38617966335,0.116199044682,0.320601984668,0.175640800213,2.47316052527,95.4983901978,-0.318684508683,0.0862864193186,-0.0521553467881,1.48527689787,0.343995191683,-0.0329805869395,0.0651941834851,100.0
24.024720,-0.656927272412,-0.0636602026972,0.386946653744,0.111980597516,0.309864119153,0.181776723364,2.48581586677,95.4983901978,-0.318684508683,0.0870534097125,-0.053305832379,1.48489340267,0.34437868688,-0.0314466061517,0.0655776786821,100.0
24.034707,-0.656927272412,-0.0628932123033,0.387713644138,0.108145645546,0.298742758441,0.187912646516,2.49770421787,95.4983901978,-0.318301013486,0.0870534097125,-0.0521553467881,1.48450990748,0.34437868688,-0.0318301013486,0.0651941834851,100.0
24.044704,-0.658844748397,-0.0636602026972,0.387713644138,0.103543703182,0.287237902532,0.194815560061,2.50997606418,95.4983901978,-0.31906800388,0.0874369049095,-0.0525388419851,1.48450990748,0.34437868688,-0.0318301013486,0.0655776786821,100.0
24.054701,-0.659228243594,-0.0636602026972,0.388097139335,0.0985582656216,0.276500037016,0.202485464001,2.52301490087,95.4983901978,-0.317917518289,0.0870534097125,-0.0525388419851,1.48335942189,0.34437868688,-0.0322135965456,0.0655776786821,100.0
24.064705,-0.661912709973,-0.0628932123033,0.388480634532,0.094339818455,0.264995181107,0.211689348728,2.53758771836,95.4983901978,-0.318684508683,0.0874369049095,-0.053305832379,1.48412641228,0.343611696486,-0.0310631109547,0.0648106882882,100.0
24.074704,-0.662679700366,-0.0628932123033,0.388480634532,0.0889708856974,0.252723334804,0.222043719046,2.55177704065,95.4983901978,-0.31906800388,0.0870534097125,-0.0525388419851,1.48450990748,0.34437868688,-0.0322135965456,0.0659611738791,100.0
24.084704,-0.662679700366,-0.0628932123033,0.388864129729,0.0839854481367,0.240451488501,0.233165079759,2.56673335333,95.4983901978,-0.318684508683,0.0870534097125,-0.052922337182,1.48527689787,0.34437868688,-0.0318301013486,0.0655776786821,100.0
24.094709,-0.663830185957,-0.0628932123033,0.388480634532,0.0786165153791,0.228563137395,0.245053430865,2.58207316121,95.4983901978,-0.317150527895,0.0882038953034,-0.0525388419851,1.48374291708,0.344762182077,-0.0322135965456,0.0659611738791,100.0
24.104701,-0.665364166745,-0.0628932123033,0.389631120123,0.0728640874246,0.216291291092,0.257708772365,2.59702947389,95.4983901978,-0.318684508683,0.0874369049095,-0.052922337182,1.48374291708,0.344762182077,-0.0314466061517,0.0651941834851,100.0
24.114704,-0.666514652336,-0.0628932123033,0.389247624926,0.06711165947,0.202485464001,0.272665085047,2.61160229137,95.4983901978,-0.318301013486,0.0862864193186,-0.053689327576,1.48450990748,0.343995191683,-0.0318301013486,0.066344669076,100.0
24.124700,-0.667665137927,-0.0621262219094,0.389247624926,0.0602087459245,0.189446627304,0.286087416941,2.62502462327,95.4983901978,-0.317917518289,0.0878204001064,-0.052922337182,1.48450990748,0.343995191683,-0.0310631109547,0.0659611738791,100.0
24.134703,-0.668432128321,-0.0621262219094,0.388864129729,0.053689327576,0.175640800213,0.303728196001,2.63959744075,95.4983901978,-0.318301013486,0.0874369049095,-0.0521553467881,1.48450990748,0.34437868688,-0.0318301013486,0.0655776786821,100.0
24.144703,-0.669582613912,-0.0628932123033,0.389247624926,0.0460194236366,0.160684487531,0.320601984668,2.65378676304,95.4983901978,-0.318684508683,0.0874369049095,-0.052922337182,1.48412641228,0.34437868688,-0.0318301013486,0.0655776786821,100.0
24.154707,-0.670349604306,-0.0625097171063,0.388480634532,0.0391165100911,0.146111670046,0.339776744517,2.66912657092,95.4983901978,-0.318301013486,0.0866699145155,-0.0525388419851,1.48450990748,0.344762182077,-0.0318301013486,0.0659611738791,100.0
24.164701,-0.671883585094,-0.0621262219094,0.389247624926,0.0318301013486,0.130004871773,0.360485485153,2.68254890281,95.4983901978,-0.317917518289,0.0862864193186,-0.0525388419851,1.48412641228,0.343995191683,-0.0322135965456,0.0659611738791,100.0
24.174702,-0.672650575488,-0.0621262219094,0.388480634532,0.0237767022122,0.114281568697,0.379660245002,2.69520424431,95.4983901978,-0.318684508683,0.0874369049095,-0.0525388419851,1.48374291708,0.34437868688,-0.0318301013486,0.0648106882882,100.0
24.184703,-0.672650575488,-0.0625097171063,0.389247624926,0.0161067982728,0.0966407896368,0.403053452017,2.7097770618,95.4983901978,-0.318301013486,0.0866699145155,-0.0525388419851,1.48412641228,0.34437868688,-0.0318301013486,0.0655776786821,100.0
24.194701,-0.673801061079,-0.0625097171063,0.389631120123,0.00843689433337,0.07976700097,0.425679668638,2.7220489081,95.4983901978,-0.31906800388,0.0882038953034,-0.0517718515911,1.48489340267,0.343995191683,-0.0318301013486,0.0659611738791,100.0
24.204699,-0.67495154667,-0.0625097171063,0.388864129729,-0.00191747598486,0.0621262219094,0.450223361244,2.73393725921,95.4983901978,-0.318301013486,0.0878204001064,-0.052922337182,1.48412641228,0.345145677274,-0.0322135965456,0.0659611738791,100.0
24.214703,-0.67495154667,-0.0628932123033,0.389631120123,-0.0115048559091,0.0441019476517,0.474383558654,2.74505861992,95.4983901978,-0.318684508683,0.0874369049095,-0.0521553467881,1.48374291708,0.344762182077,-0.0322135965456,0.0651941834851,100.0
24.224702,-0.67495154667,-0.0621262219094,0.389631120123,-0.0210922358334,0.026844663788,0.499694241654,2.75541299024,95.4983901978,-0.318301013486,0.0866699145155,-0.052922337182,1.48489340267,0.343995191683,-0.0322135965456,0.0655776786821,100.0
24.234705,-0.675718537064,-0.0628932123033,0.39001461532,-0.0314466061517,0.00997087512126,0.526155410245,2.76615085575,95.4983901978,-0.318684508683,0.0866699145155,-0.0525388419851,1.48412641228,0.34437868688,-0.0310631109547,0.0651941834851,100.0
24.244705,-0.67610203226,-0.0625097171063,0.390398110517,-0.0429514620608,-0.00728640874246,0.552233083639,2.77573823568,95.4983901978,-0.318301013486,0.0878204001064,-0.0525388419851,1.48489340267,0.34437868688,-0.0318301013486,0.0655776786821,100.0
24.254701,-0.675718537064,-0.0617427267124,0.391165100911,-0.0525388419851,-0.0249271878031,0.577543766639,2.7853256156,95.4983901978,-0.318684508683,0.0878204001064,-0.0525388419851,1.48335942189,0.34437868688,-0.0318301013486,0.0659611738791,100.0
24.264702,-0.67610203226,-0.0617427267124,0.391932091305,-0.0582912699396,-0.0410339860759,0.598636002472,2.79337901474,95.4983901978,-0.318301013486,0.0870534097125,-0.052922337182,1.48412641228,0.34437868688,-0.0314466061517,0.0651941834851,100.0
24.274706,-0.677636013048,-0.0648106882882,0.391932091305,-0.0571407843487,-0.0559902987578,0.608990372791,2.80143241388,95.4983901978,-0.318684508683,0.0870534097125,-0.052922337182,1.48412641228,0.34437868688,-0.0314466061517,0.0651941834851,100.0
24.284708,-0.679169993836,-0.0682621450609,0.391932091305,-0.0548398131669,-0.0709466114397,0.619728238306,2.80948581301,95.4983901978,-0.317917518289,0.0870534097125,-0.053305832379,1.48374291708,0.34437868688,-0.0318301013486,0.0659611738791,100.0
24.294707,-0.680703974624,-0.0701796210458,0.393466072093,-0.0575242795457,-0.0851359337276,0.636985522169,2.81600523136,95.4983901978,-0.318301013486,0.0874369049095,-0.0517718515911,1.48335942189,0.343995191683,-0.0318301013486,0.0659611738791,100.0
24.304705,-0.682237955412,-0.0736310778185,0.39384956729,-0.0559902987578,-0.0974077800307,0.646956397291,2.82214115451,95.4983901978,-0.318684508683,0.0870534097125,-0.052922337182,1.48450990748,0.344762182077,-0.0322135965456,0.066344669076,100.0
24.314701,-0.682621450609,-0.0766990393943,0.394233062487,-0.053689327576,-0.11274758791,0.655393291624,2.83019455365,95.4983901978,-0.318301013486,0.0870534097125,-0.0521553467881,1.48374291708,0.344762182077,-0.0325970917426,0.0659611738791,100.0
24.324702,-0.6837719362,-0.07976700097,0.396917528865,-0.0513883563942,-0.128087395788,0.666898147533,2.8359469816,95.4983901978,-0.318301013486,0.0882038953034,-0.052922337182,1.48335942189,0.345145677274,-0.0337475773335,0.0655776786821,100.0
24.334703,-0.685689412185,-0.0832184577428,0.398451509653,-0.0521553467881,-0.139975746895,0.676869022654,2.84016542877,95.4983901978,-0.318301013486,0.0874369049095,-0.053689327576,1.48450990748,0.344762182077,-0.0329805869395,0.066344669076,100.0
24.344705,-0.68760688817,-0.0855194289246,0.399601995244,-0.0544563179699,-0.151097107607,0.684922421791,2.84400038074,95.4983901978,-0.317534023092,0.0878204001064,-0.052922337182,1.48374291708,0.343995191683,-0.0325970917426,0.0659611738791,100.0
24.354703,-0.687990383367,-0.0866699145155,0.400368985638,-0.053305832379,-0.163752449107,0.686072907382,2.84668484712,95.4983901978,-0.317534023092,0.0882038953034,-0.053305832379,1.48527689787,0.344762182077,-0.0314466061517,0.0659611738791,100.0
24.364704,-0.690291354548,-0.0889708856974,0.403436947214,-0.0513883563942,-0.174873809819,0.685689412185,2.84745183751,95.4983901978,-0.317917518289,0.0874369049095,-0.0521553467881,1.48489340267,0.34437868688,-0.0322135965456,0.0659611738791,100.0
24.374701,-0.689524364154,-0.0901213712883,0.404203937608,-0.0517718515911,-0.182543713758,0.685305916988,2.84975280869,95.4983901978,-0.317917518289,0.0862864193186,-0.052922337182,1.48412641228,0.34437868688,-0.0310631109547,0.0651941834851,100.0
24.384701,-0.691058344942,-0.0912718568792,0.405737918396,-0.0525388419851,-0.192131093683,0.686072907382,2.84975280869,95.4983901978,-0.318301013486,0.0874369049095,-0.053305832379,1.48374291708,0.34437868688,-0.0310631109547,0.066344669076,100.0
24.394703,-0.692208830533,-0.0916553520762,0.407271899184,-0.053305832379,-0.201718473607,0.687223392973,2.84975280869,95.4983901978,-0.317917518289,0.0878204001064,-0.053305832379,1.48335942189,0.344762182077,-0.0318301013486,0.0651941834851,100.0
24.404707,-0.692975820927,-0.093189332864,0.409572870365,-0.054072822773,-0.211689348728,0.689907859351,2.85090329429,95.4983901978,-0.31906800388,0.0878204001064,-0.052922337182,1.48412641228,0.344762182077,-0.0314466061517,0.0659611738791,100.0
24.414708,-0.694126306518,-0.0947233136519,0.410339860759,-0.052922337182,-0.220509738259,0.694126306518,2.85051979909,95.4983901978,-0.317917518289,0.0882038953034,-0.052922337182,1.48412641228,0.344762182077,-0.0325970917426,0.0651941834851,100.0
24.424704,-0.696043782503,-0.0958737992428,0.412640831941,-0.053305832379,-0.229713622986,0.698344753685,2.85090329429,95.4983901978,-0.317917518289,0.0878204001064,-0.052922337182,1.48374291708,0.343611696486,-0.0318301013486,0.0651941834851,100.0
24.434704,-0.697194268094,-0.0970242848338,0.414174812729,-0.053689327576,-0.238917507713,0.704097181639,2.85090329429,95.4983901978,-0.318301013486,0.0885873905004,-0.0525388419851,1.48450990748,0.34437868688,-0.0325970917426,0.0659611738791,100.0
24.444705,-0.697577763291,-0.0981747704247,0.414941803123,-0.053689327576,-0.24812139244,0.711383590382,2.85090329429,95.4983901978,-0.318301013486,0.0878204001064,-0.0525388419851,1.48412641228,0.344762182077,-0.0325970917426,0.0651941834851,100.0
24.454704,-0.699495239276,-0.0997087512126,0.415708793517,-0.053305832379,-0.254640810789,0.716752523139,2.85128678948,95.4983901978,-0.318301013486,0.0885873905004,-0.0521553467881,1.48450990748,0.34437868688,-0.0322135965456,0.0659611738791,100.0
24.464704,-0.701029220064,-0.101242732,0.417626269502,-0.053305832379,-0.260393238744,0.724422427079,2.85205377988,95.4983901978,-0.318301013486,0.0874369049095,-0.052922337182,1.48527689787,0.343995191683,-0.0314466061517,0.066728164273,100.0
24.474703,-0.701796210458,-0.102393217591,0.418009764699,-0.053689327576,-0.266145666698,0.731708835821,2.85320426547,95.4983901978,-0.318684508683,0.0878204001064,-0.052922337182,1.48450990748,0.343995191683,-0.0322135965456,0.0659611738791,100.0
24.484702,-0.704097181639,-0.103927198379,0.420694231078,-0.0544563179699,-0.271514599456,0.741296215746,2.85243727507,95.4983901978,-0.31906800388,0.0878204001064,-0.053305832379,1.48450990748,0.344762182077,-0.0314466061517,0.0648106882882,100.0
24.494708,-0.704864172033,-0.105461179167,0.420310735881,-0.053689327576,-0.274582561031,0.752034081261,2.85282077027,95.4983901978,-0.31906800388,0.0870534097125,-0.0525388419851,1.48374291708,0.34437868688,-0.0322135965456,0.0655776786821,100.0
24.504704,-0.706014657624,-0.107378655152,0.420694231078,-0.0552233083639,-0.278417513001,0.765072917958,2.85320426547,95.4983901978,-0.319451499077,0.0870534097125,-0.053305832379,1.48335942189,0.34437868688,-0.0314466061517,0.0659611738791,100.0
24.514704,-0.707165143215,-0.108145645546,0.422995202259,-0.053689327576,-0.280718484183,0.779645735443,2.85358776066,95.4983901978,-0.317917518289,0.0878204001064,-0.052922337182,1.48335942189,0.34437868688,-0.0322135965456,0.0651941834851,100.0
24.524703,-0.708315628806,-0.110830111925,0.423378697456,-0.0548398131669,-0.284553436153,0.796136028913,2.85397125586,95.4983901978,-0.318684508683,0.0878204001064,-0.0525388419851,1.48450990748,0.344762182077,-0.0325970917426,0.0659611738791,100.0
24.534701,-0.709849609594,-0.113514578304,0.423378697456,-0.053689327576,-0.288388388122,0.812242827185,2.85397125586,95.4983901978,-0.318301013486,0.0874369049095,-0.052922337182,1.48335942189,0.34437868688,-0.0318301013486,0.0655776786821,100.0
24.544701,-0.711000095185,-0.115048559091,0.425679668638,-0.053305832379,-0.291839844895,0.829883606246,2.85550523665,95.4983901978,-0.31906800388,0.0870534097125,-0.0525388419851,1.48374291708,0.343995191683,-0.0314466061517,0.0651941834851,100.0
24.554704,-0.713684561564,-0.116582539879,0.425296173441,-0.054072822773,-0.294524311274,0.847524385307,2.85588873185,95.4983901978,-0.318684508683,0.0874369049095,-0.0525388419851,1.48489340267,0.344762182077,-0.0302961205607,0.0659611738791,100.0
24.564704,-0.714068056761,-0.118116520667,0.426063163835,-0.052922337182,-0.29759227285,0.866699145155,2.85588873185,95.4983901978,-0.317917518289,0.0870534097125,-0.053689327576,1.48412641228,0.34437868688,-0.0314466061517,0.0655776786821,100.0
24.574701,-0.714835047155,-0.119650501455,0.426446659032,-0.0552233083639,-0.299509748835,0.884723419413,2.85742271263,95.4983901978,-0.318301013486,0.0874369049095,-0.052922337182,1.48450990748,0.344762182077,-0.0318301013486,0.0655776786821,100.0
24.584701,-0.717136018336,-0.121951472637,0.426830154229,-0.053305832379,-0.302194215213,0.904665169655,2.85780620783,95.4983901978,-0.318301013486,0.0870534097125,-0.0525388419851,1.48450990748,0.344762182077,-0.0314466061517,0.0659611738791,100.0
24.594708,-0.71790300873,-0.123485453425,0.42798063982,-0.053689327576,-0.304878681592,0.923456434307,2.85934018862,95.4983901978,-0.318684508683,0.0874369049095,-0.052922337182,1.48566039307,0.345145677274,-0.0314466061517,0.0655776786821,100.0
24.604707,-0.719053494321,-0.12540292941,0.428364135017,-0.054072822773,-0.307946643168,0.942631194156,2.86010717901,95.4983901978,-0.318301013486,0.0874369049095,-0.053305832379,1.48489340267,0.34437868688,-0.0314466061517,0.0659611738791,100.0
24.614706,-0.7217379607,-0.126553415001,0.429131125411,-0.053689327576,-0.310631109547,0.960271973216,2.8616411598,95.4983901978,-0.318301013486,0.0866699145155,-0.052922337182,1.48489340267,0.34437868688,-0.0310631109547,0.0651941834851,100.0
24.624701,-0.722121455897,-0.128854386182,0.428747630214,-0.0544563179699,-0.312932080729,0.978679742671,2.862024655,95.4983901978,-0.318301013486,0.0870534097125,-0.0525388419851,1.48412641228,0.343995191683,-0.0302961205607,0.0655776786821,100.0
24.634706,-0.722888446291,-0.130004871773,0.429131125411,-0.0544563179699,-0.316383537501,0.995553531338,2.86317514059,95.4983901978,-0.318301013486,0.0878204001064,-0.0521553467881,1.48489340267,0.34437868688,-0.0314466061517,0.0659611738791,100.0
24.644707,-0.724805922276,-0.131538852561,0.428747630214,-0.054072822773,-0.31906800388,1.01089333922,2.86394213098,95.4983901978,-0.318301013486,0.0878204001064,-0.052922337182,1.48489340267,0.343995191683,-0.0322135965456,0.0648106882882,100.0
24.654720,-0.725956407867,-0.132305842955,0.428364135017,-0.0548398131669,-0.320601984668,1.0254661567,2.86394213098,95.4983901978,-0.317917518289,0.0874369049095,-0.052922337182,1.48450990748,0.344762182077,-0.0325970917426,0.0651941834851,100.0
24.664718,-0.727873883852,-0.133456328546,0.42798063982,-0.053689327576,-0.323286451047,1.03927198379,2.86394213098,95.4983901978,-0.318301013486,0.0870534097125,-0.052922337182,1.48604388826,0.34437868688,-0.0325970917426,0.0651941834851,100.0
24.674707,-0.728640874246,-0.134606814137,0.428747630214,-0.0552233083639,-0.325587422229,1.0511603349,2.86394213098,95.4983901978,-0.318684508683,0.0870534097125,-0.053305832379,1.48450990748,0.34437868688,-0.0322135965456,0.0659611738791,100.0
24.684718,-0.730941845427,-0.134606814137,0.428747630214,-0.0525388419851,-0.327504898214,1.06189820041,2.86394213098,95.4983901978,-0.317917518289,0.0878204001064,-0.052922337182,1.48450990748,0.344762182077,-0.0310631109547,0.0644271930912,100.0
24.694706,-0.731325340624,-0.135373804531,0.428747630214,-0.054072822773,-0.329805869395,1.07148558034,2.86355863579,95.4983901978,-0.318301013486,0.0878204001064,-0.053305832379,1.48489340267,0.343611696486,-0.0310631109547,0.0655776786821,100.0
24.704709,-0.733242816609,-0.135757299728,0.428747630214,-0.053305832379,-0.332106840577,1.08183995066,2.86394213098,95.4983901978,-0.317917518289,0.0874369049095,-0.053305832379,1.48335942189,0.343995191683,-0.0322135965456,0.0651941834851,100.0
24.714705,-0.735160292594,-0.136524290122,0.428364135017,-0.0525388419851,-0.334024316562,1.0895098546,2.86355863579,95.4983901978,-0.318301013486,0.0874369049095,-0.0525388419851,1.48489340267,0.344762182077,-0.0325970917426,0.0659611738791,100.0
24.724705,-0.736694273382,-0.136907785319,0.428364135017,-0.0525388419851,-0.335941792547,1.09717975854,2.86394213098,95.4983901978,-0.31906800388,0.0874369049095,-0.052922337182,1.48412641228,0.343995191683,-0.0314466061517,0.066344669076,100.0
24.734701,-0.73822825417,-0.137291280516,0.42798063982,-0.0544563179699,-0.337092278138,1.10331568169,2.86394213098,95.4983901978,-0.31906800388,0.0874369049095,-0.053305832379,1.48412641228,0.343611696486,-0.0318301013486,0.0659611738791,100.0
24.744703,-0.739378739761,-0.136907785319,0.428364135017,-0.053689327576,-0.337859268532,1.10945160484,2.86394213098,95.4983901978,-0.317917518289,0.0874369049095,-0.0525388419851,1.48450990748,0.34437868688,-0.0318301013486,0.0655776786821,100.0
24.754715,-0.740912720549,-0.136140794925,0.427597144623,-0.053305832379,-0.338626258926,1.11520403279,2.86355863579,95.4983901978,-0.319451499077,0.0878204001064,-0.053305832379,1.48374291708,0.343995191683,-0.0318301013486,0.0655776786821,100.0
24.764708,-0.742446701337,-0.136140794925,0.42798063982,-0.054072822773,-0.339776744517,1.12210694634,2.86394213098,95.4983901978,-0.317917518289,0.0878204001064,-0.0525388419851,1.48412641228,0.344762182077,-0.0310631109547,0.0651941834851,100.0
24.774704,-0.742830196534,-0.135757299728,0.429131125411,-0.0525388419851,-0.340927230108,1.12785937429,2.86432562618,95.4983901978,-0.318301013486,0.0870534097125,-0.052922337182,1.48374291708,0.34437868688,-0.0318301013486,0.0659611738791,100.0
24.784707,-0.745514662912,-0.135373804531,0.427597144623,-0.053305832379,-0.341694220501,1.13437879264,2.86394213098,95.4983901978,-0.31906800388,0.0878204001064,-0.052922337182,1.48450990748,0.344762182077,-0.0318301013486,0.066344669076,100.0
24.794703,-0.747815634094,-0.134990309334,0.42798063982,-0.053305832379,-0.342844706092,1.1401312206,2.86355863579,95.4983901978,-0.318684508683,0.0870534097125,-0.054072822773,1.48335942189,0.344762182077,-0.0322135965456,0.0648106882882,100.0
24.804708,-0.748966119685,-0.13422331894,0.42798063982,-0.0525388419851,-0.343611696486,1.14741762934,2.86317514059,95.4983901978,-0.318684508683,0.0870534097125,-0.053305832379,1.48374291708,0.34437868688,-0.0322135965456,0.0651941834851,100.0
24.814703,-0.748966119685,-0.13422331894,0.428364135017,-0.0521553467881,-0.343611696486,1.15508753328,2.86317514059,95.4983901978,-0.31906800388,0.0874369049095,-0.052922337182,1.48335942189,0.34437868688,-0.0314466061517,0.0655776786821,100.0
24.824704,-0.75088359567,-0.133839823743,0.429131125411,-0.0525388419851,-0.344762182077,1.16314093241,2.86317514059,95.4983901978,-0.319451499077,0.0870534097125,-0.0525388419851,1.48450990748,0.34437868688,-0.0322135965456,0.0648106882882,100.0
24.834701,-0.753184566852,-0.133839823743,0.42798063982,-0.0517718515911,-0.345912667668,1.17004384596,2.86394213098,95.4983901978,-0.318684508683,0.0878204001064,-0.0521553467881,1.48335942189,0.345145677274,-0.0318301013486,0.0655776786821,100.0
24.844701,-0.753951557246,-0.133456328546,0.42798063982,-0.0521553467881,-0.346679658062,1.17963122588,2.86279164539,95.4983901978,-0.318301013486,0.0874369049095,-0.053305832379,1.48489340267,0.343995191683,-0.0314466061517,0.0659611738791,100.0
24.854705,-0.75471854764,-0.132305842955,0.429131125411,-0.0517718515911,-0.347063153259,1.18845161541,2.86279164539,95.4983901978,-0.31906800388,0.0878204001064,-0.053305832379,1.48412641228,0.34437868688,-0.0314466061517,0.0648106882882,100.0
24.864704,-0.756636023624,-0.131922347758,0.42798063982,-0.0525388419851,-0.348597134047,1.19842249054,2.86317514059,95.4983901978,-0.318301013486,0.0878204001064,-0.052922337182,1.48412641228,0.34437868688,-0.0322135965456,0.0648106882882,100.0
24.874704,-0.757403014018,-0.131538852561,0.428747630214,-0.0517718515911,-0.348980629244,1.20954385125,2.86317514059,95.4983901978,-0.317917518289,0.0878204001064,-0.053305832379,1.48450990748,0.344762182077,-0.0325970917426,0.0655776786821,100.0
24.884705,-0.758170004412,-0.130771862167,0.42798063982,-0.0525388419851,-0.349747619638,1.21913123117,2.86355863579,95.4983901978,-0.318301013486,0.0874369049095,-0.052922337182,1.48412641228,0.34437868688,-0.0325970917426,0.0659611738791,100.0
24.894707,-0.760087480397,-0.129621376576,0.428364135017,-0.052922337182,-0.349364124441,1.23101958228,2.86317514059,95.4983901978,-0.318301013486,0.0870534097125,-0.052922337182,1.48450990748,0.34437868688,-0.0322135965456,0.0651941834851,100.0
24.904709,-0.760470975594,-0.129237881379,0.42798063982,-0.0517718515911,-0.349747619638,1.24290793338,2.86355863579,95.4983901978,-0.317917518289,0.0874369049095,-0.0525388419851,1.48450990748,0.343611696486,-0.0325970917426,0.0648106882882,100.0
24.914710,-0.761621461185,-0.128470890985,0.427597144623,-0.0521553467881,-0.350514610032,1.25556327488,2.86355863579,95.4983901978,-0.317917518289,0.0874369049095,-0.053689327576,1.48412641228,0.343995191683,-0.0314466061517,0.0651941834851,100.0
24.924704,-0.761621461185,-0.127703900591,0.42798063982,-0.0525388419851,-0.351665095623,1.26553415001,2.86317514059,95.4983901978,-0.318301013486,0.0870534097125,-0.053305832379,1.48335942189,0.344762182077,-0.0310631109547,0.0648106882882,100.0
24.934708,-0.76353893717,-0.126553415001,0.428364135017,-0.053689327576,-0.352815581214,1.27703900591,2.86279164539,95.4983901978,-0.317917518289,0.0878204001064,-0.0525388419851,1.48412641228,0.343995191683,-0.0310631109547,0.0644271930912,100.0
24.944705,-0.764305927564,-0.126169919804,0.428747630214,-0.0544563179699,-0.353966066805,1.28969434741,2.862024655,95.4983901978,-0.318301013486,0.0878204001064,-0.052922337182,1.48412641228,0.34437868688,-0.0310631109547,0.066344669076,100.0
24.954710,-0.764689422761,-0.124635939016,0.42798063982,-0.0525388419851,-0.353966066805,1.30081570813,2.8616411598,95.4983901978,-0.317150527895,0.0878204001064,-0.053305832379,1.48566039307,0.34437868688,-0.0318301013486,0.0659611738791,100.0
24.964706,-0.765072917958,-0.124252443819,0.428747630214,-0.0525388419851,-0.354349562002,1.31193706884,2.8612576646,95.4983901978,-0.317917518289,0.0874369049095,-0.0521553467881,1.48450990748,0.34437868688,-0.0314466061517,0.0655776786821,100.0
24.974703,-0.765839908352,-0.123101958228,0.427597144623,-0.052922337182,-0.354733057199,1.32305842955,2.86087416941,95.4983901978,-0.317917518289,0.0878204001064,-0.053305832379,1.48489340267,0.343995191683,-0.0322135965456,0.0655776786821,100.0
24.984707,-0.766990393943,-0.12156797744,0.429131125411,-0.0525388419851,-0.355116552395,1.33417979026,2.85972368382,95.4983901978,-0.317917518289,0.0874369049095,-0.0525388419851,1.48450990748,0.344762182077,-0.0322135965456,0.0655776786821,100.0
24.994704,-0.76737388914,-0.120800987046,0.42798063982,-0.0517718515911,-0.355883542789,1.34338367499,2.85972368382,95.4983901978,-0.317917518289,0.0870534097125,-0.052922337182,1.48335942189,0.344762182077,-0.0318301013486,0.0655776786821,100.0
25.004707,-0.768524374731,-0.119650501455,0.428364135017,-0.0517718515911,-0.356267037986,1.35258755972,2.85895669342,95.4983901978,-0.317534023092,0.0878204001064,-0.0525388419851,1.48450990748,0.343995191683,-0.0318301013486,0.0655776786821,100.0
25.014708,-0.768140879534,-0.11773302547,0.428364135017,-0.0525388419851,-0.357801018774,1.36140794925,2.85972368382,95.4983901978,-0.318684508683,0.0874369049095,-0.053305832379,1.48412641228,0.34437868688,-0.0314466061517,0.0655776786821,100.0
25.024708,-0.768907869928,-0.115815549485,0.42798063982,-0.053689327576,-0.358568009168,1.37099532917,2.85934018862,95.4983901978,-0.317917518289,0.0874369049095,-0.053305832379,1.48412641228,0.34437868688,-0.0314466061517,0.0655776786821,100.0
25.034703,-0.770441850715,-0.115048559091,0.42798063982,-0.0517718515911,-0.358568009168,1.37828173792,2.85934018862,95.4983901978,-0.318301013486,0.0874369049095,-0.0525388419851,1.48374291708,0.343995191683,-0.0322135965456,0.0655776786821,100.0
25.044705,-0.769674860322,-0.114665063894,0.428364135017,-0.0525388419851,-0.359334999562,1.38633513705,2.85857319822,95.4983901978,-0.318301013486,0.0874369049095,-0.0525388419851,1.48489340267,0.343995191683,-0.0322135965456,0.0651941834851,100.0
25.054703,-0.771592336306,-0.11274758791,0.42798063982,-0.052922337182,-0.359718494759,1.3932380506,2.85895669342,95.4983901978,-0.318301013486,0.0874369049095,-0.053305832379,1.48412641228,0.34437868688,-0.0318301013486,0.0648106882882,100.0
25.064704,-0.771208841109,-0.110446616728,0.42798063982,-0.0521553467881,-0.360485485153,1.40014096414,2.85895669342,95.4983901978,-0.317917518289,0.0866699145155,-0.052922337182,1.48489340267,0.34437868688,-0.0314466061517,0.0659611738791,100.0
25.074700,-0.772742821897,-0.10891263594,0.427597144623,-0.0525388419851,-0.361252475547,1.40627688729,2.85818970303,95.4983901978,-0.318684508683,0.0874369049095,-0.052922337182,1.48412641228,0.34437868688,-0.0318301013486,0.066344669076,100.0
25.084704,-0.773509812291,-0.107378655152,0.428364135017,-0.053305832379,-0.361252475547,1.41164582005,2.85895669342,95.4983901978,-0.317917518289,0.0878204001064,-0.052922337182,1.48450990748,0.344762182077,-0.0322135965456,0.0655776786821,100.0
25.094710,-0.773126317094,-0.106228169561,0.428364135017,-0.052922337182,-0.363936941926,1.41739824801,2.85895669342,95.4983901978,-0.31906800388,0.0878204001064,-0.052922337182,1.48374291708,0.34437868688,-0.0318301013486,0.066344669076,100.0
25.104706,-0.773893307488,-0.104310693576,0.429131125411,-0.053305832379,-0.364320437123,1.42315067596,2.85895669342,95.4983901978,-0.318684508683,0.0874369049095,-0.053305832379,1.48489340267,0.343995191683,-0.0314466061517,0.0659611738791,100.0
25.114706,-0.773509812291,-0.101626227197,0.42798063982,-0.054072822773,-0.365470922714,1.42698562793,2.85934018862,95.4983901978,-0.318301013486,0.0878204001064,-0.052922337182,1.48297592669,0.34437868688,-0.0314466061517,0.0655776786821,100.0
25.124707,-0.773893307488,-0.0997087512126,0.42798063982,-0.0513883563942,-0.366621408305,1.43197106549,2.85857319822,95.4983901978,-0.318301013486,0.0870534097125,-0.053689327576,1.48450990748,0.343995191683,-0.0322135965456,0.0651941834851,100.0
25.134706,-0.773509812291,-0.0974077800307,0.427597144623,-0.0525388419851,-0.368922379486,1.43618951266,2.85895669342,95.4983901978,-0.318684508683,0.0882038953034,-0.0525388419851,1.48412641228,0.34437868688,-0.0322135965456,0.0659611738791,100.0
25.144704,-0.773126317094,-0.0958737992428,0.426830154229,-0.0521553467881,-0.368922379486,1.44040795982,2.85934018862,95.4983901978,-0.318301013486,0.0874369049095,-0.053689327576,1.48450990748,0.343995191683,-0.0318301013486,0.0651941834851,100.0
25.154717,-0.773126317094,-0.093956323258,0.427597144623,-0.0521553467881,-0.370456360274,1.44462640699,2.85934018862,95.4983901978,-0.317917518289,0.0866699145155,-0.053305832379,1.48374291708,0.34437868688,-0.0310631109547,0.0659611738791,100.0
25.164705,-0.7723593267,-0.0912718568792,0.427597144623,-0.0525388419851,-0.371990341062,1.44807786376,2.85895669342,95.4983901978,-0.318684508683,0.0882038953034,-0.052922337182,1.48374291708,0.343995191683,-0.0318301013486,0.0651941834851,100.0
25.174704,-0.772742821897,-0.0893543808943,0.428364135017,-0.0525388419851,-0.372757331456,1.45267980613,2.85818970303,95.4983901978,-0.318301013486,0.0882038953034,-0.052922337182,1.48335942189,0.34437868688,-0.0318301013486,0.0648106882882,100.0
25.184708,-0.772742821897,-0.0870534097125,0.428747630214,-0.0525388419851,-0.373907817047,1.45689825329,2.85895669342,95.4983901978,-0.31906800388,0.0878204001064,-0.052922337182,1.48412641228,0.343995191683,-0.0318301013486,0.0644271930912,100.0
25.194709,-0.771208841109,-0.0855194289246,0.42798063982,-0.052922337182,-0.374291312244,1.46034971007,2.85895669342,95.4983901978,-0.318301013486,0.0878204001064,-0.052922337182,1.48297592669,0.343995191683,-0.0314466061517,0.0648106882882,100.0
25.204703,-0.771592336306,-0.0828349625458,0.427597144623,-0.0525388419851,-0.375058302638,1.46456815723,2.85934018862,95.4983901978,-0.318684508683,0.0874369049095,-0.053305832379,1.48412641228,0.343611696486,-0.0322135965456,0.0655776786821,100.0
25.214713,-0.771592336306,-0.080533991364,0.428364135017,-0.052922337182,-0.375825293032,1.4684031092,2.85934018862,95.4983901978,-0.318301013486,0.0862864193186,-0.053305832379,1.48412641228,0.34437868688,-0.0322135965456,0.0648106882882,100.0
25.224708,-0.771592336306,-0.0786165153791,0.427597144623,-0.054072822773,-0.376208788229,1.47223806117,2.85895669342,95.4983901978,-0.318684508683,0.0866699145155,-0.0521553467881,1.48412641228,0.344762182077,-0.0318301013486,0.0651941834851,100.0
25.234705,-0.770058355518,-0.0759320490003,0.428364135017,-0.0521553467881,-0.376208788229,1.47684000354,2.85895669342,95.4983901978,-0.317917518289,0.0882038953034,-0.052922337182,1.48450990748,0.34437868688,-0.0314466061517,0.0648106882882,100.0
25.244705,-0.770441850715,-0.0732475826215,0.428747630214,-0.052922337182,-0.376208788229,1.48067495551,2.85972368382,95.4983901978,-0.31906800388,0.0882038953034,-0.0525388419851,1.48412641228,0.344762182077,-0.0314466061517,0.0655776786821,100.0
25.254708,-0.768524374731,-0.0709466114397,0.427597144623,-0.052922337182,-0.375825293032,1.48374291708,2.85972368382,95.4983901978,-0.317917518289,0.0870534097125,-0.0521553467881,1.48412641228,0.343995191683,-0.0314466061517,0.066344669076,100.0
25.264704,-0.769674860322,-0.0694126306518,0.428747630214,-0.052922337182,-0.376208788229,1.48796136425,2.86010717901,95.4983901978,-0.318684508683,0.0866699145155,-0.0525388419851,1.48450990748,0.343611696486,-0.0318301013486,0.0659611738791,100.0
25.274708,-0.769674860322,-0.066728164273,0.429131125411,-0.0521553467881,-0.376592283426,1.49294680181,2.85972368382,95.4983901978,-0.318301013486,0.0870534097125,-0.053689327576,1.48489340267,0.34437868688,-0.0314466061517,0.0655776786821,100.0
25.284709,-0.768907869928,-0.0632767075003,0.42798063982,-0.053305832379,-0.376208788229,1.49716524898,2.85972368382,95.4983901978,-0.318301013486,0.0870534097125,-0.052922337182,1.48450990748,0.34437868688,-0.0322135965456,0.0659611738791,100.0
25.294708,-0.768140879534,-0.0613592315154,0.429131125411,-0.0513883563942,-0.376592283426,1.50176719134,2.85818970303,95.4983901978,-0.318301013486,0.0866699145155,-0.0517718515911,1.48412641228,0.343995191683,-0.0322135965456,0.0655776786821,100.0
25.304703,-0.767757384337,-0.0590582603336,0.429131125411,-0.0517718515911,-0.376592283426,1.5067526289,2.86049067421,95.4983901978,-0.318301013486,0.0874369049095,-0.053689327576,1.48335942189,0.344762182077,-0.0318301013486,0.0651941834851,100.0
25.314709,-0.768524374731,-0.0567572891518,0.428747630214,-0.0521553467881,-0.375825293032,1.51097107607,2.86010717901,95.4983901978,-0.318301013486,0.0878204001064,-0.053305832379,1.48374291708,0.344762182077,-0.0314466061517,0.066344669076,100.0
25.324704,-0.768140879534,-0.053689327576,0.428364135017,-0.0521553467881,-0.376208788229,1.51557301843,2.85934018862,95.4983901978,-0.317917518289,0.0870534097125,-0.052922337182,1.48450990748,0.34437868688,-0.0314466061517,0.0651941834851,100.0
25.334702,-0.76737388914,-0.0510048611972,0.428364135017,-0.052922337182,-0.376208788229,1.52017496079,2.86010717901,95.4983901978,-0.318684508683,0.0866699145155,-0.0525388419851,1.48489340267,0.34437868688,-0.0318301013486,0.066344669076,100.0
25.344703,-0.767757384337,-0.0490873852123,0.427597144623,-0.0513883563942,-0.376592283426,1.52477690316,2.85972368382,95.4983901978,-0.318301013486,0.0870534097125,-0.052922337182,1.48489340267,0.343995191683,-0.0318301013486,0.0655776786821,100.0
25.354707,-0.767757384337,-0.0456359284396,0.429131125411,-0.053689327576,-0.376592283426,1.53052933111,2.86010717901,95.4983901978,-0.317917518289,0.0866699145155,-0.052922337182,1.48450990748,0.34437868688,-0.0314466061517,0.0651941834851,100.0
25.364705,-0.76737388914,-0.0429514620608,0.428364135017,-0.0517718515911,-0.376592283426,1.53474777828,2.86010717901,95.4983901978,-0.317917518289,0.0870534097125,-0.052922337182,1.48450990748,0.344762182077,-0.0318301013486,0.0659611738791,100.0
25.374704,-0.766606898746,-0.040650490879,0.428747630214,-0.0521553467881,-0.376975778623,1.54050020623,2.86010717901,95.4983901978,-0.31906800388,0.0874369049095,-0.053305832379,1.48489340267,0.343995191683,-0.0314466061517,0.0655776786821,100.0
25.384705,-0.766990393943,-0.0379660245002,0.428364135017,-0.0502378708032,-0.377742769017,1.5447186534,2.85972368382,95.4983901978,-0.317917518289,0.0874369049095,-0.0525388419851,1.48450990748,0.34437868688,-0.0318301013486,0.066344669076,100.0
25.394706,-0.766990393943,-0.0356650533183,0.428364135017,-0.0490873852123,-0.377742769017,1.54893710057,2.86049067421,95.4983901978,-0.318301013486,0.0878204001064,-0.052922337182,1.48489340267,0.343995191683,-0.0318301013486,0.0655776786821,100.0
25.404705,-0.767757384337,-0.0337475773335,0.428364135017,-0.0475534044244,-0.377742769017,1.55008758616,2.86087416941,95.4983901978,-0.31906800388,0.0870534097125,-0.052922337182,1.48489340267,0.343611696486,-0.0325970917426,0.0659611738791,100.0
25.414710,-0.768140879534,-0.0322135965456,0.428747630214,-0.0467864140305,-0.378893254608,1.55162156695,2.86087416941,95.4983901978,-0.317534023092,0.0882038953034,-0.053305832379,1.48450990748,0.34437868688,-0.0322135965456,0.0651941834851,100.0
25.424707,-0.767757384337,-0.0287621397729,0.428364135017,-0.0460194236366,-0.379276749805,1.55353904293,2.8612576646,95.4983901978,-0.31906800388,0.0874369049095,-0.052922337182,1.48412641228,0.343995191683,-0.0318301013486,0.0655776786821,100.0
25.434706,-0.768140879534,-0.0260776733941,0.428364135017,-0.0441019476517,-0.380043740199,1.55622350931,2.8612576646,95.4983901978,-0.318301013486,0.0874369049095,-0.052922337182,1.48527689787,0.34437868688,-0.0322135965456,0.066728164273,100.0
25.444706,-0.768907869928,-0.0226262166213,0.429131125411,-0.0433349572578,-0.380043740199,1.55814098529,2.862024655,95.4983901978,-0.318684508683,0.0874369049095,-0.0525388419851,1.48412641228,0.343995191683,-0.0322135965456,0.0659611738791,100.0
25.454707,-0.770058355518,-0.0203252454395,0.428747630214,-0.0418009764699,-0.380810730593,1.56005846128,2.8616411598,95.4983901978,-0.318301013486,0.0870534097125,-0.053305832379,1.48527689787,0.34437868688,-0.0318301013486,0.066344669076,100.0
25.464707,-0.770058355518,-0.0180242742577,0.428364135017,-0.039500005288,-0.38119422579,1.56235943246,2.8616411598,95.4983901978,-0.319451499077,0.0874369049095,-0.0525388419851,1.48374291708,0.34437868688,-0.0322135965456,0.0659611738791,100.0
25.474708,-0.770441850715,-0.0149563126819,0.428364135017,-0.0383495196971,-0.38119422579,1.56427690845,2.8612576646,95.4983901978,-0.318301013486,0.0878204001064,-0.053689327576,1.48412641228,0.344762182077,-0.0318301013486,0.0659611738791,100.0
25.484704,-0.770441850715,-0.0122718463031,0.428364135017,-0.0375825293032,-0.38119422579,1.56619438443,2.8612576646,95.4983901978,-0.318684508683,0.0870534097125,-0.053689327576,1.48412641228,0.34437868688,-0.0322135965456,0.0648106882882,100.0
25.494701,-0.771592336306,-0.00920388472731,0.428747630214,-0.0371990341062,-0.381577720986,1.56696137482,2.86240815019,95.4983901978,-0.317917518289,0.0866699145155,-0.0525388419851,1.48374291708,0.343995191683,-0.0314466061517,0.0655776786821,100.0
25.504704,-0.771975831503,-0.00613592315154,0.428364135017,-0.0348980629244,-0.381577720986,1.56734487002,2.8616411598,95.4983901978,-0.318684508683,0.0882038953034,-0.052922337182,1.48450990748,0.34437868688,-0.0310631109547,0.0651941834851,100.0
25.514706,-0.773126317094,-0.00306796157577,0.42798063982,-0.0333640821365,-0.382728206577,1.56657787963,2.8612576646,95.4983901978,-0.318684508683,0.0866699145155,-0.053305832379,1.48412641228,0.344762182077,-0.0310631109547,0.066728164273,100.0
25.524701,-0.7723593267,-0.000383495196971,0.42798063982,-0.0314466061517,-0.381577720986,1.56542739404,2.86087416941,95.4983901978,-0.318684508683,0.0866699145155,-0.052922337182,1.48374291708,0.343995191683,-0.0318301013486,0.0651941834851,100.0
25.534706,-0.773893307488,0.00230097118183,0.427597144623,-0.0287621397729,-0.380810730593,1.56504389884,2.8612576646,95.4983901978,-0.317917518289,0.0874369049095,-0.0521553467881,1.48335942189,0.34437868688,-0.0310631109547,0.0651941834851,100.0
25.544701,-0.774660297882,0.00498543756063,0.429131125411,-0.027228158985,-0.380810730593,1.56466040364,2.8616411598,95.4983901978,-0.319451499077,0.0874369049095,-0.053689327576,1.48374291708,0.343995191683,-0.0314466061517,0.0655776786821,100.0
25.554708,-0.774660297882,0.00766990393943,0.427597144623,-0.0249271878031,-0.380043740199,1.56274292766,2.8616411598,95.4983901978,-0.318301013486,0.0878204001064,-0.053305832379,1.48374291708,0.34437868688,-0.0325970917426,0.0655776786821,100.0
25.564706,-0.775427288276,0.00997087512126,0.428364135017,-0.0233932070153,-0.378126264214,1.56159244207,2.8612576646,95.4983901978,-0.31906800388,0.0870534097125,-0.052922337182,1.48412641228,0.343995191683,-0.0322135965456,0.0655776786821,100.0
25.574701,-0.775810783473,0.0126553415001,0.42798063982,-0.0230097118183,-0.377742769017,1.56082545167,2.8612576646,95.4983901978,-0.318684508683,0.0874369049095,-0.053305832379,1.48335942189,0.343995191683,-0.0314466061517,0.0655776786821,100.0
25.584703,-0.775810783473,0.0161067982728,0.42798063982,-0.0210922358334,-0.376208788229,1.55929147089,2.8612576646,95.4983901978,-0.31906800388,0.0882038953034,-0.052922337182,1.48374291708,0.344762182077,-0.0318301013486,0.0655776786821,100.0
25.594704,-0.77619427867,0.0195582550455,0.42798063982,-0.0184077694546,-0.376592283426,1.5577574901,2.8612576646,95.4983901978,-0.317917518289,0.0878204001064,-0.053305832379,1.48412641228,0.344762182077,-0.0310631109547,0.0651941834851,100.0
25.604705,-0.776961269064,0.0218592262274,0.428364135017,-0.0161067982728,-0.375825293032,1.55584001411,2.8612576646,95.4983901978,-0.318684508683,0.0870534097125,-0.052922337182,1.48412641228,0.34437868688,-0.0318301013486,0.0655776786821,100.0
25.614703,-0.778111754655,0.0249271878031,0.428364135017,-0.013805827091,-0.375441797835,1.55162156695,2.8612576646,95.4983901978,-0.318684508683,0.0878204001064,-0.052922337182,1.48450990748,0.343995191683,-0.0322135965456,0.0651941834851,100.0
25.624704,-0.779262240246,0.027228158985,0.428747630214,-0.0111213607122,-0.37352432185,1.54778661498,2.8612576646,95.4983901978,-0.318684508683,0.0878204001064,-0.052922337182,1.48259243149,0.343611696486,-0.0318301013486,0.0651941834851,100.0
25.634701,-0.779645735443,0.0299126253638,0.42798063982,-0.00882038953034,-0.372757331456,1.54548564379,2.8612576646,95.4983901978,-0.31906800388,0.0878204001064,-0.052922337182,1.48450990748,0.34437868688,-0.0325970917426,0.0651941834851,100.0
25.644698,-0.78002923064,0.0325970917426,0.428364135017,-0.00766990393943,-0.371223350668,1.54318467261,2.8612576646,95.4983901978,-0.318301013486,0.0866699145155,-0.053305832379,1.48412641228,0.344762182077,-0.0325970917426,0.066344669076,100.0
25.654707,-0.779645735443,0.0356650533183,0.428364135017,-0.00575242795457,-0.371223350668,1.53973321584,2.8616411598,95.4983901978,-0.318684508683,0.0882038953034,-0.0525388419851,1.48450990748,0.343995191683,-0.0325970917426,0.0659611738791,100.0
25.664705,-0.781179716231,0.0387330148941,0.42798063982,-0.00230097118183,-0.370839855471,1.53628175907,2.8612576646,95.4983901978,-0.318301013486,0.0874369049095,-0.053305832379,1.48412641228,0.344762182077,-0.0318301013486,0.0651941834851,100.0
25.674704,-0.780796221034,0.0414174812729,0.428364135017,-0.000383495196971,-0.370456360274,1.5320633119,2.8616411598,95.4983901978,-0.317534023092,0.0870534097125,-0.053305832379,1.48450990748,0.34437868688,-0.0318301013486,0.066344669076,100.0
25.684700,-0.780796221034,0.0433349572578,0.428364135017,0.000766990393943,-0.370072865077,1.53014583592,2.8616411598,95.4983901978,-0.318684508683,0.0874369049095,-0.052922337182,1.48374291708,0.34437868688,-0.0318301013486,0.0655776786821,100.0
25.694707,-0.781946706625,0.0456359284396,0.428364135017,0.00153398078789,-0.36968936988,1.52746136954,2.8612576646,95.4983901978,-0.318684508683,0.0878204001064,-0.0521553467881,1.48335942189,0.343995191683,-0.0314466061517,0.0648106882882,100.0
25.704708,-0.783097192216,0.0487038900154,0.428747630214,0.00115048559091,-0.369305874683,1.52707787434,2.8612576646,95.4983901978,-0.31906800388,0.0866699145155,-0.0525388419851,1.48412641228,0.343995191683,-0.0310631109547,0.0655776786821,100.0
25.714704,-0.782330201822,0.0525388419851,0.427213649426,0.00191747598486,-0.370456360274,1.52516039836,2.862024655,95.4983901978,-0.318684508683,0.0870534097125,-0.053305832379,1.48374291708,0.34437868688,-0.0314466061517,0.0659611738791,100.0
25.724701,-0.782330201822,0.0548398131669,0.428364135017,0.00460194236366,-0.370456360274,1.52285942717,2.8612576646,95.4983901978,-0.318684508683,0.0866699145155,-0.0521553467881,1.48412641228,0.34437868688,-0.0318301013486,0.0648106882882,100.0
25.734705,-0.782713697019,0.0586747651366,0.427597144623,0.00690291354548,-0.371990341062,1.51825748481,2.8612576646,95.4983901978,-0.317917518289,0.0878204001064,-0.053305832379,1.48412641228,0.344762182077,-0.0322135965456,0.0659611738791,100.0
25.744701,-0.784247677806,0.0605922411215,0.428364135017,0.00843689433337,-0.371990341062,1.51442253284,2.86087416941,95.4983901978,-0.318301013486,0.0882038953034,-0.052922337182,1.48450990748,0.34437868688,-0.0318301013486,0.0659611738791,100.0
25.754702,-0.7850146682,0.0636602026972,0.427213649426,0.0103543703182,-0.370456360274,1.51250505686,2.8616411598,95.4983901978,-0.31906800388,0.0874369049095,-0.054072822773,1.48412641228,0.343611696486,-0.0329805869395,0.0659611738791,100.0
25.764702,-0.7850146682,0.06711165947,0.42798063982,0.00997087512126,-0.370072865077,1.51288855205,2.8616411598,95.4983901978,-0.31906800388,0.0870534097125,-0.052922337182,1.48450990748,0.344762182077,-0.0325970917426,0.066344669076,100.0
25.774710,-0.785781658594,0.0690291354548,0.429131125411,0.00997087512126,-0.36968936988,1.51173806646,2.8612576646,95.4983901978,-0.318684508683,0.0866699145155,-0.053305832379,1.48566039307,0.343995191683,-0.0333640821365,0.0655776786821,100.0
25.784713,-0.786165153791,0.0724805922276,0.427597144623,0.0111213607122,-0.370072865077,1.51058758087,2.8612576646,95.4983901978,-0.318301013486,0.0866699145155,-0.053305832379,1.48489340267,0.343995191683,-0.0341310725305,0.0659611738791,100.0
25.794708,-0.785398163397,0.0743980682124,0.42798063982,0.0122718463031,-0.36968936988,1.50828660969,2.8612576646,95.4983901978,-0.318301013486,0.0874369049095,-0.052922337182,1.48527689787,0.34437868688,-0.0333640821365,0.0655776786821,100.0
25.804705,-0.786932144185,0.0763155441973,0.427597144623,0.0141893222879,-0.370456360274,1.50751961929,2.8612576646,95.4983901978,-0.318301013486,0.0882038953034,-0.0525388419851,1.48527689787,0.34437868688,-0.0329805869395,0.0655776786821,100.0
25.814701,-0.788082629776,0.0793835057731,0.427213649426,0.0149563126819,-0.370072865077,1.50521864811,2.86087416941,95.4983901978,-0.318301013486,0.0874369049095,-0.0525388419851,1.48489340267,0.344762182077,-0.0318301013486,0.066728164273,100.0
25.824708,-0.788082629776,0.0816844769549,0.428364135017,0.0153398078789,-0.370839855471,1.50406816252,2.8612576646,95.4983901978,-0.31906800388,0.0878204001064,-0.053305832379,1.48374291708,0.343995191683,-0.0306796157577,0.066344669076,100.0
25.834706,-0.78884962017,0.0832184577428,0.427597144623,0.0176407790607,-0.36968936988,1.50368466732,2.8616411598,95.4983901978,-0.318684508683,0.0878204001064,-0.0525388419851,1.48412641228,0.343611696486,-0.0302961205607,0.0659611738791,100.0
25.844718,-0.789616610564,0.0851359337276,0.42798063982,0.0172572838637,-0.370456360274,1.50215068654,2.862024655,95.4983901978,-0.31906800388,0.0878204001064,-0.053305832379,1.48450990748,0.34437868688,-0.0314466061517,0.0651941834851,100.0
25.854701,-0.790383600958,0.0874369049095,0.428364135017,0.0191747598486,-0.370456360274,1.50100020095,2.8616411598,95.4983901978,-0.318684508683,0.0870534097125,-0.053305832379,1.48412641228,0.34437868688,-0.0310631109547,0.0655776786821,100.0
25.864698,-0.790767096155,0.0885873905004,0.426830154229,0.0187912646516,-0.370456360274,1.50023321055,2.8612576646,95.4983901978,-0.318301013486,0.0866699145155,-0.053305832379,1.48450990748,0.34437868688,-0.0314466061517,0.066344669076,100.0
25.874700,-0.790767096155,0.0905048664852,0.42798063982,0.0203252454395,-0.370456360274,1.49984971535,2.862024655,95.4983901978,-0.318301013486,0.0870534097125,-0.052922337182,1.48450990748,0.344762182077,-0.0329805869395,0.0655776786821,100.0
25.884702,-0.791534086549,0.0924223424701,0.427597144623,0.0214757310304,-0.370839855471,1.49831573457,2.8616411598,95.4983901978,-0.318684508683,0.0870534097125,-0.053305832379,1.48527689787,0.344762182077,-0.0329805869395,0.066344669076,100.0
25.894702,-0.792301076943,0.094339818455,0.42798063982,0.0222427214243,-0.371223350668,1.49754874417,2.8616411598,95.4983901978,-0.31906800388,0.0874369049095,-0.053689327576,1.48489340267,0.34437868688,-0.0337475773335,0.0659611738791,100.0
25.904703,-0.793068067337,0.0951068088489,0.42798063982,0.0233932070153,-0.370456360274,1.49678175378,2.8616411598,95.4983901978,-0.318301013486,0.0866699145155,-0.053305832379,1.48450990748,0.344762182077,-0.0329805869395,0.0651941834851,100.0
25.914701,-0.794602048125,0.0974077800307,0.42798063982,0.0241601974092,-0.370456360274,1.49639825858,2.8612576646,95.4983901978,-0.318684508683,0.0862864193186,-0.053689327576,1.48566039307,0.34437868688,-0.0325970917426,0.0651941834851,100.0
25.924708,-0.794602048125,0.0985582656216,0.428364135017,0.0241601974092,-0.36968936988,1.49639825858,2.862024655,95.4983901978,-0.31906800388,0.0882038953034,-0.0525388419851,1.48450990748,0.343995191683,-0.0318301013486,0.0655776786821,100.0
25.934706,-0.794218552928,0.10009224641,0.428364135017,0.0241601974092,-0.36968936988,1.49678175378,2.8616411598,95.4983901978,-0.318301013486,0.0870534097125,-0.0525388419851,1.48527689787,0.34437868688,-0.0310631109547,0.0648106882882,100.0
25.944718,-0.794985543322,0.101626227197,0.427597144623,0.0249271878031,-0.369305874683,1.49678175378,2.86087416941,95.4983901978,-0.317917518289,0.0878204001064,-0.052922337182,1.48412641228,0.34437868688,-0.0310631109547,0.0659611738791,100.0
25.954704,-0.795752533716,0.102393217591,0.427213649426,0.0256941781971,-0.36968936988,1.49639825858,2.8612576646,95.4983901978,-0.318301013486,0.0874369049095,-0.052922337182,1.48335942189,0.34437868688,-0.0310631109547,0.0655776786821,100.0
25.964704,-0.796903019306,0.103543703182,0.427213649426,0.026844663788,-0.370072865077,1.49639825858,2.8616411598,95.4983901978,-0.31906800388,0.0874369049095,-0.052922337182,1.48374291708,0.34437868688,-0.0314466061517,0.0655776786821,100.0
25.974720,-0.796903019306,0.104694188773,0.427597144623,0.027228158985,-0.370456360274,1.49524777299,2.8612576646,95.4983901978,-0.317534023092,0.0874369049095,-0.052922337182,1.48489340267,0.343995191683,-0.0318301013486,0.0655776786821,100.0
25.984707,-0.7976700097,0.10507768397,0.42798063982,0.027228158985,-0.370456360274,1.49639825858,2.862024655,95.4983901978,-0.31906800388,0.0866699145155,-0.053305832379,1.48450990748,0.344762182077,-0.0322135965456,0.0655776786821,100.0
25.994707,-0.7976700097,0.106228169561,0.427213649426,0.0276116541819,-0.370072865077,1.49563126819,2.8612576646,95.4983901978,-0.318301013486,0.0885873905004,-0.053689327576,1.48489340267,0.34437868688,-0.0329805869395,0.0659611738791,100.0
26.004699,-0.798053504897,0.107762150349,0.427597144623,0.027228158985,-0.370839855471,1.49716524898,2.8612576646,95.4983901978,-0.318684508683,0.0874369049095,-0.0525388419851,1.48450990748,0.34437868688,-0.0329805869395,0.0655776786821,100.0
26.014695,-0.798053504897,0.109296131137,0.427213649426,0.0279951493789,-0.371606845865,1.49563126819,2.8616411598,95.4983901978,-0.31906800388,0.0874369049095,-0.053305832379,1.48374291708,0.34437868688,-0.0322135965456,0.0655776786821,100.0
26.024692,-0.798053504897,0.109679626334,0.427213649426,0.0287621397729,-0.370839855471,1.49563126819,2.862024655,95.4983901978,-0.318684508683,0.0874369049095,-0.053305832379,1.48489340267,0.34437868688,-0.0325970917426,0.0651941834851,100.0
26.034693,-0.798053504897,0.110830111925,0.426830154229,0.0295291301668,-0.370839855471,1.49601476339,2.862024655,95.4983901978,-0.317917518289,0.0870534097125,-0.053689327576,1.48374291708,0.34437868688,-0.0322135965456,0.0651941834851,100.0
26.044692,-0.799587485685,0.111597102319,0.427213649426,0.0299126253638,-0.370839855471,1.49601476339,2.8616411598,95.4983901978,-0.318684508683,0.0866699145155,-0.052922337182,1.48412641228,0.343995191683,-0.0314466061517,0.0648106882882,100.0
26.054690,-0.799970980882,0.112364092713,0.427213649426,0.0295291301668,-0.371990341062,1.49601476339,2.8616411598,95.4983901978,-0.318684508683,0.0874369049095,-0.053305832379,1.48412641228,0.343228201289,-0.0314466061517,0.0651941834851,100.0
26.064692,-0.799970980882,0.11274758791,0.427213649426,0.0291456349698,-0.371606845865,1.49639825858,2.8616411598,95.4983901978,-0.318684508683,0.0874369049095,-0.052922337182,1.48374291708,0.34437868688,-0.0314466061517,0.0651941834851,100.0
26.074692,-0.799587485685,0.1138980735,0.427597144623,0.0291456349698,-0.371223350668,1.49601476339,2.8616411598,95.4983901978,-0.31906800388,0.0870534097125,-0.052922337182,1.48412641228,0.34437868688,-0.0318301013486,0.066344669076,100.0
26.084692,-0.799587485685,0.113514578304,0.427597144623,0.0291456349698,-0.372373836259,1.49639825858,2.8616411598,95.4983901978,-0.31906800388,0.0870534097125,-0.0525388419851,1.48450990748,0.344762182077,-0.0329805869395,0.0655776786821,100.0
26.094704,-0.800737971276,0.113514578304,0.427597144623,0.0291456349698,-0.372757331456,1.49563126819,2.86087416941,95.4983901978,-0.317917518289,0.0866699145155,-0.053305832379,1.48527689787,0.344762182077,-0.0306796157577,0.0659611738791,100.0
26.104697,-0.800354476079,0.114665063894,0.427597144623,0.0291456349698,-0.37352432185,1.49639825858,2.862024655,95.4983901978,-0.318684508683,0.0870534097125,-0.053305832379,1.48335942189,0.343995191683,-0.0314466061517,0.0659611738791,100.0
26.114696,-0.800737971276,0.114281568697,0.427213649426,0.0299126253638,-0.373907817047,1.49639825858,2.8616411598,95.4983901978,-0.318684508683,0.0878204001064,-0.053689327576,1.48374291708,0.343995191683,-0.0314466061517,0.0651941834851,100.0
26.124694,-0.800737971276,0.114665063894,0.427213649426,0.0295291301668,-0.374674807441,1.49678175378,2.8612576646,95.4983901978,-0.317534023092,0.0870534097125,-0.052922337182,1.48450990748,0.343995191683,-0.0322135965456,0.0655776786821,100.0
26.134693,-0.800737971276,0.115048559091,0.428364135017,0.0295291301668,-0.376208788229,1.49678175378,2.8616411598,95.4983901978,-0.317534023092,0.0874369049095,-0.052922337182,1.48412641228,0.34437868688,-0.0322135965456,0.0659611738791,100.0
26.144692,-0.800737971276,0.114665063894,0.427213649426,0.0287621397729,-0.376975778623,1.49639825858,2.8616411598,95.4983901978,-0.318301013486,0.0882038953034,-0.0525388419851,1.48297592669,0.34437868688,-0.0318301013486,0.0648106882882,100.0
26.154691,-0.800737971276,0.114281568697,0.42798063982,0.0299126253638,-0.37735927382,1.49716524898,2.8616411598,95.4983901978,-0.318301013486,0.0878204001064,-0.053689327576,1.48450990748,0.34437868688,-0.0318301013486,0.0644271930912,100.0
26.164692,-0.80150496167,0.114665063894,0.427597144623,0.0295291301668,-0.378509759411,1.49754874417,2.8616411598,95.4983901978,-0.318301013486,0.0866699145155,-0.052922337182,1.48412641228,0.344762182077,-0.0310631109547,0.0648106882882,100.0
26.174690,-0.801121466473,0.115048559091,0.427597144623,0.0299126253638,-0.379276749805,1.49678175378,2.862024655,95.4983901978,-0.318684508683,0.0870534097125,-0.053689327576,1.48374291708,0.343995191683,-0.0306796157577,0.0651941834851,100.0
26.184692,-0.802271952064,0.114665063894,0.427213649426,0.0295291301668,-0.380427235396,1.49678175378,2.86240815019,95.4983901978,-0.31906800388,0.0874369049095,-0.053689327576,1.48374291708,0.343995191683,-0.0322135965456,0.066344669076,100.0
26.194690,-0.80150496167,0.114281568697,0.427213649426,0.0295291301668,-0.379660245002,1.49754874417,2.8616411598,95.4983901978,-0.318301013486,0.0870534097125,-0.053305832379,1.48450990748,0.343995191683,-0.0325970917426,0.0659611738791,100.0
26.204692,-0.801888456867,0.115048559091,0.427597144623,0.0291456349698,-0.380810730593,1.49793223937,2.862024655,95.4983901978,-0.317534023092,0.0878204001064,-0.052922337182,1.48489340267,0.343995191683,-0.0314466061517,0.0659611738791,100.0
26.214692,-0.802655447261,0.114665063894,0.427213649426,0.0291456349698,-0.379660245002,1.49831573457,2.862024655,95.4983901978,-0.318301013486,0.0870534097125,-0.0525388419851,1.48489340267,0.343995191683,-0.0318301013486,0.0655776786821,100.0
26.224693,-0.801888456867,0.115048559091,0.426830154229,0.0291456349698,-0.380043740199,1.49793223937,2.86240815019,95.4983901978,-0.31906800388,0.0870534097125,-0.0521553467881,1.48412641228,0.343995191683,-0.0325970917426,0.0648106882882,100.0
26.234691,-0.802655447261,0.114665063894,0.42798063982,0.0291456349698,-0.380427235396,1.49908272496,2.86240815019,95.4983901978,-0.317917518289,0.0878204001064,-0.052922337182,1.48412641228,0.343995191683,-0.0314466061517,0.066344669076,100.0
26.244692,-0.802271952064,0.114281568697,0.42798063982,0.0291456349698,-0.380427235396,1.49908272496,2.8612576646,95.4983901978,-0.318684508683,0.0874369049095,-0.0525388419851,1.48489340267,0.344762182077,-0.0322135965456,0.066728164273,100.0
26.254692,-0.803038942458,0.114281568697,0.427597144623,0.0291456349698,-0.378893254608,1.49984971535,2.862024655,95.4983901978,-0.318684508683,0.0862864193186,-0.053305832379,1.48489340267,0.34437868688,-0.0322135965456,0.066344669076,100.0
26.264691,-0.803422437655,0.114281568697,0.427597144623,0.0287621397729,-0.379660245002,1.49984971535,2.862024655,95.4983901978,-0.31906800388,0.0878204001064,-0.053305832379,1.48412641228,0.34437868688,-0.0318301013486,0.0651941834851,100.0
26.274692,-0.803038942458,0.113514578304,0.426830154229,0.0291456349698,-0.378509759411,1.50061670575,2.86279164539,95.4983901978,-0.31906800388,0.0866699145155,-0.0525388419851,1.48374291708,0.34437868688,-0.0314466061517,0.066344669076,100.0
26.284691,-0.803805932852,0.113131083107,0.426830154229,0.0291456349698,-0.378893254608,1.50061670575,2.86240815019,95.4983901978,-0.317917518289,0.0878204001064,-0.0525388419851,1.48412641228,0.34437868688,-0.0310631109547,0.066728164273,100.0
26.294691,-0.803805932852,0.113514578304,0.427213649426,0.0291456349698,-0.378893254608,1.50176719134,2.8616411598,95.4983901978,-0.317917518289,0.0874369049095,-0.052922337182,1.48450990748,0.344762182077,-0.0318301013486,0.0651941834851,100.0
26.304690,-0.804189428049,0.111597102319,0.427213649426,0.0283786445759,-0.378509759411,1.50215068654,2.862024655,95.4983901978,-0.317534023092,0.0882038953034,-0.053305832379,1.48374291708,0.344762182077,-0.0318301013486,0.0655776786821,100.0
26.314694,-0.803805932852,0.111597102319,0.427213649426,0.0287621397729,-0.378509759411,1.50291767693,2.862024655,95.4983901978,-0.317917518289,0.0882038953034,-0.052922337182,1.48374291708,0.343995191683,-0.0322135965456,0.0655776786821,100.0
26.324694,-0.804572923246,0.111980597516,0.427213649426,0.0287621397729,-0.378509759411,1.50368466732,2.862024655,95.4983901978,-0.317917518289,0.0878204001064,-0.052922337182,1.48412641228,0.343995191683,-0.0322135965456,0.0659611738791,100.0
26.334689,-0.804189428049,0.111597102319,0.427597144623,0.0279951493789,-0.378126264214,1.50521864811,2.86240815019,95.4983901978,-0.317917518289,0.0874369049095,-0.053305832379,1.48450990748,0.34437868688,-0.0314466061517,0.0651941834851,100.0
26.344694,-0.804956418443,0.110830111925,0.426830154229,0.0279951493789,-0.378893254608,1.5067526289,2.86240815019,95.4983901978,-0.31906800388,0.0878204001064,-0.0525388419851,1.48412641228,0.34437868688,-0.0318301013486,0.0651941834851,100.0
26.354691,-0.804572923246,0.110446616728,0.427213649426,0.0279951493789,-0.378509759411,1.50790311449,2.86240815019,95.4983901978,-0.318684508683,0.0878204001064,-0.053305832379,1.48412641228,0.344762182077,-0.0322135965456,0.066344669076,100.0
26.364692,-0.804956418443,0.110446616728,0.426446659032,0.0279951493789,-0.378126264214,1.50790311449,2.86355863579,95.4983901978,-0.31906800388,0.0870534097125,-0.0525388419851,1.48412641228,0.343995191683,-0.0318301013486,0.066728164273,100.0
26.374699,-0.806106904034,0.110063121531,0.426830154229,0.0279951493789,-0.377742769017,1.50943709528,2.86355863579,95.4983901978,-0.31906800388,0.0878204001064,-0.053305832379,1.48450990748,0.34437868688,-0.0325970917426,0.0659611738791,100.0
26.384704,-0.804956418443,0.109296131137,0.42798063982,0.0276116541819,-0.377742769017,1.50943709528,2.86317514059,95.4983901978,-0.318684508683,0.0878204001064,-0.053305832379,1.48527689787,0.344762182077,-0.0314466061517,0.0648106882882,100.0
26.394700,-0.804189428049,0.109296131137,0.427597144623,0.027228158985,-0.377742769017,1.51058758087,2.86355863579,95.4983901978,-0.318301013486,0.0874369049095,-0.054072822773,1.48489340267,0.343995191683,-0.0322135965456,0.066344669076,100.0
26.404703,-0.804189428049,0.107762150349,0.428364135017,0.0283786445759,-0.376975778623,1.51173806646,2.86355863579,95.4983901978,-0.31906800388,0.0874369049095,-0.052922337182,1.48450990748,0.34437868688,-0.0314466061517,0.0651941834851,100.0
26.414701,-0.80533991364,0.107762150349,0.427213649426,0.027228158985,-0.376975778623,1.51212156166,2.86317514059,95.4983901978,-0.31906800388,0.0878204001064,-0.0521553467881,1.48374291708,0.343995191683,-0.0314466061517,0.0651941834851,100.0
26.424701,-0.804572923246,0.106611664758,0.427597144623,0.0276116541819,-0.376975778623,1.51327204725,2.86317514059,95.4983901978,-0.318684508683,0.0874369049095,-0.0525388419851,1.48335942189,0.34437868688,-0.0318301013486,0.0655776786821,100.0
26.434693,-0.803805932852,0.105844674364,0.426446659032,0.026461168591,-0.376975778623,1.51327204725,2.86317514059,95.4983901978,-0.318684508683,0.0874369049095,-0.053305832379,1.48412641228,0.343995191683,-0.0322135965456,0.0648106882882,100.0
26.444693,-0.804572923246,0.10507768397,0.42798063982,0.026461168591,-0.37735927382,1.51327204725,2.86279164539,95.4983901978,-0.31906800388,0.0882038953034,-0.0525388419851,1.48450990748,0.343995191683,-0.0314466061517,0.066344669076,100.0
26.454690,-0.804572923246,0.103927198379,0.427213649426,0.0260776733941,-0.37735927382,1.51327204725,2.86279164539,95.4983901978,-0.318684508683,0.0878204001064,-0.053305832379,1.48374291708,0.34437868688,-0.0314466061517,0.0655776786821,100.0
26.464693,-0.804572923246,0.103160207985,0.42798063982,0.0260776733941,-0.37735927382,1.51403903764,2.86317514059,95.4983901978,-0.318301013486,0.0882038953034,-0.0525388419851,1.48412641228,0.343995191683,-0.0314466061517,0.0655776786821,100.0
26.474700,-0.803805932852,0.102009722394,0.42798063982,0.0256941781971,-0.376975778623,1.51212156166,2.862024655,95.4983901978,-0.318301013486,0.0862864193186,-0.0525388419851,1.48412641228,0.34437868688,-0.0322135965456,0.0659611738791,100.0
26.484697,-0.804572923246,0.101626227197,0.427597144623,0.0256941781971,-0.376975778623,1.51173806646,2.86279164539,95.4983901978,-0.317917518289,0.0874369049095,-0.053305832379,1.48450990748,0.344762182077,-0.0322135965456,0.0655776786821,100.0
26.494693,-0.802655447261,0.10009224641,0.427597144623,0.0245436926062,-0.37735927382,1.51135457126,2.86355863579,95.4983901978,-0.317917518289,0.0870534097125,-0.053305832379,1.48489340267,0.343995191683,-0.0318301013486,0.0648106882882,100.0
26.504693,-0.803422437655,0.0989417608186,0.42798063982,0.0253106830001,-0.37735927382,1.51173806646,2.86317514059,95.4983901978,-0.317917518289,0.0866699145155,-0.053305832379,1.48489340267,0.343995191683,-0.0318301013486,0.0655776786821,100.0
26.514703,-0.803422437655,0.0977912752277,0.427597144623,0.0245436926062,-0.37735927382,1.51173806646,2.86240815019,95.4983901978,-0.318301013486,0.0885873905004,-0.053305832379,1.48412641228,0.344762182077,-0.0318301013486,0.0659611738791,100.0
26.524696,-0.803038942458,0.0962572944398,0.42798063982,0.0233932070153,-0.37735927382,1.51173806646,2.86355863579,95.4983901978,-0.318301013486,0.0870534097125,-0.0525388419851,1.48450990748,0.34437868688,-0.0325970917426,0.0651941834851,100.0
26.534692,-0.801888456867,0.0954903040459,0.427213649426,0.0222427214243,-0.376975778623,1.51212156166,2.86317514059,95.4983901978,-0.317917518289,0.0874369049095,-0.053305832379,1.48489340267,0.343611696486,-0.0318301013486,0.0651941834851,100.0
26.544691,-0.803038942458,0.0947233136519,0.42798063982,0.0214757310304,-0.376592283426,1.51212156166,2.86317514059,95.4983901978,-0.318301013486,0.0870534097125,-0.053689327576,1.48527689787,0.343995191683,-0.0310631109547,0.0655776786821,100.0
26.554692,-0.803038942458,0.0928058376671,0.427213649426,0.0203252454395,-0.376592283426,1.51135457126,2.86317514059,95.4983901978,-0.318301013486,0.0866699145155,-0.0521553467881,1.48412641228,0.343228201289,-0.0318301013486,0.0651941834851,100.0
26.564695,-0.801888456867,0.0908883616822,0.427213649426,0.0199417502425,-0.37735927382,1.51212156166,2.86279164539,95.4983901978,-0.318301013486,0.0870534097125,-0.052922337182,1.48374291708,0.343995191683,-0.0318301013486,0.0648106882882,100.0
26.574693,-0.803038942458,0.0901213712883,0.42798063982,0.0191747598486,-0.37735927382,1.51097107607,2.86317514059,95.4983901978,-0.318684508683,0.0882038953034,-0.053305832379,1.48450990748,0.345145677274,-0.0322135965456,0.0655776786821,100.0
26.584699,-0.802655447261,0.0882038953034,0.427597144623,0.0187912646516,-0.37735927382,1.51135457126,2.86355863579,95.4983901978,-0.317917518289,0.0874369049095,-0.052922337182,1.48489340267,0.34437868688,-0.0322135965456,0.0648106882882,100.0
26.594695,-0.802655447261,0.0866699145155,0.427213649426,0.0176407790607,-0.376975778623,1.51097107607,2.86355863579,95.4983901978,-0.318684508683,0.0882038953034,-0.053305832379,1.48527689787,0.343611696486,-0.0325970917426,0.0655776786821,100.0
26.604693,-0.802271952064,0.0855194289246,0.427213649426,0.0168737886667,-0.37735927382,1.51173806646,2.86355863579,95.4983901978,-0.318301013486,0.0874369049095,-0.052922337182,1.48450990748,0.344762182077,-0.0322135965456,0.066344669076,100.0
26.614693,-0.802271952064,0.0839854481367,0.42798063982,0.0157233030758,-0.376975778623,1.51173806646,2.86317514059,95.4983901978,-0.318684508683,0.0866699145155,-0.0525388419851,1.48489340267,0.344762182077,-0.0310631109547,0.0655776786821,100.0
26.624693,-0.80150496167,0.0820679721519,0.426830154229,0.0153398078789,-0.376592283426,1.51212156166,2.86355863579,95.4983901978,-0.317917518289,0.0878204001064,-0.053305832379,1.48527689787,0.345145677274,-0.0322135965456,0.0655776786821,100.0
26.634692,-0.801888456867,0.0813009817579,0.426830154229,0.0149563126819,-0.376592283426,1.51288855205,2.86317514059,95.4983901978,-0.318684508683,0.0862864193186,-0.053305832379,1.48450990748,0.34437868688,-0.0318301013486,0.0655776786821,100.0
26.644691,-0.801888456867,0.07976700097,0.428364135017,0.0141893222879,-0.376975778623,1.51135457126,2.86317514059,95.4983901978,-0.31906800388,0.0878204001064,-0.053305832379,1.48412641228,0.343611696486,-0.0318301013486,0.0659611738791,100.0
26.654691,-0.801121466473,0.0778495249852,0.426830154229,0.013038836697,-0.376592283426,1.51173806646,2.86279164539,95.4983901978,-0.317917518289,0.0878204001064,-0.053689327576,1.48412641228,0.343995191683,-0.0314466061517,0.0648106882882,100.0
26.664691,-0.801121466473,0.0755485538034,0.427213649426,0.0126553415001,-0.376975778623,1.51212156166,2.86240815019,95.4983901978,-0.318301013486,0.0874369049095,-0.053689327576,1.48527689787,0.343995191683,-0.0314466061517,0.0655776786821,100.0
26.674698,-0.801121466473,0.0751650586064,0.427597144623,0.0118883511061,-0.376592283426,1.51135457126,2.86355863579,95.4983901978,-0.318684508683,0.0870534097125,-0.054072822773,1.48489340267,0.343611696486,-0.0314466061517,0.0659611738791,100.0
26.684696,-0.800737971276,0.0732475826215,0.426830154229,0.0111213607122,-0.376592283426,1.51135457126,2.86240815019,95.4983901978,-0.318301013486,0.0874369049095,-0.053305832379,1.48450990748,0.343995191683,-0.0310631109547,0.0659611738791,100.0
26.694693,-0.801121466473,0.0717136018336,0.427597144623,0.00997087512126,-0.376592283426,1.51173806646,2.86317514059,95.4983901978,-0.318301013486,0.0878204001064,-0.0525388419851,1.48450990748,0.34437868688,-0.0318301013486,0.0659611738791,100.0
26.704693,-0.801121466473,0.0697961258488,0.427597144623,0.00920388472731,-0.376592283426,1.51173806646,2.86279164539,95.4983901978,-0.317917518289,0.0882038953034,-0.053689327576,1.48450990748,0.343611696486,-0.0322135965456,0.0655776786821,100.0
26.714692,-0.800737971276,0.0686456402579,0.427597144623,0.00920388472731,-0.377742769017,1.51212156166,2.86355863579,95.4983901978,-0.318684508683,0.0878204001064,-0.052922337182,1.48566039307,0.344762182077,-0.0322135965456,0.0651941834851,100.0
26.724692,-0.800354476079,0.06711165947,0.427597144623,0.00882038953034,-0.376592283426,1.51135457126,2.86279164539,95.4983901978,-0.318684508683,0.0874369049095,-0.0525388419851,1.48566039307,0.34437868688,-0.0314466061517,0.0651941834851,100.0
26.734693,-0.799970980882,0.0651941834851,0.42798063982,0.00843689433337,-0.376975778623,1.51135457126,2.86317514059,95.4983901978,-0.318301013486,0.0882038953034,-0.0521553467881,1.48450990748,0.34437868688,-0.0318301013486,0.066344669076,100.0
26.744691,-0.800737971276,0.0636602026972,0.42798063982,0.00690291354548,-0.376975778623,1.51173806646,2.86317514059,95.4983901978,-0.318301013486,0.0870534097125,-0.0525388419851,1.48450990748,0.343995191683,-0.0310631109547,0.0659611738791,100.0
26.754692,-0.800737971276,0.0625097171063,0.427597144623,0.00690291354548,-0.376592283426,1.51250505686,2.86317514059,95.4983901978,-0.318301013486,0.0874369049095,-0.053305832379,1.48450990748,0.344762182077,-0.0318301013486,0.0648106882882,100.0
26.764692,-0.799970980882,0.0605922411215,0.428364135017,0.0053689327576,-0.376975778623,1.51250505686,2.86355863579,95.4983901978,-0.318684508683,0.0878204001064,-0.052922337182,1.48412641228,0.34437868688,-0.0322135965456,0.066728164273,100.0
26.774693,-0.800737971276,0.0594417555306,0.427213649426,0.00613592315154,-0.376592283426,1.51288855205,2.86279164539,95.4983901978,-0.317917518289,0.0874369049095,-0.053305832379,1.48450990748,0.343995191683,-0.0318301013486,0.066728164273,100.0
26.784695,-0.800354476079,0.0586747651366,0.426830154229,0.0053689327576,-0.376592283426,1.51250505686,2.86355863579,95.4983901978,-0.318684508683,0.0878204001064,-0.052922337182,1.48489340267,0.34437868688,-0.0318301013486,0.0655776786821,100.0
26.794692,-0.801121466473,0.0563737939548,0.427597144623,0.00460194236366,-0.376975778623,1.51250505686,2.86317514059,95.4983901978,-0.318684508683,0.0874369049095,-0.0525388419851,1.48374291708,0.343995191683,-0.0322135965456,0.0655776786821,100.0
26.804691,-0.800354476079,0.0548398131669,0.42798063982,0.00383495196971,-0.376208788229,1.51173806646,2.86317514059,95.4983901978,-0.318301013486,0.0870534097125,-0.053689327576,1.48412641228,0.34437868688,-0.0325970917426,0.0655776786821,100.0
26.814700,-0.799970980882,0.0548398131669,0.428747630214,0.00383495196971,-0.376592283426,1.51173806646,2.86279164539,95.4983901978,-0.318684508683,0.0870534097125,-0.0525388419851,1.48489340267,0.34437868688,-0.0310631109547,0.0659611738791,100.0
26.824716,-0.799970980882,0.0521553467881,0.428364135017,0.00383495196971,-0.376975778623,1.51250505686,2.86317514059,95.4983901978,-0.318684508683,0.0878204001064,-0.052922337182,1.48412641228,0.34437868688,-0.0322135965456,0.0655776786821,100.0
26.834697,-0.800354476079,0.0521553467881,0.427597144623,0.00345145677274,-0.376975778623,1.51212156166,2.86394213098,95.4983901978,-0.318301013486,0.0870534097125,-0.052922337182,1.48374291708,0.343995191683,-0.0322135965456,0.0655776786821,100.0
26.844691,-0.799587485685,0.0513883563942,0.428364135017,0.00191747598486,-0.376592283426,1.51173806646,2.86317514059,95.4983901978,-0.318301013486,0.0870534097125,-0.052922337182,1.48412641228,0.345145677274,-0.0322135965456,0.0655776786821,100.0
26.854691,-0.799970980882,0.0498543756063,0.42798063982,0.00115048559091,-0.376592283426,1.51212156166,2.86279164539,95.4983901978,-0.317917518289,0.0878204001064,-0.053305832379,1.48412641228,0.34437868688,-0.0314466061517,0.066344669076,100.0
26.864691,-0.799970980882,0.0487038900154,0.428364135017,0.000383495196971,-0.376592283426,1.51288855205,2.86279164539,95.4983901978,-0.318684508683,0.0874369049095,-0.053305832379,1.48412641228,0.343995191683,-0.0318301013486,0.0651941834851,100.0
26.874694,-0.798820495291,0.0479368996214,0.428364135017,0.00115048559091,-0.376592283426,1.51212156166,2.86279164539,95.4983901978,-0.318684508683,0.0874369049095,-0.0525388419851,1.48412641228,0.343995191683,-0.0318301013486,0.066344669076,100.0
26.884695,-0.798437000094,0.0479368996214,0.428364135017,0.0,-0.37735927382,1.51097107607,2.86317514059,95.4983901978,-0.318684508683,0.0874369049095,-0.0525388419851,1.48412641228,0.345145677274,-0.0322135965456,0.0655776786821,100.0
26.894714,-0.798820495291,0.0471699092275,0.428364135017,-0.000383495196971,-0.376975778623,1.51173806646,2.86317514059,95.4983901978,-0.318684508683,0.0878204001064,-0.053305832379,1.48374291708,0.344762182077,-0.0322135965456,0.0655776786821,100.0
26.904720,-0.798437000094,0.0467864140305,0.427597144623,-0.00115048559091,-0.376592283426,1.51097107607,2.86355863579,95.4983901978,-0.318301013486,0.0866699145155,-0.0525388419851,1.48450990748,0.34437868688,-0.0314466061517,0.0655776786821,100.0
26.914707,-0.798437000094,0.0456359284396,0.42798063982,-0.00191747598486,-0.376592283426,1.51173806646,2.86240815019,95.4983901978,-0.31906800388,0.0874369049095,-0.053305832379,1.48450990748,0.344762182077,-0.0322135965456,0.0659611738791,100.0
26.924705,-0.798437000094,0.0452524332426,0.428364135017,-0.00230097118183,-0.376208788229,1.51212156166,2.86317514059,95.4983901978,-0.319451499077,0.0866699145155,-0.052922337182,1.48412641228,0.34437868688,-0.0318301013486,0.0659611738791,100.0
26.934705,-0.797286514503,0.0452524332426,0.428364135017,-0.00191747598486,-0.375825293032,1.51212156166,2.86279164539,95.4983901978,-0.318301013486,0.0882038953034,-0.052922337182,1.48489340267,0.343995191683,-0.0314466061517,0.0651941834851,100.0
26.944706,-0.7976700097,0.0452524332426,0.428364135017,-0.00153398078789,-0.375825293032,1.51250505686,2.86279164539,95.4983901978,-0.318684508683,0.0866699145155,-0.052922337182,1.48527689787,0.34437868688,-0.0325970917426,0.0651941834851,100.0
26.954702,-0.798053504897,0.0448689380456,0.428747630214,-0.00191747598486,-0.37735927382,1.51135457126,2.86279164539,95.4983901978,-0.317534023092,0.0870534097125,-0.053689327576,1.48450990748,0.344762182077,-0.0314466061517,0.066344669076,100.0
26.964702,-0.798053504897,0.0452524332426,0.428364135017,-0.00191747598486,-0.376208788229,1.51173806646,2.86279164539,95.4983901978,-0.317917518289,0.0874369049095,-0.052922337182,1.48412641228,0.343995191683,-0.0306796157577,0.0655776786821,100.0
26.974704,-0.7976700097,0.0456359284396,0.427597144623,-0.0026844663788,-0.376592283426,1.51250505686,2.86355863579,95.4983901978,-0.317917518289,0.0882038953034,-0.053305832379,1.48335942189,0.343995191683,-0.0310631109547,0.0659611738791,100.0
26.984707,-0.798053504897,0.0448689380456,0.428364135017,-0.0026844663788,-0.376592283426,1.51135457126,2.86240815019,95.4983901978,-0.318301013486,0.0882038953034,-0.053305832379,1.48489340267,0.343611696486,-0.0314466061517,0.0659611738791,100.0
26.994704,-0.798053504897,0.0452524332426,0.428747630214,-0.00306796157577,-0.376592283426,1.51288855205,2.86394213098,95.4983901978,-0.318301013486,0.0866699145155,-0.053305832379,1.48450990748,0.343611696486,-0.0318301013486,0.0651941834851,100.0
27.004701,-0.797286514503,0.0456359284396,0.42798063982,-0.0026844663788,-0.376592283426,1.51250505686,2.86317514059,95.4983901978,-0.318684508683,0.0866699145155,-0.053305832379,1.48527689787,0.344762182077,-0.0314466061517,0.0648106882882,100.0
27.014715,-0.796903019306,0.0460194236366,0.428364135017,-0.00230097118183,-0.376208788229,1.51212156166,2.86317514059,95.4983901978,-0.31906800388,0.0878204001064,-0.053305832379,1.48527689787,0.345145677274,-0.0318301013486,0.0659611738791,100.0
27.024726,-0.796903019306,0.0460194236366,0.428364135017,-0.00153398078789,-0.376975778623,1.51212156166,2.86317514059,95.4983901978,-0.317917518289,0.0862864193186,-0.053305832379,1.48450990748,0.344762182077,-0.0322135965456,0.0655776786821,100.0
27.034731,-0.79651952411,0.0456359284396,0.428364135017,-0.00153398078789,-0.376592283426,1.51173806646,2.86394213098,95.4983901978,-0.318301013486,0.0874369049095,-0.052922337182,1.48527689787,0.344762182077,-0.0322135965456,0.0651941834851,100.0
27.044749,-0.797286514503,0.0467864140305,0.428364135017,-0.00191747598486,-0.376592283426,1.51250505686,2.86355863579,95.4983901978,-0.318301013486,0.0866699145155,-0.0521553467881,1.48450990748,0.343995191683,-0.0318301013486,0.0651941834851,100.0
27.054735,-0.79651952411,0.0460194236366,0.428364135017,-0.00115048559091,-0.376208788229,1.51288855205,2.86279164539,95.4983901978,-0.318684508683,0.0878204001064,-0.052922337182,1.48450990748,0.343995191683,-0.0318301013486,0.0659611738791,100.0
27.064715,-0.796136028913,0.0467864140305,0.42798063982,-0.00153398078789,-0.376592283426,1.51288855205,2.86355863579,95.4983901978,-0.319451499077,0.0866699145155,-0.052922337182,1.48489340267,0.34437868688,-0.0322135965456,0.0655776786821,100.0
27.074703,-0.795752533716,0.0479368996214,0.428364135017,-0.00115048559091,-0.375825293032,1.51288855205,2.86317514059,95.4983901978,-0.317917518289,0.0870534097125,-0.0517718515911,1.48527689787,0.343995191683,-0.0322135965456,0.0644271930912,100.0
27.084717,-0.795369038519,0.0471699092275,0.42798063982,-0.00191747598486,-0.376208788229,1.51250505686,2.86355863579,95.4983901978,-0.318301013486,0.0878204001064,-0.053305832379,1.48450990748,0.344762182077,-0.0310631109547,0.066344669076,100.0
27.094721,-0.796136028913,0.0483203948184,0.42798063982,-0.000766990393943,-0.376208788229,1.51288855205,2.86279164539,95.4983901978,-0.318301013486,0.0870534097125,-0.053689327576,1.48450990748,0.345145677274,-0.0322135965456,0.0651941834851,100.0
27.104709,-0.794985543322,0.0487038900154,0.427597144623,-0.00115048559091,-0.376592283426,1.51288855205,2.86279164539,95.4983901978,-0.317917518289,0.0874369049095,-0.052922337182,1.48412641228,0.344762182077,-0.0325970917426,0.066344669076,100.0
27.114710,-0.794985543322,0.0494708804093,0.428747630214,-0.00115048559091,-0.375825293032,1.51212156166,2.86240815019,95.4983901978,-0.31906800388,0.0874369049095,-0.052922337182,1.48450990748,0.34437868688,-0.0325970917426,0.0659611738791,100.0
27.124725,-0.794985543322,0.0498543756063,0.428364135017,-0.00153398078789,-0.375825293032,1.51212156166,2.86317514059,95.4983901978,-0.318684508683,0.0882038953034,-0.0525388419851,1.48412641228,0.34437868688,-0.0318301013486,0.066344669076,100.0
27.134711,-0.794602048125,0.0510048611972,0.428747630214,-0.00115048559091,-0.376208788229,1.51212156166,2.86394213098,95.4983901978,-0.318684508683,0.0874369049095,-0.0521553467881,1.48489340267,0.343995191683,-0.0318301013486,0.0659611738791,100.0
27.144706,-0.795369038519,0.0513883563942,0.429131125411,-0.000766990393943,-0.376975778623,1.51250505686,2.86317514059,95.4983901978,-0.318301013486,0.0874369049095,-0.054072822773,1.48450990748,0.344762182077,-0.0325970917426,0.0651941834851,100.0
27.154702,-0.794602048125,0.0510048611972,0.42798063982,-0.00115048559091,-0.376208788229,1.51250505686,2.86355863579,95.4983901978,-0.318301013486,0.0870534097125,-0.052922337182,1.48450990748,0.34437868688,-0.0314466061517,0.0651941834851,100.0
27.164706,-0.794218552928,0.0525388419851,0.428364135017,-0.000766990393943,-0.375441797835,1.51288855205,2.86355863579,95.4983901978,-0.31906800388,0.0870534097125,-0.052922337182,1.48450990748,0.344762182077,-0.0310631109547,0.0651941834851,100.0
27.174724,-0.793451562534,0.0521553467881,0.428364135017,-0.000383495196971,-0.376208788229,1.51288855205,2.86317514059,95.4983901978,-0.318684508683,0.0878204001064,-0.052922337182,1.48450990748,0.344762182077,-0.0314466061517,0.0659611738791,100.0
27.184733,-0.793068067337,0.052922337182,0.42798063982,0.0,-0.376208788229,1.51212156166,2.86317514059,95.4983901978,-0.317917518289,0.0870534097125,-0.052922337182,1.48527689787,0.34437868688,-0.0318301013486,0.0659611738791,100.0
27.194729,-0.793068067337,0.053305832379,0.428364135017,-0.000766990393943,-0.375825293032,1.51288855205,2.86317514059,95.4983901978,-0.318684508683,0.0882038953034,-0.053305832379,1.48450990748,0.344762182077,-0.0314466061517,0.0659611738791,100.0
27.204726,-0.793835057731,0.054072822773,0.42798063982,-0.000383495196971,-0.375825293032,1.51250505686,2.86317514059,95.4983901978,-0.317917518289,0.0870534097125,-0.0525388419851,1.48489340267,0.34437868688,-0.0314466061517,0.0655776786821,100.0
27.214730,-0.793068067337,0.0548398131669,0.428747630214,0.0,-0.376208788229,1.51288855205,2.86279164539,95.4983901978,-0.318301013486,0.0874369049095,-0.0525388419851,1.48412641228,0.34437868688,-0.0322135965456,0.0659611738791,100.0
27.224739,-0.793068067337,0.0552233083639,0.428747630214,0.0,-0.375825293032,1.51288855205,2.86279164539,95.4983901978,-0.318301013486,0.0878204001064,-0.053689327576,1.48489340267,0.34437868688,-0.0314466061517,0.0659611738791,100.0
27.234734,-0.791917581746,0.0559902987578,0.42798063982,0.0,-0.375441797835,1.51212156166,2.86317514059,95.4983901978,-0.317534023092,0.0866699145155,-0.053689327576,1.48450990748,0.343995191683,-0.0314466061517,0.0659611738791,100.0
27.244735,-0.791917581746,0.0552233083639,0.428747630214,-0.000383495196971,-0.375441797835,1.51212156166,2.86279164539,95.4983901978,-0.318301013486,0.0874369049095,-0.052922337182,1.48527689787,0.34437868688,-0.0314466061517,0.066344669076,100.0
27.254728,-0.791917581746,0.0563737939548,0.428747630214,0.0,-0.376208788229,1.51288855205,2.86355863579,95.4983901978,-0.318301013486,0.0874369049095,-0.0525388419851,1.48450990748,0.34437868688,-0.0318301013486,0.0655776786821,100.0
27.264727,-0.792301076943,0.0571407843487,0.428364135017,0.0,-0.375825293032,1.51288855205,2.86240815019,95.4983901978,-0.318301013486,0.0870534097125,-0.053305832379,1.48527689787,0.34437868688,-0.0318301013486,0.0655776786821,100.0
27.274734,-0.791917581746,0.0579077747427,0.42798063982,0.0,-0.376208788229,1.51250505686,2.86240815019,95.4983901978,-0.317534023092,0.0874369049095,-0.053305832379,1.48489340267,0.34437868688,-0.0329805869395,0.0651941834851,100.0
27.284714,-0.791150591352,0.0579077747427,0.427597144623,0.000766990393943,-0.376208788229,1.51212156166,2.86317514059,95.4983901978,-0.31906800388,0.0874369049095,-0.052922337182,1.48566039307,0.34437868688,-0.0318301013486,0.0659611738791,100.0
27.294707,-0.791150591352,0.0582912699396,0.428364135017,0.00153398078789,-0.376208788229,1.51250505686,2.86317514059,95.4983901978,-0.318301013486,0.0882038953034,-0.053305832379,1.48412641228,0.344762182077,-0.0318301013486,0.0651941834851,100.0
27.304705,-0.790383600958,0.0579077747427,0.428747630214,0.00115048559091,-0.375825293032,1.51173806646,2.86317514059,95.4983901978,-0.318301013486,0.0870534097125,-0.0525388419851,1.48450990748,0.34437868688,-0.0318301013486,0.0651941834851,100.0
27.314702,-0.791150591352,0.0590582603336,0.428747630214,0.00153398078789,-0.375825293032,1.51212156166,2.86317514059,95.4983901978,-0.318301013486,0.0878204001064,-0.053689327576,1.48489340267,0.343995191683,-0.0314466061517,0.0655776786821,100.0
27.324707,-0.791150591352,0.0590582603336,0.428747630214,0.00153398078789,-0.375441797835,1.51250505686,2.86279164539,95.4983901978,-0.318684508683,0.0878204001064,-0.0525388419851,1.48374291708,0.34437868688,-0.0318301013486,0.0655776786821,100.0
27.334702,-0.791150591352,0.0594417555306,0.427597144623,0.00153398078789,-0.376208788229,1.51250505686,2.86317514059,95.4983901978,-0.31906800388,0.0878204001064,-0.0517718515911,1.48450990748,0.34437868688,-0.0318301013486,0.0655776786821,100.0
27.344705,-0.789616610564,0.0598252507275,0.428747630214,0.0026844663788,-0.375825293032,1.51288855205,2.86317514059,95.4983901978,-0.317150527895,0.0874369049095,-0.0521553467881,1.48527689787,0.343995191683,-0.0318301013486,0.0648106882882,100.0
27.354705,-0.790000105761,0.0598252507275,0.427213649426,0.0026844663788,-0.375441797835,1.51288855205,2.86279164539,95.4983901978,-0.317917518289,0.0874369049095,-0.053305832379,1.48450990748,0.343995191683,-0.0318301013486,0.0655776786821,100.0
27.364707,-0.789233115367,0.0598252507275,0.42798063982,0.00306796157577,-0.375825293032,1.51250505686,2.86279164539,95.4983901978,-0.318684508683,0.0866699145155,-0.053305832379,1.48527689787,0.344762182077,-0.0310631109547,0.0655776786821,100.0
27.374706,-0.789233115367,0.0598252507275,0.428747630214,0.0026844663788,-0.375441797835,1.51250505686,2.86279164539,95.4983901978,-0.317917518289,0.0878204001064,-0.0525388419851,1.48566039307,0.34437868688,-0.0322135965456,0.0651941834851,100.0
27.384704,-0.789233115367,0.0609757363184,0.42798063982,0.0026844663788,-0.375825293032,1.51250505686,2.862024655,95.4983901978,-0.318301013486,0.0870534097125,-0.052922337182,1.48489340267,0.34437868688,-0.0322135965456,0.0648106882882,100.0
27.394707,-0.78884962017,0.0609757363184,0.42798063982,0.00306796157577,-0.375825293032,1.51250505686,2.86317514059,95.4983901978,-0.318684508683,0.0885873905004,-0.0525388419851,1.48450990748,0.34437868688,-0.0318301013486,0.0655776786821,100.0
27.404707,-0.789616610564,0.0609757363184,0.428364135017,0.00345145677274,-0.374674807441,1.51288855205,2.86317514059,95.4983901978,-0.318301013486,0.0882038953034,-0.0521553467881,1.48450990748,0.34437868688,-0.0310631109547,0.0655776786821,100.0
27.414708,-0.78884962017,0.0613592315154,0.427597144623,0.00345145677274,-0.376208788229,1.51212156166,2.86279164539,95.4983901978,-0.317917518289,0.0878204001064,-0.0521553467881,1.48527689787,0.34437868688,-0.0314466061517,0.0651941834851,100.0
27.424708,-0.78884962017,0.0613592315154,0.427597144623,0.00383495196971,-0.375825293032,1.51135457126,2.86394213098,95.4983901978,-0.318684508683,0.0870534097125,-0.052922337182,1.48450990748,0.34437868688,-0.0310631109547,0.0651941834851,100.0
27.434709,-0.788466124973,0.0609757363184,0.427597144623,0.00460194236366,-0.376208788229,1.51212156166,2.86317514059,95.4983901978,-0.318301013486,0.0870534097125,-0.052922337182,1.48527689787,0.344762182077,-0.0318301013486,0.0655776786821,100.0
27.444710,-0.788082629776,0.0613592315154,0.42798063982,0.00383495196971,-0.375825293032,1.51327204725,2.86279164539,95.4983901978,-0.318684508683,0.0874369049095,-0.054072822773,1.48527689787,0.343995191683,-0.0310631109547,0.0655776786821,100.0
27.454704,-0.788466124973,0.0613592315154,0.428747630214,0.00383495196971,-0.375441797835,1.51288855205,2.86279164539,95.4983901978,-0.318301013486,0.0874369049095,-0.053689327576,1.48489340267,0.344762182077,-0.0318301013486,0.0655776786821,100.0
27.464704,-0.78884962017,0.0617427267124,0.428747630214,0.00421844716668,-0.375825293032,1.51212156166,2.86279164539,95.4983901978,-0.318301013486,0.0870534097125,-0.0525388419851,1.48489340267,0.34437868688,-0.0318301013486,0.0655776786821,100.0
27.474706,-0.789233115367,0.0617427267124,0.428364135017,0.00421844716668,-0.376208788229,1.51250505686,2.862024655,95.4983901978,-0.31906800388,0.0878204001064,-0.0525388419851,1.48412641228,0.34437868688,-0.0322135965456,0.0651941834851,100.0
27.484711,-0.78884962017,0.0613592315154,0.428364135017,0.0053689327576,-0.375825293032,1.51250505686,2.86279164539,95.4983901978,-0.318301013486,0.0870534097125,-0.052922337182,1.48527689787,0.343995191683,-0.0318301013486,0.0648106882882,100.0
27.494707,-0.787699134579,0.0613592315154,0.428747630214,0.0053689327576,-0.375825293032,1.51288855205,2.86317514059,95.4983901978,-0.318301013486,0.0882038953034,-0.054072822773,1.48450990748,0.344762182077,-0.0322135965456,0.0648106882882,100.0
27.504708,-0.787699134579,0.0609757363184,0.428364135017,0.00613592315154,-0.375441797835,1.51212156166,2.86279164539,95.4983901978,-0.317917518289,0.0882038953034,-0.052922337182,1.48527689787,0.343995191683,-0.0318301013486,0.0655776786821,100.0
27.514704,-0.788082629776,0.0613592315154,0.427597144623,0.00498543756063,-0.375441797835,1.51212156166,2.86317514059,95.4983901978,-0.318301013486,0.0874369049095,-0.053305832379,1.48489340267,0.34437868688,-0.0322135965456,0.0655776786821,100.0
27.524704,-0.787699134579,0.0613592315154,0.42798063982,0.00498543756063,-0.375058302638,1.51250505686,2.86317514059,95.4983901978,-0.318684508683,0.0878204001064,-0.052922337182,1.48489340267,0.34437868688,-0.0314466061517,0.0659611738791,100.0
27.534707,-0.788082629776,0.0613592315154,0.427213649426,0.0053689327576,-0.375441797835,1.51250505686,2.86279164539,95.4983901978,-0.318301013486,0.0878204001064,-0.052922337182,1.48489340267,0.344762182077,-0.0314466061517,0.0655776786821,100.0
27.544707,-0.787699134579,0.0609757363184,0.427597144623,0.0053689327576,-0.375825293032,1.51250505686,2.86279164539,95.4983901978,-0.318684508683,0.0878204001064,-0.0525388419851,1.48450990748,0.34437868688,-0.0314466061517,0.0655776786821,100.0
27.554707,-0.787699134579,0.0617427267124,0.428747630214,0.00613592315154,-0.375825293032,1.51250505686,2.86317514059,95.4983901978,-0.318301013486,0.0866699145155,-0.0525388419851,1.48566039307,0.343995191683,-0.0310631109547,0.0659611738791,100.0
27.564706,-0.788082629776,0.0609757363184,0.428747630214,0.00651941834851,-0.375825293032,1.51173806646,2.86240815019,95.4983901978,-0.317917518289,0.0882038953034,-0.0521553467881,1.48489340267,0.34437868688,-0.0310631109547,0.0651941834851,100.0
27.574707,-0.787699134579,0.0602087459245,0.428364135017,0.00651941834851,-0.375825293032,1.51250505686,2.86317514059,95.4983901978,-0.31906800388,0.0878204001064,-0.052922337182,1.48527689787,0.34437868688,-0.0322135965456,0.0655776786821,100.0
27.584712,-0.788082629776,0.0609757363184,0.428364135017,0.00690291354548,-0.375058302638,1.51212156166,2.86317514059,95.4983901978,-0.318301013486,0.0878204001064,-0.052922337182,1.48489340267,0.34437868688,-0.0318301013486,0.0655776786821,100.0
27.594707,-0.787315639382,0.0613592315154,0.42798063982,0.0053689327576,-0.375825293032,1.51288855205,2.86279164539,95.4983901978,-0.318684508683,0.0866699145155,-0.053689327576,1.48604388826,0.344762182077,-0.0322135965456,0.066344669076,100.0
27.604707,-0.787315639382,0.0617427267124,0.428364135017,0.00651941834851,-0.375441797835,1.51250505686,2.86317514059,95.4983901978,-0.318301013486,0.0874369049095,-0.0525388419851,1.48604388826,0.343995191683,-0.0314466061517,0.0659611738791,100.0
27.614725,-0.787699134579,0.0605922411215,0.428364135017,0.00728640874246,-0.375441797835,1.51250505686,2.86317514059,95.4983901978,-0.317917518289,0.0878204001064,-0.0525388419851,1.48566039307,0.344762182077,-0.0314466061517,0.0655776786821,100.0
27.624715,-0.786932144185,0.0605922411215,0.428364135017,0.0080533991364,-0.375058302638,1.51250505686,2.86355863579,95.4983901978,-0.319451499077,0.0870534097125,-0.053305832379,1.48450990748,0.343995191683,-0.0314466061517,0.0651941834851,100.0
27.634714,-0.78884962017,0.0613592315154,0.427213649426,0.00766990393943,-0.375058302638,1.51250505686,2.86317514059,95.4983901978,-0.317534023092,0.0874369049095,-0.0525388419851,1.48566039307,0.34437868688,-0.0314466061517,0.0659611738791,100.0
27.644720,-0.788082629776,0.0613592315154,0.428747630214,0.00766990393943,-0.374674807441,1.51212156166,2.86355863579,95.4983901978,-0.317917518289,0.0882038953034,-0.0525388419851,1.48527689787,0.343995191683,-0.0314466061517,0.0651941834851,100.0
27.654722,-0.788466124973,0.0609757363184,0.427597144623,0.00651941834851,-0.374674807441,1.51250505686,2.86240815019,95.4983901978,-0.31906800388,0.0870534097125,-0.053305832379,1.48489340267,0.343995191683,-0.0325970917426,0.0659611738791,100.0
27.664716,-0.788082629776,0.0605922411215,0.42798063982,0.00690291354548,-0.374291312244,1.51288855205,2.86355863579,95.4983901978,-0.318301013486,0.0874369049095,-0.053305832379,1.48566039307,0.34437868688,-0.0325970917426,0.0651941834851,100.0
27.674718,-0.786932144185,0.0609757363184,0.427597144623,0.00690291354548,-0.374674807441,1.51327204725,2.86279164539,95.4983901978,-0.317917518289,0.0882038953034,-0.052922337182,1.48604388826,0.34437868688,-0.0329805869395,0.0655776786821,100.0
27.684710,-0.788082629776,0.0613592315154,0.428747630214,0.00728640874246,-0.375058302638,1.51250505686,2.86279164539,95.4983901978,-0.318301013486,0.0874369049095,-0.052922337182,1.48566039307,0.34437868688,-0.0318301013486,0.0648106882882,100.0
27.694710,-0.788082629776,0.0605922411215,0.429131125411,0.00690291354548,-0.375441797835,1.51250505686,2.86279164539,95.4983901978,-0.318301013486,0.0870534097125,-0.052922337182,1.48604388826,0.34437868688,-0.0314466061517,0.0655776786821,100.0
27.704715,-0.787699134579,0.0613592315154,0.428747630214,0.00728640874246,-0.375058302638,1.51250505686,2.86317514059,95.4983901978,-0.318301013486,0.0874369049095,-0.052922337182,1.48527689787,0.343611696486,-0.0314466061517,0.0655776786821,100.0
27.714711,-0.786932144185,0.0617427267124,0.428364135017,0.00690291354548,-0.375441797835,1.51212156166,2.86355863579,95.4983901978,-0.318301013486,0.0874369049095,-0.0525388419851,1.48489340267,0.34437868688,-0.0310631109547,0.0659611738791,100.0
27.724709,-0.788082629776,0.0609757363184,0.42798063982,0.00651941834851,-0.374674807441,1.51212156166,2.86317514059,95.4983901978,-0.318684508683,0.0882038953034,-0.053305832379,1.48527689787,0.34437868688,-0.0314466061517,0.0655776786821,100.0
27.734711,-0.787315639382,0.0609757363184,0.42798063982,0.00728640874246,-0.374291312244,1.51250505686,2.86240815019,95.4983901978,-0.31906800388,0.0870534097125,-0.052922337182,1.48489340267,0.345145677274,-0.0318301013486,0.0659611738791,100.0
27.744709,-0.787315639382,0.0613592315154,0.42798063982,0.00766990393943,-0.374291312244,1.51212156166,2.86317514059,95.4983901978,-0.318684508683,0.0878204001064,-0.0525388419851,1.48527689787,0.344762182077,-0.0322135965456,0.0655776786821,100.0
27.754708,-0.788082629776,0.0609757363184,0.427597144623,0.00728640874246,-0.374674807441,1.51250505686,2.86240815019,95.4983901978,-0.317917518289,0.0874369049095,-0.052922337182,1.48604388826,0.343995191683,-0.0318301013486,0.0655776786821,100.0
27.764712,-0.788082629776,0.0613592315154,0.428364135017,0.00690291354548,-0.374291312244,1.51288855205,2.86240815019,95.4983901978,-0.31906800388,0.0878204001064,-0.052922337182,1.48527689787,0.344762182077,-0.0314466061517,0.0659611738791,100.0
27.774713,-0.788466124973,0.0617427267124,0.428747630214,0.00651941834851,-0.374674807441,1.51250505686,2.86317514059,95.4983901978,-0.318684508683,0.0874369049095,-0.053689327576,1.48489340267,0.343995191683,-0.0310631109547,0.0659611738791,100.0
27.784711,-0.788082629776,0.0609757363184,0.428364135017,0.00766990393943,-0.375058302638,1.51212156166,2.86317514059,95.4983901978,-0.318301013486,0.0878204001064,-0.053305832379,1.48489340267,0.34437868688,-0.0318301013486,0.0648106882882,100.0
27.794711,-0.787699134579,0.0609757363184,0.428364135017,0.00728640874246,-0.375441797835,1.51250505686,2.86279164539,95.4983901978,-0.318684508683,0.0878204001064,-0.0521553467881,1.48450990748,0.34437868688,-0.0322135965456,0.0655776786821,100.0
27.804712,-0.788082629776,0.0605922411215,0.428747630214,0.00766990393943,-0.374674807441,1.51212156166,2.86279164539,95.4983901978,-0.318684508683,0.0870534097125,-0.052922337182,1.48450990748,0.34437868688,-0.0314466061517,0.0659611738791,100.0
27.814712,-0.787699134579,0.0609757363184,0.428364135017,0.00766990393943,-0.375441797835,1.51212156166,2.86279164539,95.4983901978,-0.318301013486,0.0874369049095,-0.052922337182,1.48604388826,0.34437868688,-0.0314466061517,0.0659611738791,100.0
27.824712,-0.788466124973,0.0613592315154,0.428364135017,0.00728640874246,-0.374674807441,1.51135457126,2.86355863579,95.4983901978,-0.318684508683,0.0870534097125,-0.053305832379,1.48489340267,0.34437868688,-0.0318301013486,0.0659611738791,100.0
27.834712,-0.787699134579,0.0609757363184,0.427597144623,0.00728640874246,-0.375441797835,1.51212156166,2.86317514059,95.4983901978,-0.318684508683,0.0878204001064,-0.0521553467881,1.48489340267,0.343995191683,-0.0322135965456,0.0644271930912,100.0
27.844712,-0.787699134579,0.0609757363184,0.42798063982,0.0080533991364,-0.375058302638,1.51212156166,2.86317514059,95.4983901978,-0.318684508683,0.0866699145155,-0.052922337182,1.48527689787,0.344762182077,-0.0314466061517,0.0659611738791,100.0
27.854712,-0.787699134579,0.0609757363184,0.428747630214,0.00766990393943,-0.375058302638,1.51135457126,2.86279164539,95.4983901978,-0.318684508683,0.0878204001064,-0.053305832379,1.48566039307,0.34437868688,-0.0322135965456,0.0655776786821,100.0
27.864710,-0.787315639382,0.0613592315154,0.428364135017,0.0080533991364,-0.374291312244,1.51250505686,2.86240815019,95.4983901978,-0.318684508683,0.0870534097125,-0.052922337182,1.48412641228,0.344762182077,-0.0314466061517,0.0651941834851,100.0
27.874697,-0.786932144185,0.0609757363184,0.428747630214,0.00728640874246,-0.374674807441,1.51250505686,2.86279164539,95.4983901978,-0.318301013486,0.0870534097125,-0.052922337182,1.48489340267,0.344762182077,-0.0322135965456,0.0651941834851,100.0
27.884695,-0.787699134579,0.0617427267124,0.428364135017,0.00728640874246,-0.375441797835,1.51250505686,2.86279164539,95.4983901978,-0.318301013486,0.0874369049095,-0.053305832379,1.48412641228,0.343995191683,-0.0322135965456,0.0651941834851,100.0
27.894707,-0.787699134579,0.0613592315154,0.428364135017,0.00882038953034,-0.375441797835,1.51212156166,2.86317514059,95.4983901978,-0.317917518289,0.0870534097125,-0.0517718515911,1.48412641228,0.344762182077,-0.0314466061517,0.0655776786821,100.0
27.904717,-0.787699134579,0.0609757363184,0.42798063982,0.00843689433337,-0.374674807441,1.51173806646,2.86279164539,95.4983901978,-0.31906800388,0.0882038953034,-0.053305832379,1.48450990748,0.344762182077,-0.0310631109547,0.0659611738791,100.0
27.914713,-0.788466124973,0.0617427267124,0.427597144623,0.00843689433337,-0.374291312244,1.51173806646,2.86394213098,95.4983901978,-0.318684508683,0.0874369049095,-0.0525388419851,1.48489340267,0.34437868688,-0.0318301013486,0.0659611738791,100.0
27.924710,-0.788082629776,0.0617427267124,0.428747630214,0.00882038953034,-0.374674807441,1.51212156166,2.86317514059,95.4983901978,-0.317917518289,0.0870534097125,-0.052922337182,1.48527689787,0.344762182077,-0.0314466061517,0.0644271930912,100.0
27.934716,-0.787315639382,0.0609757363184,0.427213649426,0.00766990393943,-0.374291312244,1.51288855205,2.86355863579,95.4983901978,-0.318684508683,0.0874369049095,-0.053305832379,1.48489340267,0.344762182077,-0.0325970917426,0.0655776786821,100.0
27.944716,-0.787315639382,0.0613592315154,0.427597144623,0.0080533991364,-0.375058302638,1.51250505686,2.86240815019,95.4983901978,-0.318684508683,0.0878204001064,-0.0525388419851,1.48566039307,0.34437868688,-0.0310631109547,0.0655776786821,100.0
27.954716,-0.787315639382,0.0621262219094,0.427597144623,0.00766990393943,-0.374674807441,1.51173806646,2.86355863579,95.4983901978,-0.317917518289,0.0874369049095,-0.053305832379,1.48527689787,0.345145677274,-0.0318301013486,0.0655776786821,100.0
27.964713,-0.787699134579,0.0613592315154,0.42798063982,0.00882038953034,-0.374291312244,1.51212156166,2.86355863579,95.4983901978,-0.318684508683,0.0870534097125,-0.053305832379,1.48566039307,0.34437868688,-0.0318301013486,0.0655776786821,100.0
27.974714,-0.786932144185,0.0613592315154,0.42798063982,0.00843689433337,-0.374291312244,1.51173806646,2.86317514059,95.4983901978,-0.318301013486,0.0874369049095,-0.0525388419851,1.48566039307,0.34437868688,-0.0318301013486,0.0655776786821,100.0
27.984718,-0.787315639382,0.0613592315154,0.428747630214,0.00920388472731,-0.374674807441,1.51250505686,2.86317514059,95.4983901978,-0.318301013486,0.0874369049095,-0.0525388419851,1.48566039307,0.34437868688,-0.0314466061517,0.0659611738791,100.0
27.994715,-0.787315639382,0.0613592315154,0.427213649426,0.0080533991364,-0.374291312244,1.51250505686,2.86279164539,95.4983901978,-0.318301013486,0.0882038953034,-0.0525388419851,1.48527689787,0.343995191683,-0.0318301013486,0.0651941834851,100.0
28.004700,-0.787315639382,0.0613592315154,0.428364135017,0.0080533991364,-0.375058302638,1.51288855205,2.86317514059,95.4983901978,-0.318684508683,0.0870534097125,-0.052922337182,1.48489340267,0.343995191683,-0.0322135965456,0.0659611738791,100.0
28.014697,-0.787699134579,0.0609757363184,0.427597144623,0.00843689433337,-0.375058302638,1.51250505686,2.86355863579,95.4983901978,-0.318684508683,0.0866699145155,-0.052922337182,1.48489340267,0.344762182077,-0.0314466061517,0.0659611738791,100.0
28.024712,-0.786932144185,0.0609757363184,0.428364135017,0.00843689433337,-0.374291312244,1.51250505686,2.86317514059,95.4983901978,-0.318684508683,0.0874369049095,-0.0525388419851,1.48489340267,0.34437868688,-0.0314466061517,0.0651941834851,100.0
28.034698,-0.787699134579,0.0613592315154,0.42798063982,0.00766990393943,-0.374674807441,1.51250505686,2.86317514059,95.4983901978,-0.31906800388,0.0878204001064,-0.052922337182,1.48527689787,0.344762182077,-0.0318301013486,0.0655776786821,100.0
28.044696,-0.786932144185,0.0617427267124,0.428364135017,0.00843689433337,-0.373907817047,1.51097107607,2.86279164539,95.4983901978,-0.318301013486,0.0874369049095,-0.052922337182,1.48566039307,0.34437868688,-0.0318301013486,0.0648106882882,100.0
28.054696,-0.786932144185,0.0617427267124,0.427597144623,0.00843689433337,-0.373907817047,1.51288855205,2.86355863579,95.4983901978,-0.31906800388,0.0870534097125,-0.052922337182,1.48489340267,0.343611696486,-0.0318301013486,0.0655776786821,100.0
28.064698,-0.787699134579,0.0617427267124,0.427597144623,0.00882038953034,-0.373907817047,1.51250505686,2.86355863579,95.4983901978,-0.318684508683,0.0878204001064,-0.0517718515911,1.48527689787,0.343995191683,-0.0322135965456,0.0648106882882,100.0
28.074698,-0.786548648988,0.0621262219094,0.427213649426,0.0080533991364,-0.374674807441,1.51173806646,2.86355863579,95.4983901978,-0.319834994274,0.0878204001064,-0.053689327576,1.48450990748,0.344762182077,-0.0314466061517,0.066728164273,100.0
28.084700,-0.786932144185,0.0621262219094,0.427597144623,0.00843689433337,-0.374291312244,1.51173806646,2.86279164539,95.4983901978,-0.318301013486,0.0874369049095,-0.0525388419851,1.48527689787,0.344762182077,-0.0310631109547,0.0655776786821,100.0
28.094704,-0.787315639382,0.0617427267124,0.427597144623,0.00882038953034,-0.375058302638,1.51212156166,2.86355863579,95.4983901978,-0.317917518289,0.0885873905004,-0.0525388419851,1.48489340267,0.34437868688,-0.0322135965456,0.0651941834851,100.0
28.104705,-0.785781658594,0.0621262219094,0.42798063982,0.00843689433337,-0.374291312244,1.51288855205,2.86355863579,95.4983901978,-0.318301013486,0.0870534097125,-0.053305832379,1.48412641228,0.34437868688,-0.0318301013486,0.0655776786821,100.0
28.114707,-0.786548648988,0.0617427267124,0.427597144623,0.0080533991364,-0.374674807441,1.51212156166,2.86355863579,95.4983901978,-0.318684508683,0.0889708856974,-0.052922337182,1.48450990748,0.343995191683,-0.0325970917426,0.0655776786821,100.0
28.124724,-0.786548648988,0.0621262219094,0.42798063982,0.0080533991364,-0.374674807441,1.51212156166,2.86279164539,95.4983901978,-0.318301013486,0.0874369049095,-0.0521553467881,1.48566039307,0.343995191683,-0.0318301013486,0.0651941834851,100.0
28.134707,-0.786932144185,0.0625097171063,0.42798063982,0.00882038953034,-0.374291312244,1.51173806646,2.86279164539,95.4983901978,-0.317917518289,0.0870534097125,-0.053305832379,1.48527689787,0.344762182077,-0.0329805869395,0.0655776786821,100.0
28.144708,-0.787315639382,0.0617427267124,0.428747630214,0.00843689433337,-0.374674807441,1.51212156166,2.86279164539,95.4983901978,-0.317534023092,0.0866699145155,-0.0525388419851,1.48489340267,0.34437868688,-0.0306796157577,0.0651941834851,100.0
28.154704,-0.786932144185,0.0621262219094,0.428364135017,0.0080533991364,-0.373907817047,1.51212156166,2.86279164539,95.4983901978,-0.318684508683,0.0874369049095,-0.0525388419851,1.48489340267,0.34437868688,-0.0322135965456,0.0651941834851,100.0
28.164704,-0.788082629776,0.0621262219094,0.427597144623,0.00843689433337,-0.373907817047,1.51212156166,2.86317514059,95.4983901978,-0.318684508683,0.0874369049095,-0.052922337182,1.48450990748,0.34437868688,-0.0314466061517,0.0655776786821,100.0
28.174702,-0.786165153791,0.0625097171063,0.427597144623,0.0080533991364,-0.374291312244,1.51173806646,2.86317514059,95.4983901978,-0.319834994274,0.0878204001064,-0.052922337182,1.48489340267,0.34437868688,-0.0325970917426,0.0659611738791,100.0
28.184704,-0.786548648988,0.0617427267124,0.427213649426,0.00882038953034,-0.374291312244,1.51212156166,2.86355863579,95.4983901978,-0.318684508683,0.0878204001064,-0.052922337182,1.48489340267,0.34437868688,-0.0322135965456,0.0648106882882,100.0
28.194710,-0.787315639382,0.0621262219094,0.427213649426,0.00843689433337,-0.374291312244,1.51212156166,2.86279164539,95.4983901978,-0.318684508683,0.0882038953034,-0.052922337182,1.48527689787,0.34437868688,-0.0322135965456,0.0651941834851,100.0
28.204704,-0.786548648988,0.0621262219094,0.427597144623,0.00882038953034,-0.374291312244,1.51212156166,2.86317514059,95.4983901978,-0.318301013486,0.0870534097125,-0.0521553467881,1.48489340267,0.34437868688,-0.0318301013486,0.0655776786821,100.0
28.214702,-0.786932144185,0.0625097171063,0.428364135017,0.0080533991364,-0.374291312244,1.51212156166,2.86240815019,95.4983901978,-0.318684508683,0.0874369049095,-0.053305832379,1.48450990748,0.34437868688,-0.0314466061517,0.0655776786821,100.0
28.224700,-0.786548648988,0.0625097171063,0.427597144623,0.00843689433337,-0.374291312244,1.51173806646,2.86279164539,95.4983901978,-0.318684508683,0.0862864193186,-0.0525388419851,1.48450990748,0.345145677274,-0.0310631109547,0.066344669076,100.0
28.234703,-0.786932144185,0.0628932123033,0.427213649426,0.00843689433337,-0.373907817047,1.51250505686,2.86317514059,95.4983901978,-0.318301013486,0.0882038953034,-0.052922337182,1.48604388826,0.34437868688,-0.0318301013486,0.066344669076,100.0
28.244703,-0.786548648988,0.0632767075003,0.427213649426,0.00882038953034,-0.374674807441,1.51250505686,2.86317514059,95.4983901978,-0.318301013486,0.0878204001064,-0.0525388419851,1.48566039307,0.343611696486,-0.0318301013486,0.0655776786821,100.0
28.254714,-0.786548648988,0.0628932123033,0.428747630214,0.00843689433337,-0.374291312244,1.51212156166,2.86279164539,95.4983901978,-0.318301013486,0.0870534097125,-0.052922337182,1.48450990748,0.34437868688,-0.0310631109547,0.0659611738791,100.0
28.264706,-0.787699134579,0.0625097171063,0.428364135017,0.0080533991364,-0.373907817047,1.51212156166,2.86355863579,95.4983901978,-0.318684508683,0.0874369049095,-0.053305832379,1.48450990748,0.343228201289,-0.0310631109547,0.0651941834851,100.0
28.274709,-0.787699134579,0.0628932123033,0.427213649426,0.0080533991364,-0.374674807441,1.51212156166,2.86317514059,95.4983901978,-0.318301013486,0.0874369049095,-0.0525388419851,1.48489340267,0.343995191683,-0.0322135965456,0.0651941834851,100.0
28.284724,-0.787315639382,0.0628932123033,0.42798063982,0.0080533991364,-0.37352432185,1.51212156166,2.86394213098,95.4983901978,-0.317534023092,0.0882038953034,-0.052922337182,1.48489340267,0.343995191683,-0.0322135965456,0.0648106882882,100.0
28.294711,-0.787699134579,0.0628932123033,0.428364135017,0.0080533991364,-0.374291312244,1.51212156166,2.86317514059,95.4983901978,-0.318301013486,0.0878204001064,-0.053305832379,1.48527689787,0.343995191683,-0.0322135965456,0.0651941834851,100.0
28.304713,-0.787315639382,0.0632767075003,0.426830154229,0.00843689433337,-0.373907817047,1.51173806646,2.86317514059,95.4983901978,-0.318684508683,0.0870534097125,-0.052922337182,1.48489340267,0.343995191683,-0.0318301013486,0.0659611738791,100.0
28.314719,-0.788082629776,0.0632767075003,0.427213649426,0.00882038953034,-0.373907817047,1.51250505686,2.86317514059,95.4983901978,-0.317917518289,0.0870534097125,-0.0525388419851,1.48527689787,0.34437868688,-0.0325970917426,0.066344669076,100.0
28.324713,-0.787315639382,0.0632767075003,0.42798063982,0.0080533991364,-0.373907817047,1.51250505686,2.86317514059,95.4983901978,-0.317917518289,0.0874369049095,-0.052922337182,1.48489340267,0.343995191683,-0.0325970917426,0.066344669076,100.0
28.334706,-0.786165153791,0.0636602026972,0.428364135017,0.0080533991364,-0.37352432185,1.51212156166,2.86317514059,95.4983901978,-0.31906800388,0.0870534097125,-0.053305832379,1.48566039307,0.34437868688,-0.0310631109547,0.0655776786821,100.0
28.344702,-0.787315639382,0.0632767075003,0.42798063982,0.00843689433337,-0.373140826653,1.51212156166,2.86394213098,95.4983901978,-0.318301013486,0.0878204001064,-0.053305832379,1.48527689787,0.343611696486,-0.0318301013486,0.0655776786821,100.0
28.354701,-0.786548648988,0.0632767075003,0.427597144623,0.00766990393943,-0.373140826653,1.51212156166,2.86279164539,95.4983901978,-0.318684508683,0.0870534097125,-0.053305832379,1.48527689787,0.345145677274,-0.0322135965456,0.0655776786821,100.0
28.364698,-0.786548648988,0.0636602026972,0.428747630214,0.00882038953034,-0.372373836259,1.51288855205,2.86317514059,95.4983901978,-0.318301013486,0.0874369049095,-0.0521553467881,1.48489340267,0.34437868688,-0.0325970917426,0.066344669076,100.0
28.374698,-0.786165153791,0.0640436978942,0.42798063982,0.0080533991364,-0.371990341062,1.51173806646,2.86317514059,95.4983901978,-0.318301013486,0.0878204001064,-0.0525388419851,1.48450990748,0.343228201289,-0.0314466061517,0.0655776786821,100.0
28.384701,-0.786932144185,0.0636602026972,0.427597144623,0.0080533991364,-0.373140826653,1.51212156166,2.86355863579,95.4983901978,-0.317917518289,0.0874369049095,-0.052922337182,1.48412641228,0.34437868688,-0.0318301013486,0.0655776786821,100.0
28.394704,-0.786932144185,0.0644271930912,0.427597144623,0.00882038953034,-0.372757331456,1.51212156166,2.86279164539,95.4983901978,-0.318301013486,0.0878204001064,-0.0525388419851,1.48527689787,0.343995191683,-0.0322135965456,0.0659611738791,100.0
28.404699,-0.786932144185,0.0632767075003,0.428747630214,0.00843689433337,-0.37352432185,1.51212156166,2.86279164539,95.4983901978,-0.318301013486,0.0878204001064,-0.0525388419851,1.48604388826,0.343995191683,-0.0322135965456,0.0655776786821,100.0
28.414694,-0.786932144185,0.0636602026972,0.427213649426,0.00882038953034,-0.373140826653,1.51212156166,2.86317514059,95.4983901978,-0.318301013486,0.0878204001064,-0.0525388419851,1.48450990748,0.343995191683,-0.0314466061517,0.066344669076,100.0
28.424694,-0.786548648988,0.0640436978942,0.42798063982,0.00843689433337,-0.373140826653,1.51212156166,2.86279164539,95.4983901978,-0.318301013486,0.0882038953034,-0.052922337182,1.48527689787,0.34437868688,-0.0310631109547,0.0655776786821,100.0
28.434699,-0.787315639382,0.0644271930912,0.428747630214,0.00843689433337,-0.372373836259,1.51212156166,2.86317514059,95.4983901978,-0.318684508683,0.0882038953034,-0.0517718515911,1.48566039307,0.34437868688,-0.0314466061517,0.0659611738791,100.0
28.444699,-0.786548648988,0.0640436978942,0.428364135017,0.00882038953034,-0.373140826653,1.51173806646,2.86394213098,95.4983901978,-0.318301013486,0.0878204001064,-0.053305832379,1.48412641228,0.34437868688,-0.0314466061517,0.0655776786821,100.0
28.454697,-0.786932144185,0.0640436978942,0.42798063982,0.00882038953034,-0.372757331456,1.51135457126,2.86394213098,95.4983901978,-0.318684508683,0.0870534097125,-0.052922337182,1.48489340267,0.34437868688,-0.0325970917426,0.0659611738791,100.0
28.464698,-0.787315639382,0.0644271930912,0.427597144623,0.0080533991364,-0.373140826653,1.51212156166,2.86317514059,95.4983901978,-0.318301013486,0.0878204001064,-0.052922337182,1.48527689787,0.34437868688,-0.0318301013486,0.0651941834851,100.0
28.474698,-0.787315639382,0.0644271930912,0.427597144623,0.00766990393943,-0.372757331456,1.51212156166,2.86355863579,95.4983901978,-0.317917518289,0.0882038953034,-0.0525388419851,1.48527689787,0.34437868688,-0.0318301013486,0.0651941834851,100.0
28.484698,-0.786548648988,0.0651941834851,0.428364135017,0.00843689433337,-0.372757331456,1.51173806646,2.86240815019,95.4983901978,-0.318684508683,0.0882038953034,-0.052922337182,1.48450990748,0.34437868688,-0.0322135965456,0.066344669076,100.0
28.494698,-0.787699134579,0.0648106882882,0.427597144623,0.00843689433337,-0.373140826653,1.51288855205,2.86279164539,95.4983901978,-0.318301013486,0.0866699145155,-0.0525388419851,1.48527689787,0.343995191683,-0.0322135965456,0.066344669076,100.0
28.504699,-0.786548648988,0.0648106882882,0.428747630214,0.00843689433337,-0.373140826653,1.51173806646,2.86355863579,95.4983901978,-0.318301013486,0.0874369049095,-0.053305832379,1.48450990748,0.345145677274,-0.0322135965456,0.066344669076,100.0
28.514697,-0.786548648988,0.0651941834851,0.427213649426,0.00843689433337,-0.37352432185,1.51288855205,2.86317514059,95.4983901978,-0.318301013486,0.0874369049095,-0.0525388419851,1.48489340267,0.34437868688,-0.0314466061517,0.0648106882882,100.0
28.524698,-0.786932144185,0.0648106882882,0.427597144623,0.00882038953034,-0.372757331456,1.51288855205,2.86240815019,95.4983901978,-0.318301013486,0.0870534097125,-0.0525388419851,1.48527689787,0.34437868688,-0.0310631109547,0.0651941834851,100.0
28.534698,-0.786165153791,0.0648106882882,0.428364135017,0.00843689433337,-0.373140826653,1.51250505686,2.86240815019,95.4983901978,-0.318301013486,0.0878204001064,-0.0521553467881,1.48527689787,0.34437868688,-0.0318301013486,0.0651941834851,100.0
28.544698,-0.787315639382,0.0648106882882,0.428364135017,0.00882038953034,-0.372757331456,1.51173806646,2.86317514059,95.4983901978,-0.317917518289,0.0882038953034,-0.052922337182,1.48489340267,0.344762182077,-0.0318301013486,0.0659611738791,100.0
28.554699,-0.786932144185,0.0651941834851,0.42798063982,0.00882038953034,-0.372757331456,1.51250505686,2.86279164539,95.4983901978,-0.31906800388,0.0870534097125,-0.0521553467881,1.48489340267,0.34437868688,-0.0318301013486,0.0648106882882,100.0
28.564696,-0.786932144185,0.0651941834851,0.428364135017,0.00882038953034,-0.372373836259,1.51173806646,2.86279164539,95.4983901978,-0.318684508683,0.0870534097125,-0.0521553467881,1.48527689787,0.345145677274,-0.0314466061517,0.0651941834851,100.0
28.574694,-0.786932144185,0.0655776786821,0.427597144623,0.00882038953034,-0.373140826653,1.51250505686,2.86317514059,95.4983901978,-0.318301013486,0.0878204001064,-0.052922337182,1.48527689787,0.344762182077,-0.0310631109547,0.0651941834851,100.0
28.584699,-0.787315639382,0.0651941834851,0.427213649426,0.00843689433337,-0.372757331456,1.51212156166,2.86317514059,95.4983901978,-0.318684508683,0.0882038953034,-0.0525388419851,1.48489340267,0.34437868688,-0.0310631109547,0.0655776786821,100.0
28.594701,-0.786932144185,0.0655776786821,0.42798063982,0.00843689433337,-0.372757331456,1.51288855205,2.86279164539,95.4983901978,-0.318301013486,0.0866699145155,-0.0521553467881,1.48450990748,0.343995191683,-0.0314466061517,0.0655776786821,100.0
28.604701,-0.787315639382,0.0644271930912,0.427597144623,0.00882038953034,-0.37352432185,1.51250505686,2.86317514059,95.4983901978,-0.317917518289,0.0870534097125,-0.0525388419851,1.48527689787,0.344762182077,-0.0314466061517,0.0655776786821,100.0
28.614696,-0.786932144185,0.0648106882882,0.427213649426,0.00882038953034,-0.372373836259,1.51250505686,2.86317514059,95.4983901978,-0.31906800388,0.0885873905004,-0.0525388419851,1.48527689787,0.34437868688,-0.0329805869395,0.0655776786821,100.0
28.624701,-0.786932144185,0.0651941834851,0.427597144623,0.00920388472731,-0.373140826653,1.51212156166,2.86355863579,95.4983901978,-0.317917518289,0.0878204001064,-0.053689327576,1.48566039307,0.34437868688,-0.0325970917426,0.0648106882882,100.0
28.634699,-0.787315639382,0.0644271930912,0.427597144623,0.00843689433337,-0.372757331456,1.51212156166,2.86317514059,95.4983901978,-0.318684508683,0.0874369049095,-0.0525388419851,1.48566039307,0.34437868688,-0.0314466061517,0.0655776786821,100.0
28.644701,-0.787699134579,0.0655776786821,0.427213649426,0.00882038953034,-0.373140826653,1.51212156166,2.86317514059,95.4983901978,-0.318301013486,0.0866699145155,-0.054072822773,1.48604388826,0.34437868688,-0.0318301013486,0.066344669076,100.0
28.654703,-0.786548648988,0.0648106882882,0.428364135017,0.00843689433337,-0.373140826653,1.51288855205,2.86317514059,95.4983901978,-0.318301013486,0.0878204001064,-0.052922337182,1.48489340267,0.34437868688,-0.0314466061517,0.0659611738791,100.0
28.664700,-0.787315639382,0.0651941834851,0.42798063982,0.00882038953034,-0.373140826653,1.51288855205,2.86317514059,95.4983901978,-0.318684508683,0.0878204001064,-0.052922337182,1.48489340267,0.34437868688,-0.0318301013486,0.0659611738791,100.0
28.674698,-0.786932144185,0.0651941834851,0.42798063982,0.00843689433337,-0.37352432185,1.51135457126,2.86317514059,95.4983901978,-0.317917518289,0.0878204001064,-0.053305832379,1.48412641228,0.34437868688,-0.0314466061517,0.0659611738791,100.0
28.684698,-0.787699134579,0.0655776786821,0.427597144623,0.00843689433337,-0.373140826653,1.51288855205,2.86279164539,95.4983901978,-0.318301013486,0.0870534097125,-0.0521553467881,1.48489340267,0.34437868688,-0.0318301013486,0.0655776786821,100.0
28.694701,-0.787315639382,0.0651941834851,0.427213649426,0.00882038953034,-0.372757331456,1.51250505686,2.86240815019,95.4983901978,-0.31906800388,0.0878204001064,-0.053305832379,1.48527689787,0.34437868688,-0.0314466061517,0.0655776786821,100.0
28.704697,-0.786932144185,0.0648106882882,0.428364135017,0.0080533991364,-0.372757331456,1.51250505686,2.86394213098,95.4983901978,-0.318684508683,0.0878204001064,-0.052922337182,1.48450990748,0.343611696486,-0.0318301013486,0.0651941834851,100.0
28.714699,-0.786932144185,0.0655776786821,0.428364135017,0.00882038953034,-0.372373836259,1.51250505686,2.86317514059,95.4983901978,-0.318301013486,0.0874369049095,-0.0525388419851,1.48527689787,0.344762182077,-0.0318301013486,0.0651941834851,100.0
28.724698,-0.786932144185,0.0648106882882,0.427597144623,0.00843689433337,-0.372373836259,1.51212156166,2.86279164539,95.4983901978,-0.318301013486,0.0878204001064,-0.0525388419851,1.48450990748,0.34437868688,-0.0310631109547,0.0655776786821,100.0
28.734697,-0.786548648988,0.0648106882882,0.42798063982,0.00843689433337,-0.372757331456,1.51250505686,2.86317514059,95.4983901978,-0.317534023092,0.0866699145155,-0.053305832379,1.48527689787,0.344762182077,-0.0318301013486,0.0651941834851,100.0
28.744701,-0.787699134579,0.0640436978942,0.42798063982,0.00882038953034,-0.373140826653,1.51327204725,2.86279164539,95.4983901978,-0.318684508683,0.0874369049095,-0.052922337182,1.48450990748,0.344762182077,-0.0314466061517,0.0655776786821,100.0
28.754709,-0.787315639382,0.0651941834851,0.427597144623,0.00882038953034,-0.372757331456,1.51250505686,2.86317514059,95.4983901978,-0.318301013486,0.0882038953034,-0.0525388419851,1.48527689787,0.34437868688,-0.0318301013486,0.0644271930912,100.0
28.764703,-0.786932144185,0.0651941834851,0.427597144623,0.00843689433337,-0.372757331456,1.51212156166,2.86279164539,95.4983901978,-0.318684508683,0.0870534097125,-0.052922337182,1.48450990748,0.344762182077,-0.0314466061517,0.0655776786821,100.0
28.774705,-0.786932144185,0.0644271930912,0.428364135017,0.00920388472731,-0.372757331456,1.51212156166,2.86279164539,95.4983901978,-0.317917518289,0.0866699145155,-0.0525388419851,1.48604388826,0.34437868688,-0.0318301013486,0.0655776786821,100.0
28.784697,-0.786165153791,0.0648106882882,0.42798063982,0.00843689433337,-0.372757331456,1.51212156166,2.86317514059,95.4983901978,-0.318301013486,0.0870534097125,-0.052922337182,1.48527689787,0.34437868688,-0.0318301013486,0.0659611738791,100.0
28.794695,-0.786548648988,0.0648106882882,0.428747630214,0.00843689433337,-0.372757331456,1.51250505686,2.86355863579,95.4983901978,-0.318301013486,0.0866699145155,-0.052922337182,1.48527689787,0.34437868688,-0.0314466061517,0.0659611738791,100.0
28.804699,-0.786932144185,0.0655776786821,0.427597144623,0.00843689433337,-0.372757331456,1.51212156166,2.86317514059,95.4983901978,-0.318301013486,0.0874369049095,-0.0525388419851,1.48412641228,0.34437868688,-0.0310631109547,0.0655776786821,100.0
28.814695,-0.786932144185,0.0648106882882,0.42798063982,0.00843689433337,-0.372373836259,1.51212156166,2.86240815019,95.4983901978,-0.31906800388,0.0874369049095,-0.052922337182,1.48527689787,0.34437868688,-0.0314466061517,0.0648106882882,100.0
28.824699,-0.786932144185,0.0644271930912,0.42798063982,0.00920388472731,-0.372373836259,1.51250505686,2.86279164539,95.4983901978,-0.318684508683,0.0878204001064,-0.052922337182,1.48527689787,0.344762182077,-0.0310631109547,0.0651941834851,100.0
28.834698,-0.786932144185,0.0655776786821,0.428364135017,0.00920388472731,-0.373140826653,1.51212156166,2.86317514059,95.4983901978,-0.318301013486,0.0878204001064,-0.0525388419851,1.48527689787,0.343995191683,-0.0322135965456,0.0648106882882,100.0
28.844697,-0.787315639382,0.0651941834851,0.427597144623,0.00882038953034,-0.373140826653,1.51212156166,2.86317514059,95.4983901978,-0.318301013486,0.0874369049095,-0.053305832379,1.48412641228,0.343995191683,-0.0329805869395,0.0651941834851,100.0
28.854697,-0.786932144185,0.0651941834851,0.428364135017,0.00882038953034,-0.372757331456,1.51250505686,2.86317514059,95.4983901978,-0.31906800388,0.0870534097125,-0.052922337182,1.48412641228,0.34437868688,-0.0325970917426,0.0655776786821,100.0
28.864700,-0.787699134579,0.0655776786821,0.428364135017,0.00882038953034,-0.37352432185,1.51212156166,2.86355863579,95.4983901978,-0.318301013486,0.0870534097125,-0.053305832379,1.48527689787,0.343995191683,-0.0329805869395,0.0655776786821,100.0
28.874695,-0.787699134579,0.0651941834851,0.42798063982,0.00843689433337,-0.372757331456,1.51173806646,2.86317514059,95.4983901978,-0.319451499077,0.0878204001064,-0.052922337182,1.48374291708,0.344762182077,-0.0314466061517,0.0659611738791,100.0
28.884696,-0.787315639382,0.0651941834851,0.42798063982,0.00843689433337,-0.372757331456,1.51250505686,2.86240815019,95.4983901978,-0.318301013486,0.0878204001064,-0.052922337182,1.48489340267,0.34437868688,-0.0322135965456,0.0651941834851,100.0
28.894696,-0.786932144185,0.0651941834851,0.428364135017,0.00882038953034,-0.372373836259,1.51212156166,2.86317514059,95.4983901978,-0.318301013486,0.0874369049095,-0.053689327576,1.48527689787,0.344762182077,-0.0322135965456,0.0648106882882,100.0
28.904696,-0.787315639382,0.0648106882882,0.427597144623,0.00882038953034,-0.372757331456,1.51250505686,2.86355863579,95.4983901978,-0.318301013486,0.0862864193186,-0.0525388419851,1.48489340267,0.34437868688,-0.0314466061517,0.0655776786821,100.0
28.914698,-0.787699134579,0.0651941834851,0.42798063982,0.00882038953034,-0.372757331456,1.51250505686,2.86317514059,95.4983901978,-0.318301013486,0.0870534097125,-0.0525388419851,1.48527689787,0.345145677274,-0.0318301013486,0.0655776786821,100.0
28.924699,-0.786932144185,0.0651941834851,0.42798063982,0.00882038953034,-0.373140826653,1.51173806646,2.86317514059,95.4983901978,-0.318301013486,0.0878204001064,-0.052922337182,1.48450990748,0.343995191683,-0.0314466061517,0.0655776786821,100.0
28.934699,-0.787315639382,0.0659611738791,0.428364135017,0.00766990393943,-0.371990341062,1.51212156166,2.86279164539,95.4983901978,-0.318684508683,0.0870534097125,-0.0525388419851,1.48412641228,0.343995191683,-0.0318301013486,0.0655776786821,100.0
28.944697,-0.787699134579,0.0655776786821,0.428364135017,0.00843689433337,-0.373140826653,1.51250505686,2.86279164539,95.4983901978,-0.318684508683,0.0874369049095,-0.052922337182,1.48489340267,0.344762182077,-0.0314466061517,0.0655776786821,100.0
28.954699,-0.787315639382,0.0655776786821,0.427597144623,0.0080533991364,-0.372757331456,1.51250505686,2.86279164539,95.4983901978,-0.318301013486,0.0866699145155,-0.0521553467881,1.48489340267,0.343611696486,-0.0314466061517,0.0659611738791,100.0
28.964696,-0.787699134579,0.0659611738791,0.42798063982,0.00958737992428,-0.373140826653,1.51135457126,2.86355863579,95.4983901978,-0.317917518289,0.0870534097125,-0.053305832379,1.48527689787,0.344762182077,-0.0314466061517,0.0651941834851,100.0
28.974696,-0.786932144185,0.0655776786821,0.427597144623,0.00920388472731,-0.373140826653,1.51212156166,2.86279164539,95.4983901978,-0.317917518289,0.0874369049095,-0.0525388419851,1.48450990748,0.343995191683,-0.0322135965456,0.0659611738791,100.0
28.984699,-0.787699134579,0.0648106882882,0.427597144623,0.00882038953034,-0.372373836259,1.51250505686,2.86240815019,95.4983901978,-0.318684508683,0.0874369049095,-0.0521553467881,1.48527689787,0.34437868688,-0.0322135965456,0.0655776786821,100.0
28.994700,-0.786548648988,0.0655776786821,0.428364135017,0.00843689433337,-0.372757331456,1.51212156166,2.86317514059,95.4983901978,-0.318684508683,0.0874369049095,-0.0525388419851,1.48450990748,0.34437868688,-0.0314466061517,0.0651941834851,100.0
29.004702,-0.787315639382,0.0655776786821,0.428747630214,0.0080533991364,-0.372757331456,1.51250505686,2.86279164539,95.4983901978,-0.317917518289,0.0882038953034,-0.0521553467881,1.48489340267,0.34437868688,-0.0325970917426,0.0659611738791,100.0
29.014698,-0.787315639382,0.0651941834851,0.428747630214,0.00920388472731,-0.373140826653,1.51288855205,2.86240815019,95.4983901978,-0.318301013486,0.0878204001064,-0.0525388419851,1.48527689787,0.344762182077,-0.0318301013486,0.066728164273,100.0
29.024697,-0.787315639382,0.066344669076,0.42798063982,0.00843689433337,-0.372757331456,1.51327204725,2.86317514059,95.4983901978,-0.318301013486,0.0862864193186,-0.0525388419851,1.48527689787,0.343995191683,-0.0318301013486,0.066728164273,100.0
29.034696,-0.787699134579,0.0655776786821,0.427213649426,0.00920388472731,-0.372373836259,1.51212156166,2.86279164539,95.4983901978,-0.31906800388,0.0874369049095,-0.052922337182,1.48450990748,0.34437868688,-0.0318301013486,0.0651941834851,100.0
29.044699,-0.787699134579,0.0648106882882,0.428364135017,0.00920388472731,-0.372373836259,1.51250505686,2.86240815019,95.4983901978,-0.318301013486,0.0878204001064,-0.053305832379,1.48489340267,0.34437868688,-0.0314466061517,0.0659611738791,100.0
29.054699,-0.787315639382,0.0651941834851,0.428747630214,0.00882038953034,-0.372757331456,1.51173806646,2.86355863579,95.4983901978,-0.31906800388,0.0870534097125,-0.052922337182,1.48450990748,0.343995191683,-0.0314466061517,0.0651941834851,100.0
29.064699,-0.787699134579,0.0659611738791,0.428364135017,0.00920388472731,-0.372373836259,1.51212156166,2.86317514059,95.4983901978,-0.317917518289,0.0878204001064,-0.052922337182,1.48489340267,0.343995191683,-0.0314466061517,0.0655776786821,100.0
29.074695,-0.787315639382,0.0651941834851,0.427213649426,0.00920388472731,-0.37352432185,1.51212156166,2.86279164539,95.4983901978,-0.318301013486,0.0874369049095,-0.053305832379,1.48412641228,0.344762182077,-0.0318301013486,0.066728164273,100.0
29.084698,-0.788082629776,0.0655776786821,0.428364135017,0.00882038953034,-0.373140826653,1.51212156166,2.86317514059,95.4983901978,-0.318301013486,0.0882038953034,-0.053305832379,1.48489340267,0.34437868688,-0.0314466061517,0.0648106882882,100.0
29.094703,-0.786932144185,0.0655776786821,0.428364135017,0.00920388472731,-0.372757331456,1.51250505686,2.86317514059,95.4983901978,-0.318301013486,0.0870534097125,-0.0521553467881,1.48489340267,0.34437868688,-0.0322135965456,0.0648106882882,100.0
29.104701,-0.787315639382,0.0655776786821,0.428364135017,0.00958737992428,-0.372373836259,1.51173806646,2.86317514059,95.4983901978,-0.318301013486,0.0878204001064,-0.0525388419851,1.48527689787,0.34437868688,-0.0318301013486,0.0651941834851,100.0
29.114699,-0.788082629776,0.0659611738791,0.42798063982,0.00882038953034,-0.372373836259,1.51173806646,2.86240815019,95.4983901978,-0.318684508683,0.0882038953034,-0.0521553467881,1.48489340267,0.34437868688,-0.0318301013486,0.0659611738791,100.0
29.124698,-0.787315639382,0.0651941834851,0.428747630214,0.00958737992428,-0.372373836259,1.51250505686,2.86317514059,95.4983901978,-0.31906800388,0.0882038953034,-0.0521553467881,1.48412641228,0.343995191683,-0.0314466061517,0.0659611738791,100.0
29.134707,-0.787315639382,0.0651941834851,0.428364135017,0.0103543703182,-0.372757331456,1.51212156166,2.86317514059,95.4983901978,-0.31906800388,0.0878204001064,-0.053305832379,1.48566039307,0.343995191683,-0.0314466061517,0.0659611738791,100.0
29.144703,-0.787699134579,0.0648106882882,0.428747630214,0.00997087512126,-0.372373836259,1.51173806646,2.86317514059,95.4983901978,-0.31906800388,0.0870534097125,-0.052922337182,1.48412641228,0.34437868688,-0.0314466061517,0.066344669076,100.0
29.154698,-0.787699134579,0.0651941834851,0.428747630214,0.0103543703182,-0.372757331456,1.51250505686,2.86240815019,95.4983901978,-0.318301013486,0.0874369049095,-0.052922337182,1.48412641228,0.34437868688,-0.0322135965456,0.0659611738791,100.0
29.164699,-0.787699134579,0.0651941834851,0.42798063982,0.00997087512126,-0.372373836259,1.51250505686,2.86317514059,95.4983901978,-0.318684508683,0.0874369049095,-0.053305832379,1.48412641228,0.344762182077,-0.0322135965456,0.0651941834851,100.0
29.174696,-0.787699134579,0.0651941834851,0.42798063982,0.0103543703182,-0.372757331456,1.51288855205,2.86279164539,95.4983901978,-0.31906800388,0.0885873905004,-0.0525388419851,1.48489340267,0.34437868688,-0.0318301013486,0.0659611738791,100.0
29.184697,-0.787315639382,0.0655776786821,0.427213649426,0.0103543703182,-0.372757331456,1.51250505686,2.86240815019,95.4983901978,-0.318301013486,0.0874369049095,-0.0521553467881,1.48374291708,0.344762182077,-0.0314466061517,0.066344669076,100.0
29.194701,-0.788082629776,0.0648106882882,0.428364135017,0.0103543703182,-0.371990341062,1.51250505686,2.86394213098,95.4983901978,-0.318684508683,0.0874369049095,-0.052922337182,1.48412641228,0.344762182077,-0.0314466061517,0.0659611738791,100.0
29.204697,-0.786548648988,0.0659611738791,0.42798063982,0.0107378655152,-0.372373836259,1.51250505686,2.86279164539,95.4983901978,-0.318301013486,0.0874369049095,-0.052922337182,1.48412641228,0.343995191683,-0.0322135965456,0.0655776786821,100.0
29.214699,-0.786932144185,0.0655776786821,0.427213649426,0.0107378655152,-0.372373836259,1.51173806646,2.86317514059,95.4983901978,-0.318684508683,0.0870534097125,-0.053305832379,1.48527689787,0.344762182077,-0.0314466061517,0.0651941834851,100.0
29.224698,-0.786932144185,0.066344669076,0.42798063982,0.0107378655152,-0.372373836259,1.51135457126,2.86240815019,95.4983901978,-0.318301013486,0.0878204001064,-0.052922337182,1.48489340267,0.343995191683,-0.0322135965456,0.0659611738791,100.0
29.234698,-0.786932144185,0.0651941834851,0.428364135017,0.0103543703182,-0.372373836259,1.51250505686,2.86317514059,95.4983901978,-0.318684508683,0.0874369049095,-0.0525388419851,1.48374291708,0.34437868688,-0.0318301013486,0.0659611738791,100.0
29.244696,-0.787699134579,0.0659611738791,0.428364135017,0.0115048559091,-0.372757331456,1.51173806646,2.862024655,95.4983901978,-0.318684508683,0.0866699145155,-0.053305832379,1.48450990748,0.34437868688,-0.0322135965456,0.0659611738791,100.0
29.254701,-0.787315639382,0.0651941834851,0.428747630214,0.0111213607122,-0.372757331456,1.51212156166,2.86317514059,95.4983901978,-0.318301013486,0.0874369049095,-0.0525388419851,1.48450990748,0.344762182077,-0.0314466061517,0.0655776786821,100.0
29.264698,-0.787315639382,0.0655776786821,0.428364135017,0.0111213607122,-0.372757331456,1.51250505686,2.86279164539,95.4983901978,-0.317534023092,0.0870534097125,-0.053689327576,1.48489340267,0.344762182077,-0.0318301013486,0.0651941834851,100.0
29.274696,-0.787699134579,0.0659611738791,0.42798063982,0.0111213607122,-0.372373836259,1.51250505686,2.862024655,95.4983901978,-0.318684508683,0.0874369049095,-0.053305832379,1.48374291708,0.34437868688,-0.0318301013486,0.0659611738791,100.0
29.284699,-0.786932144185,0.0655776786821,0.42798063982,0.0115048559091,-0.372757331456,1.51173806646,2.86279164539,95.4983901978,-0.318301013486,0.0878204001064,-0.0525388419851,1.48374291708,0.343995191683,-0.0318301013486,0.0644271930912,100.0
29.294698,-0.787699134579,0.0655776786821,0.42798063982,0.0103543703182,-0.37352432185,1.51135457126,2.86279164539,95.4983901978,-0.318301013486,0.0870534097125,-0.0521553467881,1.48412641228,0.344762182077,-0.0322135965456,0.0651941834851,100.0
29.304704,-0.786932144185,0.066728164273,0.42798063982,0.0111213607122,-0.372373836259,1.51173806646,2.86279164539,95.4983901978,-0.318301013486,0.0874369049095,-0.0525388419851,1.48450990748,0.34437868688,-0.0318301013486,0.0651941834851,100.0
29.314701,-0.786548648988,0.0651941834851,0.427597144623,0.0115048559091,-0.372757331456,1.51173806646,2.86317514059,95.4983901978,-0.317917518289,0.0882038953034,-0.053305832379,1.48450990748,0.34437868688,-0.0310631109547,0.0651941834851,100.0
29.324702,-0.787315639382,0.0659611738791,0.428364135017,0.0115048559091,-0.373140826653,1.51135457126,2.862024655,95.4983901978,-0.318684508683,0.0870534097125,-0.052922337182,1.48412641228,0.34437868688,-0.0318301013486,0.0659611738791,100.0
29.334699,-0.788466124973,0.0655776786821,0.427597144623,0.0118883511061,-0.372373836259,1.51135457126,2.86317514059,95.4983901978,-0.318684508683,0.0882038953034,-0.053305832379,1.48412641228,0.34437868688,-0.0318301013486,0.0659611738791,100.0
29.344699,-0.787699134579,0.0659611738791,0.42798063982,0.0118883511061,-0.372373836259,1.51173806646,2.86317514059,95.4983901978,-0.318301013486,0.0874369049095,-0.052922337182,1.48412641228,0.343995191683,-0.0318301013486,0.0651941834851,100.0
29.354701,-0.787699134579,0.066344669076,0.42798063982,0.0118883511061,-0.372757331456,1.51250505686,2.86317514059,95.4983901978,-0.318301013486,0.0874369049095,-0.0521553467881,1.48489340267,0.34437868688,-0.0314466061517,0.066344669076,100.0
29.364705,-0.786932144185,0.066344669076,0.428364135017,0.0111213607122,-0.372373836259,1.51288855205,2.86240815019,95.4983901978,-0.318301013486,0.0870534097125,-0.053689327576,1.48450990748,0.34437868688,-0.0318301013486,0.0655776786821,100.0
29.374701,-0.786932144185,0.0655776786821,0.428364135017,0.0118883511061,-0.372373836259,1.51212156166,2.86240815019,95.4983901978,-0.318301013486,0.0870534097125,-0.053689327576,1.48450990748,0.34437868688,-0.0325970917426,0.0651941834851,100.0
29.384707,-0.786932144185,0.0659611738791,0.428747630214,0.0118883511061,-0.373140826653,1.51250505686,2.86317514059,95.4983901978,-0.317917518289,0.0885873905004,-0.052922337182,1.48412641228,0.34437868688,-0.0318301013486,0.0659611738791,100.0
29.394703,-0.786932144185,0.0659611738791,0.427213649426,0.0118883511061,-0.372757331456,1.51173806646,2.86279164539,95.4983901978,-0.317917518289,0.0870534097125,-0.053689327576,1.48374291708,0.34437868688,-0.0318301013486,0.0659611738791,100.0
29.404702,-0.786548648988,0.0655776786821,0.42798063982,0.0115048559091,-0.372373836259,1.51288855205,2.86355863579,95.4983901978,-0.318684508683,0.0862864193186,-0.052922337182,1.48374291708,0.343995191683,-0.0314466061517,0.0659611738791,100.0
29.414703,-0.787699134579,0.0655776786821,0.428364135017,0.0122718463031,-0.371990341062,1.51135457126,2.86279164539,95.4983901978,-0.317917518289,0.0885873905004,-0.052922337182,1.48374291708,0.344762182077,-0.0318301013486,0.0655776786821,100.0
29.424703,-0.787699134579,0.0655776786821,0.428747630214,0.0118883511061,-0.372373836259,1.51250505686,2.86394213098,95.4983901978,-0.318301013486,0.0874369049095,-0.053305832379,1.48335942189,0.345145677274,-0.0314466061517,0.0655776786821,100.0
29.434715,-0.787315639382,0.066344669076,0.42798063982,0.0118883511061,-0.371990341062,1.51212156166,2.86279164539,95.4983901978,-0.317917518289,0.0874369049095,-0.0521553467881,1.48374291708,0.34437868688,-0.0325970917426,0.066728164273,100.0
29.444699,-0.787699134579,0.066344669076,0.428364135017,0.0122718463031,-0.372373836259,1.51212156166,2.86317514059,95.4983901978,-0.318301013486,0.0878204001064,-0.053305832379,1.48374291708,0.343995191683,-0.0318301013486,0.0655776786821,100.0
29.454701,-0.786932144185,0.0655776786821,0.42798063982,0.0118883511061,-0.372373836259,1.51212156166,2.86355863579,95.4983901978,-0.31906800388,0.0866699145155,-0.0525388419851,1.48374291708,0.343995191683,-0.0318301013486,0.066344669076,100.0
29.464699,-0.786932144185,0.0655776786821,0.42798063982,0.0118883511061,-0.372373836259,1.51212156166,2.86394213098,95.4983901978,-0.318684508683,0.0870534097125,-0.053689327576,1.48374291708,0.34437868688,-0.0318301013486,0.0651941834851,100.0
29.474699,-0.786932144185,0.0655776786821,0.428364135017,0.0118883511061,-0.372373836259,1.51288855205,2.86355863579,95.4983901978,-0.317917518289,0.0874369049095,-0.053305832379,1.48412641228,0.344762182077,-0.0318301013486,0.0651941834851,100.0
29.484701,-0.787315639382,0.0648106882882,0.428747630214,0.0122718463031,-0.372757331456,1.51250505686,2.86317514059,95.4983901978,-0.318684508683,0.0874369049095,-0.053305832379,1.48374291708,0.34437868688,-0.0314466061517,0.066344669076,100.0
29.494699,-0.786548648988,0.0648106882882,0.428747630214,0.0122718463031,-0.372757331456,1.51212156166,2.86355863579,95.4983901978,-0.318301013486,0.0874369049095,-0.052922337182,1.48412641228,0.344762182077,-0.0322135965456,0.0655776786821,100.0
29.504700,-0.787315639382,0.0659611738791,0.42798063982,0.0122718463031,-0.372757331456,1.51173806646,2.86317514059,95.4983901978,-0.318301013486,0.0885873905004,-0.052922337182,1.48489340267,0.34437868688,-0.0318301013486,0.0659611738791,100.0
29.514701,-0.787315639382,0.0655776786821,0.427597144623,0.0111213607122,-0.372757331456,1.51212156166,2.86240815019,95.4983901978,-0.318684508683,0.0878204001064,-0.054072822773,1.48297592669,0.343995191683,-0.0314466061517,0.066344669076,100.0
29.524699,-0.787699134579,0.0651941834851,0.42798063982,0.0122718463031,-0.372373836259,1.51212156166,2.86240815019,95.4983901978,-0.317917518289,0.0874369049095,-0.0525388419851,1.48412641228,0.343995191683,-0.0322135965456,0.0644271930912,100.0
29.534698,-0.787315639382,0.0648106882882,0.427597144623,0.0122718463031,-0.373140826653,1.51212156166,2.86317514059,95.4983901978,-0.31906800388,0.0870534097125,-0.052922337182,1.48374291708,0.343995191683,-0.0318301013486,0.0655776786821,100.0
29.544697,-0.786932144185,0.0659611738791,0.428364135017,0.0126553415001,-0.372373836259,1.51288855205,2.86279164539,95.4983901978,-0.318684508683,0.0870534097125,-0.0525388419851,1.48450990748,0.34437868688,-0.0318301013486,0.0659611738791,100.0
29.554699,-0.788082629776,0.0651941834851,0.428364135017,0.0118883511061,-0.372757331456,1.51288855205,2.86240815019,95.4983901978,-0.31906800388,0.0870534097125,-0.052922337182,1.48412641228,0.344762182077,-0.0318301013486,0.066344669076,100.0
29.564703,-0.786932144185,0.066344669076,0.428364135017,0.0115048559091,-0.372373836259,1.51327204725,2.86317514059,95.4983901978,-0.318301013486,0.0874369049095,-0.053689327576,1.48412641228,0.34437868688,-0.0322135965456,0.0659611738791,100.0
29.574703,-0.787699134579,0.0655776786821,0.428364135017,0.0122718463031,-0.372373836259,1.51250505686,2.86355863579,95.4983901978,-0.318301013486,0.0878204001064,-0.052922337182,1.48450990748,0.344762182077,-0.0318301013486,0.0659611738791,100.0
29.584704,-0.786548648988,0.0651941834851,0.428747630214,0.0122718463031,-0.372373836259,1.51212156166,2.86317514059,95.4983901978,-0.317917518289,0.0874369049095,-0.053305832379,1.48335942189,0.34437868688,-0.0318301013486,0.0655776786821,100.0
29.594702,-0.787315639382,0.0655776786821,0.428747630214,0.013038836697,-0.372373836259,1.51173806646,2.86317514059,95.4983901978,-0.318684508683,0.0866699145155,-0.0525388419851,1.48412641228,0.34437868688,-0.0318301013486,0.0655776786821,100.0
29.604705,-0.787315639382,0.0655776786821,0.428364135017,0.0126553415001,-0.372373836259,1.51212156166,2.86279164539,95.4983901978,-0.318301013486,0.0878204001064,-0.052922337182,1.48374291708,0.343995191683,-0.0318301013486,0.0651941834851,100.0
29.614704,-0.787699134579,0.0648106882882,0.428364135017,0.0107378655152,-0.372757331456,1.51173806646,2.86355863579,95.4983901978,-0.317917518289,0.0866699145155,-0.052922337182,1.48412641228,0.343995191683,-0.0322135965456,0.066344669076,100.0
29.624702,-0.787699134579,0.0659611738791,0.428747630214,0.0126553415001,-0.372757331456,1.51250505686,2.86317514059,95.4983901978,-0.318684508683,0.0874369049095,-0.052922337182,1.48374291708,0.344762182077,-0.0314466061517,0.0651941834851,100.0
29.634699,-0.786165153791,0.0655776786821,0.428364135017,0.0126553415001,-0.372757331456,1.51212156166,2.86279164539,95.4983901978,-0.318301013486,0.0874369049095,-0.053305832379,1.48374291708,0.34437868688,-0.0322135965456,0.0655776786821,100.0
29.644701,-0.786548648988,0.0655776786821,0.428747630214,0.013038836697,-0.373140826653,1.51212156166,2.86279164539,95.4983901978,-0.319451499077,0.0878204001064,-0.052922337182,1.48450990748,0.34437868688,-0.0322135965456,0.0655776786821,100.0
29.654702,-0.786548648988,0.0655776786821,0.427597144623,0.0122718463031,-0.372373836259,1.51212156166,2.86355863579,95.4983901978,-0.31906800388,0.0874369049095,-0.0525388419851,1.48412641228,0.343995191683,-0.0322135965456,0.066344669076,100.0
29.664701,-0.786932144185,0.0655776786821,0.428747630214,0.0118883511061,-0.372373836259,1.51250505686,2.86355863579,95.4983901978,-0.318301013486,0.0874369049095,-0.052922337182,1.48412641228,0.343611696486,-0.0314466061517,0.0655776786821,100.0
29.674699,-0.787315639382,0.0655776786821,0.427597144623,0.0122718463031,-0.371606845865,1.51250505686,2.86240815019,95.4983901978,-0.318301013486,0.0874369049095,-0.0521553467881,1.48450990748,0.34437868688,-0.0318301013486,0.0648106882882,100.0
29.684701,-0.787315639382,0.0651941834851,0.42798063982,0.0122718463031,-0.372757331456,1.51250505686,2.86317514059,95.4983901978,-0.318301013486,0.0870534097125,-0.053305832379,1.48450990748,0.34437868688,-0.0314466061517,0.066344669076,100.0
29.694705,-0.786165153791,0.0655776786821,0.42798063982,0.0122718463031,-0.372757331456,1.51173806646,2.86394213098,95.4983901978,-0.318301013486,0.0866699145155,-0.0525388419851,1.48450990748,0.34437868688,-0.0318301013486,0.0655776786821,100.0
29.704701,-0.786932144185,0.0651941834851,0.428747630214,0.0126553415001,-0.372757331456,1.51212156166,2.86279164539,95.4983901978,-0.318684508683,0.0870534097125,-0.053305832379,1.48412641228,0.343995191683,-0.0314466061517,0.0655776786821,100.0
29.714704,-0.786932144185,0.0655776786821,0.427597144623,0.0115048559091,-0.372757331456,1.51212156166,2.86240815019,95.4983901978,-0.318684508683,0.0870534097125,-0.052922337182,1.48374291708,0.343995191683,-0.0318301013486,0.0659611738791,100.0
29.724700,-0.787315639382,0.0651941834851,0.428747630214,0.0122718463031,-0.371990341062,1.51173806646,2.86317514059,95.4983901978,-0.317917518289,0.0870534097125,-0.053305832379,1.48412641228,0.34437868688,-0.0314466061517,0.0648106882882,100.0
29.734699,-0.786548648988,0.0659611738791,0.428747630214,0.0122718463031,-0.372373836259,1.51135457126,2.86394213098,95.4983901978,-0.318301013486,0.0874369049095,-0.0525388419851,1.48412641228,0.343611696486,-0.0314466061517,0.0659611738791,100.0
29.744699,-0.787315639382,0.0655776786821,0.427597144623,0.0122718463031,-0.372373836259,1.51250505686,2.86317514059,95.4983901978,-0.317917518289,0.0866699145155,-0.052922337182,1.48450990748,0.344762182077,-0.0325970917426,0.0651941834851,100.0
29.754701,-0.785781658594,0.0655776786821,0.428364135017,0.0122718463031,-0.371990341062,1.51173806646,2.86317514059,95.4983901978,-0.318684508683,0.0878204001064,-0.053689327576,1.48450990748,0.343995191683,-0.0322135965456,0.066344669076,100.0
29.764700,-0.787315639382,0.0651941834851,0.428364135017,0.0122718463031,-0.372757331456,1.51135457126,2.86279164539,95.4983901978,-0.318301013486,0.0870534097125,-0.052922337182,1.48412641228,0.34437868688,-0.0322135965456,0.0655776786821,100.0
29.774696,-0.787315639382,0.0655776786821,0.428364135017,0.013038836697,-0.372373836259,1.51250505686,2.86317514059,95.4983901978,-0.318684508683,0.0874369049095,-0.053305832379,1.48335942189,0.34437868688,-0.0318301013486,0.0655776786821,100.0
29.784701,-0.786548648988,0.0659611738791,0.428747630214,0.0122718463031,-0.372757331456,1.51250505686,2.86279164539,95.4983901978,-0.318684508683,0.0874369049095,-0.052922337182,1.48335942189,0.34437868688,-0.0314466061517,0.0659611738791,100.0
29.794701,-0.787699134579,0.0655776786821,0.42798063982,0.0118883511061,-0.371990341062,1.51250505686,2.86317514059,95.4983901978,-0.318684508683,0.0878204001064,-0.053305832379,1.48412641228,0.343995191683,-0.0318301013486,0.0655776786821,100.0
29.804702,-0.786932144185,0.0655776786821,0.428747630214,0.0122718463031,-0.371990341062,1.51288855205,2.86317514059,95.4983901978,-0.318684508683,0.0874369049095,-0.0525388419851,1.48335942189,0.345145677274,-0.0314466061517,0.0648106882882,100.0
29.814704,-0.786932144185,0.0655776786821,0.427597144623,0.0115048559091,-0.372373836259,1.51173806646,2.86317514059,95.4983901978,-0.318684508683,0.0882038953034,-0.0525388419851,1.48412641228,0.344762182077,-0.0318301013486,0.0655776786821,100.0
29.824701,-0.786165153791,0.0655776786821,0.427597144623,0.0118883511061,-0.371990341062,1.51173806646,2.86279164539,95.4983901978,-0.317917518289,0.0882038953034,-0.053305832379,1.48374291708,0.34437868688,-0.0318301013486,0.0651941834851,100.0
29.834699,-0.787315639382,0.0655776786821,0.42798063982,0.0118883511061,-0.372373836259,1.51212156166,2.86279164539,95.4983901978,-0.318301013486,0.0874369049095,-0.0525388419851,1.48450990748,0.343995191683,-0.0314466061517,0.0655776786821,100.0
29.844703,-0.787315639382,0.0651941834851,0.42798063982,0.0126553415001,-0.371990341062,1.51212156166,2.86317514059,95.4983901978,-0.318684508683,0.0874369049095,-0.053305832379,1.48450990748,0.34437868688,-0.0322135965456,0.0651941834851,100.0
29.854702,-0.786932144185,0.066344669076,0.428364135017,0.0118883511061,-0.372757331456,1.51212156166,2.86240815019,95.4983901978,-0.318301013486,0.0866699145155,-0.052922337182,1.48412641228,0.34437868688,-0.0322135965456,0.0659611738791,100.0
29.864698,-0.786548648988,0.0655776786821,0.427597144623,0.0118883511061,-0.371606845865,1.51288855205,2.86355863579,95.4983901978,-0.318684508683,0.0866699145155,-0.0525388419851,1.48412641228,0.34437868688,-0.0310631109547,0.0651941834851,100.0
29.874701,-0.787699134579,0.0651941834851,0.427213649426,0.013038836697,-0.372373836259,1.51288855205,2.86317514059,95.4983901978,-0.318684508683,0.0878204001064,-0.052922337182,1.48412641228,0.34437868688,-0.0314466061517,0.0651941834851,100.0
29.884703,-0.786932144185,0.0655776786821,0.42798063982,0.0126553415001,-0.371990341062,1.51250505686,2.862024655,95.4983901978,-0.318684508683,0.0878204001064,-0.0525388419851,1.48374291708,0.344762182077,-0.0318301013486,0.0648106882882,100.0
29.894701,-0.786548648988,0.0659611738791,0.427597144623,0.0118883511061,-0.371990341062,1.51212156166,2.86279164539,95.4983901978,-0.318301013486,0.0874369049095,-0.0525388419851,1.48412641228,0.34437868688,-0.0322135965456,0.0651941834851,100.0
29.904699,-0.786932144185,0.0655776786821,0.428364135017,0.0118883511061,-0.371606845865,1.51250505686,2.86317514059,95.4983901978,-0.31906800388,0.0870534097125,-0.052922337182,1.48566039307,0.34437868688,-0.0322135965456,0.0651941834851,100.0
29.914700,-0.786932144185,0.0651941834851,0.427597144623,0.0122718463031,-0.371990341062,1.51212156166,2.86355863579,95.4983901978,-0.31906800388,0.0878204001064,-0.053305832379,1.48450990748,0.34437868688,-0.0318301013486,0.0659611738791,100.0
29.924703,-0.786165153791,0.0659611738791,0.42798063982,0.0126553415001,-0.372757331456,1.51250505686,2.86355863579,95.4983901978,-0.318684508683,0.0878204001064,-0.053305832379,1.48527689787,0.34437868688,-0.0318301013486,0.0659611738791,100.0
29.934705,-0.786932144185,0.0655776786821,0.428364135017,0.0126553415001,-0.371990341062,1.51173806646,2.86317514059,95.4983901978,-0.318301013486,0.0882038953034,-0.053305832379,1.48412641228,0.343995191683,-0.0314466061517,0.0651941834851,100.0
29.944701,-0.786932144185,0.0651941834851,0.429131125411,0.0122718463031,-0.373140826653,1.51212156166,2.86279164539,95.4983901978,-0.318301013486,0.0870534097125,-0.0525388419851,1.48412641228,0.344762182077,-0.0310631109547,0.0659611738791,100.0
29.954702,-0.786932144185,0.0651941834851,0.427213649426,0.0126553415001,-0.372757331456,1.51250505686,2.86279164539,95.4983901978,-0.31906800388,0.0878204001064,-0.052922337182,1.48412641228,0.344762182077,-0.0322135965456,0.0648106882882,100.0
29.964704,-0.786932144185,0.066344669076,0.427597144623,0.0122718463031,-0.372373836259,1.51212156166,2.86279164539,95.4983901978,-0.318301013486,0.0882038953034,-0.053689327576,1.48374291708,0.344762182077,-0.0314466061517,0.0651941834851,100.0
29.974702,-0.786548648988,0.0655776786821,0.428364135017,0.0122718463031,-0.371990341062,1.51212156166,2.86279164539,95.4983901978,-0.318301013486,0.0870534097125,-0.053305832379,1.48450990748,0.34437868688,-0.0322135965456,0.0655776786821,100.0
29.984706,-0.786932144185,0.0651941834851,0.42798063982,0.0122718463031,-0.372373836259,1.51173806646,2.86240815019,95.4983901978,-0.318684508683,0.0874369049095,-0.052922337182,1.48412641228,0.343995191683,-0.0325970917426,0.0655776786821,100.0
29.994699,-0.786932144185,0.066344669076,0.427597144623,0.0122718463031,-0.371990341062,1.51250505686,2.86240815019,95.4983901978,-0.317917518289,0.0874369049095,-0.053305832379,1.48412641228,0.344762182077,-0.0314466061517,0.0655776786821,100.0
30.004704,-0.787699134579,0.0655776786821,0.427597144623,0.0118883511061,-0.371990341062,1.51173806646,2.86317514059,95.4983901978,-0.318684508683,0.0878204001064,-0.052922337182,1.48412641228,0.34437868688,-0.0306796157577,0.0655776786821,100.0
30.014702,-0.787315639382,0.0648106882882,0.42798063982,0.0122718463031,-0.372373836259,1.51212156166,2.86317514059,95.4983901978,-0.317917518289,0.0885873905004,-0.054072822773,1.48374291708,0.343995191683,-0.0314466061517,0.0644271930912,100.0
30.024716,-0.786932144185,0.0655776786821,0.42798063982,0.0122718463031,-0.372373836259,1.51212156166,2.86317514059,95.4983901978,-0.318684508683,0.0870534097125,-0.052922337182,1.48412641228,0.343995191683,-0.0318301013486,0.0659611738791,100.0
30.034705,-0.786548648988,0.0659611738791,0.42798063982,0.0118883511061,-0.372373836259,1.51173806646,2.86279164539,95.4983901978,-0.318301013486,0.0878204001064,-0.053305832379,1.48450990748,0.34437868688,-0.0318301013486,0.0659611738791,100.0
30.044703,-0.786548648988,0.0655776786821,0.427597144623,0.0126553415001,-0.372373836259,1.51135457126,2.86279164539,95.4983901978,-0.318301013486,0.0874369049095,-0.0525388419851,1.48450990748,0.343995191683,-0.0314466061517,0.066344669076,100.0
30.054711,-0.786548648988,0.0655776786821,0.428364135017,0.0126553415001,-0.372373836259,1.51212156166,2.86317514059,95.4983901978,-0.318301013486,0.0866699145155,-0.052922337182,1.48412641228,0.34437868688,-0.0314466061517,0.0655776786821,100.0
30.064710,-0.786165153791,0.0655776786821,0.428364135017,0.0126553415001,-0.371990341062,1.51250505686,2.86279164539,95.4983901978,-0.318301013486,0.0885873905004,-0.0525388419851,1.48374291708,0.345145677274,-0.0314466061517,0.0651941834851,100.0
30.074698,-0.786165153791,0.0659611738791,0.427597144623,0.0122718463031,-0.371606845865,1.51212156166,2.86279164539,95.4983901978,-0.318301013486,0.0874369049095,-0.052922337182,1.48412641228,0.344762182077,-0.0314466061517,0.0659611738791,100.0
30.084697,-0.787699134579,0.0651941834851,0.428364135017,0.0118883511061,-0.372373836259,1.51173806646,2.86279164539,95.4983901978,-0.318301013486,0.0878204001064,-0.0521553467881,1.48412641228,0.34437868688,-0.0318301013486,0.0648106882882,100.0
30.094700,-0.786932144185,0.0655776786821,0.429131125411,0.0122718463031,-0.371990341062,1.51250505686,2.86317514059,95.4983901978,-0.31906800388,0.0870534097125,-0.052922337182,1.48450990748,0.34437868688,-0.0322135965456,0.0651941834851,100.0
30.104698,-0.785781658594,0.0655776786821,0.42798063982,0.0118883511061,-0.372757331456,1.51212156166,2.86317514059,95.4983901978,-0.318684508683,0.0874369049095,-0.053305832379,1.48450990748,0.344762182077,-0.0322135965456,0.0651941834851,100.0
30.114696,-0.786932144185,0.0655776786821,0.427597144623,0.0118883511061,-0.373140826653,1.51173806646,2.86317514059,95.4983901978,-0.318301013486,0.0874369049095,-0.052922337182,1.48297592669,0.34437868688,-0.0325970917426,0.0655776786821,100.0
30.124695,-0.786932144185,0.0655776786821,0.427213649426,0.0126553415001,-0.372373836259,1.51250505686,2.86279164539,95.4983901978,-0.318684508683,0.0874369049095,-0.0525388419851,1.48374291708,0.344762182077,-0.0325970917426,0.066728164273,100.0
30.134694,-0.787315639382,0.0655776786821,0.427597144623,0.0118883511061,-0.372373836259,1.51212156166,2.86317514059,95.4983901978,-0.318684508683,0.0874369049095,-0.052922337182,1.48489340267,0.34437868688,-0.0318301013486,0.0655776786821,100.0
30.144694,-0.786548648988,0.0659611738791,0.428364135017,0.0122718463031,-0.372373836259,1.51212156166,2.86279164539,95.4983901978,-0.318301013486,0.0870534097125,-0.0525388419851,1.48374291708,0.34437868688,-0.0310631109547,0.0659611738791,100.0
30.154706,-0.786165153791,0.0651941834851,0.42798063982,0.0118883511061,-0.371990341062,1.51212156166,2.86279164539,95.4983901978,-0.318684508683,0.0870534097125,-0.052922337182,1.48450990748,0.34437868688,-0.0314466061517,0.0655776786821,100.0
30.164709,-0.785781658594,0.0659611738791,0.428364135017,0.0122718463031,-0.371990341062,1.51212156166,2.86355863579,95.4983901978,-0.318301013486,0.0874369049095,-0.053689327576,1.48412641228,0.343611696486,-0.0318301013486,0.0659611738791,100.0
30.174710,-0.786548648988,0.0655776786821,0.428747630214,0.0126553415001,-0.371606845865,1.51212156166,2.86279164539,95.4983901978,-0.317917518289,0.0866699145155,-0.052922337182,1.48450990748,0.34437868688,-0.0318301013486,0.0655776786821,100.0
30.184709,-0.786548648988,0.0651941834851,0.427213649426,0.0126553415001,-0.372373836259,1.51173806646,2.86355863579,95.4983901978,-0.318684508683,0.0874369049095,-0.0521553467881,1.48335942189,0.343611696486,-0.0322135965456,0.0659611738791,100.0
30.194703,-0.786932144185,0.0659611738791,0.42798063982,0.0122718463031,-0.372373836259,1.51250505686,2.86317514059,95.4983901978,-0.318684508683,0.0882038953034,-0.053305832379,1.48450990748,0.34437868688,-0.0322135965456,0.0659611738791,100.0
30.204701,-0.786932144185,0.066344669076,0.427213649426,0.0111213607122,-0.371990341062,1.51173806646,2.86317514059,95.4983901978,-0.318301013486,0.0878204001064,-0.052922337182,1.48489340267,0.344762182077,-0.0314466061517,0.0655776786821,100.0
30.214718,-0.786165153791,0.0655776786821,0.427597144623,0.0115048559091,-0.372757331456,1.51173806646,2.86355863579,95.4983901978,-0.317917518289,0.0878204001064,-0.053689327576,1.48450990748,0.344762182077,-0.0310631109547,0.0655776786821,100.0
30.224712,-0.786548648988,0.0651941834851,0.428364135017,0.0118883511061,-0.372373836259,1.51327204725,2.86317514059,95.4983901978,-0.31906800388,0.0878204001064,-0.0525388419851,1.48450990748,0.343995191683,-0.0314466061517,0.0651941834851,100.0
30.234705,-0.787315639382,0.0655776786821,0.427213649426,0.0118883511061,-0.372757331456,1.51212156166,2.86317514059,95.4983901978,-0.318684508683,0.0878204001064,-0.052922337182,1.48412641228,0.343995191683,-0.0318301013486,0.0655776786821,100.0
30.244705,-0.786932144185,0.0651941834851,0.427213649426,0.0122718463031,-0.372373836259,1.51288855205,2.86355863579,95.4983901978,-0.318301013486,0.0878204001064,-0.052922337182,1.48412641228,0.34437868688,-0.0322135965456,0.0651941834851,100.0
30.254710,-0.786932144185,0.0659611738791,0.428364135017,0.0118883511061,-0.371990341062,1.51288855205,2.86317514059,95.4983901978,-0.31906800388,0.0878204001064,-0.053305832379,1.48374291708,0.343611696486,-0.0318301013486,0.0655776786821,100.0
30.264707,-0.786165153791,0.0651941834851,0.42798063982,0.0122718463031,-0.371990341062,1.51288855205,2.86317514059,95.4983901978,-0.318301013486,0.0870534097125,-0.0521553467881,1.48335942189,0.34437868688,-0.0322135965456,0.0659611738791,100.0
30.274701,-0.786932144185,0.0655776786821,0.427597144623,0.0118883511061,-0.371990341062,1.51288855205,2.86317514059,95.4983901978,-0.318301013486,0.0874369049095,-0.052922337182,1.48374291708,0.344762182077,-0.0318301013486,0.0655776786821,100.0
30.284700,-0.786932144185,0.0659611738791,0.427597144623,0.0115048559091,-0.371990341062,1.51250505686,2.86394213098,95.4983901978,-0.317917518289,0.0870534097125,-0.053305832379,1.48412641228,0.344762182077,-0.0318301013486,0.0655776786821,100.0
30.294704,-0.786932144185,0.0655776786821,0.42798063982,0.0115048559091,-0.372373836259,1.51250505686,2.86279164539,95.4983901978,-0.318684508683,0.0878204001064,-0.052922337182,1.48412641228,0.34437868688,-0.0318301013486,0.0659611738791,100.0
30.304704,-0.786165153791,0.0655776786821,0.42798063982,0.0122718463031,-0.372373836259,1.51250505686,2.86279164539,95.4983901978,-0.318684508683,0.0882038953034,-0.052922337182,1.48489340267,0.344762182077,-0.0318301013486,0.0659611738791,100.0
30.314707,-0.786932144185,0.0651941834851,0.427597144623,0.0118883511061,-0.371990341062,1.51212156166,2.86279164539,95.4983901978,-0.318684508683,0.0878204001064,-0.053305832379,1.48335942189,0.34437868688,-0.0314466061517,0.0651941834851,100.0
30.324706,-0.786932144185,0.0659611738791,0.42798063982,0.0111213607122,-0.372373836259,1.51250505686,2.86279164539,95.4983901978,-0.317534023092,0.0878204001064,-0.052922337182,1.48412641228,0.34437868688,-0.0318301013486,0.0659611738791,100.0
30.334701,-0.786932144185,0.066344669076,0.428364135017,0.0111213607122,-0.372757331456,1.51212156166,2.86279164539,95.4983901978,-0.317534023092,0.0874369049095,-0.052922337182,1.48412641228,0.343995191683,-0.0318301013486,0.066344669076,100.0
30.344703,-0.786548648988,0.066344669076,0.427213649426,0.0115048559091,-0.372373836259,1.51327204725,2.86317514059,95.4983901978,-0.318301013486,0.0878204001064,-0.054072822773,1.48450990748,0.343611696486,-0.0310631109547,0.0655776786821,100.0
30.354702,-0.787315639382,0.0659611738791,0.427597144623,0.0111213607122,-0.372373836259,1.51250505686,2.86279164539,95.4983901978,-0.318301013486,0.0874369049095,-0.053689327576,1.48450990748,0.344762182077,-0.0325970917426,0.0655776786821,100.0
30.364704,-0.787315639382,0.0655776786821,0.427213649426,0.0111213607122,-0.372373836259,1.51173806646,2.86279164539,95.4983901978,-0.318684508683,0.0874369049095,-0.053305832379,1.48412641228,0.34437868688,-0.0314466061517,0.0659611738791,100.0
30.374702,-0.786932144185,0.0655776786821,0.428364135017,0.0118883511061,-0.371606845865,1.51212156166,2.86355863579,95.4983901978,-0.318301013486,0.0866699145155,-0.052922337182,1.48297592669,0.34437868688,-0.0325970917426,0.0651941834851,100.0
30.384703,-0.786548648988,0.0655776786821,0.427597144623,0.0115048559091,-0.371990341062,1.51212156166,2.86317514059,95.4983901978,-0.318301013486,0.0866699145155,-0.053305832379,1.48374291708,0.344762182077,-0.0322135965456,0.0651941834851,100.0
30.394700,-0.786548648988,0.0651941834851,0.42798063982,0.0118883511061,-0.373140826653,1.51173806646,2.86317514059,95.4983901978,-0.318301013486,0.0874369049095,-0.052922337182,1.48412641228,0.343611696486,-0.0318301013486,0.0651941834851,100.0
30.404700,-0.786932144185,0.0659611738791,0.427213649426,0.0115048559091,-0.371990341062,1.51250505686,2.86317514059,95.4983901978,-0.318684508683,0.0885873905004,-0.053689327576,1.48450990748,0.344762182077,-0.0322135965456,0.0659611738791,100.0
30.414703,-0.786548648988,0.0655776786821,0.427597144623,0.0107378655152,-0.371606845865,1.51173806646,2.86279164539,95.4983901978,-0.318684508683,0.0882038953034,-0.053305832379,1.48374291708,0.343995191683,-0.0318301013486,0.0644271930912,100.0
30.424704,-0.786932144185,0.0659611738791,0.42798063982,0.0111213607122,-0.371223350668,1.51212156166,2.86317514059,95.4983901978,-0.317917518289,0.0874369049095,-0.0525388419851,1.48374291708,0.34437868688,-0.0318301013486,0.0655776786821,100.0
30.434703,-0.786548648988,0.0655776786821,0.42798063982,0.0115048559091,-0.371990341062,1.51250505686,2.86317514059,95.4983901978,-0.318301013486,0.0870534097125,-0.052922337182,1.48412641228,0.34437868688,-0.0318301013486,0.0655776786821,100.0
30.444700,-0.786932144185,0.0655776786821,0.427213649426,0.0118883511061,-0.372373836259,1.51250505686,2.86317514059,95.4983901978,-0.318301013486,0.0870534097125,-0.053305832379,1.48412641228,0.344762182077,-0.0318301013486,0.0651941834851,100.0
30.454706,-0.786165153791,0.0655776786821,0.427213649426,0.0115048559091,-0.371990341062,1.51135457126,2.86317514059,95.4983901978,-0.318301013486,0.0878204001064,-0.0525388419851,1.48374291708,0.344762182077,-0.0318301013486,0.066344669076,100.0
30.464709,-0.786548648988,0.0651941834851,0.427597144623,0.0118883511061,-0.372757331456,1.51288855205,2.86279164539,95.4983901978,-0.318684508683,0.0874369049095,-0.0525388419851,1.48374291708,0.344762182077,-0.0322135965456,0.0651941834851,100.0
30.474703,-0.786165153791,0.0651941834851,0.428364135017,0.0118883511061,-0.371990341062,1.51288855205,2.86355863579,95.4983901978,-0.31906800388,0.0870534097125,-0.0525388419851,1.48335942189,0.34437868688,-0.0318301013486,0.0648106882882,100.0
30.484703,-0.786932144185,0.0655776786821,0.427597144623,0.0115048559091,-0.371990341062,1.51212156166,2.86317514059,95.4983901978,-0.317917518289,0.0882038953034,-0.052922337182,1.48450990748,0.344762182077,-0.0322135965456,0.0659611738791,100.0
30.494701,-0.786548648988,0.0659611738791,0.427597144623,0.0115048559091,-0.371990341062,1.51173806646,2.86279164539,95.4983901978,-0.31906800388,0.0866699145155,-0.0521553467881,1.48374291708,0.343995191683,-0.0318301013486,0.0659611738791,100.0
30.504700,-0.785398163397,0.0651941834851,0.428364135017,0.0111213607122,-0.371990341062,1.51212156166,2.86240815019,95.4983901978,-0.319451499077,0.0874369049095,-0.052922337182,1.48412641228,0.343995191683,-0.0322135965456,0.0655776786821,100.0
30.514701,-0.786932144185,0.0659611738791,0.427597144623,0.0115048559091,-0.371606845865,1.51250505686,2.86317514059,95.4983901978,-0.318684508683,0.0874369049095,-0.053689327576,1.48374291708,0.34437868688,-0.0318301013486,0.0648106882882,100.0
30.524703,-0.786932144185,0.0659611738791,0.427213649426,0.0118883511061,-0.372373836259,1.51250505686,2.86240815019,95.4983901978,-0.318301013486,0.0882038953034,-0.052922337182,1.48450990748,0.343995191683,-0.0322135965456,0.066344669076,100.0
30.534701,-0.786165153791,0.0655776786821,0.42798063982,0.0122718463031,-0.371606845865,1.51250505686,2.86279164539,95.4983901978,-0.318301013486,0.0870534097125,-0.0521553467881,1.48489340267,0.34437868688,-0.0314466061517,0.066344669076,100.0
30.544701,-0.786165153791,0.0655776786821,0.427213649426,0.0111213607122,-0.371990341062,1.51250505686,2.86317514059,95.4983901978,-0.31906800388,0.0870534097125,-0.053305832379,1.48450990748,0.34437868688,-0.0318301013486,0.0651941834851,100.0
30.554700,-0.785781658594,0.0655776786821,0.427597144623,0.0115048559091,-0.371606845865,1.51212156166,2.86279164539,95.4983901978,-0.318301013486,0.0870534097125,-0.052922337182,1.48412641228,0.34437868688,-0.0318301013486,0.0651941834851,100.0
30.564704,-0.785781658594,0.0655776786821,0.426830154229,0.0115048559091,-0.371990341062,1.51135457126,2.86317514059,95.4983901978,-0.317917518289,0.0874369049095,-0.053689327576,1.48412641228,0.34437868688,-0.0314466061517,0.0659611738791,100.0
30.574702,-0.785781658594,0.0659611738791,0.427213649426,0.0111213607122,-0.371990341062,1.51212156166,2.86279164539,95.4983901978,-0.318684508683,0.0882038953034,-0.053305832379,1.48297592669,0.34437868688,-0.0314466061517,0.0655776786821,100.0
30.584706,-0.786165153791,0.0651941834851,0.427213649426,0.0118883511061,-0.372373836259,1.51173806646,2.86240815019,95.4983901978,-0.31906800388,0.0874369049095,-0.0525388419851,1.48412641228,0.343995191683,-0.0314466061517,0.0659611738791,100.0
30.594706,-0.785398163397,0.0651941834851,0.427213649426,0.0118883511061,-0.371990341062,1.51212156166,2.86355863579,95.4983901978,-0.318301013486,0.0874369049095,-0.0521553467881,1.48335942189,0.34437868688,-0.0329805869395,0.0651941834851,100.0
30.604707,-0.785398163397,0.0659611738791,0.427597144623,0.0115048559091,-0.371990341062,1.51173806646,2.86317514059,95.4983901978,-0.317917518289,0.0874369049095,-0.0525388419851,1.48450990748,0.34437868688,-0.0318301013486,0.0659611738791,100.0
30.614707,-0.786548648988,0.0651941834851,0.42798063982,0.0118883511061,-0.371990341062,1.51212156166,2.86279164539,95.4983901978,-0.318684508683,0.0874369049095,-0.052922337182,1.48412641228,0.344762182077,-0.0322135965456,0.0659611738791,100.0
30.624709,-0.786548648988,0.0659611738791,0.42798063982,0.0122718463031,-0.372373836259,1.51288855205,2.86240815019,95.4983901978,-0.317917518289,0.0882038953034,-0.0525388419851,1.48412641228,0.34437868688,-0.0318301013486,0.0655776786821,100.0
30.634703,-0.786165153791,0.0659611738791,0.427213649426,0.0111213607122,-0.372373836259,1.51212156166,2.86394213098,95.4983901978,-0.317534023092,0.0878204001064,-0.054072822773,1.48412641228,0.34437868688,-0.0310631109547,0.0655776786821,100.0
30.644703,-0.785398163397,0.0659611738791,0.426830154229,0.0118883511061,-0.371990341062,1.51173806646,2.86355863579,95.4983901978,-0.318301013486,0.0874369049095,-0.052922337182,1.48450990748,0.343995191683,-0.0314466061517,0.0655776786821,100.0
30.654699,-0.786165153791,0.0655776786821,0.427597144623,0.0118883511061,-0.372373836259,1.51212156166,2.86279164539,95.4983901978,-0.318301013486,0.0874369049095,-0.052922337182,1.48412641228,0.343995191683,-0.0314466061517,0.066728164273,100.0
30.664703,-0.785781658594,0.0655776786821,0.427597144623,0.0122718463031,-0.371990341062,1.51173806646,2.86317514059,95.4983901978,-0.318684508683,0.0870534097125,-0.0525388419851,1.48412641228,0.343611696486,-0.0322135965456,0.0655776786821,100.0
30.674702,-0.785398163397,0.0659611738791,0.428364135017,0.0115048559091,-0.373140826653,1.51173806646,2.86355863579,95.4983901978,-0.318301013486,0.0866699145155,-0.053305832379,1.48412641228,0.34437868688,-0.0314466061517,0.0659611738791,100.0
30.684700,-0.785781658594,0.066344669076,0.428364135017,0.0111213607122,-0.372373836259,1.51212156166,2.86279164539,95.4983901978,-0.31906800388,0.0866699145155,-0.052922337182,1.48374291708,0.34437868688,-0.0310631109547,0.0651941834851,100.0
30.694700,-0.785781658594,0.0655776786821,0.427597144623,0.0111213607122,-0.371606845865,1.51250505686,2.86317514059,95.4983901978,-0.318301013486,0.0870534097125,-0.0525388419851,1.48489340267,0.344762182077,-0.0310631109547,0.0651941834851,100.0
30.704705,-0.785398163397,0.0655776786821,0.428364135017,0.0111213607122,-0.371990341062,1.51212156166,2.86317514059,95.4983901978,-0.317534023092,0.0870534097125,-0.0521553467881,1.48374291708,0.343995191683,-0.0325970917426,0.0651941834851,100.0
30.714707,-0.785781658594,0.0655776786821,0.428364135017,0.0107378655152,-0.371606845865,1.51250505686,2.86240815019,95.4983901978,-0.317917518289,0.0874369049095,-0.052922337182,1.48412641228,0.34437868688,-0.0314466061517,0.0655776786821,100.0
30.724705,-0.7850146682,0.0655776786821,0.428364135017,0.0111213607122,-0.372757331456,1.51173806646,2.86355863579,95.4983901978,-0.318301013486,0.0862864193186,-0.0521553467881,1.48374291708,0.343995191683,-0.0318301013486,0.0651941834851,100.0
30.734707,-0.784631173003,0.0651941834851,0.427213649426,0.0111213607122,-0.371606845865,1.51135457126,2.86279164539,95.4983901978,-0.317917518289,0.0870534097125,-0.0525388419851,1.48450990748,0.343995191683,-0.0322135965456,0.0648106882882,100.0
30.744707,-0.7850146682,0.0651941834851,0.42798063982,0.0115048559091,-0.371223350668,1.51250505686,2.86279164539,95.4983901978,-0.317917518289,0.0874369049095,-0.052922337182,1.48374291708,0.344762182077,-0.0322135965456,0.0651941834851,100.0
30.754707,-0.7850146682,0.0655776786821,0.42798063982,0.0111213607122,-0.371990341062,1.51212156166,2.86240815019,95.4983901978,-0.318301013486,0.0878204001064,-0.052922337182,1.48374291708,0.34437868688,-0.0314466061517,0.0659611738791,100.0
30.764707,-0.784247677806,0.0651941834851,0.427597144623,0.0107378655152,-0.371606845865,1.51212156166,2.86355863579,95.4983901978,-0.317150527895,0.0874369049095,-0.053305832379,1.48489340267,0.343995191683,-0.0322135965456,0.0651941834851,100.0
30.774704,-0.785781658594,0.0655776786821,0.426830154229,0.0111213607122,-0.372373836259,1.51212156166,2.86355863579,95.4983901978,-0.317917518289,0.0862864193186,-0.053689327576,1.48412641228,0.343995191683,-0.0314466061517,0.0644271930912,100.0
30.784703,-0.7850146682,0.0655776786821,0.428364135017,0.0103543703182,-0.371606845865,1.51212156166,2.86394213098,95.4983901978,-0.318684508683,0.0870534097125,-0.053305832379,1.48412641228,0.34437868688,-0.0322135965456,0.0659611738791,100.0
30.794704,-0.7850146682,0.0655776786821,0.428364135017,0.0115048559091,-0.371990341062,1.51288855205,2.86279164539,95.4983901978,-0.318684508683,0.0874369049095,-0.052922337182,1.48374291708,0.34437868688,-0.0322135965456,0.0659611738791,100.0
30.804704,-0.785398163397,0.0655776786821,0.428747630214,0.0115048559091,-0.371990341062,1.51250505686,2.86279164539,95.4983901978,-0.318301013486,0.0874369049095,-0.0517718515911,1.48374291708,0.34437868688,-0.0318301013486,0.0655776786821,100.0
30.814704,-0.785398163397,0.0659611738791,0.428747630214,0.0115048559091,-0.371990341062,1.51212156166,2.86279164539,95.4983901978,-0.318301013486,0.0870534097125,-0.053305832379,1.48489340267,0.344762182077,-0.0318301013486,0.0655776786821,100.0
30.824701,-0.785781658594,0.0655776786821,0.427213649426,0.0111213607122,-0.371990341062,1.51250505686,2.86317514059,95.4983901978,-0.318684508683,0.0874369049095,-0.052922337182,1.48412641228,0.343995191683,-0.0322135965456,0.0655776786821,100.0
30.834704,-0.7850146682,0.0651941834851,0.428364135017,0.0111213607122,-0.371606845865,1.51250505686,2.86317514059,95.4983901978,-0.317917518289,0.0874369049095,-0.052922337182,1.48450990748,0.34437868688,-0.0318301013486,0.0659611738791,100.0
30.844700,-0.784631173003,0.0659611738791,0.42798063982,0.0111213607122,-0.372757331456,1.51212156166,2.86317514059,95.4983901978,-0.317917518289,0.0870534097125,-0.053305832379,1.48450990748,0.344762182077,-0.0314466061517,0.0651941834851,100.0
30.854698,-0.7850146682,0.0655776786821,0.428364135017,0.0111213607122,-0.371990341062,1.51250505686,2.86355863579,95.4983901978,-0.318301013486,0.0870534097125,-0.053689327576,1.48374291708,0.34437868688,-0.0318301013486,0.0655776786821,100.0
30.864702,-0.786165153791,0.0659611738791,0.42798063982,0.0111213607122,-0.372373836259,1.51173806646,2.86355863579,95.4983901978,-0.318684508683,0.0878204001064,-0.0525388419851,1.48374291708,0.343995191683,-0.0314466061517,0.0640436978942,100.0
30.874703,-0.7850146682,0.0659611738791,0.427213649426,0.0111213607122,-0.371990341062,1.51250505686,2.86317514059,95.4983901978,-0.31906800388,0.0882038953034,-0.053305832379,1.48412641228,0.34437868688,-0.0322135965456,0.0655776786821,100.0
30.884703,-0.785398163397,0.0659611738791,0.42798063982,0.0103543703182,-0.372373836259,1.51173806646,2.86317514059,95.4983901978,-0.318684508683,0.0870534097125,-0.052922337182,1.48335942189,0.344762182077,-0.0310631109547,0.0659611738791,100.0
30.894705,-0.785781658594,0.0651941834851,0.427213649426,0.0107378655152,-0.372373836259,1.51135457126,2.86317514059,95.4983901978,-0.317917518289,0.0882038953034,-0.053305832379,1.48412641228,0.343995191683,-0.0314466061517,0.0651941834851,100.0
30.904701,-0.7850146682,0.0659611738791,0.427213649426,0.0111213607122,-0.371606845865,1.51212156166,2.86279164539,95.4983901978,-0.318301013486,0.0882038953034,-0.053305832379,1.48412641228,0.34437868688,-0.0322135965456,0.0648106882882,100.0
30.914703,-0.7850146682,0.0655776786821,0.42798063982,0.0111213607122,-0.371990341062,1.51173806646,2.86279164539,95.4983901978,-0.318301013486,0.0878204001064,-0.0525388419851,1.48374291708,0.34437868688,-0.0314466061517,0.0655776786821,100.0
30.924704,-0.7850146682,0.0655776786821,0.427597144623,0.0115048559091,-0.371606845865,1.51250505686,2.86279164539,95.4983901978,-0.318301013486,0.0874369049095,-0.054072822773,1.48450990748,0.344762182077,-0.0325970917426,0.066344669076,100.0
30.934706,-0.785398163397,0.0651941834851,0.427213649426,0.0111213607122,-0.371990341062,1.51173806646,2.86355863579,95.4983901978,-0.318684508683,0.0874369049095,-0.053305832379,1.48450990748,0.34437868688,-0.0318301013486,0.0655776786821,100.0
30.944703,-0.785398163397,0.0659611738791,0.42798063982,0.0107378655152,-0.372373836259,1.51250505686,2.86317514059,95.4983901978,-0.317917518289,0.0885873905004,-0.053305832379,1.48489340267,0.34437868688,-0.0322135965456,0.0655776786821,100.0
30.954702,-0.7850146682,0.0651941834851,0.428364135017,0.0111213607122,-0.371606845865,1.51250505686,2.86317514059,95.4983901978,-0.318684508683,0.0866699145155,-0.053305832379,1.48412641228,0.34437868688,-0.0318301013486,0.0659611738791,100.0
30.964699,-0.786165153791,0.0655776786821,0.427213649426,0.0107378655152,-0.371990341062,1.51288855205,2.86317514059,95.4983901978,-0.318301013486,0.0874369049095,-0.0521553467881,1.48489340267,0.344762182077,-0.0318301013486,0.0659611738791,100.0
30.974700,-0.785398163397,0.0655776786821,0.428364135017,0.0111213607122,-0.371990341062,1.51173806646,2.86355863579,95.4983901978,-0.318301013486,0.0874369049095,-0.053305832379,1.48450990748,0.344762182077,-0.0322135965456,0.0659611738791,100.0
30.984701,-0.785398163397,0.0659611738791,0.428364135017,0.0111213607122,-0.371990341062,1.51250505686,2.86317514059,95.4983901978,-0.318301013486,0.0874369049095,-0.0525388419851,1.48450990748,0.343995191683,-0.0318301013486,0.0651941834851,100.0
30.994703,-0.785398163397,0.0659611738791,0.42798063982,0.0107378655152,-0.372373836259,1.51212156166,2.86355863579,95.4983901978,-0.317917518289,0.0878204001064,-0.053305832379,1.48450990748,0.34437868688,-0.0322135965456,0.0659611738791,100.0
31.004699,-0.785398163397,0.0659611738791,0.428364135017,0.0118883511061,-0.372373836259,1.51212156166,2.86355863579,95.4983901978,-0.318301013486,0.0882038953034,-0.0521553467881,1.48374291708,0.34437868688,-0.0325970917426,0.0659611738791,100.0
31.014700,-0.784631173003,0.0655776786821,0.427597144623,0.0103543703182,-0.371990341062,1.51250505686,2.86317514059,95.4983901978,-0.31906800388,0.0862864193186,-0.053305832379,1.48335942189,0.344762182077,-0.0318301013486,0.0651941834851,100.0
31.024702,-0.785398163397,0.0659611738791,0.42798063982,0.0107378655152,-0.371606845865,1.51212156166,2.86279164539,95.4983901978,-0.318684508683,0.0882038953034,-0.052922337182,1.48412641228,0.344762182077,-0.0318301013486,0.0651941834851,100.0
31.034702,-0.785398163397,0.0651941834851,0.428747630214,0.0111213607122,-0.371606845865,1.51212156166,2.86317514059,95.4983901978,-0.318301013486,0.0882038953034,-0.0525388419851,1.48335942189,0.34437868688,-0.0322135965456,0.066344669076,100.0
31.044703,-0.785781658594,0.0659611738791,0.42798063982,0.0115048559091,-0.371990341062,1.51288855205,2.86355863579,95.4983901978,-0.318684508683,0.0866699145155,-0.0521553467881,1.48297592669,0.344762182077,-0.0318301013486,0.0659611738791,100.0
31.054703,-0.785398163397,0.0655776786821,0.42798063982,0.0111213607122,-0.372757331456,1.51173806646,2.86240815019,95.4983901978,-0.31906800388,0.0874369049095,-0.053689327576,1.48450990748,0.34437868688,-0.0314466061517,0.0648106882882,100.0
31.064700,-0.785398163397,0.0651941834851,0.428747630214,0.0107378655152,-0.371990341062,1.51212156166,2.86317514059,95.4983901978,-0.318684508683,0.0882038953034,-0.052922337182,1.48489340267,0.344762182077,-0.0314466061517,0.0655776786821,100.0
31.074700,-0.7850146682,0.0659611738791,0.427597144623,0.0111213607122,-0.371990341062,1.51250505686,2.86317514059,95.4983901978,-0.317917518289,0.0882038953034,-0.052922337182,1.48374291708,0.34437868688,-0.0314466061517,0.0655776786821,100.0
31.084699,-0.785398163397,0.0655776786821,0.427597144623,0.0111213607122,-0.371606845865,1.51250505686,2.86240815019,95.4983901978,-0.318301013486,0.0874369049095,-0.053305832379,1.48412641228,0.34437868688,-0.0314466061517,0.0655776786821,100.0
31.094701,-0.7850146682,0.0651941834851,0.428364135017,0.0103543703182,-0.372757331456,1.51212156166,2.86317514059,95.4983901978,-0.318301013486,0.0882038953034,-0.053305832379,1.48335942189,0.343995191683,-0.0322135965456,0.0655776786821,100.0
31.104701,-0.786165153791,0.0655776786821,0.42798063982,0.0103543703182,-0.371606845865,1.51250505686,2.86279164539,95.4983901978,-0.317917518289,0.0885873905004,-0.0525388419851,1.48450990748,0.34437868688,-0.0310631109547,0.0659611738791,100.0
31.114699,-0.7850146682,0.0659611738791,0.428747630214,0.0103543703182,-0.372373836259,1.51212156166,2.86317514059,95.4983901978,-0.318301013486,0.0870534097125,-0.053305832379,1.48527689787,0.344762182077,-0.0322135965456,0.0655776786821,100.0
31.124703,-0.785398163397,0.0655776786821,0.427213649426,0.0103543703182,-0.371990341062,1.51288855205,2.86317514059,95.4983901978,-0.318301013486,0.0874369049095,-0.0521553467881,1.48374291708,0.34437868688,-0.0325970917426,0.0651941834851,100.0
31.134699,-0.785398163397,0.0651941834851,0.42798063982,0.0103543703182,-0.371990341062,1.51288855205,2.86355863579,95.4983901978,-0.317534023092,0.0862864193186,-0.0521553467881,1.48374291708,0.343995191683,-0.0325970917426,0.066344669076,100.0
31.144696,-0.7850146682,0.0655776786821,0.427213649426,0.0103543703182,-0.371606845865,1.51212156166,2.86317514059,95.4983901978,-0.318301013486,0.0866699145155,-0.0521553467881,1.48412641228,0.345145677274,-0.0314466061517,0.0659611738791,100.0
31.154697,-0.785398163397,0.0648106882882,0.427213649426,0.00997087512126,-0.372373836259,1.51250505686,2.86355863579,95.4983901978,-0.317917518289,0.0874369049095,-0.053305832379,1.48412641228,0.34437868688,-0.0322135965456,0.0659611738791,100.0
31.164697,-0.7850146682,0.0659611738791,0.428364135017,0.00997087512126,-0.371990341062,1.51250505686,2.86279164539,95.4983901978,-0.318684508683,0.0874369049095,-0.053305832379,1.48374291708,0.34437868688,-0.0314466061517,0.066344669076,100.0
31.174697,-0.785781658594,0.0659611738791,0.428364135017,0.0103543703182,-0.371990341062,1.51250505686,2.86355863579,95.4983901978,-0.318684508683,0.0882038953034,-0.053305832379,1.48450990748,0.34437868688,-0.0322135965456,0.0655776786821,100.0
31.184697,-0.7850146682,0.0659611738791,0.428747630214,0.00958737992428,-0.371990341062,1.51288855205,2.86355863579,95.4983901978,-0.318684508683,0.0878204001064,-0.0525388419851,1.48374291708,0.34437868688,-0.0310631109547,0.0659611738791,100.0
31.194699,-0.785398163397,0.0659611738791,0.428364135017,0.00997087512126,-0.372373836259,1.51212156166,2.86317514059,95.4983901978,-0.318301013486,0.0885873905004,-0.053305832379,1.48335942189,0.34437868688,-0.0322135965456,0.0655776786821,100.0
31.204698,-0.784631173003,0.0648106882882,0.428364135017,0.00958737992428,-0.371990341062,1.51212156166,2.86317514059,95.4983901978,-0.317917518289,0.0866699145155,-0.0525388419851,1.48489340267,0.344762182077,-0.0322135965456,0.0651941834851,100.0
31.214695,-0.785398163397,0.0655776786821,0.42798063982,0.00997087512126,-0.371990341062,1.51173806646,2.86355863579,95.4983901978,-0.317534023092,0.0874369049095,-0.0525388419851,1.48489340267,0.344762182077,-0.0318301013486,0.0655776786821,100.0
31.224696,-0.785398163397,0.0651941834851,0.429131125411,0.00997087512126,-0.371223350668,1.51212156166,2.86317514059,95.4983901978,-0.318301013486,0.0866699145155,-0.0521553467881,1.48412641228,0.34437868688,-0.0322135965456,0.0651941834851,100.0
31.234694,-0.785398163397,0.0655776786821,0.428364135017,0.00997087512126,-0.371990341062,1.51212156166,2.86355863579,95.4983901978,-0.318684508683,0.0874369049095,-0.053305832379,1.48374291708,0.344762182077,-0.0318301013486,0.066344669076,100.0
31.244699,-0.785398163397,0.0659611738791,0.427597144623,0.00920388472731,-0.371223350668,1.51212156166,2.86355863579,95.4983901978,-0.31906800388,0.0874369049095,-0.053305832379,1.48450990748,0.34437868688,-0.0322135965456,0.0655776786821,100.0
31.254700,-0.7850146682,0.0655776786821,0.428364135017,0.00997087512126,-0.372373836259,1.51173806646,2.86279164539,95.4983901978,-0.318684508683,0.0866699145155,-0.053305832379,1.48374291708,0.34437868688,-0.0318301013486,0.0651941834851,100.0
31.264699,-0.784631173003,0.0655776786821,0.427597144623,0.00958737992428,-0.371606845865,1.51250505686,2.86317514059,95.4983901978,-0.318301013486,0.0878204001064,-0.052922337182,1.48450990748,0.34437868688,-0.0318301013486,0.0651941834851,100.0
31.274697,-0.785398163397,0.0655776786821,0.427597144623,0.00958737992428,-0.371606845865,1.51212156166,2.86317514059,95.4983901978,-0.318684508683,0.0870534097125,-0.053689327576,1.48335942189,0.34437868688,-0.0310631109547,0.0659611738791,100.0
31.284698,-0.785398163397,0.0655776786821,0.428364135017,0.00958737992428,-0.372757331456,1.51250505686,2.86317514059,95.4983901978,-0.318301013486,0.0874369049095,-0.0525388419851,1.48335942189,0.343995191683,-0.0318301013486,0.0659611738791,100.0
31.294699,-0.784631173003,0.0655776786821,0.428364135017,0.00958737992428,-0.371606845865,1.51250505686,2.86279164539,95.4983901978,-0.318301013486,0.0878204001064,-0.0525388419851,1.48527689787,0.34437868688,-0.0314466061517,0.0651941834851,100.0
31.304698,-0.785398163397,0.0659611738791,0.428364135017,0.00958737992428,-0.372373836259,1.51173806646,2.86240815019,95.4983901978,-0.317917518289,0.0882038953034,-0.052922337182,1.48335942189,0.344762182077,-0.0318301013486,0.0659611738791,100.0
31.314696,-0.784631173003,0.0655776786821,0.427597144623,0.00882038953034,-0.372373836259,1.51212156166,2.86394213098,95.4983901978,-0.318684508683,0.0882038953034,-0.052922337182,1.48412641228,0.345529172471,-0.0314466061517,0.0648106882882,100.0
31.324695,-0.785398163397,0.0651941834851,0.428364135017,0.00958737992428,-0.372373836259,1.51173806646,2.86279164539,95.4983901978,-0.318301013486,0.0878204001064,-0.0525388419851,1.48450990748,0.34437868688,-0.0325970917426,0.0659611738791,100.0
31.334696,-0.7850146682,0.0651941834851,0.428364135017,0.00920388472731,-0.371990341062,1.51212156166,2.86355863579,95.4983901978,-0.318684508683,0.0870534097125,-0.052922337182,1.48412641228,0.34437868688,-0.0318301013486,0.0655776786821,100.0
31.344697,-0.785398163397,0.0651941834851,0.42798063982,0.00997087512126,-0.372373836259,1.51212156166,2.86279164539,95.4983901978,-0.318301013486,0.0866699145155,-0.0517718515911,1.48489340267,0.34437868688,-0.0322135965456,0.0655776786821,100.0
31.354696,-0.7850146682,0.0655776786821,0.428364135017,0.00882038953034,-0.372373836259,1.51250505686,2.86317514059,95.4983901978,-0.318301013486,0.0878204001064,-0.052922337182,1.48335942189,0.34437868688,-0.0314466061517,0.0651941834851,100.0
31.364697,-0.784631173003,0.0648106882882,0.42798063982,0.00958737992428,-0.371606845865,1.51288855205,2.86355863579,95.4983901978,-0.318684508683,0.0878204001064,-0.0525388419851,1.48374291708,0.34437868688,-0.0318301013486,0.0655776786821,100.0
31.374696,-0.785398163397,0.0655776786821,0.428364135017,0.00920388472731,-0.371990341062,1.51173806646,2.86279164539,95.4983901978,-0.318684508683,0.0870534097125,-0.053305832379,1.48412641228,0.344762182077,-0.0318301013486,0.0655776786821,100.0
31.384697,-0.784631173003,0.0651941834851,0.428364135017,0.00882038953034,-0.372373836259,1.51250505686,2.86317514059,95.4983901978,-0.31906800388,0.0874369049095,-0.052922337182,1.48450990748,0.34437868688,-0.0314466061517,0.0655776786821,100.0
31.394700,-0.786165153791,0.0655776786821,0.428364135017,0.00920388472731,-0.371606845865,1.51173806646,2.86240815019,95.4983901978,-0.318684508683,0.0878204001064,-0.052922337182,1.48450990748,0.34437868688,-0.0322135965456,0.0651941834851,100.0
31.404697,-0.786165153791,0.0655776786821,0.428364135017,0.00920388472731,-0.372373836259,1.51250505686,2.86317514059,95.4983901978,-0.317150527895,0.0878204001064,-0.053305832379,1.48412641228,0.345145677274,-0.0322135965456,0.0651941834851,100.0
31.414695,-0.785398163397,0.0655776786821,0.427597144623,0.00920388472731,-0.371990341062,1.51135457126,2.86240815019,95.4983901978,-0.318301013486,0.0870534097125,-0.053689327576,1.48450990748,0.343995191683,-0.0325970917426,0.0651941834851,100.0
31.424698,-0.7850146682,0.0655776786821,0.427597144623,0.00920388472731,-0.371990341062,1.51250505686,2.86240815019,95.4983901978,-0.318684508683,0.0878204001064,-0.053689327576,1.48450990748,0.343611696486,-0.0322135965456,0.0655776786821,100.0
31.434697,-0.7850146682,0.0651941834851,0.427597144623,0.00958737992428,-0.371990341062,1.51250505686,2.86279164539,95.4983901978,-0.318301013486,0.0870534097125,-0.052922337182,1.48374291708,0.34437868688,-0.0322135965456,0.0655776786821,100.0
31.444697,-0.7850146682,0.0659611738791,0.428364135017,0.0103543703182,-0.371990341062,1.51173806646,2.86279164539,95.4983901978,-0.318301013486,0.0878204001064,-0.052922337182,1.48450990748,0.344762182077,-0.0318301013486,0.0651941834851,100.0
31.454698,-0.784247677806,0.0655776786821,0.42798063982,0.00920388472731,-0.371606845865,1.51173806646,2.86279164539,95.4983901978,-0.31906800388,0.0866699145155,-0.0521553467881,1.48374291708,0.343995191683,-0.0314466061517,0.0655776786821,100.0
31.464698,-0.7850146682,0.0659611738791,0.42798063982,0.00958737992428,-0.371990341062,1.51212156166,2.86317514059,95.4983901978,-0.318301013486,0.0866699145155,-0.052922337182,1.48450990748,0.343995191683,-0.0318301013486,0.0648106882882,100.0
31.474697,-0.7850146682,0.0659611738791,0.427597144623,0.00882038953034,-0.371990341062,1.51250505686,2.86317514059,95.4983901978,-0.317917518289,0.0874369049095,-0.053689327576,1.48374291708,0.34437868688,-0.0322135965456,0.0655776786821,100.0
31.484702,-0.785398163397,0.0655776786821,0.42798063982,0.00920388472731,-0.371606845865,1.51212156166,2.86240815019,95.4983901978,-0.318684508683,0.0874369049095,-0.052922337182,1.48412641228,0.344762182077,-0.0314466061517,0.066344669076,100.0
31.494703,-0.784631173003,0.0655776786821,0.428747630214,0.00920388472731,-0.371990341062,1.51212156166,2.86355863579,95.4983901978,-0.318301013486,0.0882038953034,-0.052922337182,1.48374291708,0.34437868688,-0.0310631109547,0.0659611738791,100.0
31.504702,-0.784247677806,0.066344669076,0.428364135017,0.00958737992428,-0.371990341062,1.51212156166,2.86317514059,95.4983901978,-0.317917518289,0.0874369049095,-0.053689327576,1.48374291708,0.343995191683,-0.0318301013486,0.066728164273,100.0
31.514701,-0.7850146682,0.0655776786821,0.427597144623,0.00997087512126,-0.371223350668,1.51173806646,2.86355863579,95.4983901978,-0.318301013486,0.0878204001064,-0.053305832379,1.48374291708,0.343995191683,-0.0322135965456,0.0659611738791,100.0
31.524699,-0.786165153791,0.0655776786821,0.428747630214,0.00882038953034,-0.372373836259,1.51173806646,2.86317514059,95.4983901978,-0.318684508683,0.0882038953034,-0.052922337182,1.48412641228,0.34437868688,-0.0318301013486,0.0651941834851,100.0
31.534699,-0.784631173003,0.0659611738791,0.42798063982,0.0103543703182,-0.371606845865,1.51250505686,2.86279164539,95.4983901978,-0.318301013486,0.0882038953034,-0.053305832379,1.48374291708,0.343995191683,-0.0314466061517,0.0659611738791,100.0
31.544695,-0.7850146682,0.0655776786821,0.428364135017,0.00920388472731,-0.371990341062,1.51135457126,2.86317514059,95.4983901978,-0.31906800388,0.0870534097125,-0.052922337182,1.48374291708,0.344762182077,-0.0310631109547,0.0655776786821,100.0
31.554696,-0.7850146682,0.0659611738791,0.428747630214,0.00882038953034,-0.371606845865,1.51212156166,2.86240815019,95.4983901978,-0.317917518289,0.0882038953034,-0.052922337182,1.48412641228,0.343995191683,-0.0318301013486,0.0655776786821,100.0
31.564693,-0.784247677806,0.0651941834851,0.429131125411,0.00882038953034,-0.370839855471,1.51212156166,2.86355863579,95.4983901978,-0.317917518289,0.0866699145155,-0.052922337182,1.48489340267,0.343995191683,-0.0322135965456,0.0648106882882,100.0
31.574695,-0.784631173003,0.0659611738791,0.42798063982,0.00958737992428,-0.370839855471,1.51212156166,2.86394213098,95.4983901978,-0.317150527895,0.0874369049095,-0.053305832379,1.48374291708,0.34437868688,-0.0318301013486,0.0655776786821,100.0
31.584698,-0.7850146682,0.0655776786821,0.428364135017,0.00958737992428,-0.371606845865,1.51173806646,2.86355863579,95.4983901978,-0.318684508683,0.0874369049095,-0.053689327576,1.48450990748,0.34437868688,-0.0322135965456,0.0655776786821,100.0
31.594700,-0.784631173003,0.0651941834851,0.428364135017,0.00958737992428,-0.371223350668,1.51250505686,2.86279164539,95.4983901978,-0.318301013486,0.0878204001064,-0.053305832379,1.48412641228,0.343995191683,-0.0325970917426,0.0659611738791,100.0
31.604698,-0.783480687412,0.0659611738791,0.428364135017,0.00958737992428,-0.371223350668,1.51212156166,2.86317514059,95.4983901978,-0.317534023092,0.0870534097125,-0.052922337182,1.48374291708,0.34437868688,-0.0314466061517,0.066344669076,100.0
31.614697,-0.784247677806,0.0651941834851,0.427597144623,0.00997087512126,-0.370839855471,1.51212156166,2.86317514059,95.4983901978,-0.318301013486,0.0874369049095,-0.052922337182,1.48450990748,0.343995191683,-0.0310631109547,0.0659611738791,100.0
31.624697,-0.784247677806,0.0655776786821,0.428364135017,0.00920388472731,-0.371606845865,1.51250505686,2.86317514059,95.4983901978,-0.318684508683,0.0874369049095,-0.053689327576,1.48412641228,0.343995191683,-0.0325970917426,0.0655776786821,100.0
31.634697,-0.7850146682,0.0659611738791,0.427597144623,0.00958737992428,-0.371223350668,1.51250505686,2.86279164539,95.4983901978,-0.318684508683,0.0874369049095,-0.052922337182,1.48335942189,0.345145677274,-0.0318301013486,0.0651941834851,100.0
31.644695,-0.784631173003,0.0651941834851,0.428364135017,0.00997087512126,-0.371606845865,1.51250505686,2.86355863579,95.4983901978,-0.318301013486,0.0874369049095,-0.052922337182,1.48450990748,0.344762182077,-0.0310631109547,0.0655776786821,100.0
31.654696,-0.784631173003,0.0648106882882,0.427597144623,0.00997087512126,-0.371223350668,1.51250505686,2.86279164539,95.4983901978,-0.318684508683,0.0878204001064,-0.053689327576,1.48335942189,0.343995191683,-0.0318301013486,0.0655776786821,100.0
31.664695,-0.784631173003,0.0651941834851,0.428364135017,0.00958737992428,-0.371223350668,1.51288855205,2.86279164539,95.4983901978,-0.318684508683,0.0870534097125,-0.053689327576,1.48450990748,0.34437868688,-0.0322135965456,0.0655776786821,100.0
31.674694,-0.7850146682,0.0655776786821,0.427597144623,0.00997087512126,-0.370456360274,1.51212156166,2.86279164539,95.4983901978,-0.318301013486,0.0870534097125,-0.053689327576,1.48450990748,0.344762182077,-0.0306796157577,0.066728164273,100.0
31.684697,-0.784631173003,0.0651941834851,0.427597144623,0.00958737992428,-0.371223350668,1.51212156166,2.86317514059,95.4983901978,-0.318684508683,0.0870534097125,-0.053305832379,1.48297592669,0.344762182077,-0.0314466061517,0.0659611738791,100.0
31.694702,-0.784631173003,0.0644271930912,0.428364135017,0.00882038953034,-0.371223350668,1.51173806646,2.86317514059,95.4983901978,-0.318301013486,0.0862864193186,-0.053305832379,1.48412641228,0.344762182077,-0.0318301013486,0.0655776786821,100.0
31.704699,-0.784247677806,0.0651941834851,0.42798063982,0.00958737992428,-0.370839855471,1.51250505686,2.86317514059,95.4983901978,-0.31906800388,0.0878204001064,-0.052922337182,1.48374291708,0.344762182077,-0.0318301013486,0.0659611738791,100.0
31.714698,-0.7850146682,0.0655776786821,0.428747630214,0.00958737992428,-0.370839855471,1.51250505686,2.86279164539,95.4983901978,-0.318301013486,0.0870534097125,-0.052922337182,1.48374291708,0.343611696486,-0.0310631109547,0.0651941834851,100.0
31.724699,-0.784247677806,0.0655776786821,0.427213649426,0.00882038953034,-0.370456360274,1.51212156166,2.86279164539,95.4983901978,-0.318301013486,0.0866699145155,-0.053305832379,1.48489340267,0.343611696486,-0.0314466061517,0.066728164273,100.0
31.734699,-0.784247677806,0.0655776786821,0.427213649426,0.00920388472731,-0.371223350668,1.51212156166,2.86317514059,95.4983901978,-0.318684508683,0.0870534097125,-0.052922337182,1.48335942189,0.343995191683,-0.0322135965456,0.0659611738791,100.0
31.744699,-0.784631173003,0.0651941834851,0.427597144623,0.00958737992428,-0.370839855471,1.51212156166,2.86317514059,95.4983901978,-0.317534023092,0.0878204001064,-0.052922337182,1.48489340267,0.344762182077,-0.0318301013486,0.066728164273,100.0
31.754697,-0.784631173003,0.0648106882882,0.427597144623,0.00920388472731,-0.370456360274,1.51250505686,2.86317514059,95.4983901978,-0.318301013486,0.0878204001064,-0.053305832379,1.48489340267,0.343995191683,-0.0314466061517,0.0651941834851,100.0
31.764699,-0.784247677806,0.0651941834851,0.427597144623,0.0103543703182,-0.370839855471,1.51173806646,2.86317514059,95.4983901978,-0.318301013486,0.0874369049095,-0.052922337182,1.48412641228,0.34437868688,-0.0310631109547,0.066344669076,100.0
31.774700,-0.784631173003,0.0648106882882,0.42798063982,0.00920388472731,-0.371606845865,1.51288855205,2.86394213098,95.4983901978,-0.318301013486,0.0882038953034,-0.052922337182,1.48489340267,0.34437868688,-0.0325970917426,0.0655776786821,100.0
31.784698,-0.784247677806,0.0648106882882,0.427597144623,0.00920388472731,-0.370456360274,1.51250505686,2.86279164539,95.4983901978,-0.31906800388,0.0874369049095,-0.053689327576,1.48489340267,0.344762182077,-0.0329805869395,0.0651941834851,100.0
31.794701,-0.784631173003,0.0651941834851,0.42798063982,0.00958737992428,-0.371223350668,1.51250505686,2.86279164539,95.4983901978,-0.318301013486,0.0870534097125,-0.0525388419851,1.48450990748,0.34437868688,-0.0314466061517,0.0655776786821,100.0
31.804698,-0.784631173003,0.0648106882882,0.428364135017,0.00958737992428,-0.370456360274,1.51212156166,2.86279164539,95.4983901978,-0.318301013486,0.0878204001064,-0.053689327576,1.48450990748,0.343995191683,-0.0314466061517,0.0659611738791,100.0
31.814699,-0.7850146682,0.0648106882882,0.42798063982,0.00997087512126,-0.371606845865,1.51212156166,2.86317514059,95.4983901978,-0.31906800388,0.0878204001064,-0.0525388419851,1.48527689787,0.34437868688,-0.0318301013486,0.0659611738791,100.0
31.824698,-0.784631173003,0.0648106882882,0.42798063982,0.00920388472731,-0.370839855471,1.51327204725,2.86317514059,95.4983901978,-0.318684508683,0.0874369049095,-0.053689327576,1.48450990748,0.343995191683,-0.0314466061517,0.0655776786821,100.0
31.834699,-0.784631173003,0.0648106882882,0.42798063982,0.00920388472731,-0.371223350668,1.51212156166,2.86279164539,95.4983901978,-0.318301013486,0.0878204001064,-0.052922337182,1.48450990748,0.344762182077,-0.0310631109547,0.0651941834851,100.0
31.844705,-0.785398163397,0.0651941834851,0.427597144623,0.00997087512126,-0.370839855471,1.51212156166,2.86279164539,95.4983901978,-0.31906800388,0.0878204001064,-0.053305832379,1.48412641228,0.34437868688,-0.0322135965456,0.0651941834851,100.0
31.854702,-0.783864182609,0.0651941834851,0.42798063982,0.00920388472731,-0.370456360274,1.51212156166,2.86279164539,95.4983901978,-0.317917518289,0.0885873905004,-0.053305832379,1.48412641228,0.34437868688,-0.0325970917426,0.0644271930912,100.0
31.864699,-0.784631173003,0.0648106882882,0.428364135017,0.00920388472731,-0.370072865077,1.51173806646,2.86240815019,95.4983901978,-0.317917518289,0.0874369049095,-0.052922337182,1.48412641228,0.345145677274,-0.0314466061517,0.0651941834851,100.0
31.874699,-0.7850146682,0.0648106882882,0.42798063982,0.00958737992428,-0.370072865077,1.51212156166,2.86394213098,95.4983901978,-0.317917518289,0.0874369049095,-0.053305832379,1.48450990748,0.34437868688,-0.0325970917426,0.0651941834851,100.0
31.884697,-0.7850146682,0.0648106882882,0.42798063982,0.00920388472731,-0.370456360274,1.51173806646,2.86317514059,95.4983901978,-0.318301013486,0.0870534097125,-0.052922337182,1.48489340267,0.343995191683,-0.0322135965456,0.0655776786821,100.0
31.894698,-0.784247677806,0.0648106882882,0.42798063982,0.00920388472731,-0.370072865077,1.51212156166,2.86317514059,95.4983901978,-0.317917518289,0.0874369049095,-0.052922337182,1.48412641228,0.34437868688,-0.0314466061517,0.0655776786821,100.0
31.904697,-0.784247677806,0.0644271930912,0.42798063982,0.00997087512126,-0.370839855471,1.51212156166,2.86279164539,95.4983901978,-0.318301013486,0.0862864193186,-0.053689327576,1.48450990748,0.344762182077,-0.0314466061517,0.0655776786821,100.0
31.914697,-0.784631173003,0.0644271930912,0.428364135017,0.00997087512126,-0.370072865077,1.51212156166,2.86317514059,95.4983901978,-0.318684508683,0.0878204001064,-0.052922337182,1.48450990748,0.34437868688,-0.0322135965456,0.066728164273,100.0
31.924701,-0.784631173003,0.0640436978942,0.428364135017,0.00920388472731,-0.370072865077,1.51212156166,2.86394213098,95.4983901978,-0.318684508683,0.0874369049095,-0.0521553467881,1.48412641228,0.34437868688,-0.0318301013486,0.0659611738791,100.0
31.934700,-0.784631173003,0.0640436978942,0.427597144623,0.0103543703182,-0.370072865077,1.51212156166,2.86240815019,95.4983901978,-0.318684508683,0.0866699145155,-0.053305832379,1.48412641228,0.343995191683,-0.0314466061517,0.0651941834851,100.0
31.944698,-0.784247677806,0.0644271930912,0.428364135017,0.00920388472731,-0.36968936988,1.51250505686,2.86394213098,95.4983901978,-0.318684508683,0.0874369049095,-0.0525388419851,1.48527689787,0.34437868688,-0.0318301013486,0.0659611738791,100.0
31.954704,-0.785398163397,0.0640436978942,0.428364135017,0.00997087512126,-0.370456360274,1.51288855205,2.86317514059,95.4983901978,-0.318684508683,0.0878204001064,-0.053689327576,1.48527689787,0.34437868688,-0.0306796157577,0.0659611738791,100.0
31.964698,-0.7850146682,0.0644271930912,0.428364135017,0.00958737992428,-0.370456360274,1.51212156166,2.86279164539,95.4983901978,-0.318684508683,0.0874369049095,-0.053305832379,1.48412641228,0.34437868688,-0.0314466061517,0.0651941834851,100.0
31.974698,-0.785398163397,0.0636602026972,0.427597144623,0.00920388472731,-0.370072865077,1.51212156166,2.862024655,95.4983901978,-0.318684508683,0.0874369049095,-0.052922337182,1.48489340267,0.34437868688,-0.0314466061517,0.066344669076,100.0
31.984700,-0.784631173003,0.0644271930912,0.42798063982,0.00920388472731,-0.370072865077,1.51212156166,2.86049067421,95.4983901978,-0.318684508683,0.0870534097125,-0.0525388419851,1.48412641228,0.343611696486,-0.0314466061517,0.066344669076,100.0
31.994700,-0.7850146682,0.0640436978942,0.427213649426,0.00958737992428,-0.370456360274,1.51288855205,2.85934018862,95.4983901978,-0.317917518289,0.0874369049095,-0.0525388419851,1.48489340267,0.34437868688,-0.0310631109547,0.0655776786821,100.0
32.004700,-0.784247677806,0.0636602026972,0.42798063982,0.00997087512126,-0.370456360274,1.51250505686,2.85972368382,95.4983901978,-0.319451499077,0.0870534097125,-0.053689327576,1.48450990748,0.344762182077,-0.0318301013486,0.0659611738791,100.0
32.014696,-0.7850146682,0.0636602026972,0.427213649426,0.00882038953034,-0.36968936988,1.51250505686,2.86049067421,95.4983901978,-0.318301013486,0.0859029241216,-0.053689327576,1.48450990748,0.34437868688,-0.0318301013486,0.0659611738791,100.0
32.024696,-0.785398163397,0.0640436978942,0.427597144623,0.00920388472731,-0.370456360274,1.51250505686,2.86010717901,95.4983901978,-0.318301013486,0.0870534097125,-0.052922337182,1.48412641228,0.34437868688,-0.0318301013486,0.0655776786821,100.0
32.034698,-0.784631173003,0.0636602026972,0.42798063982,0.00920388472731,-0.36968936988,1.51212156166,2.86010717901,95.4983901978,-0.318301013486,0.0866699145155,-0.0525388419851,1.48450990748,0.34437868688,-0.0318301013486,0.0659611738791,100.0
32.044701,-0.785398163397,0.0644271930912,0.42798063982,0.00882038953034,-0.370072865077,1.51212156166,2.86010717901,95.4983901978,-0.318301013486,0.0870534097125,-0.053305832379,1.48412641228,0.343995191683,-0.0318301013486,0.0651941834851,100.0
32.054697,-0.7850146682,0.0644271930912,0.428364135017,0.00958737992428,-0.370072865077,1.51250505686,2.86049067421,95.4983901978,-0.317917518289,0.0870534097125,-0.053305832379,1.48450990748,0.343611696486,-0.0325970917426,0.0655776786821,100.0
32.064699,-0.7850146682,0.0636602026972,0.42798063982,0.00958737992428,-0.36968936988,1.51250505686,2.85972368382,95.4983901978,-0.318684508683,0.0878204001064,-0.052922337182,1.48412641228,0.34437868688,-0.0322135965456,0.066728164273,100.0
32.074695,-0.785398163397,0.0636602026972,0.42798063982,0.00920388472731,-0.370839855471,1.51212156166,2.86087416941,95.4983901978,-0.318301013486,0.0878204001064,-0.053305832379,1.48374291708,0.345145677274,-0.0310631109547,0.0648106882882,100.0
32.084697,-0.785398163397,0.0644271930912,0.427597144623,0.00958737992428,-0.36968936988,1.51250505686,2.85972368382,95.4983901978,-0.318301013486,0.0870534097125,-0.0525388419851,1.48450990748,0.34437868688,-0.0322135965456,0.0659611738791,100.0
32.094701,-0.7850146682,0.0636602026972,0.427597144623,0.00920388472731,-0.370072865077,1.51288855205,2.85972368382,95.4983901978,-0.318301013486,0.0870534097125,-0.052922337182,1.48412641228,0.34437868688,-0.0310631109547,0.0655776786821,100.0
32.104699,-0.7850146682,0.0644271930912,0.427213649426,0.00920388472731,-0.370456360274,1.51212156166,2.86010717901,95.4983901978,-0.317917518289,0.0870534097125,-0.053305832379,1.48450990748,0.343995191683,-0.0318301013486,0.0659611738791,100.0
32.114703,-0.784247677806,0.0640436978942,0.428364135017,0.00997087512126,-0.36968936988,1.51288855205,2.85972368382,95.4983901978,-0.318301013486,0.0878204001064,-0.0525388419851,1.48412641228,0.343611696486,-0.0318301013486,0.0655776786821,100.0
32.124698,-0.784247677806,0.0636602026972,0.42798063982,0.00920388472731,-0.370456360274,1.51250505686,2.86010717901,95.4983901978,-0.318301013486,0.0870534097125,-0.052922337182,1.48412641228,0.34437868688,-0.0322135965456,0.0659611738791,100.0
32.134697,-0.7850146682,0.0636602026972,0.427597144623,0.0103543703182,-0.370072865077,1.51212156166,2.86010717901,95.4983901978,-0.317917518289,0.0870534097125,-0.052922337182,1.48374291708,0.345145677274,-0.0314466061517,0.066344669076,100.0
32.144698,-0.785398163397,0.0640436978942,0.427597144623,0.00958737992428,-0.370456360274,1.51173806646,2.86049067421,95.4983901978,-0.318301013486,0.0874369049095,-0.0525388419851,1.48450990748,0.343995191683,-0.0314466061517,0.0659611738791,100.0
32.154700,-0.785398163397,0.0636602026972,0.428364135017,0.00920388472731,-0.370456360274,1.51173806646,2.86049067421,95.4983901978,-0.318684508683,0.0882038953034,-0.053305832379,1.48489340267,0.34437868688,-0.0314466061517,0.0651941834851,100.0
32.164696,-0.784247677806,0.0636602026972,0.427213649426,0.00920388472731,-0.370072865077,1.51097107607,2.86010717901,95.4983901978,-0.318301013486,0.0874369049095,-0.0521553467881,1.48412641228,0.34437868688,-0.0322135965456,0.0659611738791,100.0
32.174701,-0.785781658594,0.0640436978942,0.42798063982,0.00920388472731,-0.370072865077,1.51212156166,2.86010717901,95.4983901978,-0.318301013486,0.0870534097125,-0.052922337182,1.48489340267,0.344762182077,-0.0322135965456,0.0655776786821,100.0
32.184701,-0.7850146682,0.0632767075003,0.427597144623,0.00958737992428,-0.370456360274,1.51173806646,2.85934018862,95.4983901978,-0.317917518289,0.0882038953034,-0.052922337182,1.48527689787,0.34437868688,-0.0314466061517,0.0655776786821,100.0
32.194699,-0.784631173003,0.0640436978942,0.428364135017,0.00920388472731,-0.370072865077,1.51212156166,2.85972368382,95.4983901978,-0.318301013486,0.0878204001064,-0.053689327576,1.48489340267,0.343995191683,-0.0314466061517,0.0655776786821,100.0
32.204698,-0.7850146682,0.0640436978942,0.428364135017,0.00958737992428,-0.370072865077,1.51250505686,2.86010717901,95.4983901978,-0.317534023092,0.0862864193186,-0.052922337182,1.48412641228,0.34437868688,-0.0314466061517,0.0655776786821,100.0
32.214697,-0.784247677806,0.0640436978942,0.427597144623,0.00920388472731,-0.370072865077,1.51173806646,2.85972368382,95.4983901978,-0.319451499077,0.0866699145155,-0.052922337182,1.48335942189,0.34437868688,-0.0318301013486,0.0659611738791,100.0
32.224702,-0.7850146682,0.0636602026972,0.42798063982,0.00920388472731,-0.370456360274,1.51250505686,2.85934018862,95.4983901978,-0.318301013486,0.0874369049095,-0.053305832379,1.48489340267,0.345145677274,-0.0314466061517,0.0659611738791,100.0
32.234703,-0.7850146682,0.0640436978942,0.428364135017,0.00997087512126,-0.36968936988,1.51173806646,2.86010717901,95.4983901978,-0.318301013486,0.0874369049095,-0.0521553467881,1.48527689787,0.34437868688,-0.0322135965456,0.0655776786821,100.0
32.244705,-0.785398163397,0.0636602026972,0.427597144623,0.00997087512126,-0.370456360274,1.51173806646,2.85972368382,95.4983901978,-0.317917518289,0.0878204001064,-0.054072822773,1.48412641228,0.344762182077,-0.0325970917426,0.0648106882882,100.0
32.254702,-0.7850146682,0.0640436978942,0.427597144623,0.00958737992428,-0.370072865077,1.51250505686,2.86010717901,95.4983901978,-0.318301013486,0.0878204001064,-0.053305832379,1.48450990748,0.343995191683,-0.0314466061517,0.0651941834851,100.0
32.264702,-0.7850146682,0.0636602026972,0.427213649426,0.00997087512126,-0.36968936988,1.51212156166,2.85972368382,95.4983901978,-0.318301013486,0.0870534097125,-0.052922337182,1.48489340267,0.345145677274,-0.0322135965456,0.0655776786821,100.0
32.274698,-0.784247677806,0.0636602026972,0.428747630214,0.00920388472731,-0.370072865077,1.51212156166,2.86010717901,95.4983901978,-0.318684508683,0.0878204001064,-0.0525388419851,1.48450990748,0.344762182077,-0.0314466061517,0.0655776786821,100.0
32.284703,-0.785398163397,0.0632767075003,0.42798063982,0.00920388472731,-0.36968936988,1.51288855205,2.85972368382,95.4983901978,-0.318301013486,0.0878204001064,-0.0525388419851,1.48489340267,0.343995191683,-0.0314466061517,0.0659611738791,100.0
32.294704,-0.784631173003,0.0628932123033,0.427597144623,0.00920388472731,-0.370072865077,1.51212156166,2.86010717901,95.4983901978,-0.318684508683,0.0878204001064,-0.053305832379,1.48489340267,0.34437868688,-0.0325970917426,0.0655776786821,100.0
32.304704,-0.785398163397,0.0636602026972,0.427597144623,0.00958737992428,-0.370072865077,1.51212156166,2.86049067421,95.4983901978,-0.318684508683,0.0882038953034,-0.052922337182,1.48566039307,0.343995191683,-0.0310631109547,0.0651941834851,100.0
32.314703,-0.784631173003,0.0640436978942,0.427597144623,0.00920388472731,-0.368922379486,1.51250505686,2.86087416941,95.4983901978,-0.317917518289,0.0882038953034,-0.052922337182,1.48489340267,0.34437868688,-0.0314466061517,0.0655776786821,100.0
32.324704,-0.785781658594,0.0636602026972,0.42798063982,0.00882038953034,-0.370072865077,1.51250505686,2.85972368382,95.4983901978,-0.318301013486,0.0878204001064,-0.053689327576,1.48604388826,0.34437868688,-0.0310631109547,0.0659611738791,100.0
32.334707,-0.7850146682,0.0636602026972,0.427213649426,0.00958737992428,-0.370456360274,1.51288855205,2.86049067421,95.4983901978,-0.318684508683,0.0862864193186,-0.053305832379,1.48335942189,0.343995191683,-0.0318301013486,0.0659611738791,100.0
32.344706,-0.784247677806,0.0632767075003,0.427597144623,0.00920388472731,-0.369305874683,1.51250505686,2.85972368382,95.4983901978,-0.318301013486,0.0866699145155,-0.053305832379,1.48489340267,0.34437868688,-0.0318301013486,0.066344669076,100.0
32.354721,-0.784631173003,0.0640436978942,0.42798063982,0.00920388472731,-0.370072865077,1.51135457126,2.85972368382,95.4983901978,-0.317917518289,0.0870534097125,-0.052922337182,1.48450990748,0.343995191683,-0.0314466061517,0.0655776786821,100.0
32.364708,-0.784247677806,0.0628932123033,0.427597144623,0.00997087512126,-0.370072865077,1.51250505686,2.86010717901,95.4983901978,-0.317917518289,0.0874369049095,-0.0521553467881,1.48527689787,0.343995191683,-0.0322135965456,0.0655776786821,100.0
32.374706,-0.785398163397,0.0632767075003,0.427597144623,0.00920388472731,-0.370072865077,1.51212156166,2.85934018862,95.4983901978,-0.318301013486,0.0870534097125,-0.0525388419851,1.48527689787,0.343995191683,-0.0322135965456,0.0655776786821,100.0
32.384701,-0.785398163397,0.0628932123033,0.42798063982,0.00958737992428,-0.370072865077,1.51135457126,2.86010717901,95.4983901978,-0.318684508683,0.0870534097125,-0.0521553467881,1.48527689787,0.343995191683,-0.0318301013486,0.0655776786821,100.0
32.394699,-0.784247677806,0.0640436978942,0.427597144623,0.00958737992428,-0.370072865077,1.51250505686,2.86010717901,95.4983901978,-0.318684508683,0.0882038953034,-0.0525388419851,1.48450990748,0.344762182077,-0.0322135965456,0.0659611738791,100.0
32.404702,-0.784631173003,0.0632767075003,0.427213649426,0.00958737992428,-0.36968936988,1.51173806646,2.86010717901,95.4983901978,-0.31906800388,0.0878204001064,-0.052922337182,1.48450990748,0.34437868688,-0.0325970917426,0.0644271930912,100.0
32.414701,-0.7850146682,0.0636602026972,0.42798063982,0.00997087512126,-0.36968936988,1.51250505686,2.85934018862,95.4983901978,-0.318301013486,0.0878204001064,-0.052922337182,1.48527689787,0.34437868688,-0.0318301013486,0.0655776786821,100.0
32.424703,-0.784631173003,0.0632767075003,0.427597144623,0.00882038953034,-0.370456360274,1.51173806646,2.86010717901,95.4983901978,-0.317917518289,0.0878204001064,-0.053305832379,1.48527689787,0.34437868688,-0.0318301013486,0.0651941834851,100.0
32.434701,-0.784631173003,0.0632767075003,0.426830154229,0.00920388472731,-0.36968936988,1.51250505686,2.86049067421,95.4983901978,-0.318301013486,0.0866699145155,-0.052922337182,1.48412641228,0.34437868688,-0.0314466061517,0.0651941834851,100.0
32.444706,-0.784247677806,0.0632767075003,0.428364135017,0.00958737992428,-0.370072865077,1.51288855205,2.86087416941,95.4983901978,-0.318684508683,0.0870534097125,-0.053305832379,1.48450990748,0.34437868688,-0.0318301013486,0.0659611738791,100.0
32.454701,-0.784631173003,0.0632767075003,0.428747630214,0.00882038953034,-0.370072865077,1.51173806646,2.86010717901,95.4983901978,-0.317917518289,0.0878204001064,-0.0525388419851,1.48450990748,0.343995191683,-0.0325970917426,0.066728164273,100.0
32.464703,-0.785398163397,0.0625097171063,0.427213649426,0.00958737992428,-0.36968936988,1.51250505686,2.86010717901,95.4983901978,-0.318684508683,0.0870534097125,-0.052922337182,1.48450990748,0.34437868688,-0.0310631109547,0.0655776786821,100.0
32.474702,-0.784631173003,0.0632767075003,0.42798063982,0.00920388472731,-0.370456360274,1.51250505686,2.86049067421,95.4983901978,-0.317917518289,0.0878204001064,-0.0525388419851,1.48604388826,0.344762182077,-0.0314466061517,0.0644271930912,100.0
32.484703,-0.7850146682,0.0625097171063,0.42798063982,0.00882038953034,-0.36968936988,1.51212156166,2.85972368382,95.4983901978,-0.318684508683,0.0866699145155,-0.052922337182,1.48489340267,0.34437868688,-0.0314466061517,0.0659611738791,100.0
32.494703,-0.7850146682,0.0628932123033,0.42798063982,0.00958737992428,-0.370456360274,1.51212156166,2.86010717901,95.4983901978,-0.318684508683,0.0870534097125,-0.0521553467881,1.48489340267,0.344762182077,-0.0318301013486,0.0651941834851,100.0
32.504702,-0.785398163397,0.0628932123033,0.427597144623,0.00920388472731,-0.370456360274,1.51288855205,2.85972368382,95.4983901978,-0.318301013486,0.0870534097125,-0.0521553467881,1.48489340267,0.34437868688,-0.0322135965456,0.0651941834851,100.0
32.514697,-0.785398163397,0.0632767075003,0.42798063982,0.00958737992428,-0.370072865077,1.51250505686,2.86087416941,95.4983901978,-0.318301013486,0.0874369049095,-0.0525388419851,1.48489340267,0.343995191683,-0.0318301013486,0.0651941834851,100.0
32.524701,-0.785398163397,0.0632767075003,0.428364135017,0.00997087512126,-0.36968936988,1.51135457126,2.85972368382,95.4983901978,-0.318684508683,0.0878204001064,-0.0521553467881,1.48489340267,0.344762182077,-0.0322135965456,0.0655776786821,100.0
32.534702,-0.785398163397,0.0632767075003,0.428364135017,0.0103543703182,-0.370456360274,1.51250505686,2.85972368382,95.4983901978,-0.318301013486,0.0862864193186,-0.0521553467881,1.48489340267,0.343995191683,-0.0322135965456,0.0651941834851,100.0
32.544702,-0.784247677806,0.0632767075003,0.427597144623,0.00958737992428,-0.369305874683,1.51212156166,2.86010717901,95.4983901978,-0.317917518289,0.0878204001064,-0.052922337182,1.48489340267,0.344762182077,-0.0318301013486,0.0655776786821,100.0
32.554701,-0.785398163397,0.0632767075003,0.427597144623,0.00958737992428,-0.370456360274,1.51288855205,2.85972368382,95.4983901978,-0.318684508683,0.0878204001064,-0.0521553467881,1.48489340267,0.344762182077,-0.0314466061517,0.0655776786821,100.0
32.564701,-0.785398163397,0.0640436978942,0.427213649426,0.00958737992428,-0.370072865077,1.51212156166,2.86010717901,95.4983901978,-0.318684508683,0.0874369049095,-0.0525388419851,1.48604388826,0.345145677274,-0.0314466061517,0.0659611738791,100.0
32.574702,-0.7850146682,0.0632767075003,0.427597144623,0.00920388472731,-0.370072865077,1.51212156166,2.86010717901,95.4983901978,-0.318301013486,0.0866699145155,-0.052922337182,1.48604388826,0.343995191683,-0.0322135965456,0.0659611738791,100.0
32.584699,-0.7850146682,0.0632767075003,0.427213649426,0.00958737992428,-0.370072865077,1.51173806646,2.85972368382,95.4983901978,-0.318301013486,0.0870534097125,-0.052922337182,1.48527689787,0.34437868688,-0.0318301013486,0.0651941834851,100.0
32.594703,-0.784631173003,0.0632767075003,0.427597144623,0.00997087512126,-0.370072865077,1.51288855205,2.86049067421,95.4983901978,-0.317917518289,0.0874369049095,-0.053305832379,1.48489340267,0.34437868688,-0.0314466061517,0.0655776786821,100.0
32.604702,-0.784631173003,0.0632767075003,0.427213649426,0.00920388472731,-0.36968936988,1.51327204725,2.85972368382,95.4983901978,-0.318301013486,0.0870534097125,-0.0525388419851,1.48527689787,0.344762182077,-0.0314466061517,0.0659611738791,100.0
32.614702,-0.784631173003,0.0628932123033,0.427597144623,0.00997087512126,-0.370072865077,1.51212156166,2.86010717901,95.4983901978,-0.318301013486,0.0870534097125,-0.052922337182,1.48450990748,0.34437868688,-0.0310631109547,0.0651941834851,100.0
32.624700,-0.784631173003,0.0628932123033,0.42798063982,0.00958737992428,-0.370072865077,1.51097107607,2.86010717901,95.4983901978,-0.318684508683,0.0866699145155,-0.0521553467881,1.48527689787,0.343995191683,-0.0314466061517,0.0659611738791,100.0
32.634701,-0.784247677806,0.0632767075003,0.427213649426,0.00958737992428,-0.370072865077,1.51173806646,2.86010717901,95.4983901978,-0.318301013486,0.0882038953034,-0.052922337182,1.48527689787,0.343995191683,-0.0314466061517,0.0651941834851,100.0
32.644705,-0.7850146682,0.0636602026972,0.427597144623,0.00997087512126,-0.36968936988,1.51212156166,2.86010717901,95.4983901978,-0.318301013486,0.0866699145155,-0.053305832379,1.48566039307,0.343995191683,-0.0318301013486,0.0659611738791,100.0
32.654702,-0.785398163397,0.0632767075003,0.42798063982,0.00958737992428,-0.370456360274,1.51212156166,2.86049067421,95.4983901978,-0.317917518289,0.0878204001064,-0.053305832379,1.48450990748,0.34437868688,-0.0322135965456,0.0655776786821,100.0
32.664702,-0.784631173003,0.0636602026972,0.428364135017,0.00958737992428,-0.370456360274,1.51250505686,2.86010717901,95.4983901978,-0.318301013486,0.0870534097125,-0.0525388419851,1.48527689787,0.343995191683,-0.0314466061517,0.0659611738791,100.0
32.674702,-0.785398163397,0.0636602026972,0.42798063982,0.00920388472731,-0.370072865077,1.51250505686,2.8612576646,95.4983901978,-0.317534023092,0.0870534097125,-0.053305832379,1.48489340267,0.34437868688,-0.0314466061517,0.0651941834851,100.0
32.684704,-0.785398163397,0.0632767075003,0.427213649426,0.00958737992428,-0.370072865077,1.51173806646,2.86010717901,95.4983901978,-0.318684508683,0.0878204001064,-0.0525388419851,1.48489340267,0.344762182077,-0.0318301013486,0.0659611738791,100.0
32.694704,-0.7850146682,0.0632767075003,0.427213649426,0.00997087512126,-0.370072865077,1.51288855205,2.85972368382,95.4983901978,-0.317917518289,0.0859029241216,-0.052922337182,1.48489340267,0.343995191683,-0.0314466061517,0.0659611738791,100.0
32.704699,-0.7850146682,0.0625097171063,0.427597144623,0.00920388472731,-0.370072865077,1.51212156166,2.86010717901,95.4983901978,-0.318684508683,0.0870534097125,-0.0525388419851,1.48527689787,0.343995191683,-0.0322135965456,0.0655776786821,100.0
32.714701,-0.784631173003,0.0636602026972,0.428364135017,0.00997087512126,-0.370456360274,1.51250505686,2.86087416941,95.4983901978,-0.318301013486,0.0874369049095,-0.0525388419851,1.48489340267,0.34437868688,-0.0322135965456,0.0655776786821,100.0
32.724700,-0.7850146682,0.0636602026972,0.427213649426,0.00958737992428,-0.370072865077,1.51250505686,2.86049067421,95.4983901978,-0.318301013486,0.0870534097125,-0.0521553467881,1.48450990748,0.34437868688,-0.0314466061517,0.0659611738791,100.0
32.734703,-0.784631173003,0.0632767075003,0.427597144623,0.00843689433337,-0.36968936988,1.51212156166,2.86049067421,95.4983901978,-0.318301013486,0.0878204001064,-0.0521553467881,1.48566039307,0.344762182077,-0.0322135965456,0.0651941834851,100.0
32.744701,-0.7850146682,0.0636602026972,0.427597144623,0.00958737992428,-0.370456360274,1.51212156166,2.86049067421,95.4983901978,-0.318684508683,0.0866699145155,-0.053305832379,1.48450990748,0.34437868688,-0.0318301013486,0.0651941834851,100.0
32.754704,-0.785781658594,0.0628932123033,0.427597144623,0.00920388472731,-0.36968936988,1.51212156166,2.86010717901,95.4983901978,-0.318301013486,0.0866699145155,-0.0521553467881,1.48450990748,0.34437868688,-0.0322135965456,0.0655776786821,100.0
32.764701,-0.784631173003,0.0632767075003,0.427597144623,0.00920388472731,-0.370456360274,1.51097107607,2.86049067421,95.4983901978,-0.318301013486,0.0874369049095,-0.0517718515911,1.48527689787,0.34437868688,-0.0318301013486,0.0648106882882,100.0
32.774705,-0.785398163397,0.0632767075003,0.427597144623,0.00920388472731,-0.370072865077,1.51212156166,2.85972368382,95.4983901978,-0.318301013486,0.0866699145155,-0.052922337182,1.48450990748,0.34437868688,-0.0322135965456,0.0651941834851,100.0
32.784701,-0.7850146682,0.0632767075003,0.427597144623,0.00920388472731,-0.36968936988,1.51212156166,2.86049067421,95.4983901978,-0.318301013486,0.0866699145155,-0.0521553467881,1.48566039307,0.34437868688,-0.0314466061517,0.0659611738791,100.0
32.794699,-0.785781658594,0.0632767075003,0.42798063982,0.00920388472731,-0.369305874683,1.51173806646,2.86010717901,95.4983901978,-0.317917518289,0.0878204001064,-0.053689327576,1.48566039307,0.34437868688,-0.0325970917426,0.0651941834851,100.0
32.804703,-0.784631173003,0.0632767075003,0.427597144623,0.00920388472731,-0.370072865077,1.51173806646,2.85972368382,95.4983901978,-0.318301013486,0.0882038953034,-0.053305832379,1.48527689787,0.34437868688,-0.0325970917426,0.0651941834851,100.0
32.814700,-0.785398163397,0.0632767075003,0.42798063982,0.00920388472731,-0.370072865077,1.51250505686,2.86010717901,95.4983901978,-0.317534023092,0.0878204001064,-0.052922337182,1.48489340267,0.34437868688,-0.0322135965456,0.0655776786821,100.0
32.824703,-0.784631173003,0.0632767075003,0.428364135017,0.00958737992428,-0.36968936988,1.51250505686,2.86049067421,95.4983901978,-0.318301013486,0.0878204001064,-0.053305832379,1.48527689787,0.344762182077,-0.0314466061517,0.066344669076,100.0
32.834724,-0.784631173003,0.0632767075003,0.427597144623,0.00997087512126,-0.370072865077,1.51212156166,2.86049067421,95.4983901978,-0.318301013486,0.0866699145155,-0.0525388419851,1.48566039307,0.344762182077,-0.0318301013486,0.066728164273,100.0
32.844700,-0.7850146682,0.0636602026972,0.42798063982,0.00920388472731,-0.370072865077,1.51135457126,2.86049067421,95.4983901978,-0.31906800388,0.0870534097125,-0.0525388419851,1.48450990748,0.34437868688,-0.0318301013486,0.0651941834851,100.0
32.854701,-0.784631173003,0.0636602026972,0.426830154229,0.00958737992428,-0.370072865077,1.51288855205,2.85972368382,95.4983901978,-0.318301013486,0.0878204001064,-0.052922337182,1.48566039307,0.344762182077,-0.0322135965456,0.0655776786821,100.0
32.864699,-0.7850146682,0.0628932123033,0.428747630214,0.00920388472731,-0.370072865077,1.51288855205,2.86010717901,95.4983901978,-0.31906800388,0.0878204001064,-0.052922337182,1.48527689787,0.34437868688,-0.0325970917426,0.0651941834851,100.0
32.874698,-0.784631173003,0.0636602026972,0.427597144623,0.00958737992428,-0.370456360274,1.51250505686,2.86010717901,95.4983901978,-0.31906800388,0.0870534097125,-0.053305832379,1.48527689787,0.34437868688,-0.0318301013486,0.0655776786821,100.0
32.884700,-0.7850146682,0.0628932123033,0.427213649426,0.00882038953034,-0.36968936988,1.51250505686,2.85972368382,95.4983901978,-0.318301013486,0.0878204001064,-0.0525388419851,1.48527689787,0.343995191683,-0.0314466061517,0.0659611738791,100.0
32.894703,-0.7850146682,0.0636602026972,0.427597144623,0.00920388472731,-0.370072865077,1.51288855205,2.86049067421,95.4983901978,-0.318684508683,0.0882038953034,-0.0521553467881,1.48412641228,0.344762182077,-0.0310631109547,0.066344669076,100.0
32.904701,-0.784631173003,0.0625097171063,0.428364135017,0.00958737992428,-0.36968936988,1.51212156166,2.86010717901,95.4983901978,-0.318301013486,0.0874369049095,-0.0525388419851,1.48489340267,0.343995191683,-0.0310631109547,0.0655776786821,100.0
32.914702,-0.784247677806,0.0632767075003,0.427213649426,0.00920388472731,-0.370072865077,1.51288855205,2.86010717901,95.4983901978,-0.317534023092,0.0870534097125,-0.0521553467881,1.48527689787,0.343995191683,-0.0322135965456,0.066344669076,100.0
32.924705,-0.784247677806,0.0636602026972,0.427597144623,0.00920388472731,-0.370072865077,1.51288855205,2.86010717901,95.4983901978,-0.31906800388,0.0870534097125,-0.052922337182,1.48489340267,0.343995191683,-0.0318301013486,0.0651941834851,100.0
32.934703,-0.785398163397,0.0632767075003,0.428747630214,0.00958737992428,-0.370072865077,1.51173806646,2.85972368382,95.4983901978,-0.31906800388,0.0874369049095,-0.053305832379,1.48527689787,0.345145677274,-0.0318301013486,0.0655776786821,100.0
32.944703,-0.784631173003,0.0632767075003,0.427213649426,0.00958737992428,-0.36968936988,1.51288855205,2.85934018862,95.4983901978,-0.317917518289,0.0874369049095,-0.0525388419851,1.48527689787,0.34437868688,-0.0314466061517,0.0648106882882,100.0
32.954702,-0.785398163397,0.0625097171063,0.42798063982,0.00882038953034,-0.370072865077,1.51212156166,2.86049067421,95.4983901978,-0.318301013486,0.0878204001064,-0.052922337182,1.48527689787,0.345145677274,-0.0306796157577,0.0651941834851,100.0
32.964702,-0.7850146682,0.0636602026972,0.427213649426,0.00997087512126,-0.36968936988,1.51212156166,2.85972368382,95.4983901978,-0.318301013486,0.0874369049095,-0.0521553467881,1.48489340267,0.344762182077,-0.0318301013486,0.0651941834851,100.0
32.974705,-0.784631173003,0.0628932123033,0.427213649426,0.00920388472731,-0.36968936988,1.51250505686,2.86010717901,95.4983901978,-0.317917518289,0.0862864193186,-0.0525388419851,1.48527689787,0.34437868688,-0.0318301013486,0.0651941834851,100.0
32.984681,-0.785398163397,0.0632767075003,0.427213649426,0.00920388472731,-0.370456360274,1.51288855205,2.86049067421,95.4983901978,-0.318301013486,0.0870534097125,-0.0525388419851,1.48450990748,0.34437868688,-0.0325970917426,0.0648106882882,100.0
32.994706,-0.785398163397,0.0640436978942,0.427597144623,0.00958737992428,-0.370072865077,1.51212156166,2.86049067421,95.4983901978,-0.318684508683,0.0874369049095,-0.052922337182,1.48450990748,0.343995191683,-0.0322135965456,0.066344669076,100.0
33.004717,-0.784631173003,0.0632767075003,0.427213649426,0.0103543703182,-0.36968936988,1.51250505686,2.85972368382,95.4983901978,-0.318684508683,0.0870534097125,-0.0521553467881,1.48527689787,0.34437868688,-0.0322135965456,0.0655776786821,100.0
33.014707,-0.7850146682,0.0632767075003,0.427597144623,0.00958737992428,-0.36968936988,1.51250505686,2.86010717901,95.4983901978,-0.31906800388,0.0874369049095,-0.052922337182,1.48566039307,0.344762182077,-0.0314466061517,0.0659611738791,100.0
33.024704,-0.785398163397,0.0640436978942,0.42798063982,0.00920388472731,-0.370072865077,1.51250505686,2.85972368382,95.4983901978,-0.318684508683,0.0870534097125,-0.053305832379,1.48489340267,0.344762182077,-0.0318301013486,0.0655776786821,100.0
33.034702,-0.7850146682,0.0636602026972,0.427213649426,0.00958737992428,-0.370072865077,1.51212156166,2.86049067421,95.4983901978,-0.31906800388,0.0874369049095,-0.053305832379,1.48450990748,0.344762182077,-0.0322135965456,0.0648106882882,100.0
33.044706,-0.785781658594,0.0632767075003,0.428364135017,0.00920388472731,-0.370456360274,1.51288855205,2.86049067421,95.4983901978,-0.318301013486,0.0874369049095,-0.052922337182,1.48566039307,0.34437868688,-0.0318301013486,0.0659611738791,100.0
33.054706,-0.784631173003,0.0636602026972,0.427597144623,0.00997087512126,-0.36968936988,1.51212156166,2.86049067421,95.4983901978,-0.318301013486,0.0882038953034,-0.052922337182,1.48604388826,0.343995191683,-0.0314466061517,0.0659611738791,100.0
33.064706,-0.7850146682,0.0632767075003,0.427213649426,0.00997087512126,-0.370072865077,1.51250505686,2.86049067421,95.4983901978,-0.317534023092,0.0882038953034,-0.052922337182,1.48527689787,0.344762182077,-0.0318301013486,0.0655776786821,100.0
33.074701,-0.784247677806,0.0636602026972,0.427597144623,0.00958737992428,-0.370072865077,1.51212156166,2.86010717901,95.4983901978,-0.317534023092,0.0870534097125,-0.052922337182,1.48489340267,0.343995191683,-0.0318301013486,0.0651941834851,100.0
33.084706,-0.785398163397,0.0628932123033,0.427213649426,0.00958737992428,-0.370072865077,1.51250505686,2.86010717901,95.4983901978,-0.318301013486,0.0874369049095,-0.053305832379,1.48412641228,0.34437868688,-0.0314466061517,0.0655776786821,100.0
33.094703,-0.784247677806,0.0632767075003,0.42798063982,0.00958737992428,-0.36968936988,1.51173806646,2.86049067421,95.4983901978,-0.318684508683,0.0866699145155,-0.0525388419851,1.48489340267,0.34437868688,-0.0322135965456,0.0655776786821,100.0
33.104704,-0.7850146682,0.0636602026972,0.42798063982,0.00920388472731,-0.36968936988,1.51288855205,2.86010717901,95.4983901978,-0.31906800388,0.0874369049095,-0.052922337182,1.48450990748,0.344762182077,-0.0310631109547,0.0655776786821,100.0
33.114722,-0.785398163397,0.0632767075003,0.427213649426,0.00997087512126,-0.370072865077,1.51212156166,2.86087416941,95.4983901978,-0.317917518289,0.0889708856974,-0.052922337182,1.48527689787,0.344762182077,-0.0322135965456,0.0659611738791,100.0
33.124704,-0.785781658594,0.0636602026972,0.427597144623,0.00920388472731,-0.370072865077,1.51250505686,2.85972368382,95.4983901978,-0.318301013486,0.0882038953034,-0.052922337182,1.48489340267,0.34437868688,-0.0318301013486,0.0659611738791,100.0
33.134708,-0.784631173003,0.0632767075003,0.42798063982,0.00958737992428,-0.370072865077,1.51212156166,2.86087416941,95.4983901978,-0.317917518289,0.0874369049095,-0.0525388419851,1.48489340267,0.344762182077,-0.0322135965456,0.0659611738791,100.0
33.144703,-0.784247677806,0.0632767075003,0.426830154229,0.00882038953034,-0.370456360274,1.51212156166,2.85972368382,95.4983901978,-0.318684508683,0.0878204001064,-0.053305832379,1.48527689787,0.344762182077,-0.0318301013486,0.0651941834851,100.0
33.154703,-0.785398163397,0.0636602026972,0.42798063982,0.00958737992428,-0.370072865077,1.51212156166,2.86049067421,95.4983901978,-0.318301013486,0.0870534097125,-0.0525388419851,1.48489340267,0.343611696486,-0.0318301013486,0.0651941834851,100.0
33.164699,-0.785398163397,0.0632767075003,0.427597144623,0.00997087512126,-0.370072865077,1.51212156166,2.85972368382,95.4983901978,-0.31906800388,0.0870534097125,-0.0521553467881,1.48450990748,0.344762182077,-0.0322135965456,0.0648106882882,100.0
33.174701,-0.7850146682,0.0625097171063,0.427597144623,0.00920388472731,-0.370072865077,1.51288855205,2.85972368382,95.4983901978,-0.31906800388,0.0878204001064,-0.0525388419851,1.48450990748,0.343995191683,-0.0314466061517,0.0651941834851,100.0
33.184703,-0.784247677806,0.0632767075003,0.427597144623,0.00920388472731,-0.370072865077,1.51212156166,2.86010717901,95.4983901978,-0.31906800388,0.0874369049095,-0.053305832379,1.48450990748,0.34437868688,-0.0318301013486,0.0659611738791,100.0
33.194703,-0.785398163397,0.0632767075003,0.427213649426,0.00997087512126,-0.370456360274,1.51173806646,2.85972368382,95.4983901978,-0.318684508683,0.0874369049095,-0.052922337182,1.48604388826,0.344762182077,-0.0314466061517,0.0659611738791,100.0
33.204707,-0.7850146682,0.0636602026972,0.427597144623,0.00882038953034,-0.369305874683,1.51173806646,2.86049067421,95.4983901978,-0.318684508683,0.0878204001064,-0.052922337182,1.48566039307,0.34437868688,-0.0314466061517,0.0659611738791,100.0
33.214710,-0.784247677806,0.0640436978942,0.427213649426,0.00997087512126,-0.36968936988,1.51212156166,2.85972368382,95.4983901978,-0.318301013486,0.0878204001064,-0.052922337182,1.48566039307,0.343995191683,-0.0322135965456,0.0655776786821,100.0
33.224706,-0.784631173003,0.0636602026972,0.427213649426,0.00997087512126,-0.370072865077,1.51250505686,2.86010717901,95.4983901978,-0.318301013486,0.0874369049095,-0.052922337182,1.48489340267,0.34437868688,-0.0310631109547,0.0659611738791,100.0
33.234707,-0.784631173003,0.0628932123033,0.42798063982,0.00958737992428,-0.370072865077,1.51250505686,2.86010717901,95.4983901978,-0.318301013486,0.0874369049095,-0.0521553467881,1.48566039307,0.34437868688,-0.0318301013486,0.0655776786821,100.0
33.244707,-0.784631173003,0.0640436978942,0.427597144623,0.00958737992428,-0.370456360274,1.51173806646,2.86049067421,95.4983901978,-0.318684508683,0.0878204001064,-0.0521553467881,1.48489340267,0.34437868688,-0.0314466061517,0.0655776786821,100.0
33.254711,-0.7850146682,0.0628932123033,0.428364135017,0.00920388472731,-0.36968936988,1.51173806646,2.86010717901,95.4983901978,-0.318301013486,0.0878204001064,-0.052922337182,1.48604388826,0.34437868688,-0.0310631109547,0.0651941834851,100.0
33.264705,-0.784631173003,0.0640436978942,0.427597144623,0.00997087512126,-0.370456360274,1.51173806646,2.85972368382,95.4983901978,-0.317917518289,0.0874369049095,-0.052922337182,1.48527689787,0.343995191683,-0.0322135965456,0.0655776786821,100.0
33.274705,-0.7850146682,0.0636602026972,0.428747630214,0.00920388472731,-0.36968936988,1.51250505686,2.86049067421,95.4983901978,-0.318301013486,0.0878204001064,-0.0521553467881,1.48527689787,0.343995191683,-0.0318301013486,0.0659611738791,100.0
33.284701,-0.7850146682,0.0636602026972,0.427213649426,0.00958737992428,-0.36968936988,1.51288855205,2.86010717901,95.4983901978,-0.317917518289,0.0878204001064,-0.052922337182,1.48489340267,0.343995191683,-0.0314466061517,0.066344669076,100.0
33.294706,-0.785781658594,0.0636602026972,0.427213649426,0.00920388472731,-0.370072865077,1.51135457126,2.85934018862,95.4983901978,-0.31906800388,0.0870534097125,-0.052922337182,1.48527689787,0.343611696486,-0.0318301013486,0.0651941834851,100.0
33.304708,-0.7850146682,0.0632767075003,0.426830154229,0.00958737992428,-0.370072865077,1.51212156166,2.85972368382,95.4983901978,-0.318684508683,0.0878204001064,-0.052922337182,1.48566039307,0.344762182077,-0.0325970917426,0.0655776786821,100.0
33.314704,-0.7850146682,0.0628932123033,0.428364135017,0.00958737992428,-0.36968936988,1.51212156166,2.86010717901,95.4983901978,-0.317917518289,0.0878204001064,-0.052922337182,1.48604388826,0.34437868688,-0.0314466061517,0.0651941834851,100.0
33.324703,-0.7850146682,0.0632767075003,0.42798063982,0.00958737992428,-0.370072865077,1.51173806646,2.86087416941,95.4983901978,-0.318684508683,0.0878204001064,-0.0517718515911,1.48566039307,0.343995191683,-0.0318301013486,0.0651941834851,100.0
33.334703,-0.785398163397,0.0632767075003,0.42798063982,0.00882038953034,-0.370456360274,1.51250505686,2.86010717901,95.4983901978,-0.318684508683,0.0878204001064,-0.0521553467881,1.48489340267,0.34437868688,-0.0318301013486,0.0655776786821,100.0
33.344708,-0.7850146682,0.0632767075003,0.42798063982,0.00958737992428,-0.370456360274,1.51250505686,2.86049067421,95.4983901978,-0.317917518289,0.0874369049095,-0.0525388419851,1.48489340267,0.344762182077,-0.0318301013486,0.0655776786821,100.0
33.354704,-0.7850146682,0.0632767075003,0.426830154229,0.00997087512126,-0.369305874683,1.51212156166,2.86087416941,95.4983901978,-0.317917518289,0.0882038953034,-0.052922337182,1.48489340267,0.343995191683,-0.0310631109547,0.0651941834851,100.0
33.364704,-0.7850146682,0.0636602026972,0.427597144623,0.00920388472731,-0.370072865077,1.51250505686,2.86087416941,95.4983901978,-0.317917518289,0.0862864193186,-0.053305832379,1.48566039307,0.34437868688,-0.0322135965456,0.0659611738791,100.0
33.374705,-0.784631173003,0.0632767075003,0.428364135017,0.00958737992428,-0.36968936988,1.51250505686,2.85972368382,95.4983901978,-0.317917518289,0.0882038953034,-0.052922337182,1.48527689787,0.34437868688,-0.0318301013486,0.0651941834851,100.0
33.384703,-0.7850146682,0.0632767075003,0.427597144623,0.00920388472731,-0.370456360274,1.51250505686,2.85972368382,95.4983901978,-0.317534023092,0.0874369049095,-0.052922337182,1.48412641228,0.344762182077,-0.0325970917426,0.0659611738791,100.0
33.394705,-0.7850146682,0.0640436978942,0.427597144623,0.00958737992428,-0.369305874683,1.51250505686,2.86010717901,95.4983901978,-0.318301013486,0.0874369049095,-0.0525388419851,1.48489340267,0.345145677274,-0.0318301013486,0.0651941834851,100.0
33.404708,-0.784631173003,0.0628932123033,0.42798063982,0.00920388472731,-0.36968936988,1.51212156166,2.85972368382,95.4983901978,-0.318684508683,0.0882038953034,-0.0525388419851,1.48489340267,0.34437868688,-0.0318301013486,0.0659611738791,100.0
33.414703,-0.784247677806,0.0632767075003,0.428364135017,0.00958737992428,-0.370072865077,1.51212156166,2.86049067421,95.4983901978,-0.318684508683,0.0870534097125,-0.052922337182,1.48527689787,0.343995191683,-0.0318301013486,0.066344669076,100.0
33.424705,-0.783864182609,0.0632767075003,0.428364135017,0.00958737992428,-0.370072865077,1.51212156166,2.86010717901,95.4983901978,-0.317917518289,0.0878204001064,-0.052922337182,1.48566039307,0.34437868688,-0.0318301013486,0.0651941834851,100.0
33.434704,-0.784247677806,0.0632767075003,0.427597144623,0.00920388472731,-0.370456360274,1.51250505686,2.86049067421,95.4983901978,-0.318301013486,0.0878204001064,-0.052922337182,1.48489340267,0.34437868688,-0.0314466061517,0.0651941834851,100.0
33.444735,-0.784247677806,0.0636602026972,0.427597144623,0.00958737992428,-0.370456360274,1.51250505686,2.86049067421,95.4983901978,-0.318301013486,0.0878204001064,-0.053689327576,1.48489340267,0.343995191683,-0.0318301013486,0.0655776786821,100.0
33.454735,-0.7850146682,0.0628932123033,0.427213649426,0.00958737992428,-0.370072865077,1.51212156166,2.86049067421,95.4983901978,-0.317917518289,0.0870534097125,-0.0525388419851,1.48527689787,0.343995191683,-0.0314466061517,0.066344669076,100.0
33.464720,-0.784631173003,0.0632767075003,0.42798063982,0.00920388472731,-0.36968936988,1.51173806646,2.85972368382,95.4983901978,-0.317917518289,0.0870534097125,-0.052922337182,1.48527689787,0.343995191683,-0.0318301013486,0.066728164273,100.0
33.474723,-0.7850146682,0.0632767075003,0.427597144623,0.00882038953034,-0.370456360274,1.51212156166,2.86010717901,95.4983901978,-0.318301013486,0.0882038953034,-0.0525388419851,1.48489340267,0.34437868688,-0.0322135965456,0.066344669076,100.0
33.484717,-0.786165153791,0.0632767075003,0.42798063982,0.00882038953034,-0.370072865077,1.51288855205,2.86010717901,95.4983901978,-0.318684508683,0.0874369049095,-0.052922337182,1.48450990748,0.34437868688,-0.0318301013486,0.0655776786821,100.0
33.494709,-0.7850146682,0.0628932123033,0.427597144623,0.00843689433337,-0.36968936988,1.51250505686,2.85972368382,95.4983901978,-0.31906800388,0.0870534097125,-0.052922337182,1.48527689787,0.344762182077,-0.0310631109547,0.0655776786821,100.0
33.504709,-0.784631173003,0.0636602026972,0.428747630214,0.00997087512126,-0.370456360274,1.51212156166,2.86010717901,95.4983901978,-0.318301013486,0.0866699145155,-0.052922337182,1.48604388826,0.344762182077,-0.0318301013486,0.0651941834851,100.0
33.514706,-0.7850146682,0.0632767075003,0.42798063982,0.00882038953034,-0.370456360274,1.51212156166,2.85972368382,95.4983901978,-0.318301013486,0.0866699145155,-0.0521553467881,1.48489340267,0.34437868688,-0.0310631109547,0.0655776786821,100.0
33.524711,-0.785398163397,0.0636602026972,0.427213649426,0.00920388472731,-0.36968936988,1.51173806646,2.86010717901,95.4983901978,-0.318301013486,0.0878204001064,-0.052922337182,1.48450990748,0.343995191683,-0.0314466061517,0.0655776786821,100.0
33.534714,-0.784631173003,0.0632767075003,0.427213649426,0.00958737992428,-0.370072865077,1.51250505686,2.86087416941,95.4983901978,-0.31906800388,0.0874369049095,-0.0525388419851,1.48450990748,0.344762182077,-0.0318301013486,0.0655776786821,100.0
33.544709,-0.785398163397,0.0636602026972,0.427597144623,0.00920388472731,-0.36968936988,1.51173806646,2.85972368382,95.4983901978,-0.318684508683,0.0878204001064,-0.052922337182,1.48489340267,0.34437868688,-0.0322135965456,0.0659611738791,100.0
33.554708,-0.785398163397,0.0628932123033,0.427597144623,0.00882038953034,-0.370072865077,1.51173806646,2.86049067421,95.4983901978,-0.318301013486,0.0874369049095,-0.0525388419851,1.48489340267,0.34437868688,-0.0322135965456,0.0648106882882,100.0
33.564709,-0.784631173003,0.0632767075003,0.42798063982,0.00882038953034,-0.36968936988,1.51173806646,2.86049067421,95.4983901978,-0.31906800388,0.0878204001064,-0.0521553467881,1.48566039307,0.343995191683,-0.0325970917426,0.0655776786821,100.0
33.574708,-0.785398163397,0.0628932123033,0.427213649426,0.00920388472731,-0.36968936988,1.51173806646,2.86049067421,95.4983901978,-0.318684508683,0.0874369049095,-0.0525388419851,1.48566039307,0.34437868688,-0.0314466061517,0.0655776786821,100.0
33.584706,-0.785398163397,0.0636602026972,0.427597144623,0.00997087512126,-0.36968936988,1.51212156166,2.86010717901,95.4983901978,-0.319451499077,0.0874369049095,-0.0521553467881,1.48489340267,0.34437868688,-0.0314466061517,0.0655776786821,100.0
33.594707,-0.784631173003,0.0632767075003,0.42798063982,0.00882038953034,-0.370072865077,1.51250505686,2.85972368382,95.4983901978,-0.318301013486,0.0866699145155,-0.052922337182,1.48527689787,0.343995191683,-0.0318301013486,0.0655776786821,100.0
33.604705,-0.7850146682,0.0632767075003,0.42798063982,0.00958737992428,-0.370456360274,1.51212156166,2.86010717901,95.4983901978,-0.318684508683,0.0870534097125,-0.0525388419851,1.48489340267,0.34437868688,-0.0322135965456,0.066728164273,100.0
33.614709,-0.784631173003,0.0636602026972,0.427213649426,0.00997087512126,-0.370456360274,1.51212156166,2.86010717901,95.4983901978,-0.318301013486,0.0878204001064,-0.053305832379,1.48489340267,0.343611696486,-0.0322135965456,0.0651941834851,100.0
33.624706,-0.7850146682,0.0632767075003,0.42798063982,0.00958737992428,-0.36968936988,1.51212156166,2.86049067421,95.4983901978,-0.31906800388,0.0882038953034,-0.052922337182,1.48527689787,0.344762182077,-0.0322135965456,0.0655776786821,100.0
33.634703,-0.7850146682,0.0636602026972,0.427597144623,0.00920388472731,-0.369305874683,1.51173806646,2.86010717901,95.4983901978,-0.31906800388,0.0870534097125,-0.052922337182,1.48604388826,0.344762182077,-0.0314466061517,0.0655776786821,100.0
33.644710,-0.784631173003,0.0636602026972,0.42798063982,0.00920388472731,-0.370072865077,1.51173806646,2.86087416941,95.4983901978,-0.318301013486,0.0870534097125,-0.052922337182,1.48566039307,0.34437868688,-0.0325970917426,0.0648106882882,100.0
33.654705,-0.7850146682,0.0628932123033,0.428747630214,0.00958737992428,-0.370072865077,1.51212156166,2.85972368382,95.4983901978,-0.31906800388,0.0874369049095,-0.053689327576,1.48450990748,0.34437868688,-0.0318301013486,0.0655776786821,100.0
33.664707,-0.7850146682,0.0632767075003,0.428747630214,0.00882038953034,-0.36968936988,1.51212156166,2.86049067421,95.4983901978,-0.318684508683,0.0878204001064,-0.052922337182,1.48489340267,0.343995191683,-0.0318301013486,0.066344669076,100.0
33.674712,-0.7850146682,0.0636602026972,0.427597144623,0.00920388472731,-0.36968936988,1.51327204725,2.85934018862,95.4983901978,-0.318301013486,0.0870534097125,-0.052922337182,1.48489340267,0.344762182077,-0.0318301013486,0.0655776786821,100.0
33.684704,-0.7850146682,0.0636602026972,0.428364135017,0.00920388472731,-0.370072865077,1.51212156166,2.85934018862,95.4983901978,-0.318301013486,0.0874369049095,-0.0525388419851,1.48450990748,0.34437868688,-0.0322135965456,0.0651941834851,100.0
33.694705,-0.7850146682,0.0640436978942,0.42798063982,0.00958737992428,-0.370072865077,1.51250505686,2.86049067421,95.4983901978,-0.318301013486,0.0874369049095,-0.053305832379,1.48489340267,0.343995191683,-0.0322135965456,0.0651941834851,100.0
33.704714,-0.784631173003,0.0632767075003,0.427597144623,0.00958737992428,-0.36968936988,1.51173806646,2.85972368382,95.4983901978,-0.318301013486,0.0870534097125,-0.053305832379,1.48527689787,0.344762182077,-0.0314466061517,0.0655776786821,100.0
33.714702,-0.7850146682,0.0632767075003,0.427213649426,0.00958737992428,-0.370072865077,1.51212156166,2.86049067421,95.4983901978,-0.318684508683,0.0870534097125,-0.054072822773,1.48527689787,0.343995191683,-0.0314466061517,0.0651941834851,100.0
33.724701,-0.785398163397,0.0625097171063,0.42798063982,0.00997087512126,-0.370072865077,1.51212156166,2.86087416941,95.4983901978,-0.318684508683,0.0870534097125,-0.052922337182,1.48450990748,0.343995191683,-0.0318301013486,0.0659611738791,100.0
33.734698,-0.7850146682,0.0628932123033,0.427597144623,0.00997087512126,-0.370072865077,1.51250505686,2.86010717901,95.4983901978,-0.317917518289,0.0878204001064,-0.053305832379,1.48450990748,0.344762182077,-0.0322135965456,0.0659611738791,100.0
33.744701,-0.784247677806,0.0632767075003,0.427597144623,0.00958737992428,-0.370456360274,1.51250505686,2.8612576646,95.4983901978,-0.318684508683,0.0866699145155,-0.0525388419851,1.48489340267,0.34437868688,-0.0322135965456,0.0651941834851,100.0
33.754702,-0.785398163397,0.0625097171063,0.427213649426,0.00997087512126,-0.370072865077,1.51212156166,2.86049067421,95.4983901978,-0.318684508683,0.0882038953034,-0.052922337182,1.48604388826,0.343995191683,-0.0314466061517,0.066344669076,100.0
33.764701,-0.7850146682,0.0632767075003,0.427597144623,0.00997087512126,-0.36968936988,1.51212156166,2.86049067421,95.4983901978,-0.318684508683,0.0878204001064,-0.052922337182,1.48450990748,0.34437868688,-0.0318301013486,0.0655776786821,100.0
33.774701,-0.785781658594,0.0636602026972,0.427597144623,0.00997087512126,-0.370072865077,1.51135457126,2.8612576646,95.4983901978,-0.318301013486,0.0878204001064,-0.0517718515911,1.48450990748,0.34437868688,-0.0314466061517,0.0659611738791,100.0
33.784705,-0.7850146682,0.0632767075003,0.427597144623,0.00997087512126,-0.370456360274,1.51250505686,2.862024655,95.4983901978,-0.318684508683,0.0870534097125,-0.0517718515911,1.48450990748,0.344762182077,-0.0318301013486,0.0651941834851,100.0
33.794704,-0.7850146682,0.0640436978942,0.427597144623,0.00997087512126,-0.370456360274,1.51250505686,2.86279164539,95.4983901978,-0.317917518289,0.0870534097125,-0.053305832379,1.48450990748,0.34437868688,-0.0310631109547,0.0651941834851,100.0
33.804700,-0.7850146682,0.0636602026972,0.42798063982,0.00882038953034,-0.370456360274,1.51250505686,2.86355863579,95.4983901978,-0.31906800388,0.0874369049095,-0.0521553467881,1.48527689787,0.344762182077,-0.0325970917426,0.0651941834851,100.0
33.814704,-0.786165153791,0.0636602026972,0.427213649426,0.00958737992428,-0.36968936988,1.51173806646,2.86317514059,95.4983901978,-0.318301013486,0.0874369049095,-0.0525388419851,1.48489340267,0.343995191683,-0.0318301013486,0.0659611738791,100.0
33.824702,-0.784247677806,0.0632767075003,0.428747630214,0.00882038953034,-0.370072865077,1.51288855205,2.86279164539,95.4983901978,-0.318301013486,0.0874369049095,-0.0525388419851,1.48566039307,0.343995191683,-0.0322135965456,0.0651941834851,100.0
33.834704,-0.7850146682,0.0628932123033,0.427213649426,0.00882038953034,-0.370072865077,1.51327204725,2.8616411598,95.4983901978,-0.318301013486,0.0878204001064,-0.053689327576,1.48566039307,0.345145677274,-0.0318301013486,0.0655776786821,100.0
33.844704,-0.785398163397,0.0636602026972,0.42798063982,0.00997087512126,-0.370072865077,1.51288855205,2.86240815019,95.4983901978,-0.318301013486,0.0874369049095,-0.0525388419851,1.48489340267,0.343995191683,-0.0310631109547,0.0659611738791,100.0
33.854704,-0.7850146682,0.0636602026972,0.427213649426,0.00958737992428,-0.36968936988,1.51288855205,2.86279164539,95.4983901978,-0.318301013486,0.0874369049095,-0.052922337182,1.48450990748,0.344762182077,-0.0318301013486,0.0651941834851,100.0
33.864709,-0.785781658594,0.0632767075003,0.428747630214,0.00920388472731,-0.36968936988,1.51250505686,2.86240815019,95.4983901978,-0.31906800388,0.0878204001064,-0.053689327576,1.48527689787,0.343995191683,-0.0314466061517,0.0655776786821,100.0
33.874703,-0.7850146682,0.0632767075003,0.427597144623,0.00920388472731,-0.370072865077,1.51212156166,2.86279164539,95.4983901978,-0.318301013486,0.0874369049095,-0.052922337182,1.48527689787,0.343995191683,-0.0318301013486,0.066344669076,100.0
33.884702,-0.784247677806,0.0636602026972,0.428364135017,0.00882038953034,-0.370072865077,1.51212156166,2.86317514059,95.4983901978,-0.318684508683,0.0866699145155,-0.0521553467881,1.48489340267,0.343995191683,-0.0322135965456,0.066344669076,100.0
33.894714,-0.7850146682,0.0628932123033,0.427597144623,0.00958737992428,-0.36968936988,1.51288855205,2.862024655,95.4983901978,-0.318684508683,0.0878204001064,-0.0517718515911,1.48412641228,0.34437868688,-0.0318301013486,0.066344669076,100.0
33.904704,-0.7850146682,0.0632767075003,0.42798063982,0.00997087512126,-0.370072865077,1.51173806646,2.86317514059,95.4983901978,-0.317917518289,0.0878204001064,-0.0525388419851,1.48489340267,0.343995191683,-0.0314466061517,0.0659611738791,100.0
33.914709,-0.7850146682,0.0628932123033,0.427597144623,0.00920388472731,-0.370839855471,1.51173806646,2.862024655,95.4983901978,-0.31906800388,0.0874369049095,-0.052922337182,1.48450990748,0.34437868688,-0.0314466061517,0.0655776786821,100.0
33.924704,-0.7850146682,0.0628932123033,0.427213649426,0.00958737992428,-0.36968936988,1.51173806646,2.862024655,95.4983901978,-0.318301013486,0.0882038953034,-0.053305832379,1.48489340267,0.34437868688,-0.0318301013486,0.066344669076,100.0
33.934702,-0.785398163397,0.0628932123033,0.428364135017,0.00920388472731,-0.36968936988,1.51212156166,2.86279164539,95.4983901978,-0.318301013486,0.0866699145155,-0.0525388419851,1.48489340267,0.34437868688,-0.0318301013486,0.0659611738791,100.0
33.944701,-0.785781658594,0.0632767075003,0.427597144623,0.00920388472731,-0.36968936988,1.51250505686,2.86240815019,95.4983901978,-0.318684508683,0.0870534097125,-0.053305832379,1.48604388826,0.34437868688,-0.0325970917426,0.0659611738791,100.0
33.954706,-0.784631173003,0.0636602026972,0.42798063982,0.00920388472731,-0.370072865077,1.51288855205,2.86279164539,95.4983901978,-0.318684508683,0.0878204001064,-0.052922337182,1.48450990748,0.344762182077,-0.0325970917426,0.0655776786821,100.0
33.964707,-0.784631173003,0.0632767075003,0.427597144623,0.00920388472731,-0.369305874683,1.51135457126,2.86240815019,95.4983901978,-0.318684508683,0.0878204001064,-0.053305832379,1.48489340267,0.343611696486,-0.0322135965456,0.0659611738791,100.0
33.974718,-0.785398163397,0.0632767075003,0.427597144623,0.00997087512126,-0.370072865077,1.51250505686,2.86279164539,95.4983901978,-0.318301013486,0.0874369049095,-0.053305832379,1.48566039307,0.34437868688,-0.0318301013486,0.0659611738791,100.0
33.984723,-0.785398163397,0.0632767075003,0.427597144623,0.00997087512126,-0.370456360274,1.51135457126,2.86279164539,95.4983901978,-0.318301013486,0.0878204001064,-0.0525388419851,1.48527689787,0.34437868688,-0.0318301013486,0.0659611738791,100.0
33.994720,-0.7850146682,0.0632767075003,0.42798063982,0.00997087512126,-0.36968936988,1.51212156166,2.86279164539,95.4983901978,-0.317917518289,0.0874369049095,-0.053305832379,1.48450990748,0.343995191683,-0.0310631109547,0.066344669076,100.0
34.004722,-0.7850146682,0.0632767075003,0.42798063982,0.00958737992428,-0.369305874683,1.51288855205,2.86355863579,95.4983901978,-0.318301013486,0.0870534097125,-0.052922337182,1.48489340267,0.34437868688,-0.0314466061517,0.0651941834851,100.0
34.014727,-0.785398163397,0.0632767075003,0.42798063982,0.00958737992428,-0.370072865077,1.51250505686,2.86279164539,95.4983901978,-0.318684508683,0.0866699145155,-0.052922337182,1.48489340267,0.343995191683,-0.0318301013486,0.0659611738791,100.0
34.024729,-0.785781658594,0.0632767075003,0.42798063982,0.00958737992428,-0.370072865077,1.51250505686,2.86279164539,95.4983901978,-0.318301013486,0.0878204001064,-0.053305832379,1.48450990748,0.34437868688,-0.0322135965456,0.0659611738791,100.0
34.034711,-0.784631173003,0.0632767075003,0.427213649426,0.00997087512126,-0.36968936988,1.51212156166,2.86240815019,95.4983901978,-0.318301013486,0.0878204001064,-0.052922337182,1.48527689787,0.343995191683,-0.0310631109547,0.0655776786821,100.0
34.044704,-0.7850146682,0.0640436978942,0.427597144623,0.00958737992428,-0.369305874683,1.51250505686,2.86317514059,95.4983901978,-0.317534023092,0.0882038953034,-0.053689327576,1.48412641228,0.34437868688,-0.0325970917426,0.0655776786821,100.0
34.054703,-0.7850146682,0.0632767075003,0.427597144623,0.00920388472731,-0.370072865077,1.51288855205,2.862024655,95.4983901978,-0.317917518289,0.0870534097125,-0.053689327576,1.48489340267,0.344762182077,-0.0318301013486,0.0651941834851,100.0
34.064705,-0.784247677806,0.0636602026972,0.42798063982,0.00958737992428,-0.370072865077,1.51250505686,2.86240815019,95.4983901978,-0.318301013486,0.0878204001064,-0.053305832379,1.48489340267,0.344762182077,-0.0310631109547,0.0655776786821,100.0
34.074698,-0.784247677806,0.0628932123033,0.426830154229,0.00882038953034,-0.36968936988,1.51212156166,2.8616411598,95.4983901978,-0.317917518289,0.0878204001064,-0.052922337182,1.48489340267,0.344762182077,-0.0318301013486,0.0651941834851,100.0
34.084722,-0.7850146682,0.0628932123033,0.427597144623,0.00882038953034,-0.370456360274,1.51212156166,2.86279164539,95.4983901978,-0.318684508683,0.0866699145155,-0.052922337182,1.48489340267,0.344762182077,-0.0322135965456,0.0659611738791,100.0
34.094721,-0.784247677806,0.0621262219094,0.42798063982,0.00997087512126,-0.369305874683,1.51212156166,2.86279164539,95.4983901978,-0.318301013486,0.0870534097125,-0.053689327576,1.48489340267,0.343995191683,-0.0310631109547,0.0655776786821,100.0
34.104733,-0.785781658594,0.0636602026972,0.428747630214,0.00920388472731,-0.370456360274,1.51212156166,2.862024655,95.4983901978,-0.318301013486,0.0878204001064,-0.053305832379,1.48489340267,0.34437868688,-0.0318301013486,0.066344669076,100.0
34.114725,-0.785781658594,0.0636602026972,0.42798063982,0.00920388472731,-0.36968936988,1.51288855205,2.86279164539,95.4983901978,-0.317917518289,0.0874369049095,-0.052922337182,1.48412641228,0.34437868688,-0.0322135965456,0.0651941834851,100.0
34.124723,-0.785781658594,0.0632767075003,0.427597144623,0.00882038953034,-0.370072865077,1.51288855205,2.862024655,95.4983901978,-0.318684508683,0.0874369049095,-0.052922337182,1.48412641228,0.343995191683,-0.0318301013486,0.0644271930912,100.0
34.134725,-0.7850146682,0.0632767075003,0.427597144623,0.00958737992428,-0.36968936988,1.51212156166,2.86279164539,95.4983901978,-0.317917518289,0.0878204001064,-0.052922337182,1.48450990748,0.34437868688,-0.0314466061517,0.0651941834851,100.0
34.144721,-0.7850146682,0.0632767075003,0.427597144623,0.00958737992428,-0.36968936988,1.51250505686,2.86317514059,95.4983901978,-0.318301013486,0.0878204001064,-0.053305832379,1.48412641228,0.343611696486,-0.0318301013486,0.0651941834851,100.0
34.154726,-0.785398163397,0.0628932123033,0.427213649426,0.00958737992428,-0.370072865077,1.51173806646,2.86240815019,95.4983901978,-0.318301013486,0.0882038953034,-0.052922337182,1.48374291708,0.34437868688,-0.0325970917426,0.0655776786821,100.0
34.164726,-0.7850146682,0.0636602026972,0.427597144623,0.00958737992428,-0.370072865077,1.51250505686,2.86240815019,95.4983901978,-0.317917518289,0.0878204001064,-0.0525388419851,1.48412641228,0.343995191683,-0.0325970917426,0.0651941834851,100.0
34.174732,-0.7850146682,0.0632767075003,0.42798063982,0.00997087512126,-0.370072865077,1.51250505686,2.86240815019,95.4983901978,-0.317917518289,0.0870534097125,-0.0525388419851,1.48412641228,0.343995191683,-0.0322135965456,0.0651941834851,100.0
34.184716,-0.784631173003,0.0636602026972,0.428364135017,0.00958737992428,-0.36968936988,1.51250505686,2.86279164539,95.4983901978,-0.317917518289,0.0882038953034,-0.052922337182,1.48450990748,0.34437868688,-0.0318301013486,0.0655776786821,100.0
34.194711,-0.783864182609,0.0632767075003,0.42798063982,0.00920388472731,-0.370072865077,1.51212156166,2.86240815019,95.4983901978,-0.318301013486,0.0870534097125,-0.053305832379,1.48412641228,0.344762182077,-0.0318301013486,0.0651941834851,100.0
34.204710,-0.785398163397,0.0632767075003,0.428364135017,0.00920388472731,-0.36968936988,1.51250505686,2.862024655,95.4983901978,-0.31906800388,0.0874369049095,-0.052922337182,1.48450990748,0.344762182077,-0.0314466061517,0.0659611738791,100.0
34.214725,-0.784631173003,0.0632767075003,0.42798063982,0.00958737992428,-0.370072865077,1.51212156166,2.86240815019,95.4983901978,-0.317917518289,0.0866699145155,-0.052922337182,1.48335942189,0.34437868688,-0.0310631109547,0.0651941834851,100.0
34.224724,-0.785398163397,0.0628932123033,0.426830154229,0.00920388472731,-0.370072865077,1.51212156166,2.86279164539,95.4983901978,-0.317917518289,0.0878204001064,-0.052922337182,1.48489340267,0.34437868688,-0.0318301013486,0.0655776786821,100.0
34.234711,-0.7850146682,0.0632767075003,0.427597144623,0.00843689433337,-0.370072865077,1.51212156166,2.86240815019,95.4983901978,-0.317917518289,0.0870534097125,-0.052922337182,1.48450990748,0.344762182077,-0.0325970917426,0.0655776786821,100.0
34.244704,-0.785398163397,0.0636602026972,0.427597144623,0.00882038953034,-0.36968936988,1.51250505686,2.86317514059,95.4983901978,-0.318684508683,0.0878204001064,-0.053689327576,1.48450990748,0.343995191683,-0.0325970917426,0.0655776786821,100.0
34.254706,-0.785781658594,0.0636602026972,0.428364135017,0.00997087512126,-0.36968936988,1.51250505686,2.86240815019,95.4983901978,-0.318684508683,0.0878204001064,-0.053305832379,1.48374291708,0.345145677274,-0.0325970917426,0.0655776786821,100.0
34.264704,-0.785398163397,0.0632767075003,0.428364135017,0.00997087512126,-0.36968936988,1.51288855205,2.862024655,95.4983901978,-0.317917518289,0.0870534097125,-0.052922337182,1.48412641228,0.344762182077,-0.0322135965456,0.0648106882882,100.0
34.274702,-0.785398163397,0.0636602026972,0.42798063982,0.00920388472731,-0.369305874683,1.51212156166,2.86279164539,95.4983901978,-0.31906800388,0.0870534097125,-0.0525388419851,1.48450990748,0.343995191683,-0.0314466061517,0.066344669076,100.0
34.284704,-0.7850146682,0.0632767075003,0.427213649426,0.00958737992428,-0.370839855471,1.51288855205,2.86240815019,95.4983901978,-0.318684508683,0.0862864193186,-0.0521553467881,1.48374291708,0.344762182077,-0.0322135965456,0.0655776786821,100.0
34.294704,-0.784631173003,0.0632767075003,0.427213649426,0.00997087512126,-0.36968936988,1.51212156166,2.86240815019,95.4983901978,-0.317917518289,0.0885873905004,-0.0521553467881,1.48450990748,0.343995191683,-0.0318301013486,0.0655776786821,100.0
34.304701,-0.784247677806,0.0632767075003,0.427213649426,0.00958737992428,-0.370456360274,1.51212156166,2.86279164539,95.4983901978,-0.317917518289,0.0870534097125,-0.053305832379,1.48412641228,0.34437868688,-0.0325970917426,0.0659611738791,100.0
34.314704,-0.785781658594,0.0636602026972,0.427597144623,0.00920388472731,-0.370456360274,1.51212156166,2.86240815019,95.4983901978,-0.317917518289,0.0870534097125,-0.053689327576,1.48450990748,0.343995191683,-0.0310631109547,0.0655776786821,100.0
34.324715,-0.784247677806,0.0636602026972,0.427597144623,0.00997087512126,-0.370072865077,1.51212156166,2.86240815019,95.4983901978,-0.318301013486,0.0866699145155,-0.0525388419851,1.48412641228,0.34437868688,-0.0322135965456,0.066344669076,100.0
34.334716,-0.7850146682,0.0636602026972,0.427597144623,0.00920388472731,-0.36968936988,1.51250505686,2.86240815019,95.4983901978,-0.317917518289,0.0878204001064,-0.053689327576,1.48450990748,0.34437868688,-0.0322135965456,0.0651941834851,100.0
34.344727,-0.784247677806,0.0636602026972,0.427597144623,0.00997087512126,-0.36968936988,1.51212156166,2.86317514059,95.4983901978,-0.317917518289,0.0882038953034,-0.053305832379,1.48450990748,0.344762182077,-0.0325970917426,0.0651941834851,100.0
34.354715,-0.784631173003,0.0632767075003,0.427597144623,0.00958737992428,-0.370072865077,1.51212156166,2.86317514059,95.4983901978,-0.317917518289,0.0862864193186,-0.053305832379,1.48489340267,0.343611696486,-0.0318301013486,0.0655776786821,100.0
34.364708,-0.7850146682,0.0636602026972,0.427597144623,0.00997087512126,-0.370072865077,1.51288855205,2.86279164539,95.4983901978,-0.317917518289,0.0870534097125,-0.053305832379,1.48450990748,0.343995191683,-0.0314466061517,0.0655776786821,100.0
34.374705,-0.7850146682,0.0632767075003,0.427597144623,0.00958737992428,-0.370072865077,1.51250505686,2.86240815019,95.4983901978,-0.317917518289,0.0866699145155,-0.052922337182,1.48489340267,0.343995191683,-0.0314466061517,0.0648106882882,100.0
34.384703,-0.785398163397,0.0632767075003,0.42798063982,0.00958737992428,-0.370072865077,1.51212156166,2.86279164539,95.4983901978,-0.317917518289,0.0874369049095,-0.053689327576,1.48412641228,0.344762182077,-0.0322135965456,0.0659611738791,100.0
34.394707,-0.784631173003,0.0632767075003,0.428364135017,0.0103543703182,-0.370456360274,1.51173806646,2.862024655,95.4983901978,-0.318684508683,0.0874369049095,-0.052922337182,1.48450990748,0.343995191683,-0.0318301013486,0.0659611738791,100.0
34.404708,-0.784631173003,0.0628932123033,0.427597144623,0.00997087512126,-0.36968936988,1.51288855205,2.86279164539,95.4983901978,-0.318301013486,0.0874369049095,-0.0525388419851,1.48412641228,0.34437868688,-0.0314466061517,0.0659611738791,100.0
34.414707,-0.784631173003,0.0636602026972,0.427597144623,0.0103543703182,-0.36968936988,1.51288855205,2.86279164539,95.4983901978,-0.31906800388,0.0870534097125,-0.053305832379,1.48450990748,0.344762182077,-0.0322135965456,0.0655776786821,100.0
34.424711,-0.7850146682,0.0640436978942,0.427213649426,0.00958737992428,-0.369305874683,1.51250505686,2.862024655,95.4983901978,-0.317917518289,0.0878204001064,-0.053689327576,1.48450990748,0.34437868688,-0.0322135965456,0.0651941834851,100.0
34.434708,-0.785781658594,0.0632767075003,0.427597144623,0.00958737992428,-0.370072865077,1.51212156166,2.86240815019,95.4983901978,-0.317917518289,0.0862864193186,-0.053305832379,1.48450990748,0.344762182077,-0.0322135965456,0.0659611738791,100.0
34.444705,-0.7850146682,0.0628932123033,0.42798063982,0.00920388472731,-0.370072865077,1.51288855205,2.86240815019,95.4983901978,-0.318684508683,0.0882038953034,-0.0525388419851,1.48412641228,0.343995191683,-0.0318301013486,0.066344669076,100.0
34.454703,-0.7850146682,0.0636602026972,0.427213649426,0.00920388472731,-0.370456360274,1.51173806646,2.86240815019,95.4983901978,-0.317917518289,0.0882038953034,-0.053305832379,1.48412641228,0.344762182077,-0.0322135965456,0.0651941834851,100.0
34.464706,-0.785398163397,0.0636602026972,0.427597144623,0.00958737992428,-0.370456360274,1.51173806646,2.86279164539,95.4983901978,-0.318301013486,0.0878204001064,-0.0525388419851,1.48450990748,0.34437868688,-0.0325970917426,0.0651941834851,100.0
34.474708,-0.784631173003,0.0640436978942,0.427597144623,0.00958737992428,-0.370456360274,1.51212156166,2.86279164539,95.4983901978,-0.317917518289,0.0874369049095,-0.052922337182,1.48374291708,0.34437868688,-0.0318301013486,0.0655776786821,100.0
34.484705,-0.7850146682,0.0636602026972,0.42798063982,0.00997087512126,-0.36968936988,1.51250505686,2.86279164539,95.4983901978,-0.317917518289,0.0870534097125,-0.053305832379,1.48335942189,0.343995191683,-0.0322135965456,0.066344669076,100.0
34.494705,-0.785398163397,0.0632767075003,0.428364135017,0.00958737992428,-0.36968936988,1.51212156166,2.86279164539,95.4983901978,-0.318301013486,0.0866699145155,-0.052922337182,1.48527689787,0.343995191683,-0.0314466061517,0.0651941834851,100.0
34.504706,-0.7850146682,0.0632767075003,0.427213649426,0.00882038953034,-0.370072865077,1.51135457126,2.86317514059,95.4983901978,-0.317917518289,0.0874369049095,-0.052922337182,1.48412641228,0.345145677274,-0.0310631109547,0.066344669076,100.0
34.514704,-0.785398163397,0.0628932123033,0.427597144623,0.00997087512126,-0.36968936988,1.51212156166,2.86240815019,95.4983901978,-0.31906800388,0.0870534097125,-0.0525388419851,1.48450990748,0.34437868688,-0.0318301013486,0.0655776786821,100.0
34.524710,-0.784631173003,0.0632767075003,0.428364135017,0.00997087512126,-0.370072865077,1.51250505686,2.86240815019,95.4983901978,-0.318684508683,0.0870534097125,-0.0525388419851,1.48489340267,0.34437868688,-0.0314466061517,0.0655776786821,100.0
34.534706,-0.785398163397,0.0636602026972,0.427597144623,0.00958737992428,-0.36968936988,1.51250505686,2.86317514059,95.4983901978,-0.318684508683,0.0882038953034,-0.0521553467881,1.48412641228,0.344762182077,-0.0318301013486,0.0655776786821,100.0
34.544707,-0.785398163397,0.0640436978942,0.428364135017,0.00920388472731,-0.369305874683,1.51250505686,2.86317514059,95.4983901978,-0.318301013486,0.0874369049095,-0.052922337182,1.48412641228,0.343995191683,-0.0322135965456,0.0655776786821,100.0
34.554703,-0.7850146682,0.0640436978942,0.427213649426,0.00882038953034,-0.370072865077,1.51173806646,2.862024655,95.4983901978,-0.319451499077,0.0878204001064,-0.053305832379,1.48374291708,0.34437868688,-0.0314466061517,0.0659611738791,100.0
34.564705,-0.785781658594,0.0628932123033,0.426830154229,0.00958737992428,-0.370839855471,1.51212156166,2.86355863579,95.4983901978,-0.318684508683,0.0874369049095,-0.053305832379,1.48374291708,0.34437868688,-0.0318301013486,0.0651941834851,100.0
34.574707,-0.7850146682,0.0632767075003,0.42798063982,0.00997087512126,-0.370072865077,1.51250505686,2.862024655,95.4983901978,-0.318684508683,0.0870534097125,-0.052922337182,1.48412641228,0.34437868688,-0.0314466061517,0.0655776786821,100.0
34.584711,-0.7850146682,0.0632767075003,0.428364135017,0.00958737992428,-0.36968936988,1.51250505686,2.86317514059,95.4983901978,-0.318684508683,0.0878204001064,-0.053305832379,1.48412641228,0.344762182077,-0.0314466061517,0.0648106882882,100.0
34.594705,-0.785781658594,0.0632767075003,0.427597144623,0.00920388472731,-0.370456360274,1.51173806646,2.86279164539,95.4983901978,-0.31906800388,0.0878204001064,-0.052922337182,1.48335942189,0.34437868688,-0.0318301013486,0.0659611738791,100.0
34.604711,-0.785398163397,0.0632767075003,0.427213649426,0.00882038953034,-0.36968936988,1.51250505686,2.86240815019,95.4983901978,-0.318301013486,0.0870534097125,-0.0525388419851,1.48374291708,0.34437868688,-0.0318301013486,0.0651941834851,100.0
34.614704,-0.785398163397,0.0636602026972,0.42798063982,0.00958737992428,-0.369305874683,1.51212156166,2.86279164539,95.4983901978,-0.318301013486,0.0878204001064,-0.053305832379,1.48450990748,0.344762182077,-0.0314466061517,0.0655776786821,100.0
34.624706,-0.785398163397,0.0632767075003,0.427597144623,0.00920388472731,-0.36968936988,1.51173806646,2.86240815019,95.4983901978,-0.31906800388,0.0878204001064,-0.053305832379,1.48450990748,0.34437868688,-0.0325970917426,0.066344669076,100.0
34.634721,-0.785781658594,0.0628932123033,0.427597144623,0.00920388472731,-0.370072865077,1.51288855205,2.86279164539,95.4983901978,-0.31906800388,0.0874369049095,-0.0525388419851,1.48335942189,0.34437868688,-0.0314466061517,0.0659611738791,100.0
34.644705,-0.785781658594,0.0628932123033,0.42798063982,0.00920388472731,-0.36968936988,1.51250505686,2.86279164539,95.4983901978,-0.318684508683,0.0878204001064,-0.053689327576,1.48374291708,0.34437868688,-0.0318301013486,0.0655776786821,100.0
34.654708,-0.785398163397,0.0636602026972,0.427597144623,0.00958737992428,-0.370072865077,1.51250505686,2.86240815019,95.4983901978,-0.317534023092,0.0874369049095,-0.052922337182,1.48412641228,0.34437868688,-0.0325970917426,0.0659611738791,100.0
34.664708,-0.784631173003,0.0632767075003,0.427597144623,0.00958737992428,-0.370072865077,1.51212156166,2.86279164539,95.4983901978,-0.318301013486,0.0878204001064,-0.0525388419851,1.48489340267,0.343995191683,-0.0322135965456,0.0655776786821,100.0
34.674707,-0.784631173003,0.0636602026972,0.426830154229,0.00958737992428,-0.370456360274,1.51250505686,2.86317514059,95.4983901978,-0.31906800388,0.0866699145155,-0.0525388419851,1.48374291708,0.344762182077,-0.0322135965456,0.0651941834851,100.0
34.684705,-0.784631173003,0.0636602026972,0.427213649426,0.00958737992428,-0.370456360274,1.51250505686,2.86240815019,95.4983901978,-0.31906800388,0.0870534097125,-0.0525388419851,1.48412641228,0.343995191683,-0.0318301013486,0.0655776786821,100.0
34.694705,-0.786165153791,0.0628932123033,0.42798063982,0.00958737992428,-0.370072865077,1.51212156166,2.86240815019,95.4983901978,-0.317917518289,0.0870534097125,-0.053305832379,1.48374291708,0.343995191683,-0.0322135965456,0.0655776786821,100.0
34.704709,-0.7850146682,0.0636602026972,0.427213649426,0.00920388472731,-0.370456360274,1.51212156166,2.86317514059,95.4983901978,-0.318301013486,0.0878204001064,-0.0525388419851,1.48450990748,0.343995191683,-0.0325970917426,0.0655776786821,100.0
34.714704,-0.7850146682,0.0636602026972,0.427597144623,0.0103543703182,-0.370072865077,1.51250505686,2.86240815019,95.4983901978,-0.317534023092,0.0878204001064,-0.053305832379,1.48412641228,0.34437868688,-0.0314466061517,0.0651941834851,100.0
34.724710,-0.7850146682,0.0628932123033,0.427597144623,0.00997087512126,-0.36968936988,1.51250505686,2.86317514059,95.4983901978,-0.318684508683,0.0878204001064,-0.0525388419851,1.48374291708,0.343995191683,-0.0322135965456,0.066344669076,100.0
34.734705,-0.784631173003,0.0632767075003,0.42798063982,0.00958737992428,-0.370072865077,1.51250505686,2.862024655,95.4983901978,-0.317150527895,0.0878204001064,-0.054072822773,1.48450990748,0.34437868688,-0.0318301013486,0.0644271930912,100.0
34.744707,-0.785781658594,0.0640436978942,0.428364135017,0.00882038953034,-0.370072865077,1.51212156166,2.86240815019,95.4983901978,-0.318684508683,0.0874369049095,-0.0525388419851,1.48374291708,0.344762182077,-0.0310631109547,0.0659611738791,100.0
34.754707,-0.7850146682,0.0628932123033,0.427213649426,0.00920388472731,-0.370072865077,1.51135457126,2.86240815019,95.4983901978,-0.318301013486,0.0874369049095,-0.052922337182,1.48412641228,0.343611696486,-0.0322135965456,0.066344669076,100.0
34.764726,-0.784631173003,0.0636602026972,0.427597144623,0.00958737992428,-0.36968936988,1.51250505686,2.86240815019,95.4983901978,-0.318684508683,0.0870534097125,-0.0521553467881,1.48412641228,0.34437868688,-0.0314466061517,0.0659611738791,100.0
34.774723,-0.7850146682,0.0632767075003,0.427213649426,0.00997087512126,-0.369305874683,1.51212156166,2.86240815019,95.4983901978,-0.317917518289,0.0870534097125,-0.053305832379,1.48412641228,0.343611696486,-0.0322135965456,0.0655776786821,100.0
34.784724,-0.7850146682,0.0636602026972,0.42798063982,0.00920388472731,-0.370839855471,1.51288855205,2.86240815019,95.4983901978,-0.31906800388,0.0866699145155,-0.053689327576,1.48374291708,0.343995191683,-0.0322135965456,0.066344669076,100.0
34.794726,-0.784631173003,0.0632767075003,0.427597144623,0.00958737992428,-0.370072865077,1.51212156166,2.86240815019,95.4983901978,-0.318301013486,0.0878204001064,-0.0521553467881,1.48527689787,0.34437868688,-0.0314466061517,0.0651941834851,100.0
34.804731,-0.785781658594,0.0632767075003,0.42798063982,0.00958737992428,-0.370072865077,1.51212156166,2.86317514059,95.4983901978,-0.317917518289,0.0870534097125,-0.052922337182,1.48489340267,0.343995191683,-0.0318301013486,0.066344669076,100.0
34.814716,-0.7850146682,0.0636602026972,0.42798063982,0.00958737992428,-0.36968936988,1.51288855205,2.86240815019,95.4983901978,-0.318684508683,0.0866699145155,-0.052922337182,1.48374291708,0.34437868688,-0.0314466061517,0.0659611738791,100.0
34.824707,-0.784631173003,0.0636602026972,0.427213649426,0.00920388472731,-0.370072865077,1.51173806646,2.86279164539,95.4983901978,-0.318684508683,0.0870534097125,-0.053689327576,1.48450990748,0.344762182077,-0.0318301013486,0.0659611738791,100.0
34.834717,-0.7850146682,0.0632767075003,0.427213649426,0.00997087512126,-0.370072865077,1.51173806646,2.86240815019,95.4983901978,-0.318684508683,0.0874369049095,-0.053305832379,1.48335942189,0.343611696486,-0.0318301013486,0.0651941834851,100.0
34.844719,-0.785398163397,0.0628932123033,0.42798063982,0.00997087512126,-0.370456360274,1.51173806646,2.86279164539,95.4983901978,-0.317534023092,0.0866699145155,-0.0525388419851,1.48527689787,0.343995191683,-0.0322135965456,0.0651941834851,100.0
34.854711,-0.785398163397,0.0628932123033,0.427213649426,0.00920388472731,-0.36968936988,1.51173806646,2.86240815019,95.4983901978,-0.318301013486,0.0882038953034,-0.0521553467881,1.48412641228,0.34437868688,-0.0310631109547,0.0659611738791,100.0
34.864697,-0.785398163397,0.0632767075003,0.42798063982,0.00882038953034,-0.370072865077,1.51250505686,2.86279164539,95.4983901978,-0.317917518289,0.0885873905004,-0.052922337182,1.48450990748,0.343995191683,-0.0306796157577,0.066344669076,100.0
34.874698,-0.784631173003,0.0648106882882,0.427597144623,0.00920388472731,-0.370072865077,1.51288855205,2.86279164539,95.4983901978,-0.317917518289,0.0874369049095,-0.052922337182,1.48450990748,0.34437868688,-0.0318301013486,0.066344669076,100.0
34.884696,-0.785398163397,0.0625097171063,0.427213649426,0.00958737992428,-0.36968936988,1.51288855205,2.86240815019,95.4983901978,-0.317917518289,0.0882038953034,-0.0521553467881,1.48374291708,0.343995191683,-0.0318301013486,0.0655776786821,100.0
34.894695,-0.785398163397,0.0632767075003,0.427597144623,0.00920388472731,-0.370456360274,1.51250505686,2.86279164539,95.4983901978,-0.318301013486,0.0882038953034,-0.0525388419851,1.48412641228,0.343995191683,-0.0322135965456,0.0659611738791,100.0
34.904695,-0.785398163397,0.0632767075003,0.427597144623,0.00958737992428,-0.370072865077,1.51288855205,2.862024655,95.4983901978,-0.317534023092,0.0878204001064,-0.0521553467881,1.48412641228,0.34437868688,-0.0314466061517,0.0655776786821,100.0
34.914697,-0.785781658594,0.0628932123033,0.427597144623,0.00958737992428,-0.36968936988,1.51173806646,2.86279164539,95.4983901978,-0.317917518289,0.0878204001064,-0.053305832379,1.48450990748,0.344762182077,-0.0322135965456,0.0655776786821,100.0
34.924698,-0.785398163397,0.0636602026972,0.428364135017,0.00920388472731,-0.369305874683,1.51212156166,2.86317514059,95.4983901978,-0.318301013486,0.0870534097125,-0.053689327576,1.48335942189,0.344762182077,-0.0322135965456,0.0655776786821,100.0
34.934696,-0.7850146682,0.0636602026972,0.428747630214,0.00958737992428,-0.370072865077,1.51212156166,2.86240815019,95.4983901978,-0.317917518289,0.0878204001064,-0.0521553467881,1.48374291708,0.34437868688,-0.0318301013486,0.0651941834851,100.0
34.944698,-0.7850146682,0.0640436978942,0.428364135017,0.00997087512126,-0.370072865077,1.51212156166,2.862024655,95.4983901978,-0.317534023092,0.0882038953034,-0.052922337182,1.48374291708,0.344762182077,-0.0318301013486,0.0655776786821,100.0
34.954702,-0.786548648988,0.0636602026972,0.427597144623,0.00920388472731,-0.370839855471,1.51250505686,2.86317514059,95.4983901978,-0.31906800388,0.0874369049095,-0.053305832379,1.48297592669,0.344762182077,-0.0325970917426,0.0655776786821,100.0
34.964698,-0.785398163397,0.0636602026972,0.42798063982,0.00920388472731,-0.36968936988,1.51250505686,2.86279164539,95.4983901978,-0.317917518289,0.0882038953034,-0.053689327576,1.48450990748,0.344762182077,-0.0314466061517,0.0651941834851,100.0
34.974700,-0.784247677806,0.0636602026972,0.427597144623,0.00997087512126,-0.36968936988,1.51250505686,2.86240815019,95.4983901978,-0.317917518289,0.0874369049095,-0.052922337182,1.48335942189,0.34437868688,-0.0310631109547,0.066344669076,100.0
34.984698,-0.7850146682,0.0632767075003,0.427597144623,0.00958737992428,-0.370072865077,1.51288855205,2.86240815019,95.4983901978,-0.317917518289,0.0866699145155,-0.053305832379,1.48412641228,0.344762182077,-0.0314466061517,0.0651941834851,100.0
34.994699,-0.785781658594,0.0644271930912,0.427213649426,0.00958737992428,-0.370072865077,1.51212156166,2.862024655,95.4983901978,-0.318301013486,0.0878204001064,-0.0521553467881,1.48412641228,0.344762182077,-0.0322135965456,0.0655776786821,100.0
35.004698,-0.785398163397,0.0636602026972,0.428364135017,0.00882038953034,-0.36968936988,1.51212156166,2.86355863579,95.4983901978,-0.318684508683,0.0878204001064,-0.053689327576,1.48412641228,0.343995191683,-0.0318301013486,0.0651941834851,100.0
35.014699,-0.785398163397,0.0640436978942,0.42798063982,0.00958737992428,-0.369305874683,1.51250505686,2.86279164539,95.4983901978,-0.317917518289,0.0878204001064,-0.052922337182,1.48489340267,0.34437868688,-0.0310631109547,0.0655776786821,100.0
35.024699,-0.784247677806,0.0636602026972,0.428364135017,0.00958737992428,-0.370456360274,1.51212156166,2.86279164539,95.4983901978,-0.317534023092,0.0866699145155,-0.052922337182,1.48412641228,0.34437868688,-0.0318301013486,0.0655776786821,100.0
35.034697,-0.7850146682,0.0632767075003,0.426830154229,0.00920388472731,-0.36968936988,1.51212156166,2.86279164539,95.4983901978,-0.318301013486,0.0870534097125,-0.053689327576,1.48450990748,0.343995191683,-0.0314466061517,0.0655776786821,100.0
35.044693,-0.785781658594,0.0636602026972,0.42798063982,0.00958737992428,-0.370072865077,1.51173806646,2.86279164539,95.4983901978,-0.318684508683,0.0878204001064,-0.0525388419851,1.48489340267,0.343995191683,-0.0318301013486,0.0651941834851,100.0
35.054696,-0.785398163397,0.0640436978942,0.42798063982,0.00882038953034,-0.370072865077,1.51212156166,2.86279164539,95.4983901978,-0.317917518289,0.0878204001064,-0.0525388419851,1.48450990748,0.343995191683,-0.0325970917426,0.0655776786821,100.0
35.064697,-0.7850146682,0.0636602026972,0.427597144623,0.00920388472731,-0.370072865077,1.51288855205,2.86279164539,95.4983901978,-0.317917518289,0.0882038953034,-0.052922337182,1.48450990748,0.343995191683,-0.0314466061517,0.0659611738791,100.0
35.074701,-0.784631173003,0.0640436978942,0.42798063982,0.00958737992428,-0.36968936988,1.51250505686,2.86279164539,95.4983901978,-0.318301013486,0.0878204001064,-0.0525388419851,1.48489340267,0.344762182077,-0.0318301013486,0.0651941834851,100.0
35.084702,-0.7850146682,0.0636602026972,0.42798063982,0.00920388472731,-0.370072865077,1.51250505686,2.86240815019,95.4983901978,-0.318301013486,0.0866699145155,-0.0521553467881,1.48412641228,0.343995191683,-0.0314466061517,0.0651941834851,100.0
35.094700,-0.785398163397,0.0628932123033,0.427597144623,0.00997087512126,-0.370072865077,1.51250505686,2.86279164539,95.4983901978,-0.318301013486,0.0874369049095,-0.053689327576,1.48374291708,0.34437868688,-0.0322135965456,0.0659611738791,100.0
35.104697,-0.784631173003,0.0636602026972,0.427213649426,0.00920388472731,-0.370072865077,1.51250505686,2.86279164539,95.4983901978,-0.318301013486,0.0878204001064,-0.053305832379,1.48374291708,0.343995191683,-0.0314466061517,0.0648106882882,100.0
35.114696,-0.785398163397,0.0636602026972,0.427213649426,0.00958737992428,-0.370839855471,1.51212156166,2.86240815019,95.4983901978,-0.318301013486,0.0870534097125,-0.0525388419851,1.48412641228,0.344762182077,-0.0322135965456,0.0655776786821,100.0
35.124696,-0.785398163397,0.0632767075003,0.428364135017,0.00958737992428,-0.370456360274,1.51250505686,2.86279164539,95.4983901978,-0.318684508683,0.0874369049095,-0.053689327576,1.48489340267,0.344762182077,-0.0318301013486,0.0651941834851,100.0
35.134696,-0.785398163397,0.0632767075003,0.427597144623,0.00920388472731,-0.36968936988,1.51212156166,2.86240815019,95.4983901978,-0.31906800388,0.0874369049095,-0.053689327576,1.48412641228,0.344762182077,-0.0325970917426,0.0651941834851,100.0
35.144708,-0.784631173003,0.0644271930912,0.426830154229,0.00920388472731,-0.369305874683,1.51250505686,2.86240815019,95.4983901978,-0.317534023092,0.0878204001064,-0.052922337182,1.48412641228,0.344762182077,-0.0322135965456,0.066344669076,100.0
35.154697,-0.785398163397,0.0640436978942,0.42798063982,0.00958737992428,-0.36968936988,1.51250505686,2.86355863579,95.4983901978,-0.318301013486,0.0862864193186,-0.053305832379,1.48374291708,0.343995191683,-0.0310631109547,0.0655776786821,100.0
35.164697,-0.7850146682,0.0640436978942,0.427597144623,0.00958737992428,-0.370456360274,1.51212156166,2.86240815019,95.4983901978,-0.318301013486,0.0874369049095,-0.053305832379,1.48374291708,0.34437868688,-0.0314466061517,0.0659611738791,100.0
35.174697,-0.7850146682,0.0636602026972,0.427213649426,0.00997087512126,-0.370072865077,1.51288855205,2.86317514059,95.4983901978,-0.318684508683,0.0882038953034,-0.054072822773,1.48412641228,0.344762182077,-0.0318301013486,0.0651941834851,100.0
35.184697,-0.784631173003,0.0640436978942,0.427597144623,0.00958737992428,-0.370456360274,1.51212156166,2.86279164539,95.4983901978,-0.318301013486,0.0874369049095,-0.052922337182,1.48412641228,0.343995191683,-0.0322135965456,0.0655776786821,100.0
35.194697,-0.785398163397,0.0636602026972,0.42798063982,0.00882038953034,-0.370456360274,1.51212156166,2.86279164539,95.4983901978,-0.318301013486,0.0878204001064,-0.053305832379,1.48412641228,0.34437868688,-0.0322135965456,0.0655776786821,100.0
35.204700,-0.7850146682,0.0636602026972,0.427597144623,0.00958737992428,-0.370072865077,1.51173806646,2.862024655,95.4983901978,-0.318684508683,0.0878204001064,-0.052922337182,1.48412641228,0.345145677274,-0.0318301013486,0.0655776786821,100.0
35.214695,-0.785398163397,0.0636602026972,0.427597144623,0.00958737992428,-0.36968936988,1.51250505686,2.86279164539,95.4983901978,-0.318684508683,0.0874369049095,-0.052922337182,1.48412641228,0.34437868688,-0.0322135965456,0.0651941834851,100.0
35.224696,-0.785398163397,0.0644271930912,0.427213649426,0.00920388472731,-0.36968936988,1.51212156166,2.86240815019,95.4983901978,-0.318684508683,0.0870534097125,-0.0525388419851,1.48450990748,0.344762182077,-0.0318301013486,0.066344669076,100.0
35.234694,-0.784247677806,0.0636602026972,0.427213649426,0.00882038953034,-0.36968936988,1.51250505686,2.862024655,95.4983901978,-0.317917518289,0.0870534097125,-0.052922337182,1.48374291708,0.34437868688,-0.0322135965456,0.0659611738791,100.0
35.244695,-0.785398163397,0.0640436978942,0.427213649426,0.00920388472731,-0.370072865077,1.51212156166,2.86240815019,95.4983901978,-0.31906800388,0.0870534097125,-0.0521553467881,1.48412641228,0.343995191683,-0.0314466061517,0.0655776786821,100.0
35.254696,-0.784631173003,0.0644271930912,0.42798063982,0.00958737992428,-0.370072865077,1.51212156166,2.86279164539,95.4983901978,-0.318301013486,0.0874369049095,-0.052922337182,1.48489340267,0.34437868688,-0.0322135965456,0.0659611738791,100.0
35.264694,-0.785781658594,0.0636602026972,0.427597144623,0.00958737992428,-0.36968936988,1.51135457126,2.862024655,95.4983901978,-0.318684508683,0.0878204001064,-0.0521553467881,1.48412641228,0.343995191683,-0.0318301013486,0.0644271930912,100.0
35.274695,-0.784631173003,0.0636602026972,0.426830154229,0.00958737992428,-0.36968936988,1.51250505686,2.8616411598,95.4983901978,-0.31906800388,0.0878204001064,-0.053305832379,1.48374291708,0.34437868688,-0.0314466061517,0.0659611738791,100.0
35.284692,-0.785398163397,0.0632767075003,0.427597144623,0.00920388472731,-0.36968936988,1.51250505686,2.862024655,95.4983901978,-0.318301013486,0.0882038953034,-0.052922337182,1.48412641228,0.34437868688,-0.0318301013486,0.066344669076,100.0
35.294693,-0.785398163397,0.0640436978942,0.427213649426,0.00958737992428,-0.369305874683,1.51288855205,2.86317514059,95.4983901978,-0.317534023092,0.0866699145155,-0.053305832379,1.48450990748,0.344762182077,-0.0318301013486,0.0651941834851,100.0
35.304695,-0.7850146682,0.0636602026972,0.427597144623,0.00920388472731,-0.36968936988,1.51327204725,2.862024655,95.4983901978,-0.318301013486,0.0870534097125,-0.0525388419851,1.48412641228,0.34437868688,-0.0318301013486,0.0655776786821,100.0
35.314694,-0.7850146682,0.0628932123033,0.427597144623,0.00958737992428,-0.36968936988,1.51212156166,2.86279164539,95.4983901978,-0.319451499077,0.0870534097125,-0.053305832379,1.48450990748,0.343995191683,-0.0310631109547,0.0648106882882,100.0
35.324698,-0.784631173003,0.0632767075003,0.427597144623,0.00958737992428,-0.36968936988,1.51250505686,2.86240815019,95.4983901978,-0.318301013486,0.0870534097125,-0.053305832379,1.48450990748,0.344762182077,-0.0318301013486,0.066344669076,100.0
35.334699,-0.784631173003,0.0636602026972,0.42798063982,0.00997087512126,-0.369305874683,1.51212156166,2.86317514059,95.4983901978,-0.318301013486,0.0878204001064,-0.053305832379,1.48335942189,0.344762182077,-0.0325970917426,0.0651941834851,100.0
35.344695,-0.7850146682,0.0640436978942,0.427213649426,0.00920388472731,-0.370072865077,1.51212156166,2.86279164539,95.4983901978,-0.317917518289,0.0885873905004,-0.0525388419851,1.48450990748,0.34437868688,-0.0322135965456,0.066344669076,100.0
35.354694,-0.7850146682,0.0636602026972,0.427597144623,0.00920388472731,-0.370456360274,1.51250505686,2.862024655,95.4983901978,-0.317917518289,0.0878204001064,-0.053689327576,1.48412641228,0.343995191683,-0.0329805869395,0.0651941834851,100.0
35.364695,-0.784631173003,0.0636602026972,0.427213649426,0.00920388472731,-0.370072865077,1.51288855205,2.86240815019,95.4983901978,-0.318301013486,0.0874369049095,-0.052922337182,1.48527689787,0.34437868688,-0.0318301013486,0.0651941834851,100.0
35.374695,-0.785781658594,0.0640436978942,0.427213649426,0.00920388472731,-0.370072865077,1.51250505686,2.86240815019,95.4983901978,-0.31906800388,0.0878204001064,-0.052922337182,1.48374291708,0.34437868688,-0.0314466061517,0.0655776786821,100.0
35.384693,-0.785781658594,0.0640436978942,0.427597144623,0.00958737992428,-0.36968936988,1.51250505686,2.86279164539,95.4983901978,-0.31906800388,0.0874369049095,-0.0525388419851,1.48412641228,0.344762182077,-0.0322135965456,0.0655776786821,100.0
35.394694,-0.7850146682,0.0632767075003,0.427597144623,0.00997087512126,-0.36968936988,1.51250505686,2.862024655,95.4983901978,-0.317917518289,0.0878204001064,-0.052922337182,1.48489340267,0.343995191683,-0.0318301013486,0.0655776786821,100.0
35.404697,-0.785781658594,0.0628932123033,0.427597144623,0.00958737992428,-0.36968936988,1.51250505686,2.86240815019,95.4983901978,-0.318684508683,0.0878204001064,-0.053689327576,1.48450990748,0.343611696486,-0.0314466061517,0.0651941834851,100.0
35.414696,-0.784631173003,0.0640436978942,0.427213649426,0.00997087512126,-0.370072865077,1.51212156166,2.86240815019,95.4983901978,-0.318684508683,0.0870534097125,-0.0525388419851,1.48412641228,0.34437868688,-0.0310631109547,0.0655776786821,100.0
35.424698,-0.7850146682,0.0640436978942,0.42798063982,0.00920388472731,-0.370072865077,1.51173806646,2.86317514059,95.4983901978,-0.318684508683,0.0866699145155,-0.052922337182,1.48412641228,0.344762182077,-0.0322135965456,0.0655776786821,100.0
35.434697,-0.7850146682,0.0636602026972,0.427597144623,0.00958737992428,-0.370072865077,1.51173806646,2.86279164539,95.4983901978,-0.317917518289,0.0874369049095,-0.053305832379,1.48374291708,0.344762182077,-0.0318301013486,0.0655776786821,100.0
35.444696,-0.7850146682,0.0636602026972,0.42798063982,0.00920388472731,-0.36968936988,1.51288855205,2.86317514059,95.4983901978,-0.318301013486,0.0870534097125,-0.053305832379,1.48450990748,0.34437868688,-0.0314466061517,0.0655776786821,100.0
35.454699,-0.785781658594,0.0632767075003,0.427213649426,0.00958737992428,-0.36968936988,1.51173806646,2.86317514059,95.4983901978,-0.318301013486,0.0870534097125,-0.052922337182,1.48335942189,0.34437868688,-0.0322135965456,0.0659611738791,100.0
35.464696,-0.7850146682,0.0636602026972,0.42798063982,0.00958737992428,-0.370072865077,1.51212156166,2.86279164539,95.4983901978,-0.31906800388,0.0870534097125,-0.0525388419851,1.48566039307,0.34437868688,-0.0322135965456,0.0651941834851,100.0
35.474697,-0.7850146682,0.0632767075003,0.427597144623,0.00958737992428,-0.36968936988,1.51288855205,2.86240815019,95.4983901978,-0.318684508683,0.0878204001064,-0.052922337182,1.48412641228,0.345145677274,-0.0318301013486,0.0659611738791,100.0
35.484699,-0.7850146682,0.0636602026972,0.42798063982,0.00920388472731,-0.36968936988,1.51212156166,2.86240815019,95.4983901978,-0.317917518289,0.0882038953034,-0.052922337182,1.48450990748,0.343995191683,-0.0318301013486,0.0651941834851,100.0
35.494696,-0.784631173003,0.0648106882882,0.427597144623,0.00997087512126,-0.370072865077,1.51288855205,2.86240815019,95.4983901978,-0.318301013486,0.0866699145155,-0.052922337182,1.48450990748,0.344762182077,-0.0314466061517,0.0655776786821,100.0
35.504696,-0.785781658594,0.0640436978942,0.42798063982,0.00920388472731,-0.36968936988,1.51212156166,2.862024655,95.4983901978,-0.318684508683,0.0866699145155,-0.053689327576,1.48374291708,0.34437868688,-0.0314466061517,0.0659611738791,100.0
35.514694,-0.784631173003,0.0636602026972,0.427597144623,0.00997087512126,-0.370072865077,1.51212156166,2.86317514059,95.4983901978,-0.318301013486,0.0882038953034,-0.053305832379,1.48374291708,0.34437868688,-0.0318301013486,0.0655776786821,100.0
35.524695,-0.7850146682,0.0632767075003,0.427213649426,0.00958737992428,-0.36968936988,1.51135457126,2.86317514059,95.4983901978,-0.318301013486,0.0882038953034,-0.053689327576,1.48450990748,0.343995191683,-0.0322135965456,0.0659611738791,100.0
35.534697,-0.784247677806,0.0636602026972,0.427213649426,0.00958737992428,-0.370456360274,1.51212156166,2.86279164539,95.4983901978,-0.318684508683,0.0878204001064,-0.052922337182,1.48450990748,0.34437868688,-0.0318301013486,0.0651941834851,100.0
35.544692,-0.7850146682,0.0640436978942,0.427597144623,0.00997087512126,-0.370839855471,1.51173806646,2.86279164539,95.4983901978,-0.318301013486,0.0866699145155,-0.0521553467881,1.48412641228,0.34437868688,-0.0318301013486,0.0659611738791,100.0
35.554693,-0.785398163397,0.0640436978942,0.42798063982,0.00997087512126,-0.370072865077,1.51212156166,2.86240815019,95.4983901978,-0.318684508683,0.0870534097125,-0.0521553467881,1.48412641228,0.344762182077,-0.0322135965456,0.0659611738791,100.0
35.564697,-0.7850146682,0.0632767075003,0.427597144623,0.00958737992428,-0.370072865077,1.51288855205,2.86240815019,95.4983901978,-0.317917518289,0.0870534097125,-0.052922337182,1.48374291708,0.34437868688,-0.0314466061517,0.066344669076,100.0
35.574696,-0.7850146682,0.0636602026972,0.427597144623,0.00882038953034,-0.36968936988,1.51212156166,2.86279164539,95.4983901978,-0.31906800388,0.0878204001064,-0.052922337182,1.48412641228,0.34437868688,-0.0314466061517,0.0659611738791,100.0
35.584698,-0.784631173003,0.0644271930912,0.427597144623,0.00920388472731,-0.36968936988,1.51212156166,2.8616411598,95.4983901978,-0.318684508683,0.0878204001064,-0.052922337182,1.48412641228,0.343611696486,-0.0310631109547,0.0655776786821,100.0
35.594698,-0.784247677806,0.0632767075003,0.428364135017,0.00920388472731,-0.370456360274,1.51250505686,2.86279164539,95.4983901978,-0.318684508683,0.0878204001064,-0.052922337182,1.48374291708,0.343995191683,-0.0310631109547,0.0651941834851,100.0
35.604701,-0.784631173003,0.0636602026972,0.427213649426,0.00997087512126,-0.36968936988,1.51250505686,2.86240815019,95.4983901978,-0.317534023092,0.0885873905004,-0.053305832379,1.48335942189,0.343611696486,-0.0318301013486,0.066728164273,100.0
35.614698,-0.783864182609,0.0640436978942,0.427597144623,0.00997087512126,-0.36968936988,1.51173806646,2.86240815019,95.4983901978,-0.318301013486,0.0882038953034,-0.0525388419851,1.48412641228,0.344762182077,-0.0318301013486,0.0659611738791,100.0
35.624704,-0.784631173003,0.0644271930912,0.427597144623,0.00920388472731,-0.370072865077,1.51250505686,2.86240815019,95.4983901978,-0.317917518289,0.0885873905004,-0.0525388419851,1.48450990748,0.343995191683,-0.0325970917426,0.0655776786821,100.0
35.634701,-0.785398163397,0.0640436978942,0.426830154229,0.00958737992428,-0.370072865077,1.51250505686,2.86317514059,95.4983901978,-0.318301013486,0.0874369049095,-0.053305832379,1.48412641228,0.343995191683,-0.0322135965456,0.0651941834851,100.0
35.644697,-0.7850146682,0.0636602026972,0.427597144623,0.00882038953034,-0.370072865077,1.51212156166,2.86279164539,95.4983901978,-0.318301013486,0.0882038953034,-0.0525388419851,1.48335942189,0.345145677274,-0.0310631109547,0.0651941834851,100.0
35.654700,-0.7850146682,0.0636602026972,0.42798063982,0.00997087512126,-0.369305874683,1.51212156166,2.862024655,95.4983901978,-0.318684508683,0.0882038953034,-0.052922337182,1.48412641228,0.343995191683,-0.0318301013486,0.0651941834851,100.0
35.664697,-0.7850146682,0.0636602026972,0.427213649426,0.00958737992428,-0.36968936988,1.51212156166,2.86240815019,95.4983901978,-0.318301013486,0.0870534097125,-0.053305832379,1.48374291708,0.34437868688,-0.0314466061517,0.0659611738791,100.0
35.674695,-0.784631173003,0.0640436978942,0.427597144623,0.00958737992428,-0.36968936988,1.51288855205,2.86279164539,95.4983901978,-0.318301013486,0.0878204001064,-0.052922337182,1.48412641228,0.343995191683,-0.0314466061517,0.066344669076,100.0
35.684696,-0.785398163397,0.0636602026972,0.427597144623,0.00958737992428,-0.369305874683,1.51212156166,2.86240815019,95.4983901978,-0.318684508683,0.0870534097125,-0.053305832379,1.48374291708,0.343995191683,-0.0318301013486,0.0655776786821,100.0
35.694696,-0.784631173003,0.0640436978942,0.427597144623,0.0103543703182,-0.370456360274,1.51327204725,2.86279164539,95.4983901978,-0.318684508683,0.0870534097125,-0.054072822773,1.48412641228,0.344762182077,-0.0322135965456,0.0651941834851,100.0
35.704695,-0.784631173003,0.0636602026972,0.427213649426,0.00920388472731,-0.370072865077,1.51250505686,2.862024655,95.4983901978,-0.31906800388,0.0874369049095,-0.052922337182,1.48297592669,0.34437868688,-0.0318301013486,0.0648106882882,100.0
35.714696,-0.7850146682,0.0640436978942,0.427213649426,0.00920388472731,-0.370839855471,1.51250505686,2.86317514059,95.4983901978,-0.31906800388,0.0870534097125,-0.0521553467881,1.48489340267,0.344762182077,-0.0318301013486,0.0644271930912,100.0
35.724696,-0.7850146682,0.0644271930912,0.427597144623,0.00958737992428,-0.36968936988,1.51212156166,2.86240815019,95.4983901978,-0.318684508683,0.0882038953034,-0.0525388419851,1.48412641228,0.34437868688,-0.0322135965456,0.0655776786821,100.0
35.734695,-0.784247677806,0.0636602026972,0.427597144623,0.00997087512126,-0.36968936988,1.51212156166,2.86279164539,95.4983901978,-0.318684508683,0.0878204001064,-0.0525388419851,1.48412641228,0.344762182077,-0.0325970917426,0.0659611738791,100.0
35.744698,-0.785398163397,0.0644271930912,0.427597144623,0.00958737992428,-0.36968936988,1.51250505686,2.862024655,95.4983901978,-0.318301013486,0.0866699145155,-0.0521553467881,1.48412641228,0.344762182077,-0.0318301013486,0.0655776786821,100.0
35.754696,-0.7850146682,0.0640436978942,0.42798063982,0.00958737992428,-0.370072865077,1.51212156166,2.86240815019,95.4983901978,-0.31906800388,0.0878204001064,-0.053305832379,1.48374291708,0.34437868688,-0.0322135965456,0.0655776786821,100.0
35.764694,-0.785781658594,0.0640436978942,0.427597144623,0.00920388472731,-0.370072865077,1.51288855205,2.86240815019,95.4983901978,-0.318301013486,0.0882038953034,-0.053305832379,1.48412641228,0.343995191683,-0.0322135965456,0.0659611738791,100.0
35.774701,-0.784247677806,0.0636602026972,0.427213649426,0.00958737992428,-0.370072865077,1.51212156166,2.86279164539,95.4983901978,-0.31906800388,0.0874369049095,-0.052922337182,1.48374291708,0.343611696486,-0.0318301013486,0.0659611738791,100.0
35.784705,-0.784631173003,0.0636602026972,0.427597144623,0.0103543703182,-0.370456360274,1.51250505686,2.86240815019,95.4983901978,-0.318684508683,0.0882038953034,-0.052922337182,1.48450990748,0.34437868688,-0.0314466061517,0.0651941834851,100.0
35.794671,-0.784631173003,0.0644271930912,0.427213649426,0.0103543703182,-0.370456360274,1.51250505686,2.862024655,95.4983901978,-0.317917518289,0.0882038953034,-0.052922337182,1.48374291708,0.344762182077,-0.0314466061517,0.066344669076,100.0
35.804696,-0.784631173003,0.0640436978942,0.427597144623,0.00958737992428,-0.36968936988,1.51327204725,2.86279164539,95.4983901978,-0.318684508683,0.0870534097125,-0.053305832379,1.48450990748,0.343995191683,-0.0314466061517,0.0648106882882,100.0
35.814693,-0.784631173003,0.0640436978942,0.426830154229,0.00920388472731,-0.370072865077,1.51250505686,2.862024655,95.4983901978,-0.317917518289,0.0866699145155,-0.053305832379,1.48412641228,0.344762182077,-0.0318301013486,0.0651941834851,100.0
35.824695,-0.784631173003,0.0628932123033,0.427213649426,0.00958737992428,-0.370456360274,1.51250505686,2.86240815019,95.4983901978,-0.31906800388,0.0878204001064,-0.053689327576,1.48335942189,0.344762182077,-0.0314466061517,0.0655776786821,100.0
35.834703,-0.784631173003,0.0636602026972,0.427213649426,0.00958737992428,-0.370072865077,1.51212156166,2.862024655,95.4983901978,-0.318684508683,0.0882038953034,-0.052922337182,1.48374291708,0.34437868688,-0.0318301013486,0.066728164273,100.0
35.844694,-0.7850146682,0.0640436978942,0.428747630214,0.00997087512126,-0.36968936988,1.51250505686,2.86279164539,95.4983901978,-0.318684508683,0.0874369049095,-0.053689327576,1.48450990748,0.34437868688,-0.0310631109547,0.0651941834851,100.0
35.854694,-0.785398163397,0.0640436978942,0.428747630214,0.00920388472731,-0.36968936988,1.51212156166,2.86279164539,95.4983901978,-0.318301013486,0.0870534097125,-0.052922337182,1.48412641228,0.34437868688,-0.0314466061517,0.0655776786821,100.0
35.864695,-0.784631173003,0.0640436978942,0.427597144623,0.00882038953034,-0.370072865077,1.51250505686,2.862024655,95.4983901978,-0.317534023092,0.0874369049095,-0.0521553467881,1.48489340267,0.343995191683,-0.0318301013486,0.0651941834851,100.0
35.874696,-0.785398163397,0.0636602026972,0.427213649426,0.00958737992428,-0.370072865077,1.51173806646,2.86317514059,95.4983901978,-0.318301013486,0.0870534097125,-0.052922337182,1.48450990748,0.343611696486,-0.0318301013486,0.0651941834851,100.0
35.884699,-0.784631173003,0.0640436978942,0.42798063982,0.00958737992428,-0.370072865077,1.51212156166,2.862024655,95.4983901978,-0.318301013486,0.0874369049095,-0.053689327576,1.48450990748,0.344762182077,-0.0325970917426,0.066344669076,100.0
35.894698,-0.784631173003,0.0640436978942,0.427213649426,0.00920388472731,-0.370072865077,1.51250505686,2.86240815019,95.4983901978,-0.317534023092,0.0874369049095,-0.052922337182,1.48374291708,0.34437868688,-0.0314466061517,0.066344669076,100.0
35.904697,-0.785781658594,0.0636602026972,0.42798063982,0.00920388472731,-0.36968936988,1.51212156166,2.86279164539,95.4983901978,-0.317917518289,0.0866699145155,-0.0525388419851,1.48412641228,0.34437868688,-0.0322135965456,0.0659611738791,100.0
35.914696,-0.784631173003,0.0640436978942,0.427597144623,0.00920388472731,-0.370456360274,1.51250505686,2.86279164539,95.4983901978,-0.318684508683,0.0870534097125,-0.052922337182,1.48412641228,0.343995191683,-0.0314466061517,0.0651941834851,100.0
35.924698,-0.784247677806,0.0640436978942,0.427213649426,0.00997087512126,-0.370072865077,1.51173806646,2.86240815019,95.4983901978,-0.31906800388,0.0866699145155,-0.0525388419851,1.48412641228,0.34437868688,-0.0314466061517,0.0659611738791,100.0
35.934699,-0.784631173003,0.0644271930912,0.427597144623,0.00997087512126,-0.36968936988,1.51173806646,2.86240815019,95.4983901978,-0.317917518289,0.0874369049095,-0.053305832379,1.48450990748,0.34437868688,-0.0310631109547,0.0651941834851,100.0
35.944698,-0.784631173003,0.0640436978942,0.427597144623,0.00997087512126,-0.370072865077,1.51212156166,2.86317514059,95.4983901978,-0.319451499077,0.0870534097125,-0.052922337182,1.48412641228,0.34437868688,-0.0318301013486,0.0648106882882,100.0
35.954697,-0.784247677806,0.0648106882882,0.42798063982,0.00997087512126,-0.36968936988,1.51250505686,2.862024655,95.4983901978,-0.318684508683,0.0866699145155,-0.053689327576,1.48450990748,0.344762182077,-0.0314466061517,0.0651941834851,100.0
35.964698,-0.7850146682,0.0644271930912,0.427213649426,0.00997087512126,-0.370072865077,1.51212156166,2.86279164539,95.4983901978,-0.317534023092,0.0862864193186,-0.053305832379,1.48489340267,0.343611696486,-0.0314466061517,0.0644271930912,100.0
35.974700,-0.785398163397,0.0640436978942,0.428364135017,0.0103543703182,-0.370456360274,1.51173806646,2.86240815019,95.4983901978,-0.318684508683,0.0874369049095,-0.052922337182,1.48450990748,0.343995191683,-0.0318301013486,0.0655776786821,100.0
35.984697,-0.784631173003,0.0636602026972,0.427597144623,0.00882038953034,-0.370456360274,1.51250505686,2.86317514059,95.4983901978,-0.318301013486,0.0874369049095,-0.052922337182,1.48335942189,0.343995191683,-0.0314466061517,0.0655776786821,100.0
35.994700,-0.784631173003,0.0640436978942,0.427597144623,0.00920388472731,-0.370072865077,1.51250505686,2.862024655,95.4983901978,-0.318301013486,0.0874369049095,-0.053305832379,1.48297592669,0.34437868688,-0.0314466061517,0.0659611738791,100.0
36.004696,-0.7850146682,0.0640436978942,0.427213649426,0.00882038953034,-0.370839855471,1.51250505686,2.86240815019,95.4983901978,-0.317917518289,0.0882038953034,-0.053305832379,1.48412641228,0.343995191683,-0.0314466061517,0.0655776786821,100.0
36.014696,-0.784247677806,0.0640436978942,0.427597144623,0.00882038953034,-0.370456360274,1.51288855205,2.86240815019,95.4983901978,-0.318684508683,0.0874369049095,-0.0525388419851,1.48335942189,0.34437868688,-0.0322135965456,0.0655776786821,100.0
36.024698,-0.785398163397,0.0640436978942,0.427597144623,0.00997087512126,-0.36968936988,1.51250505686,2.86240815019,95.4983901978,-0.317917518289,0.0885873905004,-0.0525388419851,1.48374291708,0.34437868688,-0.0318301013486,0.0651941834851,100.0
36.034696,-0.785398163397,0.0640436978942,0.427213649426,0.00958737992428,-0.370072865077,1.51212156166,2.86240815019,95.4983901978,-0.318684508683,0.0866699145155,-0.052922337182,1.48412641228,0.344762182077,-0.0325970917426,0.0655776786821,100.0
36.044698,-0.7850146682,0.0644271930912,0.427597144623,0.00920388472731,-0.36968936988,1.51250505686,2.86355863579,95.4983901978,-0.318684508683,0.0878204001064,-0.052922337182,1.48374291708,0.34437868688,-0.0322135965456,0.0655776786821,100.0
36.054697,-0.7850146682,0.0640436978942,0.42798063982,0.00920388472731,-0.370072865077,1.51212156166,2.86317514059,95.4983901978,-0.318301013486,0.0878204001064,-0.052922337182,1.48374291708,0.343611696486,-0.0318301013486,0.0655776786821,100.0
36.064696,-0.784631173003,0.0640436978942,0.427213649426,0.00958737992428,-0.370072865077,1.51212156166,2.86317514059,95.4983901978,-0.317917518289,0.0882038953034,-0.0525388419851,1.48412641228,0.343995191683,-0.0314466061517,0.0648106882882,100.0
36.074698,-0.7850146682,0.0632767075003,0.427213649426,0.00997087512126,-0.36968936988,1.51212156166,2.86279164539,95.4983901978,-0.318684508683,0.0874369049095,-0.053689327576,1.48489340267,0.34437868688,-0.0314466061517,0.0651941834851,100.0
36.084700,-0.7850146682,0.0640436978942,0.427213649426,0.00958737992428,-0.370072865077,1.51212156166,2.86279164539,95.4983901978,-0.318301013486,0.0870534097125,-0.053689327576,1.48335942189,0.34437868688,-0.0318301013486,0.0659611738791,100.0
36.094697,-0.784631173003,0.0640436978942,0.42798063982,0.00958737992428,-0.370072865077,1.51250505686,2.86317514059,95.4983901978,-0.31906800388,0.0866699145155,-0.052922337182,1.48489340267,0.343611696486,-0.0314466061517,0.0651941834851,100.0
36.104699,-0.7850146682,0.0640436978942,0.428364135017,0.00958737992428,-0.370072865077,1.51212156166,2.86240815019,95.4983901978,-0.319451499077,0.0874369049095,-0.053689327576,1.48412641228,0.34437868688,-0.0314466061517,0.0651941834851,100.0
36.114697,-0.784631173003,0.0644271930912,0.428364135017,0.00920388472731,-0.370456360274,1.51173806646,2.86279164539,95.4983901978,-0.318684508683,0.0878204001064,-0.054072822773,1.48374291708,0.343995191683,-0.0322135965456,0.066344669076,100.0
36.124701,-0.784247677806,0.0648106882882,0.428747630214,0.00958737992428,-0.370839855471,1.51173806646,2.86279164539,95.4983901978,-0.317917518289,0.0870534097125,-0.053305832379,1.48412641228,0.34437868688,-0.0318301013486,0.0651941834851,100.0
36.134700,-0.784631173003,0.0640436978942,0.427213649426,0.00958737992428,-0.370072865077,1.51212156166,2.86279164539,95.4983901978,-0.317917518289,0.0878204001064,-0.052922337182,1.48450990748,0.34437868688,-0.0318301013486,0.0651941834851,100.0
36.144696,-0.7850146682,0.0636602026972,0.427213649426,0.00958737992428,-0.370456360274,1.51212156166,2.86279164539,95.4983901978,-0.317917518289,0.0885873905004,-0.054072822773,1.48374291708,0.34437868688,-0.0318301013486,0.0659611738791,100.0
36.154696,-0.784631173003,0.0640436978942,0.427597144623,0.00958737992428,-0.36968936988,1.51288855205,2.86279164539,95.4983901978,-0.317917518289,0.0874369049095,-0.054072822773,1.48335942189,0.34437868688,-0.0322135965456,0.066344669076,100.0
36.164696,-0.784631173003,0.0644271930912,0.427213649426,0.00920388472731,-0.36968936988,1.51173806646,2.86279164539,95.4983901978,-0.318684508683,0.0870534097125,-0.052922337182,1.48374291708,0.34437868688,-0.0314466061517,0.066344669076,100.0
36.174694,-0.7850146682,0.0640436978942,0.427597144623,0.00958737992428,-0.370072865077,1.51250505686,2.86240815019,95.4983901978,-0.318301013486,0.0870534097125,-0.053305832379,1.48374291708,0.343995191683,-0.0318301013486,0.0655776786821,100.0
36.184696,-0.785398163397,0.0644271930912,0.427597144623,0.00920388472731,-0.370072865077,1.51212156166,2.862024655,95.4983901978,-0.319451499077,0.0878204001064,-0.0544563179699,1.48374291708,0.34437868688,-0.0314466061517,0.0659611738791,100.0
36.194698,-0.785398163397,0.0640436978942,0.428364135017,0.00958737992428,-0.370072865077,1.51135457126,2.86279164539,95.4983901978,-0.318301013486,0.0882038953034,-0.052922337182,1.48374291708,0.34437868688,-0.0310631109547,0.0655776786821,100.0
36.204699,-0.7850146682,0.0644271930912,0.428364135017,0.00958737992428,-0.36968936988,1.51135457126,2.86317514059,95.4983901978,-0.318684508683,0.0874369049095,-0.052922337182,1.48527689787,0.34437868688,-0.0318301013486,0.0655776786821,100.0
36.214694,-0.784631173003,0.0644271930912,0.426830154229,0.0103543703182,-0.370456360274,1.51212156166,2.86240815019,95.4983901978,-0.318301013486,0.0874369049095,-0.0525388419851,1.48412641228,0.344762182077,-0.0318301013486,0.0655776786821,100.0
36.224695,-0.784631173003,0.0636602026972,0.427213649426,0.00882038953034,-0.370072865077,1.51250505686,2.86240815019,95.4983901978,-0.318684508683,0.0878204001064,-0.052922337182,1.48412641228,0.34437868688,-0.0318301013486,0.0651941834851,100.0
36.234696,-0.7850146682,0.0640436978942,0.42798063982,0.00920388472731,-0.370456360274,1.51212156166,2.86279164539,95.4983901978,-0.317917518289,0.0866699145155,-0.052922337182,1.48450990748,0.343995191683,-0.0318301013486,0.0659611738791,100.0
36.244696,-0.784631173003,0.0640436978942,0.42798063982,0.00920388472731,-0.368922379486,1.51212156166,2.86240815019,95.4983901978,-0.318301013486,0.0874369049095,-0.052922337182,1.48450990748,0.34437868688,-0.0310631109547,0.0659611738791,100.0
36.254697,-0.784247677806,0.0636602026972,0.427213649426,0.00958737992428,-0.370456360274,1.51173806646,2.862024655,95.4983901978,-0.318684508683,0.0870534097125,-0.052922337182,1.48450990748,0.34437868688,-0.0310631109547,0.0655776786821,100.0
36.264698,-0.784631173003,0.0640436978942,0.427213649426,0.00920388472731,-0.370072865077,1.51212156166,2.86240815019,95.4983901978,-0.318301013486,0.0870534097125,-0.052922337182,1.48412641228,0.34437868688,-0.0318301013486,0.0655776786821,100.0
36.274699,-0.784631173003,0.0640436978942,0.427597144623,0.00958737992428,-0.370456360274,1.51288855205,2.86279164539,95.4983901978,-0.318301013486,0.0870534097125,-0.053689327576,1.48412641228,0.34437868688,-0.0314466061517,0.066344669076,100.0
36.284698,-0.784631173003,0.0644271930912,0.42798063982,0.00958737992428,-0.370456360274,1.51250505686,2.86240815019,95.4983901978,-0.317917518289,0.0870534097125,-0.053305832379,1.48374291708,0.344762182077,-0.0310631109547,0.0648106882882,100.0
36.294699,-0.784247677806,0.0640436978942,0.428364135017,0.00958737992428,-0.36968936988,1.51250505686,2.86279164539,95.4983901978,-0.318684508683,0.0874369049095,-0.0525388419851,1.48450990748,0.34437868688,-0.0310631109547,0.0655776786821,100.0
36.304699,-0.7850146682,0.0640436978942,0.427213649426,0.00920388472731,-0.370072865077,1.51173806646,2.86279164539,95.4983901978,-0.318301013486,0.0874369049095,-0.053305832379,1.48450990748,0.345145677274,-0.0314466061517,0.0651941834851,100.0
36.314699,-0.784631173003,0.0644271930912,0.428364135017,0.00997087512126,-0.370456360274,1.51250505686,2.86240815019,95.4983901978,-0.318301013486,0.0866699145155,-0.053689327576,1.48489340267,0.34437868688,-0.0318301013486,0.066344669076,100.0
36.324700,-0.785398163397,0.0640436978942,0.428747630214,0.00958737992428,-0.370072865077,1.51173806646,2.86240815019,95.4983901978,-0.317917518289,0.0866699145155,-0.052922337182,1.48450990748,0.34437868688,-0.0322135965456,0.0655776786821,100.0
36.334698,-0.784631173003,0.0644271930912,0.427597144623,0.00920388472731,-0.36968936988,1.51173806646,2.86279164539,95.4983901978,-0.318301013486,0.0866699145155,-0.053305832379,1.48335942189,0.343995191683,-0.0314466061517,0.066728164273,100.0
36.344704,-0.784631173003,0.0632767075003,0.428364135017,0.00882038953034,-0.370456360274,1.51250505686,2.86279164539,95.4983901978,-0.317917518289,0.0870534097125,-0.053305832379,1.48412641228,0.34437868688,-0.0314466061517,0.0655776786821,100.0
36.354705,-0.7850146682,0.0644271930912,0.428747630214,0.00958737992428,-0.36968936988,1.51250505686,2.86279164539,95.4983901978,-0.318684508683,0.0870534097125,-0.053305832379,1.48412641228,0.34437868688,-0.0318301013486,0.0651941834851,100.0
36.364700,-0.7850146682,0.0644271930912,0.427597144623,0.00997087512126,-0.36968936988,1.51250505686,2.86240815019,95.4983901978,-0.318684508683,0.0870534097125,-0.052922337182,1.48374291708,0.34437868688,-0.0318301013486,0.066344669076,100.0
36.374700,-0.784631173003,0.0644271930912,0.428364135017,0.00958737992428,-0.370456360274,1.51250505686,2.8616411598,95.4983901978,-0.318301013486,0.0866699145155,-0.0525388419851,1.48412641228,0.343995191683,-0.0325970917426,0.0659611738791,100.0
36.384703,-0.784631173003,0.0644271930912,0.427597144623,0.00920388472731,-0.370456360274,1.51173806646,2.86279164539,95.4983901978,-0.31906800388,0.0874369049095,-0.052922337182,1.48412641228,0.34437868688,-0.0325970917426,0.0651941834851,100.0
36.394704,-0.784247677806,0.0644271930912,0.428364135017,0.00958737992428,-0.36968936988,1.51250505686,2.86240815019,95.4983901978,-0.318684508683,0.0866699145155,-0.053689327576,1.48412641228,0.344762182077,-0.0318301013486,0.0644271930912,100.0
36.404709,-0.7850146682,0.0648106882882,0.427597144623,0.00958737992428,-0.370456360274,1.51250505686,2.862024655,95.4983901978,-0.318301013486,0.0870534097125,-0.0525388419851,1.48412641228,0.34437868688,-0.0322135965456,0.0659611738791,100.0
36.414709,-0.783864182609,0.0640436978942,0.427597144623,0.00997087512126,-0.370456360274,1.51212156166,2.86317514059,95.4983901978,-0.318684508683,0.0874369049095,-0.0525388419851,1.48450990748,0.34437868688,-0.0318301013486,0.0655776786821,100.0
36.424702,-0.784247677806,0.0644271930912,0.42798063982,0.00920388472731,-0.370072865077,1.51250505686,2.86240815019,95.4983901978,-0.317917518289,0.0878204001064,-0.053305832379,1.48412641228,0.344762182077,-0.0318301013486,0.0655776786821,100.0
36.434703,-0.784631173003,0.0644271930912,0.428364135017,0.00958737992428,-0.36968936988,1.51250505686,2.86240815019,95.4983901978,-0.318684508683,0.0870534097125,-0.052922337182,1.48450990748,0.343995191683,-0.0318301013486,0.0648106882882,100.0
36.444702,-0.784631173003,0.0644271930912,0.427597144623,0.00920388472731,-0.370072865077,1.51212156166,2.86240815019,95.4983901978,-0.318301013486,0.0874369049095,-0.052922337182,1.48566039307,0.343995191683,-0.0318301013486,0.0659611738791,100.0
36.454701,-0.783864182609,0.0644271930912,0.426830154229,0.00958737992428,-0.370072865077,1.51250505686,2.86279164539,95.4983901978,-0.318684508683,0.0882038953034,-0.053305832379,1.48412641228,0.34437868688,-0.0318301013486,0.0651941834851,100.0
36.464705,-0.784247677806,0.0644271930912,0.428747630214,0.00997087512126,-0.36968936988,1.51212156166,2.86240815019,95.4983901978,-0.318684508683,0.0882038953034,-0.053305832379,1.48412641228,0.34437868688,-0.0325970917426,0.0655776786821,100.0
36.474701,-0.784247677806,0.0644271930912,0.42798063982,0.00958737992428,-0.370456360274,1.51250505686,2.86317514059,95.4983901978,-0.319451499077,0.0874369049095,-0.0525388419851,1.48374291708,0.34437868688,-0.0318301013486,0.066344669076,100.0
36.484705,-0.784631173003,0.0648106882882,0.427213649426,0.00997087512126,-0.36968936988,1.51250505686,2.8616411598,95.4983901978,-0.317917518289,0.0870534097125,-0.053305832379,1.48412641228,0.343995191683,-0.0318301013486,0.0651941834851,100.0
36.494701,-0.784631173003,0.0648106882882,0.427213649426,0.00997087512126,-0.370456360274,1.51250505686,2.86240815019,95.4983901978,-0.318684508683,0.0874369049095,-0.053305832379,1.48489340267,0.343995191683,-0.0310631109547,0.0655776786821,100.0
36.504701,-0.784631173003,0.0644271930912,0.427597144623,0.00920388472731,-0.36968936988,1.51212156166,2.86317514059,95.4983901978,-0.31906800388,0.0866699145155,-0.053305832379,1.48450990748,0.34437868688,-0.0314466061517,0.0648106882882,100.0
36.514701,-0.785398163397,0.0651941834851,0.428747630214,0.00958737992428,-0.370072865077,1.51212156166,2.86279164539,95.4983901978,-0.31906800388,0.0870534097125,-0.053305832379,1.48412641228,0.343995191683,-0.0322135965456,0.0659611738791,100.0
36.524704,-0.785398163397,0.0648106882882,0.427213649426,0.00958737992428,-0.369305874683,1.51212156166,2.862024655,95.4983901978,-0.318684508683,0.0870534097125,-0.053689327576,1.48412641228,0.34437868688,-0.0314466061517,0.066728164273,100.0
36.534743,-0.784247677806,0.0648106882882,0.427213649426,0.00882038953034,-0.36968936988,1.51288855205,2.86279164539,95.4983901978,-0.31906800388,0.0882038953034,-0.053689327576,1.48450990748,0.34437868688,-0.0322135965456,0.0659611738791,100.0
36.544700,-0.784247677806,0.0648106882882,0.427597144623,0.00920388472731,-0.370072865077,1.51173806646,2.86279164539,95.4983901978,-0.318684508683,0.0874369049095,-0.053305832379,1.48489340267,0.343611696486,-0.0322135965456,0.0655776786821,100.0
36.554703,-0.784247677806,0.0648106882882,0.42798063982,0.00920388472731,-0.370072865077,1.51173806646,2.86240815019,95.4983901978,-0.318301013486,0.0878204001064,-0.052922337182,1.48374291708,0.34437868688,-0.0314466061517,0.0655776786821,100.0
36.564699,-0.784631173003,0.0648106882882,0.42798063982,0.00920388472731,-0.370072865077,1.51250505686,2.86240815019,95.4983901978,-0.318301013486,0.0866699145155,-0.053689327576,1.48374291708,0.344762182077,-0.0322135965456,0.0651941834851,100.0
36.574701,-0.784247677806,0.0640436978942,0.427213649426,0.00958737992428,-0.370072865077,1.51212156166,2.86279164539,95.4983901978,-0.318301013486,0.0870534097125,-0.053305832379,1.48450990748,0.343995191683,-0.0310631109547,0.0659611738791,100.0
36.584708,-0.7850146682,0.0644271930912,0.427597144623,0.00958737992428,-0.370456360274,1.51173806646,2.86279164539,95.4983901978,-0.318301013486,0.0866699145155,-0.053689327576,1.48450990748,0.343995191683,-0.0322135965456,0.0651941834851,100.0
36.594701,-0.7850146682,0.0648106882882,0.42798063982,0.00958737992428,-0.370072865077,1.51250505686,2.86279164539,95.4983901978,-0.318684508683,0.0866699145155,-0.052922337182,1.48489340267,0.34437868688,-0.0325970917426,0.0651941834851,100.0
36.604718,-0.784631173003,0.0640436978942,0.42798063982,0.00958737992428,-0.36968936988,1.51173806646,2.86240815019,95.4983901978,-0.317917518289,0.0882038953034,-0.0525388419851,1.48412641228,0.343995191683,-0.0314466061517,0.0651941834851,100.0
36.614710,-0.784631173003,0.0648106882882,0.427597144623,0.00920388472731,-0.370456360274,1.51135457126,2.86279164539,95.4983901978,-0.318301013486,0.0874369049095,-0.052922337182,1.48489340267,0.34437868688,-0.0314466061517,0.0659611738791,100.0
36.624718,-0.784631173003,0.0651941834851,0.42798063982,0.00882038953034,-0.370072865077,1.51173806646,2.86317514059,95.4983901978,-0.31906800388,0.0878204001064,-0.0521553467881,1.48450990748,0.343995191683,-0.0318301013486,0.0655776786821,100.0
36.634716,-0.785398163397,0.0648106882882,0.42798063982,0.00958737992428,-0.370072865077,1.51173806646,2.86240815019,95.4983901978,-0.318684508683,0.0866699145155,-0.053305832379,1.48489340267,0.343995191683,-0.0318301013486,0.066344669076,100.0
36.644714,-0.7850146682,0.0644271930912,0.42798063982,0.00958737992428,-0.370072865077,1.51250505686,2.86279164539,95.4983901978,-0.318684508683,0.0878204001064,-0.052922337182,1.48450990748,0.34437868688,-0.0318301013486,0.0651941834851,100.0
36.654720,-0.784247677806,0.0651941834851,0.427597144623,0.00958737992428,-0.370456360274,1.51212156166,2.86279164539,95.4983901978,-0.318301013486,0.0874369049095,-0.052922337182,1.48412641228,0.343995191683,-0.0318301013486,0.0655776786821,100.0
36.664711,-0.784631173003,0.0640436978942,0.42798063982,0.00920388472731,-0.370072865077,1.51250505686,2.86355863579,95.4983901978,-0.317917518289,0.0882038953034,-0.054072822773,1.48374291708,0.343995191683,-0.0325970917426,0.0655776786821,100.0
36.674709,-0.7850146682,0.0644271930912,0.427597144623,0.00920388472731,-0.370072865077,1.51288855205,2.86355863579,95.4983901978,-0.318301013486,0.0866699145155,-0.054072822773,1.48412641228,0.343995191683,-0.0318301013486,0.0655776786821,100.0
36.684712,-0.784247677806,0.0648106882882,0.427597144623,0.00958737992428,-0.36968936988,1.51173806646,2.86279164539,95.4983901978,-0.318301013486,0.0874369049095,-0.052922337182,1.48412641228,0.343995191683,-0.0314466061517,0.0640436978942,100.0
36.694713,-0.784247677806,0.0644271930912,0.429131125411,0.00997087512126,-0.36968936988,1.51212156166,2.862024655,95.4983901978,-0.318684508683,0.0866699145155,-0.053305832379,1.48374291708,0.34437868688,-0.0314466061517,0.0655776786821,100.0
36.704721,-0.7850146682,0.0648106882882,0.427213649426,0.00958737992428,-0.370072865077,1.51212156166,2.86317514059,95.4983901978,-0.318301013486,0.0878204001064,-0.0521553467881,1.48489340267,0.343995191683,-0.0322135965456,0.0659611738791,100.0
36.714720,-0.784631173003,0.0651941834851,0.427213649426,0.00920388472731,-0.370072865077,1.51288855205,2.86240815019,95.4983901978,-0.317917518289,0.0882038953034,-0.0525388419851,1.48450990748,0.34437868688,-0.0318301013486,0.0659611738791,100.0
36.724713,-0.7850146682,0.0655776786821,0.427597144623,0.00997087512126,-0.370072865077,1.51212156166,2.86240815019,95.4983901978,-0.318301013486,0.0878204001064,-0.052922337182,1.48450990748,0.34437868688,-0.0325970917426,0.0655776786821,100.0
36.734726,-0.784631173003,0.0640436978942,0.42798063982,0.00920388472731,-0.36968936988,1.51173806646,2.86279164539,95.4983901978,-0.317917518289,0.0874369049095,-0.053689327576,1.48450990748,0.34437868688,-0.0318301013486,0.0659611738791,100.0
36.744721,-0.7850146682,0.0651941834851,0.427213649426,0.00920388472731,-0.370072865077,1.51250505686,2.86279164539,95.4983901978,-0.318684508683,0.0878204001064,-0.052922337182,1.48489340267,0.344762182077,-0.0314466061517,0.0659611738791,100.0
36.754718,-0.784631173003,0.0655776786821,0.427597144623,0.00920388472731,-0.370072865077,1.51212156166,2.86317514059,95.4983901978,-0.318301013486,0.0878204001064,-0.052922337182,1.48527689787,0.343995191683,-0.0314466061517,0.0659611738791,100.0
36.764713,-0.7850146682,0.0651941834851,0.427213649426,0.00920388472731,-0.36968936988,1.51212156166,2.86279164539,95.4983901978,-0.318301013486,0.0878204001064,-0.053305832379,1.48489340267,0.345145677274,-0.0314466061517,0.0659611738791,100.0
36.774715,-0.784631173003,0.0648106882882,0.428747630214,0.00920388472731,-0.370456360274,1.51173806646,2.86317514059,95.4983901978,-0.318301013486,0.0878204001064,-0.0525388419851,1.48527689787,0.343995191683,-0.0318301013486,0.0651941834851,100.0
36.784712,-0.784631173003,0.0640436978942,0.428364135017,0.00958737992428,-0.36968936988,1.51288855205,2.86279164539,95.4983901978,-0.318301013486,0.0870534097125,-0.052922337182,1.48489340267,0.343995191683,-0.0325970917426,0.0659611738791,100.0
36.794716,-0.7850146682,0.0640436978942,0.42798063982,0.00958737992428,-0.36968936988,1.51250505686,2.862024655,95.4983901978,-0.318301013486,0.0874369049095,-0.052922337182,1.48450990748,0.34437868688,-0.0322135965456,0.0651941834851,100.0
36.804719,-0.784247677806,0.0648106882882,0.428364135017,0.0103543703182,-0.370456360274,1.51250505686,2.86279164539,95.4983901978,-0.318684508683,0.0878204001064,-0.053689327576,1.48489340267,0.343995191683,-0.0318301013486,0.0648106882882,100.0
36.814710,-0.7850146682,0.0651941834851,0.42798063982,0.00997087512126,-0.370072865077,1.51212156166,2.86240815019,95.4983901978,-0.318684508683,0.0870534097125,-0.052922337182,1.48527689787,0.34437868688,-0.0322135965456,0.0655776786821,100.0
36.824712,-0.783864182609,0.0651941834851,0.427597144623,0.00958737992428,-0.368922379486,1.51212156166,2.86279164539,95.4983901978,-0.31906800388,0.0878204001064,-0.052922337182,1.48527689787,0.34437868688,-0.0306796157577,0.066344669076,100.0
36.834713,-0.784631173003,0.0644271930912,0.427213649426,0.00958737992428,-0.370456360274,1.51212156166,2.86240815019,95.4983901978,-0.318301013486,0.0870534097125,-0.0521553467881,1.48527689787,0.34437868688,-0.0314466061517,0.0651941834851,100.0
36.844711,-0.785398163397,0.0648106882882,0.428364135017,0.00958737992428,-0.36968936988,1.51135457126,2.86279164539,95.4983901978,-0.318684508683,0.0874369049095,-0.053305832379,1.48566039307,0.34437868688,-0.0322135965456,0.0655776786821,100.0
36.854714,-0.784631173003,0.0648106882882,0.428364135017,0.00882038953034,-0.36968936988,1.51212156166,2.86279164539,95.4983901978,-0.317917518289,0.0882038953034,-0.052922337182,1.48450990748,0.34437868688,-0.0322135965456,0.0655776786821,100.0
36.864709,-0.7850146682,0.0651941834851,0.428747630214,0.00920388472731,-0.370072865077,1.51250505686,2.86240815019,95.4983901978,-0.317917518289,0.0882038953034,-0.052922337182,1.48527689787,0.343995191683,-0.0318301013486,0.0655776786821,100.0
36.874714,-0.785398163397,0.0648106882882,0.42798063982,0.00958737992428,-0.36968936988,1.51250505686,2.86279164539,95.4983901978,-0.318301013486,0.0874369049095,-0.053689327576,1.48527689787,0.344762182077,-0.0318301013486,0.0651941834851,100.0
36.884716,-0.7850146682,0.0648106882882,0.427597144623,0.00997087512126,-0.370072865077,1.51173806646,2.86279164539,95.4983901978,-0.318301013486,0.0874369049095,-0.0525388419851,1.48374291708,0.34437868688,-0.0314466061517,0.0651941834851,100.0
36.894712,-0.784631173003,0.0651941834851,0.428747630214,0.00920388472731,-0.36968936988,1.51250505686,2.86240815019,95.4983901978,-0.318301013486,0.0870534097125,-0.053305832379,1.48450990748,0.34437868688,-0.0310631109547,0.0655776786821,100.0
36.904714,-0.7850146682,0.0648106882882,0.427597144623,0.00920388472731,-0.36968936988,1.51250505686,2.862024655,95.4983901978,-0.318301013486,0.0878204001064,-0.052922337182,1.48527689787,0.34437868688,-0.0314466061517,0.066344669076,100.0
36.914710,-0.784247677806,0.0648106882882,0.429131125411,0.00958737992428,-0.370456360274,1.51173806646,2.86240815019,95.4983901978,-0.318684508683,0.0882038953034,-0.0521553467881,1.48566039307,0.343995191683,-0.0318301013486,0.0655776786821,100.0
36.924712,-0.785398163397,0.0640436978942,0.427213649426,0.00958737992428,-0.36968936988,1.51212156166,2.862024655,95.4983901978,-0.318684508683,0.0878204001064,-0.053689327576,1.48412641228,0.34437868688,-0.0314466061517,0.0659611738791,100.0
36.934710,-0.784247677806,0.0644271930912,0.427213649426,0.00920388472731,-0.370456360274,1.51250505686,2.862024655,95.4983901978,-0.317917518289,0.0878204001064,-0.052922337182,1.48604388826,0.344762182077,-0.0314466061517,0.0659611738791,100.0
36.944708,-0.784631173003,0.0648106882882,0.428747630214,0.00958737992428,-0.370072865077,1.51212156166,2.86279164539,95.4983901978,-0.317917518289,0.0874369049095,-0.053305832379,1.48527689787,0.343995191683,-0.0318301013486,0.0655776786821,100.0
36.954700,-0.7850146682,0.0644271930912,0.427213649426,0.00958737992428,-0.36968936988,1.51288855205,2.86279164539,95.4983901978,-0.318301013486,0.0866699145155,-0.052922337182,1.48450990748,0.343995191683,-0.0322135965456,0.066728164273,100.0
36.964696,-0.7850146682,0.0644271930912,0.428364135017,0.00997087512126,-0.370072865077,1.51250505686,2.86240815019,95.4983901978,-0.31906800388,0.0870534097125,-0.0521553467881,1.48450990748,0.344762182077,-0.0318301013486,0.0651941834851,100.0
36.974693,-0.7850146682,0.0648106882882,0.427597144623,0.00997087512126,-0.36968936988,1.51212156166,2.86240815019,95.4983901978,-0.317534023092,0.0866699145155,-0.0525388419851,1.48412641228,0.344762182077,-0.0325970917426,0.0655776786821,100.0
36.984694,-0.7850146682,0.0644271930912,0.427597144623,0.00920388472731,-0.370456360274,1.51135457126,2.86240815019,95.4983901978,-0.318301013486,0.0874369049095,-0.052922337182,1.48489340267,0.344762182077,-0.0322135965456,0.0651941834851,100.0
36.994694,-0.784631173003,0.0651941834851,0.427213649426,0.00920388472731,-0.36968936988,1.51250505686,2.86279164539,95.4983901978,-0.31906800388,0.0874369049095,-0.0521553467881,1.48527689787,0.345145677274,-0.0325970917426,0.0659611738791,100.0
37.004701,-0.783864182609,0.0648106882882,0.428747630214,0.00997087512126,-0.370456360274,1.51250505686,2.86240815019,95.4983901978,-0.318684508683,0.0874369049095,-0.0525388419851,1.48604388826,0.345145677274,-0.0318301013486,0.0655776786821,100.0
37.014697,-0.785398163397,0.0640436978942,0.428364135017,0.00920388472731,-0.368922379486,1.51212156166,2.86240815019,95.4983901978,-0.317534023092,0.0882038953034,-0.052922337182,1.48566039307,0.34437868688,-0.0318301013486,0.0659611738791,100.0
37.024713,-0.784631173003,0.0659611738791,0.428364135017,0.00997087512126,-0.370456360274,1.51212156166,2.86317514059,95.4983901978,-0.318301013486,0.0866699145155,-0.052922337182,1.48412641228,0.34437868688,-0.0322135965456,0.0659611738791,100.0
37.034700,-0.7850146682,0.0655776786821,0.42798063982,0.00997087512126,-0.370072865077,1.51212156166,2.862024655,95.4983901978,-0.318301013486,0.0870534097125,-0.0525388419851,1.48450990748,0.34437868688,-0.0318301013486,0.0659611738791,100.0
37.044699,-0.784631173003,0.0655776786821,0.428364135017,0.00958737992428,-0.370456360274,1.51212156166,2.86240815019,95.4983901978,-0.318684508683,0.0874369049095,-0.0525388419851,1.48489340267,0.343995191683,-0.0322135965456,0.0655776786821,100.0
37.054698,-0.784247677806,0.0651941834851,0.428364135017,0.00920388472731,-0.36968936988,1.51250505686,2.86317514059,95.4983901978,-0.318301013486,0.0874369049095,-0.052922337182,1.48566039307,0.34437868688,-0.0325970917426,0.0648106882882,100.0
37.064695,-0.784631173003,0.0651941834851,0.428747630214,0.0103543703182,-0.370072865077,1.51250505686,2.86240815019,95.4983901978,-0.318301013486,0.0874369049095,-0.053305832379,1.48527689787,0.343995191683,-0.0318301013486,0.0659611738791,100.0
37.074707,-0.785398163397,0.0644271930912,0.427213649426,0.00958737992428,-0.370072865077,1.51173806646,2.862024655,95.4983901978,-0.318301013486,0.0874369049095,-0.0525388419851,1.48450990748,0.344762182077,-0.0314466061517,0.0659611738791,100.0
37.084698,-0.784247677806,0.0644271930912,0.428747630214,0.00997087512126,-0.369305874683,1.51250505686,2.86240815019,95.4983901978,-0.31906800388,0.0874369049095,-0.0525388419851,1.48412641228,0.343995191683,-0.0325970917426,0.0651941834851,100.0
37.094705,-0.7850146682,0.0651941834851,0.427597144623,0.00997087512126,-0.36968936988,1.51250505686,2.86317514059,95.4983901978,-0.318301013486,0.0878204001064,-0.053305832379,1.48527689787,0.344762182077,-0.0322135965456,0.0655776786821,100.0
37.104703,-0.7850146682,0.0651941834851,0.42798063982,0.00882038953034,-0.370456360274,1.51173806646,2.86279164539,95.4983901978,-0.31906800388,0.0874369049095,-0.052922337182,1.48450990748,0.34437868688,-0.0318301013486,0.066344669076,100.0
37.114696,-0.7850146682,0.0651941834851,0.428364135017,0.00920388472731,-0.36968936988,1.51173806646,2.86240815019,95.4983901978,-0.318684508683,0.0878204001064,-0.0517718515911,1.48450990748,0.34437868688,-0.0318301013486,0.0655776786821,100.0
37.124694,-0.784631173003,0.0651941834851,0.42798063982,0.00997087512126,-0.370072865077,1.51173806646,2.86279164539,95.4983901978,-0.318684508683,0.0874369049095,-0.0521553467881,1.48566039307,0.345145677274,-0.0318301013486,0.0655776786821,100.0
37.134695,-0.785781658594,0.0651941834851,0.427597144623,0.00958737992428,-0.370456360274,1.51250505686,2.86317514059,95.4983901978,-0.317917518289,0.0874369049095,-0.052922337182,1.48489340267,0.343611696486,-0.0322135965456,0.0651941834851,100.0
37.144696,-0.785781658594,0.0651941834851,0.42798063982,0.00958737992428,-0.36968936988,1.51250505686,2.862024655,95.4983901978,-0.318301013486,0.0878204001064,-0.0525388419851,1.48489340267,0.34437868688,-0.0310631109547,0.0648106882882,100.0
37.154699,-0.784631173003,0.0644271930912,0.427597144623,0.00958737992428,-0.370072865077,1.51173806646,2.86279164539,95.4983901978,-0.318684508683,0.0878204001064,-0.052922337182,1.48489340267,0.344762182077,-0.0318301013486,0.0655776786821,100.0
37.164698,-0.784247677806,0.0648106882882,0.428747630214,0.00958737992428,-0.36968936988,1.51288855205,2.86279164539,95.4983901978,-0.317917518289,0.0882038953034,-0.052922337182,1.48412641228,0.34437868688,-0.0318301013486,0.0655776786821,100.0
37.174695,-0.7850146682,0.0648106882882,0.427597144623,0.00997087512126,-0.370072865077,1.51173806646,2.86240815019,95.4983901978,-0.318301013486,0.0878204001064,-0.0525388419851,1.48527689787,0.344762182077,-0.0318301013486,0.0651941834851,100.0
37.184696,-0.7850146682,0.0651941834851,0.427597144623,0.00920388472731,-0.36968936988,1.51173806646,2.86279164539,95.4983901978,-0.318684508683,0.0874369049095,-0.0525388419851,1.48489340267,0.34437868688,-0.0318301013486,0.0655776786821,100.0
37.194694,-0.785398163397,0.0655776786821,0.427597144623,0.0103543703182,-0.370072865077,1.51212156166,2.86240815019,95.4983901978,-0.318301013486,0.0870534097125,-0.052922337182,1.48489340267,0.34437868688,-0.0322135965456,0.0655776786821,100.0
37.204697,-0.784631173003,0.0644271930912,0.42798063982,0.00958737992428,-0.36968936988,1.51173806646,2.86240815019,95.4983901978,-0.317917518289,0.0874369049095,-0.052922337182,1.48450990748,0.34437868688,-0.0318301013486,0.0655776786821,100.0
37.214697,-0.7850146682,0.0651941834851,0.427597144623,0.00997087512126,-0.36968936988,1.51250505686,2.86240815019,95.4983901978,-0.318684508683,0.0874369049095,-0.053305832379,1.48527689787,0.344762182077,-0.0318301013486,0.0655776786821,100.0
37.224696,-0.784631173003,0.0651941834851,0.428364135017,0.00958737992428,-0.370072865077,1.51212156166,2.86279164539,95.4983901978,-0.31906800388,0.0866699145155,-0.0521553467881,1.48450990748,0.34437868688,-0.0314466061517,0.0655776786821,100.0
37.234715,-0.7850146682,0.0651941834851,0.427597144623,0.00997087512126,-0.370072865077,1.51173806646,2.86279164539,95.4983901978,-0.318301013486,0.0878204001064,-0.0521553467881,1.48527689787,0.34437868688,-0.0314466061517,0.0659611738791,100.0
37.244707,-0.784247677806,0.0651941834851,0.427597144623,0.0103543703182,-0.370456360274,1.51288855205,2.86240815019,95.4983901978,-0.318301013486,0.0878204001064,-0.0525388419851,1.48566039307,0.34437868688,-0.0322135965456,0.0659611738791,100.0
37.254711,-0.785398163397,0.0648106882882,0.427597144623,0.00882038953034,-0.36968936988,1.51212156166,2.86240815019,95.4983901978,-0.318301013486,0.0885873905004,-0.053305832379,1.48527689787,0.34437868688,-0.0318301013486,0.0651941834851,100.0
37.264720,-0.784631173003,0.0655776786821,0.427213649426,0.0103543703182,-0.370839855471,1.51173806646,2.86355863579,95.4983901978,-0.318684508683,0.0874369049095,-0.052922337182,1.48412641228,0.343611696486,-0.0314466061517,0.0651941834851,100.0
37.274711,-0.784631173003,0.0651941834851,0.427213649426,0.00920388472731,-0.370072865077,1.51250505686,2.86279164539,95.4983901978,-0.318684508683,0.0866699145155,-0.052922337182,1.48450990748,0.34437868688,-0.0318301013486,0.066344669076,100.0
37.284710,-0.784631173003,0.0648106882882,0.427213649426,0.00997087512126,-0.36968936988,1.51173806646,2.86317514059,95.4983901978,-0.31906800388,0.0874369049095,-0.052922337182,1.48450990748,0.34437868688,-0.0318301013486,0.0655776786821,100.0
37.294704,-0.7850146682,0.0651941834851,0.42798063982,0.00920388472731,-0.36968936988,1.51212156166,2.86240815019,95.4983901978,-0.318684508683,0.0874369049095,-0.052922337182,1.48527689787,0.34437868688,-0.0322135965456,0.0648106882882,100.0
37.304705,-0.784247677806,0.0651941834851,0.427597144623,0.0107378655152,-0.370456360274,1.51288855205,2.86279164539,95.4983901978,-0.317917518289,0.0882038953034,-0.052922337182,1.48566039307,0.34437868688,-0.0318301013486,0.0659611738791,100.0
37.314704,-0.7850146682,0.0651941834851,0.427597144623,0.00997087512126,-0.36968936988,1.51173806646,2.8616411598,95.4983901978,-0.318684508683,0.0870534097125,-0.053689327576,1.48566039307,0.343995191683,-0.0322135965456,0.0648106882882,100.0
37.324703,-0.7850146682,0.0655776786821,0.42798063982,0.00920388472731,-0.36968936988,1.51327204725,2.86240815019,95.4983901978,-0.318684508683,0.0874369049095,-0.052922337182,1.48489340267,0.344762182077,-0.0318301013486,0.0655776786821,100.0
37.334702,-0.784247677806,0.0648106882882,0.427213649426,0.00958737992428,-0.370072865077,1.51212156166,2.86317514059,95.4983901978,-0.31906800388,0.0874369049095,-0.053689327576,1.48566039307,0.34437868688,-0.0318301013486,0.0655776786821,100.0
37.344704,-0.784631173003,0.0648106882882,0.427213649426,0.0103543703182,-0.370072865077,1.51288855205,2.86240815019,95.4983901978,-0.318684508683,0.0870534097125,-0.052922337182,1.48412641228,0.343995191683,-0.0318301013486,0.0655776786821,100.0
37.354701,-0.784631173003,0.0651941834851,0.42798063982,0.00997087512126,-0.36968936988,1.51250505686,2.86240815019,95.4983901978,-0.317917518289,0.0878204001064,-0.0521553467881,1.48489340267,0.345145677274,-0.0325970917426,0.0655776786821,100.0
37.364698,-0.784631173003,0.0648106882882,0.427597144623,0.00997087512126,-0.370072865077,1.51173806646,2.86240815019,95.4983901978,-0.31906800388,0.0874369049095,-0.0521553467881,1.48489340267,0.34437868688,-0.0325970917426,0.0659611738791,100.0
37.374720,-0.7850146682,0.0651941834851,0.42798063982,0.0103543703182,-0.370456360274,1.51250505686,2.862024655,95.4983901978,-0.317534023092,0.0878204001064,-0.052922337182,1.48450990748,0.34437868688,-0.0314466061517,0.0655776786821,100.0
37.384703,-0.784631173003,0.0651941834851,0.428747630214,0.0103543703182,-0.370456360274,1.51212156166,2.86240815019,95.4983901978,-0.318684508683,0.0874369049095,-0.0521553467881,1.48527689787,0.344762182077,-0.0314466061517,0.0651941834851,100.0
37.394702,-0.785398163397,0.0651941834851,0.428364135017,0.0103543703182,-0.370072865077,1.51250505686,2.86240815019,95.4983901978,-0.318301013486,0.0870534097125,-0.053305832379,1.48450990748,0.344762182077,-0.0325970917426,0.0655776786821,100.0
37.404702,-0.7850146682,0.0648106882882,0.428364135017,0.00997087512126,-0.36968936988,1.51212156166,2.86317514059,95.4983901978,-0.317917518289,0.0866699145155,-0.0521553467881,1.48566039307,0.343995191683,-0.0322135965456,0.0655776786821,100.0
37.414704,-0.7850146682,0.0651941834851,0.427597144623,0.00997087512126,-0.36968936988,1.51250505686,2.86240815019,95.4983901978,-0.31906800388,0.0882038953034,-0.052922337182,1.48566039307,0.343995191683,-0.0322135965456,0.0644271930912,100.0
37.424702,-0.784631173003,0.0655776786821,0.428747630214,0.0103543703182,-0.370072865077,1.51173806646,2.86317514059,95.4983901978,-0.318684508683,0.0878204001064,-0.053305832379,1.48527689787,0.343995191683,-0.0322135965456,0.0648106882882,100.0
37.434696,-0.785398163397,0.0651941834851,0.42798063982,0.00958737992428,-0.36968936988,1.51212156166,2.86279164539,95.4983901978,-0.317917518289,0.0878204001064,-0.0521553467881,1.48527689787,0.34437868688,-0.0322135965456,0.0655776786821,100.0
37.444698,-0.7850146682,0.0651941834851,0.427597144623,0.00958737992428,-0.36968936988,1.51250505686,2.86279164539,95.4983901978,-0.318301013486,0.0874369049095,-0.0521553467881,1.48489340267,0.343995191683,-0.0318301013486,0.0655776786821,100.0
37.454699,-0.7850146682,0.0651941834851,0.427597144623,0.00997087512126,-0.370456360274,1.51173806646,2.86240815019,95.4983901978,-0.318301013486,0.0874369049095,-0.0521553467881,1.48489340267,0.34437868688,-0.0325970917426,0.0655776786821,100.0
37.464699,-0.784631173003,0.0651941834851,0.427213649426,0.00958737992428,-0.370072865077,1.51173806646,2.86240815019,95.4983901978,-0.31906800388,0.0866699145155,-0.0525388419851,1.48527689787,0.34437868688,-0.0322135965456,0.0659611738791,100.0
37.474700,-0.785398163397,0.0651941834851,0.42798063982,0.00997087512126,-0.370072865077,1.51212156166,2.86279164539,95.4983901978,-0.317917518289,0.0874369049095,-0.0525388419851,1.48527689787,0.34437868688,-0.0322135965456,0.0659611738791,100.0
37.484699,-0.784631173003,0.0651941834851,0.427597144623,0.0103543703182,-0.369305874683,1.51250505686,2.86240815019,95.4983901978,-0.318684508683,0.0870534097125,-0.052922337182,1.48527689787,0.344762182077,-0.0318301013486,0.0655776786821,100.0
37.494702,-0.7850146682,0.0648106882882,0.429131125411,0.0103543703182,-0.370072865077,1.51212156166,2.862024655,95.4983901978,-0.31906800388,0.0870534097125,-0.053689327576,1.48450990748,0.343995191683,-0.0318301013486,0.0651941834851,100.0
37.504701,-0.785398163397,0.0651941834851,0.428364135017,0.00997087512126,-0.36968936988,1.51212156166,2.86087416941,95.4983901978,-0.317917518289,0.0878204001064,-0.052922337182,1.48450990748,0.343995191683,-0.0314466061517,0.0655776786821,100.0
37.514701,-0.7850146682,0.0651941834851,0.427597144623,0.00997087512126,-0.36968936988,1.51212156166,2.86010717901,95.4983901978,-0.318301013486,0.0878204001064,-0.052922337182,1.48527689787,0.34437868688,-0.0314466061517,0.0651941834851,100.0
37.524698,-0.784247677806,0.0648106882882,0.42798063982,0.00997087512126,-0.36968936988,1.51250505686,2.86049067421,95.4983901978,-0.318301013486,0.0874369049095,-0.0525388419851,1.48450990748,0.34437868688,-0.0322135965456,0.0659611738791,100.0
37.534700,-0.7850146682,0.0651941834851,0.42798063982,0.00997087512126,-0.36968936988,1.51212156166,2.86049067421,95.4983901978,-0.318684508683,0.0878204001064,-0.0525388419851,1.48527689787,0.34437868688,-0.0322135965456,0.0659611738791,100.0
37.544699,-0.784247677806,0.0655776786821,0.42798063982,0.00997087512126,-0.369305874683,1.51250505686,2.86049067421,95.4983901978,-0.31906800388,0.0878204001064,-0.052922337182,1.48566039307,0.343995191683,-0.0325970917426,0.0651941834851,100.0
37.554701,-0.7850146682,0.0655776786821,0.427597144623,0.00920388472731,-0.370072865077,1.51250505686,2.85972368382,95.4983901978,-0.317917518289,0.0874369049095,-0.0525388419851,1.48527689787,0.34437868688,-0.0318301013486,0.0651941834851,100.0
37.564698,-0.784631173003,0.0644271930912,0.427597144623,0.00997087512126,-0.370072865077,1.51212156166,2.86087416941,95.4983901978,-0.318301013486,0.0874369049095,-0.053305832379,1.48489340267,0.344762182077,-0.0322135965456,0.0655776786821,100.0
37.574696,-0.785398163397,0.0655776786821,0.428747630214,0.0103543703182,-0.36968936988,1.51250505686,2.8612576646,95.4983901978,-0.318684508683,0.0874369049095,-0.0517718515911,1.48566039307,0.344762182077,-0.0318301013486,0.0644271930912,100.0
37.584699,-0.7850146682,0.0659611738791,0.427597144623,0.00997087512126,-0.370072865077,1.51250505686,2.86049067421,95.4983901978,-0.318684508683,0.0882038953034,-0.053305832379,1.48604388826,0.34437868688,-0.0322135965456,0.0655776786821,100.0
37.594698,-0.784631173003,0.0651941834851,0.428364135017,0.00997087512126,-0.370456360274,1.51135457126,2.86049067421,95.4983901978,-0.31906800388,0.0878204001064,-0.0521553467881,1.48412641228,0.34437868688,-0.0314466061517,0.0651941834851,100.0
37.604697,-0.7850146682,0.0651941834851,0.427597144623,0.00920388472731,-0.370456360274,1.51173806646,2.86087416941,95.4983901978,-0.317917518289,0.0878204001064,-0.0521553467881,1.48566039307,0.343611696486,-0.0314466061517,0.0655776786821,100.0
37.614702,-0.785781658594,0.0655776786821,0.427597144623,0.00958737992428,-0.369305874683,1.51173806646,2.86010717901,95.4983901978,-0.318301013486,0.0878204001064,-0.053305832379,1.48527689787,0.344762182077,-0.0318301013486,0.0659611738791,100.0
37.624698,-0.783864182609,0.0655776786821,0.427597144623,0.00958737992428,-0.370072865077,1.51250505686,2.86087416941,95.4983901978,-0.317917518289,0.0874369049095,-0.052922337182,1.48566039307,0.344762182077,-0.0322135965456,0.0655776786821,100.0
37.634695,-0.7850146682,0.0655776786821,0.428364135017,0.00958737992428,-0.36968936988,1.51173806646,2.86049067421,95.4983901978,-0.31906800388,0.0878204001064,-0.0525388419851,1.48566039307,0.34437868688,-0.0314466061517,0.0659611738791,100.0
37.644698,-0.7850146682,0.0651941834851,0.428747630214,0.00958737992428,-0.370072865077,1.51173806646,2.86087416941,95.4983901978,-0.318684508683,0.0878204001064,-0.0525388419851,1.48489340267,0.34437868688,-0.0318301013486,0.0648106882882,100.0
37.654697,-0.7850146682,0.0651941834851,0.428364135017,0.00997087512126,-0.36968936988,1.51250505686,2.86010717901,95.4983901978,-0.318684508683,0.0882038953034,-0.052922337182,1.48489340267,0.34437868688,-0.0325970917426,0.0648106882882,100.0
37.664699,-0.7850146682,0.0655776786821,0.428364135017,0.00997087512126,-0.36968936988,1.51250505686,2.86010717901,95.4983901978,-0.318301013486,0.0870534097125,-0.053689327576,1.48489340267,0.344762182077,-0.0314466061517,0.0659611738791,100.0
37.674698,-0.784631173003,0.0651941834851,0.428364135017,0.0103543703182,-0.370072865077,1.51212156166,2.86049067421,95.4983901978,-0.317917518289,0.0878204001064,-0.0525388419851,1.48527689787,0.34437868688,-0.0318301013486,0.0651941834851,100.0
37.684696,-0.785398163397,0.0651941834851,0.42798063982,0.00997087512126,-0.370072865077,1.51250505686,2.86049067421,95.4983901978,-0.318301013486,0.0882038953034,-0.052922337182,1.48450990748,0.343995191683,-0.0306796157577,0.0655776786821,100.0
37.694700,-0.785398163397,0.0651941834851,0.429131125411,0.00958737992428,-0.370072865077,1.51250505686,2.86010717901,95.4983901978,-0.317917518289,0.0874369049095,-0.053305832379,1.48489340267,0.343611696486,-0.0314466061517,0.0659611738791,100.0
37.704697,-0.7850146682,0.0659611738791,0.427597144623,0.0103543703182,-0.370072865077,1.51173806646,2.86087416941,95.4983901978,-0.31906800388,0.0874369049095,-0.0517718515911,1.48450990748,0.34437868688,-0.0318301013486,0.0655776786821,100.0
37.714697,-0.784631173003,0.0648106882882,0.428364135017,0.00997087512126,-0.36968936988,1.51250505686,2.86049067421,95.4983901978,-0.317917518289,0.0874369049095,-0.053305832379,1.48489340267,0.34437868688,-0.0325970917426,0.0655776786821,100.0
37.724695,-0.784631173003,0.0659611738791,0.42798063982,0.00997087512126,-0.370072865077,1.51212156166,2.86087416941,95.4983901978,-0.317917518289,0.0882038953034,-0.052922337182,1.48489340267,0.34437868688,-0.0314466061517,0.0659611738791,100.0
37.734695,-0.7850146682,0.0655776786821,0.427597144623,0.00997087512126,-0.370072865077,1.51212156166,2.8612576646,95.4983901978,-0.318684508683,0.0870534097125,-0.052922337182,1.48412641228,0.343995191683,-0.0325970917426,0.0651941834851,100.0
37.744695,-0.785398163397,0.0644271930912,0.428747630214,0.00997087512126,-0.36968936988,1.51173806646,2.86049067421,95.4983901978,-0.318684508683,0.0878204001064,-0.052922337182,1.48450990748,0.34437868688,-0.0314466061517,0.0655776786821,100.0
37.754699,-0.7850146682,0.0651941834851,0.42798063982,0.00958737992428,-0.36968936988,1.51212156166,2.86049067421,95.4983901978,-0.318684508683,0.0874369049095,-0.052922337182,1.48489340267,0.343611696486,-0.0318301013486,0.0655776786821,100.0
37.764697,-0.7850146682,0.0651941834851,0.428747630214,0.00920388472731,-0.370456360274,1.51250505686,2.86049067421,95.4983901978,-0.318684508683,0.0874369049095,-0.053305832379,1.48489340267,0.344762182077,-0.0318301013486,0.0651941834851,100.0
37.774696,-0.785398163397,0.0648106882882,0.427213649426,0.00997087512126,-0.370072865077,1.51212156166,2.86087416941,95.4983901978,-0.318301013486,0.0878204001064,-0.052922337182,1.48527689787,0.34437868688,-0.0314466061517,0.0655776786821,100.0
37.784693,-0.784631173003,0.0651941834851,0.427597144623,0.00958737992428,-0.370072865077,1.51250505686,2.86010717901,95.4983901978,-0.318301013486,0.0874369049095,-0.053305832379,1.48527689787,0.343995191683,-0.0318301013486,0.0655776786821,100.0
37.794698,-0.7850146682,0.0644271930912,0.42798063982,0.0103543703182,-0.370456360274,1.51212156166,2.86049067421,95.4983901978,-0.317917518289,0.0866699145155,-0.052922337182,1.48450990748,0.343995191683,-0.0322135965456,0.0655776786821,100.0
37.804700,-0.785398163397,0.0655776786821,0.427597144623,0.0103543703182,-0.370072865077,1.51288855205,2.86049067421,95.4983901978,-0.318684508683,0.0874369049095,-0.052922337182,1.48489340267,0.34437868688,-0.0318301013486,0.0651941834851,100.0
37.814699,-0.785398163397,0.0651941834851,0.429131125411,0.0103543703182,-0.36968936988,1.51288855205,2.86010717901,95.4983901978,-0.31906800388,0.0885873905004,-0.0525388419851,1.48450990748,0.343995191683,-0.0318301013486,0.0651941834851,100.0
37.824695,-0.785398163397,0.0651941834851,0.42798063982,0.00997087512126,-0.370456360274,1.51250505686,2.86087416941,95.4983901978,-0.317534023092,0.0870534097125,-0.053689327576,1.48489340267,0.34437868688,-0.0318301013486,0.0659611738791,100.0
37.834697,-0.785398163397,0.0659611738791,0.42798063982,0.00920388472731,-0.370839855471,1.51173806646,2.86049067421,95.4983901978,-0.317917518289,0.0866699145155,-0.052922337182,1.48489340267,0.34437868688,-0.0322135965456,0.0655776786821,100.0
37.844696,-0.7850146682,0.0655776786821,0.428364135017,0.0103543703182,-0.370072865077,1.51212156166,2.86049067421,95.4983901978,-0.31906800388,0.0862864193186,-0.0525388419851,1.48566039307,0.343995191683,-0.0314466061517,0.0651941834851,100.0
37.854705,-0.7850146682,0.0659611738791,0.427213649426,0.00997087512126,-0.370456360274,1.51135457126,2.86087416941,95.4983901978,-0.318684508683,0.0874369049095,-0.0517718515911,1.48450990748,0.34437868688,-0.0314466061517,0.0655776786821,100.0
37.864705,-0.784631173003,0.0648106882882,0.427597144623,0.0103543703182,-0.36968936988,1.51250505686,2.8612576646,95.4983901978,-0.317917518289,0.0870534097125,-0.053305832379,1.48450990748,0.343611696486,-0.0318301013486,0.0655776786821,100.0
37.874700,-0.786165153791,0.0651941834851,0.42798063982,0.00997087512126,-0.36968936988,1.51173806646,2.86010717901,95.4983901978,-0.318301013486,0.0870534097125,-0.052922337182,1.48527689787,0.345145677274,-0.0318301013486,0.066344669076,100.0
37.884701,-0.785781658594,0.0651941834851,0.42798063982,0.00882038953034,-0.36968936988,1.51212156166,2.86049067421,95.4983901978,-0.318301013486,0.0878204001064,-0.0525388419851,1.48450990748,0.343995191683,-0.0310631109547,0.0655776786821,100.0
37.894702,-0.785781658594,0.0659611738791,0.42798063982,0.0103543703182,-0.370072865077,1.51173806646,2.86087416941,95.4983901978,-0.317917518289,0.0870534097125,-0.052922337182,1.48489340267,0.34437868688,-0.0322135965456,0.0655776786821,100.0
37.904721,-0.7850146682,0.0655776786821,0.428364135017,0.00997087512126,-0.370072865077,1.51173806646,2.86087416941,95.4983901978,-0.318301013486,0.0878204001064,-0.0525388419851,1.48450990748,0.344762182077,-0.0322135965456,0.0655776786821,100.0
37.914714,-0.7850146682,0.0655776786821,0.42798063982,0.00997087512126,-0.370072865077,1.51250505686,2.86049067421,95.4983901978,-0.317917518289,0.0874369049095,-0.0517718515911,1.48566039307,0.34437868688,-0.0314466061517,0.0648106882882,100.0
37.924711,-0.785398163397,0.0655776786821,0.427597144623,0.0103543703182,-0.370456360274,1.51212156166,2.86010717901,95.4983901978,-0.317917518289,0.0885873905004,-0.0525388419851,1.48527689787,0.343995191683,-0.0318301013486,0.0655776786821,100.0
37.934707,-0.785398163397,0.0655776786821,0.428364135017,0.0103543703182,-0.370072865077,1.51250505686,2.86010717901,95.4983901978,-0.317917518289,0.0874369049095,-0.053305832379,1.48527689787,0.34437868688,-0.0318301013486,0.0655776786821,100.0
37.944708,-0.7850146682,0.0655776786821,0.428364135017,0.0103543703182,-0.36968936988,1.51250505686,2.86087416941,95.4983901978,-0.318684508683,0.0870534097125,-0.052922337182,1.48450990748,0.343995191683,-0.0322135965456,0.0655776786821,100.0
37.954707,-0.785398163397,0.0651941834851,0.427213649426,0.0103543703182,-0.370456360274,1.51212156166,2.8616411598,95.4983901978,-0.318301013486,0.0874369049095,-0.0525388419851,1.48604388826,0.344762182077,-0.0322135965456,0.0648106882882,100.0
37.964704,-0.7850146682,0.0655776786821,0.427213649426,0.00997087512126,-0.370072865077,1.51173806646,2.86049067421,95.4983901978,-0.318684508683,0.0866699145155,-0.0521553467881,1.48527689787,0.344762182077,-0.0322135965456,0.0655776786821,100.0
37.974703,-0.7850146682,0.0651941834851,0.42798063982,0.0103543703182,-0.370072865077,1.51250505686,2.86010717901,95.4983901978,-0.317917518289,0.0874369049095,-0.052922337182,1.48527689787,0.344762182077,-0.0322135965456,0.0655776786821,100.0
37.984704,-0.7850146682,0.0659611738791,0.428364135017,0.00997087512126,-0.370072865077,1.51212156166,2.86087416941,95.4983901978,-0.318684508683,0.0874369049095,-0.053689327576,1.48527689787,0.345145677274,-0.0318301013486,0.066344669076,100.0
37.994703,-0.785781658594,0.0655776786821,0.42798063982,0.00997087512126,-0.36968936988,1.51212156166,2.8616411598,95.4983901978,-0.317917518289,0.0870534097125,-0.053305832379,1.48412641228,0.34437868688,-0.0318301013486,0.0651941834851,100.0
38.004704,-0.7850146682,0.0651941834851,0.42798063982,0.0103543703182,-0.370072865077,1.51212156166,2.86049067421,95.4983901978,-0.318301013486,0.0874369049095,-0.052922337182,1.48489340267,0.343611696486,-0.0314466061517,0.0651941834851,100.0
38.014702,-0.785398163397,0.0651941834851,0.428747630214,0.00997087512126,-0.370072865077,1.51173806646,2.86087416941,95.4983901978,-0.318684508683,0.0874369049095,-0.052922337182,1.48450990748,0.344762182077,-0.0310631109547,0.0655776786821,100.0
38.024703,-0.7850146682,0.0655776786821,0.42798063982,0.00958737992428,-0.370072865077,1.51212156166,2.86049067421,95.4983901978,-0.318684508683,0.0878204001064,-0.053689327576,1.48450990748,0.343995191683,-0.0322135965456,0.0651941834851,100.0
38.034699,-0.7850146682,0.0655776786821,0.428747630214,0.00997087512126,-0.370456360274,1.51212156166,2.86087416941,95.4983901978,-0.318684508683,0.0878204001064,-0.0525388419851,1.48527689787,0.343611696486,-0.0310631109547,0.0651941834851,100.0
38.044700,-0.785781658594,0.0651941834851,0.428364135017,0.0107378655152,-0.370072865077,1.51212156166,2.86087416941,95.4983901978,-0.317917518289,0.0874369049095,-0.0525388419851,1.48450990748,0.343995191683,-0.0325970917426,0.0655776786821,100.0
38.054700,-0.785398163397,0.0659611738791,0.427213649426,0.00958737992428,-0.36968936988,1.51173806646,2.86049067421,95.4983901978,-0.317917518289,0.0874369049095,-0.052922337182,1.48527689787,0.343995191683,-0.0314466061517,0.0659611738791,100.0
38.064706,-0.7850146682,0.0659611738791,0.42798063982,0.00997087512126,-0.370072865077,1.51173806646,2.86010717901,95.4983901978,-0.317917518289,0.0866699145155,-0.0525388419851,1.48527689787,0.34437868688,-0.0314466061517,0.066344669076,100.0
38.074701,-0.785398163397,0.0651941834851,0.427213649426,0.00997087512126,-0.370072865077,1.51135457126,2.86087416941,95.4983901978,-0.318684508683,0.0885873905004,-0.0525388419851,1.48566039307,0.344762182077,-0.0318301013486,0.0659611738791,100.0
38.084701,-0.7850146682,0.0655776786821,0.428364135017,0.00997087512126,-0.369305874683,1.51250505686,2.86049067421,95.4983901978,-0.318301013486,0.0870534097125,-0.053305832379,1.48489340267,0.34437868688,-0.0322135965456,0.0651941834851,100.0
38.094703,-0.785398163397,0.0659611738791,0.427213649426,0.0107378655152,-0.370072865077,1.51250505686,2.86087416941,95.4983901978,-0.318301013486,0.0870534097125,-0.0525388419851,1.48450990748,0.34437868688,-0.0322135965456,0.0651941834851,100.0
38.104703,-0.785781658594,0.0655776786821,0.42798063982,0.0103543703182,-0.369305874683,1.51212156166,2.86049067421,95.4983901978,-0.318684508683,0.0882038953034,-0.0525388419851,1.48527689787,0.344762182077,-0.0322135965456,0.0655776786821,100.0
38.114702,-0.785398163397,0.0648106882882,0.427213649426,0.00997087512126,-0.370456360274,1.51212156166,2.86010717901,95.4983901978,-0.317917518289,0.0878204001064,-0.053689327576,1.48527689787,0.343995191683,-0.0314466061517,0.0651941834851,100.0
38.124702,-0.784631173003,0.0655776786821,0.428364135017,0.0103543703182,-0.370072865077,1.51173806646,2.86049067421,95.4983901978,-0.318301013486,0.0878204001064,-0.052922337182,1.48412641228,0.343995191683,-0.0322135965456,0.0655776786821,100.0
38.134701,-0.785398163397,0.066344669076,0.42798063982,0.00997087512126,-0.370072865077,1.51212156166,2.85934018862,95.4983901978,-0.318301013486,0.0874369049095,-0.053305832379,1.48566039307,0.34437868688,-0.0318301013486,0.066344669076,100.0
38.144701,-0.784247677806,0.0651941834851,0.427597144623,0.00958737992428,-0.36968936988,1.51173806646,2.86049067421,95.4983901978,-0.318301013486,0.0874369049095,-0.053305832379,1.48527689787,0.343995191683,-0.0318301013486,0.0659611738791,100.0
38.154700,-0.7850146682,0.0648106882882,0.427213649426,0.00958737992428,-0.370072865077,1.51212156166,2.86010717901,95.4983901978,-0.317917518289,0.0870534097125,-0.053689327576,1.48489340267,0.34437868688,-0.0314466061517,0.0659611738791,100.0
38.164702,-0.7850146682,0.0659611738791,0.427597144623,0.00920388472731,-0.370072865077,1.51212156166,2.85972368382,95.4983901978,-0.318301013486,0.0870534097125,-0.052922337182,1.48489340267,0.343995191683,-0.0314466061517,0.0659611738791,100.0
38.174699,-0.7850146682,0.0659611738791,0.427597144623,0.0103543703182,-0.370072865077,1.51327204725,2.86049067421,95.4983901978,-0.318301013486,0.0874369049095,-0.0525388419851,1.48374291708,0.344762182077,-0.0314466061517,0.0659611738791,100.0
38.184702,-0.7850146682,0.0655776786821,0.427597144623,0.0103543703182,-0.36968936988,1.51250505686,2.86049067421,95.4983901978,-0.318684508683,0.0866699145155,-0.053305832379,1.48489340267,0.34437868688,-0.0310631109547,0.0648106882882,100.0
38.194701,-0.785398163397,0.0655776786821,0.427597144623,0.00997087512126,-0.370456360274,1.51173806646,2.85972368382,95.4983901978,-0.318684508683,0.0870534097125,-0.052922337182,1.48412641228,0.34437868688,-0.0318301013486,0.066344669076,100.0
38.204700,-0.7850146682,0.0651941834851,0.428364135017,0.0103543703182,-0.36968936988,1.51250505686,2.86049067421,95.4983901978,-0.317917518289,0.0874369049095,-0.053689327576,1.48450990748,0.343995191683,-0.0322135965456,0.0651941834851,100.0
38.214704,-0.785398163397,0.0659611738791,0.427213649426,0.00997087512126,-0.370456360274,1.51173806646,2.86087416941,95.4983901978,-0.318684508683,0.0866699145155,-0.053305832379,1.48489340267,0.34437868688,-0.0322135965456,0.0659611738791,100.0
38.224700,-0.785781658594,0.0651941834851,0.427597144623,0.00958737992428,-0.36968936988,1.51250505686,2.86010717901,95.4983901978,-0.318684508683,0.0870534097125,-0.052922337182,1.48412641228,0.344762182077,-0.0318301013486,0.0655776786821,100.0
38.234696,-0.784631173003,0.0651941834851,0.427213649426,0.0103543703182,-0.36968936988,1.51212156166,2.86049067421,95.4983901978,-0.318301013486,0.0878204001064,-0.052922337182,1.48489340267,0.34437868688,-0.0314466061517,0.0651941834851,100.0
38.244700,-0.784631173003,0.0651941834851,0.42798063982,0.0103543703182,-0.370072865077,1.51212156166,2.86087416941,95.4983901978,-0.318301013486,0.0870534097125,-0.052922337182,1.48412641228,0.34437868688,-0.0318301013486,0.0655776786821,100.0
38.254701,-0.7850146682,0.0655776786821,0.42798063982,0.00997087512126,-0.370456360274,1.51212156166,2.86087416941,95.4983901978,-0.318301013486,0.0874369049095,-0.053305832379,1.48374291708,0.343611696486,-0.0314466061517,0.0655776786821,100.0
38.264700,-0.785398163397,0.0655776786821,0.42798063982,0.00997087512126,-0.36968936988,1.51288855205,2.86010717901,95.4983901978,-0.318301013486,0.0862864193186,-0.0525388419851,1.48412641228,0.344762182077,-0.0322135965456,0.0655776786821,100.0
38.274697,-0.7850146682,0.0659611738791,0.427597144623,0.0103543703182,-0.370072865077,1.51212156166,2.86087416941,95.4983901978,-0.317917518289,0.0874369049095,-0.052922337182,1.48412641228,0.34437868688,-0.0322135965456,0.0655776786821,100.0
38.284698,-0.784631173003,0.0655776786821,0.428364135017,0.00920388472731,-0.370072865077,1.51135457126,2.86049067421,95.4983901978,-0.318684508683,0.0874369049095,-0.052922337182,1.48374291708,0.344762182077,-0.0318301013486,0.0651941834851,100.0
38.294698,-0.7850146682,0.0651941834851,0.427597144623,0.00958737992428,-0.370072865077,1.51212156166,2.86010717901,95.4983901978,-0.31906800388,0.0874369049095,-0.053305832379,1.48335942189,0.343611696486,-0.0314466061517,0.0659611738791,100.0
38.304704,-0.785398163397,0.0655776786821,0.428747630214,0.00997087512126,-0.370072865077,1.51250505686,2.86049067421,95.4983901978,-0.317917518289,0.0882038953034,-0.052922337182,1.48450990748,0.34437868688,-0.0325970917426,0.0648106882882,100.0
38.314714,-0.784631173003,0.0655776786821,0.427597144623,0.0103543703182,-0.370072865077,1.51212156166,2.86049067421,95.4983901978,-0.318684508683,0.0874369049095,-0.052922337182,1.48412641228,0.34437868688,-0.0314466061517,0.066344669076,100.0
38.324700,-0.7850146682,0.0648106882882,0.428364135017,0.0103543703182,-0.370072865077,1.51250505686,2.86049067421,95.4983901978,-0.318684508683,0.0878204001064,-0.052922337182,1.48527689787,0.343995191683,-0.0318301013486,0.0659611738791,100.0
38.334699,-0.785398163397,0.0655776786821,0.428747630214,0.0107378655152,-0.36968936988,1.51212156166,2.8612576646,95.4983901978,-0.318684508683,0.0870534097125,-0.0525388419851,1.48527689787,0.343995191683,-0.0310631109547,0.0659611738791,100.0
38.344701,-0.7850146682,0.0659611738791,0.427213649426,0.00958737992428,-0.370072865077,1.51403903764,2.86049067421,95.4983901978,-0.318684508683,0.0874369049095,-0.053689327576,1.48527689787,0.343611696486,-0.0310631109547,0.0651941834851,100.0
38.354705,-0.7850146682,0.0648106882882,0.427213649426,0.00997087512126,-0.36968936988,1.51135457126,2.86087416941,95.4983901978,-0.318301013486,0.0866699145155,-0.053305832379,1.48412641228,0.343611696486,-0.0322135965456,0.0640436978942,100.0
38.364703,-0.7850146682,0.0651941834851,0.427597144623,0.0103543703182,-0.369305874683,1.51173806646,2.86087416941,95.4983901978,-0.31906800388,0.0870534097125,-0.053305832379,1.48412641228,0.34437868688,-0.0314466061517,0.0651941834851,100.0
38.374702,-0.784631173003,0.0655776786821,0.427597144623,0.0103543703182,-0.370072865077,1.51173806646,2.86049067421,95.4983901978,-0.31906800388,0.0874369049095,-0.052922337182,1.48450990748,0.34437868688,-0.0314466061517,0.0659611738791,100.0
38.384700,-0.785781658594,0.0659611738791,0.428364135017,0.0103543703182,-0.370072865077,1.51173806646,2.8612576646,95.4983901978,-0.318301013486,0.0870534097125,-0.053305832379,1.48450990748,0.34437868688,-0.0314466061517,0.0651941834851,100.0
38.394700,-0.7850146682,0.0651941834851,0.428364135017,0.00958737992428,-0.370456360274,1.51173806646,2.86049067421,95.4983901978,-0.317917518289,0.0874369049095,-0.053305832379,1.48412641228,0.34437868688,-0.0318301013486,0.0655776786821,100.0
38.404702,-0.784631173003,0.0655776786821,0.427597144623,0.0103543703182,-0.370072865077,1.51403903764,2.86010717901,95.4983901978,-0.318684508683,0.0878204001064,-0.052922337182,1.48450990748,0.343611696486,-0.0318301013486,0.0655776786821,100.0
38.414704,-0.785398163397,0.0655776786821,0.427597144623,0.00997087512126,-0.36968936988,1.51212156166,2.86087416941,95.4983901978,-0.318301013486,0.0874369049095,-0.053305832379,1.48412641228,0.343995191683,-0.0314466061517,0.0659611738791,100.0
38.424702,-0.784247677806,0.0659611738791,0.428364135017,0.0103543703182,-0.36968936988,1.51212156166,2.86010717901,95.4983901978,-0.317917518289,0.0866699145155,-0.052922337182,1.48450990748,0.344762182077,-0.0318301013486,0.0659611738791,100.0
38.434710,-0.785781658594,0.0655776786821,0.42798063982,0.0107378655152,-0.370072865077,1.51288855205,2.86010717901,95.4983901978,-0.318301013486,0.0878204001064,-0.053689327576,1.48450990748,0.34437868688,-0.0314466061517,0.0659611738791,100.0
38.444716,-0.7850146682,0.0659611738791,0.42798063982,0.00958737992428,-0.370456360274,1.51212156166,2.86087416941,95.4983901978,-0.318684508683,0.0882038953034,-0.052922337182,1.48412641228,0.345145677274,-0.0310631109547,0.0659611738791,100.0
38.454708,-0.785398163397,0.0651941834851,0.427597144623,0.00997087512126,-0.36968936988,1.51288855205,2.86087416941,95.4983901978,-0.317917518289,0.0874369049095,-0.053689327576,1.48450990748,0.34437868688,-0.0310631109547,0.0655776786821,100.0
38.464711,-0.7850146682,0.0648106882882,0.428364135017,0.00958737992428,-0.370072865077,1.51212156166,2.86087416941,95.4983901978,-0.318684508683,0.0870534097125,-0.053305832379,1.48450990748,0.34437868688,-0.0318301013486,0.0659611738791,100.0
38.474704,-0.7850146682,0.0651941834851,0.426830154229,0.0103543703182,-0.370456360274,1.51250505686,2.86010717901,95.4983901978,-0.317917518289,0.0882038953034,-0.052922337182,1.48527689787,0.343995191683,-0.0306796157577,0.0655776786821,100.0
38.484702,-0.7850146682,0.0655776786821,0.427597144623,0.00958737992428,-0.370456360274,1.51173806646,2.86087416941,95.4983901978,-0.318301013486,0.0878204001064,-0.053689327576,1.48412641228,0.343611696486,-0.0322135965456,0.0655776786821,100.0
38.494699,-0.785398163397,0.0648106882882,0.42798063982,0.0103543703182,-0.370072865077,1.51173806646,2.86087416941,95.4983901978,-0.319451499077,0.0874369049095,-0.0525388419851,1.48412641228,0.34437868688,-0.0318301013486,0.0659611738791,100.0
38.504703,-0.784247677806,0.0655776786821,0.427597144623,0.00997087512126,-0.370456360274,1.51212156166,2.86010717901,95.4983901978,-0.317917518289,0.0878204001064,-0.052922337182,1.48527689787,0.343995191683,-0.0318301013486,0.0655776786821,100.0
38.514702,-0.785398163397,0.0655776786821,0.427597144623,0.0103543703182,-0.36968936988,1.51212156166,2.86087416941,95.4983901978,-0.317917518289,0.0882038953034,-0.053689327576,1.48412641228,0.343995191683,-0.0310631109547,0.0659611738791,100.0
38.524702,-0.785398163397,0.0651941834851,0.42798063982,0.00997087512126,-0.370072865077,1.51250505686,2.86010717901,95.4983901978,-0.317917518289,0.0882038953034,-0.053305832379,1.48412641228,0.344762182077,-0.0310631109547,0.0651941834851,100.0
38.534700,-0.7850146682,0.0655776786821,0.428364135017,0.00997087512126,-0.370456360274,1.51250505686,2.86010717901,95.4983901978,-0.318684508683,0.0870534097125,-0.0525388419851,1.48412641228,0.344762182077,-0.0318301013486,0.0644271930912,100.0
38.544699,-0.785398163397,0.0651941834851,0.428364135017,0.00958737992428,-0.370072865077,1.51173806646,2.86010717901,95.4983901978,-0.318684508683,0.0874369049095,-0.053689327576,1.48489340267,0.34437868688,-0.0318301013486,0.066344669076,100.0
38.554696,-0.785781658594,0.0655776786821,0.42798063982,0.00997087512126,-0.370456360274,1.51173806646,2.86049067421,95.4983901978,-0.319451499077,0.0874369049095,-0.053689327576,1.48450990748,0.343995191683,-0.0325970917426,0.0655776786821,100.0
38.564701,-0.7850146682,0.0659611738791,0.428747630214,0.0103543703182,-0.370456360274,1.51173806646,2.86010717901,95.4983901978,-0.317150527895,0.0866699145155,-0.053305832379,1.48412641228,0.345145677274,-0.0318301013486,0.0648106882882,100.0
38.574696,-0.785398163397,0.0655776786821,0.42798063982,0.00997087512126,-0.369305874683,1.51173806646,2.86087416941,95.4983901978,-0.318301013486,0.0870534097125,-0.052922337182,1.48374291708,0.344762182077,-0.0310631109547,0.0659611738791,100.0
38.584701,-0.7850146682,0.0651941834851,0.42798063982,0.00958737992428,-0.370072865077,1.51212156166,2.86087416941,95.4983901978,-0.318684508683,0.0878204001064,-0.0521553467881,1.48450990748,0.344762182077,-0.0314466061517,0.0655776786821,100.0
38.594699,-0.785781658594,0.0655776786821,0.427597144623,0.00958737992428,-0.370072865077,1.51173806646,2.86049067421,95.4983901978,-0.318301013486,0.0874369049095,-0.053689327576,1.48450990748,0.34437868688,-0.0318301013486,0.0659611738791,100.0
38.604695,-0.784247677806,0.0651941834851,0.427597144623,0.0103543703182,-0.370072865077,1.51212156166,2.86049067421,95.4983901978,-0.318301013486,0.0874369049095,-0.052922337182,1.48450990748,0.34437868688,-0.0318301013486,0.0659611738791,100.0
38.614702,-0.785398163397,0.0648106882882,0.42798063982,0.00997087512126,-0.36968936988,1.51173806646,2.86087416941,95.4983901978,-0.318684508683,0.0878204001064,-0.052922337182,1.48450990748,0.34437868688,-0.0310631109547,0.0655776786821,100.0
38.624706,-0.7850146682,0.0651941834851,0.42798063982,0.00958737992428,-0.370456360274,1.51212156166,2.86049067421,95.4983901978,-0.318684508683,0.0870534097125,-0.053305832379,1.48489340267,0.343995191683,-0.0314466061517,0.0655776786821,100.0
38.634706,-0.785398163397,0.0651941834851,0.42798063982,0.0103543703182,-0.36968936988,1.51212156166,2.85972368382,95.4983901978,-0.318301013486,0.0874369049095,-0.053689327576,1.48412641228,0.34437868688,-0.0322135965456,0.0659611738791,100.0
38.644701,-0.784631173003,0.0655776786821,0.42798063982,0.0103543703182,-0.36968936988,1.51135457126,2.85972368382,95.4983901978,-0.318301013486,0.0870534097125,-0.0525388419851,1.48412641228,0.34437868688,-0.0306796157577,0.0655776786821,100.0
38.654703,-0.7850146682,0.0651941834851,0.428364135017,0.0107378655152,-0.370072865077,1.51212156166,2.86010717901,95.4983901978,-0.317534023092,0.0882038953034,-0.053305832379,1.48450990748,0.344762182077,-0.0314466061517,0.0655776786821,100.0
38.664697,-0.7850146682,0.0655776786821,0.427213649426,0.00997087512126,-0.36968936988,1.51288855205,2.86010717901,95.4983901978,-0.319451499077,0.0870534097125,-0.0525388419851,1.48412641228,0.343995191683,-0.0322135965456,0.0659611738791,100.0
38.674696,-0.7850146682,0.0655776786821,0.428364135017,0.00958737992428,-0.370072865077,1.51212156166,2.86010717901,95.4983901978,-0.31906800388,0.0874369049095,-0.0525388419851,1.48489340267,0.34437868688,-0.0314466061517,0.0651941834851,100.0
38.684701,-0.784631173003,0.0655776786821,0.42798063982,0.00997087512126,-0.370072865077,1.51288855205,2.86010717901,95.4983901978,-0.318684508683,0.0870534097125,-0.0525388419851,1.48335942189,0.34437868688,-0.0318301013486,0.0659611738791,100.0
38.694701,-0.7850146682,0.0655776786821,0.426830154229,0.0103543703182,-0.370072865077,1.51250505686,2.85972368382,95.4983901978,-0.318301013486,0.0874369049095,-0.0521553467881,1.48374291708,0.34437868688,-0.0318301013486,0.0659611738791,100.0
38.704701,-0.784631173003,0.0655776786821,0.427597144623,0.0103543703182,-0.370072865077,1.51212156166,2.86049067421,95.4983901978,-0.31906800388,0.0878204001064,-0.053305832379,1.48412641228,0.345145677274,-0.0310631109547,0.0655776786821,100.0
38.714699,-0.785781658594,0.0655776786821,0.42798063982,0.00997087512126,-0.370456360274,1.51212156166,2.86049067421,95.4983901978,-0.318301013486,0.0874369049095,-0.0525388419851,1.48412641228,0.34437868688,-0.0318301013486,0.0651941834851,100.0
38.724704,-0.784631173003,0.0651941834851,0.428364135017,0.00958737992428,-0.370072865077,1.51250505686,2.86049067421,95.4983901978,-0.317534023092,0.0874369049095,-0.0521553467881,1.48489340267,0.343995191683,-0.0325970917426,0.0644271930912,100.0
38.734701,-0.7850146682,0.0659611738791,0.428364135017,0.00997087512126,-0.36968936988,1.51135457126,2.86049067421,95.4983901978,-0.318301013486,0.0866699145155,-0.052922337182,1.48374291708,0.34437868688,-0.0329805869395,0.0655776786821,100.0
38.744698,-0.7850146682,0.0651941834851,0.42798063982,0.00997087512126,-0.370072865077,1.51173806646,2.86087416941,95.4983901978,-0.318301013486,0.0874369049095,-0.0525388419851,1.48489340267,0.34437868688,-0.0314466061517,0.0659611738791,100.0
38.754703,-0.785781658594,0.0655776786821,0.42798063982,0.00997087512126,-0.370072865077,1.51250505686,2.86087416941,95.4983901978,-0.317534023092,0.0878204001064,-0.052922337182,1.48489340267,0.343611696486,-0.0314466061517,0.0648106882882,100.0
38.764699,-0.785398163397,0.0655776786821,0.428364135017,0.00997087512126,-0.370456360274,1.51212156166,2.86049067421,95.4983901978,-0.317917518289,0.0874369049095,-0.0525388419851,1.48450990748,0.343995191683,-0.0318301013486,0.066344669076,100.0
38.774699,-0.7850146682,0.0648106882882,0.427213649426,0.00997087512126,-0.370072865077,1.51212156166,2.86087416941,95.4983901978,-0.318684508683,0.0870534097125,-0.0525388419851,1.48412641228,0.34437868688,-0.0318301013486,0.0655776786821,100.0
38.784695,-0.785398163397,0.0655776786821,0.42798063982,0.0103543703182,-0.370072865077,1.51288855205,2.8612576646,95.4983901978,-0.318684508683,0.0878204001064,-0.053305832379,1.48527689787,0.343611696486,-0.0314466061517,0.0644271930912,100.0
38.794709,-0.7850146682,0.0655776786821,0.428747630214,0.00997087512126,-0.36968936988,1.51250505686,2.86087416941,95.4983901978,-0.317534023092,0.0874369049095,-0.052922337182,1.48412641228,0.34437868688,-0.0318301013486,0.0659611738791,100.0
38.804706,-0.7850146682,0.0659611738791,0.427213649426,0.0103543703182,-0.370456360274,1.51212156166,2.86010717901,95.4983901978,-0.318301013486,0.0878204001064,-0.0525388419851,1.48489340267,0.343995191683,-0.0314466061517,0.0655776786821,100.0
38.814707,-0.784631173003,0.0655776786821,0.427213649426,0.00997087512126,-0.370072865077,1.51212156166,2.86087416941,95.4983901978,-0.318301013486,0.0878204001064,-0.053305832379,1.48412641228,0.344762182077,-0.0322135965456,0.0651941834851,100.0
38.824711,-0.7850146682,0.0651941834851,0.427213649426,0.00997087512126,-0.370456360274,1.51135457126,2.86010717901,95.4983901978,-0.318684508683,0.0870534097125,-0.0525388419851,1.48489340267,0.344762182077,-0.0322135965456,0.066728164273,100.0
38.834706,-0.7850146682,0.0655776786821,0.42798063982,0.00997087512126,-0.36968936988,1.51250505686,2.86010717901,95.4983901978,-0.317917518289,0.0878204001064,-0.0521553467881,1.48527689787,0.343995191683,-0.0314466061517,0.0651941834851,100.0
38.844706,-0.7850146682,0.0651941834851,0.42798063982,0.0107378655152,-0.370072865077,1.51212156166,2.86087416941,95.4983901978,-0.317917518289,0.0862864193186,-0.052922337182,1.48450990748,0.34437868688,-0.0314466061517,0.0651941834851,100.0
38.854701,-0.785398163397,0.0651941834851,0.42798063982,0.00997087512126,-0.370072865077,1.51212156166,2.86049067421,95.4983901978,-0.317917518289,0.0870534097125,-0.053305832379,1.48412641228,0.343228201289,-0.0318301013486,0.0651941834851,100.0
38.864718,-0.7850146682,0.0659611738791,0.42798063982,0.00958737992428,-0.370072865077,1.51288855205,2.86087416941,95.4983901978,-0.317917518289,0.0870534097125,-0.053305832379,1.48412641228,0.343995191683,-0.0314466061517,0.0659611738791,100.0
38.874707,-0.7850146682,0.0651941834851,0.427597144623,0.00958737992428,-0.370072865077,1.51173806646,2.86087416941,95.4983901978,-0.318684508683,0.0878204001064,-0.052922337182,1.48412641228,0.345145677274,-0.0318301013486,0.0651941834851,100.0
38.884704,-0.7850146682,0.0651941834851,0.427213649426,0.00997087512126,-0.36968936988,1.51135457126,2.86049067421,95.4983901978,-0.317917518289,0.0874369049095,-0.0521553467881,1.48374291708,0.344762182077,-0.0310631109547,0.0655776786821,100.0
38.894704,-0.784631173003,0.0651941834851,0.427597144623,0.00997087512126,-0.370072865077,1.51250505686,2.86010717901,95.4983901978,-0.317534023092,0.0878204001064,-0.0521553467881,1.48412641228,0.344762182077,-0.0318301013486,0.066344669076,100.0
38.904702,-0.7850146682,0.0655776786821,0.427597144623,0.0103543703182,-0.370072865077,1.51212156166,2.86010717901,95.4983901978,-0.318301013486,0.0885873905004,-0.0521553467881,1.48527689787,0.344762182077,-0.0325970917426,0.0659611738791,100.0
38.914706,-0.784247677806,0.0655776786821,0.427213649426,0.0107378655152,-0.36968936988,1.51173806646,2.86087416941,95.4983901978,-0.318684508683,0.0870534097125,-0.053305832379,1.48374291708,0.344762182077,-0.0318301013486,0.0655776786821,100.0
38.924704,-0.785398163397,0.0655776786821,0.427213649426,0.00997087512126,-0.370072865077,1.51288855205,2.86049067421,95.4983901978,-0.317917518289,0.0882038953034,-0.0521553467881,1.48412641228,0.344762182077,-0.0322135965456,0.0655776786821,100.0
38.934703,-0.784631173003,0.0659611738791,0.427213649426,0.00997087512126,-0.370072865077,1.51212156166,2.86049067421,95.4983901978,-0.317534023092,0.0878204001064,-0.0525388419851,1.48489340267,0.343611696486,-0.0314466061517,0.0659611738791,100.0
38.944699,-0.784247677806,0.0655776786821,0.42798063982,0.00958737992428,-0.370456360274,1.51173806646,2.86087416941,95.4983901978,-0.318301013486,0.0874369049095,-0.053305832379,1.48450990748,0.343611696486,-0.0314466061517,0.0659611738791,100.0
38.954701,-0.7850146682,0.0648106882882,0.427597144623,0.0103543703182,-0.370456360274,1.51212156166,2.86049067421,95.4983901978,-0.318301013486,0.0882038953034,-0.053305832379,1.48489340267,0.34437868688,-0.0322135965456,0.0659611738791,100.0
38.964700,-0.785398163397,0.0655776786821,0.42798063982,0.00920388472731,-0.370072865077,1.51173806646,2.85972368382,95.4983901978,-0.318684508683,0.0882038953034,-0.053305832379,1.48374291708,0.343995191683,-0.0318301013486,0.0655776786821,100.0
38.974704,-0.785398163397,0.0651941834851,0.428364135017,0.00958737992428,-0.370072865077,1.51212156166,2.86087416941,95.4983901978,-0.317534023092,0.0882038953034,-0.052922337182,1.48527689787,0.344762182077,-0.0325970917426,0.0648106882882,100.0
38.984710,-0.7850146682,0.0655776786821,0.42798063982,0.00997087512126,-0.370072865077,1.51212156166,2.86087416941,95.4983901978,-0.318301013486,0.0882038953034,-0.052922337182,1.48450990748,0.344762182077,-0.0318301013486,0.0655776786821,100.0
38.994702,-0.7850146682,0.0651941834851,0.428364135017,0.00997087512126,-0.370456360274,1.51250505686,2.86010717901,95.4983901978,-0.318684508683,0.0878204001064,-0.052922337182,1.48450990748,0.34437868688,-0.0314466061517,0.0659611738791,100.0
39.004699,-0.785398163397,0.0659611738791,0.42798063982,0.00958737992428,-0.370456360274,1.51212156166,2.86087416941,95.4983901978,-0.318301013486,0.0878204001064,-0.053305832379,1.48374291708,0.343995191683,-0.0318301013486,0.0651941834851,100.0
39.014701,-0.7850146682,0.0651941834851,0.42798063982,0.00997087512126,-0.370456360274,1.51212156166,2.86049067421,95.4983901978,-0.318301013486,0.0878204001064,-0.054072822773,1.48374291708,0.34437868688,-0.0318301013486,0.0651941834851,100.0
39.024701,-0.7850146682,0.0655776786821,0.42798063982,0.00997087512126,-0.370072865077,1.51212156166,2.86049067421,95.4983901978,-0.318301013486,0.0878204001064,-0.0525388419851,1.48412641228,0.34437868688,-0.0325970917426,0.0655776786821,100.0
39.034696,-0.785781658594,0.0659611738791,0.42798063982,0.00958737992428,-0.370456360274,1.51212156166,2.86087416941,95.4983901978,-0.318301013486,0.0874369049095,-0.052922337182,1.48450990748,0.34437868688,-0.0322135965456,0.0655776786821,100.0
39.044695,-0.784631173003,0.0655776786821,0.42798063982,0.0103543703182,-0.370456360274,1.51173806646,2.86087416941,95.4983901978,-0.318301013486,0.0874369049095,-0.053305832379,1.48412641228,0.344762182077,-0.0318301013486,0.0655776786821,100.0
39.054702,-0.785398163397,0.0655776786821,0.427597144623,0.00997087512126,-0.36968936988,1.51135457126,2.86049067421,95.4983901978,-0.318301013486,0.0866699145155,-0.052922337182,1.48489340267,0.34437868688,-0.0310631109547,0.0655776786821,100.0
39.064700,-0.785398163397,0.0655776786821,0.428364135017,0.00958737992428,-0.370072865077,1.51250505686,2.86049067421,95.4983901978,-0.317917518289,0.0870534097125,-0.053305832379,1.48412641228,0.344762182077,-0.0314466061517,0.0651941834851,100.0
39.074698,-0.7850146682,0.0651941834851,0.427213649426,0.00958737992428,-0.370456360274,1.51212156166,2.86049067421,95.4983901978,-0.318301013486,0.0874369049095,-0.0525388419851,1.48450990748,0.34437868688,-0.0325970917426,0.0659611738791,100.0
39.084701,-0.785398163397,0.0648106882882,0.427597144623,0.00997087512126,-0.36968936988,1.51212156166,2.86049067421,95.4983901978,-0.317534023092,0.0874369049095,-0.053305832379,1.48489340267,0.34437868688,-0.0322135965456,0.0655776786821,100.0
39.094699,-0.785398163397,0.0651941834851,0.427213649426,0.00997087512126,-0.370072865077,1.51212156166,2.86087416941,95.4983901978,-0.318684508683,0.0878204001064,-0.0525388419851,1.48412641228,0.343995191683,-0.0322135965456,0.0651941834851,100.0
39.104701,-0.7850146682,0.0651941834851,0.42798063982,0.00997087512126,-0.370456360274,1.51250505686,2.86087416941,95.4983901978,-0.318684508683,0.0870534097125,-0.053689327576,1.48450990748,0.34437868688,-0.0322135965456,0.0651941834851,100.0
39.114701,-0.784631173003,0.0651941834851,0.42798063982,0.00997087512126,-0.370072865077,1.51173806646,2.86010717901,95.4983901978,-0.318301013486,0.0874369049095,-0.053305832379,1.48527689787,0.34437868688,-0.0322135965456,0.0659611738791,100.0
39.124712,-0.7850146682,0.0659611738791,0.427597144623,0.00958737992428,-0.370456360274,1.51173806646,2.86049067421,95.4983901978,-0.318301013486,0.0870534097125,-0.052922337182,1.48489340267,0.344762182077,-0.0318301013486,0.066344669076,100.0
39.134699,-0.7850146682,0.0651941834851,0.42798063982,0.00997087512126,-0.370072865077,1.51250505686,2.86087416941,95.4983901978,-0.318684508683,0.0878204001064,-0.0521553467881,1.48374291708,0.34437868688,-0.0322135965456,0.0651941834851,100.0
39.144699,-0.784631173003,0.0655776786821,0.427597144623,0.00997087512126,-0.370072865077,1.51212156166,2.86010717901,95.4983901978,-0.318301013486,0.0878204001064,-0.053305832379,1.48489340267,0.34437868688,-0.0314466061517,0.0651941834851,100.0
39.154696,-0.785398163397,0.0651941834851,0.428364135017,0.00958737992428,-0.36968936988,1.51250505686,2.86049067421,95.4983901978,-0.318684508683,0.0870534097125,-0.0521553467881,1.48412641228,0.344762182077,-0.0318301013486,0.0659611738791,100.0
39.164697,-0.785398163397,0.0655776786821,0.427597144623,0.00958737992428,-0.370456360274,1.51327204725,2.86049067421,95.4983901978,-0.318301013486,0.0874369049095,-0.053305832379,1.48412641228,0.34437868688,-0.0322135965456,0.0636602026972,100.0
39.174696,-0.785398163397,0.0651941834851,0.42798063982,0.0107378655152,-0.370072865077,1.51250505686,2.86049067421,95.4983901978,-0.31906800388,0.0874369049095,-0.052922337182,1.48374291708,0.343611696486,-0.0314466061517,0.0648106882882,100.0
39.184698,-0.784631173003,0.0655776786821,0.428364135017,0.0111213607122,-0.369305874683,1.51250505686,2.86087416941,95.4983901978,-0.318301013486,0.0866699145155,-0.054072822773,1.48489340267,0.34437868688,-0.0318301013486,0.0648106882882,100.0
39.194695,-0.7850146682,0.0655776786821,0.428364135017,0.00997087512126,-0.370072865077,1.51288855205,2.86010717901,95.4983901978,-0.317534023092,0.0882038953034,-0.052922337182,1.48335942189,0.34437868688,-0.0310631109547,0.0655776786821,100.0
39.204701,-0.785781658594,0.0651941834851,0.427597144623,0.00920388472731,-0.370456360274,1.51212156166,2.86049067421,95.4983901978,-0.318684508683,0.0874369049095,-0.0525388419851,1.48527689787,0.343611696486,-0.0318301013486,0.0659611738791,100.0
39.214700,-0.7850146682,0.0651941834851,0.427597144623,0.00997087512126,-0.370072865077,1.51212156166,2.86049067421,95.4983901978,-0.318301013486,0.0882038953034,-0.052922337182,1.48412641228,0.343995191683,-0.0318301013486,0.0659611738791,100.0
39.224702,-0.7850146682,0.0651941834851,0.427597144623,0.00997087512126,-0.370072865077,1.51212156166,2.86087416941,95.4983901978,-0.317917518289,0.0878204001064,-0.052922337182,1.48450990748,0.343995191683,-0.0318301013486,0.066344669076,100.0
39.234712,-0.785781658594,0.0655776786821,0.427597144623,0.0103543703182,-0.36968936988,1.51212156166,2.86049067421,95.4983901978,-0.318684508683,0.0866699145155,-0.053305832379,1.48412641228,0.343611696486,-0.0310631109547,0.0655776786821,100.0
39.244710,-0.7850146682,0.0648106882882,0.427597144623,0.0103543703182,-0.36968936988,1.51212156166,2.86010717901,95.4983901978,-0.318684508683,0.0870534097125,-0.053305832379,1.48412641228,0.34437868688,-0.0318301013486,0.0655776786821,100.0
39.254701,-0.784631173003,0.0655776786821,0.428364135017,0.0107378655152,-0.36968936988,1.51212156166,2.86087416941,95.4983901978,-0.317534023092,0.0878204001064,-0.052922337182,1.48450990748,0.34437868688,-0.0318301013486,0.0655776786821,100.0
39.264699,-0.785781658594,0.0655776786821,0.427597144623,0.0103543703182,-0.370072865077,1.51250505686,2.86010717901,95.4983901978,-0.317917518289,0.0874369049095,-0.053305832379,1.48450990748,0.344762182077,-0.0325970917426,0.0659611738791,100.0
39.274701,-0.785781658594,0.0659611738791,0.428747630214,0.00958737992428,-0.370072865077,1.51212156166,2.86010717901,95.4983901978,-0.318684508683,0.0874369049095,-0.0525388419851,1.48450990748,0.344762182077,-0.0314466061517,0.0651941834851,100.0
39.284698,-0.784631173003,0.0651941834851,0.427597144623,0.00958737992428,-0.370456360274,1.51250505686,2.86010717901,95.4983901978,-0.318684508683,0.0870534097125,-0.053305832379,1.48374291708,0.343995191683,-0.0318301013486,0.0659611738791,100.0
39.294709,-0.7850146682,0.0655776786821,0.427597144623,0.0103543703182,-0.370072865077,1.51250505686,2.86049067421,95.4983901978,-0.318684508683,0.0866699145155,-0.053305832379,1.48489340267,0.343611696486,-0.0318301013486,0.0659611738791,100.0
39.304700,-0.785398163397,0.0659611738791,0.427597144623,0.00958737992428,-0.370072865077,1.51250505686,2.85972368382,95.4983901978,-0.318684508683,0.0882038953034,-0.052922337182,1.48527689787,0.343995191683,-0.0318301013486,0.0651941834851,100.0
39.314713,-0.785398163397,0.0655776786821,0.428364135017,0.00958737992428,-0.370072865077,1.51173806646,2.86049067421,95.4983901978,-0.318684508683,0.0866699145155,-0.052922337182,1.48412641228,0.343995191683,-0.0322135965456,0.0648106882882,100.0
39.324712,-0.784631173003,0.0651941834851,0.426830154229,0.00997087512126,-0.370072865077,1.51173806646,2.8612576646,95.4983901978,-0.318301013486,0.0866699145155,-0.052922337182,1.48450990748,0.344762182077,-0.0318301013486,0.0651941834851,100.0
39.334704,-0.785398163397,0.0655776786821,0.427597144623,0.0103543703182,-0.36968936988,1.51212156166,2.86087416941,95.4983901978,-0.317534023092,0.0874369049095,-0.053305832379,1.48374291708,0.344762182077,-0.0310631109547,0.0648106882882,100.0
39.344702,-0.784631173003,0.0655776786821,0.427213649426,0.00958737992428,-0.370072865077,1.51212156166,2.86010717901,95.4983901978,-0.317917518289,0.0878204001064,-0.0525388419851,1.48489340267,0.344762182077,-0.0310631109547,0.066728164273,100.0
39.354700,-0.7850146682,0.0659611738791,0.42798063982,0.00958737992428,-0.369305874683,1.51173806646,2.86087416941,95.4983901978,-0.31906800388,0.0870534097125,-0.0525388419851,1.48450990748,0.34437868688,-0.0318301013486,0.0651941834851,100.0
39.364699,-0.7850146682,0.0655776786821,0.427213649426,0.00958737992428,-0.36968936988,1.51250505686,2.86049067421,95.4983901978,-0.318684508683,0.0874369049095,-0.052922337182,1.48450990748,0.344762182077,-0.0318301013486,0.0651941834851,100.0
39.374700,-0.784631173003,0.0655776786821,0.427213649426,0.00958737992428,-0.370072865077,1.51212156166,2.86049067421,95.4983901978,-0.318684508683,0.0874369049095,-0.053689327576,1.48374291708,0.34437868688,-0.0318301013486,0.0655776786821,100.0
39.384701,-0.7850146682,0.0655776786821,0.427213649426,0.0107378655152,-0.36968936988,1.51173806646,2.86010717901,95.4983901978,-0.318301013486,0.0870534097125,-0.053689327576,1.48450990748,0.343995191683,-0.0310631109547,0.066344669076,100.0
39.394700,-0.785398163397,0.0651941834851,0.428364135017,0.0107378655152,-0.36968936988,1.51288855205,2.86049067421,95.4983901978,-0.318301013486,0.0874369049095,-0.0525388419851,1.48450990748,0.343995191683,-0.0318301013486,0.0659611738791,100.0
39.404710,-0.7850146682,0.0648106882882,0.426830154229,0.00997087512126,-0.370072865077,1.51250505686,2.86049067421,95.4983901978,-0.317534023092,0.0870534097125,-0.052922337182,1.48412641228,0.344762182077,-0.0310631109547,0.0651941834851,100.0
39.414711,-0.785398163397,0.0655776786821,0.426830154229,0.00958737992428,-0.370072865077,1.51212156166,2.86049067421,95.4983901978,-0.318301013486,0.0866699145155,-0.0525388419851,1.48450990748,0.343995191683,-0.0318301013486,0.0648106882882,100.0
39.424715,-0.785398163397,0.0655776786821,0.427213649426,0.00958737992428,-0.370072865077,1.51212156166,2.86087416941,95.4983901978,-0.31906800388,0.0874369049095,-0.0517718515911,1.48450990748,0.34437868688,-0.0322135965456,0.066344669076,100.0
39.434701,-0.7850146682,0.0655776786821,0.426830154229,0.00997087512126,-0.370839855471,1.51212156166,2.85972368382,95.4983901978,-0.318684508683,0.0866699145155,-0.052922337182,1.48527689787,0.34437868688,-0.0314466061517,0.0659611738791,100.0
39.444699,-0.785398163397,0.0659611738791,0.427597144623,0.00997087512126,-0.370456360274,1.51212156166,2.86010717901,95.4983901978,-0.318301013486,0.0878204001064,-0.053305832379,1.48374291708,0.343995191683,-0.0318301013486,0.0648106882882,100.0
39.454699,-0.784631173003,0.0659611738791,0.427597144623,0.00997087512126,-0.370072865077,1.51212156166,2.86087416941,95.4983901978,-0.318684508683,0.0874369049095,-0.053305832379,1.48489340267,0.34437868688,-0.0314466061517,0.0655776786821,100.0
39.464700,-0.7850146682,0.0655776786821,0.427597144623,0.0111213607122,-0.370072865077,1.51212156166,2.8612576646,95.4983901978,-0.317917518289,0.0870534097125,-0.052922337182,1.48412641228,0.34437868688,-0.0322135965456,0.0659611738791,100.0
39.474699,-0.785398163397,0.0651941834851,0.42798063982,0.0103543703182,-0.36968936988,1.51212156166,2.86049067421,95.4983901978,-0.318684508683,0.0870534097125,-0.052922337182,1.48566039307,0.344762182077,-0.0322135965456,0.0655776786821,100.0
39.484713,-0.784631173003,0.0651941834851,0.427213649426,0.00882038953034,-0.369305874683,1.51135457126,2.86049067421,95.4983901978,-0.317917518289,0.0874369049095,-0.053689327576,1.48335942189,0.34437868688,-0.0325970917426,0.0651941834851,100.0
39.494711,-0.7850146682,0.0659611738791,0.42798063982,0.00958737992428,-0.369305874683,1.51250505686,2.86010717901,95.4983901978,-0.318301013486,0.0882038953034,-0.053305832379,1.48450990748,0.34437868688,-0.0322135965456,0.0655776786821,100.0
39.504702,-0.785398163397,0.0659611738791,0.427597144623,0.0107378655152,-0.370072865077,1.51135457126,2.86010717901,95.4983901978,-0.317917518289,0.0874369049095,-0.0544563179699,1.48412641228,0.34437868688,-0.0314466061517,0.0655776786821,100.0
39.514703,-0.7850146682,0.0655776786821,0.428364135017,0.00997087512126,-0.370072865077,1.51173806646,2.86049067421,95.4983901978,-0.318301013486,0.0870534097125,-0.053305832379,1.48412641228,0.34437868688,-0.0318301013486,0.066344669076,100.0
39.524699,-0.7850146682,0.0651941834851,0.427213649426,0.00958737992428,-0.36968936988,1.51250505686,2.86087416941,95.4983901978,-0.31906800388,0.0866699145155,-0.053305832379,1.48374291708,0.343995191683,-0.0318301013486,0.0644271930912,100.0
39.534699,-0.7850146682,0.0655776786821,0.427213649426,0.00997087512126,-0.370072865077,1.51212156166,2.86010717901,95.4983901978,-0.318301013486,0.0870534097125,-0.053305832379,1.48450990748,0.344762182077,-0.0310631109547,0.0651941834851,100.0
39.544699,-0.7850146682,0.0655776786821,0.427213649426,0.00958737992428,-0.370072865077,1.51250505686,2.86087416941,95.4983901978,-0.319451499077,0.0866699145155,-0.052922337182,1.48450990748,0.344762182077,-0.0318301013486,0.0659611738791,100.0
39.554699,-0.785398163397,0.0655776786821,0.427597144623,0.00997087512126,-0.370072865077,1.51173806646,2.86087416941,95.4983901978,-0.318301013486,0.0882038953034,-0.0525388419851,1.48450990748,0.344762182077,-0.0318301013486,0.0659611738791,100.0
39.564700,-0.7850146682,0.0655776786821,0.427597144623,0.0107378655152,-0.36968936988,1.51212156166,2.86087416941,95.4983901978,-0.318684508683,0.0874369049095,-0.053305832379,1.48450990748,0.34437868688,-0.0325970917426,0.0659611738791,100.0
39.574703,-0.784247677806,0.0655776786821,0.427213649426,0.00920388472731,-0.370072865077,1.51250505686,2.86010717901,95.4983901978,-0.318301013486,0.0874369049095,-0.052922337182,1.48450990748,0.343995191683,-0.0322135965456,0.0655776786821,100.0
39.584715,-0.784247677806,0.0655776786821,0.42798063982,0.00920388472731,-0.370456360274,1.51288855205,2.86010717901,95.4983901978,-0.318684508683,0.0870534097125,-0.052922337182,1.48450990748,0.344762182077,-0.0322135965456,0.0651941834851,100.0
39.594699,-0.784631173003,0.0651941834851,0.427213649426,0.00958737992428,-0.370072865077,1.51173806646,2.86010717901,95.4983901978,-0.318301013486,0.0870534097125,-0.052922337182,1.48450990748,0.34437868688,-0.0318301013486,0.0655776786821,100.0
39.604700,-0.785398163397,0.0655776786821,0.427213649426,0.0103543703182,-0.370072865077,1.51250505686,2.86010717901,95.4983901978,-0.318684508683,0.0874369049095,-0.0525388419851,1.48527689787,0.34437868688,-0.0322135965456,0.0648106882882,100.0
39.614702,-0.7850146682,0.0655776786821,0.427597144623,0.0103543703182,-0.370072865077,1.51212156166,2.86087416941,95.4983901978,-0.318684508683,0.0878204001064,-0.0525388419851,1.48450990748,0.344762182077,-0.0322135965456,0.0655776786821,100.0
39.624704,-0.7850146682,0.0659611738791,0.42798063982,0.0103543703182,-0.36968936988,1.51250505686,2.86010717901,95.4983901978,-0.318684508683,0.0878204001064,-0.0521553467881,1.48450990748,0.34437868688,-0.0318301013486,0.0655776786821,100.0
39.634699,-0.7850146682,0.0655776786821,0.427213649426,0.0103543703182,-0.370072865077,1.51212156166,2.86087416941,95.4983901978,-0.31906800388,0.0882038953034,-0.0525388419851,1.48489340267,0.34437868688,-0.0322135965456,0.0659611738791,100.0
39.644703,-0.785398163397,0.0655776786821,0.42798063982,0.00958737992428,-0.36968936988,1.51212156166,2.86049067421,95.4983901978,-0.317917518289,0.0885873905004,-0.052922337182,1.48450990748,0.34437868688,-0.0314466061517,0.066344669076,100.0
39.654698,-0.784247677806,0.0659611738791,0.428364135017,0.00958737992428,-0.36968936988,1.51212156166,2.86087416941,95.4983901978,-0.318684508683,0.0866699145155,-0.053689327576,1.48489340267,0.344762182077,-0.0322135965456,0.066344669076,100.0
39.664700,-0.785398163397,0.0659611738791,0.426830154229,0.00997087512126,-0.370456360274,1.51135457126,2.86049067421,95.4983901978,-0.318301013486,0.0870534097125,-0.053305832379,1.48374291708,0.344762182077,-0.0314466061517,0.0659611738791,100.0
39.674699,-0.785398163397,0.0651941834851,0.42798063982,0.00958737992428,-0.36968936988,1.51250505686,2.86087416941,95.4983901978,-0.318301013486,0.0874369049095,-0.0517718515911,1.48412641228,0.344762182077,-0.0318301013486,0.0648106882882,100.0
39.684700,-0.785398163397,0.0651941834851,0.427213649426,0.0103543703182,-0.36968936988,1.51173806646,2.86049067421,95.4983901978,-0.317917518289,0.0874369049095,-0.052922337182,1.48412641228,0.343995191683,-0.0318301013486,0.066728164273,100.0
39.694703,-0.784631173003,0.0651941834851,0.427597144623,0.00997087512126,-0.36968936988,1.51288855205,2.86010717901,95.4983901978,-0.318301013486,0.0874369049095,-0.0521553467881,1.48450990748,0.34437868688,-0.0314466061517,0.0651941834851,100.0
39.704702,-0.7850146682,0.0655776786821,0.426830154229,0.00997087512126,-0.370072865077,1.51173806646,2.86049067421,95.4983901978,-0.317917518289,0.0874369049095,-0.052922337182,1.48450990748,0.343995191683,-0.0322135965456,0.0655776786821,100.0
39.714700,-0.7850146682,0.0659611738791,0.427213649426,0.00997087512126,-0.370072865077,1.51212156166,2.8612576646,95.4983901978,-0.318684508683,0.0882038953034,-0.0525388419851,1.48527689787,0.34437868688,-0.0318301013486,0.0648106882882,100.0
39.724699,-0.7850146682,0.0648106882882,0.428364135017,0.00958737992428,-0.36968936988,1.51212156166,2.86087416941,95.4983901978,-0.318301013486,0.0870534097125,-0.052922337182,1.48412641228,0.343995191683,-0.0322135965456,0.0655776786821,100.0
39.734699,-0.7850146682,0.0655776786821,0.427213649426,0.00958737992428,-0.370072865077,1.51173806646,2.86049067421,95.4983901978,-0.317917518289,0.0874369049095,-0.052922337182,1.48374291708,0.34437868688,-0.0318301013486,0.0655776786821,100.0
39.744699,-0.785398163397,0.0655776786821,0.427213649426,0.00997087512126,-0.36968936988,1.51212156166,2.86049067421,95.4983901978,-0.317150527895,0.0874369049095,-0.0525388419851,1.48527689787,0.344762182077,-0.0322135965456,0.0651941834851,100.0
39.754699,-0.7850146682,0.0655776786821,0.427597144623,0.00958737992428,-0.370456360274,1.51250505686,2.86049067421,95.4983901978,-0.318301013486,0.0885873905004,-0.053305832379,1.48527689787,0.343995191683,-0.0310631109547,0.0655776786821,100.0
39.764700,-0.785398163397,0.0651941834851,0.427213649426,0.00997087512126,-0.370456360274,1.51212156166,2.86049067421,95.4983901978,-0.318684508683,0.0874369049095,-0.053305832379,1.48489340267,0.344762182077,-0.0318301013486,0.0655776786821,100.0
39.774699,-0.7850146682,0.0651941834851,0.42798063982,0.0103543703182,-0.370456360274,1.51212156166,2.86049067421,95.4983901978,-0.31906800388,0.0870534097125,-0.053305832379,1.48374291708,0.34437868688,-0.0322135965456,0.0651941834851,100.0
39.784697,-0.785781658594,0.0651941834851,0.427597144623,0.0103543703182,-0.370456360274,1.51250505686,2.86049067421,95.4983901978,-0.318301013486,0.0870534097125,-0.052922337182,1.48412641228,0.343995191683,-0.0318301013486,0.066344669076,100.0
39.794697,-0.785781658594,0.0648106882882,0.428747630214,0.0111213607122,-0.370839855471,1.51288855205,2.86087416941,95.4983901978,-0.31906800388,0.0874369049095,-0.053305832379,1.48527689787,0.34437868688,-0.0318301013486,0.0651941834851,100.0
39.804701,-0.785781658594,0.0659611738791,0.42798063982,0.0107378655152,-0.370072865077,1.51250505686,2.86049067421,95.4983901978,-0.318301013486,0.0878204001064,-0.052922337182,1.48527689787,0.344762182077,-0.0314466061517,0.0655776786821,100.0
39.814698,-0.785398163397,0.0655776786821,0.428364135017,0.00920388472731,-0.36968936988,1.51212156166,2.86087416941,95.4983901978,-0.317917518289,0.0874369049095,-0.0525388419851,1.48450990748,0.34437868688,-0.0322135965456,0.0651941834851,100.0
39.824697,-0.7850146682,0.0655776786821,0.42798063982,0.00997087512126,-0.36968936988,1.51173806646,2.86087416941,95.4983901978,-0.317534023092,0.0862864193186,-0.0525388419851,1.48412641228,0.34437868688,-0.0314466061517,0.0648106882882,100.0
39.834696,-0.7850146682,0.0651941834851,0.427213649426,0.00920388472731,-0.370072865077,1.51212156166,2.85972368382,95.4983901978,-0.317917518289,0.0878204001064,-0.053689327576,1.48412641228,0.343995191683,-0.0322135965456,0.0651941834851,100.0
39.844699,-0.785398163397,0.0651941834851,0.427597144623,0.00997087512126,-0.370456360274,1.51212156166,2.86049067421,95.4983901978,-0.318301013486,0.0870534097125,-0.0525388419851,1.48412641228,0.344762182077,-0.0318301013486,0.0655776786821,100.0
39.854710,-0.7850146682,0.0655776786821,0.426830154229,0.00920388472731,-0.370072865077,1.51250505686,2.85934018862,95.4983901978,-0.318301013486,0.0866699145155,-0.053305832379,1.48489340267,0.34437868688,-0.0318301013486,0.0655776786821,100.0
39.864699,-0.784631173003,0.0655776786821,0.427597144623,0.00997087512126,-0.36968936988,1.51250505686,2.85972368382,95.4983901978,-0.318684508683,0.0874369049095,-0.052922337182,1.48450990748,0.34437868688,-0.0314466061517,0.0659611738791,100.0
39.874699,-0.784631173003,0.0659611738791,0.427597144623,0.0103543703182,-0.370072865077,1.51250505686,2.85934018862,95.4983901978,-0.318684508683,0.0874369049095,-0.053305832379,1.48450990748,0.343995191683,-0.0322135965456,0.0659611738791,100.0
39.884702,-0.7850146682,0.0655776786821,0.427213649426,0.00997087512126,-0.370072865077,1.51173806646,2.85972368382,95.4983901978,-0.318301013486,0.0862864193186,-0.053305832379,1.48489340267,0.34437868688,-0.0310631109547,0.0655776786821,100.0
39.894698,-0.785398163397,0.0651941834851,0.42798063982,0.00958737992428,-0.370456360274,1.51212156166,2.86049067421,95.4983901978,-0.31906800388,0.0882038953034,-0.053305832379,1.48450990748,0.34437868688,-0.0322135965456,0.0655776786821,100.0
39.904699,-0.785398163397,0.0659611738791,0.42798063982,0.0103543703182,-0.370072865077,1.51288855205,2.86049067421,95.4983901978,-0.31906800388,0.0874369049095,-0.054072822773,1.48450990748,0.343995191683,-0.0310631109547,0.0655776786821,100.0
39.914699,-0.786165153791,0.0651941834851,0.426830154229,0.0103543703182,-0.36968936988,1.51288855205,2.85972368382,95.4983901978,-0.318684508683,0.0878204001064,-0.0525388419851,1.48450990748,0.344762182077,-0.0314466061517,0.0655776786821,100.0
39.924700,-0.785781658594,0.0651941834851,0.426830154229,0.00997087512126,-0.370072865077,1.51250505686,2.86049067421,95.4983901978,-0.318684508683,0.0874369049095,-0.0525388419851,1.48489340267,0.34437868688,-0.0314466061517,0.0659611738791,100.0
39.934701,-0.785781658594,0.0655776786821,0.427213649426,0.0103543703182,-0.370072865077,1.51250505686,2.86010717901,95.4983901978,-0.317917518289,0.0874369049095,-0.052922337182,1.48412641228,0.34437868688,-0.0322135965456,0.0644271930912,100.0
39.944697,-0.7850146682,0.0659611738791,0.427213649426,0.0107378655152,-0.370072865077,1.51173806646,2.85972368382,95.4983901978,-0.317917518289,0.0874369049095,-0.052922337182,1.48489340267,0.34437868688,-0.0318301013486,0.0655776786821,100.0
39.954698,-0.7850146682,0.0655776786821,0.427597144623,0.0103543703182,-0.370456360274,1.51173806646,2.86049067421,95.4983901978,-0.318684508683,0.0878204001064,-0.053689327576,1.48412641228,0.343995191683,-0.0325970917426,0.0659611738791,100.0
39.964700,-0.785398163397,0.0651941834851,0.428747630214,0.00997087512126,-0.370072865077,1.51250505686,2.85972368382,95.4983901978,-0.318301013486,0.0878204001064,-0.0525388419851,1.48412641228,0.343995191683,-0.0325970917426,0.0655776786821,100.0
39.974698,-0.785781658594,0.0655776786821,0.428364135017,0.00997087512126,-0.370072865077,1.51250505686,2.86049067421,95.4983901978,-0.317917518289,0.0882038953034,-0.053305832379,1.48450990748,0.34437868688,-0.0325970917426,0.0651941834851,100.0
39.984701,-0.785781658594,0.0651941834851,0.428364135017,0.00997087512126,-0.36968936988,1.51288855205,2.8612576646,95.4983901978,-0.318684508683,0.0878204001064,-0.052922337182,1.48450990748,0.344762182077,-0.0318301013486,0.0659611738791,100.0
39.994695,-0.784247677806,0.0655776786821,0.427213649426,0.00997087512126,-0.369305874683,1.51288855205,2.86010717901,95.4983901978,-0.318684508683,0.0878204001064,-0.0525388419851,1.48374291708,0.34437868688,-0.0322135965456,0.0659611738791,100.0
40.004707,-0.784631173003,0.0655776786821,0.427597144623,0.0107378655152,-0.370456360274,1.51212156166,2.86010717901,95.4983901978,-0.31906800388,0.0878204001064,-0.052922337182,1.48412641228,0.343995191683,-0.0318301013486,0.0648106882882,100.0
40.014705,-0.784631173003,0.0659611738791,0.42798063982,0.00997087512126,-0.370456360274,1.51212156166,2.85972368382,95.4983901978,-0.318301013486,0.0874369049095,-0.053689327576,1.48527689787,0.344762182077,-0.0318301013486,0.0655776786821,100.0
40.024700,-0.7850146682,0.0648106882882,0.427213649426,0.00997087512126,-0.370072865077,1.51250505686,2.86010717901,95.4983901978,-0.317917518289,0.0874369049095,-0.052922337182,1.48450990748,0.343995191683,-0.0318301013486,0.0659611738791,100.0
40.034699,-0.784247677806,0.0651941834851,0.428364135017,0.0103543703182,-0.370072865077,1.51327204725,2.8612576646,95.4983901978,-0.317917518289,0.0878204001064,-0.053689327576,1.48335942189,0.343995191683,-0.0318301013486,0.066344669076,100.0
40.044699,-0.784631173003,0.0655776786821,0.427597144623,0.0103543703182,-0.370072865077,1.51288855205,2.85972368382,95.4983901978,-0.318301013486,0.0878204001064,-0.053305832379,1.48374291708,0.343995191683,-0.0318301013486,0.0648106882882,100.0
40.054700,-0.784631173003,0.0651941834851,0.42798063982,0.0103543703182,-0.370072865077,1.51135457126,2.86049067421,95.4983901978,-0.318684508683,0.0874369049095,-0.053305832379,1.48412641228,0.34437868688,-0.0310631109547,0.0659611738791,100.0
40.064700,-0.7850146682,0.0655776786821,0.427213649426,0.0103543703182,-0.370072865077,1.51212156166,2.86049067421,95.4983901978,-0.318301013486,0.0874369049095,-0.0525388419851,1.48450990748,0.343995191683,-0.0318301013486,0.0659611738791,100.0
40.074696,-0.785398163397,0.0655776786821,0.427213649426,0.0107378655152,-0.370072865077,1.51212156166,2.86010717901,95.4983901978,-0.317534023092,0.0878204001064,-0.053689327576,1.48450990748,0.343611696486,-0.0322135965456,0.0648106882882,100.0
40.084702,-0.785398163397,0.0655776786821,0.426830154229,0.0107378655152,-0.370456360274,1.51288855205,2.86087416941,95.4983901978,-0.318301013486,0.0874369049095,-0.0525388419851,1.48412641228,0.344762182077,-0.0322135965456,0.0655776786821,100.0
40.094700,-0.784631173003,0.0655776786821,0.426830154229,0.00997087512126,-0.370072865077,1.51173806646,2.86049067421,95.4983901978,-0.317534023092,0.0870534097125,-0.053305832379,1.48450990748,0.34437868688,-0.0314466061517,0.066344669076,100.0
40.104698,-0.7850146682,0.0655776786821,0.427597144623,0.0103543703182,-0.369305874683,1.51250505686,2.86087416941,95.4983901978,-0.318301013486,0.0878204001064,-0.0525388419851,1.48450990748,0.34437868688,-0.0310631109547,0.0659611738791,100.0
40.114700,-0.784631173003,0.0659611738791,0.42798063982,0.0107378655152,-0.36968936988,1.51288855205,2.86010717901,95.4983901978,-0.318684508683,0.0874369049095,-0.052922337182,1.48450990748,0.34437868688,-0.0314466061517,0.066344669076,100.0
40.124699,-0.7850146682,0.0651941834851,0.427597144623,0.0103543703182,-0.370072865077,1.51173806646,2.86087416941,95.4983901978,-0.317917518289,0.0878204001064,-0.0525388419851,1.48412641228,0.34437868688,-0.0318301013486,0.0655776786821,100.0
40.134698,-0.784631173003,0.0655776786821,0.427597144623,0.0103543703182,-0.370456360274,1.51173806646,2.86010717901,95.4983901978,-0.318301013486,0.0866699145155,-0.0525388419851,1.48527689787,0.34437868688,-0.0322135965456,0.0655776786821,100.0
40.144696,-0.784631173003,0.0655776786821,0.427213649426,0.00997087512126,-0.370072865077,1.51173806646,2.86049067421,95.4983901978,-0.317917518289,0.0874369049095,-0.0525388419851,1.48412641228,0.34437868688,-0.0318301013486,0.0648106882882,100.0
40.154695,-0.783864182609,0.0648106882882,0.427597144623,0.00997087512126,-0.370072865077,1.51250505686,2.86049067421,95.4983901978,-0.318301013486,0.0874369049095,-0.053305832379,1.48374291708,0.343995191683,-0.0318301013486,0.0659611738791,100.0
40.164707,-0.785398163397,0.0655776786821,0.427213649426,0.0103543703182,-0.370072865077,1.51250505686,2.8612576646,95.4983901978,-0.317917518289,0.0874369049095,-0.0525388419851,1.48412641228,0.343995191683,-0.0322135965456,0.0651941834851,100.0
40.174700,-0.7850146682,0.0648106882882,0.426830154229,0.00997087512126,-0.36968936988,1.51212156166,2.86010717901,95.4983901978,-0.31906800388,0.0870534097125,-0.053305832379,1.48412641228,0.343995191683,-0.0318301013486,0.0655776786821,100.0
40.184699,-0.784631173003,0.0655776786821,0.427213649426,0.00997087512126,-0.36968936988,1.51173806646,2.86049067421,95.4983901978,-0.318301013486,0.0874369049095,-0.052922337182,1.48489340267,0.34437868688,-0.0318301013486,0.066344669076,100.0
40.194694,-0.7850146682,0.0659611738791,0.427213649426,0.00997087512126,-0.370456360274,1.51173806646,2.86049067421,95.4983901978,-0.318684508683,0.0878204001064,-0.0525388419851,1.48450990748,0.34437868688,-0.0314466061517,0.0648106882882,100.0
40.204697,-0.7850146682,0.0648106882882,0.427213649426,0.00997087512126,-0.36968936988,1.51173806646,2.86010717901,95.4983901978,-0.318301013486,0.0870534097125,-0.052922337182,1.48527689787,0.344762182077,-0.0318301013486,0.0651941834851,100.0
40.214699,-0.784247677806,0.0655776786821,0.427213649426,0.00958737992428,-0.370072865077,1.51212156166,2.8612576646,95.4983901978,-0.317917518289,0.0870534097125,-0.053689327576,1.48412641228,0.344762182077,-0.0318301013486,0.0648106882882,100.0
40.224696,-0.784631173003,0.0644271930912,0.427213649426,0.0103543703182,-0.370456360274,1.51250505686,2.86049067421,95.4983901978,-0.317917518289,0.0874369049095,-0.052922337182,1.48450990748,0.344762182077,-0.0318301013486,0.0659611738791,100.0
40.234698,-0.784631173003,0.0648106882882,0.427213649426,0.00997087512126,-0.370072865077,1.51250505686,2.85972368382,95.4983901978,-0.318301013486,0.0874369049095,-0.053305832379,1.48489340267,0.343995191683,-0.0325970917426,0.0655776786821,100.0
40.244696,-0.7850146682,0.0651941834851,0.427597144623,0.00997087512126,-0.36968936988,1.51250505686,2.86049067421,95.4983901978,-0.318684508683,0.0874369049095,-0.053305832379,1.48489340267,0.34437868688,-0.0318301013486,0.0648106882882,100.0
40.254695,-0.784247677806,0.0651941834851,0.427213649426,0.00958737992428,-0.36968936988,1.51173806646,2.86049067421,95.4983901978,-0.318684508683,0.0874369049095,-0.052922337182,1.48450990748,0.34437868688,-0.0325970917426,0.0659611738791,100.0
40.264695,-0.784247677806,0.0659611738791,0.427213649426,0.00997087512126,-0.369305874683,1.51250505686,2.85972368382,95.4983901978,-0.317917518289,0.0874369049095,-0.052922337182,1.48489340267,0.34437868688,-0.0314466061517,0.0659611738791,100.0
40.274694,-0.785398163397,0.0648106882882,0.426830154229,0.00997087512126,-0.370072865077,1.51173806646,2.86049067421,95.4983901978,-0.318301013486,0.0870534097125,-0.052922337182,1.48450990748,0.343995191683,-0.0310631109547,0.0655776786821,100.0
40.284693,-0.784247677806,0.0655776786821,0.42798063982,0.0103543703182,-0.370072865077,1.51212156166,2.86049067421,95.4983901978,-0.317917518289,0.0870534097125,-0.053305832379,1.48450990748,0.343995191683,-0.0318301013486,0.0651941834851,100.0
40.294697,-0.785398163397,0.0651941834851,0.427213649426,0.00920388472731,-0.370072865077,1.51250505686,2.86049067421,95.4983901978,-0.318301013486,0.0870534097125,-0.052922337182,1.48450990748,0.34437868688,-0.0314466061517,0.066344669076,100.0
40.304694,-0.784631173003,0.0655776786821,0.427213649426,0.00958737992428,-0.370072865077,1.51212156166,2.86049067421,95.4983901978,-0.318301013486,0.0870534097125,-0.053305832379,1.48450990748,0.34437868688,-0.0322135965456,0.0659611738791,100.0
40.314693,-0.784631173003,0.0651941834851,0.42798063982,0.00958737992428,-0.370072865077,1.51250505686,2.86049067421,95.4983901978,-0.318301013486,0.0870534097125,-0.0525388419851,1.48489340267,0.34437868688,-0.0318301013486,0.0655776786821,100.0
40.324693,-0.785398163397,0.0651941834851,0.428364135017,0.00958737992428,-0.36968936988,1.51250505686,2.86010717901,95.4983901978,-0.318301013486,0.0870534097125,-0.0525388419851,1.48527689787,0.343995191683,-0.0322135965456,0.0659611738791,100.0
40.334696,-0.784247677806,0.0651941834851,0.42798063982,0.00958737992428,-0.370456360274,1.51250505686,2.86087416941,95.4983901978,-0.318684508683,0.0866699145155,-0.0525388419851,1.48412641228,0.34437868688,-0.0310631109547,0.0648106882882,100.0
40.344704,-0.7850146682,0.0651941834851,0.427213649426,0.00958737992428,-0.36968936988,1.51173806646,2.86010717901,95.4983901978,-0.318684508683,0.0878204001064,-0.053305832379,1.48412641228,0.34437868688,-0.0322135965456,0.0659611738791,100.0
40.354693,-0.7850146682,0.0648106882882,0.427213649426,0.00958737992428,-0.370072865077,1.51212156166,2.86087416941,95.4983901978,-0.318684508683,0.0882038953034,-0.052922337182,1.48412641228,0.34437868688,-0.0318301013486,0.0659611738791,100.0
40.364693,-0.784631173003,0.0651941834851,0.427597144623,0.0103543703182,-0.370072865077,1.51250505686,2.86049067421,95.4983901978,-0.318684508683,0.0878204001064,-0.0525388419851,1.48489340267,0.343611696486,-0.0322135965456,0.0651941834851,100.0
40.374692,-0.7850146682,0.0655776786821,0.427597144623,0.00958737992428,-0.36968936988,1.51135457126,2.85972368382,95.4983901978,-0.318301013486,0.0874369049095,-0.053305832379,1.48489340267,0.34437868688,-0.0322135965456,0.0655776786821,100.0
40.384695,-0.784631173003,0.0648106882882,0.428364135017,0.00997087512126,-0.370456360274,1.51212156166,2.86010717901,95.4983901978,-0.318684508683,0.0882038953034,-0.053305832379,1.48450990748,0.344762182077,-0.0322135965456,0.0651941834851,100.0
40.394692,-0.7850146682,0.0651941834851,0.42798063982,0.00920388472731,-0.370072865077,1.51250505686,2.86087416941,95.4983901978,-0.318684508683,0.0878204001064,-0.052922337182,1.48412641228,0.343995191683,-0.0314466061517,0.0644271930912,100.0
40.404694,-0.7850146682,0.0648106882882,0.42798063982,0.0103543703182,-0.36968936988,1.51173806646,2.86087416941,95.4983901978,-0.318301013486,0.0874369049095,-0.054072822773,1.48374291708,0.343995191683,-0.0314466061517,0.0659611738791,100.0
40.414692,-0.7850146682,0.0651941834851,0.428364135017,0.00997087512126,-0.370456360274,1.51212156166,2.86010717901,95.4983901978,-0.31906800388,0.0878204001064,-0.053689327576,1.48489340267,0.34437868688,-0.0318301013486,0.066728164273,100.0
40.424693,-0.7850146682,0.0651941834851,0.427213649426,0.00997087512126,-0.36968936988,1.51212156166,2.86010717901,95.4983901978,-0.317917518289,0.0878204001064,-0.0525388419851,1.48412641228,0.343611696486,-0.0318301013486,0.0651941834851,100.0
40.434696,-0.785398163397,0.0648106882882,0.427597144623,0.0103543703182,-0.370072865077,1.51212156166,2.85972368382,95.4983901978,-0.318684508683,0.0870534097125,-0.053305832379,1.48412641228,0.344762182077,-0.0314466061517,0.0659611738791,100.0
40.444704,-0.786165153791,0.0651941834851,0.427597144623,0.00997087512126,-0.36968936988,1.51288855205,2.86049067421,95.4983901978,-0.317917518289,0.0878204001064,-0.052922337182,1.48412641228,0.344762182077,-0.0318301013486,0.0655776786821,100.0
40.454693,-0.784247677806,0.0651941834851,0.427597144623,0.0107378655152,-0.370072865077,1.51288855205,2.85972368382,95.4983901978,-0.318684508683,0.0874369049095,-0.0525388419851,1.48412641228,0.34437868688,-0.0322135965456,0.0651941834851,100.0
40.464693,-0.7850146682,0.0648106882882,0.427213649426,0.00958737992428,-0.36968936988,1.51250505686,2.86049067421,95.4983901978,-0.317917518289,0.0878204001064,-0.053305832379,1.48489340267,0.34437868688,-0.0318301013486,0.0651941834851,100.0
40.474692,-0.785398163397,0.0651941834851,0.427597144623,0.00997087512126,-0.36968936988,1.51212156166,2.86087416941,95.4983901978,-0.318301013486,0.0874369049095,-0.054072822773,1.48450990748,0.343995191683,-0.0322135965456,0.0655776786821,100.0
40.484694,-0.7850146682,0.0655776786821,0.427597144623,0.00958737992428,-0.36968936988,1.51250505686,2.86049067421,95.4983901978,-0.318684508683,0.0878204001064,-0.052922337182,1.48450990748,0.34437868688,-0.0318301013486,0.0659611738791,100.0
40.494694,-0.785398163397,0.0648106882882,0.428747630214,0.00997087512126,-0.370072865077,1.51212156166,2.86010717901,95.4983901978,-0.318301013486,0.0874369049095,-0.0525388419851,1.48450990748,0.345145677274,-0.0318301013486,0.0648106882882,100.0
40.504695,-0.7850146682,0.0648106882882,0.427213649426,0.0103543703182,-0.36968936988,1.51250505686,2.86049067421,95.4983901978,-0.31906800388,0.0874369049095,-0.0525388419851,1.48412641228,0.344762182077,-0.0314466061517,0.0651941834851,100.0
40.514694,-0.785398163397,0.0648106882882,0.427213649426,0.00958737992428,-0.36968936988,1.51288855205,2.86010717901,95.4983901978,-0.317917518289,0.0874369049095,-0.0525388419851,1.48489340267,0.344762182077,-0.0314466061517,0.0648106882882,100.0
40.524693,-0.7850146682,0.0648106882882,0.42798063982,0.00920388472731,-0.370456360274,1.51250505686,2.86049067421,95.4983901978,-0.318684508683,0.0882038953034,-0.052922337182,1.48412641228,0.34437868688,-0.0318301013486,0.0655776786821,100.0
40.534693,-0.784631173003,0.0648106882882,0.427213649426,0.00997087512126,-0.370072865077,1.51288855205,2.8612576646,95.4983901978,-0.318301013486,0.0870534097125,-0.052922337182,1.48412641228,0.343995191683,-0.0310631109547,0.0648106882882,100.0
40.544696,-0.7850146682,0.0648106882882,0.427597144623,0.00958737992428,-0.36968936988,1.51173806646,2.86010717901,95.4983901978,-0.318684508683,0.0870534097125,-0.053689327576,1.48450990748,0.34437868688,-0.0318301013486,0.066344669076,100.0
40.554695,-0.785398163397,0.0651941834851,0.427597144623,0.00958737992428,-0.370456360274,1.51288855205,2.86087416941,95.4983901978,-0.317917518289,0.0870534097125,-0.052922337182,1.48412641228,0.343995191683,-0.0318301013486,0.0648106882882,100.0
40.564694,-0.785398163397,0.0648106882882,0.428364135017,0.0103543703182,-0.370072865077,1.51250505686,2.85972368382,95.4983901978,-0.318301013486,0.0882038953034,-0.0525388419851,1.48412641228,0.34437868688,-0.0329805869395,0.0655776786821,100.0
40.574696,-0.784247677806,0.0640436978942,0.428364135017,0.00997087512126,-0.370456360274,1.51212156166,2.86010717901,95.4983901978,-0.319451499077,0.0870534097125,-0.052922337182,1.48527689787,0.343995191683,-0.0314466061517,0.0659611738791,100.0
40.584693,-0.784631173003,0.0644271930912,0.427213649426,0.0103543703182,-0.370456360274,1.51212156166,2.86010717901,95.4983901978,-0.31906800388,0.0874369049095,-0.053305832379,1.48450990748,0.34437868688,-0.0318301013486,0.0648106882882,100.0
40.594694,-0.784631173003,0.0648106882882,0.427213649426,0.0103543703182,-0.36968936988,1.51250505686,2.86049067421,95.4983901978,-0.317917518289,0.0870534097125,-0.052922337182,1.48450990748,0.34437868688,-0.0314466061517,0.0651941834851,100.0
40.604701,-0.784631173003,0.0636602026972,0.427597144623,0.00958737992428,-0.36968936988,1.51250505686,2.86010717901,95.4983901978,-0.318301013486,0.0878204001064,-0.052922337182,1.48374291708,0.344762182077,-0.0322135965456,0.066728164273,100.0
40.614699,-0.785398163397,0.0644271930912,0.42798063982,0.0103543703182,-0.370456360274,1.51212156166,2.86087416941,95.4983901978,-0.318684508683,0.0866699145155,-0.053305832379,1.48450990748,0.34437868688,-0.0322135965456,0.0659611738791,100.0
40.624700,-0.785781658594,0.0636602026972,0.428747630214,0.00997087512126,-0.36968936988,1.51212156166,2.86049067421,95.4983901978,-0.318684508683,0.0878204001064,-0.052922337182,1.48374291708,0.343995191683,-0.0318301013486,0.0651941834851,100.0
40.634697,-0.7850146682,0.0644271930912,0.427213649426,0.00997087512126,-0.36968936988,1.51212156166,2.86049067421,95.4983901978,-0.318684508683,0.0874369049095,-0.052922337182,1.48450990748,0.343611696486,-0.0318301013486,0.066344669076,100.0
40.644717,-0.785781658594,0.0636602026972,0.42798063982,0.00958737992428,-0.370456360274,1.51250505686,2.86049067421,95.4983901978,-0.318684508683,0.0870534097125,-0.052922337182,1.48450990748,0.34437868688,-0.0314466061517,0.0659611738791,100.0
40.654731,-0.784631173003,0.0636602026972,0.427213649426,0.00958737992428,-0.370072865077,1.51250505686,2.86049067421,95.4983901978,-0.31906800388,0.0874369049095,-0.052922337182,1.48450990748,0.343611696486,-0.0314466061517,0.0659611738791,100.0
40.664729,-0.784247677806,0.0644271930912,0.427213649426,0.00958737992428,-0.370456360274,1.51250505686,2.86049067421,95.4983901978,-0.31906800388,0.0870534097125,-0.053689327576,1.48450990748,0.343995191683,-0.0325970917426,0.0659611738791,100.0
40.674725,-0.7850146682,0.0640436978942,0.426830154229,0.0103543703182,-0.370456360274,1.51212156166,2.86087416941,95.4983901978,-0.318684508683,0.0874369049095,-0.052922337182,1.48412641228,0.343611696486,-0.0318301013486,0.0651941834851,100.0
40.684721,-0.784631173003,0.0640436978942,0.427213649426,0.00958737992428,-0.370456360274,1.51212156166,2.86087416941,95.4983901978,-0.318301013486,0.0874369049095,-0.0525388419851,1.48489340267,0.343995191683,-0.0322135965456,0.0659611738791,100.0
40.694722,-0.7850146682,0.0640436978942,0.427213649426,0.00997087512126,-0.370456360274,1.51173806646,2.8612576646,95.4983901978,-0.317917518289,0.0874369049095,-0.053305832379,1.48374291708,0.34437868688,-0.0318301013486,0.0655776786821,100.0
40.704723,-0.7850146682,0.0648106882882,0.428364135017,0.0103543703182,-0.371223350668,1.51250505686,2.86087416941,95.4983901978,-0.31906800388,0.0882038953034,-0.053305832379,1.48489340267,0.343995191683,-0.0318301013486,0.0651941834851,100.0
40.714727,-0.7850146682,0.0640436978942,0.426830154229,0.00997087512126,-0.370072865077,1.51173806646,2.86049067421,95.4983901978,-0.31906800388,0.0874369049095,-0.052922337182,1.48489340267,0.344762182077,-0.0318301013486,0.0659611738791,100.0
40.724722,-0.785398163397,0.0640436978942,0.427213649426,0.00958737992428,-0.370072865077,1.51173806646,2.8612576646,95.4983901978,-0.317917518289,0.0874369049095,-0.053305832379,1.48450990748,0.34437868688,-0.0318301013486,0.0655776786821,100.0
40.734713,-0.7850146682,0.0640436978942,0.427213649426,0.00997087512126,-0.370072865077,1.51173806646,2.86049067421,95.4983901978,-0.318301013486,0.0870534097125,-0.052922337182,1.48566039307,0.34437868688,-0.0318301013486,0.0648106882882,100.0
40.744710,-0.784247677806,0.0648106882882,0.42798063982,0.00997087512126,-0.370072865077,1.51173806646,2.86010717901,95.4983901978,-0.318684508683,0.0882038953034,-0.0525388419851,1.48412641228,0.343995191683,-0.0310631109547,0.0655776786821,100.0
40.754702,-0.785398163397,0.0644271930912,0.427213649426,0.00997087512126,-0.370456360274,1.51212156166,2.86087416941,95.4983901978,-0.318301013486,0.0882038953034,-0.052922337182,1.48489340267,0.34437868688,-0.0325970917426,0.0648106882882,100.0
40.764701,-0.785781658594,0.0648106882882,0.427213649426,0.0103543703182,-0.370456360274,1.51250505686,2.86049067421,95.4983901978,-0.318301013486,0.0878204001064,-0.053689327576,1.48450990748,0.34437868688,-0.0314466061517,0.066344669076,100.0
40.774698,-0.7850146682,0.0644271930912,0.427597144623,0.00958737992428,-0.370072865077,1.51250505686,2.86049067421,95.4983901978,-0.318301013486,0.0870534097125,-0.053305832379,1.48374291708,0.343995191683,-0.0329805869395,0.0644271930912,100.0
40.784697,-0.785398163397,0.0644271930912,0.42798063982,0.00958737992428,-0.36968936988,1.51250505686,2.8612576646,95.4983901978,-0.317917518289,0.0885873905004,-0.053305832379,1.48374291708,0.344762182077,-0.0314466061517,0.066728164273,100.0
40.794701,-0.784631173003,0.0644271930912,0.427597144623,0.00958737992428,-0.369305874683,1.51250505686,2.86010717901,95.4983901978,-0.318301013486,0.0878204001064,-0.053305832379,1.48412641228,0.34437868688,-0.0314466061517,0.0659611738791,100.0
40.804700,-0.7850146682,0.0648106882882,0.427597144623,0.0103543703182,-0.370456360274,1.51250505686,2.86049067421,95.4983901978,-0.317917518289,0.0878204001064,-0.0525388419851,1.48489340267,0.344762182077,-0.0322135965456,0.0659611738791,100.0
40.814700,-0.785398163397,0.0640436978942,0.428364135017,0.0103543703182,-0.370456360274,1.51212156166,2.86049067421,95.4983901978,-0.31906800388,0.0874369049095,-0.052922337182,1.48450990748,0.345145677274,-0.0318301013486,0.0655776786821,100.0
40.824697,-0.784247677806,0.0640436978942,0.428364135017,0.0103543703182,-0.36968936988,1.51250505686,2.86010717901,95.4983901978,-0.318301013486,0.0878204001064,-0.054072822773,1.48335942189,0.34437868688,-0.0322135965456,0.0648106882882,100.0
40.834697,-0.7850146682,0.0644271930912,0.42798063982,0.00997087512126,-0.370072865077,1.51288855205,2.8616411598,95.4983901978,-0.318684508683,0.0874369049095,-0.053305832379,1.48412641228,0.343995191683,-0.0310631109547,0.0651941834851,100.0
40.844697,-0.784631173003,0.0648106882882,0.428364135017,0.00997087512126,-0.370072865077,1.51288855205,2.8612576646,95.4983901978,-0.317534023092,0.0866699145155,-0.053305832379,1.48527689787,0.34437868688,-0.0322135965456,0.0651941834851,100.0
40.854697,-0.785781658594,0.0648106882882,0.427213649426,0.00997087512126,-0.36968936988,1.51212156166,2.86049067421,95.4983901978,-0.317534023092,0.0874369049095,-0.0521553467881,1.48527689787,0.34437868688,-0.0318301013486,0.0651941834851,100.0
40.864698,-0.786165153791,0.0636602026972,0.427597144623,0.0103543703182,-0.370456360274,1.51212156166,2.86087416941,95.4983901978,-0.318684508683,0.0878204001064,-0.0525388419851,1.48489340267,0.34437868688,-0.0314466061517,0.0655776786821,100.0
40.874704,-0.784631173003,0.0644271930912,0.428364135017,0.0103543703182,-0.370072865077,1.51212156166,2.86049067421,95.4983901978,-0.317917518289,0.0874369049095,-0.052922337182,1.48374291708,0.343995191683,-0.0318301013486,0.0648106882882,100.0
40.884699,-0.7850146682,0.0644271930912,0.427597144623,0.0103543703182,-0.370072865077,1.51212156166,2.86049067421,95.4983901978,-0.317917518289,0.0866699145155,-0.052922337182,1.48412641228,0.34437868688,-0.0318301013486,0.0655776786821,100.0
40.894707,-0.784631173003,0.0644271930912,0.427213649426,0.00958737992428,-0.370456360274,1.51212156166,2.86087416941,95.4983901978,-0.318684508683,0.0866699145155,-0.0525388419851,1.48450990748,0.34437868688,-0.0318301013486,0.0651941834851,100.0
40.904719,-0.784631173003,0.0648106882882,0.428364135017,0.0103543703182,-0.370072865077,1.51327204725,2.86010717901,95.4983901978,-0.318301013486,0.0874369049095,-0.052922337182,1.48450990748,0.34437868688,-0.0318301013486,0.0659611738791,100.0
40.914713,-0.784631173003,0.0644271930912,0.42798063982,0.0103543703182,-0.370072865077,1.51250505686,2.86049067421,95.4983901978,-0.318684508683,0.0870534097125,-0.053305832379,1.48450990748,0.34437868688,-0.0314466061517,0.0651941834851,100.0
40.924705,-0.7850146682,0.0644271930912,0.427213649426,0.0103543703182,-0.370456360274,1.51212156166,2.86010717901,95.4983901978,-0.317534023092,0.0874369049095,-0.052922337182,1.48450990748,0.344762182077,-0.0322135965456,0.0655776786821,100.0
40.934702,-0.785781658594,0.0644271930912,0.426830154229,0.0103543703182,-0.370072865077,1.51212156166,2.86010717901,95.4983901978,-0.31906800388,0.0870534097125,-0.053305832379,1.48450990748,0.34437868688,-0.0314466061517,0.0655776786821,100.0
40.944706,-0.784631173003,0.0648106882882,0.427213649426,0.00997087512126,-0.36968936988,1.51173806646,2.86049067421,95.4983901978,-0.317917518289,0.0866699145155,-0.053305832379,1.48450990748,0.343228201289,-0.0314466061517,0.0655776786821,100.0
40.954701,-0.785398163397,0.0640436978942,0.427213649426,0.00997087512126,-0.370072865077,1.51250505686,2.85972368382,95.4983901978,-0.317917518289,0.0862864193186,-0.053305832379,1.48412641228,0.343611696486,-0.0322135965456,0.0655776786821,100.0
40.964700,-0.7850146682,0.0648106882882,0.42798063982,0.0103543703182,-0.370072865077,1.51288855205,2.86010717901,95.4983901978,-0.318684508683,0.0882038953034,-0.053689327576,1.48412641228,0.344762182077,-0.0322135965456,0.0659611738791,100.0
40.974705,-0.784631173003,0.0644271930912,0.426830154229,0.0103543703182,-0.370456360274,1.51173806646,2.85972368382,95.4983901978,-0.317917518289,0.0870534097125,-0.054072822773,1.48450990748,0.34437868688,-0.0314466061517,0.0659611738791,100.0
40.984706,-0.7850146682,0.0644271930912,0.427597144623,0.0103543703182,-0.370072865077,1.51212156166,2.86049067421,95.4983901978,-0.318301013486,0.0874369049095,-0.053305832379,1.48489340267,0.343995191683,-0.0306796157577,0.0651941834851,100.0
40.994703,-0.785781658594,0.0648106882882,0.427597144623,0.00997087512126,-0.370072865077,1.51250505686,2.86049067421,95.4983901978,-0.317917518289,0.0866699145155,-0.053689327576,1.48374291708,0.34437868688,-0.0314466061517,0.066344669076,100.0
41.004703,-0.785398163397,0.0648106882882,0.428364135017,0.00997087512126,-0.36968936988,1.51250505686,2.86049067421,95.4983901978,-0.317917518289,0.0870534097125,-0.053305832379,1.48489340267,0.34437868688,-0.0314466061517,0.0651941834851,100.0
41.014703,-0.785398163397,0.0644271930912,0.427597144623,0.0103543703182,-0.370456360274,1.51288855205,2.86049067421,95.4983901978,-0.318684508683,0.0866699145155,-0.0525388419851,1.48566039307,0.34437868688,-0.0318301013486,0.0644271930912,100.0
41.024702,-0.784631173003,0.0636602026972,0.42798063982,0.0103543703182,-0.370072865077,1.51173806646,2.86049067421,95.4983901978,-0.318301013486,0.0870534097125,-0.053305832379,1.48374291708,0.343995191683,-0.0318301013486,0.0655776786821,100.0
41.034706,-0.784631173003,0.0640436978942,0.427213649426,0.0103543703182,-0.370072865077,1.51173806646,2.86010717901,95.4983901978,-0.318301013486,0.0870534097125,-0.0525388419851,1.48412641228,0.345145677274,-0.0318301013486,0.066728164273,100.0
41.044703,-0.785398163397,0.0640436978942,0.427213649426,0.00997087512126,-0.370072865077,1.51250505686,2.8612576646,95.4983901978,-0.318684508683,0.0885873905004,-0.053305832379,1.48374291708,0.345145677274,-0.0325970917426,0.0659611738791,100.0
41.054701,-0.784631173003,0.0648106882882,0.427597144623,0.0103543703182,-0.370072865077,1.51250505686,2.8612576646,95.4983901978,-0.318684508683,0.0874369049095,-0.053305832379,1.48412641228,0.34437868688,-0.0314466061517,0.0659611738791,100.0
41.064701,-0.785781658594,0.0644271930912,0.42798063982,0.0107378655152,-0.370456360274,1.51327204725,2.86240815019,95.4983901978,-0.318684508683,0.0870534097125,-0.0525388419851,1.48450990748,0.34437868688,-0.0314466061517,0.066344669076,100.0
41.074704,-0.7850146682,0.0644271930912,0.42798063982,0.0103543703182,-0.370072865077,1.51212156166,2.862024655,95.4983901978,-0.319451499077,0.0870534097125,-0.0521553467881,1.48450990748,0.34437868688,-0.0318301013486,0.066344669076,100.0
41.084705,-0.786165153791,0.0640436978942,0.42798063982,0.0107378655152,-0.370072865077,1.51173806646,2.86317514059,95.4983901978,-0.318301013486,0.0870534097125,-0.053305832379,1.48412641228,0.34437868688,-0.0314466061517,0.0651941834851,100.0
41.094718,-0.784631173003,0.0640436978942,0.428364135017,0.00997087512126,-0.36968936988,1.51135457126,2.86240815019,95.4983901978,-0.317150527895,0.0878204001064,-0.0521553467881,1.48450990748,0.34437868688,-0.0322135965456,0.0648106882882,100.0
41.104712,-0.7850146682,0.0636602026972,0.428364135017,0.00997087512126,-0.370072865077,1.51135457126,2.86240815019,95.4983901978,-0.317534023092,0.0870534097125,-0.053305832379,1.48412641228,0.343995191683,-0.0318301013486,0.0651941834851,100.0
41.114707,-0.785398163397,0.0644271930912,0.427597144623,0.00958737992428,-0.370456360274,1.51173806646,2.86279164539,95.4983901978,-0.318684508683,0.0878204001064,-0.052922337182,1.48412641228,0.344762182077,-0.0325970917426,0.0655776786821,100.0
41.124701,-0.785398163397,0.0644271930912,0.427213649426,0.00997087512126,-0.369305874683,1.51212156166,2.862024655,95.4983901978,-0.317917518289,0.0874369049095,-0.052922337182,1.48566039307,0.345145677274,-0.0325970917426,0.0651941834851,100.0
41.134706,-0.785398163397,0.0644271930912,0.427213649426,0.00997087512126,-0.370456360274,1.51250505686,2.862024655,95.4983901978,-0.318684508683,0.0874369049095,-0.0525388419851,1.48450990748,0.344762182077,-0.0318301013486,0.0648106882882,100.0
41.144706,-0.785398163397,0.0636602026972,0.426830154229,0.00997087512126,-0.36968936988,1.51250505686,2.86279164539,95.4983901978,-0.318684508683,0.0878204001064,-0.052922337182,1.48374291708,0.34437868688,-0.0322135965456,0.0644271930912,100.0
41.154707,-0.785398163397,0.0640436978942,0.427597144623,0.00958737992428,-0.370456360274,1.51250505686,2.86279164539,95.4983901978,-0.318684508683,0.0870534097125,-0.0525388419851,1.48450990748,0.344762182077,-0.0318301013486,0.066344669076,100.0
41.164716,-0.785781658594,0.0644271930912,0.427597144623,0.00920388472731,-0.370072865077,1.51250505686,2.862024655,95.4983901978,-0.318684508683,0.0874369049095,-0.052922337182,1.48489340267,0.344762182077,-0.0318301013486,0.0659611738791,100.0
41.174705,-0.7850146682,0.0640436978942,0.42798063982,0.00958737992428,-0.370072865077,1.51212156166,2.86240815019,95.4983901978,-0.318684508683,0.0866699145155,-0.052922337182,1.48450990748,0.34437868688,-0.0314466061517,0.0651941834851,100.0
41.184705,-0.785781658594,0.0644271930912,0.428364135017,0.00997087512126,-0.370456360274,1.51212156166,2.86279164539,95.4983901978,-0.318684508683,0.0870534097125,-0.052922337182,1.48450990748,0.34437868688,-0.0325970917426,0.0655776786821,100.0
41.194709,-0.7850146682,0.0632767075003,0.427213649426,0.00997087512126,-0.36968936988,1.51212156166,2.86240815019,95.4983901978,-0.318684508683,0.0870534097125,-0.0525388419851,1.48412641228,0.343611696486,-0.0318301013486,0.0651941834851,100.0
41.204711,-0.785781658594,0.0640436978942,0.428364135017,0.0103543703182,-0.36968936988,1.51212156166,2.86240815019,95.4983901978,-0.318684508683,0.0870534097125,-0.053305832379,1.48412641228,0.343611696486,-0.0314466061517,0.0651941834851,100.0
41.214704,-0.785781658594,0.0632767075003,0.427597144623,0.0103543703182,-0.370839855471,1.51173806646,2.86240815019,95.4983901978,-0.317917518289,0.0878204001064,-0.0525388419851,1.48412641228,0.34437868688,-0.0325970917426,0.0651941834851,100.0
41.224743,-0.785781658594,0.0636602026972,0.428364135017,0.00997087512126,-0.370072865077,1.51212156166,2.86240815019,95.4983901978,-0.318684508683,0.0874369049095,-0.0513883563942,1.48374291708,0.34437868688,-0.0325970917426,0.0659611738791,100.0
41.234721,-0.7850146682,0.0636602026972,0.426446659032,0.00920388472731,-0.370072865077,1.51212156166,2.86240815019,95.4983901978,-0.31906800388,0.0866699145155,-0.053305832379,1.48412641228,0.344762182077,-0.0329805869395,0.0640436978942,100.0
41.244710,-0.785781658594,0.0636602026972,0.428364135017,0.00997087512126,-0.370456360274,1.51250505686,2.86279164539,95.4983901978,-0.318684508683,0.0870534097125,-0.053305832379,1.48489340267,0.344762182077,-0.0314466061517,0.0659611738791,100.0
41.254715,-0.786165153791,0.0632767075003,0.42798063982,0.00997087512126,-0.370456360274,1.51212156166,2.86240815019,95.4983901978,-0.318301013486,0.0874369049095,-0.0525388419851,1.48412641228,0.34437868688,-0.0318301013486,0.0659611738791,100.0
41.264707,-0.7850146682,0.0644271930912,0.427597144623,0.00997087512126,-0.370072865077,1.51212156166,2.86240815019,95.4983901978,-0.317534023092,0.0878204001064,-0.052922337182,1.48412641228,0.344762182077,-0.0318301013486,0.066344669076,100.0
41.274705,-0.7850146682,0.0640436978942,0.427213649426,0.00997087512126,-0.36968936988,1.51250505686,2.86279164539,95.4983901978,-0.318301013486,0.0866699145155,-0.053689327576,1.48489340267,0.343995191683,-0.0318301013486,0.0655776786821,100.0
41.284713,-0.784631173003,0.0640436978942,0.428364135017,0.00958737992428,-0.36968936988,1.51250505686,2.862024655,95.4983901978,-0.318301013486,0.0874369049095,-0.0525388419851,1.48412641228,0.344762182077,-0.0314466061517,0.0659611738791,100.0
41.294714,-0.785398163397,0.0636602026972,0.427213649426,0.0103543703182,-0.370456360274,1.51250505686,2.86240815019,95.4983901978,-0.317917518289,0.0874369049095,-0.053305832379,1.48412641228,0.34437868688,-0.0318301013486,0.0651941834851,100.0
41.304705,-0.7850146682,0.0632767075003,0.42798063982,0.0103543703182,-0.36968936988,1.51250505686,2.8616411598,95.4983901978,-0.318684508683,0.0885873905004,-0.053305832379,1.48412641228,0.34437868688,-0.0318301013486,0.0655776786821,100.0
41.314714,-0.785781658594,0.0636602026972,0.428364135017,0.00997087512126,-0.370456360274,1.51212156166,2.86279164539,95.4983901978,-0.317534023092,0.0862864193186,-0.053305832379,1.48450990748,0.344762182077,-0.0314466061517,0.0651941834851,100.0
41.324709,-0.785398163397,0.0636602026972,0.428364135017,0.00958737992428,-0.370072865077,1.51212156166,2.86240815019,95.4983901978,-0.318684508683,0.0866699145155,-0.053305832379,1.48374291708,0.344762182077,-0.0318301013486,0.0655776786821,100.0
41.334708,-0.785781658594,0.0636602026972,0.428364135017,0.0103543703182,-0.36968936988,1.51250505686,2.86240815019,95.4983901978,-0.31906800388,0.0874369049095,-0.053689327576,1.48374291708,0.34437868688,-0.0322135965456,0.0651941834851,100.0
41.344715,-0.785398163397,0.0640436978942,0.42798063982,0.0107378655152,-0.36968936988,1.51212156166,2.86240815019,95.4983901978,-0.318684508683,0.0866699145155,-0.052922337182,1.48412641228,0.344762182077,-0.0318301013486,0.0659611738791,100.0
41.354712,-0.785398163397,0.0636602026972,0.42798063982,0.00958737992428,-0.370456360274,1.51212156166,2.86279164539,95.4983901978,-0.318301013486,0.0874369049095,-0.053305832379,1.48335942189,0.34437868688,-0.0310631109547,0.0655776786821,100.0
41.364712,-0.785398163397,0.0636602026972,0.42798063982,0.00997087512126,-0.370072865077,1.51173806646,2.86240815019,95.4983901978,-0.318301013486,0.0878204001064,-0.052922337182,1.48450990748,0.34437868688,-0.0310631109547,0.0659611738791,100.0
41.374719,-0.7850146682,0.0636602026972,0.42798063982,0.00997087512126,-0.369305874683,1.51212156166,2.86279164539,95.4983901978,-0.317917518289,0.0866699145155,-0.0525388419851,1.48450990748,0.344762182077,-0.0314466061517,0.0651941834851,100.0
41.384712,-0.785398163397,0.0640436978942,0.427213649426,0.0103543703182,-0.370072865077,1.51250505686,2.86240815019,95.4983901978,-0.318684508683,0.0878204001064,-0.052922337182,1.48450990748,0.343995191683,-0.0318301013486,0.0655776786821,100.0
41.394709,-0.785398163397,0.0636602026972,0.427597144623,0.0103543703182,-0.370072865077,1.51212156166,2.86240815019,95.4983901978,-0.318301013486,0.0878204001064,-0.052922337182,1.48412641228,0.344762182077,-0.0325970917426,0.0644271930912,100.0
41.404733,-0.785781658594,0.0636602026972,0.428364135017,0.00997087512126,-0.36968936988,1.51288855205,2.86240815019,95.4983901978,-0.318684508683,0.0878204001064,-0.0525388419851,1.48412641228,0.344762182077,-0.0322135965456,0.0659611738791,100.0
41.414719,-0.785781658594,0.0632767075003,0.426830154229,0.00920388472731,-0.36968936988,1.51250505686,2.86279164539,95.4983901978,-0.318301013486,0.0870534097125,-0.052922337182,1.48527689787,0.343995191683,-0.0314466061517,0.0651941834851,100.0
41.424708,-0.7850146682,0.0636602026972,0.42798063982,0.00997087512126,-0.36968936988,1.51327204725,2.86240815019,95.4983901978,-0.318301013486,0.0874369049095,-0.052922337182,1.48527689787,0.344762182077,-0.0314466061517,0.0655776786821,100.0
41.434721,-0.785781658594,0.0636602026972,0.42798063982,0.0103543703182,-0.36968936988,1.51250505686,2.86240815019,95.4983901978,-0.318684508683,0.0866699145155,-0.0525388419851,1.48527689787,0.34437868688,-0.0314466061517,0.066344669076,100.0
41.444712,-0.7850146682,0.0632767075003,0.427597144623,0.00997087512126,-0.370072865077,1.51212156166,2.86279164539,95.4983901978,-0.318301013486,0.0870534097125,-0.053305832379,1.48374291708,0.34437868688,-0.0322135965456,0.0648106882882,100.0
41.454707,-0.785398163397,0.0644271930912,0.427597144623,0.00997087512126,-0.370072865077,1.51173806646,2.8616411598,95.4983901978,-0.31906800388,0.0862864193186,-0.052922337182,1.48450990748,0.343995191683,-0.0325970917426,0.0655776786821,100.0
41.464713,-0.7850146682,0.0640436978942,0.428364135017,0.0111213607122,-0.370456360274,1.51327204725,2.86240815019,95.4983901978,-0.318301013486,0.0882038953034,-0.052922337182,1.48527689787,0.343995191683,-0.0318301013486,0.0655776786821,100.0
41.474708,-0.785781658594,0.0640436978942,0.42798063982,0.00997087512126,-0.36968936988,1.51212156166,2.862024655,95.4983901978,-0.318684508683,0.0870534097125,-0.053305832379,1.48450990748,0.34437868688,-0.0314466061517,0.0648106882882,100.0
41.484705,-0.785398163397,0.0636602026972,0.426830154229,0.00997087512126,-0.36968936988,1.51212156166,2.86279164539,95.4983901978,-0.318684508683,0.0870534097125,-0.052922337182,1.48412641228,0.344762182077,-0.0322135965456,0.0659611738791,100.0
41.494712,-0.7850146682,0.0640436978942,0.426830154229,0.00958737992428,-0.370072865077,1.51250505686,2.86240815019,95.4983901978,-0.317917518289,0.0870534097125,-0.052922337182,1.48412641228,0.34437868688,-0.0322135965456,0.066344669076,100.0
41.504706,-0.786165153791,0.0632767075003,0.427597144623,0.0103543703182,-0.370072865077,1.51288855205,2.86317514059,95.4983901978,-0.318301013486,0.0874369049095,-0.052922337182,1.48412641228,0.343228201289,-0.0314466061517,0.0644271930912,100.0
41.514703,-0.7850146682,0.0632767075003,0.427597144623,0.0103543703182,-0.370456360274,1.51250505686,2.862024655,95.4983901978,-0.31906800388,0.0874369049095,-0.053305832379,1.48489340267,0.344762182077,-0.0318301013486,0.0655776786821,100.0
41.524716,-0.786165153791,0.0636602026972,0.428364135017,0.00997087512126,-0.370072865077,1.51212156166,2.862024655,95.4983901978,-0.318684508683,0.0874369049095,-0.053689327576,1.48374291708,0.34437868688,-0.0318301013486,0.0659611738791,100.0
41.534712,-0.7850146682,0.0636602026972,0.426830154229,0.0103543703182,-0.36968936988,1.51250505686,2.86240815019,95.4983901978,-0.318684508683,0.0878204001064,-0.0525388419851,1.48450990748,0.343995191683,-0.0314466061517,0.0655776786821,100.0
41.544703,-0.786548648988,0.0636602026972,0.427213649426,0.0103543703182,-0.36968936988,1.51250505686,2.86279164539,95.4983901978,-0.318301013486,0.0878204001064,-0.052922337182,1.48412641228,0.34437868688,-0.0322135965456,0.0651941834851,100.0
41.554716,-0.7850146682,0.0640436978942,0.427213649426,0.00920388472731,-0.36968936988,1.51250505686,2.86279164539,95.4983901978,-0.318684508683,0.0870534097125,-0.053305832379,1.48527689787,0.344762182077,-0.0318301013486,0.0655776786821,100.0
41.564712,-0.785398163397,0.0636602026972,0.427597144623,0.00997087512126,-0.36968936988,1.51250505686,2.86317514059,95.4983901978,-0.318684508683,0.0874369049095,-0.052922337182,1.48450990748,0.34437868688,-0.0322135965456,0.0644271930912,100.0
41.574703,-0.784631173003,0.0636602026972,0.427597144623,0.0103543703182,-0.370072865077,1.51250505686,2.86279164539,95.4983901978,-0.318301013486,0.0874369049095,-0.0525388419851,1.48450990748,0.34437868688,-0.0325970917426,0.0659611738791,100.0
41.584717,-0.785781658594,0.0640436978942,0.427213649426,0.00958737992428,-0.370072865077,1.51288855205,2.862024655,95.4983901978,-0.318301013486,0.0874369049095,-0.0525388419851,1.48450990748,0.343995191683,-0.0310631109547,0.0655776786821,100.0
41.594708,-0.785398163397,0.0632767075003,0.42798063982,0.00997087512126,-0.370072865077,1.51212156166,2.86317514059,95.4983901978,-0.317150527895,0.0878204001064,-0.053305832379,1.48374291708,0.34437868688,-0.0318301013486,0.0655776786821,100.0
41.604702,-0.785781658594,0.0632767075003,0.428364135017,0.00997087512126,-0.36968936988,1.51173806646,2.86240815019,95.4983901978,-0.31906800388,0.0874369049095,-0.0525388419851,1.48450990748,0.34437868688,-0.0318301013486,0.0651941834851,100.0
41.614714,-0.785398163397,0.0632767075003,0.427597144623,0.0103543703182,-0.370456360274,1.51250505686,2.86240815019,95.4983901978,-0.318301013486,0.0882038953034,-0.052922337182,1.48450990748,0.344762182077,-0.0322135965456,0.0659611738791,100.0
41.624708,-0.7850146682,0.0632767075003,0.427597144623,0.00997087512126,-0.370072865077,1.51250505686,2.862024655,95.4983901978,-0.318684508683,0.0870534097125,-0.053305832379,1.48374291708,0.344762182077,-0.0325970917426,0.066344669076,100.0
41.634698,-0.785398163397,0.0640436978942,0.427597144623,0.00997087512126,-0.370072865077,1.51212156166,2.86279164539,95.4983901978,-0.318684508683,0.0878204001064,-0.053305832379,1.48450990748,0.343995191683,-0.0325970917426,0.0651941834851,100.0
41.644713,-0.7850146682,0.0628932123033,0.427597144623,0.0103543703182,-0.370839855471,1.51212156166,2.86240815019,95.4983901978,-0.318684508683,0.0878204001064,-0.052922337182,1.48412641228,0.343995191683,-0.0325970917426,0.0659611738791,100.0
41.654709,-0.785398163397,0.0640436978942,0.42798063982,0.0103543703182,-0.369305874683,1.51212156166,2.86279164539,95.4983901978,-0.318684508683,0.0870534097125,-0.0521553467881,1.48450990748,0.343995191683,-0.0325970917426,0.0651941834851,100.0
41.664700,-0.785398163397,0.0640436978942,0.426830154229,0.0103543703182,-0.370072865077,1.51288855205,2.86279164539,95.4983901978,-0.318301013486,0.0874369049095,-0.052922337182,1.48412641228,0.344762182077,-0.0318301013486,0.0648106882882,100.0
41.674712,-0.7850146682,0.0628932123033,0.428364135017,0.0103543703182,-0.36968936988,1.51250505686,2.862024655,95.4983901978,-0.31906800388,0.0874369049095,-0.053305832379,1.48374291708,0.344762182077,-0.0318301013486,0.066344669076,100.0
41.684714,-0.785781658594,0.0636602026972,0.427597144623,0.00997087512126,-0.36968936988,1.51288855205,2.86355863579,95.4983901978,-0.318301013486,0.0878204001064,-0.053305832379,1.48450990748,0.34437868688,-0.0325970917426,0.0659611738791,100.0
41.694699,-0.786165153791,0.0636602026972,0.427213649426,0.0103543703182,-0.370072865077,1.51173806646,2.86279164539,95.4983901978,-0.318301013486,0.0878204001064,-0.052922337182,1.48489340267,0.343995191683,-0.0318301013486,0.0659611738791,100.0
41.704719,-0.785398163397,0.0636602026972,0.427597144623,0.00997087512126,-0.370456360274,1.51173806646,2.86279164539,95.4983901978,-0.318301013486,0.0874369049095,-0.0521553467881,1.48374291708,0.34437868688,-0.0325970917426,0.066344669076,100.0
41.714710,-0.785398163397,0.0632767075003,0.427597144623,0.00958737992428,-0.370072865077,1.51173806646,2.862024655,95.4983901978,-0.31906800388,0.0878204001064,-0.053305832379,1.48450990748,0.344762182077,-0.0325970917426,0.0651941834851,100.0
41.724700,-0.785781658594,0.0632767075003,0.42798063982,0.0103543703182,-0.370072865077,1.51288855205,2.86279164539,95.4983901978,-0.317917518289,0.0874369049095,-0.053689327576,1.48489340267,0.344762182077,-0.0322135965456,0.0655776786821,100.0
41.734723,-0.785398163397,0.0636602026972,0.42798063982,0.00997087512126,-0.36968936988,1.51173806646,2.86240815019,95.4983901978,-0.318301013486,0.0874369049095,-0.052922337182,1.48489340267,0.34437868688,-0.0314466061517,0.0655776786821,100.0
41.744722,-0.785781658594,0.0632767075003,0.42798063982,0.0103543703182,-0.370072865077,1.51250505686,2.86317514059,95.4983901978,-0.317917518289,0.0882038953034,-0.053305832379,1.48450990748,0.344762182077,-0.0325970917426,0.0651941834851,100.0
41.754699,-0.785781658594,0.0636602026972,0.427213649426,0.0103543703182,-0.370839855471,1.51173806646,2.86279164539,95.4983901978,-0.318684508683,0.0870534097125,-0.0521553467881,1.48527689787,0.34437868688,-0.0322135965456,0.066344669076,100.0
41.764712,-0.7850146682,0.0636602026972,0.42798063982,0.0103543703182,-0.368922379486,1.51173806646,2.862024655,95.4983901978,-0.318684508683,0.0862864193186,-0.053305832379,1.48450990748,0.344762182077,-0.0314466061517,0.066344669076,100.0
41.774711,-0.785781658594,0.0640436978942,0.426446659032,0.00997087512126,-0.370072865077,1.51250505686,2.86240815019,95.4983901978,-0.318301013486,0.0866699145155,-0.0525388419851,1.48450990748,0.34437868688,-0.0318301013486,0.0659611738791,100.0
41.784701,-0.785398163397,0.0644271930912,0.427597144623,0.00997087512126,-0.370072865077,1.51288855205,2.86240815019,95.4983901978,-0.318301013486,0.0878204001064,-0.0525388419851,1.48489340267,0.343995191683,-0.0322135965456,0.066344669076,100.0
41.794705,-0.785398163397,0.0636602026972,0.427213649426,0.0103543703182,-0.370072865077,1.51250505686,2.86279164539,95.4983901978,-0.318684508683,0.0870534097125,-0.053305832379,1.48527689787,0.343995191683,-0.0322135965456,0.066344669076,100.0
41.804712,-0.785781658594,0.0632767075003,0.42798063982,0.0103543703182,-0.370072865077,1.51173806646,2.86279164539,95.4983901978,-0.318684508683,0.0866699145155,-0.0525388419851,1.48412641228,0.34437868688,-0.0322135965456,0.0659611738791,100.0
41.814700,-0.785398163397,0.0636602026972,0.427213649426,0.00997087512126,-0.370072865077,1.51288855205,2.86240815019,95.4983901978,-0.318301013486,0.0870534097125,-0.0521553467881,1.48412641228,0.343995191683,-0.0314466061517,0.0648106882882,100.0
41.824705,-0.785398163397,0.0640436978942,0.42798063982,0.0107378655152,-0.370456360274,1.51250505686,2.86279164539,95.4983901978,-0.317917518289,0.0874369049095,-0.0525388419851,1.48412641228,0.344762182077,-0.0314466061517,0.0651941834851,100.0
41.834711,-0.785398163397,0.0640436978942,0.42798063982,0.00958737992428,-0.370072865077,1.51288855205,2.86279164539,95.4983901978,-0.318301013486,0.0870534097125,-0.053689327576,1.48412641228,0.343995191683,-0.0310631109547,0.0655776786821,100.0
41.844703,-0.785781658594,0.0632767075003,0.42798063982,0.00997087512126,-0.370072865077,1.51173806646,2.862024655,95.4983901978,-0.317917518289,0.0870534097125,-0.053305832379,1.48412641228,0.343995191683,-0.0314466061517,0.066344669076,100.0
41.854708,-0.7850146682,0.0640436978942,0.427213649426,0.0103543703182,-0.370072865077,1.51212156166,2.86317514059,95.4983901978,-0.318684508683,0.0878204001064,-0.053305832379,1.48450990748,0.34437868688,-0.0318301013486,0.0648106882882,100.0
41.864710,-0.785781658594,0.0640436978942,0.427597144623,0.00997087512126,-0.370839855471,1.51250505686,2.862024655,95.4983901978,-0.318301013486,0.0882038953034,-0.053305832379,1.48374291708,0.344762182077,-0.0318301013486,0.0655776786821,100.0
41.874698,-0.784631173003,0.0640436978942,0.42798063982,0.00997087512126,-0.36968936988,1.51250505686,2.86279164539,95.4983901978,-0.318301013486,0.0866699145155,-0.052922337182,1.48374291708,0.34437868688,-0.0322135965456,0.0659611738791,100.0
41.884708,-0.785398163397,0.0640436978942,0.427597144623,0.0103543703182,-0.36968936988,1.51212156166,2.86240815019,95.4983901978,-0.318301013486,0.0874369049095,-0.0525388419851,1.48374291708,0.343611696486,-0.0318301013486,0.0655776786821,100.0
41.894709,-0.785398163397,0.0636602026972,0.426830154229,0.00997087512126,-0.36968936988,1.51173806646,2.86279164539,95.4983901978,-0.31906800388,0.0866699145155,-0.053305832379,1.48489340267,0.34437868688,-0.0314466061517,0.0651941834851,100.0
41.904701,-0.785781658594,0.0632767075003,0.427213649426,0.00958737992428,-0.370072865077,1.51250505686,2.86240815019,95.4983901978,-0.318684508683,0.0870534097125,-0.053689327576,1.48374291708,0.34437868688,-0.0329805869395,0.0659611738791,100.0
41.914707,-0.786165153791,0.0636602026972,0.426830154229,0.00958737992428,-0.36968936988,1.51212156166,2.862024655,95.4983901978,-0.317917518289,0.0878204001064,-0.052922337182,1.48566039307,0.344762182077,-0.0322135965456,0.0648106882882,100.0
41.924712,-0.7850146682,0.0636602026972,0.426830154229,0.0103543703182,-0.370456360274,1.51288855205,2.86279164539,95.4983901978,-0.318301013486,0.0878204001064,-0.052922337182,1.48450990748,0.343995191683,-0.0310631109547,0.0659611738791,100.0
41.934704,-0.785781658594,0.0632767075003,0.427597144623,0.00958737992428,-0.370072865077,1.51250505686,2.86317514059,95.4983901978,-0.318684508683,0.0882038953034,-0.0525388419851,1.48489340267,0.34437868688,-0.0314466061517,0.0651941834851,100.0
41.944701,-0.785398163397,0.0640436978942,0.427213649426,0.00958737992428,-0.370072865077,1.51212156166,2.86240815019,95.4983901978,-0.318684508683,0.0882038953034,-0.053689327576,1.48412641228,0.34437868688,-0.0318301013486,0.0651941834851,100.0
41.954711,-0.784631173003,0.0632767075003,0.427597144623,0.00958737992428,-0.370072865077,1.51250505686,2.862024655,95.4983901978,-0.318301013486,0.0874369049095,-0.052922337182,1.48450990748,0.34437868688,-0.0322135965456,0.066344669076,100.0
41.964703,-0.785398163397,0.0640436978942,0.426446659032,0.00997087512126,-0.370072865077,1.51212156166,2.86240815019,95.4983901978,-0.317534023092,0.0866699145155,-0.0525388419851,1.48450990748,0.344762182077,-0.0314466061517,0.0655776786821,100.0
41.974700,-0.786165153791,0.0636602026972,0.428364135017,0.0103543703182,-0.370072865077,1.51212156166,2.862024655,95.4983901978,-0.317917518289,0.0874369049095,-0.0525388419851,1.48450990748,0.34437868688,-0.0318301013486,0.0655776786821,100.0
41.984713,-0.7850146682,0.0628932123033,0.426830154229,0.00958737992428,-0.36968936988,1.51250505686,2.86317514059,95.4983901978,-0.318684508683,0.0878204001064,-0.053305832379,1.48489340267,0.34437868688,-0.0322135965456,0.0651941834851,100.0
41.994700,-0.785781658594,0.0632767075003,0.427213649426,0.0103543703182,-0.370072865077,1.51288855205,2.862024655,95.4983901978,-0.31906800388,0.0866699145155,-0.053305832379,1.48450990748,0.345145677274,-0.0325970917426,0.0655776786821,100.0
42.004703,-0.786165153791,0.0636602026972,0.427213649426,0.0103543703182,-0.36968936988,1.51288855205,2.862024655,95.4983901978,-0.317917518289,0.0878204001064,-0.052922337182,1.48527689787,0.345145677274,-0.0314466061517,0.0659611738791,100.0
42.014713,-0.785398163397,0.0640436978942,0.427597144623,0.00997087512126,-0.369305874683,1.51250505686,2.86240815019,95.4983901978,-0.318301013486,0.0870534097125,-0.052922337182,1.48374291708,0.34437868688,-0.0318301013486,0.0655776786821,100.0
42.024701,-0.785398163397,0.0640436978942,0.428364135017,0.00958737992428,-0.370456360274,1.51288855205,2.862024655,95.4983901978,-0.317917518289,0.0889708856974,-0.0521553467881,1.48412641228,0.344762182077,-0.0318301013486,0.0644271930912,100.0
42.034697,-0.785781658594,0.0640436978942,0.428747630214,0.00997087512126,-0.36968936988,1.51288855205,2.86240815019,95.4983901978,-0.318301013486,0.0862864193186,-0.052922337182,1.48450990748,0.34437868688,-0.0318301013486,0.0659611738791,100.0
42.044713,-0.785398163397,0.0636602026972,0.427597144623,0.00997087512126,-0.370072865077,1.51288855205,2.862024655,95.4983901978,-0.31906800388,0.0866699145155,-0.052922337182,1.48450990748,0.344762182077,-0.0310631109547,0.0659611738791,100.0
42.054705,-0.785398163397,0.0640436978942,0.427213649426,0.0107378655152,-0.370072865077,1.51212156166,2.862024655,95.4983901978,-0.318684508683,0.0874369049095,-0.052922337182,1.48412641228,0.343995191683,-0.0318301013486,0.066728164273,100.0
42.064698,-0.785398163397,0.0636602026972,0.427213649426,0.00997087512126,-0.36968936988,1.51250505686,2.86240815019,95.4983901978,-0.317917518289,0.0882038953034,-0.0525388419851,1.48412641228,0.34437868688,-0.0318301013486,0.0648106882882,100.0
42.074714,-0.785781658594,0.0640436978942,0.426830154229,0.0103543703182,-0.370072865077,1.51327204725,2.86240815019,95.4983901978,-0.318684508683,0.0878204001064,-0.052922337182,1.48450990748,0.34437868688,-0.0325970917426,0.0659611738791,100.0
42.084705,-0.785781658594,0.0636602026972,0.427597144623,0.00920388472731,-0.370072865077,1.51288855205,2.862024655,95.4983901978,-0.318301013486,0.0882038953034,-0.052922337182,1.48489340267,0.34437868688,-0.0314466061517,0.0651941834851,100.0
42.094702,-0.7850146682,0.0644271930912,0.427213649426,0.00920388472731,-0.36968936988,1.51327204725,2.86279164539,95.4983901978,-0.318301013486,0.0870534097125,-0.052922337182,1.48412641228,0.343611696486,-0.0314466061517,0.0651941834851,100.0
42.104710,-0.786548648988,0.0636602026972,0.42798063982,0.00997087512126,-0.36968936988,1.51212156166,2.86279164539,95.4983901978,-0.317534023092,0.0874369049095,-0.053689327576,1.48489340267,0.34437868688,-0.0314466061517,0.0659611738791,100.0
42.114701,-0.785398163397,0.0636602026972,0.42798063982,0.00920388472731,-0.370072865077,1.51212156166,2.86240815019,95.4983901978,-0.317917518289,0.0878204001064,-0.052922337182,1.48412641228,0.344762182077,-0.0314466061517,0.0648106882882,100.0
42.124697,-0.7850146682,0.0640436978942,0.427213649426,0.00997087512126,-0.36968936988,1.51250505686,2.86240815019,95.4983901978,-0.317534023092,0.0878204001064,-0.053689327576,1.48412641228,0.34437868688,-0.0318301013486,0.066344669076,100.0
42.134712,-0.786165153791,0.0636602026972,0.427597144623,0.0103543703182,-0.370839855471,1.51212156166,2.8616411598,95.4983901978,-0.318684508683,0.0870534097125,-0.053689327576,1.48412641228,0.344762182077,-0.0322135965456,0.0651941834851,100.0
42.144701,-0.785781658594,0.0636602026972,0.427597144623,0.0103543703182,-0.370456360274,1.51135457126,2.86279164539,95.4983901978,-0.318301013486,0.0874369049095,-0.0525388419851,1.48489340267,0.345145677274,-0.0318301013486,0.0655776786821,100.0
42.154696,-0.785781658594,0.0640436978942,0.427213649426,0.00997087512126,-0.370456360274,1.51212156166,2.86240815019,95.4983901978,-0.317917518289,0.0878204001064,-0.053305832379,1.48450990748,0.345145677274,-0.0310631109547,0.0651941834851,100.0
42.164713,-0.786165153791,0.0636602026972,0.426830154229,0.0103543703182,-0.370072865077,1.51250505686,2.8616411598,95.4983901978,-0.318684508683,0.0870534097125,-0.053305832379,1.48566039307,0.34437868688,-0.0314466061517,0.0648106882882,100.0
42.174701,-0.785781658594,0.0636602026972,0.427597144623,0.0103543703182,-0.370072865077,1.51288855205,2.86279164539,95.4983901978,-0.318301013486,0.0874369049095,-0.052922337182,1.48450990748,0.34437868688,-0.0325970917426,0.0648106882882,100.0
42.184697,-0.7850146682,0.0636602026972,0.427597144623,0.0103543703182,-0.36968936988,1.51288855205,2.862024655,95.4983901978,-0.318301013486,0.0882038953034,-0.053305832379,1.48489340267,0.343995191683,-0.0318301013486,0.0651941834851,100.0
42.194723,-0.785398163397,0.0636602026972,0.426830154229,0.00958737992428,-0.370456360274,1.51250505686,2.86240815019,95.4983901978,-0.31906800388,0.0870534097125,-0.052922337182,1.48527689787,0.34437868688,-0.0314466061517,0.0655776786821,100.0
42.204699,-0.785781658594,0.0636602026972,0.427213649426,0.0103543703182,-0.36968936988,1.51212156166,2.862024655,95.4983901978,-0.318684508683,0.0874369049095,-0.0525388419851,1.48450990748,0.343995191683,-0.0318301013486,0.0655776786821,100.0
42.214715,-0.7850146682,0.0636602026972,0.427597144623,0.0103543703182,-0.370456360274,1.51327204725,2.86317514059,95.4983901978,-0.318301013486,0.0870534097125,-0.053305832379,1.48450990748,0.344762182077,-0.0318301013486,0.0655776786821,100.0
42.224719,-0.7850146682,0.0640436978942,0.427597144623,0.0103543703182,-0.36968936988,1.51212156166,2.86240815019,95.4983901978,-0.318684508683,0.0882038953034,-0.0525388419851,1.48450990748,0.344762182077,-0.0322135965456,0.0651941834851,100.0
42.234702,-0.7850146682,0.0640436978942,0.426830154229,0.00958737992428,-0.369305874683,1.51250505686,2.86240815019,95.4983901978,-0.318301013486,0.0874369049095,-0.052922337182,1.48412641228,0.344762182077,-0.0310631109547,0.0659611738791,100.0
42.244700,-0.785781658594,0.0636602026972,0.42798063982,0.00997087512126,-0.36968936988,1.51250505686,2.862024655,95.4983901978,-0.318301013486,0.0874369049095,-0.052922337182,1.48450990748,0.345145677274,-0.0314466061517,0.0651941834851,100.0
42.254726,-0.785398163397,0.0632767075003,0.426830154229,0.00997087512126,-0.370072865077,1.51250505686,2.862024655,95.4983901978,-0.318301013486,0.0870534097125,-0.053305832379,1.48412641228,0.343611696486,-0.0325970917426,0.0659611738791,100.0
42.264715,-0.785781658594,0.0628932123033,0.426446659032,0.00997087512126,-0.36968936988,1.51173806646,2.86240815019,95.4983901978,-0.318684508683,0.0878204001064,-0.052922337182,1.48489340267,0.34437868688,-0.0314466061517,0.06711165947,100.0
42.274701,-0.785398163397,0.0632767075003,0.42798063982,0.00997087512126,-0.370456360274,1.51250505686,2.86279164539,95.4983901978,-0.318684508683,0.0882038953034,-0.052922337182,1.48489340267,0.34437868688,-0.0318301013486,0.0648106882882,100.0
42.284712,-0.785398163397,0.0632767075003,0.428364135017,0.00958737992428,-0.36968936988,1.51250505686,2.862024655,95.4983901978,-0.318684508683,0.0874369049095,-0.053305832379,1.48450990748,0.34437868688,-0.0310631109547,0.0655776786821,100.0
42.294710,-0.785781658594,0.0640436978942,0.427213649426,0.00997087512126,-0.369305874683,1.51212156166,2.86240815019,95.4983901978,-0.31906800388,0.0870534097125,-0.0521553467881,1.48450990748,0.343995191683,-0.0318301013486,0.0655776786821,100.0
42.304700,-0.785781658594,0.0636602026972,0.427213649426,0.00997087512126,-0.370072865077,1.51212156166,2.86240815019,95.4983901978,-0.318301013486,0.0885873905004,-0.053689327576,1.48412641228,0.343995191683,-0.0314466061517,0.0651941834851,100.0
42.314714,-0.785398163397,0.0632767075003,0.427597144623,0.0103543703182,-0.370072865077,1.51288855205,2.86240815019,95.4983901978,-0.318684508683,0.0878204001064,-0.053305832379,1.48412641228,0.343995191683,-0.0314466061517,0.066728164273,100.0
42.324710,-0.785398163397,0.0636602026972,0.42798063982,0.00997087512126,-0.370072865077,1.51250505686,2.86279164539,95.4983901978,-0.317917518289,0.0878204001064,-0.052922337182,1.48489340267,0.34437868688,-0.0318301013486,0.0651941834851,100.0
42.334704,-0.785398163397,0.0636602026972,0.427597144623,0.0103543703182,-0.36968936988,1.51250505686,2.86279164539,95.4983901978,-0.318301013486,0.0878204001064,-0.052922337182,1.48450990748,0.34437868688,-0.0322135965456,0.0659611738791,100.0
42.344718,-0.785398163397,0.0640436978942,0.427597144623,0.00958737992428,-0.370072865077,1.51250505686,2.86240815019,95.4983901978,-0.318684508683,0.0878204001064,-0.052922337182,1.48374291708,0.343611696486,-0.0318301013486,0.0659611738791,100.0
42.354715,-0.785781658594,0.0640436978942,0.426830154229,0.00997087512126,-0.370072865077,1.51212156166,2.86240815019,95.4983901978,-0.318301013486,0.0870534097125,-0.052922337182,1.48450990748,0.343611696486,-0.0318301013486,0.066344669076,100.0
42.364697,-0.785398163397,0.0640436978942,0.427597144623,0.0103543703182,-0.370072865077,1.51212156166,2.86279164539,95.4983901978,-0.317917518289,0.0870534097125,-0.0525388419851,1.48450990748,0.34437868688,-0.0318301013486,0.0644271930912,100.0
42.374707,-0.785398163397,0.0636602026972,0.42798063982,0.00997087512126,-0.370072865077,1.51250505686,2.86279164539,95.4983901978,-0.318301013486,0.0882038953034,-0.0517718515911,1.48412641228,0.343995191683,-0.0318301013486,0.066344669076,100.0
42.384715,-0.785398163397,0.0632767075003,0.428364135017,0.00997087512126,-0.370072865077,1.51250505686,2.862024655,95.4983901978,-0.318301013486,0.0874369049095,-0.052922337182,1.48412641228,0.344762182077,-0.0318301013486,0.066344669076,100.0
42.394740,-0.785398163397,0.0644271930912,0.42798063982,0.0107378655152,-0.370072865077,1.51288855205,2.862024655,95.4983901978,-0.318301013486,0.0874369049095,-0.052922337182,1.48412641228,0.344762182077,-0.0318301013486,0.0651941834851,100.0
42.404706,-0.785398163397,0.0644271930912,0.427597144623,0.0103543703182,-0.370072865077,1.51212156166,2.86279164539,95.4983901978,-0.319451499077,0.0866699145155,-0.052922337182,1.48450990748,0.34437868688,-0.0318301013486,0.0655776786821,100.0
42.414715,-0.786165153791,0.0644271930912,0.426446659032,0.0111213607122,-0.370072865077,1.51250505686,2.862024655,95.4983901978,-0.318684508683,0.0874369049095,-0.053305832379,1.48412641228,0.343611696486,-0.0322135965456,0.066344669076,100.0
42.424703,-0.7850146682,0.0640436978942,0.427597144623,0.00997087512126,-0.370072865077,1.51288855205,2.86240815019,95.4983901978,-0.318301013486,0.0874369049095,-0.053689327576,1.48450990748,0.343611696486,-0.0322135965456,0.0659611738791,100.0
42.434707,-0.785781658594,0.0636602026972,0.427213649426,0.00997087512126,-0.370072865077,1.51288855205,2.86240815019,95.4983901978,-0.317917518289,0.0878204001064,-0.053305832379,1.48412641228,0.34437868688,-0.0329805869395,0.0659611738791,100.0
42.444712,-0.785398163397,0.0636602026972,0.426830154229,0.00997087512126,-0.36968936988,1.51250505686,2.86317514059,95.4983901978,-0.318301013486,0.0878204001064,-0.0525388419851,1.48527689787,0.34437868688,-0.0318301013486,0.0655776786821,100.0
42.454700,-0.785398163397,0.0644271930912,0.427213649426,0.00997087512126,-0.370072865077,1.51212156166,2.8616411598,95.4983901978,-0.318684508683,0.0882038953034,-0.053305832379,1.48489340267,0.344762182077,-0.0310631109547,0.0651941834851,100.0
42.464709,-0.7850146682,0.0636602026972,0.427597144623,0.0103543703182,-0.370072865077,1.51250505686,2.86317514059,95.4983901978,-0.318301013486,0.0878204001064,-0.0521553467881,1.48450990748,0.34437868688,-0.0322135965456,0.066344669076,100.0
42.474713,-0.785398163397,0.0644271930912,0.427213649426,0.00997087512126,-0.36968936988,1.51250505686,2.86240815019,95.4983901978,-0.31906800388,0.0882038953034,-0.053305832379,1.48374291708,0.34437868688,-0.0310631109547,0.0659611738791,100.0
42.484700,-0.7850146682,0.0640436978942,0.427213649426,0.00997087512126,-0.36968936988,1.51173806646,2.86240815019,95.4983901978,-0.318684508683,0.0878204001064,-0.0525388419851,1.48450990748,0.344762182077,-0.0318301013486,0.0655776786821,100.0
42.494706,-0.785398163397,0.0640436978942,0.427213649426,0.00997087512126,-0.36968936988,1.51288855205,2.86279164539,95.4983901978,-0.318684508683,0.0878204001064,-0.053305832379,1.48374291708,0.34437868688,-0.0314466061517,0.0651941834851,100.0
42.504713,-0.785398163397,0.0636602026972,0.427597144623,0.0103543703182,-0.36968936988,1.51288855205,2.862024655,95.4983901978,-0.317917518289,0.0878204001064,-0.052922337182,1.48450990748,0.344762182077,-0.0322135965456,0.0659611738791,100.0
42.514700,-0.7850146682,0.0640436978942,0.426830154229,0.00997087512126,-0.370456360274,1.51288855205,2.86279164539,95.4983901978,-0.31906800388,0.0878204001064,-0.052922337182,1.48489340267,0.34437868688,-0.0318301013486,0.0659611738791,100.0
42.524709,-0.784631173003,0.0640436978942,0.427213649426,0.00997087512126,-0.370456360274,1.51212156166,2.86279164539,95.4983901978,-0.317150527895,0.0878204001064,-0.0525388419851,1.48412641228,0.343995191683,-0.0322135965456,0.0655776786821,100.0
42.534714,-0.785781658594,0.0636602026972,0.427597144623,0.0103543703182,-0.36968936988,1.51212156166,2.86279164539,95.4983901978,-0.318684508683,0.0870534097125,-0.053305832379,1.48450990748,0.34437868688,-0.0314466061517,0.066344669076,100.0
42.544702,-0.785398163397,0.0636602026972,0.427597144623,0.00958737992428,-0.370072865077,1.51327204725,2.86279164539,95.4983901978,-0.318684508683,0.0878204001064,-0.053305832379,1.48450990748,0.34437868688,-0.0322135965456,0.0651941834851,100.0
42.554706,-0.785398163397,0.0640436978942,0.426830154229,0.00997087512126,-0.370072865077,1.51288855205,2.86279164539,95.4983901978,-0.318301013486,0.0878204001064,-0.052922337182,1.48412641228,0.34437868688,-0.0306796157577,0.0655776786821,100.0
42.564711,-0.7850146682,0.0636602026972,0.427213649426,0.00997087512126,-0.370072865077,1.51212156166,2.8616411598,95.4983901978,-0.31906800388,0.0870534097125,-0.053305832379,1.48489340267,0.34437868688,-0.0314466061517,0.0659611738791,100.0
42.574700,-0.785781658594,0.0640436978942,0.427213649426,0.00997087512126,-0.36968936988,1.51250505686,2.86240815019,95.4983901978,-0.318301013486,0.0874369049095,-0.052922337182,1.48412641228,0.343995191683,-0.0314466061517,0.0648106882882,100.0
42.584710,-0.785398163397,0.0640436978942,0.428364135017,0.00997087512126,-0.370072865077,1.51327204725,2.86279164539,95.4983901978,-0.317917518289,0.0870534097125,-0.053689327576,1.48527689787,0.344762182077,-0.0318301013486,0.0659611738791,100.0
42.594711,-0.785781658594,0.0644271930912,0.42798063982,0.0107378655152,-0.370072865077,1.51250505686,2.86240815019,95.4983901978,-0.318301013486,0.0882038953034,-0.052922337182,1.48374291708,0.34437868688,-0.0318301013486,0.0648106882882,100.0
42.604699,-0.785398163397,0.0636602026972,0.427213649426,0.00997087512126,-0.370456360274,1.51288855205,2.86240815019,95.4983901978,-0.318684508683,0.0878204001064,-0.0525388419851,1.48450990748,0.343995191683,-0.0314466061517,0.0644271930912,100.0
42.614707,-0.785398163397,0.0632767075003,0.427597144623,0.00997087512126,-0.370456360274,1.51250505686,2.86279164539,95.4983901978,-0.318684508683,0.0870534097125,-0.052922337182,1.48450990748,0.34437868688,-0.0322135965456,0.066344669076,100.0
42.624715,-0.785781658594,0.0636602026972,0.427597144623,0.0103543703182,-0.370072865077,1.51212156166,2.86240815019,95.4983901978,-0.318301013486,0.0874369049095,-0.053689327576,1.48450990748,0.343995191683,-0.0322135965456,0.0655776786821,100.0
42.634701,-0.785398163397,0.0628932123033,0.426830154229,0.00958737992428,-0.369305874683,1.51250505686,2.86240815019,95.4983901978,-0.318684508683,0.0874369049095,-0.0525388419851,1.48489340267,0.34437868688,-0.0322135965456,0.0655776786821,100.0
42.644723,-0.785398163397,0.0636602026972,0.427597144623,0.00997087512126,-0.36968936988,1.51288855205,2.86240815019,95.4983901978,-0.318301013486,0.0866699145155,-0.053305832379,1.48412641228,0.34437868688,-0.0314466061517,0.0651941834851,100.0
42.654710,-0.785781658594,0.0628932123033,0.427597144623,0.00958737992428,-0.370072865077,1.51288855205,2.86240815019,95.4983901978,-0.318301013486,0.0874369049095,-0.052922337182,1.48450990748,0.34437868688,-0.0314466061517,0.0659611738791,100.0
42.664701,-0.785398163397,0.0636602026972,0.42798063982,0.0103543703182,-0.370072865077,1.51250505686,2.86240815019,95.4983901978,-0.318684508683,0.0866699145155,-0.0525388419851,1.48489340267,0.343995191683,-0.0318301013486,0.0651941834851,100.0
42.674709,-0.785398163397,0.0636602026972,0.426830154229,0.0103543703182,-0.370072865077,1.51135457126,2.86240815019,95.4983901978,-0.318301013486,0.0874369049095,-0.052922337182,1.48566039307,0.34437868688,-0.0318301013486,0.0655776786821,100.0
42.684715,-0.785781658594,0.0636602026972,0.42798063982,0.0103543703182,-0.370072865077,1.51250505686,2.862024655,95.4983901978,-0.317917518289,0.0874369049095,-0.053689327576,1.48412641228,0.34437868688,-0.0322135965456,0.0655776786821,100.0
42.694700,-0.785398163397,0.0632767075003,0.427597144623,0.0103543703182,-0.370456360274,1.51173806646,2.86279164539,95.4983901978,-0.31906800388,0.0870534097125,-0.052922337182,1.48489340267,0.343995191683,-0.0318301013486,0.0659611738791,100.0
42.704708,-0.785781658594,0.0640436978942,0.427597144623,0.00997087512126,-0.36968936988,1.51250505686,2.86279164539,95.4983901978,-0.318684508683,0.0874369049095,-0.053305832379,1.48450990748,0.344762182077,-0.0318301013486,0.0655776786821,100.0
42.714714,-0.785781658594,0.0636602026972,0.427597144623,0.0103543703182,-0.369305874683,1.51250505686,2.86317514059,95.4983901978,-0.31906800388,0.0874369049095,-0.052922337182,1.48450990748,0.34437868688,-0.0310631109547,0.0655776786821,100.0
42.724702,-0.785398163397,0.0632767075003,0.42798063982,0.0107378655152,-0.370072865077,1.51288855205,2.862024655,95.4983901978,-0.318301013486,0.0878204001064,-0.052922337182,1.48489340267,0.345145677274,-0.0314466061517,0.0640436978942,100.0
42.734709,-0.785781658594,0.0644271930912,0.427597144623,0.0103543703182,-0.370072865077,1.51288855205,2.86240815019,95.4983901978,-0.318684508683,0.0870534097125,-0.0521553467881,1.48489340267,0.344762182077,-0.0318301013486,0.0659611738791,100.0
42.744716,-0.7850146682,0.0636602026972,0.426830154229,0.00958737992428,-0.36968936988,1.51288855205,2.86279164539,95.4983901978,-0.318301013486,0.0874369049095,-0.052922337182,1.48450990748,0.34437868688,-0.0314466061517,0.0655776786821,100.0
42.754702,-0.786165153791,0.0632767075003,0.42798063982,0.0103543703182,-0.370456360274,1.51212156166,2.862024655,95.4983901978,-0.31906800388,0.0878204001064,-0.0521553467881,1.48489340267,0.34437868688,-0.0322135965456,0.0648106882882,100.0
42.764706,-0.785781658594,0.0636602026972,0.427213649426,0.00958737992428,-0.370456360274,1.51327204725,2.86355863579,95.4983901978,-0.318684508683,0.0882038953034,-0.052922337182,1.48374291708,0.34437868688,-0.0314466061517,0.0659611738791,100.0
42.774713,-0.7850146682,0.0636602026972,0.426830154229,0.0103543703182,-0.36968936988,1.51250505686,2.8616411598,95.4983901978,-0.318684508683,0.0866699145155,-0.053305832379,1.48527689787,0.34437868688,-0.0318301013486,0.0655776786821,100.0
42.784703,-0.785781658594,0.0640436978942,0.426830154229,0.00920388472731,-0.36968936988,1.51250505686,2.862024655,95.4983901978,-0.318301013486,0.0878204001064,-0.0525388419851,1.48527689787,0.344762182077,-0.0322135965456,0.066344669076,100.0
42.794704,-0.784631173003,0.0636602026972,0.427597144623,0.00997087512126,-0.36968936988,1.51250505686,2.86317514059,95.4983901978,-0.317917518289,0.0874369049095,-0.052922337182,1.48412641228,0.34437868688,-0.0310631109547,0.0659611738791,100.0
42.804715,-0.7850146682,0.0632767075003,0.428364135017,0.00997087512126,-0.36968936988,1.51250505686,2.86240815019,95.4983901978,-0.318301013486,0.0878204001064,-0.0525388419851,1.48412641228,0.34437868688,-0.0318301013486,0.0655776786821,100.0
42.814704,-0.785398163397,0.0636602026972,0.427597144623,0.00997087512126,-0.370456360274,1.51212156166,2.86279164539,95.4983901978,-0.318684508683,0.0870534097125,-0.053689327576,1.48527689787,0.343995191683,-0.0318301013486,0.0644271930912,100.0
42.824711,-0.785781658594,0.0640436978942,0.42798063982,0.00997087512126,-0.36968936988,1.51173806646,2.86317514059,95.4983901978,-0.318301013486,0.0878204001064,-0.052922337182,1.48450990748,0.34437868688,-0.0325970917426,0.0651941834851,100.0
42.834710,-0.785781658594,0.0640436978942,0.426830154229,0.00958737992428,-0.36968936988,1.51327204725,2.8616411598,95.4983901978,-0.317150527895,0.0878204001064,-0.053689327576,1.48374291708,0.344762182077,-0.0318301013486,0.066728164273,100.0
42.844707,-0.786165153791,0.0632767075003,0.428364135017,0.00997087512126,-0.369305874683,1.51288855205,2.86317514059,95.4983901978,-0.317917518289,0.0874369049095,-0.052922337182,1.48412641228,0.34437868688,-0.0322135965456,0.0651941834851,100.0
42.854700,-0.785398163397,0.0636602026972,0.427597144623,0.0107378655152,-0.36968936988,1.51250505686,2.86240815019,95.4983901978,-0.318301013486,0.0878204001064,-0.053305832379,1.48450990748,0.34437868688,-0.0322135965456,0.0659611738791,100.0
42.864700,-0.785398163397,0.0640436978942,0.427597144623,0.00958737992428,-0.368922379486,1.51212156166,2.86240815019,95.4983901978,-0.318301013486,0.0866699145155,-0.0525388419851,1.48412641228,0.343995191683,-0.0322135965456,0.0648106882882,100.0
42.874694,-0.7850146682,0.0644271930912,0.427213649426,0.00920388472731,-0.36968936988,1.51212156166,2.8616411598,95.4983901978,-0.318301013486,0.0878204001064,-0.0521553467881,1.48450990748,0.343995191683,-0.0318301013486,0.0644271930912,100.0
42.884693,-0.7850146682,0.0636602026972,0.427213649426,0.0103543703182,-0.370072865077,1.51212156166,2.862024655,95.4983901978,-0.318684508683,0.0878204001064,-0.053689327576,1.48450990748,0.34437868688,-0.0310631109547,0.0651941834851,100.0
42.894694,-0.7850146682,0.0632767075003,0.427597144623,0.00997087512126,-0.370072865077,1.51288855205,2.86279164539,95.4983901978,-0.317917518289,0.0878204001064,-0.0525388419851,1.48450990748,0.34437868688,-0.0314466061517,0.0659611738791,100.0
42.904697,-0.785398163397,0.0632767075003,0.428364135017,0.00997087512126,-0.369305874683,1.51288855205,2.86279164539,95.4983901978,-0.317917518289,0.0870534097125,-0.052922337182,1.48412641228,0.34437868688,-0.0314466061517,0.066728164273,100.0
42.914695,-0.785781658594,0.0640436978942,0.428364135017,0.00958737992428,-0.370072865077,1.51212156166,2.862024655,95.4983901978,-0.318301013486,0.0878204001064,-0.052922337182,1.48450990748,0.343995191683,-0.0314466061517,0.0651941834851,100.0
42.924691,-0.785398163397,0.0636602026972,0.427213649426,0.0103543703182,-0.36968936988,1.51250505686,2.862024655,95.4983901978,-0.318301013486,0.0874369049095,-0.0521553467881,1.48412641228,0.344762182077,-0.0318301013486,0.0655776786821,100.0
42.934697,-0.785398163397,0.0640436978942,0.42798063982,0.00997087512126,-0.370072865077,1.51250505686,2.86279164539,95.4983901978,-0.318684508683,0.0870534097125,-0.052922337182,1.48412641228,0.34437868688,-0.0322135965456,0.0655776786821,100.0
42.944697,-0.785781658594,0.0636602026972,0.42798063982,0.00997087512126,-0.36968936988,1.51212156166,2.86317514059,95.4983901978,-0.318301013486,0.0882038953034,-0.0525388419851,1.48412641228,0.343995191683,-0.0314466061517,0.0648106882882,100.0
42.954697,-0.784631173003,0.0636602026972,0.427597144623,0.0103543703182,-0.370072865077,1.51250505686,2.86279164539,95.4983901978,-0.318684508683,0.0874369049095,-0.052922337182,1.48450990748,0.34437868688,-0.0310631109547,0.0655776786821,100.0
42.964696,-0.785398163397,0.0636602026972,0.427597144623,0.00997087512126,-0.370456360274,1.51173806646,2.86240815019,95.4983901978,-0.317917518289,0.0882038953034,-0.053689327576,1.48489340267,0.343611696486,-0.0310631109547,0.0655776786821,100.0
42.974697,-0.785398163397,0.0636602026972,0.427597144623,0.00958737992428,-0.36968936988,1.51288855205,2.86240815019,95.4983901978,-0.318684508683,0.0874369049095,-0.052922337182,1.48450990748,0.344762182077,-0.0318301013486,0.0655776786821,100.0
42.984698,-0.785781658594,0.0628932123033,0.427597144623,0.00920388472731,-0.36968936988,1.51250505686,2.86240815019,95.4983901978,-0.318301013486,0.0882038953034,-0.053305832379,1.48412641228,0.343995191683,-0.0318301013486,0.0655776786821,100.0
42.994680,-0.785398163397,0.0640436978942,0.428747630214,0.00958737992428,-0.370456360274,1.51173806646,2.86240815019,95.4983901978,-0.318301013486,0.0878204001064,-0.052922337182,1.48489340267,0.34437868688,-0.0314466061517,0.0644271930912,100.0
43.004699,-0.7850146682,0.0644271930912,0.426830154229,0.0107378655152,-0.370456360274,1.51212156166,2.86279164539,95.4983901978,-0.318684508683,0.0866699145155,-0.053689327576,1.48450990748,0.343995191683,-0.0318301013486,0.0659611738791,100.0
43.014696,-0.7850146682,0.0640436978942,0.428364135017,0.0103543703182,-0.370456360274,1.51250505686,2.86317514059,95.4983901978,-0.317534023092,0.0874369049095,-0.053305832379,1.48412641228,0.343995191683,-0.0318301013486,0.0659611738791,100.0
43.024694,-0.785398163397,0.0644271930912,0.42798063982,0.00920388472731,-0.370456360274,1.51250505686,2.86240815019,95.4983901978,-0.318301013486,0.0866699145155,-0.053689327576,1.48412641228,0.34437868688,-0.0325970917426,0.0659611738791,100.0
43.034695,-0.785781658594,0.0636602026972,0.42798063982,0.0103543703182,-0.36968936988,1.51212156166,2.862024655,95.4983901978,-0.318301013486,0.0878204001064,-0.052922337182,1.48450990748,0.34437868688,-0.0318301013486,0.0651941834851,100.0
43.044693,-0.785781658594,0.0644271930912,0.42798063982,0.00997087512126,-0.370072865077,1.51173806646,2.86279164539,95.4983901978,-0.318684508683,0.0882038953034,-0.053689327576,1.48489340267,0.343995191683,-0.0325970917426,0.0655776786821,100.0
43.054697,-0.785398163397,0.0636602026972,0.42798063982,0.00997087512126,-0.36968936988,1.51212156166,2.86317514059,95.4983901978,-0.317534023092,0.0874369049095,-0.053305832379,1.48450990748,0.343995191683,-0.0325970917426,0.0659611738791,100.0
43.064697,-0.784247677806,0.0632767075003,0.427597144623,0.0103543703182,-0.370839855471,1.51250505686,2.86240815019,95.4983901978,-0.318684508683,0.0866699145155,-0.052922337182,1.48450990748,0.344762182077,-0.0314466061517,0.0648106882882,100.0
43.074697,-0.785781658594,0.0636602026972,0.42798063982,0.00958737992428,-0.36968936988,1.51403903764,2.8616411598,95.4983901978,-0.318301013486,0.0878204001064,-0.0525388419851,1.48450990748,0.344762182077,-0.0318301013486,0.0659611738791,100.0
43.084698,-0.785781658594,0.0640436978942,0.427213649426,0.0111213607122,-0.36968936988,1.51173806646,2.86240815019,95.4983901978,-0.318684508683,0.0874369049095,-0.0525388419851,1.48450990748,0.344762182077,-0.0318301013486,0.066344669076,100.0
43.094699,-0.785398163397,0.0636602026972,0.427213649426,0.00997087512126,-0.370072865077,1.51250505686,2.8616411598,95.4983901978,-0.318684508683,0.0870534097125,-0.053305832379,1.48489340267,0.34437868688,-0.0318301013486,0.066344669076,100.0
43.104698,-0.785781658594,0.0636602026972,0.427213649426,0.00997087512126,-0.370072865077,1.51250505686,2.86279164539,95.4983901978,-0.318301013486,0.0878204001064,-0.052922337182,1.48489340267,0.344762182077,-0.0325970917426,0.0659611738791,100.0
43.114695,-0.785781658594,0.0632767075003,0.427597144623,0.00997087512126,-0.370072865077,1.51212156166,2.862024655,95.4983901978,-0.317917518289,0.0874369049095,-0.053305832379,1.48450990748,0.34437868688,-0.0318301013486,0.0659611738791,100.0
43.124695,-0.785781658594,0.0636602026972,0.427213649426,0.0107378655152,-0.370072865077,1.51212156166,2.86240815019,95.4983901978,-0.317917518289,0.0870534097125,-0.052922337182,1.48450990748,0.343995191683,-0.0318301013486,0.0655776786821,100.0
43.134704,-0.785398163397,0.0636602026972,0.42798063982,0.00958737992428,-0.370072865077,1.51212156166,2.86279164539,95.4983901978,-0.318301013486,0.0878204001064,-0.0525388419851,1.48450990748,0.34437868688,-0.0310631109547,0.0659611738791,100.0
43.144705,-0.7850146682,0.0636602026972,0.42798063982,0.0103543703182,-0.370072865077,1.51250505686,2.86279164539,95.4983901978,-0.318684508683,0.0878204001064,-0.053305832379,1.48489340267,0.344762182077,-0.0314466061517,0.0651941834851,100.0
43.154707,-0.785781658594,0.0636602026972,0.427597144623,0.00997087512126,-0.370072865077,1.51250505686,2.86240815019,95.4983901978,-0.318301013486,0.0878204001064,-0.052922337182,1.48489340267,0.34437868688,-0.0322135965456,0.0648106882882,100.0
43.164701,-0.785781658594,0.0632767075003,0.427597144623,0.00997087512126,-0.36968936988,1.51250505686,2.86317514059,95.4983901978,-0.318684508683,0.0874369049095,-0.052922337182,1.48489340267,0.34437868688,-0.0318301013486,0.0651941834851,100.0
43.174696,-0.785398163397,0.0632767075003,0.428364135017,0.0103543703182,-0.36968936988,1.51250505686,2.86240815019,95.4983901978,-0.318684508683,0.0878204001064,-0.053689327576,1.48527689787,0.34437868688,-0.0318301013486,0.0655776786821,100.0
43.184697,-0.7850146682,0.0632767075003,0.428747630214,0.0103543703182,-0.370072865077,1.51212156166,2.86279164539,95.4983901978,-0.317534023092,0.0878204001064,-0.053305832379,1.48374291708,0.343995191683,-0.0318301013486,0.0655776786821,100.0
43.194697,-0.785781658594,0.0636602026972,0.428364135017,0.0103543703182,-0.36968936988,1.51212156166,2.86240815019,95.4983901978,-0.318301013486,0.0878204001064,-0.052922337182,1.48566039307,0.34437868688,-0.0322135965456,0.0659611738791,100.0
43.204700,-0.784631173003,0.0648106882882,0.42798063982,0.00997087512126,-0.36968936988,1.51288855205,2.86240815019,95.4983901978,-0.31906800388,0.0866699145155,-0.052922337182,1.48450990748,0.34437868688,-0.0322135965456,0.0659611738791,100.0
43.214699,-0.786165153791,0.0640436978942,0.427213649426,0.0111213607122,-0.370072865077,1.51212156166,2.862024655,95.4983901978,-0.318684508683,0.0866699145155,-0.053305832379,1.48412641228,0.34437868688,-0.0322135965456,0.0659611738791,100.0
43.224705,-0.7850146682,0.0644271930912,0.427213649426,0.00997087512126,-0.36968936988,1.51250505686,2.86279164539,95.4983901978,-0.318301013486,0.0882038953034,-0.0525388419851,1.48489340267,0.34437868688,-0.0318301013486,0.0651941834851,100.0
43.234699,-0.785781658594,0.0636602026972,0.427213649426,0.0103543703182,-0.36968936988,1.51173806646,2.86279164539,95.4983901978,-0.318684508683,0.0874369049095,-0.052922337182,1.48450990748,0.34437868688,-0.0322135965456,0.0651941834851,100.0
43.244700,-0.785781658594,0.0640436978942,0.427597144623,0.00997087512126,-0.370456360274,1.51288855205,2.86240815019,95.4983901978,-0.318684508683,0.0870534097125,-0.052922337182,1.48335942189,0.343995191683,-0.0318301013486,0.0655776786821,100.0
43.254715,-0.784631173003,0.0632767075003,0.427597144623,0.00997087512126,-0.370456360274,1.51212156166,2.86240815019,95.4983901978,-0.318301013486,0.0882038953034,-0.052922337182,1.48489340267,0.344762182077,-0.0322135965456,0.0659611738791,100.0
43.264698,-0.7850146682,0.0632767075003,0.427213649426,0.0103543703182,-0.370072865077,1.51250505686,2.86317514059,95.4983901978,-0.317917518289,0.0874369049095,-0.0525388419851,1.48450990748,0.34437868688,-0.0318301013486,0.0659611738791,100.0
43.274700,-0.7850146682,0.0632767075003,0.427213649426,0.0103543703182,-0.370456360274,1.51212156166,2.862024655,95.4983901978,-0.318301013486,0.0874369049095,-0.0525388419851,1.48450990748,0.344762182077,-0.0310631109547,0.0655776786821,100.0
43.284695,-0.785398163397,0.0640436978942,0.428364135017,0.0103543703182,-0.370072865077,1.51250505686,2.862024655,95.4983901978,-0.318301013486,0.0882038953034,-0.0525388419851,1.48489340267,0.34437868688,-0.0318301013486,0.066344669076,100.0
43.294694,-0.785398163397,0.0644271930912,0.42798063982,0.0103543703182,-0.36968936988,1.51288855205,2.86240815019,95.4983901978,-0.317534023092,0.0874369049095,-0.052922337182,1.48527689787,0.343995191683,-0.0314466061517,0.0659611738791,100.0
43.304697,-0.7850146682,0.0636602026972,0.427213649426,0.0103543703182,-0.369305874683,1.51212156166,2.86279164539,95.4983901978,-0.318301013486,0.0882038953034,-0.053305832379,1.48450990748,0.344762182077,-0.0318301013486,0.0659611738791,100.0
43.314698,-0.7850146682,0.0632767075003,0.42798063982,0.00997087512126,-0.370072865077,1.51327204725,2.86279164539,95.4983901978,-0.31906800388,0.0874369049095,-0.052922337182,1.48412641228,0.34437868688,-0.0318301013486,0.0659611738791,100.0
43.324695,-0.785781658594,0.0628932123033,0.427213649426,0.0103543703182,-0.370072865077,1.51250505686,2.86317514059,95.4983901978,-0.318301013486,0.0874369049095,-0.0525388419851,1.48489340267,0.345145677274,-0.0322135965456,0.0655776786821,100.0
43.334696,-0.785398163397,0.0644271930912,0.427213649426,0.00958737992428,-0.36968936988,1.51173806646,2.86240815019,95.4983901978,-0.318684508683,0.0866699145155,-0.0525388419851,1.48450990748,0.343995191683,-0.0318301013486,0.0655776786821,100.0
43.344697,-0.785398163397,0.0636602026972,0.427213649426,0.0103543703182,-0.36968936988,1.51250505686,2.86279164539,95.4983901978,-0.31906800388,0.0874369049095,-0.0525388419851,1.48489340267,0.34437868688,-0.0322135965456,0.066344669076,100.0
43.354701,-0.785781658594,0.0636602026972,0.428364135017,0.00997087512126,-0.370072865077,1.51288855205,2.86240815019,95.4983901978,-0.31906800388,0.0878204001064,-0.0525388419851,1.48374291708,0.34437868688,-0.0318301013486,0.066344669076,100.0
43.364699,-0.784631173003,0.0636602026972,0.426446659032,0.0103543703182,-0.370456360274,1.51250505686,2.862024655,95.4983901978,-0.318301013486,0.0870534097125,-0.053305832379,1.48489340267,0.34437868688,-0.0318301013486,0.0659611738791,100.0
43.374700,-0.785398163397,0.0636602026972,0.427597144623,0.00958737992428,-0.370072865077,1.51250505686,2.86279164539,95.4983901978,-0.318301013486,0.0874369049095,-0.053689327576,1.48412641228,0.34437868688,-0.0318301013486,0.0655776786821,100.0
43.384701,-0.786165153791,0.0636602026972,0.426830154229,0.00958737992428,-0.370456360274,1.51250505686,2.862024655,95.4983901978,-0.317534023092,0.0874369049095,-0.0525388419851,1.48374291708,0.344762182077,-0.0318301013486,0.0659611738791,100.0
43.394698,-0.785781658594,0.0636602026972,0.42798063982,0.00997087512126,-0.370072865077,1.51250505686,2.86240815019,95.4983901978,-0.31906800388,0.0866699145155,-0.053305832379,1.48412641228,0.34437868688,-0.0322135965456,0.0648106882882,100.0
43.404700,-0.785398163397,0.0644271930912,0.426830154229,0.00997087512126,-0.370072865077,1.51173806646,2.86240815019,95.4983901978,-0.31906800388,0.0882038953034,-0.052922337182,1.48450990748,0.344762182077,-0.0318301013486,0.0659611738791,100.0
43.414700,-0.785398163397,0.0644271930912,0.427597144623,0.0103543703182,-0.36968936988,1.51250505686,2.8616411598,95.4983901978,-0.318684508683,0.0885873905004,-0.052922337182,1.48527689787,0.34437868688,-0.0318301013486,0.0655776786821,100.0
43.424699,-0.785398163397,0.0636602026972,0.426830154229,0.00997087512126,-0.370072865077,1.51173806646,2.86240815019,95.4983901978,-0.318301013486,0.0878204001064,-0.0525388419851,1.48489340267,0.343995191683,-0.0322135965456,0.0655776786821,100.0
43.434702,-0.7850146682,0.0640436978942,0.427597144623,0.0103543703182,-0.36968936988,1.51212156166,2.862024655,95.4983901978,-0.318684508683,0.0874369049095,-0.052922337182,1.48412641228,0.34437868688,-0.0318301013486,0.0659611738791,100.0
43.444700,-0.7850146682,0.0636602026972,0.42798063982,0.00997087512126,-0.370072865077,1.51288855205,2.862024655,95.4983901978,-0.31906800388,0.0874369049095,-0.0525388419851,1.48527689787,0.34437868688,-0.0314466061517,0.0655776786821,100.0
43.454709,-0.785398163397,0.0644271930912,0.427213649426,0.00997087512126,-0.370072865077,1.51250505686,2.86240815019,95.4983901978,-0.318684508683,0.0870534097125,-0.052922337182,1.48450990748,0.34437868688,-0.0314466061517,0.0659611738791,100.0
43.464708,-0.786165153791,0.0625097171063,0.427597144623,0.0103543703182,-0.370072865077,1.51250505686,2.86240815019,95.4983901978,-0.318301013486,0.0885873905004,-0.052922337182,1.48489340267,0.343995191683,-0.0322135965456,0.0659611738791,100.0
43.474703,-0.785398163397,0.0636602026972,0.42798063982,0.00997087512126,-0.370072865077,1.51173806646,2.86279164539,95.4983901978,-0.317917518289,0.0870534097125,-0.053689327576,1.48450990748,0.34437868688,-0.0314466061517,0.0655776786821,100.0
43.484701,-0.785398163397,0.0632767075003,0.427213649426,0.00997087512126,-0.370456360274,1.51250505686,2.862024655,95.4983901978,-0.318301013486,0.0878204001064,-0.0525388419851,1.48450990748,0.343611696486,-0.0314466061517,0.0655776786821,100.0
43.494700,-0.786165153791,0.0632767075003,0.427213649426,0.00920388472731,-0.36968936988,1.51212156166,2.86279164539,95.4983901978,-0.318301013486,0.0874369049095,-0.052922337182,1.48489340267,0.343995191683,-0.0318301013486,0.0659611738791,100.0
43.504704,-0.786165153791,0.0640436978942,0.427213649426,0.00997087512126,-0.36968936988,1.51250505686,2.86279164539,95.4983901978,-0.317917518289,0.0870534097125,-0.052922337182,1.48450990748,0.34437868688,-0.0322135965456,0.0655776786821,100.0
43.514703,-0.7850146682,0.0636602026972,0.427597144623,0.00958737992428,-0.370072865077,1.51250505686,2.86240815019,95.4983901978,-0.318301013486,0.0866699145155,-0.053305832379,1.48489340267,0.344762182077,-0.0318301013486,0.0655776786821,100.0
43.524699,-0.784631173003,0.0640436978942,0.426830154229,0.0103543703182,-0.370456360274,1.51288855205,2.86317514059,95.4983901978,-0.318684508683,0.0878204001064,-0.053305832379,1.48489340267,0.34437868688,-0.0322135965456,0.0659611738791,100.0
43.534697,-0.784631173003,0.0640436978942,0.427597144623,0.00997087512126,-0.370072865077,1.51173806646,2.862024655,95.4983901978,-0.318684508683,0.0878204001064,-0.052922337182,1.48412641228,0.343995191683,-0.0322135965456,0.0651941834851,100.0
43.544695,-0.785781658594,0.0640436978942,0.427213649426,0.00997087512126,-0.370072865077,1.51173806646,2.86240815019,95.4983901978,-0.318301013486,0.0870534097125,-0.053305832379,1.48450990748,0.343611696486,-0.0318301013486,0.0651941834851,100.0
43.554695,-0.785781658594,0.0636602026972,0.427213649426,0.00958737992428,-0.370072865077,1.51173806646,2.862024655,95.4983901978,-0.317917518289,0.0874369049095,-0.052922337182,1.48450990748,0.34437868688,-0.0322135965456,0.0648106882882,100.0
43.564695,-0.7850146682,0.0632767075003,0.427597144623,0.00997087512126,-0.370456360274,1.51212156166,2.86317514059,95.4983901978,-0.318684508683,0.0878204001064,-0.0525388419851,1.48374291708,0.344762182077,-0.0322135965456,0.0659611738791,100.0
43.574693,-0.7850146682,0.0636602026972,0.427597144623,0.00997087512126,-0.370072865077,1.51212156166,2.86240815019,95.4983901978,-0.318684508683,0.0882038953034,-0.0525388419851,1.48450990748,0.343995191683,-0.0318301013486,0.0659611738791,100.0
43.584699,-0.785781658594,0.0640436978942,0.427213649426,0.00997087512126,-0.370072865077,1.51288855205,2.86279164539,95.4983901978,-0.318301013486,0.0874369049095,-0.053305832379,1.48412641228,0.344762182077,-0.0314466061517,0.0648106882882,100.0
43.594695,-0.7850146682,0.0636602026972,0.427213649426,0.0103543703182,-0.368922379486,1.51173806646,2.86279164539,95.4983901978,-0.318684508683,0.0870534097125,-0.052922337182,1.48489340267,0.344762182077,-0.0325970917426,0.066344669076,100.0
43.604697,-0.785398163397,0.0628932123033,0.426830154229,0.0103543703182,-0.370072865077,1.51327204725,2.86279164539,95.4983901978,-0.318684508683,0.0874369049095,-0.053305832379,1.48374291708,0.34437868688,-0.0318301013486,0.0659611738791,100.0
43.614704,-0.785781658594,0.0636602026972,0.427213649426,0.00958737992428,-0.370072865077,1.51250505686,2.862024655,95.4983901978,-0.318301013486,0.0874369049095,-0.052922337182,1.48527689787,0.34437868688,-0.0325970917426,0.0651941834851,100.0
43.624703,-0.785398163397,0.0632767075003,0.42798063982,0.0107378655152,-0.370456360274,1.51250505686,2.86279164539,95.4983901978,-0.317917518289,0.0878204001064,-0.052922337182,1.48412641228,0.343995191683,-0.0322135965456,0.0655776786821,100.0
43.634702,-0.785398163397,0.0628932123033,0.427597144623,0.0107378655152,-0.370072865077,1.51250505686,2.86279164539,95.4983901978,-0.317917518289,0.0878204001064,-0.053305832379,1.48412641228,0.344762182077,-0.0318301013486,0.0651941834851,100.0
43.644701,-0.7850146682,0.0640436978942,0.42798063982,0.00958737992428,-0.370072865077,1.51250505686,2.86240815019,95.4983901978,-0.318684508683,0.0874369049095,-0.052922337182,1.48489340267,0.344762182077,-0.0314466061517,0.0655776786821,100.0
43.654699,-0.786165153791,0.0636602026972,0.427213649426,0.0103543703182,-0.370072865077,1.51135457126,2.86240815019,95.4983901978,-0.317917518289,0.0874369049095,-0.052922337182,1.48450990748,0.345145677274,-0.0318301013486,0.0648106882882,100.0
43.664701,-0.785781658594,0.0640436978942,0.428364135017,0.00958737992428,-0.36968936988,1.51288855205,2.862024655,95.4983901978,-0.318301013486,0.0882038953034,-0.0525388419851,1.48489340267,0.34437868688,-0.0314466061517,0.0655776786821,100.0
43.674699,-0.786165153791,0.0636602026972,0.428364135017,0.00997087512126,-0.370456360274,1.51250505686,2.86279164539,95.4983901978,-0.317917518289,0.0874369049095,-0.052922337182,1.48412641228,0.343995191683,-0.0318301013486,0.0648106882882,100.0
43.684697,-0.785781658594,0.0628932123033,0.427597144623,0.0103543703182,-0.370072865077,1.51250505686,2.862024655,95.4983901978,-0.318301013486,0.0870534097125,-0.053689327576,1.48527689787,0.34437868688,-0.0322135965456,0.0659611738791,100.0
43.694700,-0.785398163397,0.0636602026972,0.42798063982,0.0103543703182,-0.36968936988,1.51288855205,2.86279164539,95.4983901978,-0.318301013486,0.0882038953034,-0.053305832379,1.48489340267,0.343995191683,-0.0310631109547,0.0644271930912,100.0
43.704703,-0.785781658594,0.0636602026972,0.427213649426,0.0103543703182,-0.370072865077,1.51173806646,2.86279164539,95.4983901978,-0.318684508683,0.0878204001064,-0.052922337182,1.48412641228,0.34437868688,-0.0310631109547,0.0659611738791,100.0
43.714700,-0.785781658594,0.0636602026972,0.42798063982,0.0103543703182,-0.36968936988,1.51250505686,2.86240815019,95.4983901978,-0.317917518289,0.0866699145155,-0.052922337182,1.48489340267,0.34437868688,-0.0318301013486,0.0655776786821,100.0
43.724701,-0.785781658594,0.0632767075003,0.42798063982,0.0103543703182,-0.36968936988,1.51212156166,2.862024655,95.4983901978,-0.318301013486,0.0870534097125,-0.0521553467881,1.48412641228,0.344762182077,-0.0322135965456,0.0651941834851,100.0
