time,left_s0,left_s1,left_e0,left_e1,left_w0,left_w1,left_w2,left_gripper,right_s0,right_s1,right_e0,right_e1,right_w0,right_w1,right_w2,right_gripper
0.560215,-0.786548648988,0.0648106882882,0.42798063982,0.00958737992428,-0.36968936988,1.51250505686,2.8616411598,92.4437332153,-0.318684508683,0.0866699145155,-0.0525388419851,1.48450990748,0.343995191683,-0.0314466061517,0.066344669076,100.0
0.560308,-0.786548648988,0.0648106882882,0.42798063982,0.00958737992428,-0.36968936988,1.51250505686,2.8616411598,92.4437332153,-0.318684508683,0.0866699145155,-0.0525388419851,1.48450990748,0.343995191683,-0.0314466061517,0.066344669076,100.0
0.570366,-0.785781658594,0.0636602026972,0.42798063982,0.00958737992428,-0.36968936988,1.51212156166,2.862024655,92.4437332153,-0.318301013486,0.0874369049095,-0.0525388419851,1.48450990748,0.34437868688,-0.0314466061517,0.0648106882882,100.0
0.580372,-0.786548648988,0.0636602026972,0.427213649426,0.0103543703182,-0.368922379486,1.51212156166,2.86240815019,92.4437332153,-0.318684508683,0.0870534097125,-0.052922337182,1.48489340267,0.344762182077,-0.0318301013486,0.0648106882882,100.0
0.590387,-0.786548648988,0.0636602026972,0.427597144623,0.00958737992428,-0.36968936988,1.51135457126,2.862024655,92.4437332153,-0.31906800388,0.0870534097125,-0.052922337182,1.48450990748,0.344762182077,-0.0318301013486,0.0655776786821,100.0
0.600382,-0.785781658594,0.0636602026972,0.42798063982,0.00958737992428,-0.370072865077,1.51250505686,2.86317514059,92.4437332153,-0.318301013486,0.0878204001064,-0.0521553467881,1.48412641228,0.344762182077,-0.0314466061517,0.0655776786821,100.0
0.610592,-0.785398163397,0.0640436978942,0.427597144623,0.00958737992428,-0.368922379486,1.51327204725,2.86240815019,92.4437332153,-0.318301013486,0.0870534097125,-0.052922337182,1.48450990748,0.344762182077,-0.0310631109547,0.0651941834851,100.0
0.620367,-0.785781658594,0.0640436978942,0.426830154229,0.00997087512126,-0.36968936988,1.51212156166,2.862024655,92.4437332153,-0.317534023092,0.0874369049095,-0.0521553467881,1.48374291708,0.343611696486,-0.0318301013486,0.0648106882882,100.0
0.630363,-0.785781658594,0.0640436978942,0.427597144623,0.00997087512126,-0.369305874683,1.51135457126,2.862024655,92.4437332153,-0.317917518289,0.0870534097125,-0.0517718515911,1.48374291708,0.343995191683,-0.0322135965456,0.066344669076,100.0
0.640361,-0.785398163397,0.0636602026972,0.427597144623,0.00920388472731,-0.36968936988,1.51173806646,2.862024655,92.4437332153,-0.318684508683,0.0882038953034,-0.052922337182,1.48412641228,0.344762182077,-0.0314466061517,0.0644271930912,100.0
0.650453,-0.785781658594,0.0640436978942,0.428747630214,0.00997087512126,-0.368922379486,1.51173806646,2.8616411598,92.4437332153,-0.317917518289,0.0870534097125,-0.0521553467881,1.48374291708,0.343995191683,-0.0322135965456,0.0651941834851,100.0
0.660414,-0.786548648988,0.0640436978942,0.427213649426,0.00997087512126,-0.36968936988,1.51250505686,2.862024655,92.4437332153,-0.317917518289,0.0870534097125,-0.052922337182,1.48374291708,0.344762182077,-0.0314466061517,0.0651941834851,100.0
0.670364,-0.786165153791,0.0636602026972,0.42798063982,0.00997087512126,-0.369305874683,1.51173806646,2.862024655,92.4437332153,-0.318684508683,0.0874369049095,-0.0525388419851,1.48374291708,0.344762182077,-0.0322135965456,0.0655776786821,100.0
0.680362,-0.785781658594,0.0640436978942,0.42798063982,0.00920388472731,-0.36968936988,1.51212156166,2.8616411598,92.4437332153,-0.318301013486,0.0866699145155,-0.0521553467881,1.48335942189,0.34437868688,-0.0318301013486,0.0655776786821,100.0
0.690365,-0.786165153791,0.0632767075003,0.42798063982,0.00997087512126,-0.36968936988,1.51173806646,2.862024655,92.4437332153,-0.317917518289,0.0874369049095,-0.0521553467881,1.48259243149,0.344762182077,-0.0314466061517,0.0655776786821,100.0
0.700369,-0.786548648988,0.0640436978942,0.429131125411,0.00997087512126,-0.370072865077,1.51250505686,2.86240815019,92.4437332153,-0.318301013486,0.0870534097125,-0.0513883563942,1.48335942189,0.343995191683,-0.0314466061517,0.0640436978942,100.0
0.710364,-0.786165153791,0.0640436978942,0.428364135017,0.0107378655152,-0.370072865077,1.51212156166,2.8616411598,92.4437332153,-0.317534023092,0.0882038953034,-0.0525388419851,1.48374291708,0.344762182077,-0.0322135965456,0.0655776786821,100.0
0.720369,-0.785781658594,0.0640436978942,0.427597144623,0.00997087512126,-0.368922379486,1.51212156166,2.86240815019,92.4437332153,-0.318301013486,0.0874369049095,-0.0517718515911,1.48412641228,0.345145677274,-0.0318301013486,0.0655776786821,100.0
0.730368,-0.786165153791,0.0644271930912,0.42798063982,0.00920388472731,-0.370072865077,1.51288855205,2.8616411598,92.4437332153,-0.317917518289,0.0870534097125,-0.0525388419851,1.48335942189,0.343995191683,-0.0325970917426,0.0655776786821,100.0
0.740367,-0.7850146682,0.0640436978942,0.429514620608,0.00958737992428,-0.36968936988,1.51250505686,2.86279164539,92.4437332153,-0.318684508683,0.0874369049095,-0.0525388419851,1.48412641228,0.344762182077,-0.0318301013486,0.0659611738791,100.0
0.750365,-0.785398163397,0.0640436978942,0.42798063982,0.00997087512126,-0.370072865077,1.51288855205,2.86240815019,92.4437332153,-0.317917518289,0.0870534097125,-0.0525388419851,1.48297592669,0.343995191683,-0.0318301013486,0.0651941834851,100.0
0.760369,-0.786548648988,0.0636602026972,0.42798063982,0.00920388472731,-0.36968936988,1.51212156166,2.862024655,92.4437332153,-0.317917518289,0.0870534097125,-0.052922337182,1.48335942189,0.345145677274,-0.0314466061517,0.0644271930912,100.0
0.770367,-0.785398163397,0.0640436978942,0.427597144623,0.00958737992428,-0.370072865077,1.51250505686,2.862024655,92.4437332153,-0.318301013486,0.0874369049095,-0.0521553467881,1.48335942189,0.345145677274,-0.0314466061517,0.0655776786821,100.0
0.780363,-0.785781658594,0.0628932123033,0.427597144623,0.00920388472731,-0.369305874683,1.51212156166,2.862024655,92.4437332153,-0.318684508683,0.0878204001064,-0.0525388419851,1.48412641228,0.34437868688,-0.0318301013486,0.0655776786821,100.0
0.790366,-0.786165153791,0.0636602026972,0.42798063982,0.00997087512126,-0.369305874683,1.51212156166,2.8616411598,92.4437332153,-0.318301013486,0.0866699145155,-0.0517718515911,1.48335942189,0.343995191683,-0.0318301013486,0.0651941834851,100.0
0.800369,-0.786165153791,0.0640436978942,0.427597144623,0.00958737992428,-0.369305874683,1.51288855205,2.862024655,92.4437332153,-0.318684508683,0.0874369049095,-0.052922337182,1.48374291708,0.34437868688,-0.0314466061517,0.0651941834851,100.0
0.810368,-0.786165153791,0.0640436978942,0.428747630214,0.0103543703182,-0.36968936988,1.51250505686,2.86279164539,92.4437332153,-0.318301013486,0.0870534097125,-0.0525388419851,1.48412641228,0.343995191683,-0.0310631109547,0.0655776786821,100.0
0.820368,-0.786165153791,0.0636602026972,0.428364135017,0.00997087512126,-0.36968936988,1.51250505686,2.86240815019,92.4437332153,-0.317534023092,0.0866699145155,-0.0525388419851,1.48374291708,0.343995191683,-0.0322135965456,0.0655776786821,100.0
0.830370,-0.785398163397,0.0625097171063,0.428747630214,0.00997087512126,-0.36968936988,1.51212156166,2.86240815019,92.4437332153,-0.317917518289,0.0870534097125,-0.0521553467881,1.48374291708,0.34437868688,-0.0325970917426,0.0651941834851,100.0
0.840368,-0.785781658594,0.0640436978942,0.42798063982,0.00958737992428,-0.36968936988,1.51173806646,2.8616411598,92.4437332153,-0.318684508683,0.0874369049095,-0.052922337182,1.48335942189,0.343995191683,-0.0314466061517,0.0651941834851,100.0
0.850368,-0.786165153791,0.0644271930912,0.428364135017,0.00958737992428,-0.369305874683,1.51250505686,2.8616411598,92.4437332153,-0.317534023092,0.0866699145155,-0.0521553467881,1.48374291708,0.344762182077,-0.0314466061517,0.0651941834851,100.0
0.860365,-0.785398163397,0.0636602026972,0.428364135017,0.00958737992428,-0.370072865077,1.51288855205,2.86240815019,92.4437332153,-0.318684508683,0.0874369049095,-0.053305832379,1.48335942189,0.34437868688,-0.0314466061517,0.0659611738791,100.0
0.870369,-0.786165153791,0.0636602026972,0.427597144623,0.00958737992428,-0.36968936988,1.51250505686,2.862024655,92.4437332153,-0.318684508683,0.0878204001064,-0.0525388419851,1.48335942189,0.34437868688,-0.0314466061517,0.0655776786821,100.0
0.880373,-0.785398163397,0.0636602026972,0.427213649426,0.00997087512126,-0.370072865077,1.51250505686,2.86240815019,92.4437332153,-0.317534023092,0.0866699145155,-0.0521553467881,1.48489340267,0.344762182077,-0.0314466061517,0.0651941834851,100.0
0.890374,-0.786165153791,0.0640436978942,0.428364135017,0.00920388472731,-0.36968936988,1.51250505686,2.862024655,92.4437332153,-0.318684508683,0.0874369049095,-0.0513883563942,1.48374291708,0.34437868688,-0.0310631109547,0.0655776786821,100.0
0.900371,-0.786165153791,0.0640436978942,0.427213649426,0.00882038953034,-0.370072865077,1.51250505686,2.862024655,92.4437332153,-0.318684508683,0.0870534097125,-0.0521553467881,1.48412641228,0.34437868688,-0.0322135965456,0.0644271930912,100.0
0.910365,-0.785781658594,0.0632767075003,0.427597144623,0.00958737992428,-0.369305874683,1.51250505686,2.86240815019,92.4437332153,-0.317534023092,0.0874369049095,-0.0525388419851,1.48374291708,0.344762182077,-0.0314466061517,0.0640436978942,100.0
0.920367,-0.786165153791,0.0636602026972,0.428364135017,0.00958737992428,-0.370072865077,1.51173806646,2.862024655,92.4437332153,-0.317917518289,0.0866699145155,-0.0521553467881,1.48412641228,0.344762182077,-0.0314466061517,0.066344669076,100.0
0.930366,-0.785398163397,0.0636602026972,0.42798063982,0.00882038953034,-0.36968936988,1.51212156166,2.86279164539,92.4437332153,-0.318684508683,0.0870534097125,-0.0513883563942,1.48335942189,0.344762182077,-0.0310631109547,0.0655776786821,100.0
0.940367,-0.786165153791,0.0640436978942,0.428364135017,0.00958737992428,-0.36968936988,1.51212156166,2.86240815019,92.4437332153,-0.317917518289,0.0874369049095,-0.0513883563942,1.48374291708,0.344762182077,-0.0314466061517,0.0655776786821,100.0
0.950367,-0.786165153791,0.0636602026972,0.428747630214,0.00958737992428,-0.36968936988,1.51212156166,2.86240815019,92.4437332153,-0.318301013486,0.0870534097125,-0.0521553467881,1.48297592669,0.34437868688,-0.0310631109547,0.0651941834851,100.0
0.960368,-0.785398163397,0.0632767075003,0.42798063982,0.00997087512126,-0.36968936988,1.51250505686,2.862024655,92.4437332153,-0.318684508683,0.0878204001064,-0.052922337182,1.48412641228,0.343995191683,-0.0318301013486,0.0655776786821,100.0
0.970367,-0.785398163397,0.0636602026972,0.427597144623,0.00997087512126,-0.369305874683,1.51212156166,2.8616411598,92.4437332153,-0.318301013486,0.0870534097125,-0.0517718515911,1.48374291708,0.34437868688,-0.0322135965456,0.0659611738791,100.0
0.980366,-0.785781658594,0.0644271930912,0.427213649426,0.00958737992428,-0.36968936988,1.51212156166,2.862024655,92.4437332153,-0.318301013486,0.0870534097125,-0.0513883563942,1.48335942189,0.34437868688,-0.0318301013486,0.0644271930912,100.0
0.990365,-0.7850146682,0.0632767075003,0.428364135017,0.00958737992428,-0.36968936988,1.51212156166,2.86240815019,92.4437332153,-0.319451499077,0.0870534097125,-0.052922337182,1.48412641228,0.344762182077,-0.0314466061517,0.0648106882882,100.0
1.000365,-0.786165153791,0.0636602026972,0.429131125411,0.00997087512126,-0.370072865077,1.51212156166,2.8616411598,92.4437332153,-0.318301013486,0.0870534097125,-0.0517718515911,1.48297592669,0.34437868688,-0.0314466061517,0.0651941834851,100.0
1.010365,-0.784631173003,0.0636602026972,0.428747630214,0.00997087512126,-0.36968936988,1.51212156166,2.86279164539,92.4437332153,-0.318684508683,0.0874369049095,-0.0517718515911,1.48297592669,0.343611696486,-0.0318301013486,0.0659611738791,100.0
1.020370,-0.7850146682,0.0632767075003,0.42798063982,0.00997087512126,-0.36968936988,1.51173806646,2.8616411598,92.4437332153,-0.318301013486,0.0874369049095,-0.052922337182,1.48297592669,0.344762182077,-0.0314466061517,0.0655776786821,100.0
1.030369,-0.785781658594,0.0636602026972,0.427213649426,0.00997087512126,-0.36968936988,1.51212156166,2.862024655,92.4437332153,-0.318684508683,0.0870534097125,-0.0517718515911,1.48335942189,0.34437868688,-0.0325970917426,0.0648106882882,100.0
1.040368,-0.7850146682,0.0628932123033,0.42798063982,0.00997087512126,-0.36968936988,1.51173806646,2.862024655,92.4437332153,-0.318684508683,0.0874369049095,-0.0517718515911,1.48412641228,0.34437868688,-0.0318301013486,0.0651941834851,100.0
1.050391,-0.785781658594,0.0632767075003,0.427597144623,0.00997087512126,-0.36968936988,1.51212156166,2.86240815019,92.4437332153,-0.318684508683,0.0870534097125,-0.0521553467881,1.48220893629,0.34437868688,-0.0325970917426,0.0651941834851,100.0
1.060373,-0.785398163397,0.0640436978942,0.427597144623,0.00997087512126,-0.368922379486,1.51212156166,2.862024655,92.4437332153,-0.317917518289,0.0878204001064,-0.0525388419851,1.48412641228,0.34437868688,-0.0310631109547,0.0659611738791,100.0
1.070389,-0.785398163397,0.0636602026972,0.427597144623,0.00920388472731,-0.36968936988,1.51250505686,2.862024655,92.4437332153,-0.317917518289,0.0862864193186,-0.0521553467881,1.48297592669,0.34437868688,-0.0314466061517,0.0655776786821,100.0
1.080391,-0.785398163397,0.0636602026972,0.42798063982,0.00997087512126,-0.369305874683,1.51250505686,2.862024655,92.4437332153,-0.318684508683,0.0874369049095,-0.0521553467881,1.48374291708,0.34437868688,-0.0314466061517,0.0636602026972,100.0
1.090372,-0.785398163397,0.0636602026972,0.427597144623,0.00958737992428,-0.36968936988,1.51212156166,2.862024655,92.4437332153,-0.318301013486,0.0870534097125,-0.0525388419851,1.48335942189,0.34437868688,-0.0318301013486,0.0651941834851,100.0
1.100369,-0.784631173003,0.0632767075003,0.427213649426,0.00997087512126,-0.36968936988,1.51250505686,2.862024655,92.4437332153,-0.318684508683,0.0870534097125,-0.0517718515911,1.48374291708,0.34437868688,-0.0310631109547,0.0651941834851,100.0
1.110366,-0.7850146682,0.0628932123033,0.42798063982,0.00958737992428,-0.370072865077,1.51288855205,2.862024655,92.4437332153,-0.318684508683,0.0878204001064,-0.0521553467881,1.48374291708,0.344762182077,-0.0314466061517,0.0655776786821,100.0
1.120370,-0.7850146682,0.0625097171063,0.427597144623,0.00920388472731,-0.36968936988,1.51250505686,2.862024655,92.4437332153,-0.318301013486,0.0878204001064,-0.0521553467881,1.48335942189,0.34437868688,-0.0318301013486,0.0651941834851,100.0
1.130371,-0.786165153791,0.0628932123033,0.42798063982,0.00997087512126,-0.36968936988,1.51288855205,2.86240815019,92.4437332153,-0.318301013486,0.0874369049095,-0.0517718515911,1.48335942189,0.343995191683,-0.0314466061517,0.0648106882882,100.0
1.140372,-0.785398163397,0.0628932123033,0.427597144623,0.00997087512126,-0.36968936988,1.51212156166,2.862024655,92.4437332153,-0.31906800388,0.0878204001064,-0.0517718515911,1.48297592669,0.345145677274,-0.0310631109547,0.0655776786821,100.0
1.150370,-0.785398163397,0.0636602026972,0.427597144623,0.00958737992428,-0.36968936988,1.51212156166,2.8616411598,92.4437332153,-0.318301013486,0.0870534097125,-0.0525388419851,1.48335942189,0.34437868688,-0.0310631109547,0.0655776786821,100.0
1.160369,-0.786165153791,0.0625097171063,0.427597144623,0.00997087512126,-0.36968936988,1.51173806646,2.862024655,92.4437332153,-0.317917518289,0.0874369049095,-0.0521553467881,1.48335942189,0.344762182077,-0.0322135965456,0.0644271930912,100.0
1.170368,-0.785781658594,0.0625097171063,0.427597144623,0.00958737992428,-0.369305874683,1.51288855205,2.86240815019,92.4437332153,-0.318684508683,0.0874369049095,-0.0521553467881,1.48335942189,0.34437868688,-0.0318301013486,0.0655776786821,100.0
1.180370,-0.786165153791,0.0632767075003,0.427597144623,0.00997087512126,-0.369305874683,1.51212156166,2.862024655,92.4437332153,-0.317917518289,0.0870534097125,-0.0525388419851,1.48374291708,0.34437868688,-0.0314466061517,0.0648106882882,100.0
1.190372,-0.785398163397,0.0628932123033,0.42798063982,0.00958737992428,-0.369305874683,1.51135457126,2.8612576646,92.4437332153,-0.31906800388,0.0878204001064,-0.0525388419851,1.48374291708,0.343995191683,-0.0318301013486,0.0651941834851,100.0
1.200378,-0.7850146682,0.0628932123033,0.42798063982,0.00997087512126,-0.36968936988,1.51212156166,2.86240815019,92.4437332153,-0.318301013486,0.0874369049095,-0.0521553467881,1.48374291708,0.344762182077,-0.0310631109547,0.0644271930912,100.0
1.210364,-0.7850146682,0.0625097171063,0.42798063982,0.00958737992428,-0.370072865077,1.51212156166,2.862024655,92.4437332153,-0.318684508683,0.0862864193186,-0.0521553467881,1.48259243149,0.343995191683,-0.0318301013486,0.0651941834851,100.0
1.220369,-0.786548648988,0.0632767075003,0.427213649426,0.00997087512126,-0.36968936988,1.51173806646,2.86240815019,92.4437332153,-0.318301013486,0.0866699145155,-0.0521553467881,1.48374291708,0.343995191683,-0.0318301013486,0.0648106882882,100.0
1.230366,-0.7850146682,0.0625097171063,0.428364135017,0.00958737992428,-0.36968936988,1.51250505686,2.86240815019,92.4437332153,-0.318301013486,0.0870534097125,-0.0525388419851,1.48335942189,0.343995191683,-0.0318301013486,0.0655776786821,100.0
1.240365,-0.785398163397,0.0621262219094,0.42798063982,0.0103543703182,-0.36968936988,1.51212156166,2.862024655,92.4437332153,-0.318684508683,0.0878204001064,-0.0525388419851,1.48335942189,0.344762182077,-0.0325970917426,0.0644271930912,100.0
1.250369,-0.785398163397,0.0625097171063,0.427597144623,0.0107378655152,-0.36968936988,1.51288855205,2.8616411598,92.4437332153,-0.31906800388,0.0859029241216,-0.0517718515911,1.48297592669,0.34437868688,-0.0314466061517,0.0659611738791,100.0
1.260363,-0.785398163397,0.0625097171063,0.42798063982,0.00920388472731,-0.36968936988,1.51250505686,2.8616411598,92.4437332153,-0.31906800388,0.0878204001064,-0.0521553467881,1.48297592669,0.344762182077,-0.0314466061517,0.066344669076,100.0
1.270379,-0.785781658594,0.0628932123033,0.42798063982,0.00920388472731,-0.36968936988,1.51250505686,2.86240815019,92.4437332153,-0.318301013486,0.0866699145155,-0.0513883563942,1.48412641228,0.34437868688,-0.0314466061517,0.0655776786821,100.0
1.280413,-0.785781658594,0.0625097171063,0.427597144623,0.00958737992428,-0.369305874683,1.51212156166,2.86240815019,92.4437332153,-0.318301013486,0.0866699145155,-0.0517718515911,1.48374291708,0.343995191683,-0.0310631109547,0.0648106882882,100.0
1.290368,-0.786165153791,0.0621262219094,0.427597144623,0.00920388472731,-0.369305874683,1.51288855205,2.862024655,92.4437332153,-0.318684508683,0.0874369049095,-0.0517718515911,1.48297592669,0.343611696486,-0.0318301013486,0.0636602026972,100.0
1.300368,-0.786165153791,0.0617427267124,0.427597144623,0.00997087512126,-0.36968936988,1.51212156166,2.86279164539,92.4437332153,-0.318301013486,0.0862864193186,-0.0513883563942,1.48259243149,0.344762182077,-0.0314466061517,0.0644271930912,100.0
1.310362,-0.785781658594,0.0621262219094,0.428747630214,0.00920388472731,-0.36968936988,1.51173806646,2.86240815019,92.4437332153,-0.31906800388,0.0874369049095,-0.0521553467881,1.48374291708,0.344762182077,-0.0325970917426,0.0655776786821,100.0
1.320621,-0.786165153791,0.0625097171063,0.427597144623,0.00997087512126,-0.369305874683,1.51250505686,2.86240815019,92.4437332153,-0.318301013486,0.0878204001064,-0.0513883563942,1.48374291708,0.34437868688,-0.0314466061517,0.0651941834851,100.0
1.330368,-0.786548648988,0.0625097171063,0.427597144623,0.00958737992428,-0.36968936988,1.51288855205,2.86240815019,92.4437332153,-0.318301013486,0.0874369049095,-0.0525388419851,1.48335942189,0.34437868688,-0.0306796157577,0.0655776786821,100.0
1.340371,-0.786932144185,0.0621262219094,0.427213649426,0.00997087512126,-0.36968936988,1.51212156166,2.86279164539,92.4437332153,-0.318301013486,0.0866699145155,-0.0525388419851,1.48335942189,0.344762182077,-0.0310631109547,0.0659611738791,100.0
1.350365,-0.785781658594,0.0617427267124,0.427597144623,0.00958737992428,-0.369305874683,1.51250505686,2.8616411598,92.4437332153,-0.317534023092,0.0859029241216,-0.0525388419851,1.48412641228,0.34437868688,-0.0318301013486,0.0651941834851,100.0
1.360363,-0.786548648988,0.0621262219094,0.42798063982,0.00958737992428,-0.36968936988,1.51250505686,2.86240815019,92.4437332153,-0.317917518289,0.0874369049095,-0.0521553467881,1.48335942189,0.344762182077,-0.0314466061517,0.0651941834851,100.0
1.370388,-0.786548648988,0.0621262219094,0.427597144623,0.00997087512126,-0.370072865077,1.51212156166,2.8616411598,92.4437332153,-0.318684508683,0.0866699145155,-0.0521553467881,1.48374291708,0.344762182077,-0.0310631109547,0.0651941834851,100.0
1.380369,-0.785781658594,0.0625097171063,0.427213649426,0.0103543703182,-0.369305874683,1.51173806646,2.86240815019,92.4437332153,-0.318301013486,0.0866699145155,-0.0513883563942,1.48297592669,0.344762182077,-0.0306796157577,0.0655776786821,100.0
1.390364,-0.785781658594,0.0613592315154,0.42798063982,0.00997087512126,-0.368922379486,1.51212156166,2.8612576646,92.4437332153,-0.318301013486,0.0862864193186,-0.0521553467881,1.48412641228,0.34437868688,-0.0314466061517,0.0644271930912,100.0
1.400366,-0.785781658594,0.0617427267124,0.42798063982,0.00997087512126,-0.36968936988,1.51212156166,2.8612576646,92.4437332153,-0.318301013486,0.0862864193186,-0.0525388419851,1.48374291708,0.344762182077,-0.0318301013486,0.0655776786821,100.0
1.410362,-0.785781658594,0.0613592315154,0.427213649426,0.00997087512126,-0.36968936988,1.51250505686,2.8616411598,92.4437332153,-0.318301013486,0.0866699145155,-0.0521553467881,1.48297592669,0.345529172471,-0.0314466061517,0.0648106882882,100.0
1.420366,-0.786165153791,0.0613592315154,0.42798063982,0.00997087512126,-0.36968936988,1.51212156166,2.862024655,92.4437332153,-0.318301013486,0.0866699145155,-0.0521553467881,1.48335942189,0.34437868688,-0.0322135965456,0.0655776786821,100.0
1.430365,-0.786165153791,0.0621262219094,0.428364135017,0.00958737992428,-0.368922379486,1.51250505686,2.86279164539,92.4437332153,-0.317917518289,0.0862864193186,-0.052922337182,1.48450990748,0.34437868688,-0.0314466061517,0.0655776786821,100.0
1.440369,-0.786165153791,0.0621262219094,0.427213649426,0.00997087512126,-0.36968936988,1.51212156166,2.8616411598,92.4437332153,-0.317534023092,0.0862864193186,-0.0525388419851,1.48335942189,0.343611696486,-0.0314466061517,0.0655776786821,100.0
1.450369,-0.785398163397,0.0617427267124,0.42798063982,0.00997087512126,-0.36968936988,1.51250505686,2.862024655,92.4437332153,-0.317917518289,0.0874369049095,-0.0517718515911,1.48374291708,0.34437868688,-0.0318301013486,0.0644271930912,100.0
1.460364,-0.785781658594,0.0613592315154,0.427597144623,0.00997087512126,-0.36968936988,1.51135457126,2.862024655,92.4437332153,-0.31906800388,0.0870534097125,-0.0525388419851,1.48297592669,0.344762182077,-0.0314466061517,0.0655776786821,100.0
1.470366,-0.785781658594,0.0609757363184,0.42798063982,0.00958737992428,-0.36968936988,1.51212156166,2.862024655,92.4437332153,-0.318301013486,0.0870534097125,-0.0517718515911,1.48450990748,0.34437868688,-0.0322135965456,0.066344669076,100.0
1.480364,-0.785398163397,0.0617427267124,0.42798063982,0.00997087512126,-0.36968936988,1.51212156166,2.8616411598,92.4437332153,-0.317917518289,0.0870534097125,-0.053305832379,1.48374291708,0.344762182077,-0.0314466061517,0.0651941834851,100.0
1.490374,-0.785398163397,0.0613592315154,0.42798063982,0.00920388472731,-0.36968936988,1.51135457126,2.86240815019,92.4437332153,-0.318684508683,0.0862864193186,-0.0517718515911,1.48412641228,0.34437868688,-0.0310631109547,0.0651941834851,100.0
1.500368,-0.786548648988,0.0613592315154,0.42798063982,0.00958737992428,-0.36968936988,1.51135457126,2.862024655,92.4437332153,-0.318301013486,0.0866699145155,-0.0517718515911,1.48297592669,0.344762182077,-0.0322135965456,0.0651941834851,100.0
1.510363,-0.786165153791,0.0621262219094,0.427597144623,0.00958737992428,-0.369305874683,1.51288855205,2.862024655,92.4437332153,-0.318301013486,0.0862864193186,-0.0521553467881,1.48489340267,0.34437868688,-0.0318301013486,0.0659611738791,100.0
1.520371,-0.785781658594,0.0613592315154,0.428364135017,0.00958737992428,-0.36968936988,1.51250505686,2.86240815019,92.4437332153,-0.317917518289,0.0874369049095,-0.0521553467881,1.48335942189,0.344762182077,-0.0318301013486,0.0651941834851,100.0
1.530369,-0.785781658594,0.0613592315154,0.42798063982,0.00958737992428,-0.36968936988,1.51288855205,2.86240815019,92.4437332153,-0.318301013486,0.0878204001064,-0.0525388419851,1.48412641228,0.343995191683,-0.0314466061517,0.0655776786821,100.0
1.540369,-0.786165153791,0.0613592315154,0.427597144623,0.00958737992428,-0.370072865077,1.51212156166,2.86240815019,92.4437332153,-0.318301013486,0.0874369049095,-0.0517718515911,1.48297592669,0.343995191683,-0.0325970917426,0.0651941834851,100.0
1.550367,-0.785781658594,0.0613592315154,0.427597144623,0.00920388472731,-0.36968936988,1.51212156166,2.8616411598,92.4437332153,-0.318684508683,0.0866699145155,-0.0521553467881,1.48297592669,0.343611696486,-0.0322135965456,0.0648106882882,100.0
1.560368,-0.785781658594,0.0613592315154,0.427597144623,0.00958737992428,-0.369305874683,1.51173806646,2.86240815019,92.4437332153,-0.317534023092,0.0866699145155,-0.0521553467881,1.48374291708,0.34437868688,-0.0318301013486,0.0655776786821,100.0
1.570367,-0.785781658594,0.0625097171063,0.42798063982,0.0103543703182,-0.36968936988,1.51212156166,2.86240815019,92.4437332153,-0.318301013486,0.0874369049095,-0.0521553467881,1.48374291708,0.343995191683,-0.0314466061517,0.0655776786821,100.0
1.580366,-0.786165153791,0.0613592315154,0.427597144623,0.0103543703182,-0.370072865077,1.51212156166,2.862024655,92.4437332153,-0.31906800388,0.0870534097125,-0.052922337182,1.48297592669,0.344762182077,-0.0318301013486,0.0659611738791,100.0
1.590371,-0.786165153791,0.0617427267124,0.42798063982,0.00958737992428,-0.369305874683,1.51212156166,2.86240815019,92.4437332153,-0.31906800388,0.0870534097125,-0.0525388419851,1.48412641228,0.345145677274,-0.0314466061517,0.0648106882882,100.0
1.600390,-0.786548648988,0.0621262219094,0.428364135017,0.00958737992428,-0.369305874683,1.51288855205,2.86279164539,92.4437332153,-0.317917518289,0.0870534097125,-0.052922337182,1.48297592669,0.344762182077,-0.0314466061517,0.0651941834851,100.0
1.610389,-0.786932144185,0.0617427267124,0.428747630214,0.00997087512126,-0.370072865077,1.51250505686,2.862024655,92.4437332153,-0.317534023092,0.0878204001064,-0.0517718515911,1.48297592669,0.343995191683,-0.0318301013486,0.0655776786821,100.0
1.620371,-0.785781658594,0.0617427267124,0.427597144623,0.00958737992428,-0.36968936988,1.51173806646,2.86240815019,92.4437332153,-0.318301013486,0.0878204001064,-0.0517718515911,1.48374291708,0.344762182077,-0.0314466061517,0.0659611738791,100.0
1.630368,-0.786165153791,0.0613592315154,0.427597144623,0.00997087512126,-0.369305874683,1.51250505686,2.8612576646,92.4437332153,-0.317917518289,0.0878204001064,-0.0525388419851,1.48335942189,0.34437868688,-0.0322135965456,0.0648106882882,100.0
1.640367,-0.785781658594,0.0617427267124,0.427213649426,0.00997087512126,-0.370072865077,1.51212156166,2.862024655,92.4437332153,-0.318684508683,0.0870534097125,-0.0525388419851,1.48335942189,0.34437868688,-0.0322135965456,0.0655776786821,100.0
1.650369,-0.786165153791,0.0621262219094,0.42798063982,0.00958737992428,-0.370072865077,1.51288855205,2.86279164539,92.4437332153,-0.318301013486,0.0874369049095,-0.0517718515911,1.48412641228,0.344762182077,-0.0318301013486,0.0651941834851,100.0
1.660365,-0.786165153791,0.0621262219094,0.427213649426,0.00920388472731,-0.36968936988,1.51173806646,2.862024655,92.4437332153,-0.317917518289,0.0874369049095,-0.0521553467881,1.48335942189,0.344762182077,-0.0318301013486,0.0648106882882,100.0
1.670370,-0.785781658594,0.0613592315154,0.427597144623,0.00958737992428,-0.370072865077,1.51250505686,2.86240815019,92.4437332153,-0.318301013486,0.0866699145155,-0.0521553467881,1.48450990748,0.343995191683,-0.0310631109547,0.0655776786821,100.0
1.680368,-0.785398163397,0.0613592315154,0.42798063982,0.0107378655152,-0.370072865077,1.51212156166,2.86240815019,92.4437332153,-0.318684508683,0.0874369049095,-0.0525388419851,1.48335942189,0.34437868688,-0.0314466061517,0.0648106882882,100.0
1.690374,-0.786165153791,0.0617427267124,0.427597144623,0.0103543703182,-0.369305874683,1.51288855205,2.862024655,92.4437332153,-0.317917518289,0.0874369049095,-0.0521553467881,1.48374291708,0.343995191683,-0.0314466061517,0.0640436978942,100.0
1.700369,-0.785781658594,0.0625097171063,0.427597144623,0.0107378655152,-0.36968936988,1.51212156166,2.86240815019,92.4437332153,-0.318301013486,0.0870534097125,-0.0510048611972,1.48374291708,0.344762182077,-0.0310631109547,0.0651941834851,100.0
1.710365,-0.785398163397,0.0613592315154,0.42798063982,0.00958737992428,-0.369305874683,1.51288855205,2.8616411598,92.4437332153,-0.318684508683,0.0874369049095,-0.0525388419851,1.48450990748,0.343995191683,-0.0310631109547,0.0655776786821,100.0
1.720370,-0.786548648988,0.0617427267124,0.427597144623,0.00958737992428,-0.36968936988,1.51212156166,2.862024655,92.4437332153,-0.317917518289,0.0874369049095,-0.0517718515911,1.48412641228,0.343995191683,-0.0310631109547,0.0655776786821,100.0
1.730367,-0.786548648988,0.0613592315154,0.428364135017,0.00958737992428,-0.369305874683,1.51250505686,2.86279164539,92.4437332153,-0.31906800388,0.0874369049095,-0.0517718515911,1.48412641228,0.343995191683,-0.0318301013486,0.0651941834851,100.0
1.740369,-0.786165153791,0.0621262219094,0.427597144623,0.00997087512126,-0.36968936988,1.51212156166,2.86240815019,92.4437332153,-0.318301013486,0.0870534097125,-0.052922337182,1.48450990748,0.34437868688,-0.0314466061517,0.0651941834851,100.0
1.750369,-0.785398163397,0.0617427267124,0.42798063982,0.0103543703182,-0.369305874683,1.51250505686,2.862024655,92.4437332153,-0.318684508683,0.0882038953034,-0.052922337182,1.48450990748,0.344762182077,-0.0306796157577,0.0651941834851,100.0
1.760366,-0.785781658594,0.0621262219094,0.427597144623,0.00997087512126,-0.36968936988,1.51212156166,2.8616411598,92.4437332153,-0.318684508683,0.0874369049095,-0.052922337182,1.48450990748,0.344762182077,-0.0318301013486,0.0651941834851,100.0
1.770371,-0.785398163397,0.0617427267124,0.427213649426,0.00958737992428,-0.36968936988,1.51250505686,2.8616411598,92.4437332153,-0.318301013486,0.0870534097125,-0.0521553467881,1.48374291708,0.344762182077,-0.0310631109547,0.0659611738791,100.0
1.780366,-0.785781658594,0.0617427267124,0.427597144623,0.00958737992428,-0.36968936988,1.51250505686,2.8612576646,92.4437332153,-0.318684508683,0.0870534097125,-0.0521553467881,1.48450990748,0.343995191683,-0.0310631109547,0.0648106882882,100.0
1.790367,-0.785398163397,0.0617427267124,0.427597144623,0.00997087512126,-0.36968936988,1.51212156166,2.8616411598,92.4437332153,-0.31906800388,0.0859029241216,-0.0521553467881,1.48450990748,0.34437868688,-0.0314466061517,0.0640436978942,100.0
1.800364,-0.786165153791,0.0617427267124,0.42798063982,0.0103543703182,-0.36968936988,1.51173806646,2.86240815019,92.4437332153,-0.31906800388,0.0874369049095,-0.0521553467881,1.48450990748,0.344762182077,-0.0322135965456,0.0651941834851,100.0
1.810361,-0.786165153791,0.0613592315154,0.427597144623,0.00997087512126,-0.370072865077,1.51288855205,2.862024655,92.4437332153,-0.317917518289,0.0866699145155,-0.0517718515911,1.48412641228,0.34437868688,-0.0318301013486,0.066344669076,100.0
1.820369,-0.786165153791,0.0617427267124,0.42798063982,0.00920388472731,-0.370072865077,1.51250505686,2.862024655,92.4437332153,-0.318301013486,0.0866699145155,-0.0521553467881,1.48450990748,0.34437868688,-0.0314466061517,0.0655776786821,100.0
1.830390,-0.786165153791,0.0617427267124,0.428747630214,0.00958737992428,-0.370072865077,1.51288855205,2.862024655,92.4437332153,-0.31906800388,0.0866699145155,-0.0521553467881,1.48335942189,0.345145677274,-0.0314466061517,0.0659611738791,100.0
1.840373,-0.786165153791,0.0617427267124,0.428364135017,0.00958737992428,-0.370072865077,1.51173806646,2.86240815019,92.4437332153,-0.318301013486,0.0874369049095,-0.0521553467881,1.48412641228,0.34437868688,-0.0314466061517,0.0644271930912,100.0
1.850374,-0.786165153791,0.0609757363184,0.42798063982,0.00958737992428,-0.36968936988,1.51288855205,2.86240815019,92.4437332153,-0.317917518289,0.0870534097125,-0.0517718515911,1.48450990748,0.344762182077,-0.0322135965456,0.0655776786821,100.0
1.860365,-0.785781658594,0.0613592315154,0.427597144623,0.00997087512126,-0.36968936988,1.51250505686,2.862024655,92.4437332153,-0.318301013486,0.0870534097125,-0.0525388419851,1.48412641228,0.344762182077,-0.0318301013486,0.066728164273,100.0
1.870365,-0.785781658594,0.0621262219094,0.427597144623,0.0103543703182,-0.369305874683,1.51212156166,2.8616411598,92.4437332153,-0.317917518289,0.0870534097125,-0.0521553467881,1.48450990748,0.343995191683,-0.0310631109547,0.0655776786821,100.0
1.880402,-0.786165153791,0.0609757363184,0.428364135017,0.00997087512126,-0.36968936988,1.51173806646,2.86240815019,92.4437332153,-0.318684508683,0.0874369049095,-0.0525388419851,1.48412641228,0.343995191683,-0.0314466061517,0.0655776786821,100.0
1.890370,-0.786165153791,0.0617427267124,0.428364135017,0.00958737992428,-0.369305874683,1.51288855205,2.862024655,92.4437332153,-0.31906800388,0.0878204001064,-0.0513883563942,1.48412641228,0.345529172471,-0.0314466061517,0.0651941834851,100.0
1.900368,-0.786165153791,0.0609757363184,0.42798063982,0.0103543703182,-0.368922379486,1.51212156166,2.86240815019,92.4437332153,-0.317917518289,0.0874369049095,-0.0525388419851,1.48412641228,0.344762182077,-0.0318301013486,0.0659611738791,100.0
1.910363,-0.786165153791,0.0617427267124,0.427597144623,0.00997087512126,-0.369305874683,1.51212156166,2.86240815019,92.4437332153,-0.318301013486,0.0874369049095,-0.0521553467881,1.48374291708,0.34437868688,-0.0314466061517,0.0651941834851,100.0
1.920371,-0.785781658594,0.0617427267124,0.428364135017,0.00958737992428,-0.369305874683,1.51173806646,2.862024655,92.4437332153,-0.318301013486,0.0874369049095,-0.0517718515911,1.48489340267,0.344762182077,-0.0322135965456,0.0651941834851,100.0
1.930542,-0.7850146682,0.0609757363184,0.427213649426,0.00958737992428,-0.369305874683,1.51212156166,2.86240815019,92.4437332153,-0.318301013486,0.0870534097125,-0.0521553467881,1.48450990748,0.345145677274,-0.0318301013486,0.0659611738791,100.0
1.940368,-0.785398163397,0.0617427267124,0.427597144623,0.00958737992428,-0.36968936988,1.51212156166,2.86240815019,92.4437332153,-0.317534023092,0.0874369049095,-0.0521553467881,1.48412641228,0.34437868688,-0.0318301013486,0.0648106882882,100.0
1.950364,-0.785781658594,0.0609757363184,0.428747630214,0.00997087512126,-0.36968936988,1.51250505686,2.862024655,92.4437332153,-0.318301013486,0.0866699145155,-0.0525388419851,1.48412641228,0.344762182077,-0.0314466061517,0.0648106882882,100.0
1.960364,-0.785398163397,0.0613592315154,0.428364135017,0.0103543703182,-0.369305874683,1.51212156166,2.86240815019,92.4437332153,-0.318301013486,0.0862864193186,-0.0521553467881,1.48374291708,0.343995191683,-0.0314466061517,0.0648106882882,100.0
1.970366,-0.785781658594,0.0617427267124,0.428364135017,0.0103543703182,-0.368922379486,1.51250505686,2.8616411598,92.4437332153,-0.317534023092,0.0874369049095,-0.0517718515911,1.48412641228,0.34437868688,-0.0329805869395,0.0644271930912,100.0
1.980366,-0.7850146682,0.0609757363184,0.427597144623,0.00958737992428,-0.370072865077,1.51288855205,2.8612576646,92.4437332153,-0.318684508683,0.0870534097125,-0.0521553467881,1.48412641228,0.34437868688,-0.0318301013486,0.0655776786821,100.0
1.990366,-0.785781658594,0.0621262219094,0.42798063982,0.00882038953034,-0.369305874683,1.51212156166,2.8616411598,92.4437332153,-0.317917518289,0.0874369049095,-0.0525388419851,1.48450990748,0.34437868688,-0.0314466061517,0.0659611738791,100.0
2.000367,-0.785398163397,0.0613592315154,0.427213649426,0.00997087512126,-0.369305874683,1.51250505686,2.8616411598,92.4437332153,-0.318301013486,0.0874369049095,-0.0525388419851,1.48412641228,0.34437868688,-0.0314466061517,0.0651941834851,100.0
2.010367,-0.785398163397,0.0617427267124,0.42798063982,0.00920388472731,-0.36968936988,1.51173806646,2.86240815019,92.4437332153,-0.31906800388,0.0866699145155,-0.052922337182,1.48335942189,0.34437868688,-0.0318301013486,0.0651941834851,100.0
2.020368,-0.7850146682,0.0613592315154,0.42798063982,0.0103543703182,-0.36968936988,1.51250505686,2.862024655,92.4437332153,-0.31906800388,0.0870534097125,-0.0521553467881,1.48412641228,0.34437868688,-0.0322135965456,0.0644271930912,100.0
2.030367,-0.7850146682,0.0621262219094,0.427213649426,0.00997087512126,-0.368922379486,1.51212156166,2.862024655,92.4437332153,-0.318684508683,0.0878204001064,-0.0521553467881,1.48374291708,0.34437868688,-0.0322135965456,0.0651941834851,100.0
2.040365,-0.785781658594,0.0617427267124,0.42798063982,0.00920388472731,-0.369305874683,1.51212156166,2.86240815019,92.4437332153,-0.317917518289,0.0866699145155,-0.0525388419851,1.48450990748,0.344762182077,-0.0325970917426,0.0651941834851,100.0
2.050366,-0.785398163397,0.0613592315154,0.42798063982,0.00920388472731,-0.36968936988,1.51250505686,2.86240815019,92.4437332153,-0.31906800388,0.0870534097125,-0.052922337182,1.48489340267,0.34437868688,-0.0314466061517,0.0651941834851,100.0
2.060364,-0.785398163397,0.0609757363184,0.427597144623,0.00958737992428,-0.369305874683,1.51212156166,2.862024655,92.4437332153,-0.318301013486,0.0866699145155,-0.0521553467881,1.48335942189,0.345145677274,-0.0310631109547,0.0655776786821,100.0
2.070363,-0.785398163397,0.0609757363184,0.428364135017,0.00958737992428,-0.369305874683,1.51173806646,2.862024655,92.4437332153,-0.318301013486,0.0870534097125,-0.052922337182,1.48335942189,0.344762182077,-0.0314466061517,0.0659611738791,100.0
2.080365,-0.785398163397,0.0613592315154,0.428364135017,0.00920388472731,-0.370072865077,1.51212156166,2.862024655,92.4437332153,-0.318684508683,0.0866699145155,-0.0525388419851,1.48450990748,0.34437868688,-0.0322135965456,0.0651941834851,100.0
2.090368,-0.786548648988,0.0609757363184,0.42798063982,0.00997087512126,-0.369305874683,1.51135457126,2.8612576646,92.4437332153,-0.318684508683,0.0866699145155,-0.0521553467881,1.48450990748,0.343995191683,-0.0314466061517,0.0655776786821,100.0
2.100368,-0.785398163397,0.0613592315154,0.42798063982,0.00958737992428,-0.36968936988,1.51250505686,2.862024655,92.4437332153,-0.317150527895,0.0866699145155,-0.0521553467881,1.48450990748,0.344762182077,-0.0314466061517,0.0651941834851,100.0
2.110389,-0.786165153791,0.0609757363184,0.428747630214,0.00997087512126,-0.36968936988,1.51288855205,2.8616411598,92.4437332153,-0.317917518289,0.0870534097125,-0.0525388419851,1.48412641228,0.344762182077,-0.0318301013486,0.0651941834851,100.0
2.120368,-0.786165153791,0.0613592315154,0.428747630214,0.0103543703182,-0.36968936988,1.51173806646,2.8616411598,92.4437332153,-0.318684508683,0.0859029241216,-0.052922337182,1.48412641228,0.344762182077,-0.0318301013486,0.0644271930912,100.0
2.130366,-0.786165153791,0.0609757363184,0.428364135017,0.0103543703182,-0.36968936988,1.51250505686,2.862024655,92.4437332153,-0.318301013486,0.0870534097125,-0.0525388419851,1.48259243149,0.34437868688,-0.0318301013486,0.0644271930912,100.0
2.140365,-0.785398163397,0.0613592315154,0.428364135017,0.00997087512126,-0.369305874683,1.51212156166,2.862024655,92.4437332153,-0.318301013486,0.0874369049095,-0.0525388419851,1.48450990748,0.344762182077,-0.0310631109547,0.0651941834851,100.0
2.150366,-0.786548648988,0.0613592315154,0.427213649426,0.00997087512126,-0.369305874683,1.51212156166,2.8616411598,92.4437332153,-0.318684508683,0.0866699145155,-0.0521553467881,1.48412641228,0.344762182077,-0.0314466061517,0.0655776786821,100.0
2.160365,-0.785781658594,0.0617427267124,0.427597144623,0.00958737992428,-0.370072865077,1.51212156166,2.862024655,92.4437332153,-0.318301013486,0.0862864193186,-0.0517718515911,1.48374291708,0.34437868688,-0.0322135965456,0.0655776786821,100.0
2.170365,-0.785398163397,0.0617427267124,0.42798063982,0.00958737992428,-0.36968936988,1.51212156166,2.862024655,92.4437332153,-0.319451499077,0.0862864193186,-0.052922337182,1.48374291708,0.344762182077,-0.0322135965456,0.0640436978942,100.0
2.180365,-0.786165153791,0.0617427267124,0.427597144623,0.00958737992428,-0.370072865077,1.51212156166,2.862024655,92.4437332153,-0.318301013486,0.0866699145155,-0.0525388419851,1.48412641228,0.344762182077,-0.0314466061517,0.0659611738791,100.0
2.190364,-0.785781658594,0.0613592315154,0.427597144623,0.0103543703182,-0.368922379486,1.51173806646,2.8616411598,92.4437332153,-0.317917518289,0.0874369049095,-0.0521553467881,1.48412641228,0.344762182077,-0.0318301013486,0.0644271930912,100.0
2.200365,-0.785398163397,0.0605922411215,0.428364135017,0.00997087512126,-0.36968936988,1.51250505686,2.8616411598,92.4437332153,-0.318301013486,0.0870534097125,-0.0517718515911,1.48374291708,0.34437868688,-0.0314466061517,0.0651941834851,100.0
2.210366,-0.786548648988,0.0613592315154,0.42798063982,0.00958737992428,-0.36968936988,1.51250505686,2.862024655,92.4437332153,-0.318684508683,0.0866699145155,-0.0521553467881,1.48335942189,0.343995191683,-0.0322135965456,0.0655776786821,100.0
2.220367,-0.786165153791,0.0613592315154,0.428364135017,0.00997087512126,-0.36968936988,1.51288855205,2.862024655,92.4437332153,-0.318684508683,0.0866699145155,-0.0517718515911,1.48374291708,0.343995191683,-0.0318301013486,0.0651941834851,100.0
2.230365,-0.786165153791,0.0617427267124,0.427597144623,0.00997087512126,-0.36968936988,1.51288855205,2.86240815019,92.4437332153,-0.318301013486,0.0866699145155,-0.0525388419851,1.48527689787,0.344762182077,-0.0318301013486,0.0651941834851,100.0
2.240365,-0.786165153791,0.0613592315154,0.42798063982,0.00958737992428,-0.36968936988,1.51250505686,2.862024655,92.4437332153,-0.317917518289,0.0882038953034,-0.0525388419851,1.48450990748,0.344762182077,-0.0314466061517,0.0655776786821,100.0
2.250364,-0.785781658594,0.0621262219094,0.427597144623,0.00920388472731,-0.36968936988,1.51288855205,2.8612576646,92.4437332153,-0.318301013486,0.0874369049095,-0.0521553467881,1.48374291708,0.34437868688,-0.0318301013486,0.0651941834851,100.0
2.260366,-0.785781658594,0.0613592315154,0.42798063982,0.00958737992428,-0.370072865077,1.51212156166,2.862024655,92.4437332153,-0.318684508683,0.0870534097125,-0.0521553467881,1.48412641228,0.344762182077,-0.0322135965456,0.0651941834851,100.0
2.270366,-0.7850146682,0.0613592315154,0.42798063982,0.00882038953034,-0.36968936988,1.51212156166,2.86240815019,92.4437332153,-0.317917518289,0.0870534097125,-0.0513883563942,1.48374291708,0.34437868688,-0.0318301013486,0.0651941834851,100.0
2.280369,-0.786165153791,0.0617427267124,0.428364135017,0.00920388472731,-0.370072865077,1.51212156166,2.862024655,92.4437332153,-0.317917518289,0.0874369049095,-0.0521553467881,1.48374291708,0.34437868688,-0.0314466061517,0.0659611738791,100.0
2.290367,-0.784631173003,0.0617427267124,0.428747630214,0.0103543703182,-0.36968936988,1.51327204725,2.8612576646,92.4437332153,-0.317917518289,0.0870534097125,-0.0521553467881,1.48412641228,0.34437868688,-0.0325970917426,0.0648106882882,100.0
2.300366,-0.785781658594,0.0613592315154,0.428747630214,0.00997087512126,-0.36968936988,1.51250505686,2.8616411598,92.4437332153,-0.317150527895,0.0859029241216,-0.0521553467881,1.48374291708,0.343995191683,-0.0310631109547,0.0648106882882,100.0
2.310363,-0.7850146682,0.0609757363184,0.427597144623,0.00958737992428,-0.36968936988,1.51212156166,2.862024655,92.4437332153,-0.318301013486,0.0878204001064,-0.0517718515911,1.48335942189,0.34437868688,-0.0318301013486,0.0648106882882,100.0
2.320369,-0.785781658594,0.0609757363184,0.42798063982,0.00958737992428,-0.370072865077,1.51250505686,2.86240815019,92.4437332153,-0.318301013486,0.0878204001064,-0.0525388419851,1.48374291708,0.343995191683,-0.0314466061517,0.0651941834851,100.0
2.330368,-0.786548648988,0.0605922411215,0.42798063982,0.0103543703182,-0.369305874683,1.51250505686,2.862024655,92.4437332153,-0.318684508683,0.0878204001064,-0.0521553467881,1.48489340267,0.34437868688,-0.0314466061517,0.0655776786821,100.0
2.340367,-0.785398163397,0.0613592315154,0.42798063982,0.00958737992428,-0.36968936988,1.51288855205,2.862024655,92.4437332153,-0.318684508683,0.0870534097125,-0.0521553467881,1.48489340267,0.343995191683,-0.0325970917426,0.0655776786821,100.0
2.350366,-0.786548648988,0.0613592315154,0.428747630214,0.00920388472731,-0.36968936988,1.51173806646,2.86240815019,92.4437332153,-0.317917518289,0.0874369049095,-0.0517718515911,1.48335942189,0.344762182077,-0.0314466061517,0.0648106882882,100.0
2.360368,-0.786165153791,0.0609757363184,0.428364135017,0.0103543703182,-0.36968936988,1.51250505686,2.8616411598,92.4437332153,-0.318684508683,0.0866699145155,-0.0513883563942,1.48412641228,0.344762182077,-0.0322135965456,0.0644271930912,100.0
2.370370,-0.784631173003,0.0609757363184,0.427213649426,0.00958737992428,-0.370072865077,1.51250505686,2.862024655,92.4437332153,-0.318301013486,0.0859029241216,-0.0517718515911,1.48374291708,0.343995191683,-0.0318301013486,0.0644271930912,100.0
2.380368,-0.785781658594,0.0613592315154,0.427597144623,0.00920388472731,-0.36968936988,1.51212156166,2.8616411598,92.4437332153,-0.318684508683,0.0870534097125,-0.0517718515911,1.48450990748,0.343995191683,-0.0310631109547,0.0651941834851,100.0
2.390369,-0.785398163397,0.0613592315154,0.428364135017,0.00958737992428,-0.369305874683,1.51250505686,2.862024655,92.4437332153,-0.318301013486,0.0866699145155,-0.0521553467881,1.48489340267,0.34437868688,-0.0318301013486,0.0640436978942,100.0
2.400365,-0.785781658594,0.0613592315154,0.428364135017,0.00997087512126,-0.36968936988,1.51288855205,2.862024655,92.4437332153,-0.317534023092,0.0874369049095,-0.053305832379,1.48374291708,0.34437868688,-0.0318301013486,0.0640436978942,100.0
2.410365,-0.786932144185,0.0613592315154,0.428747630214,0.00997087512126,-0.36968936988,1.51212156166,2.8616411598,92.4437332153,-0.318301013486,0.0874369049095,-0.0521553467881,1.48335942189,0.344762182077,-0.0322135965456,0.0651941834851,100.0
2.420366,-0.785781658594,0.0609757363184,0.427213649426,0.00958737992428,-0.369305874683,1.51212156166,2.86240815019,92.4437332153,-0.317917518289,0.0870534097125,-0.0517718515911,1.48489340267,0.344762182077,-0.0314466061517,0.0655776786821,100.0
2.430365,-0.785398163397,0.0617427267124,0.428364135017,0.00920388472731,-0.369305874683,1.51250505686,2.862024655,92.4437332153,-0.318684508683,0.0862864193186,-0.052922337182,1.48450990748,0.343995191683,-0.0314466061517,0.0655776786821,100.0
2.440370,-0.785398163397,0.0613592315154,0.428364135017,0.0103543703182,-0.368922379486,1.51250505686,2.8616411598,92.4437332153,-0.318684508683,0.0874369049095,-0.0517718515911,1.48412641228,0.34437868688,-0.0322135965456,0.0659611738791,100.0
2.450370,-0.785398163397,0.0617427267124,0.42798063982,0.00958737992428,-0.370072865077,1.51288855205,2.86240815019,92.4437332153,-0.317917518289,0.0874369049095,-0.0521553467881,1.48450990748,0.34437868688,-0.0329805869395,0.0659611738791,100.0
2.460364,-0.785781658594,0.0613592315154,0.428747630214,0.00997087512126,-0.36968936988,1.51288855205,2.862024655,92.4437332153,-0.318684508683,0.0862864193186,-0.0525388419851,1.48412641228,0.343611696486,-0.0318301013486,0.0655776786821,100.0
2.470369,-0.785398163397,0.0617427267124,0.427213649426,0.00997087512126,-0.369305874683,1.51212156166,2.862024655,92.4437332153,-0.317917518289,0.0878204001064,-0.0525388419851,1.48412641228,0.345145677274,-0.0318301013486,0.0644271930912,100.0
2.480368,-0.786165153791,0.0613592315154,0.428747630214,0.0103543703182,-0.369305874683,1.51212156166,2.862024655,92.4437332153,-0.318301013486,0.0874369049095,-0.053305832379,1.48412641228,0.34437868688,-0.0314466061517,0.0648106882882,100.0
2.490368,-0.785398163397,0.0617427267124,0.42798063982,0.00958737992428,-0.370072865077,1.51173806646,2.8612576646,92.4437332153,-0.317917518289,0.0866699145155,-0.0521553467881,1.48412641228,0.34437868688,-0.0322135965456,0.0644271930912,100.0
2.500366,-0.785781658594,0.0617427267124,0.427597144623,0.00958737992428,-0.370072865077,1.51288855205,2.86279164539,92.4437332153,-0.317917518289,0.0874369049095,-0.0525388419851,1.48450990748,0.344762182077,-0.0318301013486,0.0655776786821,100.0
2.510368,-0.786165153791,0.0605922411215,0.427597144623,0.00997087512126,-0.36968936988,1.51212156166,2.8616411598,92.4437332153,-0.318684508683,0.0870534097125,-0.0521553467881,1.48374291708,0.344762182077,-0.0322135965456,0.0648106882882,100.0
2.520369,-0.785781658594,0.0613592315154,0.428747630214,0.00958737992428,-0.36968936988,1.51250505686,2.862024655,92.4437332153,-0.318684508683,0.0878204001064,-0.0525388419851,1.48374291708,0.344762182077,-0.0314466061517,0.0655776786821,100.0
2.530368,-0.786165153791,0.0621262219094,0.42798063982,0.00997087512126,-0.36968936988,1.51250505686,2.86240815019,92.4437332153,-0.318301013486,0.0866699145155,-0.0521553467881,1.48412641228,0.343995191683,-0.0322135965456,0.0648106882882,100.0
2.540366,-0.785781658594,0.0617427267124,0.42798063982,0.00958737992428,-0.36968936988,1.51250505686,2.862024655,92.4437332153,-0.318301013486,0.0870534097125,-0.0517718515911,1.48374291708,0.34437868688,-0.0322135965456,0.0648106882882,100.0
2.550372,-0.786165153791,0.0609757363184,0.42798063982,0.0103543703182,-0.370072865077,1.51212156166,2.86279164539,92.4437332153,-0.317917518289,0.0870534097125,-0.0525388419851,1.48335942189,0.344762182077,-0.0314466061517,0.0651941834851,100.0
2.560368,-0.786165153791,0.0609757363184,0.428364135017,0.00997087512126,-0.370072865077,1.51327204725,2.86240815019,92.4437332153,-0.318301013486,0.0874369049095,-0.053305832379,1.48374291708,0.34437868688,-0.0314466061517,0.0651941834851,100.0
2.570365,-0.785781658594,0.0609757363184,0.42798063982,0.00958737992428,-0.370072865077,1.51288855205,2.8616411598,92.4437332153,-0.319451499077,0.0862864193186,-0.0521553467881,1.48374291708,0.34437868688,-0.0314466061517,0.0651941834851,100.0
2.580375,-0.786548648988,0.0609757363184,0.427597144623,0.00920388472731,-0.36968936988,1.51288855205,2.862024655,92.4437332153,-0.318301013486,0.0874369049095,-0.0521553467881,1.48450990748,0.34437868688,-0.0318301013486,0.0655776786821,100.0
2.590381,-0.786165153791,0.0617427267124,0.427597144623,0.00997087512126,-0.368922379486,1.51173806646,2.862024655,92.4437332153,-0.318684508683,0.0870534097125,-0.053305832379,1.48450990748,0.343995191683,-0.0322135965456,0.0651941834851,100.0
2.600376,-0.785781658594,0.0613592315154,0.428364135017,0.00958737992428,-0.36968936988,1.51250505686,2.862024655,92.4437332153,-0.318301013486,0.0870534097125,-0.052922337182,1.48527689787,0.343995191683,-0.0314466061517,0.0644271930912,100.0
2.610378,-0.785781658594,0.0621262219094,0.42798063982,0.00997087512126,-0.369305874683,1.51135457126,2.862024655,92.4437332153,-0.318684508683,0.0874369049095,-0.0513883563942,1.48374291708,0.345145677274,-0.0310631109547,0.066344669076,100.0
2.620365,-0.786165153791,0.0605922411215,0.427597144623,0.00958737992428,-0.36968936988,1.51250505686,2.86279164539,92.4437332153,-0.318301013486,0.0870534097125,-0.0521553467881,1.48450990748,0.345145677274,-0.0318301013486,0.0651941834851,100.0
2.630367,-0.786165153791,0.0613592315154,0.427213649426,0.00958737992428,-0.36968936988,1.51212156166,2.8616411598,92.4437332153,-0.317917518289,0.0874369049095,-0.0525388419851,1.48412641228,0.34437868688,-0.0318301013486,0.0651941834851,100.0
2.640367,-0.786165153791,0.0613592315154,0.427597144623,0.00997087512126,-0.36968936988,1.51250505686,2.8616411598,92.4437332153,-0.318301013486,0.0874369049095,-0.053305832379,1.48335942189,0.343995191683,-0.0322135965456,0.0655776786821,100.0
2.650366,-0.785781658594,0.0613592315154,0.427597144623,0.00997087512126,-0.370456360274,1.51173806646,2.86240815019,92.4437332153,-0.31906800388,0.0874369049095,-0.0510048611972,1.48335942189,0.34437868688,-0.0322135965456,0.0651941834851,100.0
2.660363,-0.786165153791,0.0613592315154,0.42798063982,0.00997087512126,-0.370072865077,1.51250505686,2.862024655,92.4437332153,-0.318301013486,0.0866699145155,-0.0521553467881,1.48374291708,0.343995191683,-0.0325970917426,0.0655776786821,100.0
2.670366,-0.786165153791,0.0621262219094,0.428747630214,0.00997087512126,-0.368922379486,1.51212156166,2.8616411598,92.4437332153,-0.318301013486,0.0874369049095,-0.0521553467881,1.48374291708,0.34437868688,-0.0314466061517,0.0659611738791,100.0
2.680365,-0.785398163397,0.0609757363184,0.42798063982,0.00958737992428,-0.369305874683,1.51173806646,2.8616411598,92.4437332153,-0.318684508683,0.0866699145155,-0.0521553467881,1.48412641228,0.345145677274,-0.0322135965456,0.0655776786821,100.0
2.690371,-0.785398163397,0.0621262219094,0.427597144623,0.00997087512126,-0.36968936988,1.51212156166,2.8616411598,92.4437332153,-0.318684508683,0.0866699145155,-0.0517718515911,1.48374291708,0.34437868688,-0.0314466061517,0.0651941834851,100.0
2.700370,-0.785398163397,0.0609757363184,0.427597144623,0.00997087512126,-0.370072865077,1.51327204725,2.86240815019,92.4437332153,-0.317917518289,0.0874369049095,-0.0510048611972,1.48374291708,0.343995191683,-0.0318301013486,0.0644271930912,100.0
2.710365,-0.785398163397,0.0621262219094,0.427597144623,0.00958737992428,-0.36968936988,1.51173806646,2.862024655,92.4437332153,-0.317917518289,0.0878204001064,-0.0513883563942,1.48374291708,0.344762182077,-0.0322135965456,0.0659611738791,100.0
2.720368,-0.785781658594,0.0613592315154,0.428364135017,0.00958737992428,-0.370072865077,1.51250505686,2.862024655,92.4437332153,-0.318301013486,0.0862864193186,-0.0521553467881,1.48412641228,0.34437868688,-0.0314466061517,0.0651941834851,100.0
2.730362,-0.786165153791,0.0617427267124,0.428747630214,0.00920388472731,-0.36968936988,1.51250505686,2.8616411598,92.4437332153,-0.317917518289,0.0870534097125,-0.0525388419851,1.48412641228,0.343995191683,-0.0322135965456,0.0651941834851,100.0
2.740375,-0.7850146682,0.0605922411215,0.428364135017,0.00997087512126,-0.370072865077,1.51250505686,2.8612576646,92.4437332153,-0.317917518289,0.0870534097125,-0.0525388419851,1.48259243149,0.345145677274,-0.0322135965456,0.0648106882882,100.0
2.750379,-0.786548648988,0.0613592315154,0.42798063982,0.00958737992428,-0.36968936988,1.51212156166,2.86240815019,92.4437332153,-0.317917518289,0.0870534097125,-0.0521553467881,1.48374291708,0.344762182077,-0.0318301013486,0.0655776786821,100.0
2.760370,-0.785781658594,0.0617427267124,0.428364135017,0.00920388472731,-0.369305874683,1.51250505686,2.8616411598,92.4437332153,-0.317917518289,0.0870534097125,-0.0521553467881,1.48374291708,0.34437868688,-0.0318301013486,0.0648106882882,100.0
2.770367,-0.785398163397,0.0613592315154,0.427213649426,0.00958737992428,-0.36968936988,1.51250505686,2.8612576646,92.4437332153,-0.318684508683,0.0870534097125,-0.0525388419851,1.48450990748,0.34437868688,-0.0325970917426,0.0659611738791,100.0
2.780368,-0.786165153791,0.0617427267124,0.428364135017,0.00958737992428,-0.36968936988,1.51250505686,2.86240815019,92.4437332153,-0.317150527895,0.0866699145155,-0.0525388419851,1.48374291708,0.344762182077,-0.0322135965456,0.0655776786821,100.0
2.790372,-0.7850146682,0.0617427267124,0.428747630214,0.00997087512126,-0.36968936988,1.51212156166,2.862024655,92.4437332153,-0.318684508683,0.0870534097125,-0.0521553467881,1.48335942189,0.34437868688,-0.0310631109547,0.0651941834851,100.0
2.800383,-0.785781658594,0.0613592315154,0.427597144623,0.00997087512126,-0.36968936988,1.51173806646,2.8616411598,92.4437332153,-0.318301013486,0.0874369049095,-0.0510048611972,1.48412641228,0.34437868688,-0.0314466061517,0.0651941834851,100.0
2.810375,-0.786165153791,0.0609757363184,0.427213649426,0.00920388472731,-0.370072865077,1.51250505686,2.86240815019,92.4437332153,-0.318301013486,0.0870534097125,-0.0510048611972,1.48335942189,0.34437868688,-0.0314466061517,0.0648106882882,100.0
2.820371,-0.786548648988,0.0617427267124,0.427597144623,0.00997087512126,-0.370072865077,1.51288855205,2.8616411598,92.4437332153,-0.318301013486,0.0874369049095,-0.0521553467881,1.48374291708,0.345145677274,-0.0314466061517,0.0644271930912,100.0
2.830366,-0.785398163397,0.0617427267124,0.428364135017,0.0103543703182,-0.368922379486,1.51212156166,2.862024655,92.4437332153,-0.318684508683,0.0882038953034,-0.053305832379,1.48374291708,0.34437868688,-0.0322135965456,0.0659611738791,100.0
2.840366,-0.7850146682,0.0613592315154,0.427597144623,0.00958737992428,-0.36968936988,1.51250505686,2.86279164539,92.4437332153,-0.317917518289,0.0870534097125,-0.0517718515911,1.48412641228,0.34437868688,-0.0314466061517,0.0655776786821,100.0
2.850364,-0.785398163397,0.0613592315154,0.427597144623,0.0103543703182,-0.36968936988,1.51250505686,2.862024655,92.4437332153,-0.318684508683,0.0874369049095,-0.0521553467881,1.48450990748,0.34437868688,-0.0314466061517,0.0659611738791,100.0
2.860368,-0.786165153791,0.0609757363184,0.42798063982,0.0103543703182,-0.36968936988,1.51327204725,2.86240815019,92.4437332153,-0.317534023092,0.0878204001064,-0.0525388419851,1.48450990748,0.34437868688,-0.0314466061517,0.0655776786821,100.0
2.870386,-0.785781658594,0.0605922411215,0.427597144623,0.0103543703182,-0.36968936988,1.51212156166,2.862024655,92.4437332153,-0.318301013486,0.0870534097125,-0.0525388419851,1.48412641228,0.344762182077,-0.0322135965456,0.0651941834851,100.0
2.880369,-0.785398163397,0.0613592315154,0.428747630214,0.00958737992428,-0.369305874683,1.51212156166,2.86240815019,92.4437332153,-0.318684508683,0.0866699145155,-0.0521553467881,1.48412641228,0.34437868688,-0.0318301013486,0.0651941834851,100.0
2.890383,-0.785781658594,0.0617427267124,0.42798063982,0.00997087512126,-0.36968936988,1.51212156166,2.8616411598,92.4437332153,-0.318684508683,0.0859029241216,-0.0525388419851,1.48489340267,0.345145677274,-0.0314466061517,0.0648106882882,100.0
2.900369,-0.786165153791,0.0613592315154,0.42798063982,0.00997087512126,-0.36968936988,1.51173806646,2.862024655,92.4437332153,-0.31906800388,0.0870534097125,-0.0521553467881,1.48412641228,0.34437868688,-0.0322135965456,0.0651941834851,100.0
2.910368,-0.786165153791,0.0609757363184,0.42798063982,0.00958737992428,-0.368922379486,1.51250505686,2.86240815019,92.4437332153,-0.318684508683,0.0874369049095,-0.0525388419851,1.48412641228,0.34437868688,-0.0322135965456,0.0644271930912,100.0
2.920370,-0.785781658594,0.0617427267124,0.428364135017,0.00958737992428,-0.36968936988,1.51250505686,2.86240815019,92.4437332153,-0.319451499077,0.0874369049095,-0.0521553467881,1.48412641228,0.343995191683,-0.0318301013486,0.0648106882882,100.0
2.930366,-0.785781658594,0.0613592315154,0.427597144623,0.00958737992428,-0.36968936988,1.51212156166,2.862024655,92.4437332153,-0.317917518289,0.0874369049095,-0.0517718515911,1.48489340267,0.343995191683,-0.0322135965456,0.0655776786821,100.0
2.940377,-0.785781658594,0.0605922411215,0.427597144623,0.0103543703182,-0.370072865077,1.51250505686,2.86240815019,92.4437332153,-0.317917518289,0.0870534097125,-0.0517718515911,1.48450990748,0.343611696486,-0.0314466061517,0.0640436978942,100.0
2.950384,-0.786165153791,0.0613592315154,0.427213649426,0.00997087512126,-0.36968936988,1.51250505686,2.862024655,92.4437332153,-0.318684508683,0.0874369049095,-0.0521553467881,1.48412641228,0.34437868688,-0.0310631109547,0.0644271930912,100.0
2.960388,-0.785781658594,0.0617427267124,0.42798063982,0.00997087512126,-0.370456360274,1.51250505686,2.862024655,92.4437332153,-0.318301013486,0.0874369049095,-0.0517718515911,1.48412641228,0.34437868688,-0.0314466061517,0.0644271930912,100.0
2.970386,-0.785781658594,0.0613592315154,0.427597144623,0.00997087512126,-0.369305874683,1.51250505686,2.86240815019,92.4437332153,-0.317917518289,0.0878204001064,-0.052922337182,1.48335942189,0.34437868688,-0.0322135965456,0.0651941834851,100.0
2.980386,-0.7850146682,0.0609757363184,0.427213649426,0.00920388472731,-0.36968936988,1.51327204725,2.86240815019,92.4437332153,-0.317917518289,0.0870534097125,-0.0517718515911,1.48450990748,0.34437868688,-0.0314466061517,0.0655776786821,100.0
2.990427,-0.785781658594,0.0613592315154,0.427597144623,0.00958737992428,-0.36968936988,1.51250505686,2.8612576646,92.4437332153,-0.318301013486,0.0870534097125,-0.0517718515911,1.48412641228,0.343995191683,-0.0314466061517,0.0651941834851,100.0
3.000369,-0.785398163397,0.0617427267124,0.42798063982,0.00997087512126,-0.368922379486,1.51250505686,2.862024655,92.4437332153,-0.317917518289,0.0866699145155,-0.0525388419851,1.48335942189,0.343995191683,-0.0310631109547,0.0648106882882,100.0
3.010367,-0.785781658594,0.0613592315154,0.428364135017,0.0103543703182,-0.368922379486,1.51212156166,2.862024655,92.4437332153,-0.317534023092,0.0862864193186,-0.0525388419851,1.48450990748,0.34437868688,-0.0314466061517,0.0640436978942,100.0
3.020380,-0.786165153791,0.0613592315154,0.42798063982,0.00997087512126,-0.36968936988,1.51212156166,2.862024655,92.4437332153,-0.318684508683,0.0870534097125,-0.0510048611972,1.48489340267,0.345145677274,-0.0322135965456,0.0659611738791,100.0
3.030369,-0.7850146682,0.0613592315154,0.427597144623,0.00958737992428,-0.36968936988,1.51173806646,2.86240815019,92.4437332153,-0.318301013486,0.0874369049095,-0.0521553467881,1.48412641228,0.34437868688,-0.0318301013486,0.0651941834851,100.0
3.040370,-0.785781658594,0.0613592315154,0.428364135017,0.00997087512126,-0.370072865077,1.51173806646,2.86240815019,92.4437332153,-0.318301013486,0.0870534097125,-0.0510048611972,1.48412641228,0.344762182077,-0.0314466061517,0.0655776786821,100.0
3.050370,-0.785781658594,0.0609757363184,0.428747630214,0.0103543703182,-0.36968936988,1.51173806646,2.862024655,92.4437332153,-0.318684508683,0.0874369049095,-0.0510048611972,1.48412641228,0.34437868688,-0.0314466061517,0.0644271930912,100.0
3.060368,-0.785781658594,0.0613592315154,0.428747630214,0.0107378655152,-0.368538884289,1.51212156166,2.8616411598,92.4437332153,-0.318301013486,0.0870534097125,-0.0521553467881,1.48412641228,0.34437868688,-0.0318301013486,0.0655776786821,100.0
3.070370,-0.786548648988,0.0609757363184,0.427213649426,0.00997087512126,-0.36968936988,1.51212156166,2.86240815019,92.4437332153,-0.318684508683,0.0878204001064,-0.0521553467881,1.48335942189,0.34437868688,-0.0314466061517,0.0659611738791,100.0
3.080365,-0.786165153791,0.0613592315154,0.427213649426,0.00958737992428,-0.36968936988,1.51173806646,2.8616411598,92.4437332153,-0.317917518289,0.0878204001064,-0.0521553467881,1.48489340267,0.34437868688,-0.0314466061517,0.0651941834851,100.0
3.090365,-0.785398163397,0.0609757363184,0.427213649426,0.00997087512126,-0.36968936988,1.51288855205,2.862024655,92.4437332153,-0.318301013486,0.0866699145155,-0.0521553467881,1.48335942189,0.34437868688,-0.0318301013486,0.0648106882882,100.0
3.100368,-0.785781658594,0.0605922411215,0.427213649426,0.00958737992428,-0.370072865077,1.51212156166,2.862024655,92.4437332153,-0.318301013486,0.0874369049095,-0.0517718515911,1.48297592669,0.34437868688,-0.0322135965456,0.0651941834851,100.0
3.110367,-0.786548648988,0.0613592315154,0.427597144623,0.00997087512126,-0.369305874683,1.51250505686,2.86279164539,92.4437332153,-0.318301013486,0.0862864193186,-0.0521553467881,1.48335942189,0.34437868688,-0.0318301013486,0.0655776786821,100.0
3.120365,-0.786165153791,0.0605922411215,0.42798063982,0.00997087512126,-0.369305874683,1.51212156166,2.8612576646,92.4437332153,-0.317917518289,0.0870534097125,-0.0521553467881,1.48412641228,0.344762182077,-0.0318301013486,0.0659611738791,100.0
3.130371,-0.7850146682,0.0613592315154,0.427597144623,0.00997087512126,-0.36968936988,1.51212156166,2.862024655,92.4437332153,-0.319451499077,0.0862864193186,-0.0517718515911,1.48335942189,0.34437868688,-0.0318301013486,0.0644271930912,100.0
3.140372,-0.786165153791,0.0617427267124,0.42798063982,0.0107378655152,-0.36968936988,1.51173806646,2.862024655,92.4437332153,-0.318301013486,0.0878204001064,-0.0521553467881,1.48374291708,0.34437868688,-0.0318301013486,0.0651941834851,100.0
3.150370,-0.786165153791,0.0617427267124,0.427597144623,0.00997087512126,-0.36968936988,1.51173806646,2.862024655,92.4437332153,-0.317917518289,0.0874369049095,-0.0521553467881,1.48374291708,0.34437868688,-0.0310631109547,0.0651941834851,100.0
3.160369,-0.785781658594,0.0613592315154,0.42798063982,0.00958737992428,-0.369305874683,1.51288855205,2.862024655,92.4437332153,-0.318301013486,0.0878204001064,-0.0525388419851,1.48335942189,0.34437868688,-0.0314466061517,0.0655776786821,100.0
3.170366,-0.786165153791,0.0609757363184,0.427597144623,0.0103543703182,-0.36968936988,1.51288855205,2.86317514059,92.4437332153,-0.317917518289,0.0866699145155,-0.0521553467881,1.48450990748,0.34437868688,-0.0314466061517,0.0651941834851,100.0
3.180366,-0.7850146682,0.0613592315154,0.427597144623,0.0107378655152,-0.370072865077,1.51212156166,2.8612576646,92.4437332153,-0.31906800388,0.0866699145155,-0.0521553467881,1.48450990748,0.344762182077,-0.0318301013486,0.0644271930912,100.0
3.190365,-0.785398163397,0.0613592315154,0.42798063982,0.00958737992428,-0.370072865077,1.51212156166,2.8616411598,92.4437332153,-0.318301013486,0.0870534097125,-0.0517718515911,1.48335942189,0.344762182077,-0.0318301013486,0.0644271930912,100.0
3.200368,-0.786165153791,0.0609757363184,0.427597144623,0.00958737992428,-0.36968936988,1.51173806646,2.86240815019,92.4437332153,-0.317917518289,0.0874369049095,-0.0525388419851,1.48450990748,0.344762182077,-0.0314466061517,0.0655776786821,100.0
3.210366,-0.785398163397,0.0617427267124,0.427213649426,0.00997087512126,-0.36968936988,1.51250505686,2.86240815019,92.4437332153,-0.318301013486,0.0866699145155,-0.0513883563942,1.48489340267,0.344762182077,-0.0314466061517,0.0648106882882,100.0
3.220365,-0.785781658594,0.0617427267124,0.428364135017,0.0103543703182,-0.369305874683,1.51288855205,2.86240815019,92.4437332153,-0.31906800388,0.0874369049095,-0.0525388419851,1.48335942189,0.345145677274,-0.0314466061517,0.0655776786821,100.0
3.230364,-0.786165153791,0.0617427267124,0.427597144623,0.0103543703182,-0.36968936988,1.51212156166,2.862024655,92.4437332153,-0.318301013486,0.0870534097125,-0.0521553467881,1.48412641228,0.34437868688,-0.0318301013486,0.0655776786821,100.0
3.240364,-0.786165153791,0.0617427267124,0.428747630214,0.0103543703182,-0.370072865077,1.51250505686,2.8616411598,92.4437332153,-0.318684508683,0.0878204001064,-0.0521553467881,1.48412641228,0.344762182077,-0.0322135965456,0.0648106882882,100.0
3.250366,-0.785781658594,0.0621262219094,0.427597144623,0.00997087512126,-0.36968936988,1.51250505686,2.862024655,92.4437332153,-0.317917518289,0.0870534097125,-0.0525388419851,1.48450990748,0.344762182077,-0.0310631109547,0.0648106882882,100.0
3.260364,-0.785398163397,0.0613592315154,0.429131125411,0.00997087512126,-0.369305874683,1.51212156166,2.86279164539,92.4437332153,-0.317534023092,0.0874369049095,-0.0517718515911,1.48450990748,0.344762182077,-0.0318301013486,0.0651941834851,100.0
3.270363,-0.785781658594,0.0605922411215,0.427597144623,0.00997087512126,-0.369305874683,1.51173806646,2.8616411598,92.4437332153,-0.318684508683,0.0878204001064,-0.0521553467881,1.48335942189,0.34437868688,-0.0310631109547,0.0651941834851,100.0
3.280370,-0.785398163397,0.0609757363184,0.428364135017,0.00920388472731,-0.36968936988,1.51212156166,2.862024655,92.4437332153,-0.317917518289,0.0874369049095,-0.0525388419851,1.48374291708,0.344762182077,-0.0318301013486,0.0655776786821,100.0
3.290376,-0.786548648988,0.0609757363184,0.428364135017,0.00958737992428,-0.36968936988,1.51212156166,2.86240815019,92.4437332153,-0.318301013486,0.0874369049095,-0.0525388419851,1.48450990748,0.34437868688,-0.0325970917426,0.0659611738791,100.0
3.300370,-0.786165153791,0.0613592315154,0.428364135017,0.00997087512126,-0.36968936988,1.51212156166,2.86240815019,92.4437332153,-0.318684508683,0.0862864193186,-0.0521553467881,1.48450990748,0.344762182077,-0.0314466061517,0.0659611738791,100.0
3.310371,-0.785398163397,0.0605922411215,0.428747630214,0.00997087512126,-0.36968936988,1.51212156166,2.862024655,92.4437332153,-0.318684508683,0.0870534097125,-0.0521553467881,1.48412641228,0.344762182077,-0.0310631109547,0.0648106882882,100.0
3.320368,-0.785781658594,0.0613592315154,0.427597144623,0.00997087512126,-0.369305874683,1.51212156166,2.86279164539,92.4437332153,-0.318684508683,0.0874369049095,-0.052922337182,1.48412641228,0.344762182077,-0.0322135965456,0.0648106882882,100.0
3.330364,-0.785781658594,0.0613592315154,0.427213649426,0.00958737992428,-0.36968936988,1.51212156166,2.862024655,92.4437332153,-0.318684508683,0.0870534097125,-0.0525388419851,1.48374291708,0.34437868688,-0.0314466061517,0.0644271930912,100.0
3.340367,-0.785398163397,0.0605922411215,0.427597144623,0.0103543703182,-0.369305874683,1.51212156166,2.862024655,92.4437332153,-0.318684508683,0.0874369049095,-0.0517718515911,1.48374291708,0.34437868688,-0.0318301013486,0.0640436978942,100.0
3.350364,-0.786548648988,0.0613592315154,0.42798063982,0.00997087512126,-0.369305874683,1.51250505686,2.862024655,92.4437332153,-0.317917518289,0.0874369049095,-0.0517718515911,1.48450990748,0.34437868688,-0.0314466061517,0.0648106882882,100.0
3.360366,-0.786548648988,0.0621262219094,0.427597144623,0.0103543703182,-0.369305874683,1.51212156166,2.86279164539,92.4437332153,-0.317917518289,0.0870534097125,-0.0525388419851,1.48527689787,0.345529172471,-0.0310631109547,0.0651941834851,100.0
3.370363,-0.785398163397,0.0613592315154,0.427597144623,0.00920388472731,-0.368922379486,1.51250505686,2.862024655,92.4437332153,-0.317917518289,0.0870534097125,-0.0517718515911,1.48450990748,0.34437868688,-0.0325970917426,0.0655776786821,100.0
3.380364,-0.786165153791,0.0613592315154,0.42798063982,0.00997087512126,-0.369305874683,1.51173806646,2.86240815019,92.4437332153,-0.31906800388,0.0866699145155,-0.0521553467881,1.48412641228,0.34437868688,-0.0318301013486,0.0655776786821,100.0
3.390367,-0.786165153791,0.0617427267124,0.427597144623,0.0103543703182,-0.369305874683,1.51173806646,2.86240815019,92.4437332153,-0.31906800388,0.0866699145155,-0.0521553467881,1.48374291708,0.34437868688,-0.0314466061517,0.0659611738791,100.0
3.400380,-0.785781658594,0.0617427267124,0.427213649426,0.0103543703182,-0.36968936988,1.51212156166,2.8616411598,92.4437332153,-0.318684508683,0.0874369049095,-0.052922337182,1.48335942189,0.343995191683,-0.0314466061517,0.0659611738791,100.0
3.410389,-0.786165153791,0.0617427267124,0.426830154229,0.00997087512126,-0.36968936988,1.51212156166,2.862024655,92.4437332153,-0.317917518289,0.0874369049095,-0.0521553467881,1.48412641228,0.344762182077,-0.0310631109547,0.0644271930912,100.0
3.420366,-0.786165153791,0.0609757363184,0.428364135017,0.00958737992428,-0.369305874683,1.51173806646,2.8616411598,92.4437332153,-0.317917518289,0.0866699145155,-0.0521553467881,1.48412641228,0.34437868688,-0.0318301013486,0.0648106882882,100.0
3.430365,-0.785781658594,0.0613592315154,0.42798063982,0.00958737992428,-0.36968936988,1.51250505686,2.862024655,92.4437332153,-0.317917518289,0.0874369049095,-0.0525388419851,1.48374291708,0.343995191683,-0.0318301013486,0.0651941834851,100.0
3.440371,-0.785398163397,0.0609757363184,0.42798063982,0.00997087512126,-0.369305874683,1.51212156166,2.86240815019,92.4437332153,-0.318301013486,0.0866699145155,-0.0525388419851,1.48335942189,0.34437868688,-0.0314466061517,0.0648106882882,100.0
3.450369,-0.786165153791,0.0605922411215,0.427213649426,0.00958737992428,-0.370072865077,1.51250505686,2.86240815019,92.4437332153,-0.318301013486,0.0870534097125,-0.0525388419851,1.48297592669,0.343995191683,-0.0318301013486,0.0659611738791,100.0
3.460367,-0.785781658594,0.0605922411215,0.42798063982,0.00997087512126,-0.369305874683,1.51288855205,2.86240815019,92.4437332153,-0.318684508683,0.0878204001064,-0.0521553467881,1.48374291708,0.34437868688,-0.0322135965456,0.0648106882882,100.0
3.470364,-0.786165153791,0.0613592315154,0.428364135017,0.00997087512126,-0.36968936988,1.51442253284,2.8616411598,92.4437332153,-0.318301013486,0.0870534097125,-0.052922337182,1.48412641228,0.343995191683,-0.0310631109547,0.0651941834851,100.0
3.480364,-0.786548648988,0.0609757363184,0.427213649426,0.00997087512126,-0.370072865077,1.51327204725,2.86240815019,92.4437332153,-0.318684508683,0.0874369049095,-0.0521553467881,1.48412641228,0.34437868688,-0.0314466061517,0.0644271930912,100.0
3.490366,-0.786548648988,0.0609757363184,0.427597144623,0.0103543703182,-0.369305874683,1.51442253284,2.86240815019,92.4437332153,-0.317917518289,0.0878204001064,-0.0521553467881,1.48450990748,0.343995191683,-0.0325970917426,0.0644271930912,100.0
3.500364,-0.785781658594,0.0609757363184,0.428364135017,0.00958737992428,-0.370072865077,1.51442253284,2.862024655,92.4437332153,-0.318684508683,0.0874369049095,-0.052922337182,1.48374291708,0.343611696486,-0.0318301013486,0.0648106882882,100.0
3.510365,-0.785398163397,0.0613592315154,0.428364135017,0.0103543703182,-0.368922379486,1.51442253284,2.862024655,92.4437332153,-0.318301013486,0.0866699145155,-0.0517718515911,1.48335942189,0.343995191683,-0.0322135965456,0.0651941834851,100.0
3.520361,-0.7850146682,0.0609757363184,0.42798063982,0.00920388472731,-0.369305874683,1.51403903764,2.8616411598,92.4437332153,-0.318684508683,0.0874369049095,-0.0521553467881,1.48297592669,0.345145677274,-0.0322135965456,0.0659611738791,100.0
3.530363,-0.785398163397,0.0609757363184,0.428364135017,0.00997087512126,-0.369305874683,1.51250505686,2.862024655,92.4437332153,-0.317917518289,0.0878204001064,-0.0525388419851,1.48450990748,0.344762182077,-0.0314466061517,0.0648106882882,100.0
3.540363,-0.785398163397,0.0609757363184,0.42798063982,0.0103543703182,-0.36968936988,1.51173806646,2.86240815019,92.4437332153,-0.318684508683,0.0878204001064,-0.0517718515911,1.48489340267,0.344762182077,-0.0314466061517,0.0651941834851,100.0
3.550449,-0.786165153791,0.0609757363184,0.428364135017,0.0103543703182,-0.36968936988,1.51097107607,2.8616411598,92.4437332153,-0.317534023092,0.0870534097125,-0.0525388419851,1.48450990748,0.34437868688,-0.0322135965456,0.0651941834851,100.0
3.560378,-0.785398163397,0.0605922411215,0.427597144623,0.00920388472731,-0.36968936988,1.51058758087,2.86240815019,92.4437332153,-0.318301013486,0.0870534097125,-0.0525388419851,1.48374291708,0.34437868688,-0.0318301013486,0.0651941834851,100.0
3.570370,-0.785398163397,0.0609757363184,0.427597144623,0.00997087512126,-0.36968936988,1.51097107607,2.86240815019,92.4437332153,-0.318301013486,0.0874369049095,-0.0525388419851,1.48374291708,0.34437868688,-0.0322135965456,0.0644271930912,100.0
3.580365,-0.7850146682,0.0609757363184,0.427213649426,0.00920388472731,-0.369305874683,1.51097107607,2.862024655,92.4437332153,-0.318684508683,0.0878204001064,-0.053305832379,1.48374291708,0.34437868688,-0.0318301013486,0.0655776786821,100.0
3.590365,-0.785398163397,0.0605922411215,0.428747630214,0.00920388472731,-0.36968936988,1.51097107607,2.862024655,92.4437332153,-0.318301013486,0.0862864193186,-0.0521553467881,1.48374291708,0.344762182077,-0.0318301013486,0.0648106882882,100.0
3.600367,-0.785398163397,0.0602087459245,0.427597144623,0.00920388472731,-0.36968936988,1.51097107607,2.86279164539,92.4437332153,-0.318301013486,0.0874369049095,-0.0521553467881,1.48374291708,0.344762182077,-0.0314466061517,0.0651941834851,100.0
3.610371,-0.785398163397,0.0605922411215,0.428747630214,0.00920388472731,-0.369305874683,1.50943709528,2.862024655,92.4437332153,-0.317917518289,0.0874369049095,-0.0525388419851,1.48297592669,0.34437868688,-0.0318301013486,0.0651941834851,100.0
3.620370,-0.785398163397,0.0602087459245,0.427213649426,0.00958737992428,-0.36968936988,1.50828660969,2.862024655,92.4437332153,-0.318301013486,0.0878204001064,-0.0525388419851,1.48374291708,0.344762182077,-0.0325970917426,0.0655776786821,100.0
3.630372,-0.785781658594,0.0602087459245,0.427597144623,0.00920388472731,-0.369305874683,1.50598563851,2.862024655,92.4437332153,-0.318301013486,0.0874369049095,-0.0521553467881,1.48374291708,0.345145677274,-0.0318301013486,0.0644271930912,100.0
3.640370,-0.785398163397,0.0598252507275,0.42798063982,0.00882038953034,-0.369305874683,1.50598563851,2.86240815019,92.4437332153,-0.317534023092,0.0866699145155,-0.0513883563942,1.48297592669,0.34437868688,-0.0318301013486,0.0655776786821,100.0
3.650368,-0.785781658594,0.0605922411215,0.42798063982,0.00843689433337,-0.368922379486,1.50445165772,2.862024655,92.4437332153,-0.317917518289,0.0874369049095,-0.0525388419851,1.48374291708,0.344762182077,-0.0299126253638,0.0651941834851,100.0
3.660370,-0.785398163397,0.0605922411215,0.427597144623,0.00882038953034,-0.36968936988,1.50445165772,2.862024655,92.4437332153,-0.31906800388,0.0866699145155,-0.0525388419851,1.48412641228,0.344762182077,-0.0322135965456,0.0648106882882,100.0
3.670369,-0.785781658594,0.0602087459245,0.42798063982,0.00920388472731,-0.369305874683,1.50483515292,2.862024655,92.4437332153,-0.318301013486,0.0862864193186,-0.0517718515911,1.48374291708,0.34437868688,-0.0314466061517,0.0648106882882,100.0
3.680370,-0.786165153791,0.0594417555306,0.427213649426,0.00958737992428,-0.36968936988,1.50291767693,2.862024655,92.4437332153,-0.318301013486,0.0870534097125,-0.0525388419851,1.48335942189,0.344762182077,-0.0310631109547,0.0659611738791,100.0
3.690368,-0.785398163397,0.0602087459245,0.427597144623,0.00997087512126,-0.36968936988,1.50253418173,2.8612576646,92.4437332153,-0.317917518289,0.0870534097125,-0.0521553467881,1.48412641228,0.344762182077,-0.0318301013486,0.0655776786821,100.0
3.700404,-0.785781658594,0.0602087459245,0.427213649426,0.00997087512126,-0.368538884289,1.50176719134,2.862024655,92.4437332153,-0.317534023092,0.0870534097125,-0.0517718515911,1.48412641228,0.344762182077,-0.0318301013486,0.0655776786821,100.0
3.710371,-0.785781658594,0.0598252507275,0.427597144623,0.00997087512126,-0.369305874683,1.50176719134,2.8616411598,92.4437332153,-0.317917518289,0.0874369049095,-0.053305832379,1.48412641228,0.343995191683,-0.0322135965456,0.0648106882882,100.0
3.720379,-0.785781658594,0.0609757363184,0.428364135017,0.00882038953034,-0.368922379486,1.50330117213,2.86240815019,92.4437332153,-0.317917518289,0.0866699145155,-0.0517718515911,1.48412641228,0.34437868688,-0.0322135965456,0.0644271930912,100.0
3.730369,-0.785781658594,0.0602087459245,0.427597144623,0.00882038953034,-0.368538884289,1.50330117213,2.8616411598,92.4437332153,-0.318301013486,0.0870534097125,-0.0517718515911,1.48374291708,0.343611696486,-0.0322135965456,0.0651941834851,100.0
3.740369,-0.785398163397,0.0609757363184,0.42798063982,0.00997087512126,-0.368922379486,1.50521864811,2.86240815019,92.4437332153,-0.317917518289,0.0870534097125,-0.0525388419851,1.48450990748,0.344762182077,-0.0322135965456,0.0644271930912,100.0
3.750374,-0.785398163397,0.0613592315154,0.428364135017,0.0103543703182,-0.368922379486,1.50598563851,2.8616411598,92.4437332153,-0.318301013486,0.0866699145155,-0.0521553467881,1.48335942189,0.344762182077,-0.0314466061517,0.0651941834851,100.0
3.760366,-0.786165153791,0.0605922411215,0.428364135017,0.0107378655152,-0.36968936988,1.5071361241,2.862024655,92.4437332153,-0.317917518289,0.0870534097125,-0.0521553467881,1.48412641228,0.344762182077,-0.0314466061517,0.0651941834851,100.0
3.770367,-0.7850146682,0.0609757363184,0.426830154229,0.0107378655152,-0.36968936988,1.50828660969,2.86240815019,92.4437332153,-0.318301013486,0.0878204001064,-0.0521553467881,1.48374291708,0.343611696486,-0.0314466061517,0.0651941834851,100.0
3.780365,-0.785781658594,0.0613592315154,0.427213649426,0.0103543703182,-0.370072865077,1.50905360008,2.86355863579,92.4437332153,-0.317917518289,0.0878204001064,-0.0517718515911,1.48412641228,0.345145677274,-0.0318301013486,0.0651941834851,100.0
3.790364,-0.785781658594,0.0613592315154,0.428364135017,0.0111213607122,-0.370456360274,1.50982059048,2.86470912138,92.4437332153,-0.318301013486,0.0878204001064,-0.0517718515911,1.48489340267,0.34437868688,-0.0318301013486,0.0648106882882,100.0
3.800365,-0.785781658594,0.0613592315154,0.428747630214,0.0118883511061,-0.370456360274,1.51020408567,2.86547611177,92.4437332153,-0.317917518289,0.0874369049095,-0.0517718515911,1.48335942189,0.345145677274,-0.0314466061517,0.0651941834851,100.0
3.810366,-0.785781658594,0.0609757363184,0.42798063982,0.0115048559091,-0.370839855471,1.50982059048,2.86816057815,92.4437332153,-0.318301013486,0.0874369049095,-0.0510048611972,1.48335942189,0.344762182077,-0.0318301013486,0.066344669076,100.0
3.820367,-0.785781658594,0.0613592315154,0.42798063982,0.0107378655152,-0.370456360274,1.50905360008,2.87084504453,92.4437332153,-0.318301013486,0.0862864193186,-0.0517718515911,1.48450990748,0.34437868688,-0.0318301013486,0.0651941834851,100.0
3.830370,-0.786165153791,0.0613592315154,0.428747630214,0.0118883511061,-0.370072865077,1.50943709528,2.87352951091,92.4437332153,-0.318684508683,0.0870534097125,-0.0521553467881,1.48374291708,0.344762182077,-0.0322135965456,0.0648106882882,100.0
3.840391,-0.786932144185,0.0605922411215,0.42798063982,0.0126553415001,-0.370072865077,1.51058758087,2.87621397729,92.4437332153,-0.318684508683,0.0866699145155,-0.0521553467881,1.48412641228,0.344762182077,-0.0314466061517,0.0655776786821,100.0
3.850402,-0.787315639382,0.0609757363184,0.427597144623,0.0115048559091,-0.370456360274,1.51058758087,2.87966543406,92.4437332153,-0.318684508683,0.0874369049095,-0.0517718515911,1.48374291708,0.344762182077,-0.0314466061517,0.0648106882882,100.0
3.860378,-0.788466124973,0.0605922411215,0.42798063982,0.013422331894,-0.368922379486,1.51020408567,2.88503436682,92.4437332153,-0.31906800388,0.0866699145155,-0.0521553467881,1.48412641228,0.34437868688,-0.0314466061517,0.0644271930912,100.0
3.870368,-0.78884962017,0.0605922411215,0.427597144623,0.0122718463031,-0.368538884289,1.51135457126,2.88886931879,92.4437332153,-0.319451499077,0.0866699145155,-0.0525388419851,1.48335942189,0.344762182077,-0.0322135965456,0.0655776786821,100.0
3.880366,-0.790000105761,0.0602087459245,0.427597144623,0.0122718463031,-0.368922379486,1.51250505686,2.89462174674,92.4437332153,-0.317917518289,0.0874369049095,-0.0513883563942,1.48450990748,0.345145677274,-0.0310631109547,0.066344669076,100.0
3.890385,-0.789616610564,0.0594417555306,0.429131125411,0.0122718463031,-0.368922379486,1.51442253284,2.90037417469,92.4437332153,-0.317917518289,0.0866699145155,-0.0525388419851,1.48374291708,0.343995191683,-0.0314466061517,0.0651941834851,100.0
3.900368,-0.790767096155,0.0602087459245,0.427597144623,0.0126553415001,-0.369305874683,1.51518952323,2.90727708824,92.4437332153,-0.318301013486,0.0870534097125,-0.0525388419851,1.48489340267,0.34437868688,-0.0325970917426,0.0659611738791,100.0
3.910365,-0.791150591352,0.0590582603336,0.42798063982,0.0118883511061,-0.36968936988,1.51672350402,2.91379650659,92.4437332153,-0.318301013486,0.0878204001064,-0.0513883563942,1.48335942189,0.343995191683,-0.0314466061517,0.0655776786821,100.0
3.920366,-0.791150591352,0.0586747651366,0.427597144623,0.0111213607122,-0.369305874683,1.51864098001,2.92184990572,92.4437332153,-0.318301013486,0.0878204001064,-0.0525388419851,1.48412641228,0.343995191683,-0.0322135965456,0.0651941834851,100.0
3.930364,-0.791534086549,0.0586747651366,0.428747630214,0.0115048559091,-0.370072865077,1.5197914656,2.92951980966,92.4437332153,-0.317917518289,0.0874369049095,-0.0525388419851,1.48489340267,0.344762182077,-0.0318301013486,0.0644271930912,100.0
3.940367,-0.79268457214,0.0586747651366,0.428364135017,0.0111213607122,-0.36968936988,1.52247593198,2.93680621841,92.4437332153,-0.318301013486,0.0870534097125,-0.0517718515911,1.48412641228,0.34437868688,-0.0314466061517,0.0655776786821,100.0
3.950366,-0.793068067337,0.0586747651366,0.42798063982,0.0111213607122,-0.36968936988,1.52400991276,2.94524311274,92.4437332153,-0.318301013486,0.0866699145155,-0.0525388419851,1.48335942189,0.34437868688,-0.0318301013486,0.0644271930912,100.0
3.960364,-0.794985543322,0.0579077747427,0.42798063982,0.0107378655152,-0.36968936988,1.52554389355,2.95406350227,92.4437332153,-0.318301013486,0.0874369049095,-0.0525388419851,1.48450990748,0.343995191683,-0.0318301013486,0.0659611738791,100.0
3.970367,-0.794602048125,0.0579077747427,0.42798063982,0.0103543703182,-0.370072865077,1.52669437914,2.96211690141,92.4437332153,-0.317917518289,0.0874369049095,-0.0517718515911,1.48374291708,0.34437868688,-0.0310631109547,0.0644271930912,100.0
3.980366,-0.796136028913,0.0556068035608,0.427597144623,0.00997087512126,-0.370456360274,1.52822835993,2.97017030054,92.4437332153,-0.317917518289,0.0870534097125,-0.0513883563942,1.48374291708,0.34437868688,-0.0322135965456,0.0659611738791,100.0
3.990365,-0.796903019306,0.0548398131669,0.42798063982,0.0103543703182,-0.370456360274,1.53052933111,2.97784020448,92.4437332153,-0.318301013486,0.0862864193186,-0.0521553467881,1.48489340267,0.343995191683,-0.0318301013486,0.0659611738791,100.0
4.000365,-0.7976700097,0.054072822773,0.427597144623,0.00958737992428,-0.370456360274,1.5324468071,2.98474311803,92.4437332153,-0.317917518289,0.0866699145155,-0.052922337182,1.48489340267,0.34437868688,-0.0318301013486,0.0655776786821,100.0
4.010363,-0.799970980882,0.053305832379,0.427597144623,0.00920388472731,-0.371223350668,1.53474777828,2.99164603157,92.4437332153,-0.317917518289,0.0866699145155,-0.0521553467881,1.48374291708,0.344762182077,-0.0310631109547,0.0659611738791,100.0
4.020367,-0.798820495291,0.0513883563942,0.427597144623,0.00920388472731,-0.371223350668,1.53819923505,2.99739845953,92.4437332153,-0.318301013486,0.0870534097125,-0.0517718515911,1.48374291708,0.344762182077,-0.0318301013486,0.0648106882882,100.0
4.030365,-0.799970980882,0.0502378708032,0.428364135017,0.00843689433337,-0.371990341062,1.54126719663,3.00238389709,92.4437332153,-0.317917518289,0.0874369049095,-0.0525388419851,1.48412641228,0.34437868688,-0.0318301013486,0.0644271930912,100.0
4.040366,-0.801121466473,0.0475534044244,0.42798063982,0.00958737992428,-0.372757331456,1.5447186534,3.00698583945,92.4437332153,-0.318684508683,0.0874369049095,-0.052922337182,1.48450990748,0.343995191683,-0.0318301013486,0.0651941834851,100.0
4.050365,-0.802271952064,0.0456359284396,0.427213649426,0.00920388472731,-0.372373836259,1.54855360537,3.01043729623,92.4437332153,-0.318684508683,0.0878204001064,-0.0521553467881,1.48412641228,0.34437868688,-0.0318301013486,0.0644271930912,100.0
4.060327,-0.803038942458,0.0441019476517,0.427213649426,0.00920388472731,-0.372373836259,1.55315554773,3.01235477221,92.4437332153,-0.317917518289,0.0870534097125,-0.052922337182,1.48335942189,0.344762182077,-0.0310631109547,0.0659611738791,100.0
4.070371,-0.804189428049,0.0421844716668,0.42798063982,0.00920388472731,-0.371990341062,1.55890797569,3.01465574339,92.4437332153,-0.317917518289,0.0862864193186,-0.0517718515911,1.48412641228,0.344762182077,-0.0314466061517,0.0659611738791,100.0
4.080367,-0.804956418443,0.0391165100911,0.42798063982,0.00958737992428,-0.371223350668,1.56389341325,3.01503923859,92.4437332153,-0.318684508683,0.0870534097125,-0.0525388419851,1.48450990748,0.34437868688,-0.0318301013486,0.0644271930912,100.0
4.090364,-0.805723408837,0.0368155389092,0.428364135017,0.00920388472731,-0.370839855471,1.56926234601,3.01580622898,92.4437332153,-0.318684508683,0.0878204001064,-0.0521553467881,1.48374291708,0.344762182077,-0.0310631109547,0.0651941834851,100.0
4.100364,-0.806873894428,0.0341310725305,0.427213649426,0.00882038953034,-0.369305874683,1.57578176436,3.01618972418,92.4437332153,-0.317917518289,0.0870534097125,-0.0525388419851,1.48335942189,0.34437868688,-0.0318301013486,0.0648106882882,100.0
4.110365,-0.808407875216,0.0314466061517,0.428747630214,0.00843689433337,-0.368155389092,1.5823011827,3.01618972418,92.4437332153,-0.318684508683,0.0874369049095,-0.0525388419851,1.48412641228,0.34437868688,-0.0314466061517,0.0651941834851,100.0
4.120371,-0.808791370413,0.0283786445759,0.428364135017,0.00766990393943,-0.367388398699,1.58958759145,3.01542273379,92.4437332153,-0.319451499077,0.0862864193186,-0.0525388419851,1.48450990748,0.34437868688,-0.0314466061517,0.0648106882882,100.0
4.130368,-0.808407875216,0.0260776733941,0.428364135017,0.00728640874246,-0.365854417911,1.59610700979,3.01465574339,92.4437332153,-0.31906800388,0.0870534097125,-0.0521553467881,1.48335942189,0.34437868688,-0.0322135965456,0.0659611738791,100.0
4.140363,-0.80917486561,0.0230097118183,0.428747630214,0.0053689327576,-0.36470393232,1.60300992334,3.01542273379,92.4437332153,-0.318684508683,0.0874369049095,-0.0521553467881,1.48412641228,0.344762182077,-0.0310631109547,0.0655776786821,100.0
4.150366,-0.80917486561,0.0195582550455,0.428747630214,0.00460194236366,-0.363936941926,1.60914584649,3.01503923859,92.4437332153,-0.318684508683,0.0862864193186,-0.052922337182,1.48374291708,0.34437868688,-0.0322135965456,0.0648106882882,100.0
4.160366,-0.809941856003,0.0168737886667,0.429514620608,0.00345145677274,-0.363169951532,1.61604876004,3.01580622898,92.4437332153,-0.317917518289,0.0870534097125,-0.0521553467881,1.48450990748,0.343995191683,-0.0318301013486,0.0655776786821,100.0
4.170363,-0.810708846397,0.0141893222879,0.428747630214,0.0026844663788,-0.362402961138,1.62333516878,3.01542273379,92.4437332153,-0.317917518289,0.0862864193186,-0.0521553467881,1.48450990748,0.34437868688,-0.0318301013486,0.0651941834851,100.0
4.180366,-0.809941856003,0.0111213607122,0.429131125411,0.000766990393943,-0.362019465941,1.63023808233,3.01580622898,92.4437332153,-0.317917518289,0.0870534097125,-0.0525388419851,1.48412641228,0.344762182077,-0.0318301013486,0.0659611738791,100.0
4.190366,-0.810708846397,0.00728640874246,0.429898115805,-0.00153398078789,-0.363169951532,1.63714099587,3.01542273379,92.4437332153,-0.317917518289,0.0862864193186,-0.0521553467881,1.48450990748,0.343995191683,-0.0322135965456,0.0655776786821,100.0
4.200363,-0.809941856003,0.00460194236366,0.430281611002,-0.00345145677274,-0.362402961138,1.64327691902,3.01580622898,92.4437332153,-0.317917518289,0.0874369049095,-0.052922337182,1.48335942189,0.344762182077,-0.0318301013486,0.0659611738791,100.0
4.210363,-0.8103253512,0.000766990393943,0.429898115805,-0.0053689327576,-0.363169951532,1.64864585178,3.01580622898,92.4437332153,-0.318684508683,0.0874369049095,-0.0525388419851,1.48335942189,0.34437868688,-0.0310631109547,0.0659611738791,100.0
4.220369,-0.809558360807,-0.00230097118183,0.430665106199,-0.0080533991364,-0.363169951532,1.65439827973,3.01503923859,92.4437332153,-0.31906800388,0.0870534097125,-0.0521553467881,1.48412641228,0.34437868688,-0.0314466061517,0.0655776786821,100.0
4.230365,-0.811859331988,-0.00460194236366,0.430665106199,-0.0111213607122,-0.363553446729,1.66015070769,3.01618972418,92.4437332153,-0.318301013486,0.0862864193186,-0.0510048611972,1.48450990748,0.343611696486,-0.0322135965456,0.0651941834851,100.0
4.240363,-0.8103253512,-0.00766990393943,0.43181559179,-0.013805827091,-0.362402961138,1.66436915486,3.01542273379,92.4437332153,-0.318684508683,0.0874369049095,-0.0521553467881,1.48489340267,0.344762182077,-0.0318301013486,0.0655776786821,100.0
4.250363,-0.809558360807,-0.0107378655152,0.432582582184,-0.0168737886667,-0.362019465941,1.66820410683,3.01542273379,92.4437332153,-0.318684508683,0.0866699145155,-0.0525388419851,1.48450990748,0.345145677274,-0.0314466061517,0.0659611738791,100.0
4.260364,-0.809558360807,-0.0126553415001,0.433349572578,-0.0203252454395,-0.361252475547,1.6716555636,3.01542273379,92.4437332153,-0.31906800388,0.0859029241216,-0.0521553467881,1.48374291708,0.34437868688,-0.0322135965456,0.0651941834851,100.0
4.270366,-0.808407875216,-0.0164902934698,0.434500058169,-0.0260776733941,-0.360101989956,1.67510702037,3.01503923859,92.4437332153,-0.318301013486,0.0870534097125,-0.052922337182,1.48412641228,0.344762182077,-0.0314466061517,0.0651941834851,100.0
4.280364,-0.808024380019,-0.0184077694546,0.436034038956,-0.0295291301668,-0.359334999562,1.67740799155,3.01542273379,92.4437332153,-0.317917518289,0.0866699145155,-0.0517718515911,1.48412641228,0.34437868688,-0.0318301013486,0.0648106882882,100.0
4.290362,-0.807257389625,-0.0218592262274,0.437184524547,-0.0333640821365,-0.358568009168,1.68085944833,3.01542273379,92.4437332153,-0.317917518289,0.0878204001064,-0.0517718515911,1.48374291708,0.34437868688,-0.0314466061517,0.0644271930912,100.0
4.300364,-0.807257389625,-0.0241601974092,0.438335010138,-0.0375825293032,-0.358951504365,1.6843109051,3.01503923859,92.4437332153,-0.31906800388,0.0870534097125,-0.0510048611972,1.48450990748,0.343995191683,-0.0310631109547,0.0644271930912,100.0
4.310363,-0.806490399231,-0.026461168591,0.439868990926,-0.0421844716668,-0.358951504365,1.68661187628,3.01580622898,92.4437332153,-0.317917518289,0.0862864193186,-0.0513883563942,1.48412641228,0.344762182077,-0.0318301013486,0.0651941834851,100.0
4.320364,-0.80533991364,-0.0295291301668,0.440252486123,-0.0475534044244,-0.358568009168,1.68852935226,3.01580622898,92.4437332153,-0.318301013486,0.0862864193186,-0.0513883563942,1.48450990748,0.344762182077,-0.0325970917426,0.0655776786821,100.0
4.330367,-0.80533991364,-0.0322135965456,0.442169962108,-0.0525388419851,-0.358951504365,1.69121381864,3.01657321938,92.4437332153,-0.318301013486,0.0862864193186,-0.0513883563942,1.48374291708,0.34437868688,-0.0314466061517,0.0659611738791,100.0
4.340369,-0.804572923246,-0.0345145677274,0.443703942896,-0.0556068035608,-0.359334999562,1.69198080904,3.01618972418,92.4437332153,-0.318684508683,0.0862864193186,-0.0513883563942,1.48450990748,0.34437868688,-0.0318301013486,0.0651941834851,100.0
4.350367,-0.804572923246,-0.039883500485,0.444854428487,-0.0544563179699,-0.358951504365,1.68967983786,3.01734020977,92.4437332153,-0.317917518289,0.0878204001064,-0.0517718515911,1.48374291708,0.344762182077,-0.0310631109547,0.0651941834851,100.0
4.360364,-0.804189428049,-0.0441019476517,0.446004914078,-0.0559902987578,-0.360101989956,1.68929634266,3.01887419056,92.4437332153,-0.31906800388,0.0878204001064,-0.0521553467881,1.48412641228,0.34437868688,-0.0314466061517,0.0651941834851,100.0
4.370369,-0.804572923246,-0.0475534044244,0.44830588526,-0.054072822773,-0.361635970744,1.68814585707,3.01887419056,92.4437332153,-0.318684508683,0.0874369049095,-0.0521553467881,1.48374291708,0.34437868688,-0.0318301013486,0.0651941834851,100.0
4.380367,-0.804189428049,-0.0521553467881,0.449072875653,-0.0552233083639,-0.361252475547,1.68622838108,3.02002467615,92.4437332153,-0.318301013486,0.0862864193186,-0.0517718515911,1.48335942189,0.34437868688,-0.0322135965456,0.0659611738791,100.0
4.390366,-0.803038942458,-0.0571407843487,0.44830588526,-0.053689327576,-0.362019465941,1.68507789549,3.02270914253,92.4437332153,-0.318301013486,0.0866699145155,-0.0521553467881,1.48450990748,0.343995191683,-0.0325970917426,0.0659611738791,100.0
4.400365,-0.804189428049,-0.0609757363184,0.449839866047,-0.0521553467881,-0.363553446729,1.6839274099,3.02385962812,92.4437332153,-0.317534023092,0.0874369049095,-0.0525388419851,1.48412641228,0.345145677274,-0.0322135965456,0.0651941834851,100.0
4.410655,-0.803805932852,-0.0651941834851,0.452140837229,-0.0521553467881,-0.365470922714,1.68239342911,3.02501011371,92.4437332153,-0.318684508683,0.0866699145155,-0.0521553467881,1.48335942189,0.343995191683,-0.0318301013486,0.0659611738791,100.0
4.420368,-0.803038942458,-0.0690291354548,0.452907827623,-0.052922337182,-0.365470922714,1.68047595313,3.0261605993,92.4437332153,-0.318684508683,0.0862864193186,-0.0521553467881,1.48374291708,0.34437868688,-0.0314466061517,0.0648106882882,100.0
4.430371,-0.802655447261,-0.0732475826215,0.452907827623,-0.052922337182,-0.36470393232,1.68009245793,3.02884506568,92.4437332153,-0.318684508683,0.0866699145155,-0.0517718515911,1.48374291708,0.344762182077,-0.0310631109547,0.0655776786821,100.0
4.440373,-0.802655447261,-0.0770825345912,0.454441808411,-0.054072822773,-0.365470922714,1.67855847714,3.02961205607,92.4437332153,-0.317917518289,0.0866699145155,-0.0521553467881,1.48335942189,0.344762182077,-0.0310631109547,0.0644271930912,100.0
4.450370,-0.802655447261,-0.0813009817579,0.455592294002,-0.0525388419851,-0.366621408305,1.67625750596,3.03191302726,92.4437332153,-0.318301013486,0.0870534097125,-0.0513883563942,1.48374291708,0.34437868688,-0.0318301013486,0.0651941834851,100.0
4.460370,-0.80150496167,-0.0847524385307,0.456359284396,-0.0525388419851,-0.366621408305,1.67434002998,3.03383050324,92.4437332153,-0.31906800388,0.0866699145155,-0.0517718515911,1.48450990748,0.344762182077,-0.0325970917426,0.0651941834851,100.0
4.470375,-0.802655447261,-0.0889708856974,0.457509769987,-0.053689327576,-0.365087427517,1.67242255399,3.03574797923,92.4437332153,-0.318301013486,0.0866699145155,-0.0525388419851,1.48450990748,0.344762182077,-0.0318301013486,0.0659611738791,100.0
4.480386,-0.80150496167,-0.0924223424701,0.458276760381,-0.053305832379,-0.36470393232,1.67012158281,3.03651496962,92.4437332153,-0.317917518289,0.0866699145155,-0.0521553467881,1.48527689787,0.343995191683,-0.0322135965456,0.0655776786821,100.0
4.490381,-0.802655447261,-0.0966407896368,0.459810741169,-0.0544563179699,-0.365470922714,1.66820410683,3.03804895041,92.4437332153,-0.318301013486,0.0862864193186,-0.0517718515911,1.48374291708,0.344762182077,-0.0318301013486,0.0655776786821,100.0
4.500391,-0.801888456867,-0.10009224641,0.460577731563,-0.053689327576,-0.365854417911,1.66628663084,3.039199436,92.4437332153,-0.318301013486,0.0862864193186,-0.0521553467881,1.48374291708,0.345145677274,-0.0325970917426,0.0655776786821,100.0
4.510427,-0.801888456867,-0.103927198379,0.460194236366,-0.052922337182,-0.365470922714,1.66551964045,3.03996642639,92.4437332153,-0.318301013486,0.0870534097125,-0.0525388419851,1.48374291708,0.344762182077,-0.0314466061517,0.0655776786821,100.0
4.520368,-0.801888456867,-0.108145645546,0.461728217154,-0.052922337182,-0.366237913108,1.66360216446,3.04073341679,92.4437332153,-0.317917518289,0.0866699145155,-0.053305832379,1.48374291708,0.34437868688,-0.0318301013486,0.0651941834851,100.0
4.530364,-0.801888456867,-0.111213607122,0.462495207547,-0.0548398131669,-0.367004903502,1.66283517407,3.04150040718,92.4437332153,-0.318684508683,0.0878204001064,-0.0517718515911,1.48374291708,0.34437868688,-0.0306796157577,0.0655776786821,100.0
4.540366,-0.801888456867,-0.115048559091,0.463262197941,-0.052922337182,-0.367771893896,1.66168468848,3.04226739757,92.4437332153,-0.318301013486,0.0862864193186,-0.0517718515911,1.48374291708,0.343995191683,-0.0310631109547,0.066344669076,100.0
4.550379,-0.80150496167,-0.118116520667,0.463645693138,-0.052922337182,-0.368922379486,1.66053420289,3.04265089277,92.4437332153,-0.318301013486,0.0866699145155,-0.0513883563942,1.48374291708,0.34437868688,-0.0318301013486,0.0648106882882,100.0
4.560445,-0.801121466473,-0.12156797744,0.464412683532,-0.053305832379,-0.369305874683,1.66015070769,3.04265089277,92.4437332153,-0.318684508683,0.0859029241216,-0.0525388419851,1.48412641228,0.34437868688,-0.0318301013486,0.0651941834851,100.0
4.570373,-0.80150496167,-0.125786424607,0.464796178729,-0.053305832379,-0.369305874683,1.65976721249,3.04226739757,92.4437332153,-0.318301013486,0.0862864193186,-0.0521553467881,1.48450990748,0.345145677274,-0.0318301013486,0.0648106882882,100.0
4.580366,-0.801121466473,-0.128470890985,0.465563169123,-0.052922337182,-0.370456360274,1.65976721249,3.04303438797,92.4437332153,-0.318301013486,0.0870534097125,-0.0525388419851,1.48412641228,0.344762182077,-0.0318301013486,0.0651941834851,100.0
4.590368,-0.799587485685,-0.132305842955,0.46594666432,-0.053305832379,-0.371223350668,1.65976721249,3.04303438797,92.4437332153,-0.318301013486,0.0862864193186,-0.052922337182,1.48374291708,0.344762182077,-0.0322135965456,0.0651941834851,100.0
4.600366,-0.80150496167,-0.134990309334,0.465179673926,-0.052922337182,-0.371606845865,1.6593837173,3.04265089277,92.4437332153,-0.317917518289,0.0866699145155,-0.0517718515911,1.48335942189,0.34437868688,-0.0318301013486,0.0648106882882,100.0
4.610367,-0.801121466473,-0.13805827091,0.465179673926,-0.0548398131669,-0.371990341062,1.6582332317,3.04265089277,92.4437332153,-0.317917518289,0.0870534097125,-0.0521553467881,1.48374291708,0.345529172471,-0.0314466061517,0.0651941834851,100.0
4.620368,-0.800354476079,-0.142276718076,0.464796178729,-0.053689327576,-0.372373836259,1.65784973651,3.04341788316,92.4437332153,-0.318684508683,0.0874369049095,-0.052922337182,1.48374291708,0.345145677274,-0.0314466061517,0.0659611738791,100.0
4.630365,-0.801121466473,-0.144577689258,0.465179673926,-0.054072822773,-0.371990341062,1.65631575572,3.04265089277,92.4437332153,-0.317917518289,0.0878204001064,-0.0521553467881,1.48527689787,0.343995191683,-0.0314466061517,0.0655776786821,100.0
4.640364,-0.800354476079,-0.14687866044,0.465179673926,-0.052922337182,-0.372373836259,1.65478177493,3.04265089277,92.4437332153,-0.318684508683,0.0866699145155,-0.0521553467881,1.48374291708,0.34437868688,-0.0310631109547,0.0648106882882,100.0
4.650368,-0.800737971276,-0.150330117213,0.465179673926,-0.052922337182,-0.371606845865,1.65478177493,3.04265089277,92.4437332153,-0.317534023092,0.0862864193186,-0.0521553467881,1.48450990748,0.34437868688,-0.0325970917426,0.0655776786821,100.0
4.660368,-0.800354476079,-0.153781573986,0.465563169123,-0.0525388419851,-0.372373836259,1.65478177493,3.04303438797,92.4437332153,-0.317917518289,0.0874369049095,-0.0525388419851,1.48412641228,0.344762182077,-0.0318301013486,0.0651941834851,100.0
4.670370,-0.799970980882,-0.157233030758,0.464412683532,-0.053689327576,-0.37352432185,1.65554876533,3.04265089277,92.4437332153,-0.31906800388,0.0870534097125,-0.0525388419851,1.48412641228,0.344762182077,-0.0318301013486,0.0651941834851,100.0
4.680366,-0.800354476079,-0.160684487531,0.46594666432,-0.052922337182,-0.373907817047,1.65554876533,3.04303438797,92.4437332153,-0.318301013486,0.0859029241216,-0.053689327576,1.48450990748,0.344762182077,-0.0325970917426,0.0651941834851,100.0
4.690370,-0.799203990488,-0.163752449107,0.465179673926,-0.053305832379,-0.373907817047,1.65708274611,3.04341788316,92.4437332153,-0.318684508683,0.0862864193186,-0.0517718515911,1.48412641228,0.344762182077,-0.0314466061517,0.0648106882882,100.0
4.700368,-0.799587485685,-0.16720390588,0.465563169123,-0.0525388419851,-0.373907817047,1.65784973651,3.04226739757,92.4437332153,-0.317917518289,0.0874369049095,-0.052922337182,1.48450990748,0.34437868688,-0.0322135965456,0.0659611738791,100.0
4.710364,-0.799970980882,-0.169888372258,0.465179673926,-0.053689327576,-0.374674807441,1.65784973651,3.04226739757,92.4437332153,-0.318684508683,0.0866699145155,-0.053305832379,1.48412641228,0.343995191683,-0.0318301013486,0.0651941834851,100.0
4.720378,-0.799203990488,-0.172956333834,0.465563169123,-0.0552233083639,-0.375058302638,1.6590002221,3.04265089277,92.4437332153,-0.31906800388,0.0866699145155,-0.0525388419851,1.48412641228,0.34437868688,-0.0314466061517,0.0651941834851,100.0
4.730365,-0.799203990488,-0.176791285804,0.465563169123,-0.0548398131669,-0.376592283426,1.65976721249,3.04226739757,92.4437332153,-0.318301013486,0.0870534097125,-0.0525388419851,1.48374291708,0.343995191683,-0.0310631109547,0.0655776786821,100.0
4.740390,-0.798437000094,-0.180242742577,0.465563169123,-0.0556068035608,-0.377742769017,1.66015070769,3.04341788316,92.4437332153,-0.318684508683,0.0870534097125,-0.052922337182,1.48450990748,0.344762182077,-0.0318301013486,0.0659611738791,100.0
4.750370,-0.798437000094,-0.184461189743,0.465179673926,-0.0548398131669,-0.378893254608,1.66053420289,3.04303438797,92.4437332153,-0.318301013486,0.0870534097125,-0.052922337182,1.48412641228,0.344762182077,-0.0322135965456,0.0644271930912,100.0
4.760366,-0.798437000094,-0.187912646516,0.465179673926,-0.0544563179699,-0.38119422579,1.66168468848,3.04341788316,92.4437332153,-0.318684508683,0.0866699145155,-0.0521553467881,1.48450990748,0.34437868688,-0.0322135965456,0.0648106882882,100.0
4.770369,-0.79651952411,-0.19251458888,0.46594666432,-0.0556068035608,-0.383111701774,1.66283517407,3.04303438797,92.4437332153,-0.318684508683,0.0866699145155,-0.0521553467881,1.48450990748,0.34437868688,-0.0314466061517,0.0644271930912,100.0
4.780371,-0.79651952411,-0.195966045652,0.464796178729,-0.054072822773,-0.38617966335,1.66436915486,3.04303438797,92.4437332153,-0.318301013486,0.0870534097125,-0.053305832379,1.48412641228,0.344762182077,-0.0322135965456,0.0655776786821,100.0
4.790374,-0.79651952411,-0.200951483213,0.464796178729,-0.0544563179699,-0.387330148941,1.66628663084,3.04303438797,92.4437332153,-0.318684508683,0.0866699145155,-0.0525388419851,1.48412641228,0.344762182077,-0.0310631109547,0.0655776786821,100.0
4.800367,-0.795369038519,-0.204786435183,0.465563169123,-0.053689327576,-0.389631120123,1.66705362123,3.04303438797,92.4437332153,-0.317917518289,0.0870534097125,-0.0517718515911,1.48412641228,0.34437868688,-0.0318301013486,0.0648106882882,100.0
4.810386,-0.795369038519,-0.209004882349,0.465179673926,-0.053689327576,-0.391932091305,1.66858760202,3.04341788316,92.4437332153,-0.317917518289,0.0866699145155,-0.0517718515911,1.48412641228,0.344762182077,-0.0314466061517,0.0640436978942,100.0
4.820382,-0.794985543322,-0.213606824713,0.464796178729,-0.054072822773,-0.39500005288,1.6712720684,3.04303438797,92.4437332153,-0.318684508683,0.0859029241216,-0.0517718515911,1.48374291708,0.34437868688,-0.0314466061517,0.0644271930912,100.0
4.830370,-0.794218552928,-0.21782527188,0.465179673926,-0.054072822773,-0.398068014456,1.67434002998,3.04341788316,92.4437332153,-0.318301013486,0.0862864193186,-0.0521553467881,1.48412641228,0.345145677274,-0.0310631109547,0.0648106882882,100.0
4.840370,-0.794602048125,-0.223194204637,0.465179673926,-0.054072822773,-0.400752480835,1.67587401076,3.04380137836,92.4437332153,-0.317917518289,0.0870534097125,-0.0525388419851,1.48374291708,0.344762182077,-0.0310631109547,0.0648106882882,100.0
4.850368,-0.793068067337,-0.228179642198,0.465179673926,-0.053689327576,-0.403820442411,1.67779148675,3.04380137836,92.4437332153,-0.318684508683,0.0862864193186,-0.053305832379,1.48412641228,0.343995191683,-0.0310631109547,0.0651941834851,100.0
4.860366,-0.791917581746,-0.233165079759,0.46594666432,-0.053305832379,-0.407271899184,1.67970896273,3.04265089277,92.4437332153,-0.317917518289,0.0870534097125,-0.0525388419851,1.48374291708,0.34437868688,-0.0318301013486,0.0640436978942,100.0
4.870370,-0.791917581746,-0.238534012516,0.465179673926,-0.052922337182,-0.41149034635,1.68200993392,3.04265089277,92.4437332153,-0.318301013486,0.0862864193186,-0.052922337182,1.48450990748,0.344762182077,-0.0318301013486,0.0655776786821,100.0
4.880366,-0.791150591352,-0.241218478895,0.464796178729,-0.054072822773,-0.41532529832,1.6839274099,3.04265089277,92.4437332153,-0.31906800388,0.0874369049095,-0.052922337182,1.48412641228,0.345145677274,-0.0318301013486,0.0644271930912,100.0
4.890396,-0.790767096155,-0.247354402047,0.464796178729,-0.053305832379,-0.420310735881,1.68661187628,3.04265089277,92.4437332153,-0.319451499077,0.0866699145155,-0.0525388419851,1.48412641228,0.344762182077,-0.0310631109547,0.0644271930912,100.0
4.900374,-0.791150591352,-0.25195634441,0.464412683532,-0.053689327576,-0.426063163835,1.68699537148,3.04265089277,92.4437332153,-0.31906800388,0.0859029241216,-0.0525388419851,1.48412641228,0.344762182077,-0.0318301013486,0.0655776786821,100.0
4.910369,-0.789616610564,-0.257325277168,0.465179673926,-0.054072822773,-0.43181559179,1.68929634266,3.04265089277,92.4437332153,-0.318301013486,0.0870534097125,-0.0525388419851,1.48450990748,0.343995191683,-0.0325970917426,0.0655776786821,100.0
4.920369,-0.789616610564,-0.261543724334,0.465563169123,-0.053305832379,-0.43680102935,1.69044682825,3.04226739757,92.4437332153,-0.318684508683,0.0874369049095,-0.0521553467881,1.48450990748,0.343995191683,-0.0318301013486,0.0648106882882,100.0
4.930364,-0.78884962017,-0.265762171501,0.465179673926,-0.053305832379,-0.442936952502,1.69083032345,3.04341788316,92.4437332153,-0.317534023092,0.0870534097125,-0.0525388419851,1.48450990748,0.343995191683,-0.0314466061517,0.0655776786821,100.0
4.940368,-0.788082629776,-0.270747609062,0.46594666432,-0.053305832379,-0.447922390063,1.69121381864,3.04303438797,92.4437332153,-0.317917518289,0.0866699145155,-0.0517718515911,1.48489340267,0.343995191683,-0.0318301013486,0.0651941834851,100.0
4.950365,-0.78884962017,-0.274582561031,0.465563169123,-0.053689327576,-0.452524332426,1.69198080904,3.04265089277,92.4437332153,-0.317917518289,0.0862864193186,-0.0517718515911,1.48527689787,0.345145677274,-0.0318301013486,0.0659611738791,100.0
4.960366,-0.788082629776,-0.279951493789,0.464796178729,-0.053689327576,-0.457509769987,1.69313129463,3.04265089277,92.4437332153,-0.317917518289,0.0870534097125,-0.0517718515911,1.48450990748,0.345145677274,-0.0318301013486,0.0644271930912,100.0
4.970367,-0.78884962017,-0.284169940956,0.465563169123,-0.0548398131669,-0.461344721957,1.69198080904,3.04341788316,92.4437332153,-0.318301013486,0.0870534097125,-0.0525388419851,1.48489340267,0.343995191683,-0.0322135965456,0.0644271930912,100.0
4.980366,-0.788082629776,-0.288388388122,0.465563169123,-0.0544563179699,-0.465563169123,1.69198080904,3.04265089277,92.4437332153,-0.318684508683,0.0866699145155,-0.0525388419851,1.48489340267,0.34437868688,-0.0314466061517,0.0659611738791,100.0
4.990370,-0.788082629776,-0.292990330486,0.465563169123,-0.053305832379,-0.470165111487,1.69159731384,3.04265089277,92.4437332153,-0.318301013486,0.0866699145155,-0.0521553467881,1.48450990748,0.344762182077,-0.0318301013486,0.0644271930912,100.0
5.000368,-0.788082629776,-0.296825282456,0.465179673926,-0.053305832379,-0.474383558654,1.69121381864,3.04341788316,92.4437332153,-0.318684508683,0.0874369049095,-0.0510048611972,1.48374291708,0.34437868688,-0.0314466061517,0.0659611738791,100.0
5.010366,-0.788466124973,-0.301810720016,0.465563169123,-0.053305832379,-0.47860200582,1.69121381864,3.04303438797,92.4437332153,-0.317917518289,0.0870534097125,-0.053305832379,1.48450990748,0.344762182077,-0.0318301013486,0.0651941834851,100.0
5.020373,-0.789233115367,-0.305645671986,0.466713654714,-0.0556068035608,-0.483587443381,1.69121381864,3.04341788316,92.4437332153,-0.317917518289,0.0870534097125,-0.0525388419851,1.48450990748,0.34437868688,-0.0318301013486,0.0659611738791,100.0
5.030377,-0.78884962017,-0.309864119153,0.466713654714,-0.0548398131669,-0.487422395351,1.69044682825,3.04380137836,92.4437332153,-0.318301013486,0.0859029241216,-0.0525388419851,1.48412641228,0.34437868688,-0.0322135965456,0.0651941834851,100.0
5.040368,-0.789233115367,-0.312548585532,0.467864140305,-0.052922337182,-0.490873852123,1.68967983786,3.04341788316,92.4437332153,-0.318301013486,0.0878204001064,-0.053305832379,1.48412641228,0.34437868688,-0.0310631109547,0.0644271930912,100.0
5.050406,-0.790000105761,-0.316383537501,0.467864140305,-0.053305832379,-0.493941813699,1.68929634266,3.04341788316,92.4437332153,-0.317534023092,0.0866699145155,-0.052922337182,1.48450990748,0.344762182077,-0.0322135965456,0.0651941834851,100.0
5.060367,-0.790000105761,-0.320601984668,0.468247635502,-0.053305832379,-0.496242784881,1.68814585707,3.04380137836,92.4437332153,-0.318684508683,0.0866699145155,-0.052922337182,1.48527689787,0.344762182077,-0.0318301013486,0.0644271930912,100.0
5.070368,-0.790383600958,-0.323669946244,0.469014625896,-0.053689327576,-0.497393270472,1.68699537148,3.04380137836,92.4437332153,-0.318684508683,0.0874369049095,-0.0521553467881,1.48412641228,0.345145677274,-0.0325970917426,0.0651941834851,100.0
5.080368,-0.790767096155,-0.327121403017,0.469014625896,-0.0544563179699,-0.49892725126,1.6846944003,3.04380137836,92.4437332153,-0.318301013486,0.0862864193186,-0.0517718515911,1.48412641228,0.345145677274,-0.0314466061517,0.0640436978942,100.0
5.090368,-0.792301076943,-0.329422374198,0.469014625896,-0.0548398131669,-0.499310746457,1.6843109051,3.04380137836,92.4437332153,-0.317917518289,0.0870534097125,-0.0517718515911,1.48412641228,0.344762182077,-0.0318301013486,0.0648106882882,100.0
5.100372,-0.793068067337,-0.333257326168,0.469014625896,-0.0544563179699,-0.49892725126,1.68277692431,3.04418487356,92.4437332153,-0.318301013486,0.0870534097125,-0.0517718515911,1.48374291708,0.344762182077,-0.0314466061517,0.0651941834851,100.0
5.110366,-0.793068067337,-0.336325287744,0.469398121093,-0.0544563179699,-0.49892725126,1.68162643872,3.04418487356,92.4437332153,-0.317917518289,0.0859029241216,-0.052922337182,1.48374291708,0.34437868688,-0.0314466061517,0.0648106882882,100.0
5.120366,-0.793835057731,-0.339009754123,0.470165111487,-0.0544563179699,-0.498160260866,1.68009245793,3.04456836876,92.4437332153,-0.318684508683,0.0870534097125,-0.0521553467881,1.48489340267,0.34437868688,-0.0314466061517,0.0651941834851,100.0
5.130364,-0.794218552928,-0.342461210895,0.46978161629,-0.053305832379,-0.497776765669,1.67817498195,3.04380137836,92.4437332153,-0.318301013486,0.0866699145155,-0.0521553467881,1.48335942189,0.34437868688,-0.0322135965456,0.0651941834851,100.0
5.140362,-0.794985543322,-0.345145677274,0.470548606684,-0.0548398131669,-0.497393270472,1.67702449636,3.04456836876,92.4437332153,-0.318684508683,0.0866699145155,-0.0521553467881,1.48412641228,0.344762182077,-0.0314466061517,0.0651941834851,100.0
5.150364,-0.796136028913,-0.346679658062,0.470548606684,-0.0544563179699,-0.497393270472,1.67434002998,3.04456836876,92.4437332153,-0.318684508683,0.0859029241216,-0.0525388419851,1.48374291708,0.343995191683,-0.0310631109547,0.0640436978942,100.0
5.160367,-0.796903019306,-0.350131114835,0.470932101881,-0.054072822773,-0.497393270472,1.67280604919,3.04456836876,92.4437332153,-0.317917518289,0.0870534097125,-0.0517718515911,1.48450990748,0.343995191683,-0.0310631109547,0.0655776786821,100.0
5.170413,-0.796136028913,-0.35204859082,0.471699092275,-0.053689327576,-0.497009775275,1.67050507801,3.04341788316,92.4437332153,-0.318301013486,0.0870534097125,-0.0521553467881,1.48450990748,0.34437868688,-0.0314466061517,0.0648106882882,100.0
5.180367,-0.798053504897,-0.354733057199,0.472849577866,-0.053689327576,-0.496626280078,1.66973808761,3.04303438797,92.4437332153,-0.317917518289,0.0866699145155,-0.0521553467881,1.48374291708,0.34437868688,-0.0318301013486,0.0648106882882,100.0
5.190369,-0.798053504897,-0.357417523577,0.472466082669,-0.0548398131669,-0.495859289684,1.66782061163,3.04418487356,92.4437332153,-0.31906800388,0.0870534097125,-0.0525388419851,1.48450990748,0.34437868688,-0.0322135965456,0.0648106882882,100.0
5.200369,-0.799203990488,-0.360101989956,0.473233073063,-0.054072822773,-0.494708804093,1.66513614525,3.04380137836,92.4437332153,-0.317917518289,0.0866699145155,-0.0521553467881,1.48450990748,0.34437868688,-0.0322135965456,0.0648106882882,100.0
5.210369,-0.799587485685,-0.362019465941,0.47361656826,-0.053305832379,-0.493558318502,1.66321866926,3.04380137836,92.4437332153,-0.317534023092,0.0874369049095,-0.0525388419851,1.48412641228,0.343995191683,-0.0314466061517,0.0648106882882,100.0
5.220377,-0.800354476079,-0.36470393232,0.474383558654,-0.0548398131669,-0.491640842517,1.66091769808,3.04418487356,92.4437332153,-0.31906800388,0.0862864193186,-0.0525388419851,1.48412641228,0.344762182077,-0.0318301013486,0.0655776786821,100.0
5.230371,-0.800737971276,-0.366621408305,0.475150549048,-0.054072822773,-0.49125734732,1.6582332317,3.04456836876,92.4437332153,-0.317917518289,0.0874369049095,-0.0525388419851,1.48412641228,0.34437868688,-0.0322135965456,0.0648106882882,100.0
5.240372,-0.801121466473,-0.368922379486,0.475534044244,-0.054072822773,-0.490873852123,1.65631575572,3.04418487356,92.4437332153,-0.318684508683,0.0859029241216,-0.0525388419851,1.48374291708,0.34437868688,-0.0318301013486,0.0651941834851,100.0
5.250370,-0.801888456867,-0.371990341062,0.476684529835,-0.052922337182,-0.489339871335,1.65439827973,3.04380137836,92.4437332153,-0.318301013486,0.0878204001064,-0.0525388419851,1.48374291708,0.34437868688,-0.0322135965456,0.0648106882882,100.0
5.260368,-0.803038942458,-0.373907817047,0.477068025032,-0.054072822773,-0.489339871335,1.65171381336,3.04418487356,92.4437332153,-0.317917518289,0.0870534097125,-0.0517718515911,1.48374291708,0.344762182077,-0.0318301013486,0.0651941834851,100.0
5.270371,-0.803422437655,-0.375825293032,0.477451520229,-0.0556068035608,-0.488189385745,1.64826235658,3.04418487356,92.4437332153,-0.31906800388,0.0870534097125,-0.0525388419851,1.48374291708,0.344762182077,-0.0318301013486,0.0651941834851,100.0
5.280368,-0.803805932852,-0.378126264214,0.478985501017,-0.053305832379,-0.487038900154,1.6455778902,3.04456836876,92.4437332153,-0.317917518289,0.0866699145155,-0.0525388419851,1.48450990748,0.34437868688,-0.0318301013486,0.0640436978942,100.0
5.290369,-0.804189428049,-0.379276749805,0.47860200582,-0.053305832379,-0.484354433775,1.64174293823,3.04456836876,92.4437332153,-0.318301013486,0.0870534097125,-0.0525388419851,1.48335942189,0.344762182077,-0.0310631109547,0.0651941834851,100.0
5.300363,-0.804189428049,-0.38119422579,0.479752491411,-0.0548398131669,-0.483203948184,1.63944196705,3.04380137836,92.4437332153,-0.318301013486,0.0866699145155,-0.0525388419851,1.48374291708,0.34437868688,-0.0314466061517,0.0655776786821,100.0
5.310365,-0.80533991364,-0.383111701774,0.480902977002,-0.0548398131669,-0.483203948184,1.63599051028,3.04418487356,92.4437332153,-0.318301013486,0.0866699145155,-0.052922337182,1.48412641228,0.345145677274,-0.0318301013486,0.0644271930912,100.0
5.320369,-0.806106904034,-0.385796168153,0.481286472199,-0.053689327576,-0.480902977002,1.63215555831,3.04418487356,92.4437332153,-0.318684508683,0.0878204001064,-0.052922337182,1.48450990748,0.344762182077,-0.0322135965456,0.0655776786821,100.0
5.330367,-0.806490399231,-0.387713644138,0.482053462593,-0.0556068035608,-0.480519481805,1.62947109193,3.04418487356,92.4437332153,-0.318301013486,0.0878204001064,-0.0517718515911,1.48450990748,0.343995191683,-0.0314466061517,0.0659611738791,100.0
5.340375,-0.806490399231,-0.389247624926,0.48243695779,-0.0544563179699,-0.478985501017,1.62486914957,3.04418487356,92.4437332153,-0.318684508683,0.0859029241216,-0.0513883563942,1.48374291708,0.34437868688,-0.0314466061517,0.0648106882882,100.0
5.350386,-0.807640884822,-0.391165100911,0.482820452987,-0.053689327576,-0.477835015426,1.61988371201,3.04380137836,92.4437332153,-0.317534023092,0.0870534097125,-0.0525388419851,1.48450990748,0.34437868688,-0.0322135965456,0.0655776786821,100.0
5.360372,-0.807640884822,-0.393466072093,0.483970938578,-0.053689327576,-0.475917539441,1.61528176964,3.04495186395,92.4437332153,-0.318684508683,0.0866699145155,-0.0517718515911,1.48412641228,0.34437868688,-0.0314466061517,0.0648106882882,100.0
5.370369,-0.808024380019,-0.395383548077,0.485121424169,-0.054072822773,-0.475534044244,1.61029633208,3.04380137836,92.4437332153,-0.318684508683,0.0870534097125,-0.053305832379,1.48374291708,0.34437868688,-0.0318301013486,0.0655776786821,100.0
5.380373,-0.809941856003,-0.396917528865,0.485121424169,-0.0552233083639,-0.47361656826,1.60646138011,3.04380137836,92.4437332153,-0.317917518289,0.0878204001064,-0.0525388419851,1.48374291708,0.344762182077,-0.0318301013486,0.0659611738791,100.0
5.390379,-0.80917486561,-0.399218500047,0.48627190976,-0.054072822773,-0.471315597078,1.60109244736,3.04418487356,92.4437332153,-0.317917518289,0.0870534097125,-0.052922337182,1.48374291708,0.34437868688,-0.0322135965456,0.0655776786821,100.0
5.400367,-0.809941856003,-0.400752480835,0.487422395351,-0.0556068035608,-0.470165111487,1.59649050499,3.04380137836,92.4437332153,-0.318301013486,0.0874369049095,-0.052922337182,1.48450990748,0.343995191683,-0.0310631109547,0.0659611738791,100.0
5.410386,-0.8103253512,-0.403053452017,0.48627190976,-0.0544563179699,-0.468631130699,1.59073807704,3.04341788316,92.4437332153,-0.31906800388,0.0859029241216,-0.0521553467881,1.48374291708,0.344762182077,-0.0318301013486,0.0648106882882,100.0
5.420382,-0.810708846397,-0.404587432805,0.488189385745,-0.053689327576,-0.468247635502,1.58575263948,3.04341788316,92.4437332153,-0.317917518289,0.0874369049095,-0.0517718515911,1.48412641228,0.34437868688,-0.0314466061517,0.0648106882882,100.0
5.430372,-0.810708846397,-0.40650490879,0.487805890548,-0.0556068035608,-0.466330159517,1.58076720192,3.04380137836,92.4437332153,-0.31906800388,0.0866699145155,-0.0525388419851,1.48489340267,0.343995191683,-0.0318301013486,0.0648106882882,100.0
5.440371,-0.811859331988,-0.408422384774,0.488956376138,-0.053689327576,-0.464796178729,1.57386428837,3.04380137836,92.4437332153,-0.319451499077,0.0870534097125,-0.0525388419851,1.48335942189,0.344762182077,-0.0322135965456,0.0655776786821,100.0
5.450370,-0.813009817579,-0.409189375168,0.488956376138,-0.053689327576,-0.463645693138,1.5696458412,3.04303438797,92.4437332153,-0.318301013486,0.0874369049095,-0.0525388419851,1.48412641228,0.345145677274,-0.0310631109547,0.0651941834851,100.0
5.460390,-0.813009817579,-0.411106851153,0.489723366532,-0.0548398131669,-0.462878702744,1.56350991805,3.04418487356,92.4437332153,-0.317534023092,0.0870534097125,-0.0517718515911,1.48450990748,0.34437868688,-0.0318301013486,0.0648106882882,100.0
5.470373,-0.813776807973,-0.413407822335,0.488956376138,-0.0544563179699,-0.461728217154,1.55814098529,3.04341788316,92.4437332153,-0.318301013486,0.0874369049095,-0.0517718515911,1.48412641228,0.343995191683,-0.0318301013486,0.0651941834851,100.0
5.480372,-0.815694283958,-0.413791317532,0.490106861729,-0.054072822773,-0.460577731563,1.55162156695,3.04418487356,92.4437332153,-0.317534023092,0.0874369049095,-0.052922337182,1.48374291708,0.344762182077,-0.0314466061517,0.0648106882882,100.0
5.490367,-0.815694283958,-0.41532529832,0.490106861729,-0.0544563179699,-0.459810741169,1.5443351582,3.04418487356,92.4437332153,-0.31906800388,0.0866699145155,-0.0517718515911,1.48450990748,0.34437868688,-0.0318301013486,0.0655776786821,100.0
5.500369,-0.815694283958,-0.416475783911,0.490490356926,-0.054072822773,-0.459043750775,1.53934972064,3.04418487356,92.4437332153,-0.317534023092,0.0862864193186,-0.0521553467881,1.48412641228,0.34437868688,-0.0314466061517,0.0651941834851,100.0
5.510364,-0.816461274352,-0.417242774305,0.491640842517,-0.053305832379,-0.457893265184,1.5324468071,3.04380137836,92.4437332153,-0.317534023092,0.0870534097125,-0.0517718515911,1.48412641228,0.34437868688,-0.0318301013486,0.0651941834851,100.0
5.520384,-0.817228264746,-0.418776755093,0.492024337714,-0.053305832379,-0.456742779593,1.52477690316,3.04418487356,92.4437332153,-0.318301013486,0.0866699145155,-0.0521553467881,1.48412641228,0.344762182077,-0.0318301013486,0.0655776786821,100.0
5.530385,-0.81799525514,-0.420694231078,0.492407832911,-0.0548398131669,-0.455592294002,1.51710699922,3.04418487356,92.4437332153,-0.318684508683,0.0870534097125,-0.0521553467881,1.48450990748,0.345145677274,-0.0318301013486,0.0651941834851,100.0
5.540372,-0.818762245534,-0.421844716668,0.493558318502,-0.053689327576,-0.454058313214,1.50982059048,3.04380137836,92.4437332153,-0.318301013486,0.0866699145155,-0.0525388419851,1.48412641228,0.344762182077,-0.0318301013486,0.0644271930912,100.0
5.550378,-0.819145740731,-0.422995202259,0.493941813699,-0.053305832379,-0.452907827623,1.50330117213,3.04380137836,92.4437332153,-0.318684508683,0.0870534097125,-0.052922337182,1.48374291708,0.343995191683,-0.0318301013486,0.0644271930912,100.0
5.560393,-0.821063216716,-0.423762192653,0.492407832911,-0.054072822773,-0.452140837229,1.49678175378,3.04380137836,92.4437332153,-0.317917518289,0.0862864193186,-0.052922337182,1.48335942189,0.34437868688,-0.0314466061517,0.0655776786821,100.0
5.570380,-0.820296226322,-0.425296173441,0.494325308896,-0.053305832379,-0.450990351638,1.48834485945,3.04418487356,92.4437332153,-0.318684508683,0.0874369049095,-0.0525388419851,1.48450990748,0.345145677274,-0.0318301013486,0.0651941834851,100.0
5.580373,-0.82183020711,-0.425679668638,0.494325308896,-0.053305832379,-0.449839866047,1.4810584507,3.04380137836,92.4437332153,-0.318301013486,0.0866699145155,-0.0517718515911,1.48374291708,0.344762182077,-0.0322135965456,0.0648106882882,100.0
5.590373,-0.822213702307,-0.426830154229,0.49509229929,-0.054072822773,-0.44830588526,1.47300505157,3.04380137836,92.4437332153,-0.318301013486,0.0870534097125,-0.0521553467881,1.48412641228,0.34437868688,-0.0322135965456,0.0648106882882,100.0
5.600368,-0.822980692701,-0.42798063982,0.495859289684,-0.0544563179699,-0.446771904472,1.46571864282,3.04380137836,92.4437332153,-0.318684508683,0.0874369049095,-0.052922337182,1.48450990748,0.343995191683,-0.0314466061517,0.0659611738791,100.0
5.610368,-0.824131178291,-0.429514620608,0.497009775275,-0.053689327576,-0.445237923684,1.45804873889,3.04380137836,92.4437332153,-0.318684508683,0.0874369049095,-0.0525388419851,1.48412641228,0.34437868688,-0.0310631109547,0.0655776786821,100.0
5.620390,-0.822980692701,-0.429898115805,0.497009775275,-0.0544563179699,-0.444087438093,1.45114582534,3.04418487356,92.4437332153,-0.318301013486,0.0866699145155,-0.0513883563942,1.48450990748,0.345145677274,-0.0310631109547,0.0648106882882,100.0
5.630372,-0.824898168685,-0.430665106199,0.497393270472,-0.053305832379,-0.442553457305,1.44270893101,3.04341788316,92.4437332153,-0.318301013486,0.0870534097125,-0.0517718515911,1.48335942189,0.34437868688,-0.0310631109547,0.0659611738791,100.0
5.640370,-0.825281663882,-0.431432096593,0.499310746457,-0.053689327576,-0.442169962108,1.43542252226,3.04380137836,92.4437332153,-0.317917518289,0.0874369049095,-0.0513883563942,1.48412641228,0.344762182077,-0.0310631109547,0.0655776786821,100.0
5.650428,-0.824898168685,-0.432199086987,0.499694241654,-0.053689327576,-0.440252486123,1.42775261832,3.04380137836,92.4437332153,-0.317917518289,0.0870534097125,-0.0513883563942,1.48489340267,0.34437868688,-0.0325970917426,0.0655776786821,100.0
5.660371,-0.82681564467,-0.432966077381,0.500461232048,-0.0548398131669,-0.437951514941,1.42008271438,3.04380137836,92.4437332153,-0.318301013486,0.0866699145155,-0.0521553467881,1.48450990748,0.34437868688,-0.0322135965456,0.0655776786821,100.0
5.670381,-0.827199139867,-0.434116562972,0.500844727245,-0.054072822773,-0.436417534153,1.41202931525,3.04380137836,92.4437332153,-0.317917518289,0.0862864193186,-0.0525388419851,1.48450990748,0.34437868688,-0.0322135965456,0.0644271930912,100.0
5.680376,-0.827966130261,-0.434500058169,0.501995212836,-0.0548398131669,-0.434500058169,1.4051264017,3.04418487356,92.4437332153,-0.317150527895,0.0862864193186,-0.0510048611972,1.48412641228,0.343995191683,-0.0322135965456,0.0655776786821,100.0
5.690377,-0.827966130261,-0.435267048562,0.503529193623,-0.0552233083639,-0.432199086987,1.39822348816,3.04418487356,92.4437332153,-0.317917518289,0.0878204001064,-0.0525388419851,1.48335942189,0.344762182077,-0.0310631109547,0.0655776786821,100.0
5.700370,-0.829500111049,-0.435267048562,0.503529193623,-0.053689327576,-0.430665106199,1.39170406981,3.04303438797,92.4437332153,-0.318301013486,0.0874369049095,-0.0517718515911,1.48566039307,0.344762182077,-0.0318301013486,0.0648106882882,100.0
5.710372,-0.830267101443,-0.436034038956,0.504679679214,-0.054072822773,-0.429131125411,1.38403416587,3.04418487356,92.4437332153,-0.318684508683,0.0878204001064,-0.0521553467881,1.48374291708,0.34437868688,-0.0318301013486,0.0651941834851,100.0
5.720478,-0.830267101443,-0.436417534153,0.505446669608,-0.052922337182,-0.427597144623,1.37904872831,3.04380137836,92.4437332153,-0.318301013486,0.0866699145155,-0.0521553467881,1.48297592669,0.345145677274,-0.0322135965456,0.0651941834851,100.0
5.730370,-0.831034091837,-0.437568019744,0.506597155199,-0.054072822773,-0.425679668638,1.37329630035,3.04418487356,92.4437332153,-0.318301013486,0.0866699145155,-0.0517718515911,1.48450990748,0.34437868688,-0.0306796157577,0.0648106882882,100.0
5.740367,-0.833335063019,-0.437951514941,0.506980650396,-0.0548398131669,-0.423762192653,1.36869435799,3.04303438797,92.4437332153,-0.318301013486,0.0870534097125,-0.0525388419851,1.48489340267,0.343995191683,-0.0310631109547,0.0644271930912,100.0
5.750368,-0.833335063019,-0.437951514941,0.508514631184,-0.053689327576,-0.421844716668,1.36409241563,3.04456836876,92.4437332153,-0.318684508683,0.0878204001064,-0.0521553467881,1.48412641228,0.343995191683,-0.0322135965456,0.0655776786821,100.0
5.760367,-0.833335063019,-0.437951514941,0.508514631184,-0.0544563179699,-0.420694231078,1.35910697807,3.04380137836,92.4437332153,-0.318301013486,0.0870534097125,-0.0525388419851,1.48374291708,0.34437868688,-0.0325970917426,0.0651941834851,100.0
5.770386,-0.835252539004,-0.439102000532,0.508898126381,-0.053689327576,-0.41916025029,1.35565552129,3.04418487356,92.4437332153,-0.318684508683,0.0866699145155,-0.0525388419851,1.48412641228,0.344762182077,-0.0314466061517,0.0659611738791,100.0
5.780373,-0.836019529398,-0.438718505335,0.509665116775,-0.054072822773,-0.416475783911,1.35182056932,3.04456836876,92.4437332153,-0.318684508683,0.0874369049095,-0.0521553467881,1.48412641228,0.344762182077,-0.0314466061517,0.0659611738791,100.0
5.790369,-0.837170014988,-0.439485495729,0.510048611972,-0.052922337182,-0.414941803123,1.34798561735,3.04418487356,92.4437332153,-0.318301013486,0.0866699145155,-0.0525388419851,1.48450990748,0.344762182077,-0.0310631109547,0.0655776786821,100.0
5.800369,-0.837937005382,-0.439868990926,0.510815602366,-0.0559902987578,-0.413407822335,1.34568464617,3.04303438797,92.4437332153,-0.318301013486,0.0866699145155,-0.0525388419851,1.48374291708,0.344762182077,-0.0318301013486,0.0644271930912,100.0
5.810366,-0.838703995776,-0.440252486123,0.51158259276,-0.053689327576,-0.412257336744,1.34338367499,3.04341788316,92.4437332153,-0.318684508683,0.0862864193186,-0.0521553467881,1.48412641228,0.344762182077,-0.0314466061517,0.0651941834851,100.0
5.820367,-0.838703995776,-0.440252486123,0.51158259276,-0.0548398131669,-0.410339860759,1.34031571341,3.04418487356,92.4437332153,-0.317917518289,0.0862864193186,-0.0521553467881,1.48412641228,0.34437868688,-0.0314466061517,0.0659611738791,100.0
5.830369,-0.83947098617,-0.441019476517,0.51158259276,-0.0552233083639,-0.408422384774,1.33839823743,3.04380137836,92.4437332153,-0.318684508683,0.0874369049095,-0.052922337182,1.48374291708,0.343995191683,-0.0325970917426,0.0651941834851,100.0
5.840364,-0.841004966958,-0.44063598132,0.511966087957,-0.0556068035608,-0.406888403987,1.33648076145,3.04380137836,92.4437332153,-0.318301013486,0.0878204001064,-0.0517718515911,1.48412641228,0.344762182077,-0.0314466061517,0.0659611738791,100.0
5.850364,-0.841771957352,-0.439868990926,0.512349583154,-0.054072822773,-0.406121413593,1.33533027585,3.04418487356,92.4437332153,-0.318301013486,0.0870534097125,-0.0521553467881,1.48335942189,0.345145677274,-0.0318301013486,0.0659611738791,100.0
5.860371,-0.842922442943,-0.439868990926,0.512349583154,-0.054072822773,-0.404587432805,1.33379629507,3.04380137836,92.4437332153,-0.317917518289,0.0862864193186,-0.0517718515911,1.48412641228,0.34437868688,-0.0314466061517,0.0659611738791,100.0
5.870369,-0.84330593814,-0.439868990926,0.513116573548,-0.053689327576,-0.403436947214,1.33187881908,3.04456836876,92.4437332153,-0.318301013486,0.0866699145155,-0.0521553467881,1.48412641228,0.34437868688,-0.0314466061517,0.0651941834851,100.0
5.880371,-0.844456423731,-0.440252486123,0.512733078351,-0.053305832379,-0.401135976032,1.33111182869,3.04380137836,92.4437332153,-0.31906800388,0.0866699145155,-0.0521553467881,1.48489340267,0.344762182077,-0.0310631109547,0.0651941834851,100.0
5.890365,-0.845606909322,-0.440252486123,0.513500068745,-0.053689327576,-0.400752480835,1.3295778479,3.04380137836,92.4437332153,-0.317917518289,0.0862864193186,-0.0525388419851,1.48412641228,0.343611696486,-0.0310631109547,0.0655776786821,100.0
5.900363,-0.846757394913,-0.439102000532,0.514267059139,-0.053689327576,-0.39883500485,1.32766037191,3.04380137836,92.4437332153,-0.318301013486,0.0859029241216,-0.0521553467881,1.48374291708,0.34437868688,-0.0322135965456,0.0648106882882,100.0
5.910359,-0.847524385307,-0.439485495729,0.514267059139,-0.052922337182,-0.396917528865,1.32574289593,3.04456836876,92.4437332153,-0.317917518289,0.0866699145155,-0.052922337182,1.48374291708,0.345145677274,-0.0325970917426,0.0648106882882,100.0
5.920368,-0.848291375701,-0.438335010138,0.514267059139,-0.053305832379,-0.396150538471,1.32420891514,3.04418487356,92.4437332153,-0.318684508683,0.0878204001064,-0.0525388419851,1.48335942189,0.34437868688,-0.0314466061517,0.0655776786821,100.0
5.930362,-0.848674870898,-0.437951514941,0.515034049533,-0.053689327576,-0.39500005288,1.32267493435,3.04341788316,92.4437332153,-0.318684508683,0.0866699145155,-0.0525388419851,1.48374291708,0.34437868688,-0.0314466061517,0.0651941834851,100.0
5.940366,-0.849441861292,-0.437568019744,0.515417544729,-0.0521553467881,-0.392699081699,1.32114095357,3.04380137836,92.4437332153,-0.318684508683,0.0866699145155,-0.052922337182,1.48489340267,0.345145677274,-0.0318301013486,0.0659611738791,100.0
5.950363,-0.850592346882,-0.437568019744,0.515034049533,-0.053305832379,-0.391932091305,1.31960697278,3.04303438797,92.4437332153,-0.318301013486,0.0862864193186,-0.0521553467881,1.48450990748,0.344762182077,-0.0310631109547,0.0655776786821,100.0
5.960368,-0.850975842079,-0.43680102935,0.515034049533,-0.053689327576,-0.39001461532,1.31768949679,3.04303438797,92.4437332153,-0.318301013486,0.0870534097125,-0.052922337182,1.48335942189,0.34437868688,-0.0318301013486,0.0648106882882,100.0
5.970364,-0.851742832473,-0.436417534153,0.515801039926,-0.052922337182,-0.388864129729,1.31538852561,3.04341788316,92.4437332153,-0.318301013486,0.0874369049095,-0.0517718515911,1.48374291708,0.343995191683,-0.0310631109547,0.0655776786821,100.0
5.980366,-0.852509822867,-0.435650543759,0.516184535123,-0.0548398131669,-0.386946653744,1.31347104963,3.04226739757,92.4437332153,-0.318301013486,0.0866699145155,-0.0525388419851,1.48489340267,0.343995191683,-0.0322135965456,0.0640436978942,100.0
5.990365,-0.853276813261,-0.434500058169,0.516184535123,-0.0525388419851,-0.385412672956,1.31117007845,3.04265089277,92.4437332153,-0.318684508683,0.0866699145155,-0.0521553467881,1.48297592669,0.344762182077,-0.0318301013486,0.0648106882882,100.0
6.000361,-0.854810794049,-0.434883553366,0.516184535123,-0.0548398131669,-0.384262187365,1.30733512648,3.04188390238,92.4437332153,-0.318684508683,0.0866699145155,-0.0525388419851,1.48335942189,0.34437868688,-0.0318301013486,0.0655776786821,100.0
6.010362,-0.854043803655,-0.433349572578,0.515417544729,-0.053305832379,-0.383111701774,1.30580114569,3.04188390238,92.4437332153,-0.317917518289,0.0866699145155,-0.0521553467881,1.48374291708,0.34437868688,-0.0318301013486,0.0651941834851,100.0
6.020363,-0.854810794049,-0.432199086987,0.515801039926,-0.052922337182,-0.38119422579,1.30196619372,3.04150040718,92.4437332153,-0.318301013486,0.0866699145155,-0.052922337182,1.48450990748,0.345145677274,-0.0318301013486,0.0655776786821,100.0
6.030389,-0.855577784443,-0.430665106199,0.515417544729,-0.053305832379,-0.380427235396,1.29889823214,3.04150040718,92.4437332153,-0.318684508683,0.0866699145155,-0.0521553467881,1.48450990748,0.343995191683,-0.0318301013486,0.0655776786821,100.0
6.040369,-0.856728270034,-0.430665106199,0.515417544729,-0.052922337182,-0.378893254608,1.29429628978,3.03958293119,92.4437332153,-0.318301013486,0.0866699145155,-0.0521553467881,1.48412641228,0.345529172471,-0.0325970917426,0.0655776786821,100.0
6.050369,-0.857878755625,-0.428364135017,0.515801039926,-0.052922337182,-0.376975778623,1.29046133781,3.04034992159,92.4437332153,-0.318301013486,0.0874369049095,-0.0525388419851,1.48412641228,0.345145677274,-0.0318301013486,0.0659611738791,100.0
6.060366,-0.858262250822,-0.427213649426,0.515417544729,-0.0525388419851,-0.375825293032,1.28700988104,3.0384324456,92.4437332153,-0.318301013486,0.0878204001064,-0.0521553467881,1.48412641228,0.34437868688,-0.0318301013486,0.0655776786821,100.0
6.070364,-0.859412736413,-0.426830154229,0.515417544729,-0.0525388419851,-0.37352432185,1.28125745308,3.03728196001,92.4437332153,-0.318301013486,0.0866699145155,-0.0521553467881,1.48412641228,0.34437868688,-0.0322135965456,0.0648106882882,100.0
6.080370,-0.860179726807,-0.425679668638,0.515417544729,-0.052922337182,-0.373140826653,1.27780599631,3.03498098883,92.4437332153,-0.318301013486,0.0870534097125,-0.052922337182,1.48374291708,0.34437868688,-0.0318301013486,0.0655776786821,100.0
6.090364,-0.861330212398,-0.423762192653,0.515417544729,-0.053305832379,-0.370839855471,1.27205356835,3.03268001765,92.4437332153,-0.317917518289,0.0866699145155,-0.052922337182,1.48412641228,0.34437868688,-0.0318301013486,0.066344669076,100.0
6.100363,-0.862097202792,-0.422228211865,0.51656803032,-0.053305832379,-0.369305874683,1.26783512119,3.02922856088,92.4437332153,-0.317917518289,0.0870534097125,-0.0521553467881,1.48374291708,0.345145677274,-0.0318301013486,0.0659611738791,100.0
6.110362,-0.863631183579,-0.420694231078,0.515417544729,-0.052922337182,-0.366621408305,1.26361667402,3.0265440945,92.4437332153,-0.31906800388,0.0866699145155,-0.0517718515911,1.48374291708,0.344762182077,-0.0314466061517,0.0644271930912,100.0
6.120364,-0.863631183579,-0.419543745487,0.516184535123,-0.0525388419851,-0.36470393232,1.25863123646,3.02194215213,92.4437332153,-0.31906800388,0.0866699145155,-0.0521553467881,1.48412641228,0.344762182077,-0.0314466061517,0.0655776786821,100.0
6.130369,-0.864014678776,-0.417242774305,0.515801039926,-0.053689327576,-0.36086898035,1.2536457989,3.01849069536,92.4437332153,-0.318301013486,0.0862864193186,-0.053305832379,1.48374291708,0.344762182077,-0.0314466061517,0.0651941834851,100.0
6.140366,-0.865548659564,-0.416092288714,0.516184535123,-0.052922337182,-0.358184513971,1.24827686614,3.013888753,92.4437332153,-0.317917518289,0.0866699145155,-0.0525388419851,1.48374291708,0.34437868688,-0.0314466061517,0.0659611738791,100.0
6.150364,-0.866315649958,-0.413791317532,0.516184535123,-0.053305832379,-0.355116552395,1.24444191417,3.00967030583,92.4437332153,-0.318301013486,0.0874369049095,-0.0517718515911,1.48374291708,0.344762182077,-0.0322135965456,0.0640436978942,100.0
6.160364,-0.868233125943,-0.411873841547,0.515417544729,-0.052922337182,-0.351281600426,1.23945647661,3.00583535386,92.4437332153,-0.31906800388,0.0866699145155,-0.0525388419851,1.48450990748,0.34437868688,-0.0314466061517,0.0651941834851,100.0
6.170389,-0.869000116337,-0.409189375168,0.516184535123,-0.054072822773,-0.345912667668,1.23523802944,3.0008499163,92.4437332153,-0.31906800388,0.0866699145155,-0.0525388419851,1.48297592669,0.34437868688,-0.0322135965456,0.0651941834851,100.0
6.180405,-0.871301087519,-0.407655394381,0.515801039926,-0.053689327576,-0.341310725305,1.23178657267,2.99663146913,92.4437332153,-0.318684508683,0.0870534097125,-0.0525388419851,1.48335942189,0.344762182077,-0.0318301013486,0.0651941834851,100.0
6.190369,-0.87245157311,-0.405354423199,0.51656803032,-0.054072822773,-0.335941792547,1.22718463031,2.99241302197,92.4437332153,-0.318684508683,0.0874369049095,-0.0517718515911,1.48374291708,0.34437868688,-0.0310631109547,0.0651941834851,100.0
6.200364,-0.873602058701,-0.402286461623,0.516951525517,-0.053305832379,-0.329038879001,1.22258268794,2.98896156519,92.4437332153,-0.318301013486,0.0859029241216,-0.0521553467881,1.48412641228,0.34437868688,-0.0318301013486,0.0651941834851,100.0
6.210368,-0.875903029883,-0.399985490441,0.515801039926,-0.0548398131669,-0.324053441441,1.21951472637,2.98474311803,92.4437332153,-0.318301013486,0.0866699145155,-0.0521553467881,1.48450990748,0.34437868688,-0.0322135965456,0.0655776786821,100.0
6.220368,-0.877820505867,-0.398068014456,0.517335020714,-0.053689327576,-0.316767032698,1.21644676479,2.98129166126,92.4437332153,-0.317917518289,0.0866699145155,-0.0525388419851,1.48374291708,0.344762182077,-0.0310631109547,0.0644271930912,100.0
6.230450,-0.878970991458,-0.396150538471,0.517335020714,-0.053689327576,-0.309864119153,1.21376229841,2.97745670929,92.4437332153,-0.318301013486,0.0870534097125,-0.0513883563942,1.48374291708,0.34437868688,-0.0314466061517,0.0648106882882,100.0
6.240368,-0.880504972246,-0.394233062487,0.516951525517,-0.052922337182,-0.301810720016,1.21184482243,2.97400525251,92.4437332153,-0.317917518289,0.0866699145155,-0.0521553467881,1.48450990748,0.34437868688,-0.0318301013486,0.0655776786821,100.0
6.250362,-0.882805943428,-0.391548596108,0.518102011108,-0.053305832379,-0.294524311274,1.21031084164,2.97017030054,92.4437332153,-0.318684508683,0.0870534097125,-0.0521553467881,1.48297592669,0.344762182077,-0.0310631109547,0.0648106882882,100.0
6.260362,-0.884723419413,-0.388864129729,0.518102011108,-0.052922337182,-0.286087416941,1.20877686085,2.96595185338,92.4437332153,-0.318684508683,0.0874369049095,-0.052922337182,1.48335942189,0.345145677274,-0.0322135965456,0.0648106882882,100.0
6.270365,-0.885873905004,-0.386563158547,0.517718515911,-0.052922337182,-0.279184503395,1.20954385125,2.96134991101,92.4437332153,-0.318301013486,0.0866699145155,-0.053305832379,1.48412641228,0.34437868688,-0.0314466061517,0.0644271930912,100.0
6.280373,-0.888174876186,-0.384645682562,0.518102011108,-0.053305832379,-0.27228158985,1.20954385125,2.95713146385,92.4437332153,-0.31906800388,0.0866699145155,-0.0525388419851,1.48412641228,0.344762182077,-0.0318301013486,0.0655776786821,100.0
6.290393,-0.890475847367,-0.38234471138,0.518485506305,-0.052922337182,-0.267296152289,1.21107783204,2.95252952148,92.4437332153,-0.318684508683,0.0866699145155,-0.0525388419851,1.48412641228,0.345529172471,-0.0314466061517,0.0651941834851,100.0
6.300369,-0.891626332958,-0.379660245002,0.518485506305,-0.052922337182,-0.262310714728,1.21222831763,2.94907806471,92.4437332153,-0.318301013486,0.0870534097125,-0.0521553467881,1.48412641228,0.34437868688,-0.0322135965456,0.0648106882882,100.0
6.310369,-0.893160313746,-0.377742769017,0.518102011108,-0.053305832379,-0.257708772365,1.21414579361,2.94409262715,92.4437332153,-0.317917518289,0.0870534097125,-0.0521553467881,1.48374291708,0.344762182077,-0.0318301013486,0.0651941834851,100.0
6.320373,-0.896228275322,-0.376208788229,0.518102011108,-0.0525388419851,-0.252339839607,1.21644676479,2.94025767518,92.4437332153,-0.318301013486,0.0866699145155,-0.0517718515911,1.48412641228,0.34437868688,-0.0318301013486,0.0659611738791,100.0
6.330369,-0.898145751307,-0.374674807441,0.518102011108,-0.0525388419851,-0.24697090685,1.21913123117,2.93565573282,92.4437332153,-0.318301013486,0.0878204001064,-0.0521553467881,1.48450990748,0.34437868688,-0.0310631109547,0.0659611738791,100.0
6.340365,-0.899296236898,-0.372757331456,0.518102011108,-0.053689327576,-0.241601974092,1.22258268794,2.93258777124,92.4437332153,-0.318301013486,0.0862864193186,-0.0517718515911,1.48412641228,0.344762182077,-0.0314466061517,0.0651941834851,100.0
6.350363,-0.900830217686,-0.370072865077,0.518102011108,-0.053689327576,-0.235849546137,1.22718463031,2.92721883848,92.4437332153,-0.318301013486,0.0874369049095,-0.0517718515911,1.48450990748,0.34437868688,-0.0318301013486,0.0651941834851,100.0
6.360369,-0.902747693671,-0.368922379486,0.518485506305,-0.053305832379,-0.229713622986,1.23217006787,2.92261689612,92.4437332153,-0.318301013486,0.0870534097125,-0.0517718515911,1.48489340267,0.345912667668,-0.0322135965456,0.0655776786821,100.0
6.370363,-0.905432160049,-0.368155389092,0.518102011108,-0.053689327576,-0.225111680622,1.23715550543,2.91801495376,92.4437332153,-0.318684508683,0.0866699145155,-0.0517718515911,1.48450990748,0.343611696486,-0.0318301013486,0.0651941834851,100.0
6.380377,-0.906966140837,-0.366237913108,0.518869001502,-0.053689327576,-0.219742747865,1.24175744779,2.91456349698,92.4437332153,-0.318301013486,0.0870534097125,-0.052922337182,1.48412641228,0.34437868688,-0.0318301013486,0.0655776786821,100.0
6.390376,-0.908500121625,-0.365087427517,0.518485506305,-0.052922337182,-0.217058281486,1.24789337094,2.90996155462,92.4437332153,-0.317917518289,0.0870534097125,-0.0521553467881,1.48450990748,0.344762182077,-0.0322135965456,0.0655776786821,100.0
6.400364,-0.909650607216,-0.363553446729,0.518869001502,-0.053689327576,-0.212839834319,1.25479628449,2.90497611706,92.4437332153,-0.317534023092,0.0866699145155,-0.0521553467881,1.48489340267,0.343995191683,-0.0318301013486,0.0655776786821,100.0
6.410367,-0.91041759761,-0.362786456335,0.517718515911,-0.053305832379,-0.209771872743,1.26131570284,2.90075766989,92.4437332153,-0.317534023092,0.0862864193186,-0.0521553467881,1.48374291708,0.344762182077,-0.0306796157577,0.0651941834851,100.0
6.420367,-0.912718568792,-0.362019465941,0.518869001502,-0.052922337182,-0.206320415971,1.27013609237,2.89615572753,92.4437332153,-0.318684508683,0.0862864193186,-0.0517718515911,1.48374291708,0.34437868688,-0.0314466061517,0.0651941834851,100.0
6.430365,-0.913485559186,-0.361635970744,0.518869001502,-0.053305832379,-0.203635949592,1.27703900591,2.89155378516,92.4437332153,-0.317534023092,0.0866699145155,-0.0517718515911,1.48450990748,0.344762182077,-0.0322135965456,0.0655776786821,100.0
6.440370,-0.915019539974,-0.360101989956,0.518869001502,-0.052922337182,-0.201718473607,1.28394191946,2.88771883319,92.4437332153,-0.318684508683,0.0866699145155,-0.0513883563942,1.48450990748,0.345145677274,-0.0322135965456,0.0655776786821,100.0
6.450366,-0.915786530368,-0.360485485153,0.519252496699,-0.054072822773,-0.199034007228,1.2919953186,2.88311689083,92.4437332153,-0.318684508683,0.0859029241216,-0.0521553467881,1.48412641228,0.345145677274,-0.0325970917426,0.0640436978942,100.0
6.460363,-0.916170025565,-0.360101989956,0.518869001502,-0.052922337182,-0.196349540849,1.29966522254,2.87966543406,92.4437332153,-0.317534023092,0.0874369049095,-0.0521553467881,1.48489340267,0.345529172471,-0.0322135965456,0.0651941834851,100.0
6.470366,-0.917320511155,-0.360101989956,0.518869001502,-0.0525388419851,-0.194048569668,1.30695163128,2.87544698689,92.4437332153,-0.318684508683,0.0862864193186,-0.052922337182,1.48450990748,0.345912667668,-0.0318301013486,0.0648106882882,100.0
6.480366,-0.918470996746,-0.359718494759,0.520019487093,-0.052922337182,-0.191747598486,1.31462153522,2.87161203492,92.4437332153,-0.317917518289,0.0866699145155,-0.0525388419851,1.48489340267,0.347446648456,-0.0318301013486,0.0659611738791,100.0
6.490365,-0.918854491943,-0.360101989956,0.518869001502,-0.052922337182,-0.18867963691,1.32152444876,2.86739358775,92.4437332153,-0.317917518289,0.0870534097125,-0.052922337182,1.48450990748,0.347063153259,-0.0314466061517,0.0655776786821,100.0
6.500368,-0.921155463125,-0.360485485153,0.52040298229,-0.053689327576,-0.186378665728,1.32842736231,2.86317514059,92.4437332153,-0.318684508683,0.0870534097125,-0.0521553467881,1.48374291708,0.347446648456,-0.0318301013486,0.0651941834851,100.0
6.510363,-0.921538958322,-0.360101989956,0.52040298229,-0.052922337182,-0.184077694546,1.33379629507,2.85895669342,92.4437332153,-0.318684508683,0.0870534097125,-0.0517718515911,1.48412641228,0.347063153259,-0.0310631109547,0.0655776786821,100.0
6.520364,-0.921922453519,-0.360101989956,0.521169972684,-0.053305832379,-0.181776723364,1.33878173263,2.85397125586,92.4437332153,-0.317917518289,0.0874369049095,-0.052922337182,1.48450990748,0.347063153259,-0.0318301013486,0.0655776786821,100.0
6.530363,-0.922305948716,-0.360485485153,0.521169972684,-0.0544563179699,-0.179475752183,1.34338367499,2.84975280869,92.4437332153,-0.318684508683,0.0870534097125,-0.0521553467881,1.48412641228,0.347063153259,-0.0314466061517,0.0651941834851,100.0
6.540365,-0.923839929504,-0.360101989956,0.520786477487,-0.0525388419851,-0.176791285804,1.34645163657,2.84438387594,92.4437332153,-0.317917518289,0.0862864193186,-0.0525388419851,1.48527689787,0.347446648456,-0.0318301013486,0.066344669076,100.0
6.550367,-0.92307293911,-0.359718494759,0.520786477487,-0.052922337182,-0.174490314622,1.35067008373,2.83978193357,92.4437332153,-0.318301013486,0.0866699145155,-0.0525388419851,1.48527689787,0.347446648456,-0.0318301013486,0.0644271930912,100.0
6.560388,-0.923839929504,-0.359334999562,0.521169972684,-0.052922337182,-0.173339829031,1.35220406452,2.83402950562,92.4437332153,-0.318684508683,0.0870534097125,-0.0517718515911,1.48489340267,0.347063153259,-0.0325970917426,0.0644271930912,100.0
6.570391,-0.925373910292,-0.359718494759,0.521169972684,-0.0525388419851,-0.171805848243,1.35258755972,2.82904406806,92.4437332153,-0.318301013486,0.0870534097125,-0.0521553467881,1.48450990748,0.347830143653,-0.0314466061517,0.0655776786821,100.0
6.580374,-0.926140900686,-0.359718494759,0.52040298229,-0.052922337182,-0.169504877061,1.35412154051,2.82252464971,92.4437332153,-0.318301013486,0.0866699145155,-0.052922337182,1.48489340267,0.346679658062,-0.0310631109547,0.0651941834851,100.0
6.590366,-0.92690789108,-0.359334999562,0.521553467881,-0.052922337182,-0.169504877061,1.35373804531,2.81792270735,92.4437332153,-0.318684508683,0.0874369049095,-0.0521553467881,1.48450990748,0.347063153259,-0.0318301013486,0.0655776786821,100.0
6.600368,-0.92690789108,-0.358951504365,0.520786477487,-0.052922337182,-0.167970896273,1.35258755972,2.81255377459,92.4437332153,-0.318301013486,0.0866699145155,-0.0521553467881,1.48489340267,0.346679658062,-0.0314466061517,0.0651941834851,100.0
6.610365,-0.927674881474,-0.358184513971,0.520786477487,-0.052922337182,-0.167970896273,1.35105357893,2.80795183222,92.4437332153,-0.318684508683,0.0870534097125,-0.0525388419851,1.48412641228,0.347063153259,-0.0310631109547,0.0659611738791,100.0
6.620364,-0.928441871868,-0.357801018774,0.521169972684,-0.053305832379,-0.167970896273,1.34951959814,2.80219940427,92.4437332153,-0.318301013486,0.0874369049095,-0.0521553467881,1.48489340267,0.347063153259,-0.0322135965456,0.0651941834851,100.0
6.630364,-0.928441871868,-0.357801018774,0.521169972684,-0.052922337182,-0.167970896273,1.34760212216,2.7979809571,92.4437332153,-0.31906800388,0.0870534097125,-0.0525388419851,1.48566039307,0.347446648456,-0.0322135965456,0.0655776786821,100.0
6.640368,-0.928825367065,-0.35703402838,0.521169972684,-0.0525388419851,-0.167587401076,1.34491765578,2.79337901474,92.4437332153,-0.318301013486,0.0866699145155,-0.0517718515911,1.48489340267,0.347063153259,-0.0306796157577,0.0648106882882,100.0
6.650362,-0.928825367065,-0.356650533183,0.521169972684,-0.053305832379,-0.16720390588,1.34108270381,2.78877707238,92.4437332153,-0.318684508683,0.0862864193186,-0.0525388419851,1.48527689787,0.347063153259,-0.0314466061517,0.0659611738791,100.0
6.660366,-0.931126338246,-0.356267037986,0.52040298229,-0.0525388419851,-0.16720390588,1.33801474223,2.78455862521,92.4437332153,-0.318684508683,0.0870534097125,-0.0525388419851,1.48489340267,0.347446648456,-0.0318301013486,0.0659611738791,100.0
6.670368,-0.930742843049,-0.355116552395,0.521169972684,-0.052922337182,-0.16720390588,1.33379629507,2.77957318765,92.4437332153,-0.317150527895,0.0874369049095,-0.0525388419851,1.48489340267,0.346679658062,-0.0310631109547,0.0644271930912,100.0
6.680369,-0.931126338246,-0.353966066805,0.520786477487,-0.053689327576,-0.167587401076,1.3291943527,2.77535474048,92.4437332153,-0.318684508683,0.0874369049095,-0.0521553467881,1.48489340267,0.347063153259,-0.0314466061517,0.0644271930912,100.0
6.690370,-0.931509833443,-0.353199076411,0.521553467881,-0.052922337182,-0.16720390588,1.32535940073,2.77151978851,92.4437332153,-0.318684508683,0.0862864193186,-0.052922337182,1.48450990748,0.347063153259,-0.0318301013486,0.0644271930912,100.0
6.700369,-0.932660319034,-0.352815581214,0.520786477487,-0.0521553467881,-0.167970896273,1.32075745837,2.76691784615,92.4437332153,-0.318301013486,0.0859029241216,-0.052922337182,1.48450990748,0.347063153259,-0.0322135965456,0.0659611738791,100.0
6.710369,-0.932276823837,-0.352815581214,0.520786477487,-0.0521553467881,-0.167587401076,1.3165390112,2.76231590378,92.4437332153,-0.317917518289,0.0866699145155,-0.0525388419851,1.48489340267,0.347063153259,-0.0314466061517,0.0659611738791,100.0
6.720365,-0.933810804625,-0.350898105229,0.521553467881,-0.0525388419851,-0.167587401076,1.31155357364,2.75848095181,92.4437332153,-0.317917518289,0.0866699145155,-0.0525388419851,1.48450990748,0.347063153259,-0.0322135965456,0.0651941834851,100.0
6.730367,-0.934194299822,-0.348980629244,0.52040298229,-0.0525388419851,-0.167587401076,1.30733512648,2.75426250465,92.4437332153,-0.318684508683,0.0862864193186,-0.0525388419851,1.48374291708,0.347063153259,-0.0310631109547,0.0651941834851,100.0
6.740383,-0.934194299822,-0.348980629244,0.52040298229,-0.053305832379,-0.167970896273,1.30196619372,2.75042755268,92.4437332153,-0.318301013486,0.0866699145155,-0.053305832379,1.48450990748,0.347063153259,-0.0318301013486,0.0651941834851,100.0
6.750369,-0.934961290216,-0.34821363885,0.520786477487,-0.052922337182,-0.167587401076,1.29774774655,2.74582561031,92.4437332153,-0.318684508683,0.0874369049095,-0.0525388419851,1.48412641228,0.346679658062,-0.0314466061517,0.0644271930912,100.0
6.760368,-0.935344785413,-0.347063153259,0.521169972684,-0.052922337182,-0.167587401076,1.29391279458,2.74199065835,92.4437332153,-0.318301013486,0.0862864193186,-0.0510048611972,1.48527689787,0.347063153259,-0.0318301013486,0.0659611738791,100.0
6.770370,-0.936495271004,-0.345529172471,0.520786477487,-0.054072822773,-0.167970896273,1.28892735702,2.73738871598,92.4437332153,-0.317917518289,0.0859029241216,-0.0525388419851,1.48412641228,0.347063153259,-0.0318301013486,0.0651941834851,100.0
6.780365,-0.936878766201,-0.344762182077,0.521169972684,-0.0525388419851,-0.167970896273,1.28470890985,2.73278677362,92.4437332153,-0.318684508683,0.0866699145155,-0.0525388419851,1.48450990748,0.347830143653,-0.0318301013486,0.0651941834851,100.0
6.790367,-0.938029251792,-0.343228201289,0.520786477487,-0.052922337182,-0.167970896273,1.28087395788,2.72971881204,92.4437332153,-0.318301013486,0.0870534097125,-0.0521553467881,1.48450990748,0.347063153259,-0.0322135965456,0.0644271930912,100.0
6.800363,-0.936878766201,-0.341310725305,0.521553467881,-0.0517718515911,-0.16720390588,1.2793399771,2.72550036488,92.4437332153,-0.317917518289,0.0862864193186,-0.0521553467881,1.48412641228,0.346679658062,-0.0314466061517,0.0651941834851,100.0
6.810363,-0.937645756595,-0.33939324932,0.521553467881,-0.052922337182,-0.16720390588,1.27473803473,2.72128191771,92.4437332153,-0.318301013486,0.0874369049095,-0.0521553467881,1.48450990748,0.347446648456,-0.0325970917426,0.0644271930912,100.0
6.820389,-0.938029251792,-0.33939324932,0.521553467881,-0.0525388419851,-0.166820410683,1.27128657796,2.71706347054,92.4437332153,-0.318301013486,0.0866699145155,-0.0525388419851,1.48374291708,0.347063153259,-0.0314466061517,0.0651941834851,100.0
6.830371,-0.938412746989,-0.337475773335,0.521936963078,-0.0525388419851,-0.167587401076,1.26860211158,2.71361201377,92.4437332153,-0.318301013486,0.0866699145155,-0.0525388419851,1.48412641228,0.347446648456,-0.0318301013486,0.0640436978942,100.0
6.840369,-0.93956323258,-0.336708782941,0.521936963078,-0.053305832379,-0.16720390588,1.26783512119,2.7097770618,92.4437332153,-0.317917518289,0.0866699145155,-0.0525388419851,1.48489340267,0.347063153259,-0.0314466061517,0.0648106882882,100.0
6.850362,-0.939179737383,-0.334407811759,0.522320458275,-0.052922337182,-0.16720390588,1.26361667402,2.70709259542,92.4437332153,-0.318301013486,0.0866699145155,-0.0521553467881,1.48489340267,0.347830143653,-0.0325970917426,0.0651941834851,100.0
6.860365,-0.940330222974,-0.333257326168,0.522703953472,-0.0525388419851,-0.166820410683,1.26246618843,2.70364113865,92.4437332153,-0.318684508683,0.0870534097125,-0.0521553467881,1.48412641228,0.347830143653,-0.0318301013486,0.0655776786821,100.0
6.870364,-0.939946727777,-0.331339850183,0.523470943866,-0.053689327576,-0.16720390588,1.26131570284,2.70172366266,92.4437332153,-0.317917518289,0.0874369049095,-0.0521553467881,1.48374291708,0.347830143653,-0.0318301013486,0.0651941834851,100.0
6.880369,-0.939946727777,-0.329805869395,0.522703953472,-0.0525388419851,-0.166436915486,1.26093220764,2.69827220589,92.4437332153,-0.317917518289,0.0878204001064,-0.0521553467881,1.48450990748,0.347446648456,-0.0314466061517,0.0651941834851,100.0
6.890374,-0.939946727777,-0.328271888607,0.523470943866,-0.0544563179699,-0.165669925092,1.25939822685,2.6975052155,92.4437332153,-0.31906800388,0.0870534097125,-0.0525388419851,1.48412641228,0.347446648456,-0.0314466061517,0.0644271930912,100.0
6.900371,-0.939946727777,-0.32673790782,0.523087448669,-0.053305832379,-0.166053420289,1.25863123646,2.69635472991,92.4437332153,-0.318301013486,0.0874369049095,-0.0517718515911,1.48412641228,0.347446648456,-0.0306796157577,0.066344669076,100.0
6.910371,-0.940713718171,-0.324820431835,0.523854439063,-0.0521553467881,-0.165286429895,1.25863123646,2.69520424431,92.4437332153,-0.317917518289,0.0866699145155,-0.0525388419851,1.48450990748,0.347063153259,-0.0314466061517,0.0655776786821,100.0
6.920372,-0.941097213368,-0.323669946244,0.524621429457,-0.052922337182,-0.165669925092,1.25939822685,2.69405375872,92.4437332153,-0.318301013486,0.0866699145155,-0.052922337182,1.48489340267,0.347446648456,-0.0310631109547,0.0644271930912,100.0
6.930368,-0.941097213368,-0.321368975062,0.52423793426,-0.052922337182,-0.165669925092,1.25978172205,2.69367026353,92.4437332153,-0.317917518289,0.0866699145155,-0.0521553467881,1.48412641228,0.347063153259,-0.0318301013486,0.0648106882882,100.0
6.940368,-0.941097213368,-0.319451499077,0.525004924654,-0.0525388419851,-0.166053420289,1.26054871244,2.69405375872,92.4437332153,-0.318684508683,0.0866699145155,-0.0517718515911,1.48489340267,0.346679658062,-0.0318301013486,0.0655776786821,100.0
6.950367,-0.941097213368,-0.318301013486,0.524621429457,-0.0525388419851,-0.165669925092,1.26093220764,2.69482074912,92.4437332153,-0.317917518289,0.0874369049095,-0.0521553467881,1.48527689787,0.347446648456,-0.0318301013486,0.0651941834851,100.0
6.960367,-0.940713718171,-0.317917518289,0.525004924654,-0.053305832379,-0.166053420289,1.26131570284,2.69405375872,92.4437332153,-0.318301013486,0.0862864193186,-0.053305832379,1.48412641228,0.347830143653,-0.0310631109547,0.0651941834851,100.0
6.970370,-0.940713718171,-0.316000042304,0.525388419851,-0.0513883563942,-0.166053420289,1.26208269323,2.69443725392,92.4437332153,-0.317917518289,0.0866699145155,-0.0521553467881,1.48489340267,0.347063153259,-0.0314466061517,0.0655776786821,100.0
6.980368,-0.941097213368,-0.31408256632,0.525771915048,-0.0525388419851,-0.166053420289,1.26246618843,2.69405375872,92.4437332153,-0.318684508683,0.0859029241216,-0.0521553467881,1.48489340267,0.347446648456,-0.0322135965456,0.0655776786821,100.0
6.990370,-0.940330222974,-0.312548585532,0.526155410245,-0.0513883563942,-0.166436915486,1.26323317882,2.69405375872,92.4437332153,-0.318684508683,0.0859029241216,-0.0521553467881,1.48412641228,0.347446648456,-0.0310631109547,0.0655776786821,100.0
7.000366,-0.941480708565,-0.311398099941,0.525771915048,-0.052922337182,-0.166053420289,1.26400016922,2.69482074912,92.4437332153,-0.317917518289,0.0870534097125,-0.053305832379,1.48450990748,0.346296162865,-0.0318301013486,0.0651941834851,100.0
7.010363,-0.940713718171,-0.309480623956,0.526155410245,-0.052922337182,-0.166053420289,1.26361667402,2.69443725392,92.4437332153,-0.317917518289,0.0870534097125,-0.0525388419851,1.48489340267,0.346296162865,-0.0314466061517,0.0651941834851,100.0
7.020365,-0.940713718171,-0.308330138365,0.526538905442,-0.053689327576,-0.166053420289,1.26361667402,2.69367026353,92.4437332153,-0.318301013486,0.0859029241216,-0.0517718515911,1.48450990748,0.346679658062,-0.0322135965456,0.0648106882882,100.0
7.030363,-0.941864203762,-0.307179652774,0.526538905442,-0.0525388419851,-0.165669925092,1.26400016922,2.69405375872,92.4437332153,-0.318301013486,0.0870534097125,-0.053305832379,1.48412641228,0.347446648456,-0.0306796157577,0.0659611738791,100.0
7.040482,-0.940713718171,-0.304495186395,0.526538905442,-0.0525388419851,-0.165669925092,1.26476715961,2.69482074912,92.4437332153,-0.318301013486,0.0870534097125,-0.0525388419851,1.48450990748,0.347063153259,-0.0325970917426,0.0651941834851,100.0
7.050384,-0.941864203762,-0.303728196001,0.527305895836,-0.052922337182,-0.166820410683,1.26400016922,2.69405375872,92.4437332153,-0.317917518289,0.0866699145155,-0.0525388419851,1.48412641228,0.347063153259,-0.0314466061517,0.0648106882882,100.0
7.060368,-0.93956323258,-0.302194215213,0.526155410245,-0.052922337182,-0.166436915486,1.26323317882,2.69443725392,92.4437332153,-0.318301013486,0.0870534097125,-0.0521553467881,1.48566039307,0.347446648456,-0.0314466061517,0.0644271930912,100.0
7.070368,-0.941097213368,-0.300660234426,0.526538905442,-0.0525388419851,-0.166820410683,1.26208269323,2.69443725392,92.4437332153,-0.318684508683,0.0870534097125,-0.0517718515911,1.48489340267,0.347446648456,-0.0314466061517,0.0655776786821,100.0
7.080364,-0.939946727777,-0.299126253638,0.526538905442,-0.052922337182,-0.166820410683,1.26169919804,2.69482074912,92.4437332153,-0.318684508683,0.0870534097125,-0.0525388419851,1.48374291708,0.346296162865,-0.0322135965456,0.0659611738791,100.0
7.090451,-0.93956323258,-0.298359263244,0.526922400639,-0.0517718515911,-0.166820410683,1.26169919804,2.69405375872,92.4437332153,-0.317917518289,0.0862864193186,-0.0525388419851,1.48527689787,0.347063153259,-0.0310631109547,0.0644271930912,100.0
7.100375,-0.939946727777,-0.296825282456,0.526922400639,-0.0525388419851,-0.166820410683,1.26131570284,2.69443725392,92.4437332153,-0.318301013486,0.0866699145155,-0.0525388419851,1.48527689787,0.347830143653,-0.0314466061517,0.0659611738791,100.0
7.110369,-0.93956323258,-0.295674796865,0.527305895836,-0.0525388419851,-0.167587401076,1.25939822685,2.69405375872,92.4437332153,-0.318301013486,0.0874369049095,-0.0525388419851,1.48489340267,0.347446648456,-0.0314466061517,0.0648106882882,100.0
7.120369,-0.938412746989,-0.294140816077,0.527305895836,-0.0525388419851,-0.16835439147,1.25901473166,2.69405375872,92.4437332153,-0.318684508683,0.0870534097125,-0.053305832379,1.48450990748,0.346679658062,-0.0318301013486,0.0655776786821,100.0
7.130364,-0.938412746989,-0.292223340092,0.526538905442,-0.052922337182,-0.16720390588,1.25901473166,2.69482074912,92.4437332153,-0.317917518289,0.0866699145155,-0.052922337182,1.48527689787,0.347063153259,-0.0318301013486,0.0659611738791,100.0
7.140448,-0.938412746989,-0.292223340092,0.526538905442,-0.0521553467881,-0.16720390588,1.25824774126,2.69405375872,92.4437332153,-0.317917518289,0.0862864193186,-0.0517718515911,1.48450990748,0.347446648456,-0.0318301013486,0.0644271930912,100.0
7.150371,-0.939179737383,-0.290689359304,0.526922400639,-0.0525388419851,-0.167587401076,1.25824774126,2.69405375872,92.4437332153,-0.31906800388,0.0862864193186,-0.0517718515911,1.48489340267,0.347063153259,-0.0318301013486,0.0655776786821,100.0
7.160365,-0.938796242186,-0.289155378516,0.526922400639,-0.0517718515911,-0.16835439147,1.25863123646,2.69328676833,92.4437332153,-0.318301013486,0.0862864193186,-0.053305832379,1.48527689787,0.347063153259,-0.0314466061517,0.0659611738791,100.0
7.170365,-0.938796242186,-0.287237902532,0.526538905442,-0.052922337182,-0.16835439147,1.25709725567,2.69328676833,92.4437332153,-0.318301013486,0.0870534097125,-0.0521553467881,1.48412641228,0.346679658062,-0.0314466061517,0.0651941834851,100.0
7.180364,-0.93956323258,-0.287237902532,0.526538905442,-0.0525388419851,-0.16835439147,1.25709725567,2.69328676833,92.4437332153,-0.31906800388,0.0866699145155,-0.0525388419851,1.48450990748,0.347446648456,-0.0325970917426,0.0659611738791,100.0
7.190362,-0.937262261398,-0.286087416941,0.527305895836,-0.0521553467881,-0.169504877061,1.25633026528,2.69367026353,92.4437332153,-0.318684508683,0.0870534097125,-0.0525388419851,1.48374291708,0.347830143653,-0.0314466061517,0.0644271930912,100.0
7.200391,-0.938412746989,-0.284553436153,0.526922400639,-0.0525388419851,-0.169504877061,1.25556327488,2.69328676833,92.4437332153,-0.318301013486,0.0870534097125,-0.0521553467881,1.48412641228,0.347063153259,-0.0318301013486,0.066344669076,100.0
7.210373,-0.937645756595,-0.283402950562,0.526538905442,-0.0521553467881,-0.170271867455,1.25517977969,2.69328676833,92.4437332153,-0.318301013486,0.0866699145155,-0.0517718515911,1.48374291708,0.347446648456,-0.0318301013486,0.0648106882882,100.0
7.220370,-0.938412746989,-0.283402950562,0.527305895836,-0.053305832379,-0.169888372258,1.25633026528,2.69290327313,92.4437332153,-0.318301013486,0.0862864193186,-0.0521553467881,1.48450990748,0.347446648456,-0.0314466061517,0.0648106882882,100.0
7.230367,-0.937645756595,-0.28110197938,0.526922400639,-0.0517718515911,-0.169504877061,1.25441278929,2.69328676833,92.4437332153,-0.318301013486,0.0862864193186,-0.0525388419851,1.48489340267,0.346296162865,-0.0318301013486,0.0659611738791,100.0
7.240364,-0.938412746989,-0.279951493789,0.526538905442,-0.0525388419851,-0.170271867455,1.2540292941,2.69328676833,92.4437332153,-0.317917518289,0.0870534097125,-0.0521553467881,1.48489340267,0.347446648456,-0.0318301013486,0.0655776786821,100.0
7.250369,-0.936878766201,-0.279567998592,0.527305895836,-0.0525388419851,-0.169888372258,1.25287880851,2.69367026353,92.4437332153,-0.318301013486,0.0866699145155,-0.0525388419851,1.48489340267,0.347063153259,-0.0325970917426,0.0651941834851,100.0
7.260367,-0.938029251792,-0.278034017804,0.527305895836,-0.0513883563942,-0.171038857849,1.25096133252,2.69290327313,92.4437332153,-0.317917518289,0.0866699145155,-0.052922337182,1.48450990748,0.347063153259,-0.0318301013486,0.0659611738791,100.0
7.270364,-0.936878766201,-0.276883532213,0.526538905442,-0.0521553467881,-0.169888372258,1.25096133252,2.69290327313,92.4437332153,-0.318301013486,0.0866699145155,-0.0517718515911,1.48527689787,0.347446648456,-0.0310631109547,0.0648106882882,100.0
7.280364,-0.937262261398,-0.276116541819,0.527305895836,-0.052922337182,-0.170271867455,1.24981084693,2.69367026353,92.4437332153,-0.318684508683,0.0866699145155,-0.0517718515911,1.48450990748,0.346679658062,-0.0314466061517,0.0640436978942,100.0
7.290367,-0.936878766201,-0.274966056228,0.526922400639,-0.0525388419851,-0.171038857849,1.24827686614,2.69290327313,92.4437332153,-0.318684508683,0.0866699145155,-0.0525388419851,1.48450990748,0.347830143653,-0.0322135965456,0.0659611738791,100.0
7.300370,-0.936111775807,-0.273815570638,0.527305895836,-0.0525388419851,-0.171805848243,1.24750987575,2.69328676833,92.4437332153,-0.318684508683,0.0866699145155,-0.0525388419851,1.48450990748,0.347446648456,-0.0314466061517,0.0651941834851,100.0
7.310390,-0.936495271004,-0.273048580244,0.527305895836,-0.0513883563942,-0.173339829031,1.24674288535,2.69290327313,92.4437332153,-0.318684508683,0.0874369049095,-0.0517718515911,1.48374291708,0.347446648456,-0.0314466061517,0.0651941834851,100.0
7.320368,-0.935344785413,-0.27228158985,0.527305895836,-0.052922337182,-0.174490314622,1.24482540937,2.69367026353,92.4437332153,-0.318684508683,0.0870534097125,-0.052922337182,1.48450990748,0.347063153259,-0.0318301013486,0.0648106882882,100.0
7.330367,-0.93572828061,-0.272665085047,0.527305895836,-0.0521553467881,-0.175640800213,1.24367492378,2.69328676833,92.4437332153,-0.31906800388,0.0870534097125,-0.0525388419851,1.48412641228,0.347446648456,-0.0310631109547,0.0659611738791,100.0
7.340366,-0.93572828061,-0.271131104259,0.527305895836,-0.0521553467881,-0.176407790607,1.24175744779,2.69251977794,92.4437332153,-0.318684508683,0.0862864193186,-0.052922337182,1.48450990748,0.347446648456,-0.0314466061517,0.0648106882882,100.0
7.350365,-0.934961290216,-0.270364113865,0.527689391033,-0.054072822773,-0.177558276198,1.24022346701,2.69290327313,92.4437332153,-0.317917518289,0.0870534097125,-0.0525388419851,1.48527689787,0.347063153259,-0.0314466061517,0.0640436978942,100.0
7.360366,-0.934577795019,-0.269980618668,0.526538905442,-0.054072822773,-0.179475752183,1.23830599102,2.69328676833,92.4437332153,-0.318301013486,0.0866699145155,-0.0525388419851,1.48566039307,0.347063153259,-0.0318301013486,0.0651941834851,100.0
7.370365,-0.934961290216,-0.269597123471,0.526538905442,-0.052922337182,-0.17985924738,1.23677201023,2.69251977794,92.4437332153,-0.317917518289,0.0866699145155,-0.0525388419851,1.48489340267,0.346679658062,-0.0318301013486,0.0655776786821,100.0
7.380366,-0.933810804625,-0.26844663788,0.526922400639,-0.0525388419851,-0.181776723364,1.23485453425,2.69290327313,92.4437332153,-0.318301013486,0.0866699145155,-0.0525388419851,1.48412641228,0.347446648456,-0.0318301013486,0.0651941834851,100.0
7.390363,-0.934577795019,-0.268063142683,0.527689391033,-0.052922337182,-0.184461189743,1.23447103905,2.69290327313,92.4437332153,-0.318301013486,0.0870534097125,-0.0521553467881,1.48450990748,0.346296162865,-0.0314466061517,0.0655776786821,100.0
7.400366,-0.934194299822,-0.267296152289,0.526538905442,-0.0517718515911,-0.185611675334,1.23063608708,2.69251977794,92.4437332153,-0.317917518289,0.0862864193186,-0.0521553467881,1.48374291708,0.346296162865,-0.0322135965456,0.0659611738791,100.0
7.410366,-0.933427309428,-0.266145666698,0.526922400639,-0.052922337182,-0.187145656122,1.2283351159,2.69251977794,92.4437332153,-0.318301013486,0.0862864193186,-0.0517718515911,1.48527689787,0.346296162865,-0.0318301013486,0.0648106882882,100.0
7.420364,-0.932276823837,-0.266145666698,0.526922400639,-0.053689327576,-0.188296141713,1.22603414472,2.69251977794,92.4437332153,-0.318301013486,0.0859029241216,-0.0517718515911,1.48527689787,0.347830143653,-0.0314466061517,0.0648106882882,100.0
7.430364,-0.932660319034,-0.26461168591,0.526922400639,-0.0521553467881,-0.190597112895,1.22296618314,2.69175278754,92.4437332153,-0.317917518289,0.0870534097125,-0.0517718515911,1.48489340267,0.347063153259,-0.0306796157577,0.0655776786821,100.0
7.440361,-0.932660319034,-0.264228190713,0.527689391033,-0.0525388419851,-0.191747598486,1.22028171676,2.69213628274,92.4437332153,-0.317917518289,0.0866699145155,-0.052922337182,1.48450990748,0.347830143653,-0.0318301013486,0.0651941834851,100.0
7.450365,-0.932660319034,-0.263844695516,0.527689391033,-0.0525388419851,-0.19251458888,1.21836424078,2.69175278754,92.4437332153,-0.318301013486,0.0866699145155,-0.0525388419851,1.48527689787,0.347063153259,-0.0318301013486,0.0648106882882,100.0
7.460366,-0.932276823837,-0.263077705122,0.526922400639,-0.0517718515911,-0.193281579274,1.21683025999,2.69251977794,92.4437332153,-0.317917518289,0.0874369049095,-0.0517718515911,1.48374291708,0.347063153259,-0.0314466061517,0.0655776786821,100.0
7.470363,-0.931126338246,-0.262310714728,0.526922400639,-0.053305832379,-0.193281579274,1.21376229841,2.69328676833,92.4437332153,-0.317917518289,0.0862864193186,-0.0525388419851,1.48527689787,0.347446648456,-0.0318301013486,0.0648106882882,100.0
7.480363,-0.930742843049,-0.263077705122,0.526922400639,-0.0521553467881,-0.193665074471,1.21184482243,2.69213628274,92.4437332153,-0.318301013486,0.0874369049095,-0.0521553467881,1.48450990748,0.347063153259,-0.0314466061517,0.0648106882882,100.0
7.490368,-0.931126338246,-0.261543724334,0.527305895836,-0.0525388419851,-0.193665074471,1.20992734644,2.69251977794,92.4437332153,-0.31906800388,0.0866699145155,-0.0521553467881,1.48412641228,0.347446648456,-0.0318301013486,0.0651941834851,100.0
7.500372,-0.930359347853,-0.260393238744,0.527305895836,-0.0521553467881,-0.193281579274,1.20839336566,2.69213628274,92.4437332153,-0.318301013486,0.0866699145155,-0.0517718515911,1.48412641228,0.347446648456,-0.0314466061517,0.0651941834851,100.0
7.510369,-0.928825367065,-0.260776733941,0.527305895836,-0.0521553467881,-0.194048569668,1.20800987046,2.69251977794,92.4437332153,-0.318684508683,0.0874369049095,-0.0525388419851,1.48489340267,0.347446648456,-0.0314466061517,0.0648106882882,100.0
7.520365,-0.929592357459,-0.259242753153,0.526922400639,-0.053689327576,-0.193281579274,1.20609239447,2.69251977794,92.4437332153,-0.318301013486,0.0870534097125,-0.0521553467881,1.48450990748,0.347063153259,-0.0310631109547,0.0640436978942,100.0
7.530367,-0.929975852656,-0.25962624835,0.526922400639,-0.0525388419851,-0.192898084077,1.20647588967,2.69290327313,92.4437332153,-0.318684508683,0.0862864193186,-0.0525388419851,1.48412641228,0.347063153259,-0.0322135965456,0.0655776786821,100.0
7.540365,-0.929592357459,-0.258859257956,0.526922400639,-0.0517718515911,-0.19251458888,1.20379142329,2.69290327313,92.4437332153,-0.317534023092,0.0866699145155,-0.0521553467881,1.48412641228,0.347446648456,-0.0322135965456,0.0648106882882,100.0
7.550372,-0.928441871868,-0.258092267562,0.526922400639,-0.0521553467881,-0.192898084077,1.20379142329,2.69251977794,92.4437332153,-0.317917518289,0.0866699145155,-0.052922337182,1.48489340267,0.347063153259,-0.0314466061517,0.0659611738791,100.0
7.560371,-0.928825367065,-0.258092267562,0.52807288623,-0.0521553467881,-0.193665074471,1.2026409377,2.69175278754,92.4437332153,-0.317917518289,0.0866699145155,-0.0525388419851,1.48412641228,0.347446648456,-0.0310631109547,0.0651941834851,100.0
7.570369,-0.929592357459,-0.258092267562,0.526922400639,-0.0544563179699,-0.19251458888,1.20225744251,2.69251977794,92.4437332153,-0.318301013486,0.0866699145155,-0.0525388419851,1.48412641228,0.347830143653,-0.0314466061517,0.0659611738791,100.0
7.580366,-0.928825367065,-0.257708772365,0.527689391033,-0.053689327576,-0.191747598486,1.20225744251,2.69251977794,92.4437332153,-0.318684508683,0.0862864193186,-0.0521553467881,1.48489340267,0.347063153259,-0.0322135965456,0.0651941834851,100.0
7.590390,-0.928058376671,-0.256941781971,0.527305895836,-0.0517718515911,-0.192898084077,1.2030244329,2.69251977794,92.4437332153,-0.318301013486,0.0870534097125,-0.052922337182,1.48450990748,0.346679658062,-0.0318301013486,0.0659611738791,100.0
7.600383,-0.928058376671,-0.256558286774,0.526922400639,-0.053689327576,-0.192898084077,1.20187394731,2.69290327313,92.4437332153,-0.317917518289,0.0874369049095,-0.0525388419851,1.48412641228,0.347063153259,-0.0318301013486,0.0651941834851,100.0
7.610374,-0.928825367065,-0.256174791577,0.52807288623,-0.0525388419851,-0.192131093683,1.20149045211,2.69290327313,92.4437332153,-0.318301013486,0.0866699145155,-0.0521553467881,1.48450990748,0.346679658062,-0.0322135965456,0.0648106882882,100.0
7.620373,-0.927674881474,-0.25579129638,0.527689391033,-0.0521553467881,-0.192898084077,1.20072346172,2.69328676833,92.4437332153,-0.318684508683,0.0866699145155,-0.0517718515911,1.48450990748,0.346679658062,-0.0314466061517,0.0651941834851,100.0
7.630365,-0.928825367065,-0.25579129638,0.527689391033,-0.0525388419851,-0.192898084077,1.20149045211,2.69251977794,92.4437332153,-0.318301013486,0.0859029241216,-0.0525388419851,1.48412641228,0.347063153259,-0.0314466061517,0.0651941834851,100.0
7.640365,-0.928058376671,-0.254640810789,0.526922400639,-0.0525388419851,-0.192898084077,1.20072346172,2.69290327313,92.4437332153,-0.318684508683,0.0870534097125,-0.0525388419851,1.48489340267,0.347446648456,-0.0306796157577,0.0651941834851,100.0
7.650369,-0.927291386277,-0.254640810789,0.527305895836,-0.0525388419851,-0.193281579274,1.20149045211,2.69213628274,92.4437332153,-0.318301013486,0.0874369049095,-0.0521553467881,1.48450990748,0.347063153259,-0.0318301013486,0.0655776786821,100.0
7.660368,-0.927674881474,-0.254257315592,0.527689391033,-0.0521553467881,-0.19251458888,1.20110695691,2.69251977794,92.4437332153,-0.317917518289,0.0866699145155,-0.0521553467881,1.48489340267,0.347446648456,-0.0318301013486,0.0659611738791,100.0
7.670467,-0.926524395883,-0.254257315592,0.527305895836,-0.0517718515911,-0.192898084077,1.19995647132,2.69328676833,92.4437332153,-0.318684508683,0.0870534097125,-0.052922337182,1.48412641228,0.347063153259,-0.0314466061517,0.0655776786821,100.0
7.680365,-0.927291386277,-0.253490325198,0.527689391033,-0.0521553467881,-0.192131093683,1.19995647132,2.69251977794,92.4437332153,-0.317917518289,0.0862864193186,-0.052922337182,1.48412641228,0.346679658062,-0.0314466061517,0.0655776786821,100.0
7.690365,-0.92690789108,-0.253106830001,0.527305895836,-0.052922337182,-0.192898084077,1.19995647132,2.69328676833,92.4437332153,-0.317917518289,0.0862864193186,-0.0525388419851,1.48412641228,0.347830143653,-0.0310631109547,0.0655776786821,100.0
7.700366,-0.927291386277,-0.251572849213,0.527305895836,-0.053305832379,-0.192898084077,1.19957297613,2.69328676833,92.4437332153,-0.318301013486,0.0866699145155,-0.052922337182,1.48450990748,0.347063153259,-0.0318301013486,0.0644271930912,100.0
7.710368,-0.927291386277,-0.251572849213,0.527305895836,-0.0517718515911,-0.192898084077,1.19880598573,2.69251977794,92.4437332153,-0.318301013486,0.0866699145155,-0.0525388419851,1.48450990748,0.347063153259,-0.0310631109547,0.0648106882882,100.0
7.720369,-0.926524395883,-0.250805858819,0.52807288623,-0.0517718515911,-0.19251458888,1.19842249054,2.69290327313,92.4437332153,-0.318684508683,0.0866699145155,-0.053305832379,1.48450990748,0.347446648456,-0.0322135965456,0.0640436978942,100.0
7.730390,-0.92690789108,-0.250805858819,0.527689391033,-0.0521553467881,-0.19251458888,1.19880598573,2.69213628274,92.4437332153,-0.318684508683,0.0870534097125,-0.0521553467881,1.48374291708,0.347063153259,-0.0314466061517,0.0655776786821,100.0
7.740370,-0.928825367065,-0.250422363622,0.527305895836,-0.0517718515911,-0.193281579274,1.19727200494,2.69251977794,92.4437332153,-0.31906800388,0.0866699145155,-0.052922337182,1.48412641228,0.347063153259,-0.0314466061517,0.0651941834851,100.0
7.750372,-0.926524395883,-0.250038868425,0.526922400639,-0.0517718515911,-0.192898084077,1.19803899534,2.69290327313,92.4437332153,-0.318684508683,0.0870534097125,-0.0521553467881,1.48450990748,0.347830143653,-0.0314466061517,0.0648106882882,100.0
7.760389,-0.926524395883,-0.249271878031,0.52807288623,-0.052922337182,-0.192131093683,1.19650501455,2.69251977794,92.4437332153,-0.317917518289,0.0874369049095,-0.0521553467881,1.48489340267,0.347063153259,-0.0318301013486,0.0655776786821,100.0
7.770369,-0.926524395883,-0.24812139244,0.527305895836,-0.0525388419851,-0.193281579274,1.19612151935,2.69251977794,92.4437332153,-0.318684508683,0.0874369049095,-0.0517718515911,1.48489340267,0.347063153259,-0.0314466061517,0.0648106882882,100.0
7.780368,-0.927291386277,-0.247737897243,0.527305895836,-0.0521553467881,-0.193281579274,1.19612151935,2.69328676833,92.4437332153,-0.31906800388,0.0874369049095,-0.0521553467881,1.48450990748,0.347446648456,-0.0318301013486,0.0659611738791,100.0
7.790389,-0.926524395883,-0.24812139244,0.527689391033,-0.0517718515911,-0.193281579274,1.19497103376,2.69290327313,92.4437332153,-0.317917518289,0.0866699145155,-0.0525388419851,1.48412641228,0.347063153259,-0.0322135965456,0.0651941834851,100.0
7.800389,-0.92690789108,-0.247354402047,0.527305895836,-0.0525388419851,-0.19251458888,1.19343705297,2.69328676833,92.4437332153,-0.317917518289,0.0870534097125,-0.052922337182,1.48450990748,0.346679658062,-0.0318301013486,0.0648106882882,100.0
7.810370,-0.926140900686,-0.246587411653,0.52922337182,-0.052922337182,-0.19251458888,1.19343705297,2.69367026353,92.4437332153,-0.318301013486,0.0866699145155,-0.052922337182,1.48450990748,0.347446648456,-0.0322135965456,0.0651941834851,100.0
7.820390,-0.92690789108,-0.245820421259,0.527689391033,-0.0513883563942,-0.192898084077,1.19228656738,2.69367026353,92.4437332153,-0.318301013486,0.0866699145155,-0.052922337182,1.48374291708,0.347063153259,-0.0322135965456,0.0651941834851,100.0
7.830370,-0.92690789108,-0.245436926062,0.527689391033,-0.052922337182,-0.19251458888,1.19113608179,2.69251977794,92.4437332153,-0.317917518289,0.0862864193186,-0.0517718515911,1.48450990748,0.347830143653,-0.0322135965456,0.0655776786821,100.0
7.840369,-0.927674881474,-0.244669935668,0.527689391033,-0.0510048611972,-0.193281579274,1.19113608179,2.69328676833,92.4437332153,-0.317917518289,0.0866699145155,-0.0521553467881,1.48412641228,0.347063153259,-0.0318301013486,0.0651941834851,100.0
7.850389,-0.926524395883,-0.246203916456,0.527689391033,-0.053305832379,-0.19251458888,1.1903690914,2.69328676833,92.4437332153,-0.317917518289,0.0859029241216,-0.0525388419851,1.48489340267,0.347830143653,-0.0314466061517,0.0659611738791,100.0
7.860368,-0.926140900686,-0.244286440471,0.527305895836,-0.0521553467881,-0.19251458888,1.18921860581,2.69290327313,92.4437332153,-0.318684508683,0.0866699145155,-0.0525388419851,1.48450990748,0.346679658062,-0.0318301013486,0.0651941834851,100.0
7.870364,-0.925757405489,-0.244286440471,0.52807288623,-0.0521553467881,-0.192898084077,1.18806812022,2.69328676833,92.4437332153,-0.317917518289,0.0859029241216,-0.0525388419851,1.48412641228,0.347446648456,-0.0318301013486,0.0651941834851,100.0
7.880368,-0.92690789108,-0.243902945274,0.52807288623,-0.052922337182,-0.19251458888,1.18730112982,2.69251977794,92.4437332153,-0.318684508683,0.0866699145155,-0.0521553467881,1.48450990748,0.347063153259,-0.0314466061517,0.0651941834851,100.0
7.890366,-0.92690789108,-0.242752459683,0.527305895836,-0.0525388419851,-0.19251458888,1.18730112982,2.69367026353,92.4437332153,-0.317917518289,0.0878204001064,-0.0525388419851,1.48450990748,0.347063153259,-0.0314466061517,0.0651941834851,100.0
7.900410,-0.92690789108,-0.241985469289,0.527689391033,-0.0525388419851,-0.192898084077,1.18730112982,2.69328676833,92.4437332153,-0.317917518289,0.0870534097125,-0.0517718515911,1.48527689787,0.347446648456,-0.0318301013486,0.0651941834851,100.0
7.910367,-0.925757405489,-0.242368964486,0.528456381427,-0.0521553467881,-0.193281579274,1.18730112982,2.69328676833,92.4437332153,-0.318684508683,0.0866699145155,-0.0525388419851,1.48374291708,0.346296162865,-0.0314466061517,0.066344669076,100.0
7.920364,-0.92690789108,-0.241601974092,0.528456381427,-0.0517718515911,-0.192898084077,1.18615064423,2.69328676833,92.4437332153,-0.318301013486,0.0870534097125,-0.0525388419851,1.48489340267,0.347063153259,-0.0318301013486,0.0655776786821,100.0
7.930368,-0.925757405489,-0.241601974092,0.52807288623,-0.053689327576,-0.193281579274,1.18653413943,2.69328676833,92.4437332153,-0.318684508683,0.0866699145155,-0.0521553467881,1.48412641228,0.347446648456,-0.0325970917426,0.0651941834851,100.0
7.940368,-0.926140900686,-0.240067993304,0.527305895836,-0.0521553467881,-0.192898084077,1.18730112982,2.69367026353,92.4437332153,-0.318301013486,0.0866699145155,-0.053305832379,1.48450990748,0.34821363885,-0.0318301013486,0.0651941834851,100.0
7.950365,-0.926524395883,-0.241218478895,0.527305895836,-0.0525388419851,-0.193281579274,1.18845161541,2.69290327313,92.4437332153,-0.318301013486,0.0874369049095,-0.0517718515911,1.48374291708,0.347446648456,-0.0318301013486,0.0659611738791,100.0
7.960364,-0.926524395883,-0.241218478895,0.527305895836,-0.0521553467881,-0.193665074471,1.18768462502,2.69328676833,92.4437332153,-0.317917518289,0.0870534097125,-0.0517718515911,1.48489340267,0.347063153259,-0.0318301013486,0.0651941834851,100.0
7.970387,-0.92690789108,-0.239684498107,0.528456381427,-0.0521553467881,-0.193281579274,1.18806812022,2.69367026353,92.4437332153,-0.318684508683,0.0866699145155,-0.0525388419851,1.48412641228,0.347063153259,-0.0322135965456,0.0648106882882,100.0
7.980391,-0.925757405489,-0.23930100291,0.527689391033,-0.0521553467881,-0.193281579274,1.18845161541,2.69290327313,92.4437332153,-0.317917518289,0.0874369049095,-0.0525388419851,1.48412641228,0.347063153259,-0.0314466061517,0.0651941834851,100.0
7.990367,-0.926524395883,-0.238534012516,0.527689391033,-0.0517718515911,-0.193665074471,1.18806812022,2.69367026353,92.4437332153,-0.317917518289,0.0870534097125,-0.0521553467881,1.48374291708,0.347830143653,-0.0314466061517,0.0655776786821,100.0
8.000367,-0.926524395883,-0.240067993304,0.527689391033,-0.0521553467881,-0.194048569668,1.18768462502,2.69367026353,92.4437332153,-0.317534023092,0.0862864193186,-0.0525388419851,1.48374291708,0.347063153259,-0.0318301013486,0.0648106882882,100.0
8.010363,-0.92690789108,-0.23930100291,0.527689391033,-0.0517718515911,-0.194048569668,1.18845161541,2.69405375872,92.4437332153,-0.318684508683,0.0874369049095,-0.0521553467881,1.48374291708,0.347063153259,-0.0318301013486,0.0648106882882,100.0
8.020364,-0.92690789108,-0.237767022122,0.527689391033,-0.0521553467881,-0.193665074471,1.18806812022,2.69328676833,92.4437332153,-0.317917518289,0.0866699145155,-0.0517718515911,1.48450990748,0.346679658062,-0.0314466061517,0.0655776786821,100.0
8.030365,-0.925757405489,-0.237767022122,0.527689391033,-0.0513883563942,-0.194048569668,1.18806812022,2.69367026353,92.4437332153,-0.318301013486,0.0874369049095,-0.0517718515911,1.48450990748,0.346679658062,-0.0318301013486,0.0659611738791,100.0
8.040363,-0.92690789108,-0.237000031728,0.52807288623,-0.0544563179699,-0.194048569668,1.18806812022,2.69290327313,92.4437332153,-0.318301013486,0.0866699145155,-0.0521553467881,1.48450990748,0.347446648456,-0.0314466061517,0.0651941834851,100.0
8.050367,-0.926140900686,-0.236233041334,0.527689391033,-0.052922337182,-0.194048569668,1.18768462502,2.69328676833,92.4437332153,-0.318684508683,0.0870534097125,-0.0517718515911,1.48412641228,0.347063153259,-0.0306796157577,0.0655776786821,100.0
8.060369,-0.926140900686,-0.236233041334,0.527689391033,-0.0521553467881,-0.194048569668,1.18806812022,2.69328676833,92.4437332153,-0.31906800388,0.0878204001064,-0.0517718515911,1.48412641228,0.347063153259,-0.0322135965456,0.0640436978942,100.0
8.070392,-0.92690789108,-0.236233041334,0.52807288623,-0.0521553467881,-0.194048569668,1.18730112982,2.69328676833,92.4437332153,-0.318301013486,0.0862864193186,-0.0525388419851,1.48450990748,0.346679658062,-0.0314466061517,0.0651941834851,100.0
8.080392,-0.926140900686,-0.235849546137,0.527689391033,-0.053689327576,-0.194432064864,1.18691763463,2.69290327313,92.4437332153,-0.318684508683,0.0866699145155,-0.0521553467881,1.48450990748,0.347063153259,-0.0318301013486,0.0655776786821,100.0
8.090370,-0.926140900686,-0.23546605094,0.527305895836,-0.052922337182,-0.193665074471,1.18691763463,2.69290327313,92.4437332153,-0.318684508683,0.0878204001064,-0.0521553467881,1.48489340267,0.347063153259,-0.0322135965456,0.0655776786821,100.0
8.100415,-0.925373910292,-0.234699060546,0.527689391033,-0.052922337182,-0.194048569668,1.18730112982,2.69367026353,92.4437332153,-0.317150527895,0.0870534097125,-0.0525388419851,1.48412641228,0.347446648456,-0.0318301013486,0.0655776786821,100.0
8.110364,-0.927291386277,-0.233932070153,0.527689391033,-0.0525388419851,-0.194048569668,1.18730112982,2.69405375872,92.4437332153,-0.318301013486,0.0870534097125,-0.0525388419851,1.48412641228,0.347830143653,-0.0318301013486,0.0655776786821,100.0
8.120365,-0.926140900686,-0.233548574956,0.52807288623,-0.0521553467881,-0.194048569668,1.18691763463,2.69328676833,92.4437332153,-0.317917518289,0.0870534097125,-0.052922337182,1.48412641228,0.347063153259,-0.0310631109547,0.0651941834851,100.0
8.130362,-0.925757405489,-0.233165079759,0.527689391033,-0.0513883563942,-0.194048569668,1.18730112982,2.69367026353,92.4437332153,-0.318684508683,0.0866699145155,-0.0525388419851,1.48412641228,0.347446648456,-0.0314466061517,0.0651941834851,100.0
8.140368,-0.926140900686,-0.233165079759,0.52807288623,-0.053305832379,-0.194815560061,1.18768462502,2.69328676833,92.4437332153,-0.317534023092,0.0862864193186,-0.053689327576,1.48450990748,0.347063153259,-0.0325970917426,0.0644271930912,100.0
8.150364,-0.925757405489,-0.232781584562,0.52807288623,-0.0521553467881,-0.195199055258,1.18921860581,2.69290327313,92.4437332153,-0.317534023092,0.0866699145155,-0.0517718515911,1.48450990748,0.347063153259,-0.0322135965456,0.0648106882882,100.0
8.160389,-0.925757405489,-0.231247603774,0.527689391033,-0.0525388419851,-0.195199055258,1.18806812022,2.69367026353,92.4437332153,-0.318301013486,0.0866699145155,-0.052922337182,1.48412641228,0.347446648456,-0.0318301013486,0.0655776786821,100.0
8.170367,-0.925757405489,-0.231247603774,0.52807288623,-0.0521553467881,-0.195582550455,1.18730112982,2.69367026353,92.4437332153,-0.31906800388,0.0866699145155,-0.0521553467881,1.48335942189,0.347446648456,-0.0310631109547,0.0651941834851,100.0
8.180365,-0.926140900686,-0.230097118183,0.528456381427,-0.0525388419851,-0.195199055258,1.18691763463,2.69328676833,92.4437332153,-0.31906800388,0.0862864193186,-0.0521553467881,1.48489340267,0.347830143653,-0.0314466061517,0.0655776786821,100.0
8.190362,-0.926140900686,-0.229713622986,0.528456381427,-0.0521553467881,-0.195966045652,1.18653413943,2.69328676833,92.4437332153,-0.317917518289,0.0866699145155,-0.0525388419851,1.48335942189,0.347446648456,-0.0314466061517,0.0640436978942,100.0
8.200364,-0.925757405489,-0.229330127789,0.527689391033,-0.0517718515911,-0.195966045652,1.18653413943,2.69405375872,92.4437332153,-0.318684508683,0.0859029241216,-0.053689327576,1.48450990748,0.347446648456,-0.0318301013486,0.0651941834851,100.0
8.210366,-0.926524395883,-0.228179642198,0.527689391033,-0.052922337182,-0.196349540849,1.18691763463,2.69367026353,92.4437332153,-0.318301013486,0.0866699145155,-0.0525388419851,1.48450990748,0.346679658062,-0.0318301013486,0.0655776786821,100.0
8.220363,-0.926524395883,-0.227796147001,0.52807288623,-0.052922337182,-0.197116531243,1.18768462502,2.69328676833,92.4437332153,-0.318301013486,0.0866699145155,-0.0521553467881,1.48450990748,0.347446648456,-0.0322135965456,0.0655776786821,100.0
8.230363,-0.92690789108,-0.228179642198,0.52807288623,-0.053305832379,-0.197116531243,1.18691763463,2.69328676833,92.4437332153,-0.318684508683,0.0866699145155,-0.0525388419851,1.48412641228,0.346296162865,-0.0318301013486,0.0655776786821,100.0
8.240364,-0.926524395883,-0.227796147001,0.527305895836,-0.053305832379,-0.198267016834,1.18653413943,2.69328676833,92.4437332153,-0.317534023092,0.0870534097125,-0.0517718515911,1.48412641228,0.346679658062,-0.0314466061517,0.0644271930912,100.0
8.250363,-0.92690789108,-0.22664566141,0.52807288623,-0.0525388419851,-0.198267016834,1.18653413943,2.69328676833,92.4437332153,-0.318301013486,0.0878204001064,-0.0521553467881,1.48412641228,0.347063153259,-0.0318301013486,0.0655776786821,100.0
8.260366,-0.92690789108,-0.22664566141,0.52807288623,-0.0521553467881,-0.199417502425,1.18615064423,2.69367026353,92.4437332153,-0.318684508683,0.0866699145155,-0.0525388419851,1.48450990748,0.346679658062,-0.0322135965456,0.0648106882882,100.0
8.270373,-0.92690789108,-0.226262166213,0.52807288623,-0.0525388419851,-0.200184492819,1.18615064423,2.69443725392,92.4437332153,-0.318301013486,0.0870534097125,-0.0525388419851,1.48412641228,0.347063153259,-0.0318301013486,0.0644271930912,100.0
8.280369,-0.92690789108,-0.225878671016,0.527689391033,-0.0517718515911,-0.20133497841,1.18691763463,2.69367026353,92.4437332153,-0.318684508683,0.0866699145155,-0.053305832379,1.48489340267,0.346679658062,-0.0322135965456,0.0655776786821,100.0
8.290366,-0.927291386277,-0.224728185425,0.527689391033,-0.0521553467881,-0.202101968804,1.18615064423,2.69405375872,92.4437332153,-0.317917518289,0.0866699145155,-0.0525388419851,1.48412641228,0.347063153259,-0.0314466061517,0.0655776786821,100.0
8.300367,-0.925757405489,-0.224728185425,0.528456381427,-0.0525388419851,-0.201718473607,1.18615064423,2.69367026353,92.4437332153,-0.317917518289,0.0870534097125,-0.0525388419851,1.48412641228,0.347830143653,-0.0310631109547,0.0648106882882,100.0
8.310366,-0.926140900686,-0.225111680622,0.52807288623,-0.0525388419851,-0.203635949592,1.18615064423,2.69367026353,92.4437332153,-0.318684508683,0.0866699145155,-0.0521553467881,1.48374291708,0.346679658062,-0.0314466061517,0.0655776786821,100.0
8.320367,-0.926140900686,-0.224728185425,0.52807288623,-0.0517718515911,-0.204019444789,1.18538365384,2.69367026353,92.4437332153,-0.317917518289,0.0874369049095,-0.0525388419851,1.48450990748,0.347063153259,-0.0314466061517,0.0651941834851,100.0
8.330368,-0.926524395883,-0.224344690228,0.527305895836,-0.0513883563942,-0.204786435183,1.18576714904,2.69367026353,92.4437332153,-0.317917518289,0.0862864193186,-0.0525388419851,1.48527689787,0.347446648456,-0.0314466061517,0.0648106882882,100.0
8.340366,-0.925757405489,-0.223961195031,0.527305895836,-0.0510048611972,-0.205553425577,1.18538365384,2.69443725392,92.4437332153,-0.318301013486,0.0862864193186,-0.0525388419851,1.48412641228,0.347446648456,-0.0310631109547,0.0651941834851,100.0
8.350365,-0.926140900686,-0.223577699834,0.52807288623,-0.0506213660002,-0.206320415971,1.18576714904,2.69443725392,92.4437332153,-0.318301013486,0.0866699145155,-0.0521553467881,1.48412641228,0.347830143653,-0.0325970917426,0.0644271930912,100.0
8.360367,-0.926524395883,-0.223577699834,0.527689391033,-0.0517718515911,-0.207854396758,1.18423316825,2.69558773951,92.4437332153,-0.318301013486,0.0862864193186,-0.0525388419851,1.48450990748,0.347446648456,-0.0314466061517,0.0651941834851,100.0
8.370367,-0.926524395883,-0.223577699834,0.527305895836,-0.0517718515911,-0.208237891955,1.18346617785,2.69482074912,92.4437332153,-0.318684508683,0.0866699145155,-0.0525388419851,1.48450990748,0.347830143653,-0.0318301013486,0.0640436978942,100.0
8.380369,-0.926140900686,-0.223194204637,0.527689391033,-0.0517718515911,-0.208621387152,1.18308268266,2.69520424431,92.4437332153,-0.31906800388,0.0874369049095,-0.0517718515911,1.48412641228,0.346679658062,-0.0318301013486,0.0651941834851,100.0
8.390366,-0.926140900686,-0.223194204637,0.52807288623,-0.0517718515911,-0.209004882349,1.18308268266,2.69482074912,92.4437332153,-0.317917518289,0.0870534097125,-0.0521553467881,1.48412641228,0.347063153259,-0.0318301013486,0.0655776786821,100.0
8.400367,-0.924990415095,-0.223194204637,0.52807288623,-0.0517718515911,-0.209388377546,1.18269918746,2.69520424431,92.4437332153,-0.318301013486,0.0859029241216,-0.052922337182,1.48412641228,0.347446648456,-0.0314466061517,0.0659611738791,100.0
8.410368,-0.925373910292,-0.22281070944,0.527305895836,-0.0513883563942,-0.210538863137,1.18269918746,2.69558773951,92.4437332153,-0.318301013486,0.0866699145155,-0.052922337182,1.48450990748,0.346296162865,-0.0322135965456,0.0644271930912,100.0
8.420365,-0.924990415095,-0.222043719046,0.527689391033,-0.0517718515911,-0.210922358334,1.18116520667,2.69597123471,92.4437332153,-0.317917518289,0.0862864193186,-0.0525388419851,1.48335942189,0.347446648456,-0.0314466061517,0.0651941834851,100.0
8.430365,-0.925757405489,-0.223194204637,0.52807288623,-0.0525388419851,-0.210538863137,1.18039821628,2.69482074912,92.4437332153,-0.317534023092,0.0870534097125,-0.0513883563942,1.48489340267,0.347063153259,-0.0318301013486,0.0651941834851,100.0
8.440364,-0.924606919898,-0.22281070944,0.527689391033,-0.0525388419851,-0.210922358334,1.18039821628,2.69520424431,92.4437332153,-0.318301013486,0.0866699145155,-0.0510048611972,1.48489340267,0.347063153259,-0.0310631109547,0.0651941834851,100.0
8.450366,-0.925373910292,-0.222427214243,0.52807288623,-0.052922337182,-0.210922358334,1.18078171147,2.69482074912,92.4437332153,-0.318684508683,0.0874369049095,-0.0521553467881,1.48450990748,0.347446648456,-0.0322135965456,0.0636602026972,100.0
8.460367,-0.924990415095,-0.22281070944,0.52807288623,-0.0517718515911,-0.211305853531,1.18001472108,2.69558773951,92.4437332153,-0.318684508683,0.0870534097125,-0.0525388419851,1.48450990748,0.347446648456,-0.0322135965456,0.0655776786821,100.0
8.470367,-0.925373910292,-0.222043719046,0.52807288623,-0.0525388419851,-0.211305853531,1.17963122588,2.69520424431,92.4437332153,-0.319451499077,0.0866699145155,-0.0521553467881,1.48489340267,0.347446648456,-0.0318301013486,0.0651941834851,100.0
8.480364,-0.925373910292,-0.222043719046,0.528456381427,-0.0517718515911,-0.211305853531,1.17963122588,2.69520424431,92.4437332153,-0.317917518289,0.0866699145155,-0.052922337182,1.48450990748,0.347446648456,-0.0314466061517,0.0655776786821,100.0
8.490372,-0.924990415095,-0.22281070944,0.52807288623,-0.0525388419851,-0.210922358334,1.18078171147,2.69520424431,92.4437332153,-0.317917518289,0.0866699145155,-0.0525388419851,1.48335942189,0.347446648456,-0.0318301013486,0.0655776786821,100.0
8.500366,-0.925757405489,-0.223194204637,0.52807288623,-0.0521553467881,-0.211689348728,1.17886423549,2.69520424431,92.4437332153,-0.318301013486,0.0866699145155,-0.0517718515911,1.48489340267,0.347063153259,-0.0322135965456,0.0655776786821,100.0
8.510364,-0.925373910292,-0.222043719046,0.527305895836,-0.0521553467881,-0.210922358334,1.18039821628,2.69482074912,92.4437332153,-0.318684508683,0.0866699145155,-0.0521553467881,1.48489340267,0.347063153259,-0.0318301013486,0.0655776786821,100.0
8.520365,-0.925373910292,-0.222043719046,0.52807288623,-0.0513883563942,-0.211305853531,1.18039821628,2.69558773951,92.4437332153,-0.318301013486,0.0874369049095,-0.0513883563942,1.48450990748,0.347830143653,-0.0314466061517,0.0651941834851,100.0
8.530366,-0.925373910292,-0.221276728652,0.528456381427,-0.0525388419851,-0.211305853531,1.18078171147,2.69558773951,92.4437332153,-0.318301013486,0.0870534097125,-0.0525388419851,1.48412641228,0.347063153259,-0.0310631109547,0.0648106882882,100.0
8.540369,-0.925757405489,-0.221660223849,0.52807288623,-0.0517718515911,-0.211305853531,1.18078171147,2.69482074912,92.4437332153,-0.31906800388,0.0870534097125,-0.0525388419851,1.48450990748,0.347063153259,-0.0318301013486,0.0651941834851,100.0
8.550367,-0.925373910292,-0.221660223849,0.52807288623,-0.0513883563942,-0.210538863137,1.18193219707,2.69558773951,92.4437332153,-0.317917518289,0.0859029241216,-0.0521553467881,1.48412641228,0.347063153259,-0.0306796157577,0.0659611738791,100.0
8.560365,-0.925373910292,-0.22281070944,0.528456381427,-0.0510048611972,-0.210538863137,1.18078171147,2.69482074912,92.4437332153,-0.318684508683,0.0870534097125,-0.0521553467881,1.48566039307,0.347446648456,-0.0318301013486,0.0651941834851,100.0
8.570368,-0.924990415095,-0.222427214243,0.52807288623,-0.0517718515911,-0.211305853531,1.18116520667,2.69520424431,92.4437332153,-0.31906800388,0.0870534097125,-0.0525388419851,1.48412641228,0.346679658062,-0.0318301013486,0.0644271930912,100.0
8.580365,-0.924990415095,-0.222043719046,0.528456381427,-0.0517718515911,-0.210538863137,1.18116520667,2.69558773951,92.4437332153,-0.318684508683,0.0874369049095,-0.0517718515911,1.48412641228,0.347063153259,-0.0322135965456,0.0659611738791,100.0
8.590362,-0.925373910292,-0.222043719046,0.52807288623,-0.0517718515911,-0.211305853531,1.18193219707,2.69482074912,92.4437332153,-0.318301013486,0.0866699145155,-0.0525388419851,1.48489340267,0.347830143653,-0.0322135965456,0.0651941834851,100.0
8.600366,-0.925757405489,-0.220893233455,0.527689391033,-0.053305832379,-0.211305853531,1.18193219707,2.69482074912,92.4437332153,-0.318301013486,0.0870534097125,-0.052922337182,1.48412641228,0.347063153259,-0.0314466061517,0.0648106882882,100.0
8.610364,-0.926140900686,-0.220509738259,0.528456381427,-0.0517718515911,-0.210922358334,1.18154870187,2.69443725392,92.4437332153,-0.31906800388,0.0870534097125,-0.0517718515911,1.48450990748,0.347446648456,-0.0314466061517,0.0644271930912,100.0
8.620363,-0.925757405489,-0.220509738259,0.527689391033,-0.0517718515911,-0.211305853531,1.18193219707,2.69520424431,92.4437332153,-0.318301013486,0.0870534097125,-0.052922337182,1.48374291708,0.347063153259,-0.0310631109547,0.0651941834851,100.0
8.630364,-0.925373910292,-0.220509738259,0.52807288623,-0.0513883563942,-0.210922358334,1.18193219707,2.69482074912,92.4437332153,-0.318301013486,0.0862864193186,-0.0525388419851,1.48489340267,0.346679658062,-0.0306796157577,0.0655776786821,100.0
8.640364,-0.924990415095,-0.220893233455,0.52807288623,-0.0513883563942,-0.211689348728,1.18116520667,2.69482074912,92.4437332153,-0.318301013486,0.0874369049095,-0.0517718515911,1.48412641228,0.347063153259,-0.0318301013486,0.0651941834851,100.0
8.650365,-0.924990415095,-0.220126243062,0.52807288623,-0.0525388419851,-0.211689348728,1.18039821628,2.69558773951,92.4437332153,-0.318301013486,0.0870534097125,-0.052922337182,1.48374291708,0.346679658062,-0.0310631109547,0.0655776786821,100.0
8.660444,-0.925373910292,-0.220126243062,0.52807288623,-0.0521553467881,-0.212072843925,1.18193219707,2.69443725392,92.4437332153,-0.318684508683,0.0870534097125,-0.0525388419851,1.48335942189,0.347446648456,-0.0310631109547,0.0655776786821,100.0
8.670365,-0.924990415095,-0.220893233455,0.52807288623,-0.0517718515911,-0.212072843925,1.18116520667,2.69482074912,92.4437332153,-0.317917518289,0.0874369049095,-0.0525388419851,1.48412641228,0.347446648456,-0.0318301013486,0.0644271930912,100.0
8.680364,-0.925373910292,-0.220126243062,0.52807288623,-0.0510048611972,-0.212456339122,1.18269918746,2.69558773951,92.4437332153,-0.317917518289,0.0859029241216,-0.052922337182,1.48412641228,0.346679658062,-0.0310631109547,0.0659611738791,100.0
8.690392,-0.924990415095,-0.218975757471,0.527689391033,-0.0517718515911,-0.211689348728,1.18193219707,2.69482074912,92.4437332153,-0.318301013486,0.0878204001064,-0.053689327576,1.48450990748,0.347063153259,-0.0314466061517,0.0659611738791,100.0
8.700370,-0.925373910292,-0.219359252668,0.528839876623,-0.0517718515911,-0.211689348728,1.18193219707,2.69520424431,92.4437332153,-0.318684508683,0.0862864193186,-0.052922337182,1.48450990748,0.347446648456,-0.0314466061517,0.0655776786821,100.0
8.710369,-0.924990415095,-0.218975757471,0.52807288623,-0.053689327576,-0.212456339122,1.18116520667,2.69405375872,92.4437332153,-0.318684508683,0.0874369049095,-0.0525388419851,1.48412641228,0.346679658062,-0.0318301013486,0.0648106882882,100.0
8.720364,-0.925373910292,-0.218208767077,0.52807288623,-0.0517718515911,-0.212456339122,1.18154870187,2.69558773951,92.4437332153,-0.317534023092,0.0862864193186,-0.0525388419851,1.48450990748,0.347446648456,-0.0310631109547,0.0640436978942,100.0
8.730367,-0.926140900686,-0.218592262274,0.527689391033,-0.052922337182,-0.212839834319,1.18078171147,2.69520424431,92.4437332153,-0.318684508683,0.0866699145155,-0.052922337182,1.48412641228,0.347446648456,-0.0325970917426,0.0659611738791,100.0
8.740366,-0.924990415095,-0.218208767077,0.527689391033,-0.0521553467881,-0.212072843925,1.18116520667,2.69520424431,92.4437332153,-0.318301013486,0.0874369049095,-0.0525388419851,1.48412641228,0.346679658062,-0.0318301013486,0.0644271930912,100.0
8.750366,-0.925757405489,-0.218592262274,0.527305895836,-0.0510048611972,-0.212456339122,1.18116520667,2.69482074912,92.4437332153,-0.317534023092,0.0866699145155,-0.0517718515911,1.48412641228,0.347063153259,-0.0318301013486,0.0651941834851,100.0
8.760369,-0.925757405489,-0.217441776683,0.528456381427,-0.0521553467881,-0.212456339122,1.18154870187,2.69482074912,92.4437332153,-0.318684508683,0.0874369049095,-0.0513883563942,1.48374291708,0.347446648456,-0.0318301013486,0.0651941834851,100.0
8.770369,-0.925757405489,-0.21782527188,0.527689391033,-0.0521553467881,-0.212072843925,1.18193219707,2.69482074912,92.4437332153,-0.318301013486,0.0870534097125,-0.0525388419851,1.48374291708,0.346679658062,-0.0306796157577,0.0651941834851,100.0
8.780364,-0.925757405489,-0.217441776683,0.527689391033,-0.0521553467881,-0.212072843925,1.18154870187,2.69520424431,92.4437332153,-0.317534023092,0.0870534097125,-0.0521553467881,1.48412641228,0.347446648456,-0.0310631109547,0.0655776786821,100.0
8.790367,-0.925373910292,-0.216291291092,0.528456381427,-0.0521553467881,-0.211689348728,1.18078171147,2.69558773951,92.4437332153,-0.318301013486,0.0862864193186,-0.0525388419851,1.48412641228,0.346679658062,-0.0314466061517,0.0659611738791,100.0
8.800365,-0.925373910292,-0.215907795895,0.527689391033,-0.0521553467881,-0.212072843925,1.18039821628,2.69520424431,92.4437332153,-0.317534023092,0.0866699145155,-0.0521553467881,1.48412641228,0.347830143653,-0.0318301013486,0.0648106882882,100.0
8.810366,-0.925373910292,-0.215140805501,0.52807288623,-0.052922337182,-0.212456339122,1.18154870187,2.69482074912,92.4437332153,-0.317917518289,0.0878204001064,-0.053305832379,1.48412641228,0.347063153259,-0.0314466061517,0.0655776786821,100.0
8.820362,-0.925757405489,-0.215524300698,0.528456381427,-0.0521553467881,-0.212456339122,1.18078171147,2.69482074912,92.4437332153,-0.318684508683,0.0862864193186,-0.0513883563942,1.48450990748,0.346679658062,-0.0318301013486,0.0651941834851,100.0
8.830365,-0.925373910292,-0.215140805501,0.52807288623,-0.0525388419851,-0.212072843925,1.18154870187,2.69597123471,92.4437332153,-0.317917518289,0.0862864193186,-0.0525388419851,1.48374291708,0.346296162865,-0.0322135965456,0.0640436978942,100.0
8.840365,-0.926140900686,-0.215140805501,0.527689391033,-0.053305832379,-0.211689348728,1.18078171147,2.69482074912,92.4437332153,-0.318684508683,0.0870534097125,-0.0521553467881,1.48374291708,0.346296162865,-0.0318301013486,0.0648106882882,100.0
8.850362,-0.925757405489,-0.214373815107,0.52807288623,-0.0521553467881,-0.212072843925,1.18116520667,2.69520424431,92.4437332153,-0.318301013486,0.0870534097125,-0.0517718515911,1.48374291708,0.347063153259,-0.0314466061517,0.0651941834851,100.0
8.860458,-0.926140900686,-0.21399031991,0.52807288623,-0.0521553467881,-0.212839834319,1.18193219707,2.69482074912,92.4437332153,-0.317917518289,0.0866699145155,-0.0525388419851,1.48335942189,0.346679658062,-0.0325970917426,0.0651941834851,100.0
8.870366,-0.926140900686,-0.213606824713,0.52807288623,-0.0513883563942,-0.212072843925,1.18116520667,2.69520424431,92.4437332153,-0.319451499077,0.0862864193186,-0.0521553467881,1.48374291708,0.347063153259,-0.0314466061517,0.0655776786821,100.0
8.880362,-0.925373910292,-0.213606824713,0.528456381427,-0.0510048611972,-0.212072843925,1.18116520667,2.69558773951,92.4437332153,-0.318301013486,0.0866699145155,-0.0525388419851,1.48374291708,0.347446648456,-0.0314466061517,0.0655776786821,100.0
8.890364,-0.924606919898,-0.212072843925,0.52807288623,-0.052922337182,-0.212072843925,1.18193219707,2.69482074912,92.4437332153,-0.318684508683,0.0870534097125,-0.0525388419851,1.48412641228,0.347830143653,-0.0306796157577,0.0651941834851,100.0
8.900364,-0.924990415095,-0.212072843925,0.527305895836,-0.0517718515911,-0.212456339122,1.18154870187,2.69558773951,92.4437332153,-0.318301013486,0.0874369049095,-0.0521553467881,1.48489340267,0.347063153259,-0.0322135965456,0.0659611738791,100.0
8.910365,-0.925757405489,-0.211305853531,0.528456381427,-0.0517718515911,-0.212456339122,1.18078171147,2.69520424431,92.4437332153,-0.319451499077,0.0870534097125,-0.0517718515911,1.48412641228,0.347446648456,-0.0322135965456,0.0655776786821,100.0
8.920364,-0.926140900686,-0.211689348728,0.52807288623,-0.0525388419851,-0.211689348728,1.18154870187,2.69482074912,92.4437332153,-0.318684508683,0.0866699145155,-0.0525388419851,1.48450990748,0.346679658062,-0.0322135965456,0.0651941834851,100.0
8.930363,-0.925373910292,-0.210538863137,0.527689391033,-0.0513883563942,-0.212072843925,1.18116520667,2.69597123471,92.4437332153,-0.317917518289,0.0862864193186,-0.0525388419851,1.48489340267,0.347063153259,-0.0314466061517,0.0655776786821,100.0
8.940364,-0.924606919898,-0.21015536794,0.527689391033,-0.0513883563942,-0.212072843925,1.18231569226,2.69443725392,92.4437332153,-0.318684508683,0.0862864193186,-0.0521553467881,1.48374291708,0.347063153259,-0.0318301013486,0.0655776786821,100.0
8.950367,-0.924990415095,-0.209771872743,0.52807288623,-0.0517718515911,-0.212839834319,1.18116520667,2.69482074912,92.4437332153,-0.31906800388,0.0866699145155,-0.0521553467881,1.48374291708,0.347063153259,-0.0318301013486,0.0648106882882,100.0
8.960367,-0.925373910292,-0.209388377546,0.527689391033,-0.0517718515911,-0.212072843925,1.18193219707,2.69482074912,92.4437332153,-0.317917518289,0.0874369049095,-0.0521553467881,1.48374291708,0.347063153259,-0.0314466061517,0.0648106882882,100.0
8.970364,-0.925757405489,-0.208621387152,0.52807288623,-0.0513883563942,-0.212072843925,1.18154870187,2.69558773951,92.4437332153,-0.318301013486,0.0870534097125,-0.0521553467881,1.48374291708,0.347446648456,-0.0314466061517,0.0648106882882,100.0
8.980363,-0.924606919898,-0.208621387152,0.52807288623,-0.053305832379,-0.212839834319,1.18039821628,2.69482074912,92.4437332153,-0.318301013486,0.0874369049095,-0.0521553467881,1.48412641228,0.347446648456,-0.0314466061517,0.0651941834851,100.0
8.990361,-0.925373910292,-0.208237891955,0.528839876623,-0.0521553467881,-0.213223329516,1.18116520667,2.69520424431,92.4437332153,-0.318301013486,0.0870534097125,-0.0521553467881,1.48412641228,0.347063153259,-0.0318301013486,0.0651941834851,100.0
9.000362,-0.925373910292,-0.207087406365,0.52807288623,-0.0521553467881,-0.213223329516,1.17963122588,2.69558773951,92.4437332153,-0.318301013486,0.0866699145155,-0.0525388419851,1.48374291708,0.347063153259,-0.0314466061517,0.0655776786821,100.0
9.010366,-0.924990415095,-0.207854396758,0.52807288623,-0.0513883563942,-0.212456339122,1.18078171147,2.69520424431,92.4437332153,-0.318684508683,0.0866699145155,-0.0525388419851,1.48412641228,0.347063153259,-0.0318301013486,0.0648106882882,100.0
9.020366,-0.925757405489,-0.207087406365,0.52807288623,-0.0525388419851,-0.212839834319,1.18039821628,2.69482074912,92.4437332153,-0.318684508683,0.0870534097125,-0.0525388419851,1.48412641228,0.346679658062,-0.0314466061517,0.0651941834851,100.0
9.030389,-0.924990415095,-0.206703911168,0.527305895836,-0.053305832379,-0.213223329516,1.18078171147,2.69367026353,92.4437332153,-0.31906800388,0.0870534097125,-0.0525388419851,1.48374291708,0.347830143653,-0.0318301013486,0.0640436978942,100.0
9.040370,-0.924990415095,-0.206320415971,0.528456381427,-0.0510048611972,-0.213223329516,1.18078171147,2.69482074912,92.4437332153,-0.318301013486,0.0866699145155,-0.0525388419851,1.48412641228,0.347446648456,-0.0314466061517,0.0648106882882,100.0
9.050367,-0.925373910292,-0.206703911168,0.527689391033,-0.0513883563942,-0.213223329516,1.18001472108,2.69520424431,92.4437332153,-0.318301013486,0.0866699145155,-0.0521553467881,1.48412641228,0.346679658062,-0.0314466061517,0.0648106882882,100.0
9.060371,-0.924990415095,-0.206320415971,0.52807288623,-0.0521553467881,-0.213223329516,1.18001472108,2.69520424431,92.4437332153,-0.317917518289,0.0866699145155,-0.052922337182,1.48489340267,0.347446648456,-0.0314466061517,0.0648106882882,100.0
9.070363,-0.924606919898,-0.205936920774,0.527305895836,-0.0510048611972,-0.214373815107,1.18154870187,2.69520424431,92.4437332153,-0.317917518289,0.0866699145155,-0.052922337182,1.48335942189,0.347830143653,-0.0322135965456,0.0655776786821,100.0
9.080363,-0.924606919898,-0.204786435183,0.52807288623,-0.0525388419851,-0.215524300698,1.18039821628,2.69520424431,92.4437332153,-0.31906800388,0.0870534097125,-0.0521553467881,1.48412641228,0.346679658062,-0.0314466061517,0.0655776786821,100.0
9.090365,-0.924990415095,-0.204402939986,0.528456381427,-0.0525388419851,-0.216291291092,1.18001472108,2.69558773951,92.4437332153,-0.317917518289,0.0862864193186,-0.053305832379,1.48374291708,0.347063153259,-0.0314466061517,0.0659611738791,100.0
9.100363,-0.925757405489,-0.204786435183,0.528456381427,-0.0521553467881,-0.216674786289,1.18039821628,2.69558773951,92.4437332153,-0.318684508683,0.0870534097125,-0.0521553467881,1.48412641228,0.347446648456,-0.0329805869395,0.0659611738791,100.0
9.110365,-0.925373910292,-0.20516993038,0.527689391033,-0.0525388419851,-0.216674786289,1.18078171147,2.69520424431,92.4437332153,-0.318301013486,0.0862864193186,-0.0517718515911,1.48412641228,0.347063153259,-0.0314466061517,0.0651941834851,100.0
9.120363,-0.925757405489,-0.204402939986,0.527689391033,-0.0517718515911,-0.218208767077,1.18039821628,2.69520424431,92.4437332153,-0.317917518289,0.0870534097125,-0.0525388419851,1.48450990748,0.34821363885,-0.0322135965456,0.0655776786821,100.0
9.130364,-0.926524395883,-0.204019444789,0.527689391033,-0.0517718515911,-0.217441776683,1.18154870187,2.69520424431,92.4437332153,-0.318301013486,0.0862864193186,-0.0517718515911,1.48450990748,0.347446648456,-0.0310631109547,0.0648106882882,100.0
9.140368,-0.924223424701,-0.204402939986,0.52807288623,-0.0521553467881,-0.218592262274,1.18116520667,2.69558773951,92.4437332153,-0.317917518289,0.0866699145155,-0.0521553467881,1.48412641228,0.347446648456,-0.0310631109547,0.0644271930912,100.0
9.150363,-0.925373910292,-0.204019444789,0.527689391033,-0.0513883563942,-0.218592262274,1.18116520667,2.69520424431,92.4437332153,-0.317917518289,0.0870534097125,-0.0517718515911,1.48374291708,0.347830143653,-0.0314466061517,0.0651941834851,100.0
9.160474,-0.925373910292,-0.204019444789,0.528456381427,-0.0513883563942,-0.218975757471,1.18154870187,2.69558773951,92.4437332153,-0.317917518289,0.0862864193186,-0.0521553467881,1.48335942189,0.346679658062,-0.0325970917426,0.0648106882882,100.0
9.170376,-0.925757405489,-0.202868959198,0.52807288623,-0.0513883563942,-0.219742747865,1.18078171147,2.69482074912,92.4437332153,-0.318301013486,0.0870534097125,-0.052922337182,1.48374291708,0.347063153259,-0.0306796157577,0.0659611738791,100.0
9.180368,-0.925373910292,-0.203252454395,0.52807288623,-0.0513883563942,-0.220126243062,1.18078171147,2.69520424431,92.4437332153,-0.317534023092,0.0874369049095,-0.0525388419851,1.48374291708,0.346679658062,-0.0310631109547,0.0651941834851,100.0
9.190366,-0.924223424701,-0.203252454395,0.52807288623,-0.052922337182,-0.220126243062,1.18116520667,2.69520424431,92.4437332153,-0.318301013486,0.0870534097125,-0.0525388419851,1.48412641228,0.346679658062,-0.0314466061517,0.0648106882882,100.0
9.200364,-0.925373910292,-0.202868959198,0.527689391033,-0.0525388419851,-0.220509738259,1.18193219707,2.69482074912,92.4437332153,-0.317917518289,0.0874369049095,-0.052922337182,1.48374291708,0.346679658062,-0.0314466061517,0.0655776786821,100.0
9.210444,-0.924990415095,-0.202868959198,0.527689391033,-0.0525388419851,-0.220509738259,1.18116520667,2.69558773951,92.4437332153,-0.317534023092,0.0878204001064,-0.052922337182,1.48374291708,0.347063153259,-0.0314466061517,0.0655776786821,100.0
9.220374,-0.924606919898,-0.202868959198,0.52807288623,-0.0521553467881,-0.221276728652,1.18039821628,2.69443725392,92.4437332153,-0.317917518289,0.0878204001064,-0.0521553467881,1.48374291708,0.347063153259,-0.0314466061517,0.0644271930912,100.0
9.230375,-0.924990415095,-0.202868959198,0.52807288623,-0.0521553467881,-0.221276728652,1.18116520667,2.69520424431,92.4437332153,-0.318684508683,0.0866699145155,-0.0521553467881,1.48412641228,0.347446648456,-0.0318301013486,0.0655776786821,100.0
9.240372,-0.925373910292,-0.202868959198,0.528456381427,-0.0517718515911,-0.221276728652,1.18078171147,2.69558773951,92.4437332153,-0.318301013486,0.0874369049095,-0.0525388419851,1.48335942189,0.347063153259,-0.0318301013486,0.066344669076,100.0
9.250369,-0.924606919898,-0.203635949592,0.52807288623,-0.0517718515911,-0.221276728652,1.18116520667,2.69520424431,92.4437332153,-0.318301013486,0.0870534097125,-0.052922337182,1.48335942189,0.347063153259,-0.0318301013486,0.0648106882882,100.0
9.260436,-0.924990415095,-0.202485464001,0.52807288623,-0.0513883563942,-0.221660223849,1.18078171147,2.69520424431,92.4437332153,-0.317917518289,0.0859029241216,-0.0525388419851,1.48412641228,0.347063153259,-0.0318301013486,0.0648106882882,100.0
9.270380,-0.924606919898,-0.202485464001,0.52807288623,-0.0525388419851,-0.220893233455,1.18116520667,2.69520424431,92.4437332153,-0.317534023092,0.0870534097125,-0.052922337182,1.48412641228,0.347063153259,-0.0314466061517,0.0648106882882,100.0
9.280367,-0.924606919898,-0.202868959198,0.52807288623,-0.0521553467881,-0.221276728652,1.18154870187,2.69520424431,92.4437332153,-0.317917518289,0.0874369049095,-0.052922337182,1.48450990748,0.346296162865,-0.0322135965456,0.0644271930912,100.0
9.290368,-0.924606919898,-0.202868959198,0.528456381427,-0.0513883563942,-0.222043719046,1.18116520667,2.69520424431,92.4437332153,-0.318684508683,0.0870534097125,-0.0521553467881,1.48412641228,0.347446648456,-0.0318301013486,0.0648106882882,100.0
9.300369,-0.924606919898,-0.201718473607,0.52807288623,-0.0513883563942,-0.222427214243,1.18154870187,2.69520424431,92.4437332153,-0.317534023092,0.0862864193186,-0.0525388419851,1.48374291708,0.347063153259,-0.0310631109547,0.0659611738791,100.0
9.310455,-0.924990415095,-0.202485464001,0.527689391033,-0.0521553467881,-0.221660223849,1.18193219707,2.69520424431,92.4437332153,-0.318301013486,0.0874369049095,-0.0521553467881,1.48450990748,0.347446648456,-0.0310631109547,0.0655776786821,100.0
9.320370,-0.924990415095,-0.202485464001,0.528456381427,-0.0510048611972,-0.220893233455,1.18078171147,2.69482074912,92.4437332153,-0.319451499077,0.0874369049095,-0.052922337182,1.48374291708,0.346679658062,-0.0314466061517,0.066344669076,100.0
9.330364,-0.924223424701,-0.202485464001,0.527689391033,-0.052922337182,-0.221660223849,1.18039821628,2.69482074912,92.4437332153,-0.317917518289,0.0870534097125,-0.0521553467881,1.48412641228,0.347063153259,-0.0318301013486,0.0655776786821,100.0
9.340366,-0.925373910292,-0.202868959198,0.52807288623,-0.0521553467881,-0.221660223849,1.18078171147,2.69597123471,92.4437332153,-0.318301013486,0.0866699145155,-0.0517718515911,1.48450990748,0.347446648456,-0.0314466061517,0.0655776786821,100.0
9.350366,-0.924606919898,-0.202868959198,0.52807288623,-0.0517718515911,-0.221660223849,1.18116520667,2.69482074912,92.4437332153,-0.317917518289,0.0862864193186,-0.052922337182,1.48412641228,0.347063153259,-0.0314466061517,0.0655776786821,100.0
9.360367,-0.924606919898,-0.202868959198,0.527689391033,-0.0513883563942,-0.220893233455,1.18154870187,2.69482074912,92.4437332153,-0.318684508683,0.0866699145155,-0.0525388419851,1.48450990748,0.347063153259,-0.0318301013486,0.0659611738791,100.0
9.370377,-0.924606919898,-0.202485464001,0.52807288623,-0.0513883563942,-0.221276728652,1.18193219707,2.69558773951,92.4437332153,-0.317917518289,0.0862864193186,-0.0521553467881,1.48412641228,0.347063153259,-0.0314466061517,0.0651941834851,100.0
9.380389,-0.924606919898,-0.202101968804,0.527689391033,-0.0517718515911,-0.221660223849,1.18193219707,2.69597123471,92.4437332153,-0.317917518289,0.0870534097125,-0.0525388419851,1.48412641228,0.347063153259,-0.0318301013486,0.0644271930912,100.0
9.390370,-0.924606919898,-0.203252454395,0.527689391033,-0.052922337182,-0.221660223849,1.18269918746,2.69520424431,92.4437332153,-0.318301013486,0.0862864193186,-0.0521553467881,1.48374291708,0.347830143653,-0.0318301013486,0.0648106882882,100.0
9.400368,-0.924223424701,-0.202485464001,0.52807288623,-0.0521553467881,-0.220893233455,1.18231569226,2.69482074912,92.4437332153,-0.318684508683,0.0862864193186,-0.052922337182,1.48374291708,0.347063153259,-0.0318301013486,0.0651941834851,100.0
9.410377,-0.924223424701,-0.202868959198,0.527305895836,-0.0506213660002,-0.221660223849,1.18346617785,2.69443725392,92.4437332153,-0.317917518289,0.0866699145155,-0.0517718515911,1.48489340267,0.347063153259,-0.0325970917426,0.0655776786821,100.0
9.420369,-0.923839929504,-0.202485464001,0.52807288623,-0.0510048611972,-0.221660223849,1.18384967305,2.69520424431,92.4437332153,-0.317917518289,0.0866699145155,-0.052922337182,1.48489340267,0.347063153259,-0.0314466061517,0.0655776786821,100.0
9.430367,-0.924223424701,-0.202485464001,0.52807288623,-0.0517718515911,-0.220893233455,1.18346617785,2.69482074912,92.4437332153,-0.317917518289,0.0874369049095,-0.0525388419851,1.48412641228,0.347830143653,-0.0318301013486,0.0659611738791,100.0
9.440369,-0.924223424701,-0.202485464001,0.528456381427,-0.0517718515911,-0.220893233455,1.18384967305,2.69558773951,92.4437332153,-0.31906800388,0.0870534097125,-0.052922337182,1.48412641228,0.347063153259,-0.0314466061517,0.0648106882882,100.0
9.450367,-0.924223424701,-0.201718473607,0.52807288623,-0.0521553467881,-0.221660223849,1.18461666344,2.69520424431,92.4437332153,-0.318684508683,0.0870534097125,-0.0521553467881,1.48412641228,0.347446648456,-0.0325970917426,0.0648106882882,100.0
9.460367,-0.923839929504,-0.202101968804,0.527689391033,-0.0521553467881,-0.221276728652,1.18576714904,2.69597123471,92.4437332153,-0.318301013486,0.0866699145155,-0.0521553467881,1.48489340267,0.347446648456,-0.0322135965456,0.0655776786821,100.0
9.470368,-0.923839929504,-0.201718473607,0.527689391033,-0.0517718515911,-0.221276728652,1.18538365384,2.69520424431,92.4437332153,-0.317917518289,0.0874369049095,-0.0517718515911,1.48412641228,0.347446648456,-0.0310631109547,0.0651941834851,100.0
9.480368,-0.924606919898,-0.20133497841,0.528456381427,-0.0513883563942,-0.221660223849,1.18806812022,2.69558773951,92.4437332153,-0.318301013486,0.0866699145155,-0.052922337182,1.48412641228,0.347063153259,-0.0306796157577,0.0651941834851,100.0
9.490371,-0.924223424701,-0.200567988016,0.527689391033,-0.0517718515911,-0.221276728652,1.18806812022,2.69520424431,92.4437332153,-0.318301013486,0.0870534097125,-0.0525388419851,1.48450990748,0.347446648456,-0.0318301013486,0.0651941834851,100.0
9.500367,-0.924223424701,-0.201718473607,0.527689391033,-0.0521553467881,-0.220893233455,1.18845161541,2.69520424431,92.4437332153,-0.318684508683,0.0866699145155,-0.0525388419851,1.48412641228,0.347063153259,-0.0322135965456,0.0651941834851,100.0
9.510370,-0.924223424701,-0.200184492819,0.528456381427,-0.0517718515911,-0.222043719046,1.18806812022,2.69520424431,92.4437332153,-0.318301013486,0.0862864193186,-0.052922337182,1.48374291708,0.346679658062,-0.0314466061517,0.0648106882882,100.0
9.520366,-0.924606919898,-0.200567988016,0.527689391033,-0.0517718515911,-0.221660223849,1.18921860581,2.69520424431,92.4437332153,-0.317917518289,0.0859029241216,-0.0525388419851,1.48450990748,0.347446648456,-0.0314466061517,0.0651941834851,100.0
9.530364,-0.923839929504,-0.200567988016,0.528839876623,-0.0510048611972,-0.221276728652,1.18960210101,2.69520424431,92.4437332153,-0.317917518289,0.0859029241216,-0.0525388419851,1.48412641228,0.347446648456,-0.0314466061517,0.0659611738791,100.0
9.540379,-0.92307293911,-0.199800997622,0.527689391033,-0.052922337182,-0.221660223849,1.18960210101,2.69482074912,92.4437332153,-0.317534023092,0.0862864193186,-0.0521553467881,1.48450990748,0.347063153259,-0.0318301013486,0.0659611738791,100.0
9.550369,-0.922689443913,-0.199034007228,0.527689391033,-0.0513883563942,-0.222043719046,1.1903690914,2.69520424431,92.4437332153,-0.319451499077,0.0866699145155,-0.0521553467881,1.48450990748,0.347063153259,-0.0322135965456,0.0644271930912,100.0
9.560374,-0.923456434307,-0.199417502425,0.527689391033,-0.0513883563942,-0.221660223849,1.1903690914,2.69520424431,92.4437332153,-0.317534023092,0.0870534097125,-0.0525388419851,1.48412641228,0.347063153259,-0.0318301013486,0.0651941834851,100.0
9.570366,-0.924223424701,-0.199417502425,0.52807288623,-0.0513883563942,-0.221660223849,1.19190307219,2.69520424431,92.4437332153,-0.318301013486,0.0878204001064,-0.052922337182,1.48412641228,0.347063153259,-0.0322135965456,0.0659611738791,100.0
9.580367,-0.924223424701,-0.199417502425,0.52807288623,-0.0521553467881,-0.222043719046,1.19113608179,2.69558773951,92.4437332153,-0.317917518289,0.0866699145155,-0.0510048611972,1.48297592669,0.347446648456,-0.0306796157577,0.0648106882882,100.0
9.590369,-0.92307293911,-0.198267016834,0.527689391033,-0.0510048611972,-0.222043719046,1.1899855962,2.69520424431,92.4437332153,-0.317917518289,0.0870534097125,-0.0521553467881,1.48374291708,0.346679658062,-0.0322135965456,0.0644271930912,100.0
9.600367,-0.92307293911,-0.198267016834,0.527689391033,-0.0517718515911,-0.222043719046,1.19113608179,2.69558773951,92.4437332153,-0.318301013486,0.0862864193186,-0.0517718515911,1.48450990748,0.347063153259,-0.0314466061517,0.0659611738791,100.0
9.610370,-0.92307293911,-0.198650512031,0.527689391033,-0.0521553467881,-0.222043719046,1.19190307219,2.69597123471,92.4437332153,-0.31906800388,0.0862864193186,-0.0525388419851,1.48489340267,0.347063153259,-0.0314466061517,0.0651941834851,100.0
9.620368,-0.923839929504,-0.198267016834,0.527305895836,-0.0517718515911,-0.22281070944,1.18960210101,2.69558773951,92.4437332153,-0.318684508683,0.0870534097125,-0.0521553467881,1.48412641228,0.347446648456,-0.0314466061517,0.0648106882882,100.0
9.630366,-0.923456434307,-0.19750002644,0.527689391033,-0.0510048611972,-0.223577699834,1.18960210101,2.69558773951,92.4437332153,-0.318301013486,0.0866699145155,-0.0525388419851,1.48412641228,0.347063153259,-0.0318301013486,0.0651941834851,100.0
9.640370,-0.924223424701,-0.197116531243,0.527689391033,-0.0513883563942,-0.223577699834,1.18960210101,2.69520424431,92.4437332153,-0.318684508683,0.0866699145155,-0.0525388419851,1.48374291708,0.347063153259,-0.0322135965456,0.0648106882882,100.0
9.650367,-0.92307293911,-0.197116531243,0.52807288623,-0.0521553467881,-0.223961195031,1.18960210101,2.69558773951,92.4437332153,-0.317917518289,0.0870534097125,-0.0525388419851,1.48335942189,0.347830143653,-0.0318301013486,0.0648106882882,100.0
9.660365,-0.922689443913,-0.196733036046,0.527689391033,-0.0517718515911,-0.224344690228,1.18921860581,2.69482074912,92.4437332153,-0.318301013486,0.0874369049095,-0.052922337182,1.48335942189,0.347446648456,-0.0318301013486,0.0655776786821,100.0
9.670368,-0.923456434307,-0.196733036046,0.527689391033,-0.0517718515911,-0.225111680622,1.18960210101,2.69558773951,92.4437332153,-0.317917518289,0.0862864193186,-0.0525388419851,1.48450990748,0.347063153259,-0.0306796157577,0.0651941834851,100.0
9.680372,-0.922305948716,-0.196349540849,0.527689391033,-0.053689327576,-0.225495175819,1.18883511061,2.69558773951,92.4437332153,-0.318684508683,0.0859029241216,-0.052922337182,1.48412641228,0.346679658062,-0.0310631109547,0.0648106882882,100.0
9.690366,-0.92307293911,-0.196349540849,0.527305895836,-0.052922337182,-0.225111680622,1.18883511061,2.69482074912,92.4437332153,-0.317917518289,0.0878204001064,-0.0525388419851,1.48412641228,0.347830143653,-0.0306796157577,0.0655776786821,100.0
9.700379,-0.922689443913,-0.195966045652,0.52807288623,-0.0525388419851,-0.22664566141,1.18845161541,2.69520424431,92.4437332153,-0.31906800388,0.0874369049095,-0.0521553467881,1.48412641228,0.347063153259,-0.0325970917426,0.0655776786821,100.0
9.710370,-0.92307293911,-0.194815560061,0.52807288623,-0.0521553467881,-0.227029156607,1.18768462502,2.69597123471,92.4437332153,-0.318301013486,0.0870534097125,-0.053305832379,1.48412641228,0.347830143653,-0.0322135965456,0.0651941834851,100.0
9.720370,-0.92307293911,-0.194432064864,0.528456381427,-0.0525388419851,-0.22664566141,1.18845161541,2.69520424431,92.4437332153,-0.317917518289,0.0870534097125,-0.0525388419851,1.48335942189,0.347446648456,-0.0318301013486,0.0655776786821,100.0
9.730392,-0.922689443913,-0.194815560061,0.527689391033,-0.0521553467881,-0.227796147001,1.18921860581,2.69597123471,92.4437332153,-0.31906800388,0.0866699145155,-0.0517718515911,1.48450990748,0.346679658062,-0.0310631109547,0.0655776786821,100.0
9.740372,-0.922305948716,-0.194048569668,0.528456381427,-0.0521553467881,-0.228179642198,1.18921860581,2.69520424431,92.4437332153,-0.317917518289,0.0870534097125,-0.0525388419851,1.48412641228,0.347063153259,-0.0314466061517,0.0651941834851,100.0
9.750368,-0.92307293911,-0.194048569668,0.527305895836,-0.0521553467881,-0.228179642198,1.18883511061,2.69597123471,92.4437332153,-0.317917518289,0.0862864193186,-0.0525388419851,1.48412641228,0.347830143653,-0.0314466061517,0.0659611738791,100.0
9.760367,-0.922689443913,-0.193665074471,0.52807288623,-0.0521553467881,-0.228179642198,1.18845161541,2.69558773951,92.4437332153,-0.318301013486,0.0866699145155,-0.0521553467881,1.48412641228,0.347446648456,-0.0314466061517,0.0651941834851,100.0
9.770366,-0.921538958322,-0.193665074471,0.52807288623,-0.0510048611972,-0.228563137395,1.18921860581,2.69520424431,92.4437332153,-0.317917518289,0.0866699145155,-0.0521553467881,1.48374291708,0.347446648456,-0.0322135965456,0.0659611738791,100.0
9.780370,-0.921538958322,-0.193281579274,0.52807288623,-0.052922337182,-0.229713622986,1.18883511061,2.69520424431,92.4437332153,-0.318684508683,0.0874369049095,-0.053305832379,1.48489340267,0.346679658062,-0.0314466061517,0.0644271930912,100.0
9.790368,-0.92307293911,-0.193281579274,0.527689391033,-0.0525388419851,-0.229713622986,1.18806812022,2.69597123471,92.4437332153,-0.317917518289,0.0874369049095,-0.0525388419851,1.48412641228,0.34821363885,-0.0318301013486,0.0655776786821,100.0
9.800368,-0.921155463125,-0.19251458888,0.52807288623,-0.0517718515911,-0.230097118183,1.18768462502,2.69558773951,92.4437332153,-0.318301013486,0.0866699145155,-0.0521553467881,1.48412641228,0.346679658062,-0.0310631109547,0.0659611738791,100.0
9.810369,-0.922305948716,-0.192131093683,0.52807288623,-0.0517718515911,-0.23048061338,1.18768462502,2.69597123471,92.4437332153,-0.318301013486,0.0870534097125,-0.0521553467881,1.48489340267,0.346679658062,-0.0310631109547,0.0659611738791,100.0
9.820367,-0.921922453519,-0.191747598486,0.52807288623,-0.0521553467881,-0.230864108577,1.18845161541,2.6967382251,92.4437332153,-0.317917518289,0.0878204001064,-0.0517718515911,1.48489340267,0.347830143653,-0.0322135965456,0.0651941834851,100.0
9.830367,-0.922305948716,-0.191747598486,0.527305895836,-0.0517718515911,-0.231631098971,1.18845161541,2.6967382251,92.4437332153,-0.31906800388,0.0874369049095,-0.0521553467881,1.48412641228,0.347446648456,-0.0318301013486,0.0655776786821,100.0
9.840367,-0.921538958322,-0.191747598486,0.527689391033,-0.0521553467881,-0.232014594168,1.18768462502,2.69597123471,92.4437332153,-0.317917518289,0.0862864193186,-0.0517718515911,1.48374291708,0.347830143653,-0.0318301013486,0.0648106882882,100.0
9.850368,-0.921538958322,-0.190980608092,0.52807288623,-0.0525388419851,-0.232398089365,1.18806812022,2.69597123471,92.4437332153,-0.318301013486,0.0878204001064,-0.0521553467881,1.48450990748,0.347063153259,-0.0325970917426,0.0659611738791,100.0
9.860367,-0.921538958322,-0.190597112895,0.52807288623,-0.0521553467881,-0.232398089365,1.18730112982,2.69597123471,92.4437332153,-0.318684508683,0.0870534097125,-0.053305832379,1.48412641228,0.346679658062,-0.0314466061517,0.0655776786821,100.0
9.870380,-0.921155463125,-0.190980608092,0.52807288623,-0.0525388419851,-0.232398089365,1.18691763463,2.6967382251,92.4437332153,-0.318301013486,0.0870534097125,-0.0525388419851,1.48374291708,0.347063153259,-0.0322135965456,0.0644271930912,100.0
9.880368,-0.921155463125,-0.189063132107,0.52807288623,-0.0517718515911,-0.232398089365,1.18691763463,2.6967382251,92.4437332153,-0.318301013486,0.0866699145155,-0.052922337182,1.48374291708,0.347063153259,-0.0314466061517,0.0648106882882,100.0
9.890371,-0.921155463125,-0.189830122501,0.52807288623,-0.052922337182,-0.232398089365,1.18730112982,2.69635472991,92.4437332153,-0.317534023092,0.0874369049095,-0.052922337182,1.48450990748,0.347446648456,-0.0310631109547,0.0655776786821,100.0
9.900375,-0.921922453519,-0.189063132107,0.52807288623,-0.0521553467881,-0.233165079759,1.18845161541,2.6971217203,92.4437332153,-0.318301013486,0.0874369049095,-0.052922337182,1.48412641228,0.347830143653,-0.0314466061517,0.0640436978942,100.0
9.910371,-0.922689443913,-0.189446627304,0.52807288623,-0.052922337182,-0.232781584562,1.18653413943,2.6975052155,92.4437332153,-0.317534023092,0.0874369049095,-0.052922337182,1.48335942189,0.346679658062,-0.0322135965456,0.0655776786821,100.0
9.920368,-0.921922453519,-0.189446627304,0.528456381427,-0.0517718515911,-0.233932070153,1.18691763463,2.6975052155,92.4437332153,-0.318301013486,0.0870534097125,-0.0521553467881,1.48412641228,0.346679658062,-0.0318301013486,0.0651941834851,100.0
9.930365,-0.921155463125,-0.189063132107,0.528839876623,-0.0525388419851,-0.233548574956,1.18615064423,2.69942269148,92.4437332153,-0.317150527895,0.0862864193186,-0.0521553467881,1.48412641228,0.347446648456,-0.0314466061517,0.0644271930912,100.0
9.940369,-0.921155463125,-0.187529151319,0.527305895836,-0.0521553467881,-0.233548574956,1.18615064423,2.69903919628,92.4437332153,-0.318684508683,0.0870534097125,-0.052922337182,1.48412641228,0.347063153259,-0.0310631109547,0.0648106882882,100.0
9.950368,-0.921155463125,-0.188296141713,0.527689391033,-0.0513883563942,-0.233548574956,1.18538365384,2.69942269148,92.4437332153,-0.317534023092,0.0859029241216,-0.0525388419851,1.48450990748,0.347063153259,-0.0314466061517,0.0651941834851,100.0
9.960365,-0.921155463125,-0.18867963691,0.52807288623,-0.0525388419851,-0.234315565349,1.18500015864,2.70018968188,92.4437332153,-0.318684508683,0.0878204001064,-0.0525388419851,1.48412641228,0.346679658062,-0.0318301013486,0.0655776786821,100.0
9.970368,-0.921155463125,-0.187912646516,0.52807288623,-0.0521553467881,-0.233548574956,1.18576714904,2.70095667227,92.4437332153,-0.317917518289,0.0874369049095,-0.0521553467881,1.48374291708,0.347446648456,-0.0322135965456,0.0648106882882,100.0
9.980370,-0.921538958322,-0.188296141713,0.527689391033,-0.0517718515911,-0.233548574956,1.18500015864,2.70172366266,92.4437332153,-0.317917518289,0.0870534097125,-0.0525388419851,1.48412641228,0.347063153259,-0.0314466061517,0.0648106882882,100.0
9.990371,-0.920004977534,-0.187529151319,0.52807288623,-0.0521553467881,-0.234315565349,1.18384967305,2.70249065306,92.4437332153,-0.318301013486,0.0874369049095,-0.0525388419851,1.48412641228,0.347446648456,-0.0314466061517,0.0644271930912,100.0
10.000370,-0.921922453519,-0.187529151319,0.527689391033,-0.0525388419851,-0.234699060546,1.18346617785,2.70325764345,92.4437332153,-0.318684508683,0.0866699145155,-0.0525388419851,1.48374291708,0.346679658062,-0.0318301013486,0.0655776786821,100.0
10.010370,-0.921538958322,-0.186762160925,0.527689391033,-0.0510048611972,-0.233932070153,1.18308268266,2.70440812904,92.4437332153,-0.317917518289,0.0866699145155,-0.053305832379,1.48412641228,0.347446648456,-0.0318301013486,0.0648106882882,100.0
10.020372,-0.922305948716,-0.186762160925,0.527689391033,-0.052922337182,-0.233548574956,1.18308268266,2.70479162424,92.4437332153,-0.317917518289,0.0870534097125,-0.0513883563942,1.48412641228,0.347063153259,-0.0322135965456,0.0659611738791,100.0
10.030374,-0.921922453519,-0.186762160925,0.52807288623,-0.052922337182,-0.233932070153,1.18308268266,2.70555861463,92.4437332153,-0.318684508683,0.0870534097125,-0.0525388419851,1.48374291708,0.347063153259,-0.0314466061517,0.0651941834851,100.0
10.040402,-0.920771967928,-0.186762160925,0.528839876623,-0.053305832379,-0.233548574956,1.18231569226,2.70517511944,92.4437332153,-0.317917518289,0.0862864193186,-0.0521553467881,1.48374291708,0.347063153259,-0.0310631109547,0.0648106882882,100.0
10.050373,-0.921922453519,-0.185995170531,0.52807288623,-0.0521553467881,-0.233165079759,1.18154870187,2.70594210983,92.4437332153,-0.317917518289,0.0862864193186,-0.0525388419851,1.48489340267,0.347063153259,-0.0314466061517,0.0648106882882,100.0
10.060366,-0.921155463125,-0.185611675334,0.527689391033,-0.0525388419851,-0.233165079759,1.18154870187,2.70594210983,92.4437332153,-0.317917518289,0.0874369049095,-0.0521553467881,1.48412641228,0.347063153259,-0.0310631109547,0.0655776786821,100.0
10.070633,-0.921538958322,-0.18484468494,0.528456381427,-0.052922337182,-0.232781584562,1.18269918746,2.70594210983,92.4437332153,-0.31906800388,0.0874369049095,-0.0521553467881,1.48412641228,0.347063153259,-0.0310631109547,0.0655776786821,100.0
10.080370,-0.921538958322,-0.185228180137,0.52807288623,-0.0525388419851,-0.232781584562,1.18231569226,2.70632560503,92.4437332153,-0.317917518289,0.0866699145155,-0.0521553467881,1.48374291708,0.347063153259,-0.0318301013486,0.0651941834851,100.0
10.090364,-0.920388472731,-0.185228180137,0.528456381427,-0.0517718515911,-0.233932070153,1.18231569226,2.70632560503,92.4437332153,-0.318684508683,0.0866699145155,-0.0517718515911,1.48412641228,0.346679658062,-0.0314466061517,0.0659611738791,100.0
10.100369,-0.920771967928,-0.18484468494,0.527689391033,-0.0525388419851,-0.232014594168,1.18269918746,2.70555861463,92.4437332153,-0.318301013486,0.0870534097125,-0.052922337182,1.48412641228,0.347446648456,-0.0318301013486,0.0655776786821,100.0
10.110364,-0.921922453519,-0.185228180137,0.52807288623,-0.0525388419851,-0.233165079759,1.18308268266,2.70594210983,92.4437332153,-0.317917518289,0.0870534097125,-0.0525388419851,1.48335942189,0.347446648456,-0.0322135965456,0.0659611738791,100.0
10.120363,-0.921922453519,-0.184461189743,0.52807288623,-0.0525388419851,-0.233932070153,1.18231569226,2.70632560503,92.4437332153,-0.317917518289,0.0870534097125,-0.0525388419851,1.48335942189,0.346679658062,-0.0318301013486,0.0655776786821,100.0
10.130371,-0.921922453519,-0.184461189743,0.52807288623,-0.0521553467881,-0.233165079759,1.18308268266,2.70594210983,92.4437332153,-0.318301013486,0.0870534097125,-0.052922337182,1.48374291708,0.347063153259,-0.0314466061517,0.0648106882882,100.0
10.140370,-0.921538958322,-0.184077694546,0.52807288623,-0.0525388419851,-0.233165079759,1.18193219707,2.70632560503,92.4437332153,-0.317917518289,0.0870534097125,-0.0525388419851,1.48450990748,0.347063153259,-0.0318301013486,0.0659611738791,100.0
10.150383,-0.921538958322,-0.184077694546,0.527689391033,-0.0517718515911,-0.233165079759,1.18269918746,2.70632560503,92.4437332153,-0.318301013486,0.0874369049095,-0.0521553467881,1.48374291708,0.347063153259,-0.0314466061517,0.0651941834851,100.0
10.160390,-0.921922453519,-0.183310704152,0.527689391033,-0.0517718515911,-0.233932070153,1.18308268266,2.70670910022,92.4437332153,-0.318301013486,0.0862864193186,-0.0525388419851,1.48374291708,0.347063153259,-0.0322135965456,0.0651941834851,100.0
10.170373,-0.921922453519,-0.183694199349,0.52807288623,-0.0513883563942,-0.233548574956,1.18231569226,2.70632560503,92.4437332153,-0.317917518289,0.0870534097125,-0.052922337182,1.48489340267,0.346296162865,-0.0314466061517,0.0651941834851,100.0
10.180368,-0.921155463125,-0.183310704152,0.527689391033,-0.0517718515911,-0.233548574956,1.18193219707,2.70555861463,92.4437332153,-0.318301013486,0.0870534097125,-0.0525388419851,1.48412641228,0.347446648456,-0.0318301013486,0.0651941834851,100.0
10.190368,-0.921155463125,-0.182927208955,0.528456381427,-0.052922337182,-0.232398089365,1.18116520667,2.70594210983,92.4437332153,-0.318301013486,0.0866699145155,-0.0513883563942,1.48335942189,0.346679658062,-0.0325970917426,0.0651941834851,100.0
10.200372,-0.920388472731,-0.182160218561,0.52807288623,-0.0525388419851,-0.233165079759,1.18269918746,2.70670910022,92.4437332153,-0.317917518289,0.0862864193186,-0.0525388419851,1.48450990748,0.346679658062,-0.0318301013486,0.0659611738791,100.0
10.210391,-0.920771967928,-0.182927208955,0.527689391033,-0.0525388419851,-0.233165079759,1.18231569226,2.70632560503,92.4437332153,-0.318301013486,0.0866699145155,-0.0517718515911,1.48374291708,0.347446648456,-0.0314466061517,0.0651941834851,100.0
10.220372,-0.921155463125,-0.183310704152,0.527689391033,-0.0517718515911,-0.233165079759,1.18193219707,2.70632560503,92.4437332153,-0.317917518289,0.0866699145155,-0.0517718515911,1.48374291708,0.347063153259,-0.0318301013486,0.0651941834851,100.0
10.230369,-0.921155463125,-0.181776723364,0.527689391033,-0.0513883563942,-0.233548574956,1.18269918746,2.70747609062,92.4437332153,-0.318301013486,0.0866699145155,-0.0525388419851,1.48374291708,0.347063153259,-0.0318301013486,0.0655776786821,100.0
10.240369,-0.921538958322,-0.182160218561,0.528839876623,-0.0525388419851,-0.233548574956,1.18193219707,2.70670910022,92.4437332153,-0.317917518289,0.0870534097125,-0.0521553467881,1.48450990748,0.347830143653,-0.0310631109547,0.0659611738791,100.0
10.250363,-0.920388472731,-0.182160218561,0.52807288623,-0.0513883563942,-0.233548574956,1.18308268266,2.70594210983,92.4437332153,-0.317917518289,0.0870534097125,-0.0525388419851,1.48450990748,0.347446648456,-0.0318301013486,0.0644271930912,100.0
10.260365,-0.921538958322,-0.181393228167,0.527689391033,-0.0513883563942,-0.233932070153,1.18231569226,2.70594210983,92.4437332153,-0.318301013486,0.0866699145155,-0.0525388419851,1.48489340267,0.347063153259,-0.0318301013486,0.0648106882882,100.0
10.270366,-0.920771967928,-0.181393228167,0.527689391033,-0.0517718515911,-0.233548574956,1.18269918746,2.70670910022,92.4437332153,-0.318301013486,0.0859029241216,-0.0517718515911,1.48335942189,0.347063153259,-0.0318301013486,0.0651941834851,100.0
10.280367,-0.921922453519,-0.181393228167,0.52807288623,-0.0517718515911,-0.233932070153,1.18269918746,2.70632560503,92.4437332153,-0.317917518289,0.0859029241216,-0.0521553467881,1.48412641228,0.347446648456,-0.0318301013486,0.0655776786821,100.0
10.290365,-0.921155463125,-0.180626237774,0.527689391033,-0.0521553467881,-0.233548574956,1.18231569226,2.70517511944,92.4437332153,-0.318301013486,0.0870534097125,-0.0525388419851,1.48450990748,0.347063153259,-0.0325970917426,0.0651941834851,100.0
10.300367,-0.921155463125,-0.181393228167,0.52807288623,-0.053689327576,-0.233165079759,1.18308268266,2.70632560503,92.4437332153,-0.318301013486,0.0874369049095,-0.0521553467881,1.48450990748,0.347063153259,-0.0318301013486,0.0651941834851,100.0
10.310367,-0.921155463125,-0.181776723364,0.527689391033,-0.0517718515911,-0.233932070153,1.18231569226,2.70594210983,92.4437332153,-0.317917518289,0.0870534097125,-0.0525388419851,1.48450990748,0.347446648456,-0.0314466061517,0.0655776786821,100.0
10.320369,-0.921538958322,-0.180626237774,0.52807288623,-0.0525388419851,-0.233548574956,1.18154870187,2.70670910022,92.4437332153,-0.31906800388,0.0874369049095,-0.0525388419851,1.48374291708,0.347063153259,-0.0322135965456,0.0659611738791,100.0
10.330368,-0.921155463125,-0.180242742577,0.52807288623,-0.0517718515911,-0.233548574956,1.18231569226,2.70632560503,92.4437332153,-0.31906800388,0.0870534097125,-0.0513883563942,1.48412641228,0.347446648456,-0.0318301013486,0.0659611738791,100.0
10.340367,-0.921155463125,-0.180626237774,0.52807288623,-0.0510048611972,-0.233165079759,1.18116520667,2.70670910022,92.4437332153,-0.317534023092,0.0874369049095,-0.0517718515911,1.48374291708,0.347446648456,-0.0314466061517,0.0648106882882,100.0
10.350367,-0.921155463125,-0.17985924738,0.527689391033,-0.0517718515911,-0.233165079759,1.18231569226,2.70594210983,92.4437332153,-0.318301013486,0.0870534097125,-0.0513883563942,1.48412641228,0.347446648456,-0.0310631109547,0.0655776786821,100.0
10.360369,-0.921538958322,-0.179475752183,0.527689391033,-0.0544563179699,-0.233548574956,1.18193219707,2.70670910022,92.4437332153,-0.318684508683,0.0866699145155,-0.0517718515911,1.48374291708,0.347446648456,-0.0318301013486,0.0655776786821,100.0
10.370370,-0.921922453519,-0.17985924738,0.527689391033,-0.0517718515911,-0.233932070153,1.18231569226,2.70670910022,92.4437332153,-0.31906800388,0.0870534097125,-0.0521553467881,1.48489340267,0.347063153259,-0.0314466061517,0.0659611738791,100.0
10.380370,-0.921538958322,-0.179475752183,0.52922337182,-0.0513883563942,-0.234315565349,1.18193219707,2.70632560503,92.4437332153,-0.317917518289,0.0874369049095,-0.0525388419851,1.48412641228,0.347063153259,-0.0314466061517,0.0648106882882,100.0
10.390371,-0.921922453519,-0.179475752183,0.52807288623,-0.0521553467881,-0.234315565349,1.18154870187,2.70709259542,92.4437332153,-0.317917518289,0.0870534097125,-0.0521553467881,1.48374291708,0.347063153259,-0.0314466061517,0.0655776786821,100.0
10.400371,-0.921538958322,-0.17985924738,0.52807288623,-0.0517718515911,-0.233548574956,1.18231569226,2.70670910022,92.4437332153,-0.318301013486,0.0859029241216,-0.0521553467881,1.48374291708,0.347063153259,-0.0322135965456,0.0640436978942,100.0
10.410382,-0.922305948716,-0.178708761789,0.527689391033,-0.0521553467881,-0.234315565349,1.18154870187,2.70594210983,92.4437332153,-0.318301013486,0.0866699145155,-0.0521553467881,1.48335942189,0.346679658062,-0.0318301013486,0.0655776786821,100.0
10.420370,-0.921922453519,-0.179092256986,0.527305895836,-0.0525388419851,-0.233932070153,1.18039821628,2.70632560503,92.4437332153,-0.317150527895,0.0874369049095,-0.0513883563942,1.48412641228,0.347063153259,-0.0322135965456,0.0659611738791,100.0
10.430368,-0.921922453519,-0.178708761789,0.527689391033,-0.0521553467881,-0.233932070153,1.18078171147,2.70632560503,92.4437332153,-0.318301013486,0.0874369049095,-0.0521553467881,1.48412641228,0.347063153259,-0.0314466061517,0.0651941834851,100.0
10.440368,-0.921538958322,-0.178325266592,0.528456381427,-0.0513883563942,-0.234315565349,1.18039821628,2.70670910022,92.4437332153,-0.318301013486,0.0866699145155,-0.0521553467881,1.48412641228,0.347063153259,-0.0314466061517,0.0655776786821,100.0
10.450380,-0.921538958322,-0.178325266592,0.52807288623,-0.0525388419851,-0.234315565349,1.17963122588,2.70632560503,92.4437332153,-0.318301013486,0.0866699145155,-0.0521553467881,1.48335942189,0.347446648456,-0.0318301013486,0.0651941834851,100.0
10.460369,-0.922305948716,-0.177941771395,0.52807288623,-0.0513883563942,-0.233548574956,1.17963122588,2.70594210983,92.4437332153,-0.317917518289,0.0870534097125,-0.0521553467881,1.48374291708,0.347063153259,-0.0310631109547,0.0659611738791,100.0
10.470370,-0.921538958322,-0.177558276198,0.528456381427,-0.0521553467881,-0.233548574956,1.18078171147,2.70670910022,92.4437332153,-0.317917518289,0.0866699145155,-0.0521553467881,1.48335942189,0.347063153259,-0.0322135965456,0.0655776786821,100.0
10.480370,-0.921922453519,-0.177558276198,0.52807288623,-0.052922337182,-0.233548574956,1.17886423549,2.70632560503,92.4437332153,-0.318301013486,0.0874369049095,-0.0521553467881,1.48374291708,0.347446648456,-0.0318301013486,0.0651941834851,100.0
10.490368,-0.921922453519,-0.177174781001,0.527689391033,-0.0521553467881,-0.234315565349,1.17886423549,2.70709259542,92.4437332153,-0.318684508683,0.0870534097125,-0.0521553467881,1.48412641228,0.346679658062,-0.0322135965456,0.0655776786821,100.0
10.500374,-0.920771967928,-0.177174781001,0.527689391033,-0.0521553467881,-0.233548574956,1.1777137499,2.70747609062,92.4437332153,-0.318301013486,0.0874369049095,-0.0521553467881,1.48489340267,0.347063153259,-0.0318301013486,0.0651941834851,100.0
10.510389,-0.921155463125,-0.177558276198,0.52807288623,-0.0517718515911,-0.234699060546,1.17694675951,2.70785958581,92.4437332153,-0.318301013486,0.0870534097125,-0.0517718515911,1.48374291708,0.347063153259,-0.0322135965456,0.0648106882882,100.0
10.520375,-0.921538958322,-0.176791285804,0.527305895836,-0.0517718515911,-0.233548574956,1.17694675951,2.70901007141,92.4437332153,-0.318301013486,0.0878204001064,-0.0521553467881,1.48489340267,0.347063153259,-0.0322135965456,0.0651941834851,100.0
10.530369,-0.921922453519,-0.176407790607,0.52807288623,-0.0525388419851,-0.233932070153,1.17541277872,2.7097770618,92.4437332153,-0.318301013486,0.0874369049095,-0.0517718515911,1.48335942189,0.347446648456,-0.0318301013486,0.0648106882882,100.0
10.540367,-0.921155463125,-0.176407790607,0.527689391033,-0.0517718515911,-0.234315565349,1.17502928352,2.71054405219,92.4437332153,-0.317917518289,0.0874369049095,-0.0521553467881,1.48450990748,0.347063153259,-0.0322135965456,0.0651941834851,100.0
10.550364,-0.921155463125,-0.176407790607,0.52807288623,-0.0510048611972,-0.233932070153,1.17349530273,2.71246152818,92.4437332153,-0.31906800388,0.0870534097125,-0.052922337182,1.48297592669,0.346679658062,-0.0318301013486,0.0655776786821,100.0
10.560368,-0.921538958322,-0.17602429541,0.52807288623,-0.0525388419851,-0.234315565349,1.17234481714,2.71284502338,92.4437332153,-0.318684508683,0.0878204001064,-0.053305832379,1.48450990748,0.346679658062,-0.0310631109547,0.0659611738791,100.0
10.570369,-0.921155463125,-0.176407790607,0.52807288623,-0.0521553467881,-0.234315565349,1.17196132194,2.71476249936,92.4437332153,-0.31906800388,0.0862864193186,-0.0525388419851,1.48374291708,0.347446648456,-0.0314466061517,0.0651941834851,100.0
10.580365,-0.921538958322,-0.17602429541,0.52807288623,-0.0517718515911,-0.234315565349,1.17081083635,2.71552948975,92.4437332153,-0.317917518289,0.0866699145155,-0.0521553467881,1.48412641228,0.346679658062,-0.0318301013486,0.0659611738791,100.0
10.590368,-0.921538958322,-0.174873809819,0.52807288623,-0.0521553467881,-0.233548574956,1.17004384596,2.71821395613,92.4437332153,-0.318301013486,0.0862864193186,-0.0513883563942,1.48450990748,0.347063153259,-0.0318301013486,0.0651941834851,100.0
10.600365,-0.921538958322,-0.175640800213,0.527305895836,-0.0521553467881,-0.234315565349,1.16889336037,2.71936444172,92.4437332153,-0.318301013486,0.0870534097125,-0.0521553467881,1.48297592669,0.347830143653,-0.0310631109547,0.0659611738791,100.0
10.610368,-0.921155463125,-0.175640800213,0.52807288623,-0.0513883563942,-0.233165079759,1.16812636997,2.72166541291,92.4437332153,-0.318684508683,0.0866699145155,-0.0525388419851,1.48335942189,0.347446648456,-0.0310631109547,0.0648106882882,100.0
10.620369,-0.921922453519,-0.175640800213,0.527305895836,-0.0521553467881,-0.234315565349,1.16697588438,2.7228158985,92.4437332153,-0.317534023092,0.0866699145155,-0.0525388419851,1.48450990748,0.347446648456,-0.0310631109547,0.0640436978942,100.0
10.630371,-0.921155463125,-0.175257305016,0.527305895836,-0.0525388419851,-0.234315565349,1.16659238919,2.72434987928,92.4437332153,-0.318684508683,0.0874369049095,-0.052922337182,1.48527689787,0.347063153259,-0.0310631109547,0.0644271930912,100.0
10.640368,-0.922305948716,-0.174873809819,0.52807288623,-0.0521553467881,-0.233548574956,1.16620889399,2.72626735527,92.4437332153,-0.318301013486,0.0874369049095,-0.0517718515911,1.48374291708,0.347446648456,-0.0314466061517,0.0651941834851,100.0
10.650366,-0.921922453519,-0.174873809819,0.527689391033,-0.0513883563942,-0.233548574956,1.1650584084,2.72895182165,92.4437332153,-0.318301013486,0.0866699145155,-0.052922337182,1.48412641228,0.347063153259,-0.0314466061517,0.0655776786821,100.0
10.660367,-0.921538958322,-0.175257305016,0.52807288623,-0.0517718515911,-0.234315565349,1.16352442761,2.73048580244,92.4437332153,-0.318301013486,0.0866699145155,-0.0525388419851,1.48412641228,0.347446648456,-0.0314466061517,0.0651941834851,100.0
10.670368,-0.921538958322,-0.174873809819,0.528456381427,-0.0525388419851,-0.233932070153,1.16237394202,2.73201978322,92.4437332153,-0.318301013486,0.0866699145155,-0.0525388419851,1.48450990748,0.347830143653,-0.0306796157577,0.0648106882882,100.0
10.680370,-0.921538958322,-0.175257305016,0.52807288623,-0.0525388419851,-0.234699060546,1.16199044682,2.73163628803,92.4437332153,-0.317917518289,0.0870534097125,-0.0521553467881,1.48412641228,0.346679658062,-0.0314466061517,0.0655776786821,100.0
10.690370,-0.922305948716,-0.174106819425,0.52807288623,-0.0521553467881,-0.234315565349,1.16275743722,2.73201978322,92.4437332153,-0.318684508683,0.0870534097125,-0.0513883563942,1.48412641228,0.346296162865,-0.0310631109547,0.0648106882882,100.0
10.700371,-0.92307293911,-0.174490314622,0.528839876623,-0.0506213660002,-0.233165079759,1.16199044682,2.73086929763,92.4437332153,-0.318684508683,0.0866699145155,-0.0517718515911,1.48527689787,0.347830143653,-0.0318301013486,0.0651941834851,100.0
10.710367,-0.922689443913,-0.174490314622,0.527689391033,-0.0517718515911,-0.233548574956,1.16199044682,2.73125279283,92.4437332153,-0.317917518289,0.0870534097125,-0.0517718515911,1.48527689787,0.347446648456,-0.0318301013486,0.0651941834851,100.0
10.720370,-0.921922453519,-0.174490314622,0.527689391033,-0.0525388419851,-0.234699060546,1.16275743722,2.73163628803,92.4437332153,-0.31906800388,0.0862864193186,-0.0521553467881,1.48374291708,0.347446648456,-0.0310631109547,0.0651941834851,100.0
10.730369,-0.92307293911,-0.174106819425,0.52807288623,-0.0513883563942,-0.233548574956,1.16237394202,2.73163628803,92.4437332153,-0.318301013486,0.0874369049095,-0.0525388419851,1.48374291708,0.346679658062,-0.0318301013486,0.0651941834851,100.0
10.740370,-0.922689443913,-0.175257305016,0.528456381427,-0.0517718515911,-0.234699060546,1.16314093241,2.73201978322,92.4437332153,-0.318301013486,0.0862864193186,-0.052922337182,1.48374291708,0.347063153259,-0.0318301013486,0.0655776786821,100.0
10.750367,-0.922689443913,-0.174873809819,0.528456381427,-0.0517718515911,-0.234699060546,1.16352442761,2.73125279283,92.4437332153,-0.318301013486,0.0874369049095,-0.0525388419851,1.48450990748,0.347446648456,-0.0322135965456,0.0648106882882,100.0
10.760368,-0.92307293911,-0.174873809819,0.527689391033,-0.0521553467881,-0.233548574956,1.16352442761,2.73086929763,92.4437332153,-0.318684508683,0.0878204001064,-0.0521553467881,1.48412641228,0.347063153259,-0.0314466061517,0.0651941834851,100.0
10.770367,-0.921922453519,-0.17602429541,0.52807288623,-0.0517718515911,-0.234315565349,1.16314093241,2.73125279283,92.4437332153,-0.318684508683,0.0874369049095,-0.0521553467881,1.48374291708,0.347446648456,-0.0310631109547,0.0644271930912,100.0
10.780367,-0.922689443913,-0.175640800213,0.527689391033,-0.0521553467881,-0.233932070153,1.16390792281,2.73125279283,92.4437332153,-0.318684508683,0.0874369049095,-0.0525388419851,1.48412641228,0.346679658062,-0.0314466061517,0.0648106882882,100.0
10.790367,-0.922689443913,-0.175640800213,0.528456381427,-0.0517718515911,-0.233932070153,1.16429141801,2.73086929763,92.4437332153,-0.31906800388,0.0870534097125,-0.052922337182,1.48450990748,0.347063153259,-0.0325970917426,0.0648106882882,100.0
10.800366,-0.922305948716,-0.174490314622,0.52807288623,-0.0521553467881,-0.233548574956,1.16390792281,2.73086929763,92.4437332153,-0.318301013486,0.0870534097125,-0.053305832379,1.48374291708,0.346679658062,-0.0322135965456,0.0640436978942,100.0
10.810366,-0.922689443913,-0.175257305016,0.52807288623,-0.0510048611972,-0.234315565349,1.16429141801,2.73086929763,92.4437332153,-0.317534023092,0.0866699145155,-0.0521553467881,1.48412641228,0.347446648456,-0.0314466061517,0.0640436978942,100.0
10.820366,-0.922689443913,-0.175640800213,0.528839876623,-0.0510048611972,-0.233548574956,1.16390792281,2.73048580244,92.4437332153,-0.317917518289,0.0870534097125,-0.0521553467881,1.48412641228,0.347063153259,-0.0314466061517,0.0651941834851,100.0
10.830367,-0.922689443913,-0.175257305016,0.52807288623,-0.0510048611972,-0.233548574956,1.16429141801,2.73125279283,92.4437332153,-0.318684508683,0.0870534097125,-0.0517718515911,1.48335942189,0.347063153259,-0.0314466061517,0.0644271930912,100.0
10.840366,-0.922689443913,-0.175257305016,0.52807288623,-0.0525388419851,-0.233548574956,1.16429141801,2.73125279283,92.4437332153,-0.318301013486,0.0870534097125,-0.0517718515911,1.48374291708,0.347446648456,-0.0318301013486,0.0655776786821,100.0
10.850363,-0.922305948716,-0.175257305016,0.528456381427,-0.0510048611972,-0.234699060546,1.16352442761,2.73086929763,92.4437332153,-0.317534023092,0.0870534097125,-0.0525388419851,1.48412641228,0.347446648456,-0.0310631109547,0.0659611738791,100.0
10.860367,-0.922689443913,-0.175640800213,0.528839876623,-0.0521553467881,-0.233548574956,1.16352442761,2.73125279283,92.4437332153,-0.318301013486,0.0874369049095,-0.0521553467881,1.48412641228,0.347446648456,-0.0314466061517,0.0651941834851,100.0
10.870367,-0.92307293911,-0.175640800213,0.527689391033,-0.0510048611972,-0.233932070153,1.16314093241,2.73125279283,92.4437332153,-0.317917518289,0.0870534097125,-0.0521553467881,1.48450990748,0.347446648456,-0.0310631109547,0.0651941834851,100.0
10.880375,-0.922305948716,-0.17602429541,0.527689391033,-0.0517718515911,-0.233932070153,1.16429141801,2.73125279283,92.4437332153,-0.318301013486,0.0870534097125,-0.0517718515911,1.48412641228,0.346679658062,-0.0314466061517,0.0648106882882,100.0
10.890364,-0.923456434307,-0.175257305016,0.528456381427,-0.0525388419851,-0.233932070153,1.16314093241,2.73125279283,92.4437332153,-0.318684508683,0.0866699145155,-0.0525388419851,1.48374291708,0.347446648456,-0.0318301013486,0.0640436978942,100.0
10.900365,-0.922689443913,-0.17602429541,0.52922337182,-0.0517718515911,-0.233548574956,1.16352442761,2.73163628803,92.4437332153,-0.318301013486,0.0870534097125,-0.0525388419851,1.48297592669,0.347830143653,-0.0322135965456,0.0644271930912,100.0
10.910365,-0.922689443913,-0.175257305016,0.528839876623,-0.0521553467881,-0.233932070153,1.16390792281,2.73125279283,92.4437332153,-0.318684508683,0.0870534097125,-0.0521553467881,1.48489340267,0.347446648456,-0.0322135965456,0.0651941834851,100.0
10.920364,-0.92307293911,-0.175640800213,0.528839876623,-0.0517718515911,-0.233548574956,1.16390792281,2.73163628803,92.4437332153,-0.318301013486,0.0866699145155,-0.0521553467881,1.48489340267,0.347446648456,-0.0310631109547,0.0648106882882,100.0
10.930365,-0.92307293911,-0.176407790607,0.528839876623,-0.0510048611972,-0.233932070153,1.16352442761,2.73201978322,92.4437332153,-0.318301013486,0.0862864193186,-0.0525388419851,1.48450990748,0.347446648456,-0.0314466061517,0.0659611738791,100.0
10.940367,-0.921922453519,-0.175640800213,0.528456381427,-0.0513883563942,-0.234315565349,1.16390792281,2.73086929763,92.4437332153,-0.318301013486,0.0866699145155,-0.053305832379,1.48412641228,0.347063153259,-0.0318301013486,0.0651941834851,100.0
10.950365,-0.921538958322,-0.17602429541,0.528456381427,-0.0521553467881,-0.233932070153,1.1646749132,2.73086929763,92.4437332153,-0.318301013486,0.0874369049095,-0.052922337182,1.48412641228,0.347063153259,-0.0322135965456,0.0659611738791,100.0
10.960366,-0.923456434307,-0.175640800213,0.528456381427,-0.0517718515911,-0.233932070153,1.16429141801,2.73125279283,92.4437332153,-0.318301013486,0.0866699145155,-0.0517718515911,1.48374291708,0.346679658062,-0.0318301013486,0.0651941834851,100.0
10.970364,-0.922689443913,-0.175640800213,0.52922337182,-0.0513883563942,-0.234699060546,1.16390792281,2.73125279283,92.4437332153,-0.318301013486,0.0870534097125,-0.0525388419851,1.48489340267,0.347446648456,-0.0314466061517,0.0655776786821,100.0
10.980433,-0.922689443913,-0.175257305016,0.528839876623,-0.0510048611972,-0.233932070153,1.1646749132,2.73125279283,92.4437332153,-0.317534023092,0.0866699145155,-0.0510048611972,1.48335942189,0.347446648456,-0.0314466061517,0.0651941834851,100.0
10.990369,-0.922689443913,-0.17602429541,0.528456381427,-0.0506213660002,-0.233548574956,1.1646749132,2.73163628803,92.4437332153,-0.317534023092,0.0874369049095,-0.0517718515911,1.48335942189,0.347063153259,-0.0322135965456,0.0651941834851,100.0
11.000369,-0.922689443913,-0.175257305016,0.528456381427,-0.0510048611972,-0.233548574956,1.16390792281,2.73163628803,92.4437332153,-0.318301013486,0.0870534097125,-0.0521553467881,1.48412641228,0.347446648456,-0.0322135965456,0.066344669076,100.0
11.010370,-0.922305948716,-0.175257305016,0.528456381427,-0.0517718515911,-0.234315565349,1.1646749132,2.73163628803,92.4437332153,-0.318301013486,0.0878204001064,-0.053305832379,1.48412641228,0.347063153259,-0.0314466061517,0.0659611738791,100.0
11.020365,-0.922689443913,-0.175640800213,0.528839876623,-0.0517718515911,-0.233932070153,1.16390792281,2.73163628803,92.4437332153,-0.317917518289,0.0870534097125,-0.053305832379,1.48374291708,0.347063153259,-0.0318301013486,0.0651941834851,100.0
11.030455,-0.922689443913,-0.175640800213,0.528839876623,-0.0517718515911,-0.233932070153,1.16429141801,2.73201978322,92.4437332153,-0.31906800388,0.0878204001064,-0.0521553467881,1.48450990748,0.347063153259,-0.0314466061517,0.0644271930912,100.0
11.040374,-0.922689443913,-0.175257305016,0.528456381427,-0.0521553467881,-0.233932070153,1.16390792281,2.73163628803,92.4437332153,-0.318301013486,0.0870534097125,-0.052922337182,1.48412641228,0.347063153259,-0.0310631109547,0.0651941834851,100.0
11.050366,-0.922689443913,-0.175257305016,0.528456381427,-0.0513883563942,-0.233548574956,1.16352442761,2.73240327842,92.4437332153,-0.318301013486,0.0855194289246,-0.0521553467881,1.48489340267,0.347830143653,-0.0314466061517,0.0655776786821,100.0
11.060364,-0.922305948716,-0.175257305016,0.52807288623,-0.0506213660002,-0.233932070153,1.16390792281,2.73201978322,92.4437332153,-0.317917518289,0.0870534097125,-0.0521553467881,1.48335942189,0.347063153259,-0.0310631109547,0.0651941834851,100.0
11.070366,-0.922305948716,-0.175257305016,0.528839876623,-0.0510048611972,-0.234315565349,1.16390792281,2.73201978322,92.4437332153,-0.318684508683,0.0874369049095,-0.0525388419851,1.48450990748,0.347063153259,-0.0322135965456,0.0648106882882,100.0
11.080468,-0.92307293911,-0.175640800213,0.528456381427,-0.0506213660002,-0.233932070153,1.16314093241,2.73125279283,92.4437332153,-0.317917518289,0.0870534097125,-0.0517718515911,1.48412641228,0.347446648456,-0.0318301013486,0.066344669076,100.0
11.090375,-0.922305948716,-0.174873809819,0.52922337182,-0.0510048611972,-0.233548574956,1.16352442761,2.73163628803,92.4437332153,-0.318301013486,0.0870534097125,-0.0525388419851,1.48374291708,0.347446648456,-0.0325970917426,0.0651941834851,100.0
11.100366,-0.921922453519,-0.175640800213,0.528839876623,-0.0506213660002,-0.233932070153,1.16390792281,2.73125279283,92.4437332153,-0.318684508683,0.0870534097125,-0.0521553467881,1.48412641228,0.347063153259,-0.0322135965456,0.0651941834851,100.0
11.110366,-0.922305948716,-0.175257305016,0.52922337182,-0.0506213660002,-0.233548574956,1.16352442761,2.73201978322,92.4437332153,-0.31906800388,0.0862864193186,-0.052922337182,1.48412641228,0.347063153259,-0.0314466061517,0.0651941834851,100.0
11.120367,-0.921538958322,-0.175640800213,0.528456381427,-0.0517718515911,-0.234315565349,1.16352442761,2.73201978322,92.4437332153,-0.318301013486,0.0874369049095,-0.0525388419851,1.48450990748,0.347830143653,-0.0314466061517,0.0644271930912,100.0
11.130367,-0.922689443913,-0.175640800213,0.528456381427,-0.0510048611972,-0.233932070153,1.16390792281,2.73201978322,92.4437332153,-0.317917518289,0.0874369049095,-0.0525388419851,1.48450990748,0.346679658062,-0.0314466061517,0.0644271930912,100.0
11.140370,-0.921922453519,-0.17602429541,0.528456381427,-0.0506213660002,-0.234699060546,1.16390792281,2.73201978322,92.4437332153,-0.318301013486,0.0870534097125,-0.0525388419851,1.48297592669,0.346679658062,-0.0310631109547,0.0651941834851,100.0
11.150369,-0.921155463125,-0.175640800213,0.528839876623,-0.0525388419851,-0.234315565349,1.16390792281,2.73201978322,92.4437332153,-0.318301013486,0.0866699145155,-0.052922337182,1.48412641228,0.347063153259,-0.0314466061517,0.0655776786821,100.0
11.160364,-0.922305948716,-0.175640800213,0.528839876623,-0.052922337182,-0.234315565349,1.16429141801,2.73201978322,92.4437332153,-0.318301013486,0.0862864193186,-0.0521553467881,1.48489340267,0.347446648456,-0.0306796157577,0.066344669076,100.0
11.170364,-0.921155463125,-0.175257305016,0.529606867017,-0.0510048611972,-0.235082555743,1.1646749132,2.73163628803,92.4437332153,-0.318301013486,0.0870534097125,-0.0521553467881,1.48489340267,0.347446648456,-0.0306796157577,0.066344669076,100.0
11.180366,-0.921922453519,-0.175640800213,0.52807288623,-0.0513883563942,-0.234315565349,1.1654419036,2.73163628803,92.4437332153,-0.31906800388,0.0874369049095,-0.053305832379,1.48489340267,0.347446648456,-0.0314466061517,0.0651941834851,100.0
11.190369,-0.921922453519,-0.175640800213,0.52922337182,-0.0517718515911,-0.234315565349,1.16429141801,2.73125279283,92.4437332153,-0.31906800388,0.0870534097125,-0.0517718515911,1.48450990748,0.347063153259,-0.0325970917426,0.0644271930912,100.0
11.200369,-0.922689443913,-0.17602429541,0.528839876623,-0.0513883563942,-0.234315565349,1.16429141801,2.73201978322,92.4437332153,-0.318301013486,0.0866699145155,-0.052922337182,1.48450990748,0.346679658062,-0.0322135965456,0.0648106882882,100.0
11.210370,-0.921538958322,-0.175257305016,0.528839876623,-0.0510048611972,-0.234699060546,1.1646749132,2.73201978322,92.4437332153,-0.318684508683,0.0870534097125,-0.0521553467881,1.48374291708,0.347446648456,-0.0318301013486,0.0644271930912,100.0
11.220367,-0.921922453519,-0.17602429541,0.528456381427,-0.0517718515911,-0.23546605094,1.16390792281,2.73163628803,92.4437332153,-0.318684508683,0.0862864193186,-0.0521553467881,1.48412641228,0.347063153259,-0.0322135965456,0.0659611738791,100.0
11.230365,-0.922305948716,-0.175640800213,0.528839876623,-0.0517718515911,-0.234699060546,1.16429141801,2.73201978322,92.4437332153,-0.318301013486,0.0874369049095,-0.0525388419851,1.48489340267,0.347063153259,-0.0322135965456,0.066344669076,100.0
11.240368,-0.921922453519,-0.174873809819,0.528839876623,-0.0513883563942,-0.234699060546,1.16390792281,2.73163628803,92.4437332153,-0.318301013486,0.0870534097125,-0.0517718515911,1.48335942189,0.345912667668,-0.0322135965456,0.0648106882882,100.0
11.250362,-0.921922453519,-0.175640800213,0.528456381427,-0.0506213660002,-0.235082555743,1.1646749132,2.73086929763,92.4437332153,-0.318684508683,0.0859029241216,-0.0521553467881,1.48297592669,0.345912667668,-0.0322135965456,0.0655776786821,100.0
11.260389,-0.921538958322,-0.175257305016,0.529606867017,-0.0506213660002,-0.236233041334,1.1650584084,2.73240327842,92.4437332153,-0.318301013486,0.0866699145155,-0.0521553467881,1.48374291708,0.345912667668,-0.0318301013486,0.0655776786821,100.0
11.270369,-0.922305948716,-0.175640800213,0.52922337182,-0.0510048611972,-0.236616536531,1.1646749132,2.73125279283,92.4437332153,-0.318684508683,0.0862864193186,-0.0517718515911,1.48450990748,0.345529172471,-0.0318301013486,0.0659611738791,100.0
11.280368,-0.921155463125,-0.17602429541,0.529606867017,-0.0510048611972,-0.237383526925,1.16390792281,2.73163628803,92.4437332153,-0.318684508683,0.0862864193186,-0.0521553467881,1.48374291708,0.345145677274,-0.0314466061517,0.0655776786821,100.0
11.290369,-0.921538958322,-0.175640800213,0.52922337182,-0.0510048611972,-0.237383526925,1.16429141801,2.73201978322,92.4437332153,-0.317534023092,0.0870534097125,-0.0521553467881,1.48374291708,0.344762182077,-0.0310631109547,0.0651941834851,100.0
11.300366,-0.922305948716,-0.17602429541,0.528839876623,-0.0498543756063,-0.238150517319,1.1650584084,2.73240327842,92.4437332153,-0.318301013486,0.0874369049095,-0.052922337182,1.48374291708,0.34437868688,-0.0318301013486,0.0644271930912,100.0
11.310368,-0.921922453519,-0.17602429541,0.528839876623,-0.0513883563942,-0.237767022122,1.16429141801,2.73201978322,92.4437332153,-0.318684508683,0.0870534097125,-0.0521553467881,1.48374291708,0.345145677274,-0.0314466061517,0.0651941834851,100.0
11.320367,-0.922305948716,-0.175640800213,0.529990362214,-0.0510048611972,-0.238534012516,1.16429141801,2.73201978322,92.4437332153,-0.318301013486,0.0874369049095,-0.0525388419851,1.48412641228,0.345529172471,-0.0314466061517,0.0648106882882,100.0
11.330367,-0.921155463125,-0.175257305016,0.52922337182,-0.0513883563942,-0.238534012516,1.1646749132,2.73240327842,92.4437332153,-0.317534023092,0.0870534097125,-0.0521553467881,1.48489340267,0.34437868688,-0.0306796157577,0.066344669076,100.0
11.340369,-0.921922453519,-0.175640800213,0.528456381427,-0.0506213660002,-0.238534012516,1.16620889399,2.73125279283,92.4437332153,-0.317917518289,0.0866699145155,-0.0521553467881,1.48412641228,0.345145677274,-0.0318301013486,0.0655776786821,100.0
11.350366,-0.922305948716,-0.175640800213,0.528839876623,-0.0525388419851,-0.238150517319,1.16582539879,2.73163628803,92.4437332153,-0.31906800388,0.0878204001064,-0.0517718515911,1.48489340267,0.34437868688,-0.0318301013486,0.0651941834851,100.0
11.360369,-0.922689443913,-0.17602429541,0.52922337182,-0.0513883563942,-0.238917507713,1.1654419036,2.73163628803,92.4437332153,-0.317917518289,0.0874369049095,-0.0525388419851,1.48489340267,0.345145677274,-0.0310631109547,0.0655776786821,100.0
11.370367,-0.921922453519,-0.176407790607,0.529606867017,-0.0513883563942,-0.238917507713,1.1654419036,2.73201978322,92.4437332153,-0.317917518289,0.0878204001064,-0.0521553467881,1.48374291708,0.343995191683,-0.0314466061517,0.0659611738791,100.0
11.380368,-0.922305948716,-0.17602429541,0.52922337182,-0.0510048611972,-0.238917507713,1.1650584084,2.73201978322,92.4437332153,-0.317917518289,0.0874369049095,-0.053305832379,1.48412641228,0.34437868688,-0.0314466061517,0.0648106882882,100.0
11.390367,-0.922689443913,-0.175640800213,0.529990362214,-0.0510048611972,-0.238917507713,1.1654419036,2.73201978322,92.4437332153,-0.318301013486,0.0866699145155,-0.0513883563942,1.48374291708,0.345145677274,-0.0310631109547,0.0651941834851,100.0
11.400367,-0.92307293911,-0.176791285804,0.52922337182,-0.0517718515911,-0.23930100291,1.1650584084,2.73240327842,92.4437332153,-0.318301013486,0.0878204001064,-0.0521553467881,1.48450990748,0.345529172471,-0.0318301013486,0.0648106882882,100.0
11.410367,-0.92307293911,-0.176791285804,0.529990362214,-0.0513883563942,-0.238917507713,1.1650584084,2.73201978322,92.4437332153,-0.317917518289,0.0870534097125,-0.0525388419851,1.48489340267,0.344762182077,-0.0325970917426,0.0651941834851,100.0
11.420367,-0.921922453519,-0.176407790607,0.529606867017,-0.0513883563942,-0.23930100291,1.1654419036,2.73125279283,92.4437332153,-0.318684508683,0.0870534097125,-0.0521553467881,1.48412641228,0.34437868688,-0.0322135965456,0.0636602026972,100.0
11.430369,-0.921922453519,-0.176407790607,0.529606867017,-0.0506213660002,-0.239684498107,1.16582539879,2.73201978322,92.4437332153,-0.318684508683,0.0874369049095,-0.0525388419851,1.48450990748,0.344762182077,-0.0310631109547,0.0644271930912,100.0
11.440368,-0.922689443913,-0.17602429541,0.529606867017,-0.0510048611972,-0.240067993304,1.16620889399,2.73163628803,92.4437332153,-0.317917518289,0.0870534097125,-0.0525388419851,1.48412641228,0.344762182077,-0.0318301013486,0.0651941834851,100.0
11.450366,-0.922689443913,-0.176407790607,0.529606867017,-0.0506213660002,-0.239684498107,1.16620889399,2.73163628803,92.4437332153,-0.317917518289,0.0862864193186,-0.0517718515911,1.48412641228,0.34437868688,-0.0318301013486,0.0655776786821,100.0
11.460366,-0.922305948716,-0.176791285804,0.52922337182,-0.0525388419851,-0.23930100291,1.16620889399,2.73240327842,92.4437332153,-0.31906800388,0.0870534097125,-0.0525388419851,1.48374291708,0.34437868688,-0.0318301013486,0.0655776786821,100.0
11.470368,-0.922689443913,-0.175640800213,0.529990362214,-0.0506213660002,-0.240067993304,1.16582539879,2.73201978322,92.4437332153,-0.317917518289,0.0870534097125,-0.0525388419851,1.48412641228,0.344762182077,-0.0318301013486,0.066344669076,100.0
11.480378,-0.922305948716,-0.175640800213,0.52922337182,-0.0510048611972,-0.240067993304,1.1650584084,2.73163628803,92.4437332153,-0.317917518289,0.0866699145155,-0.0517718515911,1.48412641228,0.343995191683,-0.0318301013486,0.0644271930912,100.0
11.490379,-0.922689443913,-0.17602429541,0.529606867017,-0.0506213660002,-0.239684498107,1.1654419036,2.73240327842,92.4437332153,-0.318684508683,0.0859029241216,-0.052922337182,1.48374291708,0.345145677274,-0.0318301013486,0.0651941834851,100.0
11.500367,-0.921922453519,-0.175257305016,0.529606867017,-0.0498543756063,-0.239684498107,1.1650584084,2.73125279283,92.4437332153,-0.318301013486,0.0866699145155,-0.0525388419851,1.48374291708,0.343995191683,-0.0318301013486,0.0655776786821,100.0
11.510367,-0.922689443913,-0.175640800213,0.529606867017,-0.0498543756063,-0.239684498107,1.16582539879,2.73163628803,92.4437332153,-0.317917518289,0.0874369049095,-0.0525388419851,1.48374291708,0.344762182077,-0.0318301013486,0.0651941834851,100.0
11.520368,-0.92307293911,-0.17602429541,0.528839876623,-0.0498543756063,-0.240067993304,1.1650584084,2.73163628803,92.4437332153,-0.317917518289,0.0859029241216,-0.0525388419851,1.48335942189,0.344762182077,-0.0325970917426,0.0648106882882,100.0
11.530370,-0.922305948716,-0.175640800213,0.528839876623,-0.0494708804093,-0.240834983698,1.1646749132,2.73125279283,92.4437332153,-0.318301013486,0.0866699145155,-0.0517718515911,1.48450990748,0.34437868688,-0.0314466061517,0.0655776786821,100.0
11.540371,-0.922689443913,-0.176407790607,0.529990362214,-0.0490873852123,-0.240067993304,1.1646749132,2.73201978322,92.4437332153,-0.318301013486,0.0859029241216,-0.052922337182,1.48412641228,0.344762182077,-0.0310631109547,0.0648106882882,100.0
11.550369,-0.922305948716,-0.17602429541,0.529606867017,-0.0494708804093,-0.240067993304,1.16582539879,2.73163628803,92.4437332153,-0.319451499077,0.0862864193186,-0.0525388419851,1.48412641228,0.345529172471,-0.0322135965456,0.0655776786821,100.0
11.560366,-0.922305948716,-0.175257305016,0.52922337182,-0.0506213660002,-0.240067993304,1.1650584084,2.73201978322,92.4437332153,-0.317917518289,0.0866699145155,-0.052922337182,1.48489340267,0.34437868688,-0.0314466061517,0.0644271930912,100.0
11.570363,-0.922305948716,-0.176407790607,0.52922337182,-0.0498543756063,-0.240067993304,1.16582539879,2.73163628803,92.4437332153,-0.31906800388,0.0866699145155,-0.0521553467881,1.48412641228,0.344762182077,-0.0322135965456,0.0655776786821,100.0
11.580365,-0.922305948716,-0.174873809819,0.52922337182,-0.0506213660002,-0.240067993304,1.1650584084,2.73201978322,92.4437332153,-0.318301013486,0.0870534097125,-0.052922337182,1.48374291708,0.345145677274,-0.0322135965456,0.0655776786821,100.0
11.590369,-0.922689443913,-0.17602429541,0.52922337182,-0.0490873852123,-0.240451488501,1.16582539879,2.73201978322,92.4437332153,-0.318301013486,0.0882038953034,-0.0521553467881,1.48450990748,0.34437868688,-0.0318301013486,0.0644271930912,100.0
11.600372,-0.921922453519,-0.175257305016,0.529990362214,-0.0487038900154,-0.239684498107,1.1654419036,2.73163628803,92.4437332153,-0.318684508683,0.0862864193186,-0.0521553467881,1.48374291708,0.344762182077,-0.0306796157577,0.0651941834851,100.0
11.610367,-0.922305948716,-0.175257305016,0.529606867017,-0.0494708804093,-0.239684498107,1.16582539879,2.73163628803,92.4437332153,-0.317917518289,0.0862864193186,-0.052922337182,1.48412641228,0.345145677274,-0.0318301013486,0.0648106882882,100.0
11.620363,-0.922305948716,-0.17602429541,0.528839876623,-0.0490873852123,-0.240451488501,1.1650584084,2.73201978322,92.4437332153,-0.318301013486,0.0866699145155,-0.053305832379,1.48412641228,0.34437868688,-0.0314466061517,0.0655776786821,100.0
11.630389,-0.922689443913,-0.175257305016,0.52922337182,-0.0487038900154,-0.240067993304,1.1654419036,2.73240327842,92.4437332153,-0.317917518289,0.0878204001064,-0.0525388419851,1.48450990748,0.34437868688,-0.0314466061517,0.0648106882882,100.0
11.640371,-0.922689443913,-0.175640800213,0.52922337182,-0.0490873852123,-0.239684498107,1.1654419036,2.73201978322,92.4437332153,-0.317917518289,0.0862864193186,-0.0521553467881,1.48374291708,0.344762182077,-0.0314466061517,0.0651941834851,100.0
11.650365,-0.922305948716,-0.175257305016,0.529606867017,-0.0487038900154,-0.239684498107,1.16582539879,2.73163628803,92.4437332153,-0.318301013486,0.0866699145155,-0.0525388419851,1.48412641228,0.344762182077,-0.0318301013486,0.0644271930912,100.0
11.660367,-0.921538958322,-0.175257305016,0.529990362214,-0.0487038900154,-0.240067993304,1.1646749132,2.73125279283,92.4437332153,-0.318301013486,0.0874369049095,-0.0525388419851,1.48450990748,0.34437868688,-0.0310631109547,0.066344669076,100.0
11.670365,-0.921922453519,-0.17602429541,0.52922337182,-0.0494708804093,-0.240451488501,1.1646749132,2.73201978322,92.4437332153,-0.317534023092,0.0874369049095,-0.0521553467881,1.48412641228,0.344762182077,-0.0318301013486,0.0644271930912,100.0
11.680364,-0.922689443913,-0.175257305016,0.528839876623,-0.0490873852123,-0.240451488501,1.16429141801,2.73201978322,92.4437332153,-0.317917518289,0.0874369049095,-0.0521553467881,1.48412641228,0.344762182077,-0.0322135965456,0.0648106882882,100.0
11.690370,-0.921922453519,-0.174873809819,0.52922337182,-0.0483203948184,-0.240451488501,1.1650584084,2.73125279283,92.4437332153,-0.318301013486,0.0874369049095,-0.052922337182,1.48374291708,0.34437868688,-0.0318301013486,0.0659611738791,100.0
11.700370,-0.922689443913,-0.175257305016,0.529606867017,-0.0487038900154,-0.240067993304,1.1650584084,2.73125279283,92.4437332153,-0.317917518289,0.0870534097125,-0.0521553467881,1.48412641228,0.343995191683,-0.0314466061517,0.066344669076,100.0
11.710371,-0.921922453519,-0.175640800213,0.528839876623,-0.0483203948184,-0.239684498107,1.1650584084,2.73240327842,92.4437332153,-0.318684508683,0.0866699145155,-0.0517718515911,1.48527689787,0.345145677274,-0.0314466061517,0.0651941834851,100.0
11.720366,-0.922689443913,-0.17602429541,0.52922337182,-0.0483203948184,-0.239684498107,1.1654419036,2.73163628803,92.4437332153,-0.318684508683,0.0870534097125,-0.0521553467881,1.48412641228,0.343995191683,-0.0318301013486,0.0640436978942,100.0
11.730364,-0.922305948716,-0.175257305016,0.52922337182,-0.0494708804093,-0.240067993304,1.1646749132,2.73163628803,92.4437332153,-0.319451499077,0.0870534097125,-0.0517718515911,1.48374291708,0.34437868688,-0.0322135965456,0.0651941834851,100.0
11.740370,-0.921922453519,-0.174873809819,0.529990362214,-0.0483203948184,-0.23930100291,1.1650584084,2.73163628803,92.4437332153,-0.318684508683,0.0870534097125,-0.0521553467881,1.48412641228,0.34437868688,-0.0318301013486,0.0659611738791,100.0
11.750368,-0.921922453519,-0.17602429541,0.529606867017,-0.0490873852123,-0.240067993304,1.1650584084,2.73201978322,92.4437332153,-0.318684508683,0.0862864193186,-0.0525388419851,1.48450990748,0.344762182077,-0.0314466061517,0.0648106882882,100.0
11.760368,-0.922689443913,-0.17602429541,0.529606867017,-0.0490873852123,-0.240451488501,1.1650584084,2.73125279283,92.4437332153,-0.318301013486,0.0874369049095,-0.0517718515911,1.48489340267,0.345145677274,-0.0314466061517,0.0659611738791,100.0
11.770368,-0.921922453519,-0.17602429541,0.529606867017,-0.0487038900154,-0.240067993304,1.1654419036,2.73125279283,92.4437332153,-0.318301013486,0.0866699145155,-0.0521553467881,1.48450990748,0.344762182077,-0.0318301013486,0.0655776786821,100.0
11.780368,-0.922305948716,-0.17602429541,0.529990362214,-0.0479368996214,-0.240451488501,1.1650584084,2.73240327842,92.4437332153,-0.318301013486,0.0866699145155,-0.0521553467881,1.48412641228,0.345145677274,-0.0314466061517,0.0651941834851,100.0
11.790368,-0.922305948716,-0.175257305016,0.530373857411,-0.0483203948184,-0.239684498107,1.1650584084,2.73125279283,92.4437332153,-0.318301013486,0.0878204001064,-0.0517718515911,1.48412641228,0.34437868688,-0.0318301013486,0.0655776786821,100.0
11.800370,-0.922305948716,-0.17602429541,0.529990362214,-0.0487038900154,-0.239684498107,1.1650584084,2.73201978322,92.4437332153,-0.318684508683,0.0874369049095,-0.0517718515911,1.48335942189,0.344762182077,-0.0322135965456,0.0651941834851,100.0
11.810368,-0.921538958322,-0.176407790607,0.529606867017,-0.0490873852123,-0.241601974092,1.1650584084,2.73201978322,92.4437332153,-0.318301013486,0.0878204001064,-0.0521553467881,1.48374291708,0.344762182077,-0.0314466061517,0.0655776786821,100.0
11.820367,-0.922689443913,-0.175640800213,0.529990362214,-0.0483203948184,-0.239684498107,1.1650584084,2.73201978322,92.4437332153,-0.318301013486,0.0874369049095,-0.0521553467881,1.48450990748,0.34437868688,-0.0322135965456,0.0651941834851,100.0
11.830365,-0.922689443913,-0.17602429541,0.529606867017,-0.0487038900154,-0.239684498107,1.16429141801,2.73125279283,92.4437332153,-0.318301013486,0.0862864193186,-0.0521553467881,1.48374291708,0.34437868688,-0.0318301013486,0.0659611738791,100.0
11.840369,-0.922305948716,-0.175640800213,0.530373857411,-0.0490873852123,-0.240067993304,1.1646749132,2.73201978322,92.4437332153,-0.318301013486,0.0866699145155,-0.0521553467881,1.48297592669,0.344762182077,-0.0325970917426,0.0651941834851,100.0
11.850368,-0.921922453519,-0.175640800213,0.529606867017,-0.0494708804093,-0.240451488501,1.1646749132,2.73163628803,92.4437332153,-0.318301013486,0.0862864193186,-0.052922337182,1.48450990748,0.344762182077,-0.0325970917426,0.0648106882882,100.0
11.860367,-0.922305948716,-0.176407790607,0.529990362214,-0.0502378708032,-0.240067993304,1.16582539879,2.73201978322,92.4437332153,-0.318684508683,0.0870534097125,-0.0521553467881,1.48374291708,0.344762182077,-0.0314466061517,0.0651941834851,100.0
11.870367,-0.921538958322,-0.176407790607,0.529606867017,-0.0490873852123,-0.240451488501,1.16582539879,2.73163628803,92.4437332153,-0.318684508683,0.0866699145155,-0.0525388419851,1.48412641228,0.344762182077,-0.0314466061517,0.0655776786821,100.0
11.880381,-0.921922453519,-0.175640800213,0.529606867017,-0.0475534044244,-0.240067993304,1.1654419036,2.73163628803,92.4437332153,-0.318301013486,0.0870534097125,-0.0521553467881,1.48374291708,0.344762182077,-0.0318301013486,0.0655776786821,100.0
11.890441,-0.922689443913,-0.176407790607,0.528839876623,-0.0483203948184,-0.240451488501,1.16582539879,2.73125279283,92.4437332153,-0.317917518289,0.0870534097125,-0.0525388419851,1.48374291708,0.344762182077,-0.0318301013486,0.0655776786821,100.0
11.900384,-0.921922453519,-0.17602429541,0.529990362214,-0.0487038900154,-0.239684498107,1.16620889399,2.73163628803,92.4437332153,-0.317917518289,0.0878204001064,-0.0521553467881,1.48450990748,0.344762182077,-0.0318301013486,0.0655776786821,100.0
11.910367,-0.921538958322,-0.175640800213,0.529606867017,-0.0483203948184,-0.240067993304,1.16582539879,2.73201978322,92.4437332153,-0.318301013486,0.0862864193186,-0.0517718515911,1.48412641228,0.34437868688,-0.0310631109547,0.0655776786821,100.0
11.920366,-0.921922453519,-0.17602429541,0.530757352608,-0.0487038900154,-0.239684498107,1.16620889399,2.73201978322,92.4437332153,-0.317534023092,0.0874369049095,-0.0513883563942,1.48374291708,0.34437868688,-0.0318301013486,0.0651941834851,100.0
11.930366,-0.921538958322,-0.175640800213,0.529990362214,-0.0483203948184,-0.238534012516,1.16659238919,2.73201978322,92.4437332153,-0.318301013486,0.0866699145155,-0.0525388419851,1.48297592669,0.343995191683,-0.0310631109547,0.0648106882882,100.0
11.940439,-0.921538958322,-0.175640800213,0.530757352608,-0.0487038900154,-0.238534012516,1.16697588438,2.73278677362,92.4437332153,-0.317917518289,0.0870534097125,-0.0525388419851,1.48374291708,0.345145677274,-0.0310631109547,0.0659611738791,100.0
11.950386,-0.921922453519,-0.175640800213,0.529990362214,-0.0475534044244,-0.238534012516,1.16620889399,2.73125279283,92.4437332153,-0.317917518289,0.0878204001064,-0.0525388419851,1.48374291708,0.345145677274,-0.0314466061517,0.0659611738791,100.0
11.960367,-0.921155463125,-0.174873809819,0.530373857411,-0.0479368996214,-0.23930100291,1.16620889399,2.73240327842,92.4437332153,-0.318684508683,0.0874369049095,-0.0517718515911,1.48412641228,0.344762182077,-0.0318301013486,0.0651941834851,100.0
11.970382,-0.920771967928,-0.17602429541,0.529990362214,-0.0471699092275,-0.238534012516,1.1654419036,2.73125279283,92.4437332153,-0.318684508683,0.0866699145155,-0.0513883563942,1.48374291708,0.344762182077,-0.0318301013486,0.0648106882882,100.0
11.980380,-0.920388472731,-0.17602429541,0.52922337182,-0.0479368996214,-0.238534012516,1.1654419036,2.73278677362,92.4437332153,-0.318684508683,0.0862864193186,-0.0517718515911,1.48450990748,0.344762182077,-0.0310631109547,0.0655776786821,100.0
11.990365,-0.920771967928,-0.17602429541,0.530757352608,-0.0475534044244,-0.238534012516,1.1654419036,2.73201978322,92.4437332153,-0.318684508683,0.0874369049095,-0.0525388419851,1.48450990748,0.344762182077,-0.0318301013486,0.0651941834851,100.0
12.000369,-0.920771967928,-0.175257305016,0.530757352608,-0.0471699092275,-0.238917507713,1.1650584084,2.73240327842,92.4437332153,-0.317150527895,0.0866699145155,-0.052922337182,1.48412641228,0.344762182077,-0.0318301013486,0.0655776786821,100.0
12.010367,-0.920388472731,-0.175640800213,0.529990362214,-0.0475534044244,-0.238534012516,1.1650584084,2.73125279283,92.4437332153,-0.317534023092,0.0874369049095,-0.052922337182,1.48374291708,0.345145677274,-0.0318301013486,0.0651941834851,100.0
12.020366,-0.91923798714,-0.175640800213,0.530373857411,-0.0479368996214,-0.238917507713,1.1646749132,2.73163628803,92.4437332153,-0.31906800388,0.0870534097125,-0.0521553467881,1.48374291708,0.344762182077,-0.0325970917426,0.0655776786821,100.0
12.030365,-0.920004977534,-0.175640800213,0.529990362214,-0.0483203948184,-0.238917507713,1.1654419036,2.73201978322,92.4437332153,-0.318301013486,0.0874369049095,-0.0517718515911,1.48450990748,0.344762182077,-0.0322135965456,0.0651941834851,100.0
12.040365,-0.919621482337,-0.17602429541,0.530373857411,-0.0475534044244,-0.238150517319,1.1650584084,2.73201978322,92.4437332153,-0.317917518289,0.0862864193186,-0.053305832379,1.48335942189,0.344762182077,-0.0325970917426,0.0651941834851,100.0
12.050364,-0.91923798714,-0.17602429541,0.529990362214,-0.0483203948184,-0.238534012516,1.16390792281,2.73163628803,92.4437332153,-0.317917518289,0.0866699145155,-0.0517718515911,1.48412641228,0.345529172471,-0.0322135965456,0.0655776786821,100.0
12.060365,-0.920388472731,-0.17602429541,0.530373857411,-0.0487038900154,-0.238917507713,1.16429141801,2.73201978322,92.4437332153,-0.317917518289,0.0866699145155,-0.0517718515911,1.48412641228,0.34437868688,-0.0314466061517,0.0655776786821,100.0
12.070365,-0.919621482337,-0.175257305016,0.530757352608,-0.0483203948184,-0.238917507713,1.16429141801,2.73201978322,92.4437332153,-0.318301013486,0.0870534097125,-0.0525388419851,1.48412641228,0.345145677274,-0.0318301013486,0.0651941834851,100.0
12.080367,-0.920004977534,-0.176407790607,0.530757352608,-0.0471699092275,-0.238917507713,1.16429141801,2.73163628803,92.4437332153,-0.318301013486,0.0862864193186,-0.0521553467881,1.48450990748,0.344762182077,-0.0318301013486,0.0648106882882,100.0
12.090363,-0.920004977534,-0.176407790607,0.531140847805,-0.0475534044244,-0.238534012516,1.16390792281,2.73163628803,92.4437332153,-0.318301013486,0.0870534097125,-0.0525388419851,1.48335942189,0.345529172471,-0.0314466061517,0.0648106882882,100.0
12.100368,-0.920004977534,-0.176407790607,0.529990362214,-0.0483203948184,-0.238917507713,1.16352442761,2.73163628803,92.4437332153,-0.317917518289,0.0862864193186,-0.0521553467881,1.48412641228,0.343995191683,-0.0322135965456,0.0651941834851,100.0
12.110366,-0.920004977534,-0.176407790607,0.529606867017,-0.0475534044244,-0.238917507713,1.16390792281,2.73201978322,92.4437332153,-0.318301013486,0.0870534097125,-0.0517718515911,1.48412641228,0.345145677274,-0.0322135965456,0.0644271930912,100.0
12.120367,-0.920388472731,-0.17602429541,0.529990362214,-0.0479368996214,-0.238917507713,1.16390792281,2.73125279283,92.4437332153,-0.318301013486,0.0870534097125,-0.0521553467881,1.48374291708,0.345145677274,-0.0322135965456,0.0651941834851,100.0
12.130364,-0.920004977534,-0.17602429541,0.529990362214,-0.0479368996214,-0.238917507713,1.1646749132,2.73201978322,92.4437332153,-0.317917518289,0.0870534097125,-0.0510048611972,1.48412641228,0.343611696486,-0.0318301013486,0.0651941834851,100.0
12.140368,-0.919621482337,-0.176791285804,0.530757352608,-0.0483203948184,-0.239684498107,1.16429141801,2.73240327842,92.4437332153,-0.31906800388,0.0878204001064,-0.052922337182,1.48374291708,0.344762182077,-0.0314466061517,0.0651941834851,100.0
12.150367,-0.920388472731,-0.176407790607,0.529990362214,-0.0475534044244,-0.23930100291,1.1650584084,2.73163628803,92.4437332153,-0.318301013486,0.0870534097125,-0.052922337182,1.48450990748,0.344762182077,-0.0310631109547,0.0655776786821,100.0
12.160369,-0.920388472731,-0.176791285804,0.530373857411,-0.0479368996214,-0.23930100291,1.1650584084,2.73240327842,92.4437332153,-0.318684508683,0.0859029241216,-0.0525388419851,1.48412641228,0.345145677274,-0.0314466061517,0.0648106882882,100.0
12.170369,-0.920388472731,-0.177174781001,0.530757352608,-0.0487038900154,-0.238534012516,1.1650584084,2.73278677362,92.4437332153,-0.317917518289,0.0874369049095,-0.052922337182,1.48412641228,0.344762182077,-0.0314466061517,0.0651941834851,100.0
12.180365,-0.920388472731,-0.177174781001,0.530373857411,-0.0483203948184,-0.23930100291,1.1646749132,2.73086929763,92.4437332153,-0.318301013486,0.0870534097125,-0.0517718515911,1.48450990748,0.344762182077,-0.0318301013486,0.0648106882882,100.0
12.190369,-0.920004977534,-0.177174781001,0.529990362214,-0.0483203948184,-0.23930100291,1.1654419036,2.73201978322,92.4437332153,-0.317534023092,0.0859029241216,-0.0517718515911,1.48412641228,0.344762182077,-0.0318301013486,0.0651941834851,100.0
12.200368,-0.921155463125,-0.177174781001,0.530757352608,-0.0487038900154,-0.23930100291,1.1650584084,2.73163628803,92.4437332153,-0.318684508683,0.0862864193186,-0.052922337182,1.48374291708,0.34437868688,-0.0322135965456,0.0651941834851,100.0
12.210366,-0.921538958322,-0.176791285804,0.530757352608,-0.0479368996214,-0.23930100291,1.1650584084,2.73163628803,92.4437332153,-0.318684508683,0.0866699145155,-0.0525388419851,1.48412641228,0.345145677274,-0.0322135965456,0.0648106882882,100.0
12.220365,-0.920771967928,-0.177174781001,0.530373857411,-0.0490873852123,-0.23930100291,1.1650584084,2.73163628803,92.4437332153,-0.318684508683,0.0870534097125,-0.0525388419851,1.48450990748,0.34437868688,-0.0318301013486,0.0651941834851,100.0
12.230364,-0.920771967928,-0.177174781001,0.529606867017,-0.0471699092275,-0.238917507713,1.16429141801,2.73201978322,92.4437332153,-0.317534023092,0.0874369049095,-0.0521553467881,1.48374291708,0.345145677274,-0.0322135965456,0.0651941834851,100.0
12.240369,-0.920388472731,-0.177174781001,0.530757352608,-0.0475534044244,-0.238917507713,1.1646749132,2.73240327842,92.4437332153,-0.318301013486,0.0866699145155,-0.0525388419851,1.48450990748,0.344762182077,-0.0318301013486,0.0640436978942,100.0
12.250365,-0.921538958322,-0.177174781001,0.529990362214,-0.0475534044244,-0.238534012516,1.1650584084,2.73201978322,92.4437332153,-0.317917518289,0.0874369049095,-0.0521553467881,1.48412641228,0.34437868688,-0.0314466061517,0.0655776786821,100.0
12.260365,-0.920771967928,-0.177174781001,0.530373857411,-0.0479368996214,-0.238917507713,1.1646749132,2.73163628803,92.4437332153,-0.318301013486,0.0874369049095,-0.0521553467881,1.48412641228,0.344762182077,-0.0314466061517,0.0651941834851,100.0
12.270365,-0.921155463125,-0.177174781001,0.530373857411,-0.0483203948184,-0.238534012516,1.1650584084,2.73086929763,92.4437332153,-0.318301013486,0.0874369049095,-0.053305832379,1.48335942189,0.345145677274,-0.0318301013486,0.0659611738791,100.0
12.280366,-0.920388472731,-0.177941771395,0.530757352608,-0.0487038900154,-0.238534012516,1.1646749132,2.73201978322,92.4437332153,-0.318684508683,0.0866699145155,-0.0517718515911,1.48335942189,0.345145677274,-0.0322135965456,0.0659611738791,100.0
12.290364,-0.921155463125,-0.177558276198,0.531524343002,-0.0479368996214,-0.23930100291,1.16390792281,2.73201978322,92.4437332153,-0.318684508683,0.0878204001064,-0.053305832379,1.48374291708,0.344762182077,-0.0322135965456,0.0651941834851,100.0
12.300367,-0.920388472731,-0.177174781001,0.529990362214,-0.0475534044244,-0.238150517319,1.16352442761,2.73201978322,92.4437332153,-0.31906800388,0.0874369049095,-0.0521553467881,1.48335942189,0.34437868688,-0.0314466061517,0.0651941834851,100.0
12.310365,-0.920004977534,-0.177174781001,0.529990362214,-0.0471699092275,-0.238917507713,1.16314093241,2.73163628803,92.4437332153,-0.318684508683,0.0874369049095,-0.0517718515911,1.48412641228,0.344762182077,-0.0310631109547,0.0651941834851,100.0
12.320365,-0.920771967928,-0.177558276198,0.529990362214,-0.0479368996214,-0.238534012516,1.16429141801,2.73163628803,92.4437332153,-0.318684508683,0.0874369049095,-0.0517718515911,1.48450990748,0.345529172471,-0.0318301013486,0.0655776786821,100.0
12.330363,-0.920771967928,-0.177558276198,0.530373857411,-0.0479368996214,-0.238534012516,1.16352442761,2.73201978322,92.4437332153,-0.31906800388,0.0862864193186,-0.0517718515911,1.48374291708,0.345145677274,-0.0318301013486,0.0659611738791,100.0
12.340367,-0.920771967928,-0.177558276198,0.530757352608,-0.0483203948184,-0.238150517319,1.16429141801,2.73201978322,92.4437332153,-0.318301013486,0.0870534097125,-0.0517718515911,1.48450990748,0.345145677274,-0.0318301013486,0.0659611738791,100.0
12.350368,-0.921155463125,-0.177174781001,0.530373857411,-0.0479368996214,-0.23930100291,1.16352442761,2.73201978322,92.4437332153,-0.317534023092,0.0870534097125,-0.0525388419851,1.48335942189,0.34437868688,-0.0322135965456,0.0655776786821,100.0
12.360366,-0.920771967928,-0.177174781001,0.529990362214,-0.0479368996214,-0.238917507713,1.16390792281,2.73240327842,92.4437332153,-0.318301013486,0.0862864193186,-0.0521553467881,1.48335942189,0.344762182077,-0.0322135965456,0.0648106882882,100.0
12.370363,-0.920004977534,-0.177941771395,0.530373857411,-0.0471699092275,-0.238917507713,1.16390792281,2.73163628803,92.4437332153,-0.318684508683,0.0862864193186,-0.0521553467881,1.48335942189,0.345145677274,-0.0325970917426,0.0651941834851,100.0
12.380366,-0.920388472731,-0.177558276198,0.530373857411,-0.0490873852123,-0.238917507713,1.16429141801,2.73163628803,92.4437332153,-0.318301013486,0.0870534097125,-0.0517718515911,1.48412641228,0.345145677274,-0.0314466061517,0.0648106882882,100.0
12.390365,-0.921155463125,-0.177174781001,0.530757352608,-0.0479368996214,-0.238534012516,1.16352442761,2.73086929763,92.4437332153,-0.318684508683,0.0866699145155,-0.0525388419851,1.48374291708,0.34437868688,-0.0322135965456,0.0644271930912,100.0
12.400364,-0.920771967928,-0.177174781001,0.530757352608,-0.0490873852123,-0.23930100291,1.16429141801,2.73278677362,92.4437332153,-0.318684508683,0.0870534097125,-0.0517718515911,1.48450990748,0.344762182077,-0.0322135965456,0.0651941834851,100.0
12.410364,-0.920771967928,-0.176791285804,0.530757352608,-0.0479368996214,-0.238917507713,1.16352442761,2.73240327842,92.4437332153,-0.318301013486,0.0870534097125,-0.0525388419851,1.48450990748,0.344762182077,-0.0314466061517,0.0651941834851,100.0
12.420364,-0.920771967928,-0.177558276198,0.530757352608,-0.0471699092275,-0.238150517319,1.16352442761,2.73201978322,92.4437332153,-0.317917518289,0.0866699145155,-0.0521553467881,1.48374291708,0.345145677274,-0.0314466061517,0.066344669076,100.0
12.430488,-0.920771967928,-0.176407790607,0.530373857411,-0.0475534044244,-0.23930100291,1.16352442761,2.73201978322,92.4437332153,-0.317917518289,0.0885873905004,-0.0525388419851,1.48374291708,0.34437868688,-0.0314466061517,0.0648106882882,100.0
12.440465,-0.920388472731,-0.177558276198,0.530373857411,-0.0475534044244,-0.238150517319,1.16390792281,2.73125279283,92.4437332153,-0.317917518289,0.0866699145155,-0.0517718515911,1.48450990748,0.344762182077,-0.0325970917426,0.0655776786821,100.0
12.450442,-0.920771967928,-0.177174781001,0.530373857411,-0.0471699092275,-0.238534012516,1.16352442761,2.73240327842,92.4437332153,-0.318301013486,0.0870534097125,-0.0525388419851,1.48374291708,0.345145677274,-0.0310631109547,0.0655776786821,100.0
12.460460,-0.920388472731,-0.176791285804,0.530373857411,-0.0467864140305,-0.238917507713,1.16314093241,2.73201978322,92.4437332153,-0.318684508683,0.0870534097125,-0.0525388419851,1.48335942189,0.344762182077,-0.0310631109547,0.0651941834851,100.0
12.470481,-0.920771967928,-0.177174781001,0.530373857411,-0.0479368996214,-0.238150517319,1.16429141801,2.73240327842,91.8006439209,-0.318301013486,0.0874369049095,-0.0521553467881,1.48297592669,0.344762182077,-0.0314466061517,0.0651941834851,100.0
12.480458,-0.919621482337,-0.176791285804,0.530757352608,-0.0471699092275,-0.238150517319,1.16314093241,2.73125279283,90.675239563,-0.318301013486,0.0866699145155,-0.0517718515911,1.48412641228,0.344762182077,-0.0318301013486,0.0651941834851,100.0
12.490446,-0.919621482337,-0.176791285804,0.529990362214,-0.0471699092275,-0.238534012516,1.16390792281,2.73048580244,89.067527771,-0.318684508683,0.0866699145155,-0.0517718515911,1.48450990748,0.344762182077,-0.0314466061517,0.0648106882882,100.0
12.500457,-0.920388472731,-0.17602429541,0.530373857411,-0.0487038900154,-0.237767022122,1.16352442761,2.73010230724,86.8167190552,-0.318684508683,0.0866699145155,-0.0521553467881,1.48335942189,0.344762182077,-0.0322135965456,0.0644271930912,100.0
12.510463,-0.920771967928,-0.176791285804,0.530373857411,-0.0475534044244,-0.237767022122,1.16352442761,2.73010230724,84.2443695068,-0.317917518289,0.0878204001064,-0.0513883563942,1.48412641228,0.344762182077,-0.0325970917426,0.0651941834851,100.0
12.520459,-0.920004977534,-0.17602429541,0.530373857411,-0.0487038900154,-0.237000031728,1.16352442761,2.72895182165,81.6720275879,-0.317534023092,0.0882038953034,-0.052922337182,1.48374291708,0.344762182077,-0.0314466061517,0.0651941834851,100.0
12.530461,-0.918854491943,-0.177174781001,0.530757352608,-0.0471699092275,-0.237767022122,1.16429141801,2.72971881204,78.9389038086,-0.318301013486,0.0866699145155,-0.0510048611972,1.48374291708,0.34437868688,-0.0314466061517,0.0655776786821,100.0
12.540468,-0.920771967928,-0.176791285804,0.530373857411,-0.0471699092275,-0.237383526925,1.1646749132,2.73010230724,75.0803833008,-0.318684508683,0.0870534097125,-0.0513883563942,1.48374291708,0.34437868688,-0.0314466061517,0.0651941834851,100.0
12.550461,-0.91923798714,-0.176791285804,0.530757352608,-0.0475534044244,-0.237383526925,1.1650584084,2.72971881204,71.221862793,-0.318684508683,0.0878204001064,-0.0521553467881,1.48335942189,0.344762182077,-0.0314466061517,0.0648106882882,100.0
12.560462,-0.920004977534,-0.176791285804,0.530373857411,-0.0475534044244,-0.237383526925,1.1646749132,2.72971881204,67.6848907471,-0.318301013486,0.0866699145155,-0.0525388419851,1.48374291708,0.34437868688,-0.0314466061517,0.0651941834851,100.0
12.570461,-0.920004977534,-0.176791285804,0.529990362214,-0.0471699092275,-0.237383526925,1.1646749132,2.73086929763,64.4694519043,-0.31906800388,0.0866699145155,-0.0525388419851,1.48412641228,0.34437868688,-0.0314466061517,0.0648106882882,100.0
12.580443,-0.920388472731,-0.176407790607,0.531140847805,-0.0471699092275,-0.237000031728,1.16429141801,2.72971881204,61.09324646,-0.318684508683,0.0870534097125,-0.0521553467881,1.48412641228,0.344762182077,-0.0314466061517,0.0651941834851,100.0
12.590451,-0.920004977534,-0.176407790607,0.530757352608,-0.0479368996214,-0.236616536531,1.16429141801,2.72971881204,57.7170410156,-0.318301013486,0.0859029241216,-0.0521553467881,1.48335942189,0.34437868688,-0.0318301013486,0.0659611738791,100.0
12.600443,-0.919621482337,-0.17602429541,0.529990362214,-0.0483203948184,-0.236616536531,1.16429141801,2.72971881204,54.3408355713,-0.318684508683,0.0874369049095,-0.052922337182,1.48412641228,0.345145677274,-0.0306796157577,0.0648106882882,100.0
12.610446,-0.920388472731,-0.177558276198,0.530757352608,-0.0479368996214,-0.237000031728,1.16429141801,2.73010230724,51.1254005432,-0.317917518289,0.0866699145155,-0.0513883563942,1.48489340267,0.345145677274,-0.0318301013486,0.0651941834851,100.0
12.620369,-0.920004977534,-0.175640800213,0.530373857411,-0.0494708804093,-0.237383526925,1.16390792281,2.72971881204,47.7491950989,-0.31906800388,0.0866699145155,-0.0525388419851,1.48450990748,0.34437868688,-0.0314466061517,0.0651941834851,100.0
12.630367,-0.920388472731,-0.177558276198,0.531140847805,-0.0483203948184,-0.236233041334,1.16314093241,2.72971881204,47.7491950989,-0.318684508683,0.0870534097125,-0.0521553467881,1.48450990748,0.345145677274,-0.0322135965456,0.0651941834851,100.0
12.640370,-0.920771967928,-0.176407790607,0.529990362214,-0.0471699092275,-0.237383526925,1.16352442761,2.73086929763,47.7491950989,-0.318301013486,0.0862864193186,-0.0513883563942,1.48374291708,0.344762182077,-0.0322135965456,0.0651941834851,100.0
12.650366,-0.920771967928,-0.176407790607,0.530373857411,-0.0483203948184,-0.237000031728,1.16314093241,2.72971881204,47.7491950989,-0.317917518289,0.0859029241216,-0.052922337182,1.48335942189,0.34437868688,-0.0318301013486,0.0651941834851,100.0
12.660364,-0.920004977534,-0.177174781001,0.530373857411,-0.0471699092275,-0.237767022122,1.1646749132,2.72971881204,47.7491950989,-0.318301013486,0.0870534097125,-0.0521553467881,1.48374291708,0.34437868688,-0.0318301013486,0.0651941834851,100.0
12.670368,-0.91923798714,-0.176407790607,0.530373857411,-0.0471699092275,-0.236616536531,1.16352442761,2.72971881204,31.5112533569,-0.317534023092,0.0870534097125,-0.0513883563942,1.48412641228,0.34437868688,-0.0314466061517,0.0655776786821,100.0
12.680368,-0.920771967928,-0.176407790607,0.529990362214,-0.0479368996214,-0.237000031728,1.1646749132,2.72971881204,31.5112533569,-0.318684508683,0.0859029241216,-0.0521553467881,1.48374291708,0.344762182077,-0.0325970917426,0.0651941834851,100.0
12.690366,-0.920771967928,-0.177174781001,0.529990362214,-0.0475534044244,-0.237383526925,1.16429141801,2.73086929763,31.5112533569,-0.317917518289,0.0874369049095,-0.0513883563942,1.48412641228,0.34437868688,-0.0314466061517,0.0651941834851,100.0
12.700367,-0.920004977534,-0.176791285804,0.530757352608,-0.0475534044244,-0.237000031728,1.16314093241,2.72933531685,31.5112533569,-0.317917518289,0.0862864193186,-0.0525388419851,1.48489340267,0.34437868688,-0.0322135965456,0.0648106882882,100.0
12.710373,-0.919621482337,-0.176791285804,0.530373857411,-0.0471699092275,-0.237000031728,1.16390792281,2.72933531685,31.5112533569,-0.318301013486,0.0870534097125,-0.0517718515911,1.48374291708,0.345145677274,-0.0322135965456,0.0651941834851,100.0
12.720371,-0.920388472731,-0.176407790607,0.530757352608,-0.0475534044244,-0.237000031728,1.1646749132,2.73010230724,29.0996780396,-0.317917518289,0.0870534097125,-0.0521553467881,1.48412641228,0.344762182077,-0.0310631109547,0.0648106882882,100.0
12.730370,-0.920004977534,-0.17602429541,0.530757352608,-0.0475534044244,-0.237000031728,1.16390792281,2.73010230724,29.0996780396,-0.318301013486,0.0878204001064,-0.052922337182,1.48450990748,0.345145677274,-0.0314466061517,0.0644271930912,100.0
12.740369,-0.920004977534,-0.176791285804,0.529606867017,-0.0490873852123,-0.236616536531,1.16314093241,2.72971881204,29.0996780396,-0.317917518289,0.0870534097125,-0.0525388419851,1.48374291708,0.34437868688,-0.0322135965456,0.0659611738791,100.0
12.750364,-0.91923798714,-0.176407790607,0.529990362214,-0.0475534044244,-0.237383526925,1.16390792281,2.73010230724,29.0996780396,-0.318684508683,0.0870534097125,-0.0525388419851,1.48412641228,0.34437868688,-0.0322135965456,0.0644271930912,100.0
12.760368,-0.920771967928,-0.176791285804,0.530373857411,-0.0479368996214,-0.236616536531,1.16314093241,2.73010230724,29.0996780396,-0.318301013486,0.0874369049095,-0.052922337182,1.48412641228,0.345145677274,-0.0314466061517,0.0648106882882,100.0
12.770368,-0.920004977534,-0.177558276198,0.530373857411,-0.0471699092275,-0.237000031728,1.16199044682,2.72933531685,29.0996780396,-0.317917518289,0.0866699145155,-0.053305832379,1.48450990748,0.34437868688,-0.0322135965456,0.0648106882882,100.0
12.780372,-0.920004977534,-0.177558276198,0.529990362214,-0.0471699092275,-0.237000031728,1.16390792281,2.73010230724,29.0996780396,-0.318684508683,0.0874369049095,-0.0510048611972,1.48450990748,0.345145677274,-0.0302961205607,0.0651941834851,100.0
12.790371,-0.919621482337,-0.176791285804,0.530373857411,-0.0479368996214,-0.237000031728,1.16237394202,2.73010230724,29.0996780396,-0.318301013486,0.0859029241216,-0.0521553467881,1.48450990748,0.344762182077,-0.0322135965456,0.0651941834851,100.0
12.800508,-0.920004977534,-0.17602429541,0.530373857411,-0.0479368996214,-0.236616536531,1.16314093241,2.73010230724,29.0996780396,-0.317534023092,0.0874369049095,-0.0521553467881,1.48374291708,0.345145677274,-0.0322135965456,0.0648106882882,100.0
12.810372,-0.920388472731,-0.176791285804,0.530373857411,-0.0479368996214,-0.237383526925,1.16390792281,2.73010230724,29.0996780396,-0.318301013486,0.0862864193186,-0.0525388419851,1.48412641228,0.344762182077,-0.0314466061517,0.0651941834851,100.0
12.820370,-0.920388472731,-0.17602429541,0.530373857411,-0.0467864140305,-0.237383526925,1.16352442761,2.73010230724,29.0996780396,-0.318301013486,0.0866699145155,-0.0525388419851,1.48412641228,0.345145677274,-0.0318301013486,0.0648106882882,100.0
12.830367,-0.920771967928,-0.176791285804,0.529990362214,-0.0475534044244,-0.237000031728,1.16352442761,2.73048580244,29.0996780396,-0.318301013486,0.0874369049095,-0.0525388419851,1.48374291708,0.344762182077,-0.0310631109547,0.0651941834851,100.0
12.840368,-0.920388472731,-0.176791285804,0.530373857411,-0.0479368996214,-0.237000031728,1.16390792281,2.72933531685,29.0996780396,-0.318301013486,0.0878204001064,-0.0525388419851,1.48412641228,0.345145677274,-0.0318301013486,0.0651941834851,100.0
12.850472,-0.920388472731,-0.17602429541,0.529990362214,-0.0483203948184,-0.236616536531,1.16390792281,2.72933531685,29.0996780396,-0.317917518289,0.0870534097125,-0.0521553467881,1.48450990748,0.344762182077,-0.0318301013486,0.066344669076,100.0
12.860372,-0.920388472731,-0.177174781001,0.530373857411,-0.0479368996214,-0.237383526925,1.16390792281,2.73010230724,29.0996780396,-0.318684508683,0.0870534097125,-0.052922337182,1.48335942189,0.345529172471,-0.0322135965456,0.0651941834851,100.0
12.870369,-0.920771967928,-0.177174781001,0.529990362214,-0.0475534044244,-0.236616536531,1.16314093241,2.72971881204,29.0996780396,-0.318301013486,0.0874369049095,-0.052922337182,1.48374291708,0.345145677274,-0.0318301013486,0.0640436978942,100.0
12.880370,-0.920771967928,-0.176407790607,0.529990362214,-0.0483203948184,-0.237383526925,1.16352442761,2.72971881204,29.0996780396,-0.31906800388,0.0870534097125,-0.0521553467881,1.48450990748,0.344762182077,-0.0322135965456,0.0640436978942,100.0
12.890367,-0.920004977534,-0.177174781001,0.530757352608,-0.0487038900154,-0.237000031728,1.16352442761,2.72971881204,29.0996780396,-0.317917518289,0.0870534097125,-0.0517718515911,1.48412641228,0.344762182077,-0.0314466061517,0.0655776786821,100.0
12.900367,-0.920388472731,-0.176791285804,0.529990362214,-0.0479368996214,-0.237383526925,1.16390792281,2.72971881204,29.0996780396,-0.31906800388,0.0866699145155,-0.0510048611972,1.48489340267,0.345145677274,-0.0322135965456,0.0651941834851,100.0
12.910370,-0.920388472731,-0.176791285804,0.530373857411,-0.0483203948184,-0.237000031728,1.16390792281,2.73010230724,29.0996780396,-0.318301013486,0.0866699145155,-0.0517718515911,1.48374291708,0.343995191683,-0.0322135965456,0.0644271930912,100.0
12.920367,-0.920004977534,-0.176407790607,0.529990362214,-0.0483203948184,-0.237383526925,1.16429141801,2.72933531685,29.0996780396,-0.317917518289,0.0870534097125,-0.0517718515911,1.48335942189,0.344762182077,-0.0325970917426,0.0648106882882,100.0
12.930364,-0.920004977534,-0.176407790607,0.530373857411,-0.0467864140305,-0.237767022122,1.16390792281,2.73010230724,29.0996780396,-0.318684508683,0.0882038953034,-0.0513883563942,1.48374291708,0.344762182077,-0.0310631109547,0.0648106882882,100.0
12.940365,-0.920004977534,-0.177174781001,0.530373857411,-0.0471699092275,-0.237000031728,1.16429141801,2.73010230724,29.0996780396,-0.318684508683,0.0866699145155,-0.0521553467881,1.48374291708,0.344762182077,-0.0318301013486,0.0651941834851,100.0
12.950366,-0.920388472731,-0.17602429541,0.529990362214,-0.0483203948184,-0.237000031728,1.16390792281,2.72971881204,29.0996780396,-0.31906800388,0.0862864193186,-0.053305832379,1.48412641228,0.344762182077,-0.0314466061517,0.0648106882882,100.0
12.960365,-0.920771967928,-0.177174781001,0.529990362214,-0.0483203948184,-0.237000031728,1.16314093241,2.73048580244,29.0996780396,-0.317150527895,0.0862864193186,-0.0525388419851,1.48412641228,0.345145677274,-0.0314466061517,0.066344669076,100.0
12.970367,-0.920771967928,-0.176791285804,0.530373857411,-0.0471699092275,-0.236616536531,1.16352442761,2.73010230724,29.0996780396,-0.318684508683,0.0866699145155,-0.0525388419851,1.48374291708,0.345145677274,-0.0318301013486,0.0651941834851,100.0
12.980372,-0.920004977534,-0.176791285804,0.531140847805,-0.0483203948184,-0.237000031728,1.16429141801,2.73010230724,29.0996780396,-0.318684508683,0.0870534097125,-0.0525388419851,1.48335942189,0.345529172471,-0.0322135965456,0.0640436978942,100.0
12.990365,-0.920771967928,-0.176407790607,0.529990362214,-0.0471699092275,-0.237000031728,1.16390792281,2.73010230724,29.0996780396,-0.31906800388,0.0882038953034,-0.052922337182,1.48412641228,0.344762182077,-0.0322135965456,0.0648106882882,100.0
13.000366,-0.920771967928,-0.177174781001,0.530757352608,-0.0475534044244,-0.237383526925,1.16352442761,2.72933531685,29.0996780396,-0.317150527895,0.0874369049095,-0.0521553467881,1.48335942189,0.34437868688,-0.0318301013486,0.0651941834851,100.0
13.010376,-0.920388472731,-0.17602429541,0.529990362214,-0.0475534044244,-0.237767022122,1.16390792281,2.72971881204,29.0996780396,-0.318301013486,0.0874369049095,-0.052922337182,1.48412641228,0.34437868688,-0.0322135965456,0.0651941834851,100.0
13.020365,-0.919621482337,-0.17602429541,0.529990362214,-0.0475534044244,-0.237383526925,1.16390792281,2.72971881204,29.0996780396,-0.318684508683,0.0870534097125,-0.0521553467881,1.48374291708,0.344762182077,-0.0322135965456,0.0655776786821,100.0
13.030368,-0.920771967928,-0.176791285804,0.529606867017,-0.0475534044244,-0.237383526925,1.1646749132,2.73010230724,29.0996780396,-0.318684508683,0.0866699145155,-0.0521553467881,1.48335942189,0.34437868688,-0.0314466061517,0.0655776786821,100.0
13.040365,-0.920388472731,-0.177174781001,0.529606867017,-0.0467864140305,-0.237000031728,1.16390792281,2.73010230724,29.0996780396,-0.318301013486,0.0862864193186,-0.0521553467881,1.48412641228,0.34437868688,-0.0318301013486,0.0651941834851,100.0
13.050363,-0.920004977534,-0.176791285804,0.529990362214,-0.0467864140305,-0.237000031728,1.16429141801,2.73086929763,29.0996780396,-0.318684508683,0.0870534097125,-0.0521553467881,1.48374291708,0.345145677274,-0.0318301013486,0.0651941834851,100.0
13.060367,-0.920771967928,-0.176791285804,0.530373857411,-0.0483203948184,-0.237000031728,1.16429141801,2.73010230724,29.0996780396,-0.31906800388,0.0874369049095,-0.0510048611972,1.48374291708,0.345145677274,-0.0314466061517,0.0651941834851,100.0
13.070367,-0.920388472731,-0.176407790607,0.529606867017,-0.0471699092275,-0.237000031728,1.16390792281,2.72933531685,29.0996780396,-0.318684508683,0.0866699145155,-0.0525388419851,1.48374291708,0.343995191683,-0.0318301013486,0.0644271930912,100.0
13.080367,-0.920771967928,-0.176407790607,0.530757352608,-0.0479368996214,-0.237767022122,1.16352442761,2.72933531685,29.0996780396,-0.318301013486,0.0870534097125,-0.0525388419851,1.48412641228,0.345145677274,-0.0318301013486,0.0651941834851,100.0
13.090364,-0.920771967928,-0.176791285804,0.530373857411,-0.0490873852123,-0.237000031728,1.16429141801,2.73010230724,29.0996780396,-0.317917518289,0.0866699145155,-0.052922337182,1.48374291708,0.344762182077,-0.0314466061517,0.0651941834851,100.0
13.100366,-0.920771967928,-0.176407790607,0.530373857411,-0.0471699092275,-0.237767022122,1.1646749132,2.72971881204,29.0996780396,-0.317917518289,0.0870534097125,-0.0521553467881,1.48527689787,0.344762182077,-0.0318301013486,0.0651941834851,100.0
13.110367,-0.921155463125,-0.176791285804,0.529990362214,-0.0471699092275,-0.237383526925,1.1650584084,2.72933531685,29.0996780396,-0.318684508683,0.0862864193186,-0.0517718515911,1.48412641228,0.344762182077,-0.0322135965456,0.0648106882882,100.0
13.120369,-0.920771967928,-0.17602429541,0.529990362214,-0.0471699092275,-0.236616536531,1.16390792281,2.72933531685,29.0996780396,-0.31906800388,0.0862864193186,-0.0525388419851,1.48412641228,0.34437868688,-0.0314466061517,0.0651941834851,100.0
13.130366,-0.920771967928,-0.177174781001,0.530373857411,-0.0475534044244,-0.237383526925,1.16390792281,2.73048580244,29.0996780396,-0.31906800388,0.0866699145155,-0.0517718515911,1.48412641228,0.345145677274,-0.0322135965456,0.0651941834851,100.0
13.140363,-0.920388472731,-0.176791285804,0.529990362214,-0.0483203948184,-0.237000031728,1.16390792281,2.72971881204,29.0996780396,-0.31906800388,0.0866699145155,-0.0521553467881,1.48450990748,0.345145677274,-0.0310631109547,0.0651941834851,100.0
13.150365,-0.920004977534,-0.17602429541,0.530373857411,-0.0471699092275,-0.236233041334,1.16429141801,2.73010230724,29.0996780396,-0.318301013486,0.0874369049095,-0.0521553467881,1.48374291708,0.344762182077,-0.0314466061517,0.0655776786821,100.0
13.160364,-0.920388472731,-0.176407790607,0.529606867017,-0.0471699092275,-0.236616536531,1.16429141801,2.73010230724,29.0996780396,-0.317917518289,0.0859029241216,-0.0517718515911,1.48450990748,0.343995191683,-0.0329805869395,0.0651941834851,100.0
13.170364,-0.921538958322,-0.176407790607,0.530757352608,-0.0475534044244,-0.236616536531,1.1646749132,2.73048580244,29.0996780396,-0.318301013486,0.0874369049095,-0.0510048611972,1.48412641228,0.34437868688,-0.0322135965456,0.0655776786821,100.0
13.180385,-0.920771967928,-0.177174781001,0.530757352608,-0.0475534044244,-0.237000031728,1.16390792281,2.72933531685,29.0996780396,-0.318301013486,0.0878204001064,-0.0521553467881,1.48335942189,0.34437868688,-0.0310631109547,0.0651941834851,100.0
13.190367,-0.920771967928,-0.176407790607,0.529606867017,-0.0475534044244,-0.237000031728,1.1650584084,2.73010230724,29.0996780396,-0.318301013486,0.0874369049095,-0.0521553467881,1.48335942189,0.34437868688,-0.0318301013486,0.0651941834851,100.0
13.200366,-0.920004977534,-0.177558276198,0.529990362214,-0.0475534044244,-0.236616536531,1.16429141801,2.72971881204,29.0996780396,-0.31906800388,0.0870534097125,-0.0521553467881,1.48412641228,0.344762182077,-0.0318301013486,0.0651941834851,100.0
13.210368,-0.920388472731,-0.176791285804,0.529990362214,-0.0471699092275,-0.236616536531,1.1646749132,2.72933531685,29.0996780396,-0.318301013486,0.0870534097125,-0.0517718515911,1.48374291708,0.344762182077,-0.0318301013486,0.0640436978942,100.0
13.220370,-0.920771967928,-0.176791285804,0.530757352608,-0.0475534044244,-0.236233041334,1.1646749132,2.72895182165,29.0996780396,-0.317534023092,0.0870534097125,-0.0521553467881,1.48374291708,0.34437868688,-0.0322135965456,0.0648106882882,100.0
13.230370,-0.920388472731,-0.17602429541,0.530373857411,-0.0475534044244,-0.236616536531,1.1650584084,2.73048580244,29.0996780396,-0.318301013486,0.0870534097125,-0.0521553467881,1.48374291708,0.344762182077,-0.0318301013486,0.0651941834851,100.0
13.240369,-0.920771967928,-0.177174781001,0.529606867017,-0.0479368996214,-0.236233041334,1.16429141801,2.72971881204,29.0996780396,-0.318301013486,0.0874369049095,-0.0510048611972,1.48335942189,0.34437868688,-0.0322135965456,0.0648106882882,100.0
13.250388,-0.920004977534,-0.177174781001,0.529990362214,-0.0483203948184,-0.236233041334,1.16429141801,2.73010230724,29.0996780396,-0.318684508683,0.0870534097125,-0.0513883563942,1.48374291708,0.34437868688,-0.0310631109547,0.0651941834851,100.0
13.260372,-0.920771967928,-0.176407790607,0.529606867017,-0.0487038900154,-0.236616536531,1.16390792281,2.73010230724,29.0996780396,-0.317917518289,0.0862864193186,-0.0517718515911,1.48450990748,0.345145677274,-0.0322135965456,0.0651941834851,100.0
13.270370,-0.920004977534,-0.176407790607,0.530373857411,-0.0479368996214,-0.236616536531,1.16390792281,2.73048580244,29.0996780396,-0.318684508683,0.0870534097125,-0.0517718515911,1.48450990748,0.344762182077,-0.0314466061517,0.0644271930912,100.0
13.280372,-0.920388472731,-0.176791285804,0.529990362214,-0.0475534044244,-0.236616536531,1.16352442761,2.73010230724,29.0996780396,-0.317917518289,0.0866699145155,-0.0525388419851,1.48335942189,0.344762182077,-0.0322135965456,0.0648106882882,100.0
13.290371,-0.920388472731,-0.177558276198,0.529990362214,-0.0487038900154,-0.236233041334,1.16275743722,2.72971881204,29.0996780396,-0.317534023092,0.0870534097125,-0.0521553467881,1.48412641228,0.344762182077,-0.0318301013486,0.0655776786821,100.0
13.300370,-0.920771967928,-0.176791285804,0.529606867017,-0.0479368996214,-0.236233041334,1.16237394202,2.73010230724,29.0996780396,-0.317534023092,0.0874369049095,-0.0521553467881,1.48374291708,0.34437868688,-0.0322135965456,0.0651941834851,100.0
13.310370,-0.919621482337,-0.176791285804,0.530373857411,-0.0483203948184,-0.236233041334,1.16237394202,2.73010230724,29.0996780396,-0.318301013486,0.0859029241216,-0.0517718515911,1.48450990748,0.34437868688,-0.0302961205607,0.0651941834851,100.0
13.320371,-0.920771967928,-0.177558276198,0.529606867017,-0.0487038900154,-0.236616536531,1.16199044682,2.72971881204,29.0996780396,-0.318301013486,0.0862864193186,-0.0521553467881,1.48450990748,0.344762182077,-0.0310631109547,0.0655776786821,100.0
13.330390,-0.920771967928,-0.177558276198,0.530373857411,-0.0490873852123,-0.236233041334,1.16237394202,2.73010230724,29.0996780396,-0.318301013486,0.0862864193186,-0.0517718515911,1.48489340267,0.345529172471,-0.0318301013486,0.0655776786821,100.0
13.340381,-0.920388472731,-0.177558276198,0.530373857411,-0.0487038900154,-0.236616536531,1.16122345643,2.72933531685,29.0996780396,-0.318301013486,0.0874369049095,-0.0521553467881,1.48489340267,0.344762182077,-0.0310631109547,0.0659611738791,100.0
13.350370,-0.921155463125,-0.178325266592,0.529990362214,-0.0490873852123,-0.236233041334,1.16160695163,2.72971881204,29.0996780396,-0.317917518289,0.0862864193186,-0.0521553467881,1.48335942189,0.345145677274,-0.0318301013486,0.0655776786821,100.0
13.360371,-0.920771967928,-0.177941771395,0.529990362214,-0.0490873852123,-0.235849546137,1.16160695163,2.72971881204,29.0996780396,-0.318301013486,0.0874369049095,-0.0521553467881,1.48489340267,0.343995191683,-0.0322135965456,0.0651941834851,100.0
13.370439,-0.921155463125,-0.178708761789,0.529606867017,-0.0494708804093,-0.235849546137,1.16160695163,2.72895182165,29.0996780396,-0.317534023092,0.0870534097125,-0.0525388419851,1.48450990748,0.34437868688,-0.0314466061517,0.0648106882882,100.0
13.380384,-0.920771967928,-0.178708761789,0.529990362214,-0.0483203948184,-0.235849546137,1.15968947564,2.73010230724,29.0996780396,-0.317534023092,0.0874369049095,-0.053305832379,1.48412641228,0.34437868688,-0.0318301013486,0.0659611738791,100.0
13.390370,-0.921155463125,-0.179475752183,0.529606867017,-0.0498543756063,-0.235849546137,1.16007297084,2.73010230724,29.0996780396,-0.319451499077,0.0874369049095,-0.0521553467881,1.48374291708,0.344762182077,-0.0314466061517,0.0651941834851,100.0
13.400371,-0.920004977534,-0.179092256986,0.529990362214,-0.0490873852123,-0.235082555743,1.16007297084,2.72971881204,29.0996780396,-0.318301013486,0.0878204001064,-0.0521553467881,1.48450990748,0.344762182077,-0.0322135965456,0.0655776786821,100.0
13.410370,-0.920004977534,-0.177941771395,0.529606867017,-0.0490873852123,-0.235082555743,1.16045646604,2.73010230724,29.0996780396,-0.318301013486,0.0870534097125,-0.0517718515911,1.48335942189,0.34437868688,-0.0322135965456,0.0659611738791,100.0
13.420386,-0.920004977534,-0.179475752183,0.530373857411,-0.0506213660002,-0.235082555743,1.15853899005,2.73010230724,29.0996780396,-0.317917518289,0.0878204001064,-0.0517718515911,1.48412641228,0.344762182077,-0.0318301013486,0.0651941834851,100.0
13.430366,-0.920771967928,-0.179092256986,0.530757352608,-0.0506213660002,-0.23546605094,1.15853899005,2.72971881204,29.0996780396,-0.317917518289,0.0878204001064,-0.0521553467881,1.48412641228,0.34437868688,-0.0318301013486,0.0644271930912,100.0
13.440366,-0.920004977534,-0.179092256986,0.529990362214,-0.0502378708032,-0.235082555743,1.15777199966,2.72971881204,29.0996780396,-0.318684508683,0.0874369049095,-0.0525388419851,1.48374291708,0.34437868688,-0.0322135965456,0.0655776786821,100.0
13.450367,-0.920388472731,-0.178708761789,0.531524343002,-0.0498543756063,-0.233932070153,1.15700500926,2.73010230724,29.0996780396,-0.317917518289,0.0870534097125,-0.0521553467881,1.48450990748,0.343995191683,-0.0314466061517,0.066344669076,100.0
13.460365,-0.920388472731,-0.180242742577,0.530373857411,-0.0517718515911,-0.233932070153,1.15585452367,2.72971881204,29.0996780396,-0.318684508683,0.0870534097125,-0.0517718515911,1.48489340267,0.344762182077,-0.0318301013486,0.0651941834851,100.0
13.470365,-0.920771967928,-0.179475752183,0.529990362214,-0.0521553467881,-0.233548574956,1.15547102847,2.73010230724,29.0996780396,-0.317917518289,0.0862864193186,-0.0525388419851,1.48489340267,0.344762182077,-0.0314466061517,0.0655776786821,100.0
13.480366,-0.921155463125,-0.180242742577,0.531140847805,-0.053689327576,-0.233932070153,1.15623801887,2.72971881204,29.0996780396,-0.318301013486,0.0866699145155,-0.0513883563942,1.48374291708,0.34437868688,-0.0318301013486,0.0651941834851,100.0
13.490379,-0.920004977534,-0.180626237774,0.530373857411,-0.0513883563942,-0.233165079759,1.15508753328,2.72933531685,29.0996780396,-0.31906800388,0.0870534097125,-0.0521553467881,1.48335942189,0.34437868688,-0.0314466061517,0.0648106882882,100.0
13.500367,-0.91923798714,-0.18100973297,0.530757352608,-0.0513883563942,-0.232781584562,1.15393704769,2.72971881204,29.0996780396,-0.318684508683,0.0866699145155,-0.0517718515911,1.48450990748,0.345145677274,-0.0318301013486,0.0659611738791,100.0
13.510393,-0.920004977534,-0.182160218561,0.529990362214,-0.0525388419851,-0.232014594168,1.15393704769,2.72895182165,29.0996780396,-0.318301013486,0.0874369049095,-0.0521553467881,1.48335942189,0.344762182077,-0.0314466061517,0.0651941834851,100.0
13.520371,-0.920004977534,-0.181776723364,0.530373857411,-0.0517718515911,-0.231247603774,1.1524030669,2.73010230724,29.0996780396,-0.318684508683,0.0862864193186,-0.0513883563942,1.48374291708,0.345145677274,-0.0325970917426,0.0651941834851,100.0
13.530365,-0.920388472731,-0.181776723364,0.530757352608,-0.0525388419851,-0.23048061338,1.1527865621,2.73010230724,29.0996780396,-0.317917518289,0.0866699145155,-0.0521553467881,1.48412641228,0.34437868688,-0.0314466061517,0.0651941834851,100.0
13.540367,-0.919621482337,-0.182927208955,0.530757352608,-0.052922337182,-0.229713622986,1.1524030669,2.73086929763,29.0996780396,-0.318684508683,0.0874369049095,-0.0521553467881,1.48412641228,0.343995191683,-0.0314466061517,0.0655776786821,100.0
13.550365,-0.920004977534,-0.183694199349,0.530373857411,-0.052922337182,-0.229330127789,1.15086908611,2.73010230724,29.0996780396,-0.317917518289,0.0866699145155,-0.0521553467881,1.48374291708,0.34437868688,-0.0314466061517,0.0655776786821,100.0
13.560368,-0.920004977534,-0.183694199349,0.531524343002,-0.0517718515911,-0.227796147001,1.1516360765,2.73086929763,29.0996780396,-0.317917518289,0.0859029241216,-0.0521553467881,1.48374291708,0.344762182077,-0.0314466061517,0.0651941834851,100.0
13.570366,-0.920004977534,-0.185228180137,0.530373857411,-0.053689327576,-0.227796147001,1.1516360765,2.72971881204,29.0996780396,-0.317917518289,0.0870534097125,-0.0510048611972,1.48374291708,0.344762182077,-0.0318301013486,0.0659611738791,100.0
13.580362,-0.918854491943,-0.185995170531,0.531140847805,-0.0517718515911,-0.228179642198,1.15125258131,2.73010230724,29.0996780396,-0.318301013486,0.0859029241216,-0.0517718515911,1.48412641228,0.344762182077,-0.0318301013486,0.0659611738791,100.0
13.590366,-0.920004977534,-0.186762160925,0.531140847805,-0.054072822773,-0.227029156607,1.1516360765,2.72971881204,29.0996780396,-0.318301013486,0.0870534097125,-0.0513883563942,1.48450990748,0.34437868688,-0.0306796157577,0.0651941834851,100.0
13.600365,-0.920004977534,-0.186378665728,0.530373857411,-0.0525388419851,-0.226262166213,1.15086908611,2.73010230724,29.0996780396,-0.317917518289,0.0862864193186,-0.0513883563942,1.48412641228,0.344762182077,-0.0310631109547,0.0648106882882,100.0
13.610364,-0.918854491943,-0.187912646516,0.531140847805,-0.0521553467881,-0.22664566141,1.15086908611,2.73010230724,29.0996780396,-0.317917518289,0.0866699145155,-0.0521553467881,1.48412641228,0.344762182077,-0.0322135965456,0.0651941834851,100.0
13.620366,-0.920004977534,-0.189830122501,0.531140847805,-0.0525388419851,-0.224728185425,1.1516360765,2.73048580244,29.0996780396,-0.31906800388,0.0878204001064,-0.0525388419851,1.48374291708,0.344762182077,-0.0322135965456,0.0655776786821,100.0
13.630370,-0.91923798714,-0.189446627304,0.531524343002,-0.0544563179699,-0.225111680622,1.1524030669,2.73010230724,29.0996780396,-0.317917518289,0.0862864193186,-0.0521553467881,1.48374291708,0.344762182077,-0.0318301013486,0.0651941834851,100.0
13.640365,-0.919621482337,-0.190213617698,0.530757352608,-0.0525388419851,-0.223577699834,1.1527865621,2.72971881204,29.0996780396,-0.318684508683,0.0870534097125,-0.0521553467881,1.48412641228,0.34437868688,-0.0318301013486,0.0651941834851,100.0
13.650365,-0.919621482337,-0.190597112895,0.531140847805,-0.052922337182,-0.223194204637,1.1524030669,2.72971881204,29.0996780396,-0.319451499077,0.0870534097125,-0.0521553467881,1.48489340267,0.345145677274,-0.0314466061517,0.0651941834851,100.0
13.660364,-0.918854491943,-0.191747598486,0.531524343002,-0.053689327576,-0.222427214243,1.1527865621,2.73086929763,29.0996780396,-0.318301013486,0.0870534097125,-0.0521553467881,1.48412641228,0.344762182077,-0.0310631109547,0.0655776786821,100.0
13.670367,-0.919621482337,-0.19251458888,0.529990362214,-0.0525388419851,-0.220509738259,1.1520195717,2.73086929763,29.0996780396,-0.318684508683,0.0870534097125,-0.0521553467881,1.48412641228,0.344762182077,-0.0306796157577,0.0651941834851,100.0
13.680365,-0.919621482337,-0.192898084077,0.530757352608,-0.0521553467881,-0.220126243062,1.1524030669,2.73048580244,29.0996780396,-0.317917518289,0.0882038953034,-0.0510048611972,1.48374291708,0.345145677274,-0.0318301013486,0.0651941834851,100.0
13.690367,-0.918854491943,-0.194048569668,0.531140847805,-0.052922337182,-0.218592262274,1.1520195717,2.73048580244,29.0996780396,-0.318301013486,0.0874369049095,-0.052922337182,1.48450990748,0.345145677274,-0.0318301013486,0.0640436978942,100.0
13.700366,-0.918854491943,-0.195582550455,0.531140847805,-0.052922337182,-0.218975757471,1.1520195717,2.73010230724,29.0996780396,-0.31906800388,0.0866699145155,-0.0521553467881,1.48450990748,0.344762182077,-0.0306796157577,0.0651941834851,100.0
13.710371,-0.918087501549,-0.195966045652,0.531140847805,-0.053305832379,-0.21782527188,1.15086908611,2.73048580244,29.0996780396,-0.317534023092,0.0870534097125,-0.0521553467881,1.48450990748,0.344762182077,-0.0322135965456,0.0636602026972,100.0
13.720374,-0.918087501549,-0.196349540849,0.531907838199,-0.054072822773,-0.21782527188,1.15086908611,2.73010230724,29.0996780396,-0.318301013486,0.0870534097125,-0.0525388419851,1.48450990748,0.34437868688,-0.0318301013486,0.0648106882882,100.0
13.730368,-0.918087501549,-0.19750002644,0.532674828593,-0.0525388419851,-0.218208767077,1.1520195717,2.73010230724,29.0996780396,-0.31906800388,0.0878204001064,-0.0521553467881,1.48412641228,0.345145677274,-0.0318301013486,0.0655776786821,100.0
13.740365,-0.918087501549,-0.197883521637,0.532291333396,-0.052922337182,-0.218208767077,1.1520195717,2.73125279283,29.0996780396,-0.318301013486,0.0870534097125,-0.0525388419851,1.48335942189,0.344762182077,-0.0325970917426,0.0648106882882,100.0
13.750365,-0.917320511155,-0.199034007228,0.532674828593,-0.052922337182,-0.21782527188,1.1520195717,2.73048580244,29.0996780396,-0.318301013486,0.0870534097125,-0.0517718515911,1.48450990748,0.344762182077,-0.0325970917426,0.0651941834851,100.0
13.760367,-0.917320511155,-0.200567988016,0.532291333396,-0.0525388419851,-0.218208767077,1.15125258131,2.73086929763,29.0996780396,-0.318301013486,0.0874369049095,-0.0525388419851,1.48335942189,0.34437868688,-0.0314466061517,0.0651941834851,100.0
13.770363,-0.916170025565,-0.201718473607,0.53305832379,-0.053689327576,-0.218208767077,1.1520195717,2.72971881204,29.0996780396,-0.318684508683,0.0866699145155,-0.0517718515911,1.48374291708,0.344762182077,-0.0318301013486,0.0659611738791,100.0
13.780363,-0.916553520762,-0.202485464001,0.534592304578,-0.0525388419851,-0.217441776683,1.1524030669,2.73010230724,29.0996780396,-0.317917518289,0.0866699145155,-0.052922337182,1.48412641228,0.345145677274,-0.0318301013486,0.0655776786821,100.0
13.790364,-0.916170025565,-0.204402939986,0.533441818987,-0.052922337182,-0.217441776683,1.1520195717,2.73048580244,29.0996780396,-0.31906800388,0.0874369049095,-0.0517718515911,1.48374291708,0.344762182077,-0.0318301013486,0.0648106882882,100.0
13.800364,-0.915019539974,-0.204786435183,0.534592304578,-0.052922337182,-0.217058281486,1.1520195717,2.73086929763,29.0996780396,-0.31906800388,0.0870534097125,-0.0521553467881,1.48450990748,0.344762182077,-0.0322135965456,0.0644271930912,100.0
13.810364,-0.914636044777,-0.205936920774,0.534208809381,-0.052922337182,-0.217058281486,1.15317005729,2.73086929763,29.0996780396,-0.318301013486,0.0874369049095,-0.0521553467881,1.48335942189,0.34437868688,-0.0318301013486,0.0651941834851,100.0
13.820364,-0.914636044777,-0.207854396758,0.535359294972,-0.053305832379,-0.216674786289,1.15317005729,2.73125279283,29.0996780396,-0.318684508683,0.0866699145155,-0.0525388419851,1.48412641228,0.345145677274,-0.0318301013486,0.0651941834851,100.0
13.830365,-0.912718568792,-0.208621387152,0.534592304578,-0.053689327576,-0.216674786289,1.1524030669,2.73010230724,29.0996780396,-0.31906800388,0.0862864193186,-0.0525388419851,1.48412641228,0.344762182077,-0.0322135965456,0.0655776786821,100.0
13.840367,-0.913102063989,-0.21015536794,0.535359294972,-0.053689327576,-0.215907795895,1.1520195717,2.73086929763,29.0996780396,-0.317917518289,0.0874369049095,-0.052922337182,1.48374291708,0.344762182077,-0.0310631109547,0.0659611738791,100.0
13.850363,-0.913102063989,-0.210922358334,0.535742790169,-0.054072822773,-0.215140805501,1.1516360765,2.73125279283,29.0996780396,-0.317917518289,0.0862864193186,-0.0521553467881,1.48335942189,0.345145677274,-0.0310631109547,0.0651941834851,100.0
13.860446,-0.911951578398,-0.211689348728,0.535742790169,-0.054072822773,-0.214757310304,1.1520195717,2.73163628803,29.0996780396,-0.317917518289,0.0866699145155,-0.0521553467881,1.48450990748,0.34437868688,-0.0314466061517,0.0648106882882,100.0
13.870366,-0.911184588004,-0.213223329516,0.536126285366,-0.054072822773,-0.215140805501,1.15048559091,2.73086929763,29.0996780396,-0.318301013486,0.0870534097125,-0.0521553467881,1.48450990748,0.344762182077,-0.0325970917426,0.0651941834851,100.0
13.880365,-0.909650607216,-0.21399031991,0.536126285366,-0.053305832379,-0.214373815107,1.1516360765,2.73125279283,29.0996780396,-0.318301013486,0.0870534097125,-0.0525388419851,1.48412641228,0.343995191683,-0.0314466061517,0.0640436978942,100.0
13.890365,-0.909267112019,-0.215524300698,0.53689327576,-0.053305832379,-0.21399031991,1.15125258131,2.73125279283,29.0996780396,-0.318301013486,0.0866699145155,-0.0521553467881,1.48374291708,0.34437868688,-0.0318301013486,0.0655776786821,100.0
13.900365,-0.908883616822,-0.216674786289,0.537276770957,-0.0548398131669,-0.212839834319,1.15125258131,2.73086929763,29.0996780396,-0.317534023092,0.0866699145155,-0.052922337182,1.48412641228,0.34437868688,-0.0318301013486,0.0651941834851,100.0
13.910492,-0.907349636034,-0.217441776683,0.537660266154,-0.0548398131669,-0.21399031991,1.1516360765,2.73125279283,29.0996780396,-0.31906800388,0.0866699145155,-0.0525388419851,1.48412641228,0.344762182077,-0.0322135965456,0.0655776786821,100.0
13.920374,-0.906966140837,-0.219742747865,0.537660266154,-0.053305832379,-0.212839834319,1.1516360765,2.73086929763,29.0996780396,-0.318301013486,0.0866699145155,-0.0525388419851,1.48489340267,0.344762182077,-0.0318301013486,0.0651941834851,100.0
13.930368,-0.905815655246,-0.220126243062,0.537660266154,-0.0544563179699,-0.211305853531,1.1516360765,2.73010230724,29.0996780396,-0.319451499077,0.0862864193186,-0.0525388419851,1.48412641228,0.345145677274,-0.0318301013486,0.0648106882882,100.0
13.940371,-0.904665169655,-0.22281070944,0.538043761351,-0.053305832379,-0.211305853531,1.1520195717,2.73010230724,29.0996780396,-0.317917518289,0.0874369049095,-0.0525388419851,1.48374291708,0.345145677274,-0.0314466061517,0.0648106882882,100.0
13.950389,-0.903898179261,-0.224344690228,0.538810751745,-0.052922337182,-0.211689348728,1.1516360765,2.73048580244,29.0996780396,-0.31906800388,0.0866699145155,-0.0525388419851,1.48374291708,0.344762182077,-0.0314466061517,0.0651941834851,100.0
13.960581,-0.902747693671,-0.225495175819,0.539194246942,-0.054072822773,-0.211305853531,1.1520195717,2.72971881204,29.0996780396,-0.318301013486,0.0866699145155,-0.0521553467881,1.48412641228,0.34437868688,-0.0318301013486,0.0644271930912,100.0
13.970371,-0.900830217686,-0.226262166213,0.539577742139,-0.0556068035608,-0.211305853531,1.1527865621,2.72933531685,29.0996780396,-0.318684508683,0.0874369049095,-0.052922337182,1.48412641228,0.344762182077,-0.0318301013486,0.0651941834851,100.0
13.980372,-0.900063227292,-0.227796147001,0.539961237336,-0.053305832379,-0.211305853531,1.1520195717,2.72856832645,29.0996780396,-0.318301013486,0.0866699145155,-0.0525388419851,1.48374291708,0.345145677274,-0.0314466061517,0.0648106882882,100.0
13.990383,-0.898912741701,-0.228179642198,0.539577742139,-0.053689327576,-0.210538863137,1.1527865621,2.72895182165,29.0996780396,-0.318301013486,0.0874369049095,-0.0521553467881,1.48335942189,0.345529172471,-0.0314466061517,0.0655776786821,100.0
14.000399,-0.899296236898,-0.230097118183,0.540344732533,-0.054072822773,-0.210538863137,1.1520195717,2.72818483125,29.0996780396,-0.318301013486,0.0878204001064,-0.0521553467881,1.48335942189,0.34437868688,-0.0322135965456,0.0651941834851,100.0
14.010371,-0.89776225611,-0.23048061338,0.540344732533,-0.053305832379,-0.211305853531,1.1520195717,2.72818483125,29.0996780396,-0.318684508683,0.0870534097125,-0.0517718515911,1.48335942189,0.34437868688,-0.0318301013486,0.0644271930912,100.0
14.020366,-0.896228275322,-0.232014594168,0.540344732533,-0.053689327576,-0.211305853531,1.1524030669,2.72895182165,29.0996780396,-0.31906800388,0.0874369049095,-0.0521553467881,1.48374291708,0.345529172471,-0.0310631109547,0.0655776786821,100.0
14.030370,-0.895077789731,-0.232014594168,0.54072822773,-0.053689327576,-0.211305853531,1.15317005729,2.72895182165,29.0996780396,-0.318301013486,0.0874369049095,-0.0517718515911,1.48412641228,0.344762182077,-0.0325970917426,0.0655776786821,100.0
14.040365,-0.89392730414,-0.233548574956,0.540344732533,-0.0544563179699,-0.210922358334,1.1527865621,2.72895182165,29.0996780396,-0.318301013486,0.0870534097125,-0.0525388419851,1.48335942189,0.344762182077,-0.0310631109547,0.0651941834851,100.0
14.050368,-0.893543808943,-0.23546605094,0.539961237336,-0.0552233083639,-0.211305853531,1.15355355249,2.72933531685,29.0996780396,-0.317917518289,0.0874369049095,-0.052922337182,1.48412641228,0.345145677274,-0.0318301013486,0.0655776786821,100.0
14.060364,-0.892009828155,-0.23546605094,0.540344732533,-0.053689327576,-0.211689348728,1.15470403808,2.72818483125,29.0996780396,-0.318684508683,0.0870534097125,-0.0525388419851,1.48335942189,0.345145677274,-0.0318301013486,0.0651941834851,100.0
14.070364,-0.890475847367,-0.236233041334,0.54072822773,-0.052922337182,-0.211689348728,1.15432054288,2.72895182165,29.0996780396,-0.318684508683,0.0870534097125,-0.0517718515911,1.48412641228,0.344762182077,-0.0310631109547,0.0655776786821,100.0
14.080369,-0.891242837761,-0.237000031728,0.540344732533,-0.0544563179699,-0.212456339122,1.15547102847,2.72971881204,29.0996780396,-0.317917518289,0.0870534097125,-0.0521553467881,1.48259243149,0.344762182077,-0.0314466061517,0.0655776786821,100.0
14.090371,-0.889325361777,-0.237383526925,0.539961237336,-0.053305832379,-0.214373815107,1.15547102847,2.72856832645,29.0996780396,-0.318301013486,0.0874369049095,-0.0521553467881,1.48374291708,0.344762182077,-0.0318301013486,0.0655776786821,100.0
14.100369,-0.889325361777,-0.238150517319,0.54072822773,-0.0544563179699,-0.214373815107,1.15470403808,2.72933531685,29.0996780396,-0.318684508683,0.0870534097125,-0.052922337182,1.48374291708,0.344762182077,-0.0318301013486,0.0648106882882,100.0
14.110367,-0.88894186658,-0.238534012516,0.540344732533,-0.052922337182,-0.215907795895,1.15432054288,2.72856832645,29.0996780396,-0.318684508683,0.0878204001064,-0.0517718515911,1.48412641228,0.34437868688,-0.0322135965456,0.0655776786821,100.0
14.120374,-0.887024390595,-0.240067993304,0.540344732533,-0.054072822773,-0.217441776683,1.15470403808,2.72933531685,29.0996780396,-0.318684508683,0.0878204001064,-0.052922337182,1.48297592669,0.345145677274,-0.0325970917426,0.0651941834851,100.0
14.130368,-0.888558371383,-0.239684498107,0.54072822773,-0.053689327576,-0.21782527188,1.15547102847,2.72856832645,29.0996780396,-0.318684508683,0.0870534097125,-0.0525388419851,1.48374291708,0.34437868688,-0.0322135965456,0.0651941834851,100.0
14.140368,-0.887024390595,-0.240834983698,0.54072822773,-0.0552233083639,-0.219359252668,1.15547102847,2.72895182165,29.0996780396,-0.319451499077,0.0870534097125,-0.0525388419851,1.48374291708,0.343995191683,-0.0318301013486,0.0655776786821,100.0
14.150366,-0.886257400201,-0.240451488501,0.541495218124,-0.0544563179699,-0.219359252668,1.15777199966,2.72895182165,29.0996780396,-0.318301013486,0.0870534097125,-0.0517718515911,1.48335942189,0.34437868688,-0.0318301013486,0.0651941834851,100.0
14.160366,-0.885490409807,-0.240834983698,0.540344732533,-0.0552233083639,-0.220126243062,1.15815549485,2.72895182165,29.0996780396,-0.31906800388,0.0874369049095,-0.0521553467881,1.48412641228,0.34437868688,-0.0318301013486,0.0655776786821,100.0
14.170379,-0.886257400201,-0.241218478895,0.54072822773,-0.053689327576,-0.221276728652,1.15815549485,2.72895182165,29.0996780396,-0.318684508683,0.0866699145155,-0.0517718515911,1.48450990748,0.344762182077,-0.0310631109547,0.0651941834851,100.0
14.180369,-0.886640895398,-0.240451488501,0.539961237336,-0.0548398131669,-0.222427214243,1.15853899005,2.72895182165,29.0996780396,-0.318301013486,0.0874369049095,-0.0521553467881,1.48374291708,0.344762182077,-0.0310631109547,0.0651941834851,100.0
14.190368,-0.886640895398,-0.240067993304,0.540344732533,-0.0544563179699,-0.222427214243,1.15815549485,2.72895182165,29.0996780396,-0.318684508683,0.0870534097125,-0.0525388419851,1.48374291708,0.344762182077,-0.0314466061517,0.0648106882882,100.0
14.200372,-0.886640895398,-0.240067993304,0.540344732533,-0.0548398131669,-0.22281070944,1.15892248525,2.72895182165,29.0996780396,-0.317534023092,0.0870534097125,-0.0525388419851,1.48412641228,0.343995191683,-0.0314466061517,0.0648106882882,100.0
14.210369,-0.885490409807,-0.240067993304,0.541495218124,-0.053689327576,-0.223577699834,1.15930598044,2.72895182165,29.0996780396,-0.318684508683,0.0870534097125,-0.0521553467881,1.48374291708,0.34437868688,-0.0310631109547,0.0648106882882,100.0
14.220368,-0.886640895398,-0.242368964486,0.543412694108,-0.053689327576,-0.226262166213,1.16045646604,2.72971881204,29.0996780396,-0.318301013486,0.0866699145155,-0.0525388419851,1.48374291708,0.343995191683,-0.0314466061517,0.0651941834851,100.0
14.230368,-0.887024390595,-0.244669935668,0.546480655684,-0.0521553467881,-0.231631098971,1.16237394202,2.72971881204,29.0996780396,-0.318684508683,0.0866699145155,-0.0525388419851,1.48412641228,0.34437868688,-0.0314466061517,0.0648106882882,100.0
14.240370,-0.885490409807,-0.245053430865,0.547247646078,-0.0513883563942,-0.233548574956,1.16390792281,2.72971881204,29.0996780396,-0.318684508683,0.0870534097125,-0.0517718515911,1.48412641228,0.34437868688,-0.0310631109547,0.0659611738791,100.0
14.250370,-0.883956429019,-0.245053430865,0.546097160487,-0.0517718515911,-0.235082555743,1.16429141801,2.72933531685,29.0996780396,-0.318301013486,0.0859029241216,-0.0517718515911,1.48412641228,0.344762182077,-0.0318301013486,0.0655776786821,100.0
14.260380,-0.883189438625,-0.246203916456,0.548014636472,-0.0521553467881,-0.234699060546,1.1650584084,2.73086929763,29.0996780396,-0.317534023092,0.0870534097125,-0.0525388419851,1.48412641228,0.345529172471,-0.0314466061517,0.0655776786821,100.0
14.270371,-0.883189438625,-0.246203916456,0.549165122063,-0.0525388419851,-0.234699060546,1.16620889399,2.73201978322,29.0996780396,-0.317917518289,0.0862864193186,-0.0521553467881,1.48412641228,0.344762182077,-0.0310631109547,0.0648106882882,100.0
14.280470,-0.883572933822,-0.247737897243,0.54954861726,-0.054072822773,-0.235082555743,1.16620889399,2.7350877448,29.0996780396,-0.318301013486,0.0874369049095,-0.0517718515911,1.48374291708,0.344762182077,-0.0306796157577,0.0651941834851,100.0
14.290366,-0.882805943428,-0.249655373228,0.54954861726,-0.053689327576,-0.234315565349,1.16620889399,2.73623823039,29.0996780396,-0.317917518289,0.0866699145155,-0.0513883563942,1.48527689787,0.344762182077,-0.0318301013486,0.0648106882882,100.0
14.300366,-0.882038953034,-0.251572849213,0.549932112457,-0.053305832379,-0.234315565349,1.1654419036,2.73585473519,29.0996780396,-0.318684508683,0.0870534097125,-0.0521553467881,1.48412641228,0.34437868688,-0.0329805869395,0.0648106882882,100.0
14.310365,-0.882038953034,-0.252339839607,0.550699102851,-0.0525388419851,-0.234699060546,1.16620889399,2.73623823039,29.0996780396,-0.318684508683,0.0870534097125,-0.052922337182,1.48566039307,0.34437868688,-0.0333640821365,0.0655776786821,100.0
14.320366,-0.882038953034,-0.253873820395,0.551082598048,-0.052922337182,-0.234699060546,1.16582539879,2.7350877448,29.0996780396,-0.318301013486,0.0878204001064,-0.0521553467881,1.48450990748,0.343995191683,-0.0333640821365,0.0651941834851,100.0
14.330463,-0.880504972246,-0.25579129638,0.551849588442,-0.052922337182,-0.23546605094,1.1646749132,2.73432075441,29.0996780396,-0.31906800388,0.0874369049095,-0.0521553467881,1.48450990748,0.344762182077,-0.0333640821365,0.0655776786821,100.0
14.340368,-0.880504972246,-0.256174791577,0.551466093245,-0.0525388419851,-0.236616536531,1.16390792281,2.73317026881,29.0996780396,-0.318684508683,0.0878204001064,-0.0521553467881,1.48374291708,0.34437868688,-0.0325970917426,0.0655776786821,100.0
14.350363,-0.879737981852,-0.258092267562,0.552616578836,-0.0525388419851,-0.237000031728,1.16390792281,2.73086929763,29.0996780396,-0.31906800388,0.0885873905004,-0.0525388419851,1.48412641228,0.34437868688,-0.0314466061517,0.0659611738791,100.0
14.360367,-0.879354486655,-0.260009743547,0.551849588442,-0.053305832379,-0.238534012516,1.1646749132,2.72856832645,29.0996780396,-0.318684508683,0.0882038953034,-0.052922337182,1.48412641228,0.344762182077,-0.0314466061517,0.0644271930912,100.0
14.370366,-0.878587496261,-0.261927219531,0.551466093245,-0.052922337182,-0.239684498107,1.16429141801,2.72550036488,29.0996780396,-0.318684508683,0.0874369049095,-0.0513883563942,1.48374291708,0.345529172471,-0.0314466061517,0.0655776786821,100.0
14.380364,-0.878587496261,-0.264228190713,0.551082598048,-0.052922337182,-0.239684498107,1.16429141801,2.7224324033,29.0996780396,-0.318684508683,0.0882038953034,-0.0521553467881,1.48450990748,0.345145677274,-0.0314466061517,0.0651941834851,100.0
14.390363,-0.879354486655,-0.266529161895,0.551849588442,-0.053689327576,-0.239684498107,1.16352442761,2.71821395613,29.0996780396,-0.317917518289,0.0870534097125,-0.0510048611972,1.48450990748,0.34437868688,-0.0310631109547,0.0655776786821,100.0
14.400375,-0.878970991458,-0.267679647486,0.552233083639,-0.053305832379,-0.239684498107,1.16390792281,2.71437900416,29.0996780396,-0.31906800388,0.0878204001064,-0.0521553467881,1.48450990748,0.344762182077,-0.0310631109547,0.0648106882882,100.0
14.410380,-0.877820505867,-0.269597123471,0.551082598048,-0.052922337182,-0.240067993304,1.16429141801,2.71092754739,29.0996780396,-0.31906800388,0.0878204001064,-0.0517718515911,1.48297592669,0.344762182077,-0.0314466061517,0.0651941834851,100.0
14.420372,-0.878204001064,-0.270747609062,0.551849588442,-0.0525388419851,-0.240451488501,1.16352442761,2.70824308101,29.0996780396,-0.317917518289,0.0874369049095,-0.0517718515911,1.48412641228,0.34437868688,-0.0322135965456,0.0651941834851,100.0
14.430364,-0.87743701067,-0.27228158985,0.552616578836,-0.0525388419851,-0.241985469289,1.1650584084,2.70364113865,29.0996780396,-0.318301013486,0.0866699145155,-0.0521553467881,1.48412641228,0.344762182077,-0.0325970917426,0.0659611738791,100.0
14.440369,-0.877053515473,-0.273815570638,0.553000074033,-0.052922337182,-0.241601974092,1.1646749132,2.70057317707,29.0996780396,-0.318301013486,0.0882038953034,-0.053305832379,1.48412641228,0.344762182077,-0.0337475773335,0.0655776786821,100.0
14.450366,-0.877053515473,-0.275349551425,0.552616578836,-0.052922337182,-0.241601974092,1.1650584084,2.69865570109,29.0996780396,-0.318684508683,0.0870534097125,-0.0521553467881,1.48374291708,0.344762182077,-0.0345145677274,0.0655776786821,100.0
14.460365,-0.877820505867,-0.27726702741,0.553767064427,-0.053305832379,-0.241601974092,1.16620889399,2.69367026353,29.0996780396,-0.317917518289,0.0870534097125,-0.052922337182,1.48412641228,0.344762182077,-0.0341310725305,0.0659611738791,100.0
14.470364,-0.875903029883,-0.278417513001,0.554150559624,-0.0521553467881,-0.241601974092,1.16620889399,2.69251977794,29.0996780396,-0.31906800388,0.0866699145155,-0.0521553467881,1.48412641228,0.344762182077,-0.0341310725305,0.0655776786821,100.0
14.480365,-0.875903029883,-0.279951493789,0.555301045215,-0.052922337182,-0.240834983698,1.16697588438,2.69060230195,29.0996780396,-0.31906800388,0.0866699145155,-0.052922337182,1.48450990748,0.345145677274,-0.0329805869395,0.0659611738791,100.0
14.490363,-0.874752544292,-0.282252464971,0.554917550018,-0.0521553467881,-0.240834983698,1.16812636997,2.68830133077,29.0996780396,-0.317917518289,0.0866699145155,-0.0521553467881,1.48412641228,0.344762182077,-0.0333640821365,0.0636602026972,100.0
14.500365,-0.874752544292,-0.283019455365,0.555684540411,-0.053305832379,-0.240451488501,1.16927685557,2.68715084518,29.0996780396,-0.317917518289,0.0870534097125,-0.0521553467881,1.48450990748,0.344762182077,-0.0325970917426,0.0651941834851,100.0
14.510366,-0.873218563504,-0.284169940956,0.556835026002,-0.053689327576,-0.240451488501,1.17042734116,2.68600035959,29.0996780396,-0.31906800388,0.0862864193186,-0.0521553467881,1.48374291708,0.344762182077,-0.0314466061517,0.0659611738791,100.0
14.520367,-0.872835068307,-0.285320426547,0.557602016396,-0.052922337182,-0.241601974092,1.17081083635,2.68523336919,29.0996780396,-0.318301013486,0.0862864193186,-0.0525388419851,1.48374291708,0.344762182077,-0.0306796157577,0.0651941834851,100.0
14.530369,-0.872835068307,-0.286854407335,0.557985511593,-0.052922337182,-0.240834983698,1.17196132194,2.68561686439,29.0996780396,-0.318301013486,0.0862864193186,-0.0513883563942,1.48374291708,0.345145677274,-0.0306796157577,0.0651941834851,100.0
14.540371,-0.870917592322,-0.288388388122,0.558752501987,-0.0525388419851,-0.240834983698,1.17311180754,2.68600035959,29.0996780396,-0.318684508683,0.0874369049095,-0.0521553467881,1.48450990748,0.34437868688,-0.0310631109547,0.0659611738791,100.0
14.550371,-0.869767106731,-0.28992236891,0.559902987578,-0.054072822773,-0.240451488501,1.17541277872,2.68561686439,29.0996780396,-0.318301013486,0.0866699145155,-0.0521553467881,1.48297592669,0.344762182077,-0.0322135965456,0.0644271930912,100.0
14.560369,-0.869000116337,-0.290689359304,0.561820463563,-0.052922337182,-0.240067993304,1.17656326431,2.68600035959,29.0996780396,-0.318301013486,0.0874369049095,-0.0521553467881,1.48297592669,0.344762182077,-0.0322135965456,0.0651941834851,100.0
14.570366,-0.86861662114,-0.291839844895,0.56220395876,-0.0521553467881,-0.240067993304,1.17848074029,2.68561686439,29.0996780396,-0.317534023092,0.0870534097125,-0.0525388419851,1.48335942189,0.344762182077,-0.0329805869395,0.0651941834851,100.0
14.580372,-0.866699145155,-0.292990330486,0.562970949154,-0.0521553467881,-0.239684498107,1.18001472108,2.68561686439,29.0996780396,-0.317150527895,0.0874369049095,-0.052922337182,1.48259243149,0.34437868688,-0.0325970917426,0.0651941834851,100.0
14.590369,-0.866315649958,-0.293373825683,0.564504929942,-0.052922337182,-0.23930100291,1.18231569226,2.68561686439,29.0996780396,-0.318301013486,0.0862864193186,-0.0525388419851,1.48297592669,0.345145677274,-0.0333640821365,0.0651941834851,100.0
14.600365,-0.864014678776,-0.294907806471,0.566805901124,-0.052922337182,-0.238917507713,1.18384967305,2.68600035959,29.0996780396,-0.317917518289,0.0866699145155,-0.0525388419851,1.48297592669,0.34437868688,-0.0325970917426,0.0651941834851,100.0
14.610364,-0.862864193186,-0.295291301668,0.567956386715,-0.0525388419851,-0.238150517319,1.18615064423,2.68600035959,29.0996780396,-0.317917518289,0.0866699145155,-0.0525388419851,1.48412641228,0.344762182077,-0.0322135965456,0.0651941834851,100.0
14.620461,-0.862480697989,-0.296058292062,0.569106872305,-0.0521553467881,-0.237383526925,1.18730112982,2.68600035959,29.0996780396,-0.318301013486,0.0870534097125,-0.0517718515911,1.48374291708,0.343995191683,-0.0314466061517,0.0651941834851,100.0
14.630373,-0.860563222004,-0.297208777653,0.570640853093,-0.052922337182,-0.237000031728,1.1907525866,2.68676734998,29.0996780396,-0.318684508683,0.0878204001064,-0.0517718515911,1.48335942189,0.34437868688,-0.0310631109547,0.0659611738791,100.0
14.640367,-0.858645746019,-0.297208777653,0.572558329078,-0.052922337182,-0.236233041334,1.19228656738,2.68638385478,29.0996780396,-0.318684508683,0.0874369049095,-0.0517718515911,1.48335942189,0.344762182077,-0.0310631109547,0.0644271930912,100.0
14.650366,-0.857495260428,-0.297975768047,0.574092309866,-0.053689327576,-0.236233041334,1.19497103376,2.68638385478,29.0996780396,-0.318684508683,0.0870534097125,-0.0521553467881,1.48374291708,0.345145677274,-0.0310631109547,0.0651941834851,100.0
14.660408,-0.856344774837,-0.298359263244,0.576009785851,-0.053689327576,-0.234315565349,1.19688850975,2.68600035959,29.0996780396,-0.318684508683,0.0866699145155,-0.0513883563942,1.48374291708,0.345145677274,-0.0318301013486,0.0651941834851,100.0
14.670377,-0.855194289246,-0.299509748835,0.577543766639,-0.053305832379,-0.233165079759,1.19957297613,2.68638385478,29.0996780396,-0.31906800388,0.0874369049095,-0.0525388419851,1.48450990748,0.343995191683,-0.0314466061517,0.066344669076,100.0
14.680370,-0.852509822867,-0.299126253638,0.579077747427,-0.0521553467881,-0.232398089365,1.20187394731,2.68600035959,29.0996780396,-0.318301013486,0.0870534097125,-0.0517718515911,1.48335942189,0.344762182077,-0.0322135965456,0.0655776786821,100.0
14.690366,-0.850975842079,-0.300660234426,0.581378718609,-0.052922337182,-0.230097118183,1.20417491849,2.68638385478,29.0996780396,-0.318684508683,0.0866699145155,-0.0525388419851,1.48412641228,0.345145677274,-0.0325970917426,0.0644271930912,100.0
14.700367,-0.849441861292,-0.301043729623,0.583296194593,-0.052922337182,-0.228179642198,1.20685938487,2.68600035959,29.0996780396,-0.319451499077,0.0862864193186,-0.0517718515911,1.48412641228,0.344762182077,-0.0318301013486,0.0636602026972,100.0
14.710368,-0.848291375701,-0.301043729623,0.584830175381,-0.0521553467881,-0.226262166213,1.20954385125,2.68600035959,29.0996780396,-0.318301013486,0.0874369049095,-0.0525388419851,1.48489340267,0.34437868688,-0.0322135965456,0.0655776786821,100.0
14.720366,-0.846373899716,-0.301043729623,0.58751464176,-0.0525388419851,-0.223961195031,1.21107783204,2.68561686439,29.0996780396,-0.31906800388,0.0866699145155,-0.052922337182,1.48374291708,0.344762182077,-0.0314466061517,0.0648106882882,100.0
14.730366,-0.844839918928,-0.300660234426,0.588665127351,-0.0525388419851,-0.221660223849,1.21261181282,2.68638385478,29.0996780396,-0.318684508683,0.0870534097125,-0.0525388419851,1.48374291708,0.344762182077,-0.0318301013486,0.0640436978942,100.0
14.740369,-0.841388462155,-0.301043729623,0.591733088927,-0.0517718515911,-0.218975757471,1.21376229841,2.68561686439,29.0996780396,-0.31906800388,0.0878204001064,-0.052922337182,1.48374291708,0.345145677274,-0.0318301013486,0.0655776786821,100.0
14.750388,-0.839087490973,-0.300276739229,0.592883574518,-0.0525388419851,-0.217058281486,1.2160632696,2.68676734998,29.0996780396,-0.318684508683,0.0866699145155,-0.0517718515911,1.48450990748,0.344762182077,-0.0322135965456,0.0648106882882,100.0
14.760369,-0.837553510185,-0.300660234426,0.5951845457,-0.0521553467881,-0.214757310304,1.21721375519,2.68638385478,29.0996780396,-0.318301013486,0.0862864193186,-0.0521553467881,1.48374291708,0.344762182077,-0.0318301013486,0.0659611738791,100.0
14.770369,-0.835252539004,-0.300660234426,0.597102021684,-0.0521553467881,-0.211305853531,1.21874773597,2.68676734998,29.0996780396,-0.318301013486,0.0870534097125,-0.053305832379,1.48489340267,0.344762182077,-0.0318301013486,0.0651941834851,100.0
14.780367,-0.832568072625,-0.299893244032,0.599019497669,-0.0517718515911,-0.208621387152,1.21913123117,2.68676734998,29.0996780396,-0.318684508683,0.0870534097125,-0.0517718515911,1.48450990748,0.344762182077,-0.0318301013486,0.0651941834851,100.0
14.790366,-0.831417587034,-0.299509748835,0.60016998326,-0.0521553467881,-0.205553425577,1.21874773597,2.68638385478,29.0996780396,-0.318684508683,0.0870534097125,-0.0521553467881,1.48374291708,0.344762182077,-0.0318301013486,0.0655776786821,100.0
14.800383,-0.828349625458,-0.298742758441,0.602470954442,-0.052922337182,-0.202101968804,1.21913123117,2.68600035959,29.0996780396,-0.318684508683,0.0862864193186,-0.0521553467881,1.48412641228,0.344762182077,-0.0322135965456,0.0655776786821,100.0
14.810394,-0.825665159079,-0.299126253638,0.60400493523,-0.0513883563942,-0.198650512031,1.21836424078,2.68523336919,29.0996780396,-0.318301013486,0.0874369049095,-0.0517718515911,1.48412641228,0.344762182077,-0.0310631109547,0.0655776786821,100.0
14.820376,-0.822213702307,-0.297975768047,0.605538916018,-0.0525388419851,-0.196349540849,1.21836424078,2.68600035959,29.0996780396,-0.317917518289,0.0862864193186,-0.0517718515911,1.48450990748,0.34437868688,-0.0318301013486,0.0644271930912,100.0
14.830373,-0.819145740731,-0.296825282456,0.607072896806,-0.0510048611972,-0.193281579274,1.21644676479,2.68561686439,29.0996780396,-0.318684508683,0.0870534097125,-0.0521553467881,1.48412641228,0.345145677274,-0.0325970917426,0.0648106882882,100.0
14.840369,-0.816844769549,-0.296825282456,0.608606877594,-0.0513883563942,-0.190213617698,1.21683025999,2.68523336919,29.0996780396,-0.318684508683,0.0874369049095,-0.0517718515911,1.48374291708,0.345145677274,-0.0318301013486,0.0648106882882,100.0
14.850368,-0.813009817579,-0.296825282456,0.610907848775,-0.0506213660002,-0.187912646516,1.2160632696,2.68600035959,29.0996780396,-0.31906800388,0.0874369049095,-0.0525388419851,1.48374291708,0.344762182077,-0.0322135965456,0.0651941834851,100.0
14.860366,-0.809941856003,-0.295674796865,0.61282532476,-0.0506213660002,-0.185228180137,1.21337880322,2.68523336919,29.0996780396,-0.318301013486,0.0866699145155,-0.0513883563942,1.48489340267,0.344762182077,-0.0306796157577,0.0651941834851,100.0
14.870367,-0.807257389625,-0.294907806471,0.613975810351,-0.0498543756063,-0.182927208955,1.21222831763,2.68523336919,29.0996780396,-0.318684508683,0.0874369049095,-0.0525388419851,1.48412641228,0.34437868688,-0.0314466061517,0.0659611738791,100.0
14.880368,-0.804572923246,-0.29375732088,0.615126295942,-0.0510048611972,-0.180242742577,1.21069433684,2.684849874,29.0996780396,-0.318684508683,0.0870534097125,-0.0521553467881,1.48450990748,0.343995191683,-0.0322135965456,0.0655776786821,100.0
14.890368,-0.800354476079,-0.292990330486,0.615893286336,-0.0494708804093,-0.178325266592,1.20762637526,2.68523336919,29.0996780396,-0.317534023092,0.0870534097125,-0.0521553467881,1.48335942189,0.344762182077,-0.0314466061517,0.0640436978942,100.0
14.900379,-0.7976700097,-0.291839844895,0.617043771927,-0.0487038900154,-0.176791285804,1.20379142329,2.68523336919,29.0996780396,-0.318301013486,0.0866699145155,-0.0517718515911,1.48450990748,0.344762182077,-0.0322135965456,0.0648106882882,100.0
14.910375,-0.793451562534,-0.291072854501,0.618194257518,-0.0483203948184,-0.174873809819,1.20072346172,2.68561686439,29.0996780396,-0.318301013486,0.0866699145155,-0.0517718515911,1.48527689787,0.34437868688,-0.0318301013486,0.0655776786821,100.0
14.920368,-0.790383600958,-0.28992236891,0.619344743109,-0.0479368996214,-0.174106819425,1.19803899534,2.68523336919,29.0996780396,-0.318684508683,0.0866699145155,-0.0521553467881,1.48489340267,0.343995191683,-0.0314466061517,0.0659611738791,100.0
14.930368,-0.786932144185,-0.289155378516,0.6204952287,-0.0475534044244,-0.173339829031,1.19458753857,2.68561686439,29.0996780396,-0.317917518289,0.0870534097125,-0.0525388419851,1.48374291708,0.344762182077,-0.0306796157577,0.0651941834851,100.0
14.940369,-0.783097192216,-0.288004892925,0.620111733503,-0.0475534044244,-0.17218934344,1.18921860581,2.68523336919,29.0996780396,-0.317917518289,0.0874369049095,-0.0521553467881,1.48527689787,0.34437868688,-0.0314466061517,0.0651941834851,100.0
14.950365,-0.779262240246,-0.286854407335,0.622029209488,-0.0448689380456,-0.171805848243,1.18538365384,2.68561686439,29.0996780396,-0.318684508683,0.0870534097125,-0.0517718515911,1.48412641228,0.344762182077,-0.0318301013486,0.0648106882882,100.0
14.960368,-0.775427288276,-0.285703921744,0.622796199881,-0.0433349572578,-0.170655362652,1.18001472108,2.68600035959,29.0996780396,-0.31906800388,0.0866699145155,-0.0525388419851,1.48412641228,0.34437868688,-0.0318301013486,0.0655776786821,100.0
14.970370,-0.771975831503,-0.284169940956,0.623946685472,-0.0441019476517,-0.170655362652,1.17617976911,2.68600035959,29.0996780396,-0.318301013486,0.0866699145155,-0.0525388419851,1.48412641228,0.344762182077,-0.0325970917426,0.0655776786821,100.0
14.980365,-0.767757384337,-0.283402950562,0.624713675866,-0.0429514620608,-0.169888372258,1.17042734116,2.68600035959,29.0996780396,-0.318684508683,0.0862864193186,-0.0525388419851,1.48489340267,0.344762182077,-0.0318301013486,0.0655776786821,100.0
14.990366,-0.763922432367,-0.281868969774,0.625097171063,-0.0410339860759,-0.169504877061,1.16582539879,2.68561686439,29.0996780396,-0.31906800388,0.0874369049095,-0.0525388419851,1.48374291708,0.344762182077,-0.0322135965456,0.0648106882882,100.0
15.000366,-0.7597039852,-0.280334988986,0.625097171063,-0.039500005288,-0.168737886667,1.15968947564,2.68676734998,29.0996780396,-0.318301013486,0.0878204001064,-0.0521553467881,1.48527689787,0.34437868688,-0.0318301013486,0.0655776786821,100.0
15.010391,-0.755102042837,-0.278801008198,0.626247656654,-0.0383495196971,-0.16835439147,1.15470403808,2.68676734998,29.0996780396,-0.318684508683,0.0866699145155,-0.052922337182,1.48297592669,0.345145677274,-0.0314466061517,0.0651941834851,100.0
15.020368,-0.751267090867,-0.277650522607,0.627398142245,-0.0379660245002,-0.16835439147,1.14856811493,2.68676734998,29.0996780396,-0.318684508683,0.0866699145155,-0.0525388419851,1.48489340267,0.345145677274,-0.0318301013486,0.0644271930912,100.0
15.030369,-0.747815634094,-0.276500037016,0.628932123033,-0.0371990341062,-0.16720390588,1.14319918217,2.68715084518,29.0996780396,-0.318301013486,0.0866699145155,-0.052922337182,1.48489340267,0.344762182077,-0.0325970917426,0.0648106882882,100.0
15.040369,-0.74321369173,-0.274582561031,0.628165132639,-0.0341310725305,-0.16720390588,1.13629626863,2.68676734998,29.0996780396,-0.317917518289,0.0870534097125,-0.0517718515911,1.48374291708,0.345145677274,-0.0310631109547,0.0648106882882,100.0
15.050365,-0.739378739761,-0.272665085047,0.630466103821,-0.0345145677274,-0.166053420289,1.12977685028,2.68715084518,29.0996780396,-0.317917518289,0.0862864193186,-0.0525388419851,1.48412641228,0.34437868688,-0.0310631109547,0.0655776786821,100.0
15.060365,-0.734009807003,-0.271514599456,0.631616589412,-0.0314466061517,-0.164902934698,1.12095646075,2.68791783557,29.0996780396,-0.318684508683,0.0874369049095,-0.0525388419851,1.48450990748,0.345145677274,-0.0318301013486,0.0655776786821,100.0
15.070368,-0.73055835023,-0.268830133077,0.631233094215,-0.0314466061517,-0.164902934698,1.11558752799,2.68868482597,29.0996780396,-0.318301013486,0.0870534097125,-0.0521553467881,1.48450990748,0.344762182077,-0.0314466061517,0.0655776786821,100.0
15.080369,-0.726723398261,-0.267296152289,0.632383579806,-0.0291456349698,-0.163752449107,1.10906810964,2.68945181636,29.0996780396,-0.318301013486,0.0870534097125,-0.0517718515911,1.48374291708,0.344762182077,-0.0322135965456,0.0648106882882,100.0
15.090367,-0.722888446291,-0.265762171501,0.6331505702,-0.0276116541819,-0.161834973122,1.10063121531,2.69060230195,29.0996780396,-0.318684508683,0.0874369049095,-0.0517718515911,1.48335942189,0.344762182077,-0.0322135965456,0.0655776786821,100.0
15.100365,-0.718669999124,-0.262310714728,0.634684550988,-0.026461168591,-0.160684487531,1.09372830176,2.69213628274,29.0996780396,-0.318301013486,0.0870534097125,-0.0521553467881,1.48412641228,0.345145677274,-0.0314466061517,0.0655776786821,100.0
15.110366,-0.713301066367,-0.260776733941,0.635068046185,-0.0241601974092,-0.161067982728,1.08644189302,2.69405375872,29.0996780396,-0.318684508683,0.0862864193186,-0.0521553467881,1.48374291708,0.345145677274,-0.0318301013486,0.0648106882882,100.0
15.120365,-0.708699124003,-0.258859257956,0.635451541382,-0.0226262166213,-0.15953400194,1.07800499869,2.69597123471,29.0996780396,-0.31906800388,0.0870534097125,-0.0521553467881,1.48489340267,0.344762182077,-0.0314466061517,0.0644271930912,100.0
15.130370,-0.70524766723,-0.25579129638,0.636985522169,-0.0214757310304,-0.15953400194,1.07225257073,2.69865570109,29.0996780396,-0.318301013486,0.0874369049095,-0.0525388419851,1.48412641228,0.345145677274,-0.0310631109547,0.0648106882882,100.0
15.140368,-0.700645724867,-0.253490325198,0.637752512563,-0.0207087406365,-0.158767011546,1.0638156764,2.70210715786,29.0996780396,-0.319451499077,0.0874369049095,-0.0513883563942,1.48412641228,0.344762182077,-0.0322135965456,0.0651941834851,100.0
15.150366,-0.696043782503,-0.250805858819,0.638902998154,-0.0176407790607,-0.157233030758,1.05767975325,2.70479162424,29.0996780396,-0.318684508683,0.0866699145155,-0.0517718515911,1.48374291708,0.344762182077,-0.0322135965456,0.0651941834851,100.0
15.160368,-0.691058344942,-0.248504887637,0.640053483745,-0.0168737886667,-0.156466040364,1.0507768397,2.7097770618,29.0996780396,-0.318684508683,0.0866699145155,-0.0521553467881,1.48374291708,0.344762182077,-0.0318301013486,0.0640436978942,100.0
15.170364,-0.686456402579,-0.246203916456,0.640436978942,-0.0153398078789,-0.156082545167,1.04272344057,2.71246152818,29.0996780396,-0.318684508683,0.0862864193186,-0.0525388419851,1.48374291708,0.345145677274,-0.0318301013486,0.0651941834851,100.0
15.180365,-0.682237955412,-0.24313595488,0.640436978942,-0.013422331894,-0.156849535561,1.03697101261,2.71783046094,29.0996780396,-0.317534023092,0.0866699145155,-0.0525388419851,1.48450990748,0.345145677274,-0.0322135965456,0.0651941834851,100.0
15.190366,-0.676869022654,-0.240067993304,0.641587464533,-0.0111213607122,-0.156849535561,1.02968460387,2.72166541291,29.0996780396,-0.318301013486,0.0870534097125,-0.0521553467881,1.48335942189,0.344762182077,-0.0322135965456,0.0659611738791,100.0
15.200369,-0.673034070685,-0.238150517319,0.641587464533,-0.00958737992428,-0.156849535561,1.02239819513,2.72665085047,29.0996780396,-0.31906800388,0.0874369049095,-0.0521553467881,1.48374291708,0.34437868688,-0.0318301013486,0.0648106882882,100.0
15.210365,-0.667665137927,-0.235082555743,0.642737950124,-0.00766990393943,-0.157616525955,1.01587877678,2.73086929763,29.0996780396,-0.318684508683,0.0870534097125,-0.052922337182,1.48335942189,0.344762182077,-0.0318301013486,0.0648106882882,100.0
15.220365,-0.663063195563,-0.232398089365,0.643121445321,-0.00613592315154,-0.158383516349,1.00974285363,2.73623823039,29.0996780396,-0.318301013486,0.0870534097125,-0.0521553467881,1.48412641228,0.344762182077,-0.0318301013486,0.0651941834851,100.0
15.230366,-0.657310767609,-0.229713622986,0.643888435715,-0.00383495196971,-0.159917497137,1.00322343528,2.74122366795,29.0996780396,-0.318684508683,0.0874369049095,-0.0525388419851,1.48450990748,0.34437868688,-0.0322135965456,0.0648106882882,100.0
15.240365,-0.652325330048,-0.227412651804,0.642354454927,-0.000383495196971,-0.161067982728,0.996704016929,2.74582561031,29.0996780396,-0.31906800388,0.0862864193186,-0.0517718515911,1.48335942189,0.34437868688,-0.0310631109547,0.0648106882882,100.0
15.250381,-0.647723387685,-0.224344690228,0.642737950124,0.00230097118183,-0.161834973122,0.990951588974,2.75119454307,29.0996780396,-0.31906800388,0.0866699145155,-0.053305832379,1.48450990748,0.345145677274,-0.0318301013486,0.0648106882882,100.0
15.260371,-0.643504940518,-0.222427214243,0.642737950124,0.00383495196971,-0.163752449107,0.985199161019,2.75656347583,29.0996780396,-0.318301013486,0.0866699145155,-0.0525388419851,1.48450990748,0.345145677274,-0.0314466061517,0.0644271930912,100.0
15.270368,-0.638519502957,-0.218208767077,0.642354454927,0.00766990393943,-0.165286429895,0.979830228262,2.76154891339,29.0996780396,-0.317917518289,0.0874369049095,-0.052922337182,1.48335942189,0.34437868688,-0.0314466061517,0.0640436978942,100.0
15.280389,-0.633917560594,-0.215907795895,0.642354454927,0.0103543703182,-0.16720390588,0.973310809913,2.76730134135,29.0996780396,-0.318301013486,0.0874369049095,-0.0525388419851,1.48374291708,0.344762182077,-0.0318301013486,0.0644271930912,100.0
15.290373,-0.62931561823,-0.213606824713,0.642354454927,0.0141893222879,-0.169121381864,0.967174886762,2.77382075969,29.0996780396,-0.317917518289,0.0870534097125,-0.0525388419851,1.48450990748,0.345145677274,-0.0322135965456,0.0648106882882,100.0
15.300372,-0.625864161457,-0.21015536794,0.643504940518,0.0172572838637,-0.172572838637,0.96103896361,2.77957318765,29.0996780396,-0.319834994274,0.0870534097125,-0.0525388419851,1.48450990748,0.34437868688,-0.0310631109547,0.0655776786821,100.0
15.310366,-0.620878723897,-0.208621387152,0.643504940518,0.0210922358334,-0.173723324228,0.955286535656,2.78647610119,29.0996780396,-0.318301013486,0.0866699145155,-0.0513883563942,1.48412641228,0.34437868688,-0.0314466061517,0.0659611738791,100.0
15.320365,-0.61666027673,-0.206320415971,0.643121445321,0.0249271878031,-0.177174781001,0.949534107701,2.79261202435,29.0996780396,-0.318684508683,0.0878204001064,-0.0517718515911,1.48412641228,0.344762182077,-0.0310631109547,0.0651941834851,100.0
15.330430,-0.610907848775,-0.202485464001,0.643504940518,0.027228158985,-0.17985924738,0.94454867014,2.79951493789,29.0996780396,-0.317534023092,0.0862864193186,-0.0521553467881,1.48374291708,0.345145677274,-0.0314466061517,0.0644271930912,100.0
15.340376,-0.607456392003,-0.200567988016,0.643121445321,0.0310631109547,-0.183310704152,0.937645756595,2.80680134663,29.0996780396,-0.318684508683,0.0859029241216,-0.0521553467881,1.48374291708,0.343995191683,-0.0322135965456,0.0651941834851,100.0
15.350365,-0.601703964048,-0.19750002644,0.642737950124,0.0348980629244,-0.186378665728,0.932660319034,2.81447125057,29.0996780396,-0.318684508683,0.0870534097125,-0.0521553467881,1.48412641228,0.345145677274,-0.0318301013486,0.0651941834851,100.0
15.360365,-0.598252507275,-0.194432064864,0.642354454927,0.0387330148941,-0.189830122501,0.926524395883,2.82214115451,29.0996780396,-0.318684508683,0.0878204001064,-0.052922337182,1.48412641228,0.344762182077,-0.0318301013486,0.0651941834851,100.0
15.370373,-0.593650564912,-0.192131093683,0.643121445321,0.0425679668638,-0.19251458888,0.921538958322,2.83172853444,29.0996780396,-0.317534023092,0.0862864193186,-0.0521553467881,1.48489340267,0.345145677274,-0.0318301013486,0.0655776786821,100.0
15.380522,-0.588665127351,-0.189830122501,0.642354454927,0.0471699092275,-0.196349540849,0.914636044777,2.84093241916,29.0996780396,-0.317917518289,0.0870534097125,-0.0525388419851,1.48412641228,0.344762182077,-0.0314466061517,0.0659611738791,100.0
15.390372,-0.584063184987,-0.187529151319,0.643121445321,0.0510048611972,-0.198267016834,0.908500121625,2.85051979909,29.0996780396,-0.317917518289,0.0866699145155,-0.0525388419851,1.48412641228,0.344762182077,-0.0314466061517,0.0644271930912,100.0
15.400368,-0.580228233018,-0.184077694546,0.642354454927,0.0552233083639,-0.20133497841,0.90159720808,2.86087416941,29.0996780396,-0.318684508683,0.0866699145155,-0.0517718515911,1.48450990748,0.345529172471,-0.0318301013486,0.0655776786821,100.0
15.410372,-0.576009785851,-0.181393228167,0.642737950124,0.0594417555306,-0.203635949592,0.895461284928,2.87084504453,29.0996780396,-0.318684508683,0.0874369049095,-0.0521553467881,1.48412641228,0.344762182077,-0.0306796157577,0.0651941834851,100.0
15.420372,-0.571791338684,-0.178325266592,0.642737950124,0.0640436978942,-0.207087406365,0.888558371383,2.88273339563,29.0996780396,-0.318684508683,0.0870534097125,-0.0521553467881,1.48412641228,0.343995191683,-0.0318301013486,0.0655776786821,100.0
15.430392,-0.567189396321,-0.17602429541,0.642737950124,0.0686456402579,-0.209004882349,0.882038953034,2.89385475635,29.0996780396,-0.318684508683,0.0866699145155,-0.0525388419851,1.48450990748,0.345145677274,-0.0318301013486,0.0644271930912,100.0
15.440368,-0.562587453957,-0.172956333834,0.643121445321,0.0728640874246,-0.211689348728,0.874369049095,2.90727708824,29.0996780396,-0.318684508683,0.0878204001064,-0.0521553467881,1.48450990748,0.344762182077,-0.0314466061517,0.0651941834851,100.0
15.450370,-0.557985511593,-0.169888372258,0.643504940518,0.0782330201822,-0.214373815107,0.866315649958,2.91878194415,29.0996780396,-0.317917518289,0.0870534097125,-0.052922337182,1.48450990748,0.344762182077,-0.0322135965456,0.066344669076,100.0
15.460367,-0.553767064427,-0.167587401076,0.643121445321,0.0832184577428,-0.216674786289,0.857111765231,2.93182078085,29.0996780396,-0.317917518289,0.0874369049095,-0.0525388419851,1.48412641228,0.34437868688,-0.0314466061517,0.0644271930912,100.0
15.470365,-0.550699102851,-0.164135944304,0.641587464533,0.0870534097125,-0.219359252668,0.849058366095,2.94562660794,29.0996780396,-0.318684508683,0.0870534097125,-0.0517718515911,1.48450990748,0.344762182077,-0.0322135965456,0.0644271930912,100.0
15.480365,-0.545330170093,-0.161451477925,0.643121445321,0.093189332864,-0.222043719046,0.840237976564,2.95828194944,29.0996780396,-0.318301013486,0.0878204001064,-0.0525388419851,1.48412641228,0.345145677274,-0.0322135965456,0.0648106882882,100.0
15.490402,-0.541878713321,-0.158767011546,0.64197095973,0.0981747704247,-0.225878671016,0.830267101443,2.97170428133,29.0996780396,-0.318684508683,0.0866699145155,-0.052922337182,1.48412641228,0.34437868688,-0.0310631109547,0.0659611738791,100.0
15.500368,-0.537276770957,-0.155315554773,0.640820474139,0.103927198379,-0.228179642198,0.818762245534,2.98474311803,29.0996780396,-0.317917518289,0.0874369049095,-0.0521553467881,1.48489340267,0.34437868688,-0.0314466061517,0.0648106882882,100.0
15.510367,-0.533441818987,-0.153398078789,0.64197095973,0.109679626334,-0.231247603774,0.808407875216,2.99739845953,29.0996780396,-0.318301013486,0.0866699145155,-0.0525388419851,1.48450990748,0.345145677274,-0.0318301013486,0.0659611738791,100.0
15.520367,-0.530373857411,-0.149946622016,0.640820474139,0.114665063894,-0.234315565349,0.79651952411,3.01120428662,29.0996780396,-0.318301013486,0.0870534097125,-0.0521553467881,1.48412641228,0.345145677274,-0.0318301013486,0.0651941834851,100.0
15.530363,-0.526922400639,-0.14687866044,0.64197095973,0.119650501455,-0.237383526925,0.785781658594,3.02385962812,29.0996780396,-0.318684508683,0.0874369049095,-0.0517718515911,1.48450990748,0.34437868688,-0.0310631109547,0.0651941834851,100.0
15.540370,-0.522703953472,-0.14304370847,0.640820474139,0.12540292941,-0.240451488501,0.774276802685,3.03728196001,29.0996780396,-0.318684508683,0.0874369049095,-0.052922337182,1.48450990748,0.344762182077,-0.0318301013486,0.0655776786821,100.0
15.550371,-0.518485506305,-0.139975746895,0.64197095973,0.132305842955,-0.243519450077,0.760854470791,3.04571885435,29.0996780396,-0.318301013486,0.0874369049095,-0.0525388419851,1.48450990748,0.345529172471,-0.0318301013486,0.0651941834851,100.0
15.560368,-0.515801039926,-0.136907785319,0.64197095973,0.139208756501,-0.245820421259,0.748582624488,3.04571885435,29.0996780396,-0.319451499077,0.0882038953034,-0.0525388419851,1.48450990748,0.345145677274,-0.0318301013486,0.0655776786821,100.0
15.570390,-0.512349583154,-0.133456328546,0.641587464533,0.144961184455,-0.24697090685,0.735160292594,3.04610234954,29.0996780396,-0.319451499077,0.0870534097125,-0.0510048611972,1.48450990748,0.344762182077,-0.0322135965456,0.0648106882882,100.0
15.580390,-0.509281621578,-0.13038836697,0.642354454927,0.151864098001,-0.249271878031,0.721354465503,3.04648584474,29.0996780396,-0.318301013486,0.0870534097125,-0.0517718515911,1.48450990748,0.344762182077,-0.0318301013486,0.0644271930912,100.0
15.590368,-0.506213660002,-0.126553415001,0.641587464533,0.157233030758,-0.250038868425,0.707165143215,3.04495186395,29.0996780396,-0.319451499077,0.0866699145155,-0.0521553467881,1.48489340267,0.344762182077,-0.0322135965456,0.0655776786821,100.0
15.600372,-0.502378708032,-0.122718463031,0.641587464533,0.164519439501,-0.251189354016,0.692208830533,3.04456836876,29.0996780396,-0.318301013486,0.0874369049095,-0.0525388419851,1.48412641228,0.34437868688,-0.0306796157577,0.0651941834851,100.0
15.610370,-0.500077736851,-0.119650501455,0.641587464533,0.171805848243,-0.253106830001,0.677252517851,3.04533535915,29.0996780396,-0.318301013486,0.0866699145155,-0.0517718515911,1.48489340267,0.344762182077,-0.0318301013486,0.0655776786821,100.0
15.620369,-0.496626280078,-0.116966035076,0.641203969336,0.177174781001,-0.253873820395,0.661912709973,3.04571885435,29.0996780396,-0.317534023092,0.0859029241216,-0.0525388419851,1.48450990748,0.345145677274,-0.0322135965456,0.0651941834851,100.0
15.630365,-0.493558318502,-0.113514578304,0.641587464533,0.184077694546,-0.254257315592,0.6458059117,3.0388159408,29.0996780396,-0.318301013486,0.0870534097125,-0.0525388419851,1.48374291708,0.344762182077,-0.0318301013486,0.0648106882882,100.0
15.640375,-0.49125734732,-0.109296131137,0.641203969336,0.191747598486,-0.254257315592,0.627781637442,3.03459749363,29.0996780396,-0.318684508683,0.0859029241216,-0.0521553467881,1.48412641228,0.345145677274,-0.0314466061517,0.0644271930912,100.0
15.650369,-0.488572880942,-0.106611664758,0.641587464533,0.197883521637,-0.254640810789,0.610907848775,3.03152953206,29.0996780396,-0.318301013486,0.0870534097125,-0.0521553467881,1.48374291708,0.344762182077,-0.0322135965456,0.0648106882882,100.0
15.660391,-0.48627190976,-0.102009722394,0.641587464533,0.204786435183,-0.254640810789,0.59134959373,3.03114603686,29.0996780396,-0.318684508683,0.0866699145155,-0.0521553467881,1.48489340267,0.344762182077,-0.0314466061517,0.0651941834851,100.0
15.670368,-0.483970938578,-0.0989417608186,0.641587464533,0.210922358334,-0.253490325198,0.572558329078,3.03152953206,29.0996780396,-0.318684508683,0.0878204001064,-0.0517718515911,1.48374291708,0.344762182077,-0.0322135965456,0.0651941834851,100.0
15.680371,-0.480519481805,-0.0954903040459,0.64197095973,0.217058281486,-0.253490325198,0.553767064427,3.03344700804,29.0996780396,-0.318301013486,0.0874369049095,-0.0517718515911,1.48450990748,0.344762182077,-0.0314466061517,0.0644271930912,100.0
15.690366,-0.477835015426,-0.0908883616822,0.64197095973,0.223961195031,-0.253490325198,0.534208809381,3.03804895041,29.0996780396,-0.317534023092,0.0866699145155,-0.0521553467881,1.48489340267,0.345145677274,-0.0314466061517,0.0651941834851,100.0
15.700384,-0.475150549048,-0.0874369049095,0.64197095973,0.229330127789,-0.253106830001,0.513883563942,3.04188390238,29.0996780396,-0.31906800388,0.0874369049095,-0.0521553467881,1.48335942189,0.345145677274,-0.0318301013486,0.0648106882882,100.0
15.710374,-0.474000063457,-0.0843689433337,0.64197095973,0.237000031728,-0.251572849213,0.493941813699,3.04495186395,29.0996780396,-0.31906800388,0.0870534097125,-0.0517718515911,1.48450990748,0.34437868688,-0.0314466061517,0.0651941834851,100.0
15.720368,-0.471699092275,-0.080917486561,0.640820474139,0.24313595488,-0.250422363622,0.472849577866,3.04495186395,29.0996780396,-0.318684508683,0.0870534097125,-0.0513883563942,1.48527689787,0.344762182077,-0.0314466061517,0.0651941834851,100.0
15.730365,-0.469398121093,-0.0763155441973,0.64197095973,0.248888382834,-0.24812139244,0.45329132282,3.04533535915,29.0996780396,-0.318301013486,0.0878204001064,-0.0525388419851,1.48450990748,0.345145677274,-0.0322135965456,0.0659611738791,100.0
15.740371,-0.468631130699,-0.0732475826215,0.641587464533,0.254640810789,-0.245820421259,0.433349572578,3.04533535915,29.0996780396,-0.317534023092,0.0870534097125,-0.0525388419851,1.48412641228,0.343995191683,-0.0318301013486,0.0651941834851,100.0
15.750379,-0.467480645108,-0.0694126306518,0.641587464533,0.25962624835,-0.244286440471,0.413024327138,3.04571885435,29.0996780396,-0.318684508683,0.0878204001064,-0.0521553467881,1.48489340267,0.344762182077,-0.0314466061517,0.0655776786821,100.0
15.760381,-0.465179673926,-0.066728164273,0.64197095973,0.266145666698,-0.24313595488,0.392699081699,3.04495186395,29.0996780396,-0.317917518289,0.0862864193186,-0.0521553467881,1.48374291708,0.344762182077,-0.0318301013486,0.0648106882882,100.0
15.770370,-0.463262197941,-0.0628932123033,0.641203969336,0.272665085047,-0.242368964486,0.372373836259,3.04533535915,29.0996780396,-0.318301013486,0.0870534097125,-0.0517718515911,1.48489340267,0.344762182077,-0.0318301013486,0.0648106882882,100.0
15.780368,-0.462495207547,-0.0594417555306,0.641587464533,0.278801008198,-0.240067993304,0.35204859082,3.04533535915,29.0996780396,-0.318684508683,0.0859029241216,-0.0517718515911,1.48374291708,0.344762182077,-0.0318301013486,0.0644271930912,100.0
15.790371,-0.460577731563,-0.0556068035608,0.641203969336,0.284553436153,-0.238150517319,0.332490335774,3.04571885435,29.0996780396,-0.317917518289,0.0866699145155,-0.0517718515911,1.48450990748,0.34437868688,-0.0318301013486,0.0655776786821,100.0
15.800382,-0.460577731563,-0.0521553467881,0.64197095973,0.290305864107,-0.236233041334,0.313699071123,3.04456836876,29.0996780396,-0.318301013486,0.0870534097125,-0.0517718515911,1.48450990748,0.345145677274,-0.0314466061517,0.0648106882882,100.0
15.810371,-0.459043750775,-0.0487038900154,0.641203969336,0.29759227285,-0.233932070153,0.294907806471,3.04495186395,29.0996780396,-0.318301013486,0.0870534097125,-0.052922337182,1.48412641228,0.345145677274,-0.0314466061517,0.0648106882882,100.0
15.820382,-0.458276760381,-0.0460194236366,0.640436978942,0.302194215213,-0.231247603774,0.276883532213,3.04456836876,29.0996780396,-0.317917518289,0.0870534097125,-0.0521553467881,1.48412641228,0.344762182077,-0.0310631109547,0.0659611738791,100.0
15.830390,-0.45712627479,-0.0429514620608,0.641203969336,0.307946643168,-0.228563137395,0.260776733941,3.04456836876,29.0996780396,-0.318684508683,0.0866699145155,-0.0517718515911,1.48489340267,0.345145677274,-0.0318301013486,0.0655776786821,100.0
15.840388,-0.456359284396,-0.0387330148941,0.640436978942,0.312932080729,-0.227029156607,0.24313595488,3.04495186395,29.0996780396,-0.318301013486,0.0870534097125,-0.0525388419851,1.48412641228,0.344762182077,-0.0310631109547,0.0655776786821,100.0
15.850372,-0.455592294002,-0.0364320437123,0.640436978942,0.319451499077,-0.223961195031,0.226262166213,3.04495186395,29.0996780396,-0.317534023092,0.0878204001064,-0.0521553467881,1.48412641228,0.34437868688,-0.0310631109547,0.0655776786821,100.0
15.860368,-0.455592294002,-0.0329805869395,0.640436978942,0.324436936638,-0.222427214243,0.211689348728,3.04533535915,29.0996780396,-0.317917518289,0.0870534097125,-0.052922337182,1.48450990748,0.34437868688,-0.0318301013486,0.0651941834851,100.0
15.870366,-0.455208798805,-0.0295291301668,0.640436978942,0.330572859789,-0.219359252668,0.19750002644,3.04495186395,29.0996780396,-0.318684508683,0.0862864193186,-0.0521553467881,1.48412641228,0.344762182077,-0.0318301013486,0.0651941834851,100.0
15.880369,-0.454825303608,-0.026844663788,0.641203969336,0.335174802153,-0.217058281486,0.184461189743,3.04533535915,29.0996780396,-0.318301013486,0.0874369049095,-0.0517718515911,1.48450990748,0.345145677274,-0.0322135965456,0.0648106882882,100.0
15.890382,-0.454058313214,-0.0245436926062,0.641203969336,0.340927230108,-0.215140805501,0.171805848243,3.04495186395,29.0996780396,-0.318301013486,0.0870534097125,-0.0521553467881,1.48489340267,0.345145677274,-0.0322135965456,0.0651941834851,100.0
15.900376,-0.454825303608,-0.0218592262274,0.641203969336,0.345912667668,-0.213223329516,0.160684487531,3.04495186395,29.0996780396,-0.317534023092,0.0878204001064,-0.0517718515911,1.48450990748,0.345145677274,-0.0314466061517,0.0651941834851,100.0
15.910372,-0.454441808411,-0.0191747598486,0.640053483745,0.351665095623,-0.211689348728,0.151097107607,3.04456836876,29.0996780396,-0.317917518289,0.0870534097125,-0.0521553467881,1.48527689787,0.34437868688,-0.0310631109547,0.0648106882882,100.0
15.920369,-0.454441808411,-0.0161067982728,0.639669988548,0.357417523577,-0.209388377546,0.141893222879,3.04495186395,29.0996780396,-0.318301013486,0.0878204001064,-0.0525388419851,1.48489340267,0.344762182077,-0.0318301013486,0.0651941834851,100.0
15.930364,-0.454058313214,-0.0141893222879,0.639669988548,0.362019465941,-0.207854396758,0.133839823743,3.04610234954,29.0996780396,-0.31906800388,0.0870534097125,-0.0521553467881,1.48450990748,0.344762182077,-0.0310631109547,0.0648106882882,100.0
15.940369,-0.45329132282,-0.0107378655152,0.639286493351,0.367771893896,-0.206320415971,0.126936910198,3.04533535915,29.0996780396,-0.317917518289,0.0874369049095,-0.0521553467881,1.48450990748,0.34437868688,-0.0325970917426,0.0655776786821,100.0
15.950369,-0.454441808411,-0.00882038953034,0.640053483745,0.372373836259,-0.203635949592,0.120800987046,3.04533535915,29.0996780396,-0.317917518289,0.0862864193186,-0.0525388419851,1.48489340267,0.344762182077,-0.0318301013486,0.0659611738791,100.0
15.960368,-0.455208798805,-0.00651941834851,0.639286493351,0.376975778623,-0.202485464001,0.116582539879,3.04533535915,29.0996780396,-0.318684508683,0.0866699145155,-0.0517718515911,1.48412641228,0.34437868688,-0.0314466061517,0.0651941834851,100.0
15.970368,-0.455208798805,-0.00383495196971,0.639669988548,0.382728206577,-0.200184492819,0.113131083107,3.04533535915,29.0996780396,-0.318301013486,0.0866699145155,-0.0521553467881,1.48527689787,0.344762182077,-0.0318301013486,0.0651941834851,100.0
15.980371,-0.456359284396,-0.00230097118183,0.638902998154,0.385796168153,-0.198267016834,0.110446616728,3.04456836876,29.0996780396,-0.318301013486,0.0874369049095,-0.052922337182,1.48450990748,0.34437868688,-0.0322135965456,0.0648106882882,100.0
15.990383,-0.456359284396,0.000383495196971,0.639286493351,0.390398110517,-0.196349540849,0.109296131137,3.04495186395,29.0996780396,-0.318684508683,0.0874369049095,-0.0521553467881,1.48450990748,0.344762182077,-0.0318301013486,0.0648106882882,100.0
16.000373,-0.457509769987,0.00345145677274,0.639286493351,0.39500005288,-0.195582550455,0.10891263594,3.04571885435,29.0996780396,-0.318684508683,0.0866699145155,-0.0521553467881,1.48374291708,0.344762182077,-0.0318301013486,0.0648106882882,100.0
16.010370,-0.45712627479,0.00575242795457,0.639286493351,0.398451509653,-0.194432064864,0.108529140743,3.04495186395,29.0996780396,-0.318301013486,0.0862864193186,-0.052922337182,1.48489340267,0.344762182077,-0.0318301013486,0.0651941834851,100.0
16.020367,-0.457509769987,0.00690291354548,0.638902998154,0.402286461623,-0.192131093683,0.110063121531,3.04456836876,29.0996780396,-0.31906800388,0.0866699145155,-0.0525388419851,1.48450990748,0.343995191683,-0.0322135965456,0.0655776786821,100.0
16.030365,-0.458276760381,0.00958737992428,0.638902998154,0.405737918396,-0.190597112895,0.111597102319,3.04610234954,29.0996780396,-0.317917518289,0.0862864193186,-0.0525388419851,1.48527689787,0.345529172471,-0.0314466061517,0.0648106882882,100.0
16.040371,-0.458660255578,0.0107378655152,0.639286493351,0.409189375168,-0.189446627304,0.113514578304,3.04571885435,29.0996780396,-0.318301013486,0.0870534097125,-0.0521553467881,1.48489340267,0.344762182077,-0.0318301013486,0.0651941834851,100.0
16.050372,-0.459043750775,0.0118883511061,0.639669988548,0.41149034635,-0.187529151319,0.116199044682,3.04533535915,29.0996780396,-0.317917518289,0.0866699145155,-0.0517718515911,1.48450990748,0.344762182077,-0.0318301013486,0.0644271930912,100.0
16.060371,-0.459810741169,0.013422331894,0.639669988548,0.415708793517,-0.186378665728,0.118883511061,3.04571885435,29.0996780396,-0.317917518289,0.0866699145155,-0.052922337182,1.48450990748,0.344762182077,-0.0318301013486,0.0655776786821,100.0
16.070370,-0.46096122676,0.0145728174849,0.638519502957,0.418776755093,-0.185228180137,0.12156797744,3.04495186395,29.0996780396,-0.318301013486,0.0866699145155,-0.0517718515911,1.48489340267,0.34437868688,-0.0314466061517,0.0651941834851,100.0
16.080369,-0.460194236366,0.0145728174849,0.638519502957,0.421077726275,-0.184461189743,0.12540292941,3.04571885435,29.0996780396,-0.318684508683,0.0870534097125,-0.0517718515911,1.48489340267,0.344762182077,-0.0318301013486,0.0648106882882,100.0
16.090371,-0.46211171235,0.0168737886667,0.639286493351,0.424529183047,-0.182160218561,0.130004871773,3.04495186395,29.0996780396,-0.318684508683,0.0866699145155,-0.0517718515911,1.48450990748,0.345145677274,-0.0322135965456,0.0651941834851,100.0
16.100466,-0.46211171235,0.0180242742577,0.639669988548,0.426063163835,-0.181393228167,0.133839823743,3.04571885435,29.0996780396,-0.318301013486,0.0870534097125,-0.0521553467881,1.48489340267,0.34437868688,-0.0310631109547,0.0644271930912,100.0
16.110406,-0.462495207547,0.0172572838637,0.640053483745,0.428364135017,-0.180242742577,0.138825261304,3.04495186395,29.0996780396,-0.31906800388,0.0874369049095,-0.0517718515911,1.48450990748,0.34437868688,-0.0318301013486,0.0655776786821,100.0
16.120370,-0.462878702744,0.0184077694546,0.638902998154,0.429898115805,-0.178708761789,0.144577689258,3.04495186395,29.0996780396,-0.317917518289,0.0870534097125,-0.0517718515911,1.48335942189,0.34437868688,-0.0318301013486,0.0655776786821,100.0
16.130364,-0.462878702744,0.0203252454395,0.638902998154,0.430665106199,-0.177941771395,0.15071361241,3.04533535915,29.0996780396,-0.317917518289,0.0862864193186,-0.0517718515911,1.48412641228,0.34437868688,-0.0318301013486,0.0651941834851,100.0
16.140542,-0.463262197941,0.0210922358334,0.639286493351,0.432966077381,-0.177174781001,0.157233030758,3.04495186395,29.0996780396,-0.318684508683,0.0874369049095,-0.0513883563942,1.48450990748,0.34437868688,-0.0314466061517,0.0651941834851,100.0
16.150384,-0.464412683532,0.0210922358334,0.638519502957,0.434500058169,-0.175640800213,0.16336895391,3.04533535915,29.0996780396,-0.318301013486,0.0866699145155,-0.0521553467881,1.48412641228,0.343995191683,-0.0310631109547,0.0648106882882,100.0
16.160370,-0.465179673926,0.0207087406365,0.638519502957,0.435267048562,-0.174106819425,0.171038857849,3.04571885435,29.0996780396,-0.318301013486,0.0870534097125,-0.0521553467881,1.48412641228,0.34437868688,-0.0310631109547,0.0648106882882,100.0
16.170366,-0.465179673926,0.0222427214243,0.637752512563,0.437184524547,-0.173723324228,0.178708761789,3.04533535915,29.0996780396,-0.318301013486,0.0870534097125,-0.0525388419851,1.48489340267,0.344762182077,-0.0318301013486,0.0640436978942,100.0
16.180366,-0.465179673926,0.0222427214243,0.63813600776,0.437568019744,-0.173339829031,0.186378665728,3.04495186395,29.0996780396,-0.31906800388,0.0862864193186,-0.0521553467881,1.48450990748,0.34437868688,-0.0318301013486,0.0655776786821,100.0
16.190371,-0.467097149911,0.0222427214243,0.63813600776,0.437951514941,-0.173723324228,0.196733036046,3.04533535915,29.0996780396,-0.318684508683,0.0870534097125,-0.0517718515911,1.48412641228,0.345145677274,-0.0318301013486,0.0659611738791,100.0
16.200372,-0.467864140305,0.0226262166213,0.637369017366,0.438718505335,-0.173723324228,0.204786435183,3.04495186395,29.0996780396,-0.318301013486,0.0862864193186,-0.0521553467881,1.48450990748,0.344762182077,-0.0314466061517,0.0648106882882,100.0
16.210368,-0.467864140305,0.0226262166213,0.636985522169,0.439102000532,-0.173339829031,0.214373815107,3.04533535915,29.0996780396,-0.317917518289,0.0859029241216,-0.0517718515911,1.48412641228,0.344762182077,-0.0314466061517,0.0648106882882,100.0
16.220367,-0.467864140305,0.0230097118183,0.637752512563,0.439102000532,-0.173339829031,0.223577699834,3.04533535915,29.0996780396,-0.317917518289,0.0878204001064,-0.0525388419851,1.48335942189,0.34437868688,-0.0325970917426,0.0659611738791,100.0
16.230367,-0.469014625896,0.0222427214243,0.636985522169,0.439102000532,-0.172956333834,0.234699060546,3.04456836876,29.0996780396,-0.318684508683,0.0870534097125,-0.0525388419851,1.48374291708,0.343995191683,-0.0318301013486,0.0644271930912,100.0
16.240366,-0.470165111487,0.0233932070153,0.636985522169,0.439485495729,-0.172956333834,0.245053430865,3.04533535915,29.0996780396,-0.31906800388,0.0870534097125,-0.052922337182,1.48374291708,0.34437868688,-0.0318301013486,0.0648106882882,100.0
16.250380,-0.470548606684,0.0230097118183,0.63813600776,0.438718505335,-0.173723324228,0.256174791577,3.04456836876,29.0996780396,-0.318301013486,0.0874369049095,-0.0525388419851,1.48335942189,0.344762182077,-0.0322135965456,0.0655776786821,100.0
16.260372,-0.471315597078,0.0237767022122,0.637369017366,0.437951514941,-0.173339829031,0.265762171501,3.04533535915,29.0996780396,-0.318301013486,0.0866699145155,-0.0521553467881,1.48450990748,0.34437868688,-0.0322135965456,0.0655776786821,100.0
16.270389,-0.472849577866,0.0233932070153,0.636985522169,0.438335010138,-0.174106819425,0.277650522607,3.04495186395,29.0996780396,-0.318301013486,0.0874369049095,-0.0525388419851,1.48489340267,0.345145677274,-0.0318301013486,0.0651941834851,100.0
16.280371,-0.472849577866,0.0226262166213,0.63813600776,0.437951514941,-0.175257305016,0.288771883319,3.04571885435,29.0996780396,-0.317917518289,0.0870534097125,-0.052922337182,1.48412641228,0.34437868688,-0.0322135965456,0.0651941834851,100.0
16.290369,-0.474000063457,0.0226262166213,0.637752512563,0.437184524547,-0.176791285804,0.297208777653,3.04495186395,29.0996780396,-0.317534023092,0.0866699145155,-0.0525388419851,1.48412641228,0.344762182077,-0.0310631109547,0.0644271930912,100.0
16.300369,-0.475534044244,0.0222427214243,0.637752512563,0.437184524547,-0.176791285804,0.308330138365,3.04495186395,29.0996780396,-0.318301013486,0.0859029241216,-0.0517718515911,1.48412641228,0.344762182077,-0.0314466061517,0.0651941834851,100.0
16.310368,-0.476684529835,0.0226262166213,0.636985522169,0.43680102935,-0.177941771395,0.316767032698,3.04495186395,29.0996780396,-0.318301013486,0.0859029241216,-0.0517718515911,1.48489340267,0.344762182077,-0.0318301013486,0.0651941834851,100.0
16.320379,-0.476301034638,0.0218592262274,0.637752512563,0.43680102935,-0.17985924738,0.325587422229,3.04533535915,29.0996780396,-0.317917518289,0.0874369049095,-0.0521553467881,1.48450990748,0.343995191683,-0.0318301013486,0.0644271930912,100.0
16.330366,-0.478218510623,0.0210922358334,0.637752512563,0.437568019744,-0.18100973297,0.333257326168,3.04495186395,29.0996780396,-0.318684508683,0.0878204001064,-0.0525388419851,1.48489340267,0.343995191683,-0.0310631109547,0.0655776786821,100.0
16.340367,-0.479752491411,0.0222427214243,0.63813600776,0.43680102935,-0.183310704152,0.339776744517,3.04495186395,29.0996780396,-0.318301013486,0.0866699145155,-0.052922337182,1.48412641228,0.344762182077,-0.0314466061517,0.0659611738791,100.0
16.350370,-0.480519481805,0.0218592262274,0.636985522169,0.43680102935,-0.184461189743,0.345912667668,3.04533535915,29.0996780396,-0.318684508683,0.0862864193186,-0.0525388419851,1.48527689787,0.343611696486,-0.0314466061517,0.0651941834851,100.0
16.360368,-0.480902977002,0.0210922358334,0.638519502957,0.437184524547,-0.185611675334,0.351281600426,3.04533535915,29.0996780396,-0.317534023092,0.0866699145155,-0.0517718515911,1.48374291708,0.344762182077,-0.0310631109547,0.0655776786821,100.0
16.370385,-0.481286472199,0.0218592262274,0.637752512563,0.43680102935,-0.185995170531,0.357417523577,3.04456836876,29.0996780396,-0.318301013486,0.0870534097125,-0.0525388419851,1.48450990748,0.344762182077,-0.0318301013486,0.0655776786821,100.0
16.380367,-0.482820452987,0.0207087406365,0.637369017366,0.437568019744,-0.185995170531,0.361252475547,3.04533535915,29.0996780396,-0.318684508683,0.0870534097125,-0.0513883563942,1.48450990748,0.34437868688,-0.0322135965456,0.0640436978942,100.0
16.390368,-0.483970938578,0.0203252454395,0.63813600776,0.437951514941,-0.186378665728,0.365470922714,3.04495186395,29.0996780396,-0.318301013486,0.0870534097125,-0.0517718515911,1.48527689787,0.343995191683,-0.0314466061517,0.0648106882882,100.0
16.400369,-0.483970938578,0.0214757310304,0.63813600776,0.437568019744,-0.187145656122,0.367771893896,3.04495186395,29.0996780396,-0.31906800388,0.0862864193186,-0.0517718515911,1.48450990748,0.344762182077,-0.0314466061517,0.0648106882882,100.0
16.410367,-0.485504919366,0.0210922358334,0.638519502957,0.437184524547,-0.187145656122,0.36968936988,3.04571885435,29.0996780396,-0.318684508683,0.0862864193186,-0.0521553467881,1.48450990748,0.345145677274,-0.0310631109547,0.0651941834851,100.0
16.420364,-0.48627190976,0.0218592262274,0.637752512563,0.437568019744,-0.187529151319,0.370072865077,3.04533535915,29.0996780396,-0.317917518289,0.0878204001064,-0.0521553467881,1.48450990748,0.344762182077,-0.0318301013486,0.0651941834851,100.0
16.430369,-0.48627190976,0.0214757310304,0.637369017366,0.437568019744,-0.187529151319,0.370839855471,3.04533535915,29.0996780396,-0.317917518289,0.0874369049095,-0.0525388419851,1.48412641228,0.345145677274,-0.0322135965456,0.0655776786821,100.0
16.440368,-0.487422395351,0.0207087406365,0.63813600776,0.438335010138,-0.187529151319,0.370072865077,3.04533535915,29.0996780396,-0.318684508683,0.0866699145155,-0.0517718515911,1.48489340267,0.345145677274,-0.0322135965456,0.0648106882882,100.0
16.450374,-0.488189385745,0.0214757310304,0.637752512563,0.437951514941,-0.187912646516,0.369305874683,3.04495186395,29.0996780396,-0.318301013486,0.0874369049095,-0.0521553467881,1.48450990748,0.344762182077,-0.0314466061517,0.0655776786821,100.0
16.460377,-0.489723366532,0.0210922358334,0.637369017366,0.438718505335,-0.187912646516,0.368155389092,3.04610234954,29.0996780396,-0.317534023092,0.0866699145155,-0.0513883563942,1.48412641228,0.345145677274,-0.0318301013486,0.0655776786821,100.0
16.470365,-0.490490356926,0.0218592262274,0.637369017366,0.438335010138,-0.187529151319,0.367004903502,3.04533535915,29.0996780396,-0.317917518289,0.0866699145155,-0.0525388419851,1.48527689787,0.34437868688,-0.0318301013486,0.0651941834851,100.0
16.480365,-0.490106861729,0.0210922358334,0.637752512563,0.437184524547,-0.187912646516,0.365470922714,3.04495186395,29.0996780396,-0.318301013486,0.0862864193186,-0.052922337182,1.48412641228,0.345145677274,-0.0314466061517,0.0655776786821,100.0
16.490365,-0.490490356926,0.0214757310304,0.637752512563,0.437568019744,-0.188296141713,0.363936941926,3.04571885435,29.0996780396,-0.318301013486,0.0870534097125,-0.0521553467881,1.48450990748,0.34437868688,-0.0322135965456,0.0651941834851,100.0
16.500362,-0.490873852123,0.0214757310304,0.636985522169,0.438335010138,-0.18867963691,0.360101989956,3.04456836876,29.0996780396,-0.318684508683,0.0878204001064,-0.0525388419851,1.48450990748,0.345529172471,-0.0314466061517,0.0651941834851,100.0
16.510367,-0.491640842517,0.0218592262274,0.637369017366,0.437184524547,-0.18867963691,0.357801018774,3.04495186395,29.0996780396,-0.31906800388,0.0882038953034,-0.053305832379,1.48450990748,0.34437868688,-0.0314466061517,0.0651941834851,100.0
16.520364,-0.491640842517,0.0218592262274,0.636218531775,0.437951514941,-0.189063132107,0.353199076411,3.04495186395,29.0996780396,-0.318301013486,0.0870534097125,-0.0525388419851,1.48489340267,0.345529172471,-0.0318301013486,0.0651941834851,100.0
16.530366,-0.492024337714,0.0218592262274,0.636985522169,0.437951514941,-0.189446627304,0.349747619638,3.04533535915,29.0996780396,-0.318684508683,0.0859029241216,-0.0521553467881,1.48450990748,0.344762182077,-0.0322135965456,0.0651941834851,100.0
16.540368,-0.491640842517,0.0222427214243,0.635835036579,0.438335010138,-0.189446627304,0.345145677274,3.04456836876,29.0996780396,-0.317917518289,0.0866699145155,-0.052922337182,1.48374291708,0.344762182077,-0.0322135965456,0.0648106882882,100.0
16.550389,-0.492407832911,0.0218592262274,0.635451541382,0.437951514941,-0.190597112895,0.341310725305,3.04533535915,29.0996780396,-0.318301013486,0.0862864193186,-0.053305832379,1.48450990748,0.345145677274,-0.0318301013486,0.0659611738791,100.0
16.560370,-0.491640842517,0.0222427214243,0.636602026972,0.438718505335,-0.190597112895,0.335174802153,3.04456836876,29.0996780396,-0.319451499077,0.0866699145155,-0.0521553467881,1.48450990748,0.344762182077,-0.0322135965456,0.0651941834851,100.0
16.570365,-0.492791328108,0.0230097118183,0.635451541382,0.438335010138,-0.190980608092,0.330572859789,3.04495186395,29.0996780396,-0.318301013486,0.0870534097125,-0.0521553467881,1.48450990748,0.344762182077,-0.0310631109547,0.0655776786821,100.0
16.580363,-0.492791328108,0.0226262166213,0.635451541382,0.438335010138,-0.191364103289,0.324053441441,3.04533535915,29.0996780396,-0.318684508683,0.0866699145155,-0.0525388419851,1.48489340267,0.344762182077,-0.0329805869395,0.0651941834851,100.0
16.590368,-0.492024337714,0.0226262166213,0.635451541382,0.438335010138,-0.191747598486,0.317534023092,3.04456836876,29.0996780396,-0.318301013486,0.0870534097125,-0.0525388419851,1.48566039307,0.34437868688,-0.0322135965456,0.0648106882882,100.0
16.600365,-0.492407832911,0.0226262166213,0.635835036579,0.438335010138,-0.192898084077,0.311014604744,3.04571885435,29.0996780396,-0.318301013486,0.0870534097125,-0.0521553467881,1.48450990748,0.34437868688,-0.0318301013486,0.0640436978942,100.0
16.610369,-0.492024337714,0.0230097118183,0.635068046185,0.438335010138,-0.192898084077,0.303728196001,3.04495186395,29.0996780396,-0.317917518289,0.0866699145155,-0.0525388419851,1.48450990748,0.34437868688,-0.0322135965456,0.0648106882882,100.0
16.620363,-0.492407832911,0.0230097118183,0.635835036579,0.438718505335,-0.193665074471,0.295674796865,3.04533535915,29.0996780396,-0.318301013486,0.0862864193186,-0.0525388419851,1.48450990748,0.344762182077,-0.0322135965456,0.0651941834851,100.0
16.630365,-0.491640842517,0.0230097118183,0.635451541382,0.438718505335,-0.193665074471,0.287237902532,3.04495186395,29.0996780396,-0.318301013486,0.0874369049095,-0.0525388419851,1.48412641228,0.345145677274,-0.0325970917426,0.0640436978942,100.0
16.640364,-0.492024337714,0.0226262166213,0.635835036579,0.439102000532,-0.193665074471,0.280334988986,3.04533535915,29.0996780396,-0.31906800388,0.0870534097125,-0.0525388419851,1.48412641228,0.345145677274,-0.0318301013486,0.0640436978942,100.0
16.650365,-0.490873852123,0.0237767022122,0.635835036579,0.438335010138,-0.194048569668,0.271514599456,3.04533535915,29.0996780396,-0.317917518289,0.0870534097125,-0.0525388419851,1.48412641228,0.345529172471,-0.0325970917426,0.0655776786821,100.0
16.660367,-0.491640842517,0.0241601974092,0.635068046185,0.438718505335,-0.194815560061,0.261927219531,3.04495186395,29.0996780396,-0.317917518289,0.0870534097125,-0.0517718515911,1.48412641228,0.345145677274,-0.0314466061517,0.0648106882882,100.0
16.670364,-0.49125734732,0.0237767022122,0.635835036579,0.439102000532,-0.194432064864,0.253490325198,3.04533535915,29.0996780396,-0.318301013486,0.0866699145155,-0.0521553467881,1.48489340267,0.345145677274,-0.0322135965456,0.0659611738791,100.0
16.680466,-0.490873852123,0.0237767022122,0.635451541382,0.438335010138,-0.194815560061,0.244669935668,3.04495186395,29.0996780396,-0.317917518289,0.0862864193186,-0.0525388419851,1.48450990748,0.34437868688,-0.0322135965456,0.0644271930912,100.0
16.690361,-0.490490356926,0.0241601974092,0.635451541382,0.438718505335,-0.195199055258,0.236233041334,3.04456836876,29.0996780396,-0.318684508683,0.0862864193186,-0.0525388419851,1.48527689787,0.34437868688,-0.0322135965456,0.0659611738791,100.0
16.700369,-0.489339871335,0.0245436926062,0.635451541382,0.439485495729,-0.195199055258,0.226262166213,3.04456836876,29.0996780396,-0.318301013486,0.0866699145155,-0.0525388419851,1.48412641228,0.344762182077,-0.0314466061517,0.0655776786821,100.0
16.710371,-0.490106861729,0.0256941781971,0.635068046185,0.438718505335,-0.195582550455,0.217058281486,3.04533535915,29.0996780396,-0.318301013486,0.0866699145155,-0.0521553467881,1.48374291708,0.34437868688,-0.0318301013486,0.0651941834851,100.0
16.720362,-0.488956376138,0.0249271878031,0.634684550988,0.439102000532,-0.197116531243,0.208237891955,3.04456836876,29.0996780396,-0.318684508683,0.0866699145155,-0.0525388419851,1.48566039307,0.345145677274,-0.0314466061517,0.0640436978942,100.0
16.730391,-0.488956376138,0.0256941781971,0.634301055791,0.438718505335,-0.198267016834,0.199417502425,3.04456836876,29.0996780396,-0.318684508683,0.0878204001064,-0.0517718515911,1.48374291708,0.344762182077,-0.0322135965456,0.0659611738791,100.0
16.740369,-0.488189385745,0.0249271878031,0.633534065397,0.439102000532,-0.198650512031,0.190597112895,3.04571885435,29.0996780396,-0.318301013486,0.0866699145155,-0.0525388419851,1.48450990748,0.344762182077,-0.0322135965456,0.0651941834851,100.0
16.750369,-0.488189385745,0.0260776733941,0.633917560594,0.438335010138,-0.199417502425,0.181393228167,3.04456836876,29.0996780396,-0.318684508683,0.0870534097125,-0.0517718515911,1.48412641228,0.344762182077,-0.0318301013486,0.0644271930912,100.0
16.760372,-0.487805890548,0.026461168591,0.634301055791,0.438335010138,-0.200567988016,0.173723324228,3.04418487356,29.0996780396,-0.318301013486,0.0859029241216,-0.0525388419851,1.48412641228,0.344762182077,-0.0314466061517,0.0651941834851,100.0
16.770369,-0.488189385745,0.0260776733941,0.633917560594,0.438718505335,-0.201718473607,0.166053420289,3.04495186395,29.0996780396,-0.317917518289,0.0870534097125,-0.0525388419851,1.48450990748,0.344762182077,-0.0318301013486,0.0659611738791,100.0
16.780366,-0.487805890548,0.026461168591,0.6331505702,0.439102000532,-0.200951483213,0.158383516349,3.04456836876,29.0996780396,-0.317917518289,0.0878204001064,-0.0521553467881,1.48527689787,0.345145677274,-0.0318301013486,0.0648106882882,100.0
16.790370,-0.487038900154,0.026844663788,0.633917560594,0.439102000532,-0.202485464001,0.151480602804,3.04456836876,29.0996780396,-0.318301013486,0.0862864193186,-0.0517718515911,1.48374291708,0.344762182077,-0.0314466061517,0.0648106882882,100.0
16.800485,-0.485888414563,0.0260776733941,0.633534065397,0.439102000532,-0.202101968804,0.144577689258,3.04495186395,29.0996780396,-0.318301013486,0.0874369049095,-0.0521553467881,1.48489340267,0.34437868688,-0.0325970917426,0.0655776786821,100.0
16.810374,-0.486655404957,0.0256941781971,0.634301055791,0.437951514941,-0.203252454395,0.138441766107,3.04533535915,29.0996780396,-0.318301013486,0.0862864193186,-0.0521553467881,1.48489340267,0.34437868688,-0.0322135965456,0.0648106882882,100.0
16.820370,-0.48627190976,0.026461168591,0.633534065397,0.438718505335,-0.202868959198,0.132305842955,3.04495186395,29.0996780396,-0.318301013486,0.0862864193186,-0.0513883563942,1.48450990748,0.34437868688,-0.0314466061517,0.0648106882882,100.0
16.830369,-0.48627190976,0.026461168591,0.634684550988,0.438718505335,-0.203635949592,0.12540292941,3.04495186395,29.0996780396,-0.318301013486,0.0870534097125,-0.0521553467881,1.48412641228,0.34437868688,-0.0314466061517,0.0655776786821,100.0
16.840384,-0.485888414563,0.026844663788,0.633917560594,0.439102000532,-0.203635949592,0.120800987046,3.04456836876,29.0996780396,-0.317534023092,0.0870534097125,-0.0510048611972,1.48374291708,0.34437868688,-0.0322135965456,0.066344669076,100.0
16.850395,-0.486655404957,0.026844663788,0.633917560594,0.439102000532,-0.203635949592,0.115815549485,3.04533535915,29.0996780396,-0.317917518289,0.0870534097125,-0.0521553467881,1.48489340267,0.34437868688,-0.0318301013486,0.0640436978942,100.0
16.860380,-0.48627190976,0.027228158985,0.634301055791,0.437951514941,-0.202868959198,0.111597102319,3.04533535915,29.0996780396,-0.317917518289,0.0866699145155,-0.0517718515911,1.48412641228,0.344762182077,-0.0322135965456,0.0651941834851,100.0
16.870366,-0.485504919366,0.0260776733941,0.634301055791,0.438335010138,-0.203635949592,0.108145645546,3.04495186395,29.0996780396,-0.317534023092,0.0866699145155,-0.0513883563942,1.48412641228,0.344762182077,-0.0322135965456,0.0651941834851,100.0
16.880366,-0.48627190976,0.0260776733941,0.634301055791,0.439102000532,-0.203252454395,0.10507768397,3.04495186395,29.0996780396,-0.318684508683,0.0866699145155,-0.052922337182,1.48412641228,0.343611696486,-0.0318301013486,0.0648106882882,100.0
16.890365,-0.485121424169,0.0260776733941,0.634301055791,0.438718505335,-0.203635949592,0.103160207985,3.04533535915,29.0996780396,-0.31906800388,0.0859029241216,-0.0525388419851,1.48566039307,0.345145677274,-0.0318301013486,0.0651941834851,100.0
16.900364,-0.485121424169,0.0256941781971,0.633917560594,0.438718505335,-0.203635949592,0.100475741606,3.04495186395,29.0996780396,-0.318301013486,0.0859029241216,-0.0525388419851,1.48450990748,0.344762182077,-0.0318301013486,0.0648106882882,100.0
16.910368,-0.484737928972,0.0249271878031,0.633534065397,0.438718505335,-0.203252454395,0.0997087512126,3.04533535915,29.0996780396,-0.318301013486,0.0882038953034,-0.052922337182,1.48412641228,0.344762182077,-0.0318301013486,0.0651941834851,100.0
16.920364,-0.485504919366,0.0249271878031,0.634301055791,0.437951514941,-0.202868959198,0.0981747704247,3.04571885435,29.0996780396,-0.317917518289,0.0859029241216,-0.0517718515911,1.48412641228,0.344762182077,-0.0310631109547,0.0644271930912,100.0
16.930364,-0.485888414563,0.0249271878031,0.634301055791,0.437951514941,-0.203252454395,0.0993252560156,3.04533535915,29.0996780396,-0.318301013486,0.0878204001064,-0.0525388419851,1.48489340267,0.344762182077,-0.0318301013486,0.0651941834851,100.0
16.940367,-0.48627190976,0.0245436926062,0.633917560594,0.437951514941,-0.203635949592,0.0989417608186,3.04495186395,29.0996780396,-0.318301013486,0.0878204001064,-0.0513883563942,1.48412641228,0.34437868688,-0.0314466061517,0.0651941834851,100.0
16.950365,-0.485121424169,0.0245436926062,0.633534065397,0.437568019744,-0.202868959198,0.0985582656216,3.04495186395,29.0996780396,-0.317917518289,0.0870534097125,-0.0525388419851,1.48450990748,0.34437868688,-0.0314466061517,0.0659611738791,100.0
16.960370,-0.485121424169,0.0245436926062,0.634684550988,0.437951514941,-0.203635949592,0.0997087512126,3.04533535915,29.0996780396,-0.318684508683,0.0878204001064,-0.0513883563942,1.48450990748,0.344762182077,-0.0318301013486,0.0655776786821,100.0
16.970390,-0.48627190976,0.0233932070153,0.634684550988,0.43680102935,-0.203252454395,0.100859236803,3.04418487356,29.0996780396,-0.318301013486,0.0862864193186,-0.0525388419851,1.48450990748,0.344762182077,-0.0322135965456,0.0651941834851,100.0
16.980372,-0.485888414563,0.0230097118183,0.633917560594,0.43680102935,-0.203252454395,0.101242732,3.04495186395,29.0996780396,-0.317534023092,0.0874369049095,-0.052922337182,1.48489340267,0.345529172471,-0.0314466061517,0.0659611738791,100.0
16.990369,-0.485121424169,0.0226262166213,0.633534065397,0.436417534153,-0.203252454395,0.102776712788,3.04571885435,29.0996780396,-0.317917518289,0.0874369049095,-0.0521553467881,1.48412641228,0.344762182077,-0.0314466061517,0.066344669076,100.0
17.000365,-0.485504919366,0.0222427214243,0.633917560594,0.436034038956,-0.204402939986,0.103927198379,3.04495186395,29.0996780396,-0.317917518289,0.0870534097125,-0.0525388419851,1.48566039307,0.344762182077,-0.0314466061517,0.0655776786821,100.0
17.010370,-0.48627190976,0.0218592262274,0.635451541382,0.435650543759,-0.204019444789,0.104310693576,3.04380137836,29.0996780396,-0.318684508683,0.0855194289246,-0.052922337182,1.48450990748,0.345145677274,-0.0322135965456,0.0651941834851,100.0
17.020365,-0.485504919366,0.0218592262274,0.633917560594,0.436417534153,-0.204402939986,0.103927198379,3.04495186395,29.0996780396,-0.318301013486,0.0862864193186,-0.0510048611972,1.48412641228,0.344762182077,-0.0318301013486,0.0651941834851,100.0
17.030366,-0.485888414563,0.0218592262274,0.634301055791,0.435650543759,-0.204402939986,0.103927198379,3.04495186395,29.0996780396,-0.318301013486,0.0862864193186,-0.052922337182,1.48566039307,0.34437868688,-0.0314466061517,0.0648106882882,100.0
17.040363,-0.48627190976,0.0207087406365,0.634684550988,0.436034038956,-0.204019444789,0.103160207985,3.04495186395,29.0996780396,-0.317534023092,0.0866699145155,-0.052922337182,1.48450990748,0.345145677274,-0.0314466061517,0.0651941834851,100.0
17.050362,-0.485504919366,0.0214757310304,0.633917560594,0.436417534153,-0.204786435183,0.103543703182,3.04495186395,29.0996780396,-0.31906800388,0.0870534097125,-0.052922337182,1.48450990748,0.34437868688,-0.0310631109547,0.0651941834851,100.0
17.060379,-0.485504919366,0.0214757310304,0.634301055791,0.436417534153,-0.20516993038,0.103160207985,3.04418487356,29.0996780396,-0.317917518289,0.0870534097125,-0.0525388419851,1.48450990748,0.345145677274,-0.0318301013486,0.0648106882882,100.0
17.070379,-0.485888414563,0.0210922358334,0.634301055791,0.435267048562,-0.20516993038,0.102776712788,3.04456836876,29.0996780396,-0.318301013486,0.0866699145155,-0.0521553467881,1.48489340267,0.34437868688,-0.0318301013486,0.0655776786821,100.0
17.080369,-0.485888414563,0.0210922358334,0.634301055791,0.434500058169,-0.206320415971,0.103160207985,3.04495186395,29.0996780396,-0.317917518289,0.0870534097125,-0.053305832379,1.48489340267,0.344762182077,-0.0318301013486,0.0659611738791,100.0
17.090372,-0.486655404957,0.0203252454395,0.634301055791,0.434883553366,-0.207087406365,0.103927198379,3.04456836876,29.0996780396,-0.318684508683,0.0866699145155,-0.0521553467881,1.48412641228,0.344762182077,-0.0310631109547,0.0651941834851,100.0
17.100370,-0.486655404957,0.0199417502425,0.634684550988,0.434883553366,-0.207854396758,0.102776712788,3.04418487356,29.0996780396,-0.317917518289,0.0870534097125,-0.052922337182,1.48412641228,0.34437868688,-0.0322135965456,0.0648106882882,100.0
17.110369,-0.485888414563,0.0195582550455,0.634684550988,0.435267048562,-0.208237891955,0.102776712788,3.04456836876,29.0996780396,-0.317150527895,0.0870534097125,-0.0521553467881,1.48450990748,0.344762182077,-0.0325970917426,0.0651941834851,100.0
17.120366,-0.486655404957,0.0203252454395,0.634684550988,0.434500058169,-0.209004882349,0.103927198379,3.04418487356,29.0996780396,-0.317917518289,0.0874369049095,-0.0525388419851,1.48450990748,0.34437868688,-0.0314466061517,0.0640436978942,100.0
17.130363,-0.485888414563,0.0199417502425,0.635068046185,0.434500058169,-0.209771872743,0.102776712788,3.04456836876,29.0996780396,-0.318301013486,0.0866699145155,-0.0517718515911,1.48450990748,0.34437868688,-0.0310631109547,0.0648106882882,100.0
17.140365,-0.48627190976,0.0195582550455,0.634301055791,0.434500058169,-0.21015536794,0.103160207985,3.04533535915,29.0996780396,-0.317534023092,0.0866699145155,-0.0513883563942,1.48489340267,0.345145677274,-0.0318301013486,0.0659611738791,100.0
17.150368,-0.485888414563,0.0199417502425,0.635068046185,0.434500058169,-0.210538863137,0.102393217591,3.04495186395,29.0996780396,-0.318301013486,0.0866699145155,-0.0517718515911,1.48450990748,0.345145677274,-0.0318301013486,0.0659611738791,100.0
17.160368,-0.48627190976,0.0199417502425,0.634301055791,0.434116562972,-0.210922358334,0.101626227197,3.04456836876,29.0996780396,-0.31906800388,0.0870534097125,-0.0521553467881,1.48412641228,0.344762182077,-0.0318301013486,0.0648106882882,100.0
17.170365,-0.486655404957,0.0195582550455,0.634684550988,0.433733067775,-0.211305853531,0.102776712788,3.04533535915,29.0996780396,-0.318684508683,0.0866699145155,-0.0521553467881,1.48412641228,0.345145677274,-0.0314466061517,0.0655776786821,100.0
17.180371,-0.486655404957,0.0199417502425,0.634684550988,0.433733067775,-0.211689348728,0.101626227197,3.04456836876,29.0996780396,-0.318301013486,0.0862864193186,-0.0521553467881,1.48450990748,0.344762182077,-0.0322135965456,0.0651941834851,100.0
17.190367,-0.485888414563,0.0191747598486,0.634684550988,0.434116562972,-0.211305853531,0.102393217591,3.04456836876,29.0996780396,-0.318301013486,0.0870534097125,-0.0525388419851,1.48412641228,0.345145677274,-0.0322135965456,0.0655776786821,100.0
17.200369,-0.485888414563,0.0199417502425,0.634684550988,0.433349572578,-0.211689348728,0.102393217591,3.04533535915,29.0996780396,-0.317917518289,0.0874369049095,-0.0525388419851,1.48412641228,0.344762182077,-0.0314466061517,0.0655776786821,100.0
17.210368,-0.485121424169,0.0191747598486,0.634684550988,0.432582582184,-0.211305853531,0.102009722394,3.04418487356,29.0996780396,-0.318684508683,0.0870534097125,-0.0521553467881,1.48412641228,0.34437868688,-0.0314466061517,0.0659611738791,100.0
17.220368,-0.485888414563,0.0191747598486,0.634301055791,0.433349572578,-0.211689348728,0.102776712788,3.04533535915,29.0996780396,-0.317917518289,0.0866699145155,-0.0521553467881,1.48374291708,0.344762182077,-0.0325970917426,0.0655776786821,100.0
17.230367,-0.485504919366,0.0187912646516,0.633917560594,0.432199086987,-0.211305853531,0.103160207985,3.04456836876,29.0996780396,-0.317917518289,0.0866699145155,-0.0517718515911,1.48450990748,0.345145677274,-0.0325970917426,0.0648106882882,100.0
17.240365,-0.485888414563,0.0191747598486,0.634684550988,0.432966077381,-0.211689348728,0.102393217591,3.04456836876,29.0996780396,-0.317917518289,0.0862864193186,-0.0521553467881,1.48412641228,0.344762182077,-0.0322135965456,0.0651941834851,100.0
17.250364,-0.485121424169,0.0195582550455,0.635068046185,0.433733067775,-0.211689348728,0.102776712788,3.04456836876,29.0996780396,-0.318301013486,0.0878204001064,-0.0525388419851,1.48450990748,0.34437868688,-0.0322135965456,0.0648106882882,100.0
17.260368,-0.485121424169,0.0184077694546,0.634684550988,0.432199086987,-0.211689348728,0.103543703182,3.04456836876,29.0996780396,-0.318684508683,0.0866699145155,-0.0521553467881,1.48489340267,0.344762182077,-0.0310631109547,0.0644271930912,100.0
17.270366,-0.485121424169,0.0184077694546,0.634684550988,0.432966077381,-0.211689348728,0.103543703182,3.04456836876,29.0996780396,-0.318301013486,0.0878204001064,-0.0525388419851,1.48412641228,0.34437868688,-0.0310631109547,0.0659611738791,100.0
17.280369,-0.484737928972,0.0187912646516,0.635068046185,0.433733067775,-0.212072843925,0.103160207985,3.04456836876,29.0996780396,-0.318684508683,0.0866699145155,-0.0517718515911,1.48412641228,0.344762182077,-0.0318301013486,0.0655776786821,100.0
17.290369,-0.485121424169,0.0184077694546,0.634684550988,0.433733067775,-0.211689348728,0.103543703182,3.04418487356,29.0996780396,-0.31906800388,0.0874369049095,-0.0513883563942,1.48489340267,0.344762182077,-0.0329805869395,0.0651941834851,100.0
17.300379,-0.485121424169,0.0184077694546,0.634684550988,0.432582582184,-0.211689348728,0.102776712788,3.04418487356,29.0996780396,-0.318301013486,0.0870534097125,-0.0517718515911,1.48450990748,0.345145677274,-0.0314466061517,0.0659611738791,100.0
17.310367,-0.485504919366,0.0187912646516,0.634301055791,0.432966077381,-0.211305853531,0.102393217591,3.04456836876,29.0996780396,-0.318301013486,0.0870534097125,-0.0510048611972,1.48374291708,0.34437868688,-0.0314466061517,0.0648106882882,100.0
17.320369,-0.484737928972,0.0184077694546,0.635068046185,0.433349572578,-0.211305853531,0.102776712788,3.04418487356,29.0996780396,-0.318301013486,0.0874369049095,-0.0517718515911,1.48489340267,0.344762182077,-0.0318301013486,0.0651941834851,100.0
17.330365,-0.485888414563,0.0180242742577,0.634684550988,0.432966077381,-0.211689348728,0.103160207985,3.04418487356,29.0996780396,-0.318301013486,0.0878204001064,-0.0517718515911,1.48489340267,0.34437868688,-0.0314466061517,0.0655776786821,100.0
17.340366,-0.484737928972,0.0184077694546,0.634301055791,0.433349572578,-0.211305853531,0.103927198379,3.04456836876,29.0996780396,-0.318301013486,0.0866699145155,-0.0513883563942,1.48412641228,0.345529172471,-0.0318301013486,0.0648106882882,100.0
17.350364,-0.485121424169,0.0176407790607,0.634684550988,0.433733067775,-0.211305853531,0.103927198379,3.04456836876,29.0996780396,-0.317917518289,0.0874369049095,-0.0513883563942,1.48412641228,0.34437868688,-0.0322135965456,0.0648106882882,100.0
17.360367,-0.484354433775,0.0172572838637,0.634684550988,0.433349572578,-0.212072843925,0.103160207985,3.04495186395,29.0996780396,-0.317917518289,0.0882038953034,-0.0521553467881,1.48527689787,0.34437868688,-0.0322135965456,0.0648106882882,100.0
17.370369,-0.485121424169,0.0176407790607,0.635068046185,0.433349572578,-0.211689348728,0.103543703182,3.04418487356,29.0996780396,-0.317917518289,0.0870534097125,-0.0525388419851,1.48374291708,0.344762182077,-0.0314466061517,0.0655776786821,100.0
17.380354,-0.484737928972,0.0187912646516,0.634684550988,0.433349572578,-0.212072843925,0.102776712788,3.04418487356,29.0996780396,-0.318684508683,0.0866699145155,-0.0525388419851,1.48489340267,0.345145677274,-0.0314466061517,0.0648106882882,100.0
17.390367,-0.484354433775,0.0184077694546,0.635068046185,0.433349572578,-0.211689348728,0.104310693576,3.04495186395,29.0996780396,-0.318301013486,0.0862864193186,-0.0521553467881,1.48412641228,0.345145677274,-0.0310631109547,0.0659611738791,100.0
17.400366,-0.484354433775,0.0184077694546,0.635068046185,0.434116562972,-0.211305853531,0.103927198379,3.04495186395,29.0996780396,-0.318301013486,0.0866699145155,-0.0525388419851,1.48450990748,0.344762182077,-0.0325970917426,0.0651941834851,100.0
17.410365,-0.485121424169,0.0180242742577,0.635068046185,0.433733067775,-0.211305853531,0.103927198379,3.04456836876,29.0996780396,-0.31906800388,0.0870534097125,-0.0525388419851,1.48450990748,0.34437868688,-0.0318301013486,0.0648106882882,100.0
17.420367,-0.484354433775,0.0180242742577,0.635068046185,0.433733067775,-0.210922358334,0.103543703182,3.04533535915,29.0996780396,-0.318684508683,0.0870534097125,-0.0525388419851,1.48412641228,0.343995191683,-0.0322135965456,0.0640436978942,100.0
17.430366,-0.484737928972,0.0168737886667,0.635068046185,0.433349572578,-0.211305853531,0.103543703182,3.04495186395,29.0996780396,-0.318301013486,0.0866699145155,-0.0517718515911,1.48374291708,0.34437868688,-0.0314466061517,0.0648106882882,100.0
17.440367,-0.483587443381,0.0184077694546,0.635068046185,0.433349572578,-0.211305853531,0.103543703182,3.04533535915,29.0996780396,-0.318684508683,0.0878204001064,-0.0521553467881,1.48450990748,0.344762182077,-0.0318301013486,0.0651941834851,100.0
17.450362,-0.483970938578,0.0180242742577,0.634684550988,0.433733067775,-0.210922358334,0.103160207985,3.04380137836,29.0996780396,-0.317917518289,0.0870534097125,-0.0525388419851,1.48527689787,0.34437868688,-0.0318301013486,0.0655776786821,100.0
17.460365,-0.483587443381,0.0176407790607,0.635835036579,0.433733067775,-0.211689348728,0.103927198379,3.04418487356,29.0996780396,-0.318301013486,0.0874369049095,-0.0525388419851,1.48489340267,0.343995191683,-0.0314466061517,0.0651941834851,100.0
17.470367,-0.483970938578,0.0184077694546,0.634301055791,0.433733067775,-0.211305853531,0.103543703182,3.04495186395,29.0996780396,-0.317917518289,0.0870534097125,-0.053305832379,1.48374291708,0.34437868688,-0.0322135965456,0.0651941834851,100.0
17.480367,-0.483203948184,0.0184077694546,0.634684550988,0.433349572578,-0.212072843925,0.102393217591,3.04456836876,29.0996780396,-0.317150527895,0.0870534097125,-0.0525388419851,1.48527689787,0.34437868688,-0.0322135965456,0.0651941834851,100.0
17.490363,-0.48243695779,0.0180242742577,0.634684550988,0.433349572578,-0.211689348728,0.102776712788,3.04418487356,29.0996780396,-0.317534023092,0.0866699145155,-0.052922337182,1.48489340267,0.345145677274,-0.0318301013486,0.0655776786821,100.0
17.500368,-0.483203948184,0.0184077694546,0.634684550988,0.434116562972,-0.211689348728,0.102776712788,3.04456836876,29.0996780396,-0.317534023092,0.0862864193186,-0.0521553467881,1.48412641228,0.344762182077,-0.0318301013486,0.0648106882882,100.0
17.510365,-0.483970938578,0.0180242742577,0.634301055791,0.433349572578,-0.211689348728,0.103543703182,3.04380137836,29.0996780396,-0.318301013486,0.0874369049095,-0.0525388419851,1.48527689787,0.344762182077,-0.0314466061517,0.0644271930912,100.0
17.520368,-0.483587443381,0.0180242742577,0.635068046185,0.433349572578,-0.211305853531,0.103160207985,3.04456836876,29.0996780396,-0.318684508683,0.0870534097125,-0.0521553467881,1.48412641228,0.344762182077,-0.0306796157577,0.0640436978942,100.0
17.530366,-0.483203948184,0.0180242742577,0.634301055791,0.432966077381,-0.211689348728,0.102393217591,3.04495186395,29.0996780396,-0.318301013486,0.0866699145155,-0.0525388419851,1.48527689787,0.344762182077,-0.0318301013486,0.0648106882882,100.0
17.540362,-0.48243695779,0.0176407790607,0.634684550988,0.432966077381,-0.211689348728,0.103543703182,3.04495186395,29.0996780396,-0.317917518289,0.0862864193186,-0.0521553467881,1.48489340267,0.34437868688,-0.0314466061517,0.0644271930912,100.0
17.550363,-0.483203948184,0.0184077694546,0.635451541382,0.433733067775,-0.211689348728,0.103160207985,3.04495186395,29.0996780396,-0.318301013486,0.0866699145155,-0.0517718515911,1.48489340267,0.343995191683,-0.0322135965456,0.066344669076,100.0
17.560364,-0.482053462593,0.0180242742577,0.635068046185,0.433733067775,-0.211305853531,0.103543703182,3.04571885435,29.0996780396,-0.318684508683,0.0874369049095,-0.0521553467881,1.48412641228,0.344762182077,-0.0322135965456,0.0648106882882,100.0
17.570363,-0.483203948184,0.0184077694546,0.634684550988,0.434116562972,-0.211689348728,0.103543703182,3.04495186395,29.0996780396,-0.318301013486,0.0874369049095,-0.052922337182,1.48450990748,0.344762182077,-0.0318301013486,0.0651941834851,100.0
17.580363,-0.482820452987,0.0184077694546,0.635068046185,0.432966077381,-0.212072843925,0.103927198379,3.04533535915,29.0996780396,-0.317917518289,0.0859029241216,-0.0517718515911,1.48450990748,0.34437868688,-0.0314466061517,0.0651941834851,100.0
17.590366,-0.482820452987,0.0180242742577,0.635068046185,0.433733067775,-0.212456339122,0.103927198379,3.04418487356,29.0996780396,-0.318301013486,0.0866699145155,-0.0525388419851,1.48450990748,0.34437868688,-0.0322135965456,0.0659611738791,100.0
17.600365,-0.483203948184,0.0184077694546,0.635451541382,0.434500058169,-0.211689348728,0.103927198379,3.04495186395,29.0996780396,-0.317534023092,0.0866699145155,-0.0521553467881,1.48412641228,0.344762182077,-0.0318301013486,0.0659611738791,100.0
17.610363,-0.483203948184,0.0184077694546,0.635835036579,0.433733067775,-0.212072843925,0.103160207985,3.04495186395,29.0996780396,-0.317917518289,0.0859029241216,-0.0521553467881,1.48450990748,0.345145677274,-0.0322135965456,0.0651941834851,100.0
17.620364,-0.483203948184,0.0184077694546,0.634684550988,0.434116562972,-0.212072843925,0.103160207985,3.04418487356,29.0996780396,-0.317917518289,0.0870534097125,-0.052922337182,1.48450990748,0.345529172471,-0.0325970917426,0.0655776786821,100.0
17.630364,-0.483587443381,0.0184077694546,0.634684550988,0.433733067775,-0.211689348728,0.103160207985,3.04456836876,29.0996780396,-0.317150527895,0.0870534097125,-0.0517718515911,1.48412641228,0.344762182077,-0.0318301013486,0.0651941834851,100.0
17.640365,-0.483587443381,0.0184077694546,0.634301055791,0.434500058169,-0.211689348728,0.103543703182,3.04456836876,29.0996780396,-0.318684508683,0.0870534097125,-0.0525388419851,1.48412641228,0.344762182077,-0.0318301013486,0.0651941834851,100.0
17.650366,-0.483587443381,0.0184077694546,0.634684550988,0.434500058169,-0.211305853531,0.103543703182,3.04495186395,29.0996780396,-0.318301013486,0.0866699145155,-0.0525388419851,1.48527689787,0.34437868688,-0.0325970917426,0.0655776786821,100.0
17.660364,-0.483203948184,0.0184077694546,0.635451541382,0.434116562972,-0.211689348728,0.103927198379,3.04495186395,29.0996780396,-0.317150527895,0.0870534097125,-0.053305832379,1.48450990748,0.34437868688,-0.0325970917426,0.0648106882882,100.0
17.670368,-0.482820452987,0.0184077694546,0.634684550988,0.433733067775,-0.211689348728,0.103543703182,3.04456836876,29.0996780396,-0.317917518289,0.0862864193186,-0.052922337182,1.48450990748,0.344762182077,-0.0310631109547,0.0644271930912,100.0
17.680380,-0.483587443381,0.0180242742577,0.634684550988,0.434116562972,-0.211689348728,0.103160207985,3.04456836876,29.0996780396,-0.318684508683,0.0870534097125,-0.0521553467881,1.48450990748,0.345145677274,-0.0329805869395,0.0651941834851,100.0
17.690372,-0.483587443381,0.0187912646516,0.634301055791,0.434116562972,-0.211305853531,0.103160207985,3.04418487356,29.0996780396,-0.318684508683,0.0866699145155,-0.052922337182,1.48450990748,0.34437868688,-0.0322135965456,0.0651941834851,100.0
17.700370,-0.483203948184,0.0184077694546,0.634684550988,0.432582582184,-0.211689348728,0.103927198379,3.04456836876,29.0996780396,-0.318301013486,0.0870534097125,-0.052922337182,1.48374291708,0.345145677274,-0.0322135965456,0.0655776786821,100.0
17.710373,-0.483203948184,0.0180242742577,0.634301055791,0.434116562972,-0.211689348728,0.103160207985,3.04495186395,29.0996780396,-0.317917518289,0.0862864193186,-0.0525388419851,1.48489340267,0.344762182077,-0.0318301013486,0.0651941834851,100.0
17.720372,-0.483587443381,0.0184077694546,0.634301055791,0.433349572578,-0.211305853531,0.103927198379,3.04418487356,29.0996780396,-0.317917518289,0.0866699145155,-0.0525388419851,1.48412641228,0.343611696486,-0.0318301013486,0.0651941834851,100.0
17.730370,-0.483203948184,0.0184077694546,0.635068046185,0.434116562972,-0.211689348728,0.103543703182,3.04456836876,29.0996780396,-0.318301013486,0.0866699145155,-0.0525388419851,1.48450990748,0.343995191683,-0.0314466061517,0.0648106882882,100.0
17.740370,-0.483203948184,0.0180242742577,0.635068046185,0.434500058169,-0.211305853531,0.103160207985,3.04495186395,29.0996780396,-0.317917518289,0.0862864193186,-0.0521553467881,1.48450990748,0.34437868688,-0.0322135965456,0.0651941834851,100.0
17.750366,-0.483203948184,0.0180242742577,0.634684550988,0.434116562972,-0.211305853531,0.103543703182,3.04456836876,29.0996780396,-0.317150527895,0.0870534097125,-0.0517718515911,1.48450990748,0.34437868688,-0.0318301013486,0.0655776786821,100.0
17.760366,-0.482820452987,0.0176407790607,0.635451541382,0.433733067775,-0.210922358334,0.104694188773,3.04495186395,29.0996780396,-0.318684508683,0.0874369049095,-0.0521553467881,1.48374291708,0.34437868688,-0.0322135965456,0.0655776786821,100.0
17.770366,-0.483203948184,0.0187912646516,0.635451541382,0.434116562972,-0.211305853531,0.103160207985,3.04533535915,29.0996780396,-0.318301013486,0.0866699145155,-0.052922337182,1.48412641228,0.344762182077,-0.0314466061517,0.0640436978942,100.0
17.780469,-0.482820452987,0.0180242742577,0.635451541382,0.434883553366,-0.211305853531,0.103160207985,3.04495186395,29.0996780396,-0.318684508683,0.0866699145155,-0.0517718515911,1.48489340267,0.344762182077,-0.0325970917426,0.0651941834851,100.0
17.790445,-0.48243695779,0.0176407790607,0.635835036579,0.434883553366,-0.210922358334,0.102776712788,3.04495186395,29.0996780396,-0.318684508683,0.0874369049095,-0.0525388419851,1.48412641228,0.344762182077,-0.0318301013486,0.0648106882882,100.0
17.800449,-0.482053462593,0.0187912646516,0.636218531775,0.434883553366,-0.211305853531,0.102009722394,3.04533535915,29.0996780396,-0.317917518289,0.0874369049095,-0.053305832379,1.48527689787,0.344762182077,-0.0322135965456,0.0655776786821,100.0
17.810446,-0.482053462593,0.0180242742577,0.635835036579,0.434116562972,-0.210538863137,0.102393217591,3.04456836876,29.0996780396,-0.318684508683,0.0862864193186,-0.052922337182,1.48450990748,0.344762182077,-0.0310631109547,0.0644271930912,100.0
17.820447,-0.481669967396,0.0184077694546,0.636602026972,0.434116562972,-0.210538863137,0.102393217591,3.04456836876,29.0996780396,-0.317917518289,0.0870534097125,-0.0521553467881,1.48489340267,0.34437868688,-0.0318301013486,0.0659611738791,100.0
17.830449,-0.481669967396,0.0176407790607,0.636985522169,0.433349572578,-0.210922358334,0.102009722394,3.04495186395,29.0996780396,-0.318301013486,0.0878204001064,-0.0517718515911,1.48450990748,0.345145677274,-0.0322135965456,0.0648106882882,100.0
17.840445,-0.481669967396,0.0176407790607,0.637369017366,0.434116562972,-0.211305853531,0.101626227197,3.04495186395,29.0996780396,-0.31906800388,0.0870534097125,-0.0521553467881,1.48450990748,0.345529172471,-0.0306796157577,0.0655776786821,100.0
17.850444,-0.480902977002,0.0176407790607,0.636985522169,0.433733067775,-0.210922358334,0.102776712788,3.04456836876,29.0996780396,-0.318301013486,0.0870534097125,-0.0525388419851,1.48450990748,0.34437868688,-0.0310631109547,0.0651941834851,100.0
17.860445,-0.481669967396,0.0172572838637,0.637369017366,0.433349572578,-0.211305853531,0.102393217591,3.04456836876,29.0996780396,-0.317534023092,0.0866699145155,-0.0513883563942,1.48489340267,0.345145677274,-0.0322135965456,0.0648106882882,100.0
17.870459,-0.481669967396,0.0172572838637,0.636602026972,0.432582582184,-0.211689348728,0.101626227197,3.04456836876,29.0996780396,-0.318301013486,0.0866699145155,-0.0517718515911,1.48450990748,0.34437868688,-0.0318301013486,0.0648106882882,100.0
17.880459,-0.481669967396,0.0172572838637,0.636602026972,0.432966077381,-0.210922358334,0.102009722394,3.04456836876,29.0996780396,-0.318301013486,0.0862864193186,-0.053305832379,1.48527689787,0.34437868688,-0.0318301013486,0.0655776786821,100.0
17.890469,-0.481669967396,0.0161067982728,0.636602026972,0.433349572578,-0.211689348728,0.101242732,3.04495186395,29.0996780396,-0.317534023092,0.0870534097125,-0.0525388419851,1.48450990748,0.344762182077,-0.0318301013486,0.066344669076,100.0
17.900465,-0.480902977002,0.0168737886667,0.637369017366,0.433349572578,-0.211305853531,0.102393217591,3.04533535915,29.0996780396,-0.318684508683,0.0866699145155,-0.0521553467881,1.48412641228,0.344762182077,-0.0329805869395,0.0651941834851,100.0
17.910469,-0.481286472199,0.0164902934698,0.637369017366,0.432582582184,-0.210922358334,0.102776712788,3.04456836876,29.0996780396,-0.318684508683,0.0866699145155,-0.0525388419851,1.48489340267,0.344762182077,-0.0318301013486,0.0651941834851,100.0
17.920449,-0.481669967396,0.0157233030758,0.637369017366,0.434500058169,-0.211305853531,0.102393217591,3.04533535915,29.0996780396,-0.318301013486,0.0862864193186,-0.0521553467881,1.48412641228,0.343995191683,-0.0318301013486,0.0640436978942,100.0
17.930447,-0.481286472199,0.0161067982728,0.636602026972,0.433349572578,-0.210922358334,0.102009722394,3.04456836876,29.0996780396,-0.317917518289,0.0866699145155,-0.0517718515911,1.48450990748,0.345145677274,-0.0318301013486,0.0644271930912,100.0
17.940449,-0.481669967396,0.0161067982728,0.63813600776,0.433349572578,-0.210922358334,0.102393217591,3.04418487356,29.0996780396,-0.318301013486,0.0862864193186,-0.0521553467881,1.48450990748,0.344762182077,-0.0318301013486,0.0651941834851,100.0
17.950457,-0.480902977002,0.0157233030758,0.637752512563,0.432582582184,-0.210538863137,0.101626227197,3.04456836876,29.0996780396,-0.317534023092,0.0866699145155,-0.0525388419851,1.48412641228,0.34437868688,-0.0318301013486,0.066728164273,100.0
17.960370,-0.480519481805,0.0157233030758,0.637369017366,0.433349572578,-0.211305853531,0.101626227197,3.04456836876,29.0996780396,-0.317917518289,0.0866699145155,-0.052922337182,1.48489340267,0.344762182077,-0.0314466061517,0.0655776786821,100.0
17.970367,-0.481286472199,0.0153398078789,0.637369017366,0.432582582184,-0.210538863137,0.102009722394,3.04418487356,29.0996780396,-0.318301013486,0.0862864193186,-0.0521553467881,1.48450990748,0.34437868688,-0.0322135965456,0.0655776786821,100.0
17.980368,-0.480902977002,0.0153398078789,0.636985522169,0.432199086987,-0.211305853531,0.100859236803,3.04495186395,29.0996780396,-0.318684508683,0.0862864193186,-0.0525388419851,1.48450990748,0.345145677274,-0.0322135965456,0.0648106882882,100.0
17.990389,-0.480902977002,0.0164902934698,0.636985522169,0.432966077381,-0.211305853531,0.101626227197,3.04456836876,29.0996780396,-0.318684508683,0.0878204001064,-0.052922337182,1.48374291708,0.345145677274,-0.0318301013486,0.0659611738791,100.0
18.000370,-0.481286472199,0.0161067982728,0.636218531775,0.432199086987,-0.210922358334,0.101626227197,3.04495186395,29.0996780396,-0.318301013486,0.0874369049095,-0.0521553467881,1.48450990748,0.344762182077,-0.0314466061517,0.0655776786821,100.0
18.010369,-0.481669967396,0.0141893222879,0.637369017366,0.433349572578,-0.211305853531,0.101626227197,3.04495186395,29.0996780396,-0.318301013486,0.0870534097125,-0.0517718515911,1.48450990748,0.344762182077,-0.0310631109547,0.0651941834851,100.0
18.020367,-0.480135986608,0.0153398078789,0.637752512563,0.433733067775,-0.210538863137,0.101626227197,3.04495186395,29.0996780396,-0.318684508683,0.0882038953034,-0.052922337182,1.48374291708,0.345145677274,-0.0318301013486,0.0655776786821,100.0
18.030363,-0.481286472199,0.0153398078789,0.637752512563,0.433349572578,-0.209771872743,0.101626227197,3.04495186395,29.0996780396,-0.317917518289,0.0862864193186,-0.0513883563942,1.48335942189,0.344762182077,-0.0318301013486,0.0651941834851,100.0
18.040366,-0.480519481805,0.0153398078789,0.636985522169,0.432966077381,-0.210922358334,0.102009722394,3.04456836876,29.0996780396,-0.317150527895,0.0882038953034,-0.0525388419851,1.48412641228,0.34437868688,-0.0318301013486,0.0648106882882,100.0
18.050361,-0.480902977002,0.0149563126819,0.637369017366,0.432966077381,-0.21015536794,0.102009722394,3.04533535915,29.0996780396,-0.318301013486,0.0862864193186,-0.0521553467881,1.48412641228,0.34437868688,-0.0314466061517,0.0655776786821,100.0
18.060367,-0.480519481805,0.0161067982728,0.637752512563,0.432966077381,-0.210922358334,0.101242732,3.04456836876,29.0996780396,-0.318301013486,0.0859029241216,-0.0521553467881,1.48412641228,0.344762182077,-0.0310631109547,0.0648106882882,100.0
18.070365,-0.480135986608,0.0145728174849,0.638519502957,0.433349572578,-0.210538863137,0.102009722394,3.04533535915,29.0996780396,-0.318301013486,0.0874369049095,-0.052922337182,1.48412641228,0.34437868688,-0.0310631109547,0.0659611738791,100.0
18.080363,-0.480902977002,0.0153398078789,0.636602026972,0.432966077381,-0.210538863137,0.101626227197,3.04495186395,29.0996780396,-0.318301013486,0.0870534097125,-0.0513883563942,1.48412641228,0.344762182077,-0.0318301013486,0.0644271930912,100.0
18.090364,-0.480135986608,0.0157233030758,0.636985522169,0.433349572578,-0.210922358334,0.100859236803,3.04533535915,29.0996780396,-0.317917518289,0.0882038953034,-0.0521553467881,1.48374291708,0.344762182077,-0.0318301013486,0.0655776786821,100.0
18.100362,-0.480519481805,0.0157233030758,0.636985522169,0.433733067775,-0.211305853531,0.101242732,3.04495186395,29.0996780396,-0.317917518289,0.0870534097125,-0.053305832379,1.48374291708,0.34437868688,-0.0325970917426,0.0655776786821,100.0
18.110364,-0.480902977002,0.0157233030758,0.637369017366,0.433349572578,-0.210922358334,0.102009722394,3.04456836876,29.0996780396,-0.318684508683,0.0874369049095,-0.0521553467881,1.48412641228,0.34437868688,-0.0310631109547,0.0648106882882,100.0
18.120364,-0.481286472199,0.0149563126819,0.636985522169,0.433349572578,-0.21015536794,0.102393217591,3.04418487356,29.0996780396,-0.318684508683,0.0874369049095,-0.0521553467881,1.48412641228,0.343995191683,-0.0310631109547,0.0651941834851,100.0
18.130365,-0.480902977002,0.0149563126819,0.637369017366,0.432966077381,-0.21015536794,0.102009722394,3.04456836876,29.0996780396,-0.318684508683,0.0874369049095,-0.0521553467881,1.48374291708,0.34437868688,-0.0322135965456,0.0640436978942,100.0
18.140366,-0.480902977002,0.0149563126819,0.63813600776,0.433733067775,-0.210922358334,0.102393217591,3.04418487356,29.0996780396,-0.317917518289,0.0878204001064,-0.052922337182,1.48297592669,0.345145677274,-0.0318301013486,0.0651941834851,100.0
18.150365,-0.481286472199,0.0145728174849,0.637752512563,0.432966077381,-0.210538863137,0.101242732,3.04418487356,29.0996780396,-0.317534023092,0.0862864193186,-0.0517718515911,1.48412641228,0.343611696486,-0.0318301013486,0.0655776786821,100.0
18.160367,-0.480902977002,0.0149563126819,0.636985522169,0.433349572578,-0.210538863137,0.102009722394,3.04456836876,29.0996780396,-0.317534023092,0.0874369049095,-0.052922337182,1.48374291708,0.344762182077,-0.0322135965456,0.0651941834851,100.0
18.170365,-0.480519481805,0.0145728174849,0.637369017366,0.432582582184,-0.210922358334,0.102009722394,3.04418487356,29.0996780396,-0.317917518289,0.0882038953034,-0.0521553467881,1.48335942189,0.344762182077,-0.0318301013486,0.0644271930912,100.0
18.180366,-0.480902977002,0.0157233030758,0.637752512563,0.432199086987,-0.210538863137,0.102393217591,3.04380137836,29.0996780396,-0.318684508683,0.0866699145155,-0.0517718515911,1.48412641228,0.344762182077,-0.0318301013486,0.0655776786821,100.0
18.190364,-0.481669967396,0.0145728174849,0.637369017366,0.432966077381,-0.211305853531,0.102009722394,3.04495186395,29.0996780396,-0.317534023092,0.0874369049095,-0.0525388419851,1.48412641228,0.34437868688,-0.0322135965456,0.0651941834851,100.0
18.200364,-0.480902977002,0.0149563126819,0.63813600776,0.433349572578,-0.210538863137,0.102776712788,3.04456836876,29.0996780396,-0.318301013486,0.0874369049095,-0.0521553467881,1.48297592669,0.345145677274,-0.0325970917426,0.0651941834851,100.0
18.210369,-0.481286472199,0.0149563126819,0.637752512563,0.432582582184,-0.210538863137,0.102009722394,3.04380137836,29.0996780396,-0.317534023092,0.0866699145155,-0.0521553467881,1.48412641228,0.345145677274,-0.0318301013486,0.0648106882882,100.0
18.220368,-0.480519481805,0.0145728174849,0.637752512563,0.432966077381,-0.210922358334,0.101242732,3.04533535915,29.0996780396,-0.318301013486,0.0866699145155,-0.0525388419851,1.48374291708,0.344762182077,-0.0318301013486,0.0651941834851,100.0
18.230366,-0.480135986608,0.0145728174849,0.63813600776,0.432199086987,-0.210538863137,0.102009722394,3.04456836876,29.0996780396,-0.317917518289,0.0866699145155,-0.0521553467881,1.48374291708,0.344762182077,-0.0318301013486,0.0648106882882,100.0
18.240366,-0.480902977002,0.0149563126819,0.636985522169,0.432966077381,-0.210922358334,0.101626227197,3.04418487356,29.0996780396,-0.317534023092,0.0866699145155,-0.0513883563942,1.48412641228,0.344762182077,-0.0325970917426,0.0648106882882,100.0
18.250363,-0.480902977002,0.0149563126819,0.63813600776,0.43181559179,-0.21015536794,0.102393217591,3.04495186395,29.0996780396,-0.318684508683,0.0866699145155,-0.0521553467881,1.48374291708,0.344762182077,-0.0318301013486,0.0651941834851,100.0
18.260366,-0.480902977002,0.0145728174849,0.637752512563,0.432966077381,-0.211689348728,0.101242732,3.04456836876,29.0996780396,-0.317534023092,0.0862864193186,-0.0525388419851,1.48374291708,0.344762182077,-0.0318301013486,0.0648106882882,100.0
18.270366,-0.481669967396,0.0149563126819,0.636985522169,0.432582582184,-0.210538863137,0.101626227197,3.04456836876,29.0996780396,-0.318684508683,0.0862864193186,-0.0525388419851,1.48335942189,0.345145677274,-0.0329805869395,0.0648106882882,100.0
18.280366,-0.480902977002,0.0145728174849,0.637752512563,0.432582582184,-0.211305853531,0.102393217591,3.04495186395,29.0996780396,-0.317917518289,0.0878204001064,-0.052922337182,1.48412641228,0.34437868688,-0.0318301013486,0.0644271930912,100.0
18.290366,-0.480135986608,0.0145728174849,0.637752512563,0.432199086987,-0.210922358334,0.101626227197,3.04495186395,29.0996780396,-0.318684508683,0.0870534097125,-0.0521553467881,1.48374291708,0.34437868688,-0.0318301013486,0.0655776786821,100.0
18.300365,-0.480902977002,0.0141893222879,0.637369017366,0.433349572578,-0.210922358334,0.102776712788,3.04456836876,29.0996780396,-0.317917518289,0.0874369049095,-0.053305832379,1.48450990748,0.34437868688,-0.0318301013486,0.0648106882882,100.0
18.310367,-0.480519481805,0.0145728174849,0.63813600776,0.433733067775,-0.210538863137,0.102393217591,3.04495186395,29.0996780396,-0.317917518289,0.0878204001064,-0.052922337182,1.48412641228,0.344762182077,-0.0322135965456,0.0651941834851,100.0
18.320366,-0.480135986608,0.013805827091,0.638519502957,0.433733067775,-0.210538863137,0.102776712788,3.04495186395,29.0996780396,-0.317917518289,0.0882038953034,-0.0525388419851,1.48412641228,0.345145677274,-0.0322135965456,0.0655776786821,100.0
18.330367,-0.480135986608,0.0141893222879,0.63813600776,0.433349572578,-0.21015536794,0.103160207985,3.04380137836,29.0996780396,-0.318301013486,0.0870534097125,-0.0521553467881,1.48335942189,0.343995191683,-0.0318301013486,0.0651941834851,100.0
18.340365,-0.481286472199,0.0145728174849,0.63813600776,0.432582582184,-0.21015536794,0.102393217591,3.04418487356,29.0996780396,-0.317917518289,0.0866699145155,-0.052922337182,1.48412641228,0.34437868688,-0.0325970917426,0.0651941834851,100.0
18.350365,-0.481286472199,0.0141893222879,0.638519502957,0.433733067775,-0.21015536794,0.102776712788,3.04456836876,29.0996780396,-0.317917518289,0.0870534097125,-0.0517718515911,1.48335942189,0.34437868688,-0.0322135965456,0.0659611738791,100.0
18.360374,-0.480135986608,0.013805827091,0.63813600776,0.432582582184,-0.209771872743,0.102393217591,3.04495186395,29.0996780396,-0.317150527895,0.0862864193186,-0.0525388419851,1.48374291708,0.344762182077,-0.0325970917426,0.066344669076,100.0
18.370367,-0.480519481805,0.0141893222879,0.639286493351,0.432199086987,-0.210538863137,0.102776712788,3.04495186395,29.0996780396,-0.318301013486,0.0878204001064,-0.0517718515911,1.48412641228,0.343995191683,-0.0318301013486,0.0651941834851,100.0
18.380373,-0.479752491411,0.013805827091,0.639286493351,0.434116562972,-0.209388377546,0.102393217591,3.04418487356,29.0996780396,-0.317150527895,0.0874369049095,-0.0517718515911,1.48412641228,0.34437868688,-0.0318301013486,0.0640436978942,100.0
18.390370,-0.480519481805,0.0145728174849,0.639286493351,0.432966077381,-0.209388377546,0.103160207985,3.04418487356,29.0996780396,-0.318301013486,0.0862864193186,-0.0521553467881,1.48412641228,0.34437868688,-0.0318301013486,0.0651941834851,100.0
18.400371,-0.480135986608,0.013805827091,0.63813600776,0.434116562972,-0.209388377546,0.102776712788,3.04418487356,29.0996780396,-0.317534023092,0.0870534097125,-0.0517718515911,1.48374291708,0.344762182077,-0.0314466061517,0.0648106882882,100.0
18.410366,-0.479752491411,0.013805827091,0.639286493351,0.433349572578,-0.209771872743,0.102776712788,3.04418487356,29.0996780396,-0.318301013486,0.0870534097125,-0.0525388419851,1.48412641228,0.344762182077,-0.0318301013486,0.0648106882882,100.0
18.420369,-0.479752491411,0.013805827091,0.638519502957,0.432582582184,-0.21015536794,0.102009722394,3.04533535915,29.0996780396,-0.317534023092,0.0866699145155,-0.053689327576,1.48412641228,0.345145677274,-0.0314466061517,0.0655776786821,100.0
18.430364,-0.480135986608,0.013805827091,0.638519502957,0.433733067775,-0.210538863137,0.102776712788,3.04533535915,29.0996780396,-0.318684508683,0.0874369049095,-0.0521553467881,1.48412641228,0.345145677274,-0.0314466061517,0.0651941834851,100.0
18.440365,-0.480519481805,0.0141893222879,0.639286493351,0.433349572578,-0.21015536794,0.102009722394,3.04418487356,29.0996780396,-0.317917518289,0.0882038953034,-0.052922337182,1.48297592669,0.34437868688,-0.0325970917426,0.066728164273,100.0
18.450365,-0.479752491411,0.0141893222879,0.639286493351,0.434116562972,-0.209771872743,0.102009722394,3.04418487356,29.0996780396,-0.318684508683,0.0878204001064,-0.0525388419851,1.48297592669,0.34437868688,-0.0318301013486,0.0651941834851,100.0
18.460365,-0.479752491411,0.0141893222879,0.638519502957,0.432582582184,-0.209771872743,0.101626227197,3.04456836876,29.0996780396,-0.317917518289,0.0870534097125,-0.053305832379,1.48489340267,0.344762182077,-0.0325970917426,0.0644271930912,100.0
18.470365,-0.480135986608,0.013805827091,0.638902998154,0.432966077381,-0.21015536794,0.102393217591,3.04495186395,29.0996780396,-0.318684508683,0.0866699145155,-0.052922337182,1.48374291708,0.34437868688,-0.0314466061517,0.0651941834851,100.0
18.480381,-0.480902977002,0.0141893222879,0.638902998154,0.432966077381,-0.210538863137,0.102009722394,3.04456836876,29.0996780396,-0.317917518289,0.0874369049095,-0.0521553467881,1.48450990748,0.343995191683,-0.0318301013486,0.0655776786821,100.0
18.490367,-0.480135986608,0.013422331894,0.638902998154,0.433733067775,-0.21015536794,0.102776712788,3.04533535915,29.0996780396,-0.317917518289,0.0866699145155,-0.052922337182,1.48450990748,0.34437868688,-0.0325970917426,0.0651941834851,100.0
18.500365,-0.480902977002,0.0149563126819,0.638519502957,0.433349572578,-0.209771872743,0.102776712788,3.04456836876,29.0996780396,-0.318301013486,0.0874369049095,-0.0525388419851,1.48374291708,0.344762182077,-0.0318301013486,0.0651941834851,100.0
18.510366,-0.480135986608,0.0141893222879,0.639669988548,0.433733067775,-0.209771872743,0.103160207985,3.04456836876,29.0996780396,-0.317917518289,0.0866699145155,-0.0517718515911,1.48412641228,0.34437868688,-0.0322135965456,0.0655776786821,100.0
18.520365,-0.479752491411,0.0145728174849,0.639286493351,0.434116562972,-0.209771872743,0.102776712788,3.04456836876,29.0996780396,-0.317917518289,0.0874369049095,-0.052922337182,1.48412641228,0.344762182077,-0.0325970917426,0.0651941834851,100.0
18.530368,-0.480902977002,0.0153398078789,0.639286493351,0.434116562972,-0.209388377546,0.102393217591,3.04495186395,29.0996780396,-0.317917518289,0.0866699145155,-0.052922337182,1.48412641228,0.344762182077,-0.0318301013486,0.0659611738791,100.0
18.540363,-0.480135986608,0.0145728174849,0.639286493351,0.432582582184,-0.209004882349,0.103543703182,3.04533535915,29.0996780396,-0.318301013486,0.0870534097125,-0.0517718515911,1.48374291708,0.345145677274,-0.0322135965456,0.0655776786821,100.0
18.550365,-0.480519481805,0.0145728174849,0.638519502957,0.433733067775,-0.210538863137,0.103160207985,3.04495186395,29.0996780396,-0.317150527895,0.0874369049095,-0.0525388419851,1.48374291708,0.345145677274,-0.0325970917426,0.0655776786821,100.0
18.560367,-0.480135986608,0.0149563126819,0.638902998154,0.432582582184,-0.209771872743,0.103160207985,3.04418487356,29.0996780396,-0.318684508683,0.0870534097125,-0.0521553467881,1.48335942189,0.344762182077,-0.0318301013486,0.0659611738791,100.0
18.570364,-0.479752491411,0.0149563126819,0.63813600776,0.433349572578,-0.209004882349,0.102776712788,3.04456836876,29.0996780396,-0.318301013486,0.0866699145155,-0.0525388419851,1.48489340267,0.344762182077,-0.0322135965456,0.0648106882882,100.0
18.580364,-0.480519481805,0.0145728174849,0.638902998154,0.433733067775,-0.209388377546,0.102776712788,3.04380137836,29.0996780396,-0.318301013486,0.0874369049095,-0.0513883563942,1.48374291708,0.343995191683,-0.0325970917426,0.0651941834851,100.0
18.590369,-0.479752491411,0.0145728174849,0.638902998154,0.434116562972,-0.209004882349,0.103160207985,3.04495186395,29.0996780396,-0.317917518289,0.0870534097125,-0.0517718515911,1.48450990748,0.34437868688,-0.0314466061517,0.0659611738791,100.0
18.600363,-0.480519481805,0.0153398078789,0.639286493351,0.434116562972,-0.208621387152,0.102776712788,3.04495186395,29.0996780396,-0.317534023092,0.0866699145155,-0.0525388419851,1.48412641228,0.344762182077,-0.0322135965456,0.0651941834851,100.0
18.610475,-0.480519481805,0.0149563126819,0.638902998154,0.434116562972,-0.208621387152,0.103160207985,3.04456836876,29.0996780396,-0.317534023092,0.0870534097125,-0.0521553467881,1.48450990748,0.344762182077,-0.0318301013486,0.0651941834851,100.0
18.620371,-0.479752491411,0.0149563126819,0.639286493351,0.433733067775,-0.208237891955,0.103160207985,3.04418487356,29.0996780396,-0.318301013486,0.0870534097125,-0.0521553467881,1.48374291708,0.344762182077,-0.0314466061517,0.0655776786821,100.0
18.630367,-0.480135986608,0.0145728174849,0.639286493351,0.434883553366,-0.207470901562,0.103160207985,3.04456836876,29.0996780396,-0.317534023092,0.0866699145155,-0.0521553467881,1.48412641228,0.344762182077,-0.0318301013486,0.0648106882882,100.0
18.640379,-0.480135986608,0.013805827091,0.639286493351,0.434500058169,-0.207087406365,0.103927198379,3.04418487356,29.0996780396,-0.318684508683,0.0874369049095,-0.0521553467881,1.48450990748,0.344762182077,-0.0325970917426,0.0651941834851,100.0
18.650364,-0.479368996214,0.0141893222879,0.639669988548,0.433733067775,-0.206320415971,0.103543703182,3.04495186395,29.0996780396,-0.317534023092,0.0862864193186,-0.0525388419851,1.48412641228,0.344762182077,-0.0314466061517,0.0655776786821,100.0
18.660509,-0.479368996214,0.0141893222879,0.639669988548,0.434883553366,-0.206703911168,0.104694188773,3.04418487356,29.0996780396,-0.317917518289,0.0882038953034,-0.0525388419851,1.48374291708,0.344762182077,-0.0318301013486,0.0651941834851,100.0
18.670376,-0.478218510623,0.0145728174849,0.638902998154,0.433733067775,-0.207087406365,0.103160207985,3.04495186395,29.0996780396,-0.318301013486,0.0874369049095,-0.0517718515911,1.48412641228,0.344762182077,-0.0318301013486,0.0651941834851,100.0
18.680369,-0.47860200582,0.013805827091,0.639669988548,0.434883553366,-0.206703911168,0.102776712788,3.04495186395,29.0996780396,-0.318684508683,0.0866699145155,-0.0525388419851,1.48412641228,0.345145677274,-0.0318301013486,0.0651941834851,100.0
18.690367,-0.47860200582,0.013805827091,0.639669988548,0.434500058169,-0.206320415971,0.103160207985,3.04495186395,29.0996780396,-0.318684508683,0.0866699145155,-0.0525388419851,1.48412641228,0.345529172471,-0.0318301013486,0.0651941834851,100.0
18.700368,-0.47860200582,0.0141893222879,0.640053483745,0.434883553366,-0.206703911168,0.103543703182,3.04495186395,29.0996780396,-0.317917518289,0.0862864193186,-0.052922337182,1.48412641228,0.345145677274,-0.0318301013486,0.0651941834851,100.0
18.710369,-0.478218510623,0.013805827091,0.640053483745,0.434883553366,-0.207087406365,0.103927198379,3.04456836876,29.0996780396,-0.317917518289,0.0866699145155,-0.053305832379,1.48412641228,0.34437868688,-0.0310631109547,0.0644271930912,100.0
18.720386,-0.477835015426,0.0141893222879,0.640053483745,0.435267048562,-0.206703911168,0.103543703182,3.04533535915,29.0996780396,-0.31906800388,0.0874369049095,-0.0521553467881,1.48412641228,0.344762182077,-0.0322135965456,0.0651941834851,100.0
18.730372,-0.477835015426,0.0145728174849,0.639669988548,0.434883553366,-0.207087406365,0.103543703182,3.04456836876,29.0996780396,-0.318684508683,0.0870534097125,-0.0517718515911,1.48412641228,0.343995191683,-0.0314466061517,0.0648106882882,100.0
18.740366,-0.477451520229,0.0141893222879,0.640436978942,0.435267048562,-0.206703911168,0.103160207985,3.04533535915,29.0996780396,-0.317917518289,0.0874369049095,-0.052922337182,1.48335942189,0.34437868688,-0.0325970917426,0.0655776786821,100.0
18.750373,-0.477451520229,0.0141893222879,0.641203969336,0.435650543759,-0.207470901562,0.102776712788,3.04418487356,29.0996780396,-0.317917518289,0.0862864193186,-0.053305832379,1.48374291708,0.34437868688,-0.0333640821365,0.0640436978942,100.0
18.760371,-0.477451520229,0.0145728174849,0.641203969336,0.434500058169,-0.207087406365,0.102776712788,3.04456836876,29.0996780396,-0.318301013486,0.0874369049095,-0.0521553467881,1.48450990748,0.344762182077,-0.0310631109547,0.0655776786821,100.0
18.770366,-0.477451520229,0.0145728174849,0.640820474139,0.434500058169,-0.206703911168,0.103160207985,3.04495186395,29.0996780396,-0.317917518289,0.0874369049095,-0.0517718515911,1.48412641228,0.344762182077,-0.0318301013486,0.0651941834851,100.0
18.780386,-0.477835015426,0.0145728174849,0.640436978942,0.434500058169,-0.207087406365,0.102009722394,3.04456836876,29.0996780396,-0.31906800388,0.0870534097125,-0.0525388419851,1.48412641228,0.345145677274,-0.0322135965456,0.0651941834851,100.0
18.790382,-0.477451520229,0.0153398078789,0.640053483745,0.434500058169,-0.207470901562,0.102776712788,3.04456836876,29.0996780396,-0.318684508683,0.0870534097125,-0.0525388419851,1.48412641228,0.34437868688,-0.0325970917426,0.0651941834851,100.0
18.800372,-0.478218510623,0.0141893222879,0.639669988548,0.434500058169,-0.207470901562,0.102393217591,3.04456836876,29.0996780396,-0.318301013486,0.0870534097125,-0.052922337182,1.48450990748,0.34437868688,-0.0329805869395,0.0651941834851,100.0
18.810392,-0.476684529835,0.0145728174849,0.640820474139,0.434883553366,-0.207470901562,0.103543703182,3.04341788316,29.0996780396,-0.318301013486,0.0878204001064,-0.0525388419851,1.48412641228,0.34437868688,-0.0325970917426,0.0644271930912,100.0
18.820370,-0.477451520229,0.0149563126819,0.640436978942,0.435267048562,-0.208237891955,0.103927198379,3.04418487356,29.0996780396,-0.318684508683,0.0866699145155,-0.0525388419851,1.48412641228,0.34437868688,-0.0318301013486,0.0651941834851,100.0
18.830365,-0.477451520229,0.0157233030758,0.639669988548,0.434500058169,-0.208621387152,0.103160207985,3.04495186395,29.0996780396,-0.318301013486,0.0874369049095,-0.0521553467881,1.48412641228,0.345145677274,-0.0322135965456,0.0655776786821,100.0
18.840365,-0.477451520229,0.0145728174849,0.640820474139,0.435267048562,-0.208621387152,0.102776712788,3.04495186395,29.0996780396,-0.318301013486,0.0874369049095,-0.0525388419851,1.48335942189,0.34437868688,-0.0325970917426,0.0644271930912,100.0
18.850366,-0.477451520229,0.0145728174849,0.640820474139,0.434883553366,-0.209004882349,0.103160207985,3.04456836876,29.0996780396,-0.318684508683,0.0866699145155,-0.0525388419851,1.48335942189,0.343995191683,-0.0322135965456,0.0655776786821,100.0
18.860379,-0.478218510623,0.0149563126819,0.640053483745,0.434883553366,-0.207854396758,0.102776712788,3.04456836876,29.0996780396,-0.318301013486,0.0870534097125,-0.0521553467881,1.48374291708,0.344762182077,-0.0322135965456,0.0648106882882,100.0
18.870388,-0.47860200582,0.0149563126819,0.640436978942,0.434883553366,-0.207854396758,0.103160207985,3.04456836876,29.0996780396,-0.317917518289,0.0866699145155,-0.0517718515911,1.48335942189,0.344762182077,-0.0318301013486,0.0648106882882,100.0
18.880377,-0.47860200582,0.0145728174849,0.640820474139,0.434500058169,-0.208237891955,0.102393217591,3.04456836876,29.0996780396,-0.31906800388,0.0870534097125,-0.0525388419851,1.48412641228,0.34437868688,-0.0314466061517,0.0644271930912,100.0
18.890367,-0.478218510623,0.0149563126819,0.639669988548,0.434116562972,-0.207854396758,0.102776712788,3.04418487356,29.0996780396,-0.317917518289,0.0866699145155,-0.0521553467881,1.48527689787,0.343995191683,-0.0318301013486,0.0655776786821,100.0
18.900364,-0.47860200582,0.0153398078789,0.639286493351,0.434883553366,-0.208237891955,0.102393217591,3.04456836876,29.0996780396,-0.317917518289,0.0874369049095,-0.052922337182,1.48450990748,0.344762182077,-0.0318301013486,0.0655776786821,100.0
18.910365,-0.478985501017,0.0141893222879,0.640820474139,0.434500058169,-0.207854396758,0.103160207985,3.04456836876,29.0996780396,-0.318684508683,0.0874369049095,-0.0513883563942,1.48374291708,0.34437868688,-0.0318301013486,0.066344669076,100.0
18.920367,-0.47860200582,0.0141893222879,0.640053483745,0.435650543759,-0.208237891955,0.103160207985,3.04456836876,29.0996780396,-0.318301013486,0.0874369049095,-0.0517718515911,1.48374291708,0.344762182077,-0.0322135965456,0.0651941834851,100.0
18.930367,-0.479752491411,0.013805827091,0.639669988548,0.435267048562,-0.207470901562,0.102393217591,3.04495186395,29.0996780396,-0.318301013486,0.0870534097125,-0.052922337182,1.48412641228,0.345145677274,-0.0325970917426,0.0651941834851,100.0
18.940369,-0.479368996214,0.0149563126819,0.639669988548,0.434500058169,-0.208237891955,0.102776712788,3.04456836876,29.0996780396,-0.318301013486,0.0862864193186,-0.0525388419851,1.48450990748,0.344762182077,-0.0318301013486,0.0651941834851,100.0
18.950365,-0.47860200582,0.0149563126819,0.640053483745,0.434500058169,-0.207854396758,0.101626227197,3.04418487356,29.0996780396,-0.317917518289,0.0870534097125,-0.0521553467881,1.48489340267,0.345145677274,-0.0318301013486,0.0659611738791,100.0
18.960367,-0.479368996214,0.0149563126819,0.640053483745,0.434500058169,-0.208621387152,0.102009722394,3.04495186395,29.0996780396,-0.317917518289,0.0866699145155,-0.052922337182,1.48450990748,0.345145677274,-0.0318301013486,0.0651941834851,100.0
18.970380,-0.479752491411,0.0145728174849,0.639669988548,0.433733067775,-0.206703911168,0.101626227197,3.04495186395,29.0996780396,-0.318301013486,0.0870534097125,-0.0521553467881,1.48412641228,0.34437868688,-0.0310631109547,0.0651941834851,100.0
18.980369,-0.479752491411,0.0145728174849,0.641203969336,0.434116562972,-0.207087406365,0.101242732,3.04418487356,29.0996780396,-0.317917518289,0.0866699145155,-0.052922337182,1.48374291708,0.344762182077,-0.0310631109547,0.0659611738791,100.0
18.990368,-0.479368996214,0.0145728174849,0.640053483745,0.434883553366,-0.207087406365,0.101626227197,3.04418487356,29.0996780396,-0.318301013486,0.0878204001064,-0.052922337182,1.48412641228,0.34437868688,-0.0318301013486,0.0651941834851,100.0
19.000366,-0.479368996214,0.0149563126819,0.640820474139,0.434883553366,-0.207854396758,0.100859236803,3.04456836876,29.0996780396,-0.318684508683,0.0878204001064,-0.0525388419851,1.48450990748,0.34437868688,-0.0314466061517,0.0655776786821,100.0
19.010364,-0.480519481805,0.013805827091,0.640436978942,0.435267048562,-0.206703911168,0.101626227197,3.04495186395,29.0996780396,-0.317917518289,0.0870534097125,-0.0525388419851,1.48374291708,0.34437868688,-0.0329805869395,0.0655776786821,100.0
19.020364,-0.480519481805,0.0153398078789,0.640436978942,0.433733067775,-0.206320415971,0.100859236803,3.04495186395,29.0996780396,-0.317917518289,0.0862864193186,-0.0517718515911,1.48412641228,0.344762182077,-0.0322135965456,0.0655776786821,100.0
19.030473,-0.479368996214,0.0149563126819,0.640053483745,0.433349572578,-0.207470901562,0.101242732,3.04533535915,29.0996780396,-0.318684508683,0.0874369049095,-0.053305832379,1.48297592669,0.34437868688,-0.0322135965456,0.0648106882882,100.0
19.040470,-0.480902977002,0.0145728174849,0.640436978942,0.434883553366,-0.207470901562,0.100475741606,3.04456836876,29.0996780396,-0.317917518289,0.0870534097125,-0.0521553467881,1.48412641228,0.34437868688,-0.0325970917426,0.0651941834851,100.0
19.050440,-0.481286472199,0.0145728174849,0.640053483745,0.435267048562,-0.207854396758,0.100475741606,3.04456836876,29.0996780396,-0.31906800388,0.0866699145155,-0.052922337182,1.48412641228,0.34437868688,-0.0318301013486,0.0648106882882,100.0
19.060446,-0.480902977002,0.0145728174849,0.640436978942,0.434883553366,-0.206703911168,0.0993252560156,3.04533535915,29.0996780396,-0.317917518289,0.0878204001064,-0.0521553467881,1.48450990748,0.344762182077,-0.0310631109547,0.0648106882882,100.0
19.070453,-0.480902977002,0.0149563126819,0.640053483745,0.434883553366,-0.207087406365,0.0993252560156,3.04418487356,29.0996780396,-0.318301013486,0.0870534097125,-0.0525388419851,1.48412641228,0.34437868688,-0.0314466061517,0.0648106882882,100.0
19.080445,-0.480902977002,0.0145728174849,0.640053483745,0.434883553366,-0.206703911168,0.0985582656216,3.04418487356,29.0996780396,-0.318301013486,0.0874369049095,-0.053689327576,1.48450990748,0.344762182077,-0.0318301013486,0.0655776786821,100.0
19.090463,-0.480902977002,0.0157233030758,0.640436978942,0.434883553366,-0.206320415971,0.0970242848338,3.04456836876,29.2604503632,-0.318684508683,0.0866699145155,-0.0521553467881,1.48412641228,0.344762182077,-0.0333640821365,0.0655776786821,100.0
19.100540,-0.480519481805,0.0145728174849,0.640053483745,0.434883553366,-0.206703911168,0.0966407896368,3.04495186395,29.9035377502,-0.317534023092,0.0874369049095,-0.0525388419851,1.48412641228,0.344762182077,-0.0325970917426,0.0651941834851,100.0
19.110446,-0.480902977002,0.0153398078789,0.640053483745,0.434500058169,-0.205936920774,0.0966407896368,3.04456836876,30.8681678772,-0.318301013486,0.0878204001064,-0.052922337182,1.48412641228,0.345529172471,-0.0322135965456,0.0651941834851,100.0
19.120447,-0.480519481805,0.0145728174849,0.640436978942,0.434116562972,-0.207087406365,0.0966407896368,3.04456836876,32.3151130676,-0.317917518289,0.0874369049095,-0.0525388419851,1.48297592669,0.344762182077,-0.0322135965456,0.0648106882882,100.0
19.130449,-0.480519481805,0.0141893222879,0.641203969336,0.435267048562,-0.207087406365,0.0958737992428,3.04495186395,34.4051437378,-0.317917518289,0.0870534097125,-0.052922337182,1.48374291708,0.34437868688,-0.0322135965456,0.0648106882882,100.0
19.140488,-0.479368996214,0.0145728174849,0.640820474139,0.434116562972,-0.207470901562,0.0962572944398,3.04495186395,36.9774932861,-0.318301013486,0.0878204001064,-0.0517718515911,1.48374291708,0.34437868688,-0.0325970917426,0.0655776786821,100.0
19.150471,-0.479752491411,0.013805827091,0.640820474139,0.434116562972,-0.207087406365,0.0958737992428,3.04495186395,39.5498390198,-0.317534023092,0.0878204001064,-0.0517718515911,1.48335942189,0.344762182077,-0.0318301013486,0.0651941834851,100.0
19.160470,-0.480135986608,0.0149563126819,0.640820474139,0.434116562972,-0.207087406365,0.0962572944398,3.04418487356,42.2829589844,-0.317917518289,0.0878204001064,-0.0525388419851,1.48450990748,0.344762182077,-0.0325970917426,0.0655776786821,100.0
19.170470,-0.479752491411,0.0141893222879,0.640436978942,0.434883553366,-0.206703911168,0.0954903040459,3.04495186395,46.1414794922,-0.318301013486,0.0866699145155,-0.0525388419851,1.48374291708,0.34437868688,-0.0322135965456,0.0659611738791,100.0
19.180454,-0.480135986608,0.0145728174849,0.641587464533,0.434116562972,-0.206703911168,0.0954903040459,3.04456836876,50.1607704163,-0.318301013486,0.0866699145155,-0.0521553467881,1.48450990748,0.343611696486,-0.0318301013486,0.0644271930912,100.0
19.190471,-0.480519481805,0.0145728174849,0.640436978942,0.433733067775,-0.207087406365,0.0947233136519,3.04495186395,53.6977500916,-0.318684508683,0.0878204001064,-0.0521553467881,1.48450990748,0.344762182077,-0.0318301013486,0.0655776786821,100.0
19.200452,-0.480902977002,0.013805827091,0.640436978942,0.434500058169,-0.206320415971,0.093956323258,3.04456836876,56.7524108887,-0.317917518289,0.0866699145155,-0.0521553467881,1.48412641228,0.345145677274,-0.0310631109547,0.0655776786821,100.0
19.210374,-0.480135986608,0.0141893222879,0.641203969336,0.433733067775,-0.206320415971,0.0947233136519,3.04456836876,60.128616333,-0.317917518289,0.0882038953034,-0.0517718515911,1.48335942189,0.344762182077,-0.0318301013486,0.0651941834851,100.0
19.220372,-0.480519481805,0.0141893222879,0.641203969336,0.433733067775,-0.205936920774,0.093189332864,3.04456836876,60.128616333,-0.317534023092,0.0878204001064,-0.0521553467881,1.48335942189,0.345145677274,-0.0325970917426,0.0648106882882,100.0
19.230370,-0.480519481805,0.0141893222879,0.640053483745,0.432966077381,-0.205936920774,0.093572828061,3.04456836876,60.128616333,-0.317917518289,0.0866699145155,-0.0517718515911,1.48412641228,0.345145677274,-0.0325970917426,0.0655776786821,100.0
19.240371,-0.480519481805,0.013805827091,0.641203969336,0.433733067775,-0.205936920774,0.093189332864,3.04418487356,60.128616333,-0.317917518289,0.0874369049095,-0.0521553467881,1.48450990748,0.344762182077,-0.0322135965456,0.066344669076,100.0
19.250390,-0.481669967396,0.013038836697,0.640436978942,0.432966077381,-0.205553425577,0.0928058376671,3.04495186395,60.128616333,-0.318301013486,0.0870534097125,-0.052922337182,1.48335942189,0.344762182077,-0.0322135965456,0.0655776786821,100.0
19.260372,-0.480135986608,0.013422331894,0.640820474139,0.432966077381,-0.205553425577,0.093189332864,3.04456836876,77.6527328491,-0.318684508683,0.0878204001064,-0.0521553467881,1.48335942189,0.34437868688,-0.0318301013486,0.0651941834851,100.0
19.270367,-0.480519481805,0.013805827091,0.641203969336,0.433733067775,-0.20516993038,0.093572828061,3.04456836876,77.6527328491,-0.318301013486,0.0870534097125,-0.052922337182,1.48374291708,0.345145677274,-0.0314466061517,0.0655776786821,100.0
19.280370,-0.480519481805,0.0126553415001,0.640820474139,0.433733067775,-0.204402939986,0.0947233136519,3.04495186395,77.6527328491,-0.318301013486,0.0862864193186,-0.0525388419851,1.48374291708,0.344762182077,-0.0322135965456,0.0651941834851,100.0
19.290383,-0.481286472199,0.0122718463031,0.640820474139,0.433733067775,-0.204786435183,0.093956323258,3.04495186395,77.6527328491,-0.317534023092,0.0870534097125,-0.0521553467881,1.48335942189,0.34437868688,-0.0322135965456,0.0651941834851,100.0
19.300447,-0.480902977002,0.0122718463031,0.640820474139,0.433349572578,-0.20516993038,0.0954903040459,3.04495186395,77.6527328491,-0.317917518289,0.0862864193186,-0.0525388419851,1.48412641228,0.343995191683,-0.0337475773335,0.0648106882882,100.0
19.310381,-0.480902977002,0.0111213607122,0.640820474139,0.433349572578,-0.204402939986,0.0951068088489,3.04533535915,94.0514450073,-0.318301013486,0.0866699145155,-0.0521553467881,1.48412641228,0.345145677274,-0.0314466061517,0.0648106882882,100.0
19.320377,-0.480519481805,0.0118883511061,0.640820474139,0.434116562972,-0.203635949592,0.0951068088489,3.04456836876,94.0514450073,-0.318301013486,0.0870534097125,-0.0521553467881,1.48335942189,0.343995191683,-0.0318301013486,0.0659611738791,100.0
19.330368,-0.480902977002,0.0122718463031,0.640436978942,0.434116562972,-0.204402939986,0.094339818455,3.04571885435,94.0514450073,-0.318301013486,0.0874369049095,-0.052922337182,1.48450990748,0.34437868688,-0.0318301013486,0.0644271930912,100.0
19.340380,-0.480902977002,0.0111213607122,0.641203969336,0.434500058169,-0.204019444789,0.0947233136519,3.04456836876,94.0514450073,-0.31906800388,0.0862864193186,-0.0521553467881,1.48412641228,0.344762182077,-0.0325970917426,0.0655776786821,100.0
19.350368,-0.480902977002,0.0115048559091,0.640820474139,0.432582582184,-0.204019444789,0.0951068088489,3.04418487356,94.0514450073,-0.31906800388,0.0882038953034,-0.0521553467881,1.48335942189,0.34437868688,-0.0329805869395,0.0659611738791,100.0
19.360369,-0.481286472199,0.0122718463031,0.640436978942,0.433349572578,-0.204019444789,0.0947233136519,3.04456836876,95.4983901978,-0.317917518289,0.0862864193186,-0.052922337182,1.48335942189,0.34437868688,-0.0318301013486,0.0648106882882,100.0
19.370370,-0.481286472199,0.0122718463031,0.640820474139,0.432582582184,-0.203635949592,0.0951068088489,3.04418487356,95.4983901978,-0.318684508683,0.0866699145155,-0.0521553467881,1.48335942189,0.345145677274,-0.0325970917426,0.0651941834851,100.0
19.380369,-0.480519481805,0.0115048559091,0.641203969336,0.432582582184,-0.204019444789,0.094339818455,3.04456836876,95.4983901978,-0.318301013486,0.0870534097125,-0.0517718515911,1.48335942189,0.345145677274,-0.0322135965456,0.0648106882882,100.0
19.390369,-0.481669967396,0.0111213607122,0.640820474139,0.433349572578,-0.204019444789,0.093956323258,3.04495186395,95.4983901978,-0.317917518289,0.0866699145155,-0.0521553467881,1.48335942189,0.343995191683,-0.0322135965456,0.0651941834851,100.0
19.400366,-0.481669967396,0.0118883511061,0.640436978942,0.433349572578,-0.203252454395,0.093189332864,3.04533535915,95.4983901978,-0.317917518289,0.0874369049095,-0.0525388419851,1.48297592669,0.34437868688,-0.0325970917426,0.0644271930912,100.0
19.410368,-0.481669967396,0.0122718463031,0.640436978942,0.433733067775,-0.204019444789,0.094339818455,3.04418487356,95.4983901978,-0.318301013486,0.0866699145155,-0.0521553467881,1.48335942189,0.34437868688,-0.0325970917426,0.0644271930912,100.0
19.420368,-0.481669967396,0.013038836697,0.640820474139,0.432966077381,-0.204019444789,0.093956323258,3.04533535915,95.4983901978,-0.317917518289,0.0862864193186,-0.0525388419851,1.48374291708,0.34437868688,-0.0325970917426,0.0659611738791,100.0
19.430371,-0.481669967396,0.0115048559091,0.641203969336,0.432966077381,-0.203252454395,0.093956323258,3.04495186395,95.4983901978,-0.317917518289,0.0874369049095,-0.0510048611972,1.48297592669,0.345145677274,-0.0325970917426,0.0659611738791,100.0
19.440373,-0.482820452987,0.0118883511061,0.641203969336,0.432966077381,-0.204019444789,0.094339818455,3.04456836876,95.4983901978,-0.318301013486,0.0874369049095,-0.0517718515911,1.48335942189,0.344762182077,-0.0322135965456,0.0651941834851,100.0
19.450363,-0.483203948184,0.0118883511061,0.640820474139,0.433349572578,-0.203635949592,0.094339818455,3.04495186395,95.4983901978,-0.317917518289,0.0859029241216,-0.0521553467881,1.48335942189,0.34437868688,-0.0318301013486,0.0655776786821,100.0
19.460369,-0.482053462593,0.0118883511061,0.641203969336,0.433349572578,-0.204019444789,0.094339818455,3.04533535915,95.4983901978,-0.317917518289,0.0874369049095,-0.0521553467881,1.48297592669,0.344762182077,-0.0318301013486,0.0655776786821,100.0
19.470377,-0.482053462593,0.0118883511061,0.640820474139,0.433349572578,-0.204019444789,0.0947233136519,3.04418487356,95.4983901978,-0.317917518289,0.0878204001064,-0.0521553467881,1.48220893629,0.344762182077,-0.0322135965456,0.0651941834851,100.0
19.480371,-0.48243695779,0.0118883511061,0.639669988548,0.432966077381,-0.204402939986,0.0947233136519,3.04495186395,95.4983901978,-0.317917518289,0.0866699145155,-0.0525388419851,1.48297592669,0.34437868688,-0.0322135965456,0.0655776786821,100.0
19.490447,-0.48243695779,0.0111213607122,0.641203969336,0.432966077381,-0.204019444789,0.093956323258,3.04495186395,95.4983901978,-0.317917518289,0.0878204001064,-0.0517718515911,1.48297592669,0.345145677274,-0.0325970917426,0.0659611738791,100.0
19.500372,-0.482820452987,0.0118883511061,0.640436978942,0.433733067775,-0.203635949592,0.093956323258,3.04418487356,95.4983901978,-0.317917518289,0.0878204001064,-0.0525388419851,1.48412641228,0.34437868688,-0.0318301013486,0.0644271930912,100.0
19.510368,-0.48243695779,0.0115048559091,0.641203969336,0.432966077381,-0.203635949592,0.0947233136519,3.04456836876,95.4983901978,-0.318301013486,0.0866699145155,-0.0525388419851,1.48259243149,0.34437868688,-0.0322135965456,0.0648106882882,100.0
19.520369,-0.482820452987,0.0115048559091,0.640820474139,0.43181559179,-0.204019444789,0.0951068088489,3.04533535915,95.4983901978,-0.317917518289,0.0874369049095,-0.0521553467881,1.48297592669,0.345145677274,-0.0325970917426,0.0648106882882,100.0
19.530495,-0.48243695779,0.0115048559091,0.640820474139,0.432966077381,-0.204019444789,0.093956323258,3.04495186395,95.4983901978,-0.317917518289,0.0866699145155,-0.0513883563942,1.48374291708,0.344762182077,-0.0314466061517,0.0651941834851,100.0
19.540375,-0.48243695779,0.0107378655152,0.640820474139,0.432966077381,-0.203252454395,0.0951068088489,3.04456836876,95.4983901978,-0.318301013486,0.0870534097125,-0.0517718515911,1.48335942189,0.34437868688,-0.0314466061517,0.0648106882882,100.0
19.550365,-0.48243695779,0.0107378655152,0.640820474139,0.433349572578,-0.203252454395,0.0951068088489,3.04418487356,95.4983901978,-0.317917518289,0.0866699145155,-0.0517718515911,1.48374291708,0.345145677274,-0.0325970917426,0.0651941834851,100.0
19.560390,-0.48243695779,0.0115048559091,0.641587464533,0.433349572578,-0.204402939986,0.0951068088489,3.04495186395,95.4983901978,-0.317917518289,0.0870534097125,-0.0517718515911,1.48374291708,0.344762182077,-0.0318301013486,0.0648106882882,100.0
19.570370,-0.483203948184,0.0111213607122,0.641203969336,0.432582582184,-0.204019444789,0.094339818455,3.04456836876,95.4983901978,-0.318684508683,0.0866699145155,-0.0521553467881,1.48374291708,0.343995191683,-0.0325970917426,0.0644271930912,100.0
19.580492,-0.482820452987,0.0118883511061,0.640053483745,0.433733067775,-0.203252454395,0.0947233136519,3.04495186395,95.4983901978,-0.318301013486,0.0878204001064,-0.0521553467881,1.48259243149,0.34437868688,-0.0325970917426,0.0651941834851,100.0
19.590370,-0.483203948184,0.0107378655152,0.640053483745,0.433349572578,-0.203252454395,0.0954903040459,3.04495186395,95.4983901978,-0.317917518289,0.0866699145155,-0.0517718515911,1.48297592669,0.34437868688,-0.0325970917426,0.0651941834851,100.0
19.600372,-0.48243695779,0.0118883511061,0.640436978942,0.432582582184,-0.204019444789,0.094339818455,3.04456836876,95.4983901978,-0.317534023092,0.0870534097125,-0.052922337182,1.48335942189,0.343995191683,-0.0314466061517,0.0655776786821,100.0
19.610372,-0.482820452987,0.0107378655152,0.640436978942,0.432199086987,-0.204019444789,0.0947233136519,3.04418487356,95.4983901978,-0.318301013486,0.0874369049095,-0.0517718515911,1.48335942189,0.34437868688,-0.0322135965456,0.0648106882882,100.0
19.620368,-0.482820452987,0.0111213607122,0.640053483745,0.432582582184,-0.203635949592,0.0951068088489,3.04495186395,95.4983901978,-0.317150527895,0.0866699145155,-0.0521553467881,1.48412641228,0.34437868688,-0.0314466061517,0.0648106882882,100.0
19.630399,-0.48243695779,0.0103543703182,0.640436978942,0.431432096593,-0.203252454395,0.0951068088489,3.04495186395,95.4983901978,-0.318301013486,0.0874369049095,-0.0525388419851,1.48335942189,0.345145677274,-0.0314466061517,0.0655776786821,100.0
19.640375,-0.482820452987,0.0111213607122,0.640436978942,0.432582582184,-0.204019444789,0.0951068088489,3.04533535915,95.4983901978,-0.318301013486,0.0866699145155,-0.0517718515911,1.48374291708,0.34437868688,-0.0322135965456,0.0655776786821,100.0
19.650368,-0.482053462593,0.0115048559091,0.640820474139,0.432199086987,-0.203635949592,0.0947233136519,3.04418487356,95.4983901978,-0.318684508683,0.0874369049095,-0.0521553467881,1.48335942189,0.344762182077,-0.0325970917426,0.0648106882882,100.0
19.660370,-0.483203948184,0.0107378655152,0.640436978942,0.431048601396,-0.204402939986,0.0954903040459,3.04418487356,95.4983901978,-0.318301013486,0.0866699145155,-0.0525388419851,1.48374291708,0.345145677274,-0.0322135965456,0.0655776786821,100.0
19.670371,-0.483587443381,0.0111213607122,0.640053483745,0.431432096593,-0.203635949592,0.0958737992428,3.04456836876,95.4983901978,-0.318301013486,0.0870534097125,-0.0521553467881,1.48335942189,0.343995191683,-0.0318301013486,0.0651941834851,100.0
19.680369,-0.483203948184,0.0107378655152,0.640820474139,0.431432096593,-0.202868959198,0.0951068088489,3.04533535915,95.4983901978,-0.31906800388,0.0870534097125,-0.0517718515911,1.48374291708,0.344762182077,-0.0318301013486,0.0651941834851,100.0
19.690461,-0.483970938578,0.0103543703182,0.640053483745,0.431432096593,-0.203252454395,0.0951068088489,3.04456836876,95.4983901978,-0.318301013486,0.0870534097125,-0.0525388419851,1.48412641228,0.344762182077,-0.0325970917426,0.0655776786821,100.0
19.700366,-0.483587443381,0.0107378655152,0.640820474139,0.43181559179,-0.203635949592,0.0958737992428,3.04495186395,95.4983901978,-0.318301013486,0.0874369049095,-0.053305832379,1.48259243149,0.34437868688,-0.0318301013486,0.0651941834851,100.0
19.710363,-0.483587443381,0.0103543703182,0.640053483745,0.43181559179,-0.203635949592,0.0954903040459,3.04456836876,95.4983901978,-0.318301013486,0.0870534097125,-0.0521553467881,1.48297592669,0.343995191683,-0.0322135965456,0.0648106882882,100.0
19.720365,-0.483970938578,0.0103543703182,0.640436978942,0.431432096593,-0.204019444789,0.0958737992428,3.04495186395,95.4983901978,-0.319451499077,0.0862864193186,-0.0521553467881,1.48335942189,0.344762182077,-0.0325970917426,0.0659611738791,100.0
19.730362,-0.483970938578,0.0103543703182,0.640436978942,0.431048601396,-0.203635949592,0.0962572944398,3.04456836876,95.4983901978,-0.318301013486,0.0870534097125,-0.052922337182,1.48297592669,0.344762182077,-0.0322135965456,0.0659611738791,100.0
19.740362,-0.483970938578,0.0107378655152,0.640053483745,0.43181559179,-0.203635949592,0.0947233136519,3.04495186395,95.4983901978,-0.317917518289,0.0874369049095,-0.0517718515911,1.48335942189,0.34437868688,-0.0322135965456,0.0644271930912,100.0
19.750367,-0.484354433775,0.0103543703182,0.640053483745,0.430665106199,-0.203635949592,0.0951068088489,3.04495186395,95.4983901978,-0.318301013486,0.0874369049095,-0.052922337182,1.48297592669,0.344762182077,-0.0325970917426,0.0651941834851,100.0
19.760367,-0.484354433775,0.0107378655152,0.640820474139,0.43181559179,-0.204019444789,0.0954903040459,3.04495186395,95.4983901978,-0.31906800388,0.0870534097125,-0.052922337182,1.48335942189,0.345145677274,-0.0325970917426,0.0651941834851,100.0
19.770364,-0.484737928972,0.0103543703182,0.640436978942,0.431432096593,-0.203635949592,0.0947233136519,3.04495186395,95.4983901978,-0.317917518289,0.0870534097125,-0.0525388419851,1.48374291708,0.344762182077,-0.0325970917426,0.0659611738791,100.0
19.780363,-0.485121424169,0.0103543703182,0.640436978942,0.431432096593,-0.203635949592,0.0958737992428,3.04456836876,95.4983901978,-0.317534023092,0.0874369049095,-0.052922337182,1.48374291708,0.34437868688,-0.0322135965456,0.0659611738791,100.0
19.790370,-0.485888414563,0.0103543703182,0.640820474139,0.43181559179,-0.203635949592,0.0954903040459,3.04495186395,95.4983901978,-0.317917518289,0.0874369049095,-0.0521553467881,1.48335942189,0.344762182077,-0.0325970917426,0.0644271930912,100.0
19.800377,-0.48627190976,0.00997087512126,0.640053483745,0.431048601396,-0.204019444789,0.0962572944398,3.04380137836,95.4983901978,-0.318684508683,0.0870534097125,-0.0521553467881,1.48335942189,0.345529172471,-0.0325970917426,0.0648106882882,100.0
19.810366,-0.485888414563,0.00997087512126,0.640053483745,0.430665106199,-0.203635949592,0.0954903040459,3.04495186395,95.4983901978,-0.31906800388,0.0866699145155,-0.0521553467881,1.48297592669,0.344762182077,-0.0310631109547,0.0655776786821,100.0
19.820364,-0.485121424169,0.0107378655152,0.640053483745,0.431432096593,-0.203635949592,0.0958737992428,3.04456836876,95.4983901978,-0.317917518289,0.0870534097125,-0.0510048611972,1.48335942189,0.34437868688,-0.0318301013486,0.0651941834851,100.0
19.830367,-0.485504919366,0.00997087512126,0.640820474139,0.432199086987,-0.203635949592,0.0958737992428,3.04418487356,95.4983901978,-0.317534023092,0.0870534097125,-0.0517718515911,1.48374291708,0.34437868688,-0.0322135965456,0.0651941834851,100.0
19.840368,-0.486655404957,0.0103543703182,0.640436978942,0.431432096593,-0.204019444789,0.0954903040459,3.04418487356,95.4983901978,-0.317917518289,0.0878204001064,-0.0521553467881,1.48335942189,0.343995191683,-0.0322135965456,0.0651941834851,100.0
19.850366,-0.485888414563,0.00997087512126,0.640053483745,0.431048601396,-0.203635949592,0.094339818455,3.04418487356,95.4983901978,-0.317917518289,0.0870534097125,-0.0517718515911,1.48374291708,0.34437868688,-0.0314466061517,0.0651941834851,100.0
19.860366,-0.485888414563,0.0103543703182,0.640053483745,0.431432096593,-0.204019444789,0.0947233136519,3.04456836876,95.4983901978,-0.318301013486,0.0878204001064,-0.0525388419851,1.48374291708,0.344762182077,-0.0314466061517,0.0651941834851,100.0
19.870366,-0.487038900154,0.0107378655152,0.640436978942,0.430665106199,-0.204019444789,0.0947233136519,3.04533535915,95.4983901978,-0.317917518289,0.0878204001064,-0.0521553467881,1.48297592669,0.34437868688,-0.0329805869395,0.0651941834851,100.0
19.880367,-0.48627190976,0.00997087512126,0.640436978942,0.43181559179,-0.204019444789,0.0947233136519,3.04456836876,95.4983901978,-0.317534023092,0.0874369049095,-0.0521553467881,1.48374291708,0.34437868688,-0.0325970917426,0.0659611738791,100.0
19.890364,-0.485121424169,0.00958737992428,0.640436978942,0.431432096593,-0.203252454395,0.093956323258,3.04456836876,95.4983901978,-0.317150527895,0.0882038953034,-0.0521553467881,1.48374291708,0.344762182077,-0.0333640821365,0.0651941834851,100.0
19.900371,-0.486655404957,0.00920388472731,0.640053483745,0.431432096593,-0.203252454395,0.0951068088489,3.04495186395,95.4983901978,-0.318684508683,0.0878204001064,-0.0521553467881,1.48412641228,0.345145677274,-0.0325970917426,0.0659611738791,100.0
19.910366,-0.48627190976,0.00920388472731,0.640053483745,0.431048601396,-0.204019444789,0.0947233136519,3.04456836876,95.4983901978,-0.318301013486,0.0866699145155,-0.0525388419851,1.48297592669,0.344762182077,-0.0318301013486,0.0648106882882,100.0
19.920367,-0.486655404957,0.00882038953034,0.640053483745,0.432199086987,-0.203635949592,0.0954903040459,3.04495186395,95.4983901978,-0.317917518289,0.0870534097125,-0.0521553467881,1.48412641228,0.344762182077,-0.0322135965456,0.0648106882882,100.0
19.930366,-0.48627190976,0.00920388472731,0.640436978942,0.431432096593,-0.203635949592,0.0954903040459,3.04533535915,95.4983901978,-0.318301013486,0.0878204001064,-0.0521553467881,1.48374291708,0.34437868688,-0.0318301013486,0.0651941834851,100.0
19.940367,-0.485888414563,0.00843689433337,0.639669988548,0.431432096593,-0.203635949592,0.0954903040459,3.04456836876,95.4983901978,-0.317917518289,0.0870534097125,-0.0525388419851,1.48412641228,0.345529172471,-0.0322135965456,0.0651941834851,100.0
19.950364,-0.48627190976,0.00728640874246,0.640053483745,0.431048601396,-0.203252454395,0.0954903040459,3.04456836876,95.4983901978,-0.317917518289,0.0874369049095,-0.0521553467881,1.48335942189,0.344762182077,-0.0322135965456,0.0659611738791,100.0
19.960366,-0.485504919366,0.00882038953034,0.639669988548,0.431048601396,-0.203252454395,0.094339818455,3.04495186395,95.4983901978,-0.317917518289,0.0874369049095,-0.053305832379,1.48412641228,0.344762182077,-0.0325970917426,0.0655776786821,100.0
19.970370,-0.485504919366,0.0080533991364,0.640053483745,0.429898115805,-0.204019444789,0.093956323258,3.04495186395,95.4983901978,-0.318301013486,0.0878204001064,-0.052922337182,1.48374291708,0.344762182077,-0.0325970917426,0.066344669076,100.0
19.980365,-0.485504919366,0.00766990393943,0.640436978942,0.429131125411,-0.204402939986,0.093189332864,3.04495186395,95.4983901978,-0.31906800388,0.0874369049095,-0.052922337182,1.48335942189,0.344762182077,-0.0329805869395,0.066728164273,100.0
19.990368,-0.485888414563,0.00728640874246,0.640820474139,0.430281611002,-0.203635949592,0.093572828061,3.04495186395,95.4983901978,-0.318684508683,0.0870534097125,-0.052922337182,1.48374291708,0.345145677274,-0.0329805869395,0.0659611738791,100.0
20.000366,-0.486655404957,0.00651941834851,0.640820474139,0.429131125411,-0.203252454395,0.0947233136519,3.04456836876,95.4983901978,-0.317917518289,0.0874369049095,-0.0525388419851,1.48259243149,0.345145677274,-0.0322135965456,0.0644271930912,100.0
20.010366,-0.485504919366,0.00498543756063,0.640820474139,0.428747630214,-0.203635949592,0.093956323258,3.04418487356,95.4983901978,-0.317917518289,0.0878204001064,-0.052922337182,1.48374291708,0.34437868688,-0.0329805869395,0.0648106882882,100.0
20.020366,-0.485888414563,0.0053689327576,0.639669988548,0.429131125411,-0.203635949592,0.0947233136519,3.04456836876,95.4983901978,-0.317917518289,0.0885873905004,-0.0521553467881,1.48374291708,0.34437868688,-0.0337475773335,0.0648106882882,100.0
20.030364,-0.48627190976,0.00498543756063,0.641203969336,0.429131125411,-0.203635949592,0.093956323258,3.04495186395,95.4983901978,-0.317917518289,0.0874369049095,-0.0525388419851,1.48412641228,0.344762182077,-0.0329805869395,0.0644271930912,100.0
20.040365,-0.486655404957,0.00498543756063,0.640820474139,0.429131125411,-0.204019444789,0.093189332864,3.04495186395,95.4983901978,-0.318301013486,0.0866699145155,-0.0521553467881,1.48374291708,0.345529172471,-0.0329805869395,0.0648106882882,100.0
20.050365,-0.48627190976,0.00383495196971,0.641203969336,0.428364135017,-0.204019444789,0.094339818455,3.04456836876,95.4983901978,-0.317150527895,0.0862864193186,-0.0521553467881,1.48297592669,0.345145677274,-0.0329805869395,0.0659611738791,100.0
20.060366,-0.486655404957,0.00383495196971,0.640436978942,0.426830154229,-0.203252454395,0.093956323258,3.04418487356,95.4983901978,-0.317917518289,0.0870534097125,-0.0517718515911,1.48335942189,0.344762182077,-0.0322135965456,0.0644271930912,100.0
20.070367,-0.486655404957,0.00383495196971,0.640820474139,0.426830154229,-0.203635949592,0.093956323258,3.04456836876,95.4983901978,-0.317917518289,0.0862864193186,-0.0525388419851,1.48412641228,0.344762182077,-0.0329805869395,0.0651941834851,100.0
20.080365,-0.487422395351,0.0026844663788,0.640820474139,0.42798063982,-0.204019444789,0.0928058376671,3.04418487356,95.4983901978,-0.318684508683,0.0874369049095,-0.0521553467881,1.48297592669,0.345145677274,-0.0329805869395,0.0659611738791,100.0
20.090365,-0.487422395351,0.00191747598486,0.640436978942,0.426446659032,-0.203635949592,0.093189332864,3.04533535915,95.4983901978,-0.317917518289,0.0878204001064,-0.0525388419851,1.48412641228,0.34437868688,-0.0329805869395,0.0648106882882,100.0
20.100369,-0.486655404957,0.00115048559091,0.640053483745,0.426063163835,-0.204019444789,0.093572828061,3.04418487356,95.4983901978,-0.317534023092,0.0870534097125,-0.052922337182,1.48374291708,0.34437868688,-0.0322135965456,0.0651941834851,100.0
20.110482,-0.486655404957,0.00153398078789,0.639669988548,0.424912678244,-0.203635949592,0.093572828061,3.04533535915,95.4983901978,-0.318684508683,0.0870534097125,-0.0525388419851,1.48374291708,0.345145677274,-0.0325970917426,0.0651941834851,100.0
20.120368,-0.487038900154,0.000383495196971,0.639669988548,0.425296173441,-0.204019444789,0.093956323258,3.04456836876,95.4983901978,-0.317917518289,0.0874369049095,-0.0521553467881,1.48374291708,0.343995191683,-0.0322135965456,0.0655776786821,100.0
20.130364,-0.487805890548,0.000383495196971,0.640820474139,0.424912678244,-0.204019444789,0.094339818455,3.04533535915,95.4983901978,-0.317534023092,0.0862864193186,-0.0525388419851,1.48374291708,0.343995191683,-0.0325970917426,0.066344669076,100.0
20.140364,-0.487422395351,-0.000383495196971,0.640053483745,0.424529183047,-0.202868959198,0.0928058376671,3.04495186395,95.4983901978,-0.318301013486,0.0878204001064,-0.0525388419851,1.48335942189,0.345145677274,-0.0337475773335,0.0655776786821,100.0
20.150364,-0.488572880942,-0.000766990393943,0.640436978942,0.42414568785,-0.202868959198,0.0924223424701,3.04456836876,95.4983901978,-0.317917518289,0.0874369049095,-0.052922337182,1.48374291708,0.345145677274,-0.0329805869395,0.0651941834851,100.0
20.160459,-0.488572880942,-0.00153398078789,0.640053483745,0.423762192653,-0.204402939986,0.0924223424701,3.04456836876,95.4983901978,-0.31906800388,0.0878204001064,-0.0517718515911,1.48335942189,0.34437868688,-0.0333640821365,0.0648106882882,100.0
20.170453,-0.488956376138,-0.00191747598486,0.640436978942,0.423378697456,-0.204402939986,0.0924223424701,3.04495186395,95.4983901978,-0.317917518289,0.0870534097125,-0.0525388419851,1.48374291708,0.34437868688,-0.0325970917426,0.0651941834851,100.0
20.180452,-0.488572880942,-0.0026844663788,0.639669988548,0.42414568785,-0.204019444789,0.0928058376671,3.04533535915,95.4983901978,-0.317534023092,0.0882038953034,-0.0517718515911,1.48412641228,0.34437868688,-0.0325970917426,0.0648106882882,100.0
20.190453,-0.488956376138,-0.00383495196971,0.640053483745,0.422611707062,-0.203635949592,0.093189332864,3.04456836876,95.4983901978,-0.318301013486,0.0866699145155,-0.0517718515911,1.48374291708,0.344762182077,-0.0322135965456,0.0659611738791,100.0
20.200456,-0.489723366532,-0.00345145677274,0.640436978942,0.423378697456,-0.204019444789,0.0924223424701,3.04456836876,95.0160751343,-0.317917518289,0.0874369049095,-0.052922337182,1.48335942189,0.344762182077,-0.0329805869395,0.0655776786821,100.0
20.210452,-0.490490356926,-0.00498543756063,0.639669988548,0.422995202259,-0.204019444789,0.0920388472731,3.04418487356,93.8906784058,-0.317534023092,0.0882038953034,-0.0521553467881,1.48450990748,0.344762182077,-0.0333640821365,0.0651941834851,100.0
20.220449,-0.489723366532,-0.00498543756063,0.640436978942,0.422228211865,-0.204786435183,0.0924223424701,3.04418487356,92.1221847534,-0.31906800388,0.0866699145155,-0.053305832379,1.48374291708,0.345145677274,-0.0325970917426,0.0655776786821,100.0
20.230455,-0.489723366532,-0.00613592315154,0.640436978942,0.422611707062,-0.204402939986,0.0916553520762,3.04456836876,89.871383667,-0.318301013486,0.0870534097125,-0.052922337182,1.48412641228,0.344762182077,-0.0329805869395,0.0651941834851,100.0
20.240450,-0.489723366532,-0.00690291354548,0.640820474139,0.421844716668,-0.204786435183,0.0916553520762,3.04456836876,87.1382598877,-0.318301013486,0.0870534097125,-0.0525388419851,1.48335942189,0.345529172471,-0.0325970917426,0.0644271930912,100.0
20.250451,-0.490873852123,-0.00766990393943,0.640820474139,0.421461221472,-0.204786435183,0.0920388472731,3.04456836876,84.5659179688,-0.317917518289,0.0870534097125,-0.0517718515911,1.48412641228,0.34437868688,-0.0329805869395,0.0651941834851,100.0
20.260451,-0.491640842517,-0.00690291354548,0.640820474139,0.420310735881,-0.204402939986,0.0916553520762,3.04456836876,81.6720275879,-0.318301013486,0.0870534097125,-0.0517718515911,1.48450990748,0.345145677274,-0.0333640821365,0.0659611738791,100.0
20.270452,-0.490490356926,-0.00843689433337,0.640053483745,0.419927240684,-0.204019444789,0.0928058376671,3.04456836876,77.9742736816,-0.317534023092,0.0866699145155,-0.0521553467881,1.48412641228,0.344762182077,-0.0329805869395,0.0644271930912,100.0
20.280454,-0.49125734732,-0.0103543703182,0.640436978942,0.420310735881,-0.204786435183,0.0920388472731,3.04495186395,74.1157531738,-0.317917518289,0.0878204001064,-0.0525388419851,1.48450990748,0.344762182077,-0.0325970917426,0.0648106882882,100.0
20.290459,-0.492024337714,-0.0115048559091,0.640820474139,0.422228211865,-0.204019444789,0.0916553520762,3.04495186395,70.5787811279,-0.317534023092,0.0870534097125,-0.0525388419851,1.48450990748,0.34437868688,-0.0325970917426,0.0655776786821,100.0
20.300458,-0.491640842517,-0.0118883511061,0.640820474139,0.421077726275,-0.204402939986,0.0916553520762,3.04418487356,67.3633422852,-0.317917518289,0.0870534097125,-0.0521553467881,1.48335942189,0.344762182077,-0.0325970917426,0.0644271930912,100.0
20.310455,-0.491640842517,-0.0115048559091,0.641203969336,0.420694231078,-0.204019444789,0.0920388472731,3.04456836876,63.8263664246,-0.318301013486,0.0878204001064,-0.053305832379,1.48412641228,0.344762182077,-0.0333640821365,0.0655776786821,100.0
20.320457,-0.492407832911,-0.0126553415001,0.639669988548,0.419927240684,-0.204402939986,0.0924223424701,3.04495186395,60.4501609802,-0.318301013486,0.0874369049095,-0.0521553467881,1.48335942189,0.34437868688,-0.0325970917426,0.0655776786821,100.0
20.330450,-0.492024337714,-0.013038836697,0.640053483745,0.41916025029,-0.204019444789,0.093189332864,3.04456836876,56.9131851196,-0.318684508683,0.0878204001064,-0.0517718515911,1.48374291708,0.344762182077,-0.0325970917426,0.0648106882882,100.0
20.340455,-0.492791328108,-0.0145728174849,0.640053483745,0.418009764699,-0.204786435183,0.0928058376671,3.04456836876,53.5369758606,-0.318684508683,0.0870534097125,-0.052922337182,1.48412641228,0.34437868688,-0.0322135965456,0.0651941834851,100.0
20.350453,-0.492791328108,-0.0149563126819,0.639669988548,0.418776755093,-0.203635949592,0.0916553520762,3.04495186395,50.1607704163,-0.317917518289,0.0870534097125,-0.0525388419851,1.48374291708,0.34437868688,-0.0337475773335,0.0655776786821,100.0
20.360450,-0.492407832911,-0.0157233030758,0.640436978942,0.418776755093,-0.204402939986,0.0905048664852,3.04456836876,46.7845649719,-0.318301013486,0.0866699145155,-0.0521553467881,1.48374291708,0.344762182077,-0.0329805869395,0.066344669076,100.0
20.370457,-0.492791328108,-0.0176407790607,0.641203969336,0.418009764699,-0.204402939986,0.0908883616822,3.04456836876,43.4083595276,-0.318684508683,0.0859029241216,-0.0513883563942,1.48450990748,0.344762182077,-0.0325970917426,0.0655776786821,100.0
20.380453,-0.493174823305,-0.0172572838637,0.640436978942,0.418009764699,-0.204019444789,0.0916553520762,3.04495186395,40.0321540833,-0.318684508683,0.0866699145155,-0.0521553467881,1.48412641228,0.343995191683,-0.0333640821365,0.0644271930912,100.0
20.390452,-0.493174823305,-0.0191747598486,0.640436978942,0.418009764699,-0.204786435183,0.0924223424701,3.04456836876,36.6559486389,-0.317917518289,0.0866699145155,-0.0525388419851,1.48335942189,0.34437868688,-0.0337475773335,0.0651941834851,100.0
20.400458,-0.492791328108,-0.0203252454395,0.640053483745,0.416859279108,-0.204786435183,0.0924223424701,3.04456836876,33.2797431946,-0.318301013486,0.0878204001064,-0.0525388419851,1.48450990748,0.345145677274,-0.0337475773335,0.0644271930912,100.0
20.410449,-0.493941813699,-0.0207087406365,0.640436978942,0.416475783911,-0.204402939986,0.0924223424701,3.04456836876,29.9035377502,-0.317917518289,0.0866699145155,-0.0521553467881,1.48412641228,0.344762182077,-0.0325970917426,0.0651941834851,100.0
20.420457,-0.493558318502,-0.0222427214243,0.639669988548,0.416092288714,-0.204402939986,0.0920388472731,3.04456836876,26.5273303986,-0.318301013486,0.0878204001064,-0.0521553467881,1.48412641228,0.344762182077,-0.0325970917426,0.066344669076,100.0
20.430457,-0.493941813699,-0.0233932070153,0.640053483745,0.415708793517,-0.204786435183,0.0920388472731,3.04418487356,23.1511249542,-0.318301013486,0.0870534097125,-0.0525388419851,1.48374291708,0.345145677274,-0.0329805869395,0.0659611738791,100.0
20.440452,-0.493941813699,-0.0253106830001,0.640053483745,0.414941803123,-0.204786435183,0.0916553520762,3.04495186395,19.7749195099,-0.318301013486,0.0870534097125,-0.0517718515911,1.48412641228,0.345145677274,-0.0329805869395,0.0655776786821,100.0
20.450457,-0.494325308896,-0.0260776733941,0.640053483745,0.416092288714,-0.20516993038,0.0928058376671,3.04495186395,16.3987140656,-0.318301013486,0.0870534097125,-0.0521553467881,1.48450990748,0.344762182077,-0.0329805869395,0.0655776786821,100.0
20.460454,-0.493941813699,-0.026844663788,0.640436978942,0.414558307926,-0.20516993038,0.0928058376671,3.04495186395,13.0225076675,-0.317534023092,0.0870534097125,-0.0525388419851,1.48297592669,0.34437868688,-0.0329805869395,0.0659611738791,100.0
20.470455,-0.494325308896,-0.0287621397729,0.640053483745,0.414558307926,-0.204786435183,0.0928058376671,3.04456836876,9.64630222321,-0.318301013486,0.0870534097125,-0.0517718515911,1.48450990748,0.344762182077,-0.0337475773335,0.0648106882882,100.0
20.480454,-0.495475794487,-0.0295291301668,0.640436978942,0.413407822335,-0.20516993038,0.093956323258,3.04456836876,6.59163999557,-0.317917518289,0.0878204001064,-0.0517718515911,1.48335942189,0.345145677274,-0.0329805869395,0.0644271930912,100.0
20.490454,-0.495859289684,-0.0306796157577,0.640436978942,0.413407822335,-0.205936920774,0.093189332864,3.04456836876,4.66237926483,-0.318301013486,0.0870534097125,-0.0517718515911,1.48489340267,0.34437868688,-0.0329805869395,0.0651941834851,100.0
20.500455,-0.495859289684,-0.0322135965456,0.640820474139,0.413791317532,-0.204786435183,0.0928058376671,3.04456836876,4.34083604813,-0.318301013486,0.0866699145155,-0.0525388419851,1.48374291708,0.344762182077,-0.0325970917426,0.0651941834851,100.0
20.510454,-0.495859289684,-0.0329805869395,0.640053483745,0.412640831941,-0.204786435183,0.0928058376671,3.04495186395,4.34083604813,-0.318301013486,0.0870534097125,-0.0525388419851,1.48412641228,0.345145677274,-0.0333640821365,0.0648106882882,100.0
20.520451,-0.495859289684,-0.0345145677274,0.639286493351,0.412640831941,-0.20516993038,0.093189332864,3.04380137836,4.34083604813,-0.317150527895,0.0878204001064,-0.053305832379,1.48374291708,0.344762182077,-0.0329805869395,0.0655776786821,100.0
20.530451,-0.495859289684,-0.0368155389092,0.639669988548,0.411106851153,-0.20516993038,0.093572828061,3.04456836876,4.34083604813,-0.318684508683,0.0866699145155,-0.0521553467881,1.48489340267,0.344762182077,-0.0333640821365,0.0655776786821,100.0
20.540455,-0.496242784881,-0.0368155389092,0.639286493351,0.41149034635,-0.205936920774,0.093956323258,3.04533535915,4.34083604813,-0.318301013486,0.0870534097125,-0.0521553467881,1.48374291708,0.344762182077,-0.0329805869395,0.066344669076,100.0
20.550452,-0.497776765669,-0.0375825293032,0.640820474139,0.409956365562,-0.205936920774,0.094339818455,3.04495186395,4.34083604813,-0.317917518289,0.0870534097125,-0.0517718515911,1.48412641228,0.344762182077,-0.0337475773335,0.0644271930912,100.0
20.560455,-0.497393270472,-0.040650490879,0.64197095973,0.406888403987,-0.207470901562,0.0954903040459,3.04418487356,4.34083604813,-0.317917518289,0.0870534097125,-0.0521553467881,1.48450990748,0.344762182077,-0.0325970917426,0.0655776786821,100.0
20.570455,-0.496242784881,-0.0421844716668,0.644655426109,0.406121413593,-0.208621387152,0.0993252560156,3.04418487356,4.34083604813,-0.31906800388,0.0874369049095,-0.0517718515911,1.48412641228,0.344762182077,-0.0325970917426,0.0651941834851,100.0
20.580464,-0.497393270472,-0.0456359284396,0.644655426109,0.403436947214,-0.209388377546,0.102393217591,3.04495186395,4.34083604813,-0.318684508683,0.0878204001064,-0.0517718515911,1.48374291708,0.34437868688,-0.0329805869395,0.0648106882882,100.0
20.590663,-0.496242784881,-0.0475534044244,0.645422416503,0.401135976032,-0.212072843925,0.103927198379,3.04456836876,4.34083604813,-0.319451499077,0.0862864193186,-0.0525388419851,1.48489340267,0.34437868688,-0.0325970917426,0.0648106882882,100.0
20.600454,-0.497393270472,-0.0490873852123,0.645422416503,0.39883500485,-0.215140805501,0.103927198379,3.04533535915,4.34083604813,-0.318684508683,0.0870534097125,-0.0517718515911,1.48335942189,0.345145677274,-0.0325970917426,0.0659611738791,100.0
20.610455,-0.497776765669,-0.0502378708032,0.645038921306,0.397684519259,-0.216674786289,0.103160207985,3.04456836876,4.34083604813,-0.319451499077,0.0882038953034,-0.0517718515911,1.48412641228,0.344762182077,-0.0325970917426,0.0655776786821,100.0
20.620515,-0.498543756063,-0.053689327576,0.646189406897,0.396150538471,-0.218592262274,0.104694188773,3.04456836876,4.34083604813,-0.31906800388,0.0870534097125,-0.0517718515911,1.48412641228,0.344762182077,-0.0325970917426,0.0648106882882,100.0
20.630465,-0.497776765669,-0.0559902987578,0.646572902094,0.39384956729,-0.219359252668,0.104694188773,3.04456836876,4.34083604813,-0.31906800388,0.0878204001064,-0.0525388419851,1.48335942189,0.34437868688,-0.0329805869395,0.0644271930912,100.0
20.640487,-0.49892725126,-0.0590582603336,0.647339892488,0.393082576896,-0.220893233455,0.104694188773,3.04456836876,4.34083604813,-0.319451499077,0.0878204001064,-0.052922337182,1.48450990748,0.345145677274,-0.0337475773335,0.0651941834851,100.0
20.650453,-0.499310746457,-0.0609757363184,0.646572902094,0.392699081699,-0.221660223849,0.103927198379,3.04495186395,4.34083604813,-0.319451499077,0.0866699145155,-0.053305832379,1.48450990748,0.34437868688,-0.0341310725305,0.0651941834851,100.0
20.660457,-0.499694241654,-0.0648106882882,0.647723387685,0.392699081699,-0.222043719046,0.104694188773,3.04456836876,4.34083604813,-0.31906800388,0.0870534097125,-0.0521553467881,1.48450990748,0.344762182077,-0.0348980629244,0.0651941834851,100.0
20.670374,-0.501228222442,-0.066728164273,0.646572902094,0.392315586502,-0.22281070944,0.104694188773,3.04495186395,4.34083604813,-0.317917518289,0.0862864193186,-0.053305832379,1.48489340267,0.344762182077,-0.0348980629244,0.0655776786821,100.0
20.680366,-0.500844727245,-0.0690291354548,0.646956397291,0.390781605714,-0.222427214243,0.104310693576,3.04533535915,4.34083604813,-0.318301013486,0.0874369049095,-0.052922337182,1.48412641228,0.34437868688,-0.0348980629244,0.0659611738791,100.0
20.690368,-0.500844727245,-0.0713301066367,0.646572902094,0.390781605714,-0.22281070944,0.103160207985,3.04456836876,4.34083604813,-0.317917518289,0.0862864193186,-0.053305832379,1.48489340267,0.34437868688,-0.0348980629244,0.0648106882882,100.0
20.700368,-0.501228222442,-0.0736310778185,0.646189406897,0.389631120123,-0.222427214243,0.102009722394,3.04456836876,4.34083604813,-0.318301013486,0.0866699145155,-0.052922337182,1.48566039307,0.345529172471,-0.0364320437123,0.0651941834851,100.0
20.710370,-0.501611717639,-0.0751650586064,0.646956397291,0.389247624926,-0.22281070944,0.101626227197,3.04495186395,4.34083604813,-0.317534023092,0.0866699145155,-0.0521553467881,1.48489340267,0.344762182077,-0.0360485485153,0.0655776786821,100.0
20.720383,-0.501611717639,-0.0763155441973,0.646956397291,0.388480634532,-0.22281070944,0.102393217591,3.04456836876,4.34083604813,-0.317534023092,0.0870534097125,-0.0517718515911,1.48566039307,0.343995191683,-0.0356650533183,0.0655776786821,100.0
20.730366,-0.502378708032,-0.0786165153791,0.646956397291,0.38617966335,-0.223194204637,0.102393217591,3.04456836876,4.34083604813,-0.318301013486,0.0862864193186,-0.0517718515911,1.48412641228,0.344762182077,-0.0337475773335,0.0644271930912,100.0
20.740365,-0.502762203229,-0.0793835057731,0.648106882882,0.385029177759,-0.223961195031,0.101626227197,3.04418487356,4.34083604813,-0.317917518289,0.0870534097125,-0.0513883563942,1.48450990748,0.345529172471,-0.0325970917426,0.0655776786821,100.0
20.750365,-0.503529193623,-0.0813009817579,0.647339892488,0.385029177759,-0.223577699834,0.10009224641,3.04418487356,4.34083604813,-0.318301013486,0.0866699145155,-0.0510048611972,1.48489340267,0.345145677274,-0.0322135965456,0.0644271930912,100.0
20.760368,-0.50391268882,-0.0836019529398,0.646956397291,0.384645682562,-0.223961195031,0.0997087512126,3.04456836876,4.34083604813,-0.318684508683,0.0882038953034,-0.0510048611972,1.48374291708,0.344762182077,-0.0306796157577,0.0655776786821,100.0
20.770368,-0.50391268882,-0.0839854481367,0.646956397291,0.384262187365,-0.224344690228,0.10009224641,3.04495186395,4.34083604813,-0.318301013486,0.0874369049095,-0.0517718515911,1.48412641228,0.344762182077,-0.0310631109547,0.0648106882882,100.0
20.780366,-0.505063174411,-0.0851359337276,0.647339892488,0.383495196971,-0.225111680622,0.100859236803,3.04495186395,4.34083604813,-0.317917518289,0.0862864193186,-0.0513883563942,1.48374291708,0.344762182077,-0.0322135965456,0.0655776786821,100.0
20.790366,-0.506213660002,-0.0855194289246,0.648106882882,0.383111701774,-0.223961195031,0.101626227197,3.04418487356,4.34083604813,-0.318684508683,0.0870534097125,-0.0517718515911,1.48489340267,0.345145677274,-0.0329805869395,0.0648106882882,100.0
20.800364,-0.506597155199,-0.0870534097125,0.647723387685,0.383111701774,-0.224344690228,0.100859236803,3.04456836876,4.34083604813,-0.317534023092,0.0862864193186,-0.0525388419851,1.48489340267,0.345145677274,-0.0337475773335,0.0651941834851,100.0
20.810363,-0.506597155199,-0.0885873905004,0.647723387685,0.38234471138,-0.224344690228,0.102009722394,3.04495186395,4.34083604813,-0.317917518289,0.0866699145155,-0.0525388419851,1.48450990748,0.34437868688,-0.0341310725305,0.0655776786821,100.0
20.820363,-0.50774764079,-0.0901213712883,0.648106882882,0.382728206577,-0.224344690228,0.101626227197,3.04533535915,4.34083604813,-0.318684508683,0.0874369049095,-0.0521553467881,1.48527689787,0.344762182077,-0.0345145677274,0.0648106882882,100.0
20.830370,-0.508514631184,-0.0908883616822,0.648106882882,0.382728206577,-0.224344690228,0.102393217591,3.04495186395,4.34083604813,-0.317917518289,0.0870534097125,-0.0525388419851,1.48450990748,0.345145677274,-0.0345145677274,0.0651941834851,100.0
20.840364,-0.509281621578,-0.0924223424701,0.648106882882,0.383495196971,-0.224728185425,0.102393217591,3.04456836876,4.34083604813,-0.317917518289,0.0882038953034,-0.0521553467881,1.48412641228,0.344762182077,-0.0337475773335,0.0659611738791,100.0
20.850365,-0.508898126381,-0.093189332864,0.647723387685,0.383111701774,-0.225111680622,0.102776712788,3.04418487356,4.34083604813,-0.317150527895,0.0882038953034,-0.0517718515911,1.48297592669,0.343995191683,-0.0337475773335,0.0651941834851,100.0
20.860364,-0.509665116775,-0.093956323258,0.648490378079,0.383111701774,-0.224344690228,0.102776712788,3.04495186395,4.34083604813,-0.317917518289,0.0878204001064,-0.0521553467881,1.48297592669,0.344762182077,-0.0329805869395,0.0651941834851,100.0
20.870369,-0.510048611972,-0.0951068088489,0.647723387685,0.381961216183,-0.225111680622,0.102776712788,3.04495186395,4.34083604813,-0.317534023092,0.0866699145155,-0.0525388419851,1.48259243149,0.344762182077,-0.0325970917426,0.0655776786821,100.0
20.880365,-0.509281621578,-0.0962572944398,0.648490378079,0.381961216183,-0.224728185425,0.102393217591,3.04456836876,4.34083604813,-0.317917518289,0.0885873905004,-0.0517718515911,1.48297592669,0.344762182077,-0.0322135965456,0.0651941834851,100.0
20.890367,-0.510432107169,-0.0962572944398,0.648106882882,0.381961216183,-0.224728185425,0.102393217591,3.04456836876,4.34083604813,-0.317917518289,0.0874369049095,-0.0525388419851,1.4818254411,0.34437868688,-0.0318301013486,0.0651941834851,100.0
20.900365,-0.510048611972,-0.0974077800307,0.648490378079,0.38119422579,-0.224728185425,0.101626227197,3.04456836876,4.34083604813,-0.317917518289,0.0882038953034,-0.0513883563942,1.48259243149,0.344762182077,-0.0310631109547,0.0644271930912,100.0
20.910367,-0.510432107169,-0.0981747704247,0.648490378079,0.380810730593,-0.224344690228,0.102009722394,3.04495186395,4.34083604813,-0.318301013486,0.0874369049095,-0.0517718515911,1.48374291708,0.344762182077,-0.0322135965456,0.0655776786821,100.0
20.920363,-0.510815602366,-0.0993252560156,0.649257368473,0.380043740199,-0.225111680622,0.102009722394,3.04495186395,4.34083604813,-0.31906800388,0.0878204001064,-0.0521553467881,1.48297592669,0.344762182077,-0.0318301013486,0.0655776786821,100.0
20.930363,-0.511199097563,-0.0993252560156,0.649640863669,0.378893254608,-0.223961195031,0.102009722394,3.04533535915,4.34083604813,-0.318301013486,0.0866699145155,-0.0521553467881,1.48374291708,0.344762182077,-0.0322135965456,0.0651941834851,100.0
20.940364,-0.510432107169,-0.102393217591,0.649257368473,0.379276749805,-0.224344690228,0.101626227197,3.04495186395,4.34083604813,-0.318684508683,0.0859029241216,-0.0513883563942,1.48374291708,0.345145677274,-0.0322135965456,0.0655776786821,100.0
20.950365,-0.510432107169,-0.102776712788,0.649640863669,0.379276749805,-0.223577699834,0.102009722394,3.04495186395,4.34083604813,-0.318301013486,0.0862864193186,-0.0525388419851,1.48374291708,0.344762182077,-0.0329805869395,0.0655776786821,100.0
20.960364,-0.511199097563,-0.104694188773,0.649257368473,0.379660245002,-0.223961195031,0.102009722394,3.04495186395,4.34083604813,-0.318301013486,0.0874369049095,-0.0525388419851,1.48412641228,0.345145677274,-0.0322135965456,0.0655776786821,100.0
20.970367,-0.510815602366,-0.103927198379,0.648873873276,0.379276749805,-0.223577699834,0.102776712788,3.04533535915,4.34083604813,-0.318684508683,0.0878204001064,-0.0525388419851,1.48412641228,0.344762182077,-0.0318301013486,0.0651941834851,100.0
20.980365,-0.510048611972,-0.105461179167,0.650407854063,0.377742769017,-0.224728185425,0.102393217591,3.04456836876,4.34083604813,-0.318301013486,0.0870534097125,-0.052922337182,1.48412641228,0.344762182077,-0.0314466061517,0.0651941834851,100.0
20.990363,-0.510432107169,-0.106611664758,0.651174844457,0.37735927382,-0.223577699834,0.101626227197,3.04456836876,4.34083604813,-0.31906800388,0.0866699145155,-0.0525388419851,1.48335942189,0.344762182077,-0.0318301013486,0.0648106882882,100.0
21.000366,-0.510048611972,-0.10891263594,0.651174844457,0.376592283426,-0.223194204637,0.102393217591,3.04456836876,4.34083604813,-0.318684508683,0.0862864193186,-0.052922337182,1.48489340267,0.34437868688,-0.0322135965456,0.0648106882882,100.0
21.010368,-0.510048611972,-0.110063121531,0.651558339654,0.376208788229,-0.223577699834,0.101242732,3.04456836876,4.34083604813,-0.318684508683,0.0878204001064,-0.0525388419851,1.48412641228,0.34437868688,-0.0314466061517,0.0651941834851,100.0
21.020372,-0.510432107169,-0.110830111925,0.651174844457,0.376208788229,-0.223577699834,0.101242732,3.04418487356,4.34083604813,-0.317917518289,0.0866699145155,-0.053305832379,1.48412641228,0.34437868688,-0.0322135965456,0.0655776786821,100.0
21.030370,-0.510048611972,-0.112364092713,0.651941834851,0.376208788229,-0.223194204637,0.101242732,3.04380137836,4.34083604813,-0.317917518289,0.0862864193186,-0.0521553467881,1.48412641228,0.344762182077,-0.0318301013486,0.0651941834851,100.0
21.040365,-0.509665116775,-0.113131083107,0.651941834851,0.374674807441,-0.223194204637,0.100859236803,3.04456836876,4.34083604813,-0.318301013486,0.0870534097125,-0.0510048611972,1.48412641228,0.345145677274,-0.0318301013486,0.0651941834851,100.0
21.050364,-0.509281621578,-0.114665063894,0.652708825245,0.374291312244,-0.223961195031,0.100859236803,3.04456836876,4.34083604813,-0.317917518289,0.0878204001064,-0.052922337182,1.48335942189,0.34437868688,-0.0318301013486,0.0644271930912,100.0
21.060369,-0.510432107169,-0.116199044682,0.654242806033,0.372757331456,-0.223577699834,0.102009722394,3.04571885435,4.34083604813,-0.318301013486,0.0878204001064,-0.0525388419851,1.48259243149,0.34437868688,-0.0310631109547,0.0648106882882,100.0
21.070369,-0.509665116775,-0.118500015864,0.653859310836,0.371606845865,-0.223961195031,0.101626227197,3.04533535915,4.34083604813,-0.318301013486,0.0874369049095,-0.0525388419851,1.48335942189,0.34437868688,-0.0318301013486,0.0648106882882,100.0
21.080364,-0.509665116775,-0.118500015864,0.65462630123,0.371990341062,-0.22281070944,0.100475741606,3.04495186395,4.34083604813,-0.318301013486,0.0874369049095,-0.0525388419851,1.48374291708,0.34437868688,-0.0318301013486,0.0659611738791,100.0
21.090369,-0.509281621578,-0.120800987046,0.65462630123,0.371606845865,-0.223194204637,0.100475741606,3.04495186395,4.34083604813,-0.318301013486,0.0870534097125,-0.0521553467881,1.48259243149,0.344762182077,-0.0314466061517,0.0659611738791,100.0
21.100367,-0.509281621578,-0.122334967834,0.655393291624,0.371990341062,-0.221276728652,0.100475741606,3.04456836876,4.34083604813,-0.317534023092,0.0878204001064,-0.0521553467881,1.48297592669,0.344762182077,-0.0318301013486,0.0655776786821,100.0
21.110367,-0.510048611972,-0.124252443819,0.655776786821,0.370839855471,-0.221660223849,0.100475741606,3.04456836876,4.34083604813,-0.318684508683,0.0878204001064,-0.0517718515911,1.48412641228,0.34437868688,-0.0325970917426,0.0651941834851,100.0
21.120371,-0.509281621578,-0.125019434213,0.656543777215,0.368922379486,-0.220893233455,0.101242732,3.04533535915,4.34083604813,-0.317534023092,0.0870534097125,-0.0521553467881,1.48335942189,0.34437868688,-0.0314466061517,0.0648106882882,100.0
21.130364,-0.509281621578,-0.126169919804,0.656543777215,0.367771893896,-0.220893233455,0.102009722394,3.04418487356,4.34083604813,-0.318301013486,0.0870534097125,-0.0525388419851,1.48374291708,0.344762182077,-0.0318301013486,0.0651941834851,100.0
21.140364,-0.508898126381,-0.128087395788,0.657694262806,0.368155389092,-0.220509738259,0.100475741606,3.04456836876,4.34083604813,-0.317534023092,0.0870534097125,-0.0513883563942,1.48335942189,0.345145677274,-0.0325970917426,0.0651941834851,100.0
21.150366,-0.508898126381,-0.129621376576,0.658077758003,0.368155389092,-0.220509738259,0.0993252560156,3.04495186395,4.34083604813,-0.318301013486,0.0874369049095,-0.0517718515911,1.48412641228,0.345145677274,-0.0322135965456,0.0651941834851,100.0
21.160363,-0.508514631184,-0.130771862167,0.658844748397,0.368155389092,-0.220509738259,0.0993252560156,3.04495186395,4.34083604813,-0.317917518289,0.0870534097125,-0.0521553467881,1.48374291708,0.344762182077,-0.0322135965456,0.066344669076,100.0
21.170366,-0.509665116775,-0.132689338152,0.658844748397,0.367388398699,-0.220893233455,0.0985582656216,3.04495186395,4.34083604813,-0.317917518289,0.0870534097125,-0.0517718515911,1.48412641228,0.344762182077,-0.0314466061517,0.0648106882882,100.0
21.180363,-0.508898126381,-0.133456328546,0.658844748397,0.367388398699,-0.221276728652,0.0981747704247,3.04495186395,4.34083604813,-0.318684508683,0.0862864193186,-0.0517718515911,1.48412641228,0.345145677274,-0.0322135965456,0.0651941834851,100.0
21.190365,-0.509281621578,-0.135373804531,0.6584612532,0.367004903502,-0.221276728652,0.0974077800307,3.04456836876,4.34083604813,-0.317917518289,0.0870534097125,-0.0517718515911,1.48412641228,0.34437868688,-0.0322135965456,0.0648106882882,100.0
21.200371,-0.510048611972,-0.136140794925,0.657694262806,0.366237913108,-0.221660223849,0.0970242848338,3.04495186395,4.34083604813,-0.318301013486,0.0870534097125,-0.0513883563942,1.48374291708,0.344762182077,-0.0322135965456,0.0651941834851,100.0
21.210366,-0.509665116775,-0.137291280516,0.658844748397,0.365854417911,-0.221276728652,0.0962572944398,3.04456836876,4.34083604813,-0.318684508683,0.0874369049095,-0.0525388419851,1.48374291708,0.344762182077,-0.0322135965456,0.0651941834851,100.0
21.220366,-0.509281621578,-0.13805827091,0.6584612532,0.365087427517,-0.221660223849,0.0947233136519,3.04456836876,4.34083604813,-0.318684508683,0.0870534097125,-0.0525388419851,1.48335942189,0.344762182077,-0.0322135965456,0.0659611738791,100.0
21.230365,-0.509665116775,-0.13805827091,0.659228243594,0.364320437123,-0.221276728652,0.093572828061,3.04495186395,4.34083604813,-0.318684508683,0.0878204001064,-0.0521553467881,1.48335942189,0.344762182077,-0.0325970917426,0.0651941834851,100.0
21.240362,-0.508898126381,-0.138825261304,0.659228243594,0.363936941926,-0.221276728652,0.093572828061,3.04418487356,4.34083604813,-0.319451499077,0.0866699145155,-0.0525388419851,1.48412641228,0.34437868688,-0.0318301013486,0.0648106882882,100.0
21.250366,-0.510048611972,-0.139975746895,0.6584612532,0.363936941926,-0.222043719046,0.0924223424701,3.04456836876,4.34083604813,-0.318684508683,0.0874369049095,-0.0517718515911,1.48374291708,0.34437868688,-0.0314466061517,0.0648106882882,100.0
21.260361,-0.509665116775,-0.139975746895,0.658077758003,0.363169951532,-0.221660223849,0.093572828061,3.04456836876,4.34083604813,-0.318684508683,0.0874369049095,-0.0517718515911,1.48335942189,0.345145677274,-0.0322135965456,0.0644271930912,100.0
21.270367,-0.509281621578,-0.140359242092,0.658844748397,0.363553446729,-0.221660223849,0.0924223424701,3.04495186395,4.34083604813,-0.317917518289,0.0874369049095,-0.0521553467881,1.48335942189,0.343995191683,-0.0318301013486,0.0655776786821,100.0
21.280371,-0.509281621578,-0.140742737288,0.659228243594,0.362786456335,-0.22281070944,0.0928058376671,3.04456836876,4.34083604813,-0.318684508683,0.0870534097125,-0.0525388419851,1.48335942189,0.344762182077,-0.0337475773335,0.0648106882882,100.0
21.290366,-0.508898126381,-0.140359242092,0.6584612532,0.362786456335,-0.223194204637,0.0928058376671,3.04456836876,4.34083604813,-0.31906800388,0.0878204001064,-0.0525388419851,1.48374291708,0.34437868688,-0.0314466061517,0.0648106882882,100.0
21.300366,-0.510432107169,-0.140359242092,0.658844748397,0.363553446729,-0.223194204637,0.0924223424701,3.04418487356,4.34083604813,-0.319451499077,0.0862864193186,-0.0525388419851,1.48374291708,0.344762182077,-0.0325970917426,0.0640436978942,100.0
21.310366,-0.509281621578,-0.140742737288,0.658844748397,0.363169951532,-0.223961195031,0.0924223424701,3.04456836876,4.34083604813,-0.318684508683,0.0866699145155,-0.0521553467881,1.48297592669,0.345145677274,-0.0322135965456,0.0655776786821,100.0
21.320389,-0.509281621578,-0.139975746895,0.658844748397,0.361635970744,-0.224344690228,0.0924223424701,3.04456836876,4.34083604813,-0.318301013486,0.0878204001064,-0.0517718515911,1.48297592669,0.345529172471,-0.0322135965456,0.0651941834851,100.0
21.330364,-0.509281621578,-0.139592251698,0.6584612532,0.362019465941,-0.224728185425,0.0928058376671,3.04418487356,4.34083604813,-0.318684508683,0.0874369049095,-0.052922337182,1.48374291708,0.345145677274,-0.0325970917426,0.0644271930912,100.0
21.340390,-0.510048611972,-0.138825261304,0.658844748397,0.362019465941,-0.225495175819,0.0928058376671,3.04495186395,4.34083604813,-0.318684508683,0.0859029241216,-0.0517718515911,1.48374291708,0.344762182077,-0.0322135965456,0.0651941834851,100.0
21.350371,-0.509665116775,-0.138441766107,0.6584612532,0.362019465941,-0.225495175819,0.0916553520762,3.04495186395,4.34083604813,-0.318684508683,0.0870534097125,-0.052922337182,1.48374291708,0.34437868688,-0.0325970917426,0.0659611738791,100.0
21.360365,-0.509665116775,-0.13805827091,0.6584612532,0.363169951532,-0.225495175819,0.093189332864,3.04533535915,4.34083604813,-0.318301013486,0.0870534097125,-0.052922337182,1.48335942189,0.344762182077,-0.0310631109547,0.0651941834851,100.0
21.370366,-0.510048611972,-0.137291280516,0.6584612532,0.363553446729,-0.224728185425,0.094339818455,3.04456836876,4.34083604813,-0.318684508683,0.0866699145155,-0.0521553467881,1.48297592669,0.343995191683,-0.0322135965456,0.0651941834851,100.0
21.380367,-0.510048611972,-0.136140794925,0.657694262806,0.362019465941,-0.225495175819,0.093956323258,3.04418487356,4.34083604813,-0.318301013486,0.0874369049095,-0.0521553467881,1.48335942189,0.345145677274,-0.0318301013486,0.0655776786821,100.0
21.390367,-0.510815602366,-0.135373804531,0.658844748397,0.362786456335,-0.225111680622,0.0951068088489,3.04456836876,4.34083604813,-0.317150527895,0.0870534097125,-0.0513883563942,1.48259243149,0.344762182077,-0.0322135965456,0.0648106882882,100.0
21.400366,-0.51158259276,-0.13422331894,0.657694262806,0.364320437123,-0.224344690228,0.0947233136519,3.04418487356,4.34083604813,-0.318301013486,0.0874369049095,-0.0525388419851,1.48374291708,0.34437868688,-0.0318301013486,0.0655776786821,100.0
21.410365,-0.510815602366,-0.133456328546,0.657694262806,0.365087427517,-0.22281070944,0.0947233136519,3.04418487356,4.34083604813,-0.317917518289,0.0870534097125,-0.0525388419851,1.48489340267,0.344762182077,-0.0322135965456,0.0651941834851,100.0
21.420366,-0.51158259276,-0.132689338152,0.658077758003,0.365087427517,-0.222427214243,0.0951068088489,3.04533535915,4.34083604813,-0.317917518289,0.0870534097125,-0.0517718515911,1.48374291708,0.344762182077,-0.0318301013486,0.0651941834851,100.0
21.430366,-0.509665116775,-0.130771862167,0.658077758003,0.366237913108,-0.22281070944,0.0954903040459,3.04418487356,4.34083604813,-0.317917518289,0.0866699145155,-0.0525388419851,1.48374291708,0.344762182077,-0.0325970917426,0.0651941834851,100.0
21.440364,-0.510815602366,-0.129621376576,0.6584612532,0.36470393232,-0.222427214243,0.0958737992428,3.04495186395,4.34083604813,-0.317534023092,0.0862864193186,-0.0525388419851,1.48412641228,0.344762182077,-0.0322135965456,0.0644271930912,100.0
21.450369,-0.510432107169,-0.128470890985,0.6584612532,0.36470393232,-0.221660223849,0.0954903040459,3.04456836876,4.34083604813,-0.318684508683,0.0866699145155,-0.0517718515911,1.48374291708,0.34437868688,-0.0310631109547,0.0651941834851,100.0
21.460367,-0.509665116775,-0.126936910198,0.658077758003,0.365470922714,-0.22281070944,0.0954903040459,3.04456836876,4.34083604813,-0.31906800388,0.0874369049095,-0.0521553467881,1.48412641228,0.344762182077,-0.0322135965456,0.0651941834851,100.0
21.470366,-0.510048611972,-0.126169919804,0.6584612532,0.366237913108,-0.223194204637,0.0947233136519,3.04533535915,4.34083604813,-0.318684508683,0.0870534097125,-0.0521553467881,1.48335942189,0.345145677274,-0.0314466061517,0.0655776786821,100.0
21.480364,-0.509665116775,-0.123868948622,0.657694262806,0.366621408305,-0.222427214243,0.093572828061,3.04533535915,4.34083604813,-0.318301013486,0.0870534097125,-0.0525388419851,1.48374291708,0.34437868688,-0.0318301013486,0.0648106882882,100.0
21.490363,-0.509665116775,-0.123485453425,0.658844748397,0.367771893896,-0.222043719046,0.093956323258,3.04456836876,4.34083604813,-0.31906800388,0.0866699145155,-0.0517718515911,1.48412641228,0.344762182077,-0.0318301013486,0.0655776786821,100.0
21.500367,-0.508898126381,-0.122334967834,0.658844748397,0.367771893896,-0.222427214243,0.0947233136519,3.04456836876,4.34083604813,-0.318301013486,0.0874369049095,-0.0521553467881,1.48374291708,0.345145677274,-0.0310631109547,0.0659611738791,100.0
21.510369,-0.509281621578,-0.120417491849,0.658844748397,0.368538884289,-0.222427214243,0.0947233136519,3.04456836876,4.34083604813,-0.318684508683,0.0870534097125,-0.0525388419851,1.48335942189,0.344762182077,-0.0318301013486,0.0651941834851,100.0
21.520369,-0.508898126381,-0.118883511061,0.6584612532,0.368922379486,-0.22281070944,0.0951068088489,3.04456836876,4.34083604813,-0.317917518289,0.0874369049095,-0.0513883563942,1.48374291708,0.34437868688,-0.0314466061517,0.0644271930912,100.0
21.530364,-0.509281621578,-0.11773302547,0.658844748397,0.368922379486,-0.223194204637,0.0962572944398,3.04456836876,4.34083604813,-0.318684508683,0.0866699145155,-0.0517718515911,1.48412641228,0.34437868688,-0.0322135965456,0.0644271930912,100.0
21.540364,-0.50774764079,-0.116582539879,0.658844748397,0.370072865077,-0.223194204637,0.0966407896368,3.04495186395,4.34083604813,-0.318301013486,0.0870534097125,-0.0521553467881,1.48450990748,0.34437868688,-0.0325970917426,0.0655776786821,100.0
21.550372,-0.50774764079,-0.115815549485,0.659228243594,0.370072865077,-0.222427214243,0.094339818455,3.04456836876,4.34083604813,-0.318301013486,0.0874369049095,-0.0525388419851,1.48374291708,0.344762182077,-0.0325970917426,0.0651941834851,100.0
21.560370,-0.508131135987,-0.114665063894,0.6584612532,0.370839855471,-0.222427214243,0.0954903040459,3.04456836876,4.34083604813,-0.318684508683,0.0862864193186,-0.0521553467881,1.48412641228,0.344762182077,-0.0318301013486,0.0644271930912,100.0
21.570493,-0.508514631184,-0.11274758791,0.6584612532,0.371606845865,-0.222427214243,0.0954903040459,3.04533535915,4.34083604813,-0.318684508683,0.0870534097125,-0.0525388419851,1.48335942189,0.344762182077,-0.0318301013486,0.0648106882882,100.0
21.580368,-0.506980650396,-0.111597102319,0.6584612532,0.373140826653,-0.22281070944,0.0951068088489,3.04456836876,4.34083604813,-0.317917518289,0.0878204001064,-0.0521553467881,1.48297592669,0.344762182077,-0.0322135965456,0.0648106882882,100.0
21.590370,-0.507364145593,-0.110446616728,0.6584612532,0.372373836259,-0.222427214243,0.093572828061,3.04495186395,4.34083604813,-0.317917518289,0.0874369049095,-0.0517718515911,1.48374291708,0.344762182077,-0.0325970917426,0.0651941834851,100.0
21.600369,-0.507364145593,-0.110063121531,0.659228243594,0.373140826653,-0.222427214243,0.093189332864,3.04533535915,4.34083604813,-0.318301013486,0.0866699145155,-0.0517718515911,1.48374291708,0.344762182077,-0.0325970917426,0.0655776786821,100.0
21.610367,-0.506213660002,-0.108529140743,0.658844748397,0.37352432185,-0.222043719046,0.0928058376671,3.04495186395,4.34083604813,-0.318301013486,0.0870534097125,-0.0521553467881,1.48335942189,0.345145677274,-0.0322135965456,0.0651941834851,100.0
21.620369,-0.506597155199,-0.107762150349,0.658077758003,0.373907817047,-0.221660223849,0.093572828061,3.04456836876,4.34083604813,-0.318301013486,0.0866699145155,-0.0517718515911,1.48297592669,0.343995191683,-0.0325970917426,0.0651941834851,100.0
21.630369,-0.505830164805,-0.106995159955,0.6584612532,0.374291312244,-0.222043719046,0.093572828061,3.04456836876,4.34083604813,-0.317917518289,0.0870534097125,-0.0525388419851,1.48374291708,0.344762182077,-0.0322135965456,0.0651941834851,100.0
21.640368,-0.505830164805,-0.10507768397,0.657694262806,0.373907817047,-0.221660223849,0.094339818455,3.04456836876,4.34083604813,-0.318684508683,0.0870534097125,-0.0510048611972,1.48297592669,0.345145677274,-0.0314466061517,0.066344669076,100.0
21.650365,-0.505830164805,-0.104694188773,0.6584612532,0.374674807441,-0.221276728652,0.0947233136519,3.04418487356,4.34083604813,-0.318301013486,0.0866699145155,-0.0521553467881,1.48412641228,0.345145677274,-0.0318301013486,0.0655776786821,100.0
21.660371,-0.505446669608,-0.103927198379,0.658844748397,0.374291312244,-0.221660223849,0.0951068088489,3.04495186395,4.34083604813,-0.318301013486,0.0866699145155,-0.0521553467881,1.48374291708,0.34437868688,-0.0322135965456,0.0651941834851,100.0
21.670370,-0.504679679214,-0.103160207985,0.6584612532,0.375058302638,-0.221660223849,0.0954903040459,3.04495186395,4.34083604813,-0.318684508683,0.0878204001064,-0.0513883563942,1.48412641228,0.344762182077,-0.0325970917426,0.0651941834851,100.0
21.680369,-0.505446669608,-0.102009722394,0.658077758003,0.376208788229,-0.220893233455,0.0947233136519,3.04456836876,4.34083604813,-0.318301013486,0.0874369049095,-0.0521553467881,1.48412641228,0.343995191683,-0.0325970917426,0.0659611738791,100.0
21.690367,-0.504296184017,-0.101242732,0.658077758003,0.37735927382,-0.220509738259,0.094339818455,3.04495186395,4.34083604813,-0.318301013486,0.0870534097125,-0.0521553467881,1.48374291708,0.343995191683,-0.0318301013486,0.0651941834851,100.0
21.700367,-0.504296184017,-0.101626227197,0.6584612532,0.376975778623,-0.219742747865,0.0954903040459,3.04456836876,4.34083604813,-0.31906800388,0.0866699145155,-0.0521553467881,1.48450990748,0.34437868688,-0.0318301013486,0.0651941834851,100.0
21.710381,-0.504296184017,-0.100475741606,0.6584612532,0.377742769017,-0.220126243062,0.0958737992428,3.04456836876,4.34083604813,-0.318684508683,0.0870534097125,-0.0521553467881,1.48335942189,0.345145677274,-0.0329805869395,0.0648106882882,100.0
21.720383,-0.504296184017,-0.100475741606,0.658077758003,0.378509759411,-0.219359252668,0.0954903040459,3.04495186395,4.34083604813,-0.317917518289,0.0878204001064,-0.0521553467881,1.48335942189,0.345145677274,-0.0318301013486,0.0648106882882,100.0
21.730383,-0.50391268882,-0.0997087512126,0.658077758003,0.380043740199,-0.219359252668,0.0958737992428,3.04495186395,4.34083604813,-0.317917518289,0.0870534097125,-0.0517718515911,1.48335942189,0.345145677274,-0.0314466061517,0.0651941834851,100.0
21.740373,-0.504296184017,-0.0997087512126,0.658077758003,0.379660245002,-0.218208767077,0.0951068088489,3.04495186395,4.34083604813,-0.317917518289,0.0874369049095,-0.0521553467881,1.48412641228,0.344762182077,-0.0322135965456,0.0651941834851,100.0
21.750370,-0.503529193623,-0.0985582656216,0.6584612532,0.380043740199,-0.217441776683,0.0954903040459,3.04495186395,4.34083604813,-0.318684508683,0.0870534097125,-0.0517718515911,1.48335942189,0.34437868688,-0.0314466061517,0.0659611738791,100.0
21.760367,-0.503529193623,-0.0974077800307,0.658844748397,0.380810730593,-0.216674786289,0.0954903040459,3.04456836876,4.34083604813,-0.317917518289,0.0862864193186,-0.0521553467881,1.48412641228,0.344762182077,-0.0318301013486,0.0651941834851,100.0
21.770365,-0.503529193623,-0.0981747704247,0.6584612532,0.380043740199,-0.216291291092,0.094339818455,3.04418487356,4.34083604813,-0.31906800388,0.0866699145155,-0.0521553467881,1.48335942189,0.344762182077,-0.0310631109547,0.0655776786821,100.0
21.780368,-0.50391268882,-0.0974077800307,0.658077758003,0.380427235396,-0.215140805501,0.093956323258,3.04418487356,4.34083604813,-0.318301013486,0.0870534097125,-0.0525388419851,1.48335942189,0.344762182077,-0.0325970917426,0.0648106882882,100.0
21.790365,-0.504296184017,-0.0977912752277,0.6584612532,0.381577720986,-0.214757310304,0.0951068088489,3.04456836876,4.34083604813,-0.317534023092,0.0874369049095,-0.0517718515911,1.48450990748,0.344762182077,-0.0325970917426,0.0655776786821,100.0
21.800366,-0.503145698426,-0.0974077800307,0.658077758003,0.381577720986,-0.214757310304,0.093956323258,3.04456836876,4.34083604813,-0.318684508683,0.0874369049095,-0.052922337182,1.48412641228,0.34437868688,-0.0322135965456,0.0651941834851,100.0
21.810364,-0.50391268882,-0.0966407896368,0.657694262806,0.381961216183,-0.214757310304,0.094339818455,3.04495186395,4.34083604813,-0.31906800388,0.0882038953034,-0.0525388419851,1.48374291708,0.34437868688,-0.0318301013486,0.0655776786821,100.0
21.820363,-0.503529193623,-0.0966407896368,0.658077758003,0.381577720986,-0.214373815107,0.0951068088489,3.04418487356,4.34083604813,-0.317534023092,0.0878204001064,-0.0525388419851,1.48450990748,0.34437868688,-0.0314466061517,0.0651941834851,100.0
21.830362,-0.503529193623,-0.0966407896368,0.6584612532,0.381577720986,-0.215140805501,0.0958737992428,3.04418487356,4.34083604813,-0.317917518289,0.0870534097125,-0.0517718515911,1.48450990748,0.345145677274,-0.0318301013486,0.0655776786821,100.0
21.840363,-0.503145698426,-0.0958737992428,0.658077758003,0.381961216183,-0.214757310304,0.0954903040459,3.04456836876,4.34083604813,-0.31906800388,0.0866699145155,-0.0525388419851,1.48450990748,0.34437868688,-0.0325970917426,0.0651941834851,100.0
21.850363,-0.503529193623,-0.0962572944398,0.6584612532,0.381961216183,-0.214757310304,0.093956323258,3.04495186395,4.34083604813,-0.318684508683,0.0866699145155,-0.0517718515911,1.48489340267,0.34437868688,-0.0318301013486,0.0651941834851,100.0
21.860369,-0.50391268882,-0.0966407896368,0.659228243594,0.381961216183,-0.215140805501,0.0947233136519,3.04418487356,4.34083604813,-0.318684508683,0.0874369049095,-0.0521553467881,1.48489340267,0.345145677274,-0.0322135965456,0.0648106882882,100.0
21.870367,-0.50391268882,-0.0977912752277,0.660378729185,0.38119422579,-0.215140805501,0.0954903040459,3.04495186395,4.34083604813,-0.317534023092,0.0870534097125,-0.0521553467881,1.48450990748,0.344762182077,-0.0314466061517,0.0651941834851,100.0
21.880366,-0.50391268882,-0.0985582656216,0.661529214776,0.380427235396,-0.215140805501,0.0974077800307,3.04456836876,4.34083604813,-0.318301013486,0.0874369049095,-0.0517718515911,1.48412641228,0.343995191683,-0.0322135965456,0.0651941834851,100.0
21.890363,-0.504679679214,-0.100859236803,0.661912709973,0.379660245002,-0.215524300698,0.0993252560156,3.04533535915,4.34083604813,-0.318684508683,0.0866699145155,-0.0513883563942,1.48374291708,0.344762182077,-0.0322135965456,0.0655776786821,100.0
21.900364,-0.50391268882,-0.101626227197,0.66229620517,0.38119422579,-0.215140805501,0.100475741606,3.04495186395,4.34083604813,-0.318684508683,0.0878204001064,-0.0517718515911,1.48374291708,0.345145677274,-0.0318301013486,0.0648106882882,100.0
21.910367,-0.504679679214,-0.100859236803,0.664213681154,0.380810730593,-0.215524300698,0.0974077800307,3.04495186395,4.34083604813,-0.31906800388,0.0878204001064,-0.0521553467881,1.48412641228,0.345145677274,-0.0325970917426,0.0659611738791,100.0
21.920366,-0.505063174411,-0.102009722394,0.664213681154,0.380810730593,-0.214757310304,0.0958737992428,3.04495186395,4.34083604813,-0.31906800388,0.0878204001064,-0.0517718515911,1.48412641228,0.345145677274,-0.0318301013486,0.0644271930912,100.0
21.930362,-0.50391268882,-0.103927198379,0.665364166745,0.378893254608,-0.215524300698,0.0958737992428,3.04456836876,4.34083604813,-0.318684508683,0.0882038953034,-0.0525388419851,1.48412641228,0.34437868688,-0.0325970917426,0.0659611738791,100.0
21.940362,-0.503529193623,-0.105844674364,0.666131157139,0.377742769017,-0.214757310304,0.0970242848338,3.04418487356,4.34083604813,-0.319451499077,0.0878204001064,-0.0521553467881,1.48412641228,0.344762182077,-0.0325970917426,0.0655776786821,100.0
21.950363,-0.504679679214,-0.108145645546,0.666898147533,0.376592283426,-0.215907795895,0.0989417608186,3.04456836876,4.34083604813,-0.318684508683,0.0862864193186,-0.0525388419851,1.48489340267,0.343995191683,-0.0329805869395,0.0655776786821,100.0
21.960368,-0.504296184017,-0.110063121531,0.666514652336,0.37735927382,-0.217058281486,0.0977912752277,3.04533535915,4.34083604813,-0.318301013486,0.0866699145155,-0.0525388419851,1.48566039307,0.345145677274,-0.0329805869395,0.0659611738791,100.0
21.970365,-0.504679679214,-0.111980597516,0.666131157139,0.376208788229,-0.218975757471,0.0989417608186,3.04495186395,4.34083604813,-0.31906800388,0.0870534097125,-0.052922337182,1.48642738346,0.344762182077,-0.0333640821365,0.0655776786821,100.0
21.980362,-0.505063174411,-0.114281568697,0.666131157139,0.376208788229,-0.221276728652,0.100475741606,3.04456836876,4.34083604813,-0.319451499077,0.0870534097125,-0.0521553467881,1.48527689787,0.344762182077,-0.0318301013486,0.0655776786821,100.0
21.990361,-0.505446669608,-0.115815549485,0.666514652336,0.375441797835,-0.223577699834,0.10009224641,3.04380137836,4.34083604813,-0.318301013486,0.0870534097125,-0.0521553467881,1.48566039307,0.344762182077,-0.0318301013486,0.0648106882882,100.0
22.000369,-0.504296184017,-0.118500015864,0.666514652336,0.373907817047,-0.226262166213,0.10009224641,3.04380137836,4.34083604813,-0.318301013486,0.0882038953034,-0.0525388419851,1.48566039307,0.34437868688,-0.0322135965456,0.0655776786821,100.0
22.010365,-0.505830164805,-0.120033996652,0.666898147533,0.37352432185,-0.229713622986,0.10009224641,3.04456836876,4.34083604813,-0.318301013486,0.0862864193186,-0.052922337182,1.48604388826,0.343995191683,-0.0325970917426,0.0655776786821,100.0
22.020363,-0.504679679214,-0.123101958228,0.66728164273,0.37352432185,-0.233932070153,0.101242732,3.04418487356,4.34083604813,-0.317917518289,0.0866699145155,-0.0525388419851,1.48604388826,0.345145677274,-0.0329805869395,0.0655776786821,100.0
22.030363,-0.505063174411,-0.126936910198,0.666514652336,0.372373836259,-0.238534012516,0.103160207985,3.04418487356,4.34083604813,-0.318301013486,0.0866699145155,-0.0521553467881,1.48527689787,0.34437868688,-0.0322135965456,0.0655776786821,100.0
22.040371,-0.505830164805,-0.129237881379,0.666898147533,0.371606845865,-0.243519450077,0.104694188773,3.04456836876,4.34083604813,-0.317917518289,0.0866699145155,-0.0513883563942,1.48566039307,0.345145677274,-0.0314466061517,0.0659611738791,100.0
22.050367,-0.506980650396,-0.131538852561,0.666898147533,0.370456360274,-0.247354402047,0.105461179167,3.04380137836,4.34083604813,-0.318301013486,0.0866699145155,-0.0510048611972,1.48604388826,0.345145677274,-0.0322135965456,0.0655776786821,100.0
22.060369,-0.506980650396,-0.13422331894,0.667665137927,0.36968936988,-0.25195634441,0.106228169561,3.04495186395,4.34083604813,-0.317917518289,0.0862864193186,-0.0513883563942,1.48527689787,0.344762182077,-0.0314466061517,0.0651941834851,100.0
22.070365,-0.508514631184,-0.137291280516,0.666514652336,0.368538884289,-0.25579129638,0.109679626334,3.04533535915,4.34083604813,-0.317534023092,0.0870534097125,-0.0513883563942,1.48566039307,0.344762182077,-0.0306796157577,0.0655776786821,100.0
22.080365,-0.508131135987,-0.139975746895,0.667665137927,0.367771893896,-0.25962624835,0.112364092713,3.04456836876,4.34083604813,-0.317534023092,0.0862864193186,-0.0510048611972,1.48527689787,0.344762182077,-0.0314466061517,0.066344669076,100.0
22.090362,-0.509665116775,-0.143427203667,0.667665137927,0.368538884289,-0.262310714728,0.116966035076,3.04456836876,4.34083604813,-0.317917518289,0.0862864193186,-0.0510048611972,1.48566039307,0.34437868688,-0.0314466061517,0.0655776786821,100.0
22.100363,-0.510048611972,-0.146111670046,0.666898147533,0.367004903502,-0.263461200319,0.12156797744,3.04456836876,4.34083604813,-0.317917518289,0.0874369049095,-0.0510048611972,1.48527689787,0.345529172471,-0.0322135965456,0.0644271930912,100.0
22.110367,-0.510815602366,-0.149563126819,0.66728164273,0.366237913108,-0.267296152289,0.126553415001,3.04418487356,4.34083604813,-0.317917518289,0.0859029241216,-0.0517718515911,1.48604388826,0.344762182077,-0.0318301013486,0.0651941834851,100.0
22.120363,-0.511966087957,-0.152631088395,0.66728164273,0.365470922714,-0.270364113865,0.132305842955,3.04495186395,4.34083604813,-0.317917518289,0.0878204001064,-0.0521553467881,1.48604388826,0.34437868688,-0.0310631109547,0.0651941834851,100.0
22.130364,-0.512349583154,-0.154932059576,0.668432128321,0.363936941926,-0.275349551425,0.138825261304,3.04456836876,4.34083604813,-0.317534023092,0.0870534097125,-0.0521553467881,1.48489340267,0.344762182077,-0.0322135965456,0.0648106882882,100.0
22.140367,-0.514267059139,-0.158767011546,0.668815623518,0.363169951532,-0.279184503395,0.146495165243,3.04456836876,4.34083604813,-0.317150527895,0.0870534097125,-0.0521553467881,1.48450990748,0.344762182077,-0.0318301013486,0.0651941834851,100.0
22.150364,-0.515417544729,-0.161451477925,0.669199118715,0.362019465941,-0.283402950562,0.155315554773,3.04418487356,4.34083604813,-0.318684508683,0.0874369049095,-0.0521553467881,1.48527689787,0.34437868688,-0.0325970917426,0.0651941834851,100.0
22.160368,-0.516184535123,-0.164902934698,0.669966109109,0.36086898035,-0.286854407335,0.165286429895,3.04456836876,4.34083604813,-0.317917518289,0.0874369049095,-0.0517718515911,1.48450990748,0.344762182077,-0.0322135965456,0.0655776786821,100.0
22.170386,-0.517335020714,-0.16835439147,0.670733099503,0.358951504365,-0.291839844895,0.176791285804,3.04495186395,4.34083604813,-0.317534023092,0.0878204001064,-0.0517718515911,1.48450990748,0.345145677274,-0.0322135965456,0.0640436978942,100.0
22.180376,-0.518485506305,-0.17218934344,0.6711165947,0.357801018774,-0.295291301668,0.188296141713,3.04418487356,4.34083604813,-0.318301013486,0.0882038953034,-0.0506213660002,1.48335942189,0.344762182077,-0.0322135965456,0.0655776786821,100.0
22.190367,-0.519252496699,-0.176407790607,0.672267080291,0.35703402838,-0.299893244032,0.200184492819,3.04456836876,4.34083604813,-0.317534023092,0.0874369049095,-0.0513883563942,1.48412641228,0.344762182077,-0.0322135965456,0.066344669076,100.0
22.200367,-0.519635991896,-0.179092256986,0.672267080291,0.355116552395,-0.30257771041,0.213223329516,3.04533535915,4.34083604813,-0.318301013486,0.0878204001064,-0.0513883563942,1.48412641228,0.34437868688,-0.0325970917426,0.0655776786821,100.0
22.210369,-0.521553467881,-0.182927208955,0.673034070685,0.352815581214,-0.304878681592,0.227412651804,3.04495186395,4.34083604813,-0.31906800388,0.0870534097125,-0.0517718515911,1.48374291708,0.345145677274,-0.0333640821365,0.0659611738791,100.0
22.220386,-0.521169972684,-0.186378665728,0.673801061079,0.351281600426,-0.309097128759,0.242752459683,3.04495186395,4.34083604813,-0.31906800388,0.0866699145155,-0.0513883563942,1.48566039307,0.344762182077,-0.0322135965456,0.0651941834851,100.0
22.230400,-0.523854439063,-0.190597112895,0.674568051473,0.348597134047,-0.313315575926,0.259242753153,3.04533535915,4.34083604813,-0.318301013486,0.0882038953034,-0.0510048611972,1.48450990748,0.34437868688,-0.0329805869395,0.0651941834851,100.0
22.240403,-0.52423793426,-0.194048569668,0.67495154667,0.346296162865,-0.316383537501,0.276500037016,3.04456836876,4.34083604813,-0.318301013486,0.0878204001064,-0.0521553467881,1.48412641228,0.344762182077,-0.0325970917426,0.0651941834851,100.0
22.250391,-0.525771915048,-0.198267016834,0.675335041867,0.34437868688,-0.320601984668,0.294524311274,3.04418487356,4.34083604813,-0.318301013486,0.0866699145155,-0.0510048611972,1.48489340267,0.34437868688,-0.0322135965456,0.0655776786821,100.0
22.260397,-0.526155410245,-0.20133497841,0.67610203226,0.340927230108,-0.324820431835,0.313699071123,3.04495186395,4.34083604813,-0.318301013486,0.0874369049095,-0.0521553467881,1.48489340267,0.345145677274,-0.0325970917426,0.0644271930912,100.0
22.270390,-0.527305895836,-0.205936920774,0.676869022654,0.337859268532,-0.327121403017,0.333640821365,3.04456836876,4.34083604813,-0.317917518289,0.0870534097125,-0.0517718515911,1.48489340267,0.345145677274,-0.0318301013486,0.0648106882882,100.0
22.280418,-0.528839876623,-0.209004882349,0.677252517851,0.335174802153,-0.330956354986,0.351665095623,3.04456836876,4.34083604813,-0.318684508683,0.0866699145155,-0.0517718515911,1.48489340267,0.34437868688,-0.0318301013486,0.0651941834851,100.0
22.290427,-0.52922337182,-0.212456339122,0.677636013048,0.332490335774,-0.332490335774,0.372373836259,3.04456836876,4.34083604813,-0.318684508683,0.0870534097125,-0.0517718515911,1.48566039307,0.34437868688,-0.0318301013486,0.0651941834851,100.0
22.300416,-0.529990362214,-0.215524300698,0.677252517851,0.327504898214,-0.334791306956,0.393466072093,3.04456836876,4.34083604813,-0.318684508683,0.0862864193186,-0.0513883563942,1.48566039307,0.344762182077,-0.0329805869395,0.0648106882882,100.0
22.310384,-0.530757352608,-0.218592262274,0.678019508245,0.324053441441,-0.337092278138,0.414558307926,3.04533535915,4.34083604813,-0.318301013486,0.0862864193186,-0.0517718515911,1.48489340267,0.34437868688,-0.0325970917426,0.0644271930912,100.0
22.320368,-0.532674828593,-0.222043719046,0.679553489033,0.319834994274,-0.340160239714,0.43680102935,3.04495186395,4.34083604813,-0.318684508683,0.0866699145155,-0.0517718515911,1.48489340267,0.345145677274,-0.0318301013486,0.0648106882882,100.0
22.330390,-0.532674828593,-0.224344690228,0.678403003442,0.31408256632,-0.342077715698,0.458276760381,3.04456836876,4.34083604813,-0.318301013486,0.0870534097125,-0.0521553467881,1.48489340267,0.34437868688,-0.0333640821365,0.0648106882882,100.0
22.340368,-0.532291333396,-0.227796147001,0.678403003442,0.309864119153,-0.345145677274,0.478985501017,3.04495186395,4.34083604813,-0.318301013486,0.0870534097125,-0.0521553467881,1.48412641228,0.343995191683,-0.0318301013486,0.0648106882882,100.0
22.350389,-0.532674828593,-0.230864108577,0.678403003442,0.304495186395,-0.348597134047,0.501611717639,3.04418487356,4.34083604813,-0.318301013486,0.0870534097125,-0.0525388419851,1.48450990748,0.343611696486,-0.0322135965456,0.0648106882882,100.0
22.360399,-0.534975799775,-0.233165079759,0.678403003442,0.299893244032,-0.35204859082,0.523087448669,3.04495186395,4.34083604813,-0.318684508683,0.0874369049095,-0.0525388419851,1.48450990748,0.345145677274,-0.0322135965456,0.0655776786821,100.0
22.370391,-0.534208809381,-0.236233041334,0.678786498639,0.293373825683,-0.355883542789,0.545330170093,3.04533535915,4.34083604813,-0.318301013486,0.0878204001064,-0.0517718515911,1.48566039307,0.34437868688,-0.0325970917426,0.0648106882882,100.0
22.380393,-0.535742790169,-0.238534012516,0.678786498639,0.287621397729,-0.360101989956,0.567189396321,3.04571885435,4.34083604813,-0.318684508683,0.0870534097125,-0.0517718515911,1.48527689787,0.344762182077,-0.0314466061517,0.0648106882882,100.0
22.390398,-0.534975799775,-0.240451488501,0.679169993836,0.281485474577,-0.365470922714,0.589432117745,3.04533535915,4.34083604813,-0.318301013486,0.0874369049095,-0.0521553467881,1.48566039307,0.345145677274,-0.0314466061517,0.0655776786821,100.0
22.400391,-0.535742790169,-0.242752459683,0.679169993836,0.274582561031,-0.370072865077,0.610524353578,3.04495186395,4.34083604813,-0.317534023092,0.0859029241216,-0.0517718515911,1.48489340267,0.34437868688,-0.0318301013486,0.0651941834851,100.0
22.410393,-0.534592304578,-0.245053430865,0.679169993836,0.267296152289,-0.374674807441,0.632383579806,3.04571885435,4.34083604813,-0.317917518289,0.0870534097125,-0.0513883563942,1.48489340267,0.344762182077,-0.0322135965456,0.0648106882882,100.0
22.420391,-0.535742790169,-0.24697090685,0.67993698423,0.261160229137,-0.380043740199,0.654242806033,3.04533535915,4.34083604813,-0.317150527895,0.0878204001064,-0.0525388419851,1.48450990748,0.345145677274,-0.0314466061517,0.0644271930912,100.0
22.430395,-0.535742790169,-0.248504887637,0.679553489033,0.253873820395,-0.384645682562,0.676485527457,3.04418487356,4.34083604813,-0.317534023092,0.0870534097125,-0.0513883563942,1.48527689787,0.344762182077,-0.0314466061517,0.066344669076,100.0
22.440397,-0.535359294972,-0.250038868425,0.679553489033,0.246587411653,-0.39001461532,0.697577763291,3.04495186395,4.34083604813,-0.317917518289,0.0870534097125,-0.0517718515911,1.48489340267,0.344762182077,-0.0318301013486,0.0651941834851,100.0
22.450409,-0.535359294972,-0.251572849213,0.679553489033,0.238917507713,-0.395767043274,0.719053494321,3.04495186395,4.34083604813,-0.316767032698,0.0870534097125,-0.0517718515911,1.48527689787,0.344762182077,-0.0318301013486,0.0651941834851,100.0
22.460375,-0.535742790169,-0.253106830001,0.680320479427,0.231631098971,-0.401135976032,0.740145730155,3.04495186395,4.34083604813,-0.317917518289,0.0866699145155,-0.0521553467881,1.48489340267,0.344762182077,-0.0314466061517,0.0655776786821,100.0
22.470366,-0.534975799775,-0.255024305986,0.681087469821,0.22281070944,-0.406121413593,0.762388451579,3.04533535915,4.34083604813,-0.317917518289,0.0874369049095,-0.0510048611972,1.48412641228,0.344762182077,-0.0318301013486,0.0651941834851,100.0
22.480368,-0.535742790169,-0.255407801183,0.679553489033,0.21399031991,-0.41149034635,0.783480687412,3.04495186395,4.34083604813,-0.317917518289,0.0862864193186,-0.0517718515911,1.48489340267,0.344762182077,-0.0322135965456,0.0644271930912,100.0
22.490367,-0.534975799775,-0.256558286774,0.67993698423,0.206320415971,-0.416859279108,0.804189428049,3.04495186395,4.34083604813,-0.317534023092,0.0874369049095,-0.0517718515911,1.48489340267,0.345145677274,-0.0322135965456,0.0651941834851,100.0
22.500369,-0.534592304578,-0.258092267562,0.681087469821,0.197116531243,-0.422228211865,0.825281663882,3.04456836876,4.34083604813,-0.318301013486,0.0870534097125,-0.0517718515911,1.48489340267,0.344762182077,-0.0318301013486,0.0655776786821,100.0
22.510370,-0.534208809381,-0.258475762759,0.681087469821,0.187529151319,-0.428747630214,0.847524385307,3.04495186395,4.34083604813,-0.318684508683,0.0878204001064,-0.0521553467881,1.48527689787,0.343995191683,-0.0322135965456,0.0655776786821,100.0
22.520370,-0.533825314184,-0.258859257956,0.681470965018,0.178325266592,-0.434116562972,0.86861662114,3.04495186395,4.34083604813,-0.317534023092,0.0866699145155,-0.0517718515911,1.48489340267,0.344762182077,-0.0314466061517,0.0655776786821,100.0
22.530369,-0.534208809381,-0.260776733941,0.681854460215,0.16720390588,-0.439102000532,0.889325361777,3.04495186395,4.34083604813,-0.318301013486,0.0870534097125,-0.0525388419851,1.48489340267,0.343611696486,-0.0322135965456,0.0636602026972,100.0
22.540370,-0.533441818987,-0.260009743547,0.683004945806,0.158000021152,-0.444087438093,0.910801092807,3.04418487356,4.34083604813,-0.317917518289,0.0870534097125,-0.0517718515911,1.48450990748,0.344762182077,-0.0325970917426,0.0648106882882,100.0
22.550368,-0.532674828593,-0.260776733941,0.683388441003,0.148029146031,-0.449072875653,0.932276823837,3.04456836876,4.34083604813,-0.317917518289,0.0870534097125,-0.0513883563942,1.48489340267,0.34437868688,-0.0322135965456,0.0659611738791,100.0
22.560368,-0.532291333396,-0.261160229137,0.684155431397,0.136524290122,-0.455208798805,0.953752554868,3.04533535915,4.34083604813,-0.317534023092,0.0862864193186,-0.0521553467881,1.48489340267,0.344762182077,-0.0314466061517,0.0644271930912,100.0
22.570366,-0.531907838199,-0.261927219531,0.684922421791,0.126169919804,-0.46096122676,0.975228285898,3.04495186395,4.34083604813,-0.317917518289,0.0870534097125,-0.0517718515911,1.48450990748,0.343995191683,-0.0318301013486,0.0651941834851,100.0
22.580368,-0.531524343002,-0.261543724334,0.686456402579,0.115815549485,-0.465179673926,0.997087512126,3.04495186395,4.34083604813,-0.317917518289,0.0866699145155,-0.0517718515911,1.48566039307,0.344762182077,-0.0322135965456,0.0651941834851,100.0
22.590367,-0.530757352608,-0.261927219531,0.687990383367,0.10507768397,-0.470548606684,1.01779625276,3.04495186395,4.34083604813,-0.318301013486,0.0866699145155,-0.0513883563942,1.48412641228,0.345145677274,-0.0318301013486,0.0651941834851,100.0
22.600381,-0.529606867017,-0.261927219531,0.687990383367,0.0928058376671,-0.477068025032,1.0385049934,3.04495186395,4.34083604813,-0.317917518289,0.0866699145155,-0.0525388419851,1.48489340267,0.344762182077,-0.0318301013486,0.0640436978942,100.0
22.610414,-0.528456381427,-0.261543724334,0.689907859351,0.0820679721519,-0.482053462593,1.05998072443,3.04456836876,4.34083604813,-0.318301013486,0.0866699145155,-0.0517718515911,1.48489340267,0.345145677274,-0.0322135965456,0.0648106882882,100.0
22.620376,-0.527689391033,-0.260776733941,0.691441840139,0.0713301066367,-0.487038900154,1.07992247467,3.04495186395,4.34083604813,-0.318301013486,0.0874369049095,-0.0517718515911,1.48527689787,0.34437868688,-0.0329805869395,0.0655776786821,100.0
22.630370,-0.526922400639,-0.261160229137,0.692975820927,0.0586747651366,-0.492407832911,1.1010147105,3.04495186395,4.34083604813,-0.317917518289,0.0874369049095,-0.0521553467881,1.48489340267,0.345145677274,-0.0318301013486,0.0651941834851,100.0
22.640368,-0.525771915048,-0.260009743547,0.694126306518,0.0475534044244,-0.497776765669,1.12057296555,3.04456836876,4.34083604813,-0.317534023092,0.0874369049095,-0.0525388419851,1.48489340267,0.34437868688,-0.0322135965456,0.0651941834851,100.0
22.650365,-0.523470943866,-0.259242753153,0.696043782503,0.0360485485153,-0.503145698426,1.14089821099,3.04418487356,4.34083604813,-0.317917518289,0.0874369049095,-0.0521553467881,1.48412641228,0.34437868688,-0.0325970917426,0.0648106882882,100.0
22.660393,-0.522320458275,-0.259242753153,0.696810772897,0.0253106830001,-0.508514631184,1.16122345643,3.04380137836,4.34083604813,-0.318301013486,0.0874369049095,-0.0513883563942,1.48450990748,0.345145677274,-0.0310631109547,0.0648106882882,100.0
22.670403,-0.521169972684,-0.258859257956,0.699111744079,0.013038836697,-0.513500068745,1.18001472108,3.04418487356,4.34083604813,-0.317917518289,0.0874369049095,-0.0513883563942,1.48527689787,0.34437868688,-0.0318301013486,0.0651941834851,100.0
22.680407,-0.52040298229,-0.258475762759,0.700645724867,0.00153398078789,-0.518869001502,1.19842249054,3.04418487356,4.34083604813,-0.318301013486,0.0870534097125,-0.0517718515911,1.48412641228,0.345145677274,-0.0318301013486,0.0655776786821,100.0
22.690379,-0.517718515911,-0.257708772365,0.702179705655,-0.00958737992428,-0.525004924654,1.21721375519,3.04418487356,4.34083604813,-0.317534023092,0.0866699145155,-0.0517718515911,1.48450990748,0.345145677274,-0.0318301013486,0.0648106882882,100.0
22.700367,-0.516184535123,-0.256558286774,0.703330191245,-0.0214757310304,-0.530373857411,1.23523802944,3.04380137836,4.34083604813,-0.318301013486,0.0862864193186,-0.0510048611972,1.48450990748,0.34437868688,-0.0322135965456,0.0659611738791,100.0
22.710370,-0.515417544729,-0.256174791577,0.704864172033,-0.0329805869395,-0.535359294972,1.2532623037,3.04341788316,4.34083604813,-0.317917518289,0.0870534097125,-0.0517718515911,1.48412641228,0.344762182077,-0.0310631109547,0.0651941834851,100.0
22.720368,-0.513500068745,-0.255407801183,0.706014657624,-0.0437184524547,-0.539577742139,1.27167007316,3.04341788316,4.34083604813,-0.317534023092,0.0870534097125,-0.0525388419851,1.48450990748,0.34437868688,-0.0318301013486,0.0648106882882,100.0
22.730369,-0.511199097563,-0.254640810789,0.707165143215,-0.054072822773,-0.544946674896,1.28892735702,3.04341788316,4.34083604813,-0.317534023092,0.0874369049095,-0.0525388419851,1.48489340267,0.345145677274,-0.0322135965456,0.0648106882882,100.0
22.740367,-0.510815602366,-0.255024305986,0.709466114397,-0.0586747651366,-0.551849588442,1.3042671649,3.04341788316,4.34083604813,-0.317534023092,0.0878204001064,-0.0521553467881,1.48450990748,0.34437868688,-0.0318301013486,0.0655776786821,100.0
22.750365,-0.510815602366,-0.257708772365,0.708315628806,-0.0571407843487,-0.561436968366,1.31462153522,3.04341788316,4.34083604813,-0.318684508683,0.0882038953034,-0.0513883563942,1.48412641228,0.345145677274,-0.0310631109547,0.0659611738791,100.0
22.760364,-0.510815602366,-0.25962624835,0.7090826192,-0.0556068035608,-0.571407843487,1.32612639113,3.04380137836,4.34083604813,-0.317917518289,0.0878204001064,-0.0517718515911,1.48450990748,0.344762182077,-0.0310631109547,0.0659611738791,100.0
22.770374,-0.51158259276,-0.261160229137,0.710233104791,-0.0556068035608,-0.579077747427,1.33993221822,3.04380137836,4.34083604813,-0.318301013486,0.0870534097125,-0.0521553467881,1.48335942189,0.34437868688,-0.0318301013486,0.0655776786821,100.0
22.780382,-0.511966087957,-0.263844695516,0.710616599988,-0.0579077747427,-0.587131146563,1.35220406452,3.04341788316,4.34083604813,-0.317917518289,0.0878204001064,-0.053305832379,1.48489340267,0.344762182077,-0.0337475773335,0.0644271930912,100.0
22.790371,-0.513500068745,-0.265762171501,0.710616599988,-0.0544563179699,-0.59633503129,1.36447591082,3.04380137836,4.34083604813,-0.317534023092,0.0862864193186,-0.0517718515911,1.48489340267,0.34437868688,-0.0341310725305,0.0651941834851,100.0
22.800367,-0.513500068745,-0.266912657092,0.712534075973,-0.0513883563942,-0.606689401609,1.37483028114,3.04380137836,4.34083604813,-0.317150527895,0.0870534097125,-0.0521553467881,1.48604388826,0.344762182077,-0.0341310725305,0.0659611738791,100.0
22.810369,-0.513883563942,-0.268830133077,0.714451551958,-0.0487038900154,-0.614742800745,1.38250018508,3.04418487356,4.34083604813,-0.317534023092,0.0866699145155,-0.0525388419851,1.48527689787,0.343995191683,-0.0345145677274,0.066728164273,100.0
22.820367,-0.512349583154,-0.269597123471,0.714835047155,-0.0487038900154,-0.619728238306,1.39208756501,3.04456836876,4.34083604813,-0.317917518289,0.0862864193186,-0.0517718515911,1.48527689787,0.344762182077,-0.0337475773335,0.0651941834851,100.0
22.830367,-0.513500068745,-0.269597123471,0.716752523139,-0.0517718515911,-0.627014647048,1.40052445934,3.04495186395,4.34083604813,-0.317534023092,0.0866699145155,-0.0517718515911,1.48566039307,0.34437868688,-0.0333640821365,0.0659611738791,100.0
22.840367,-0.513883563942,-0.270364113865,0.720587475109,-0.053305832379,-0.636985522169,1.40781086808,3.04418487356,4.34083604813,-0.317534023092,0.0870534097125,-0.0521553467881,1.48566039307,0.345529172471,-0.0333640821365,0.0648106882882,100.0
22.850362,-0.513883563942,-0.269980618668,0.722888446291,-0.052922337182,-0.644655426109,1.41356329604,3.04456836876,4.34083604813,-0.317917518289,0.0870534097125,-0.0502378708032,1.48450990748,0.34437868688,-0.0314466061517,0.0655776786821,100.0
22.860424,-0.514650554336,-0.269980618668,0.724422427079,-0.052922337182,-0.653092320442,1.42046620958,3.04380137836,4.34083604813,-0.317534023092,0.0866699145155,-0.0517718515911,1.48489340267,0.343995191683,-0.0314466061517,0.0651941834851,100.0
22.870403,-0.513500068745,-0.269980618668,0.727106893458,-0.053305832379,-0.661145719579,1.42775261832,3.04380137836,4.34083604813,-0.318684508683,0.0874369049095,-0.0513883563942,1.48527689787,0.34437868688,-0.0306796157577,0.0655776786821,100.0
22.880394,-0.513500068745,-0.270747609062,0.731708835821,-0.0544563179699,-0.670349604306,1.43542252226,3.04418487356,4.34083604813,-0.318301013486,0.0866699145155,-0.0517718515911,1.48489340267,0.34437868688,-0.0310631109547,0.0648106882882,100.0
22.890369,-0.512349583154,-0.270364113865,0.733242816609,-0.054072822773,-0.677636013048,1.44270893101,3.04418487356,4.34083604813,-0.317917518289,0.0870534097125,-0.0513883563942,1.48450990748,0.343995191683,-0.0310631109547,0.0640436978942,100.0
22.900369,-0.513500068745,-0.270364113865,0.7343933022,-0.053689327576,-0.683388441003,1.44922834935,3.04418487356,4.34083604813,-0.318684508683,0.0870534097125,-0.0513883563942,1.48450990748,0.345145677274,-0.0325970917426,0.0648106882882,100.0
22.910371,-0.513883563942,-0.269980618668,0.737461263776,-0.053689327576,-0.690291354548,1.45498077731,3.04418487356,4.34083604813,-0.318301013486,0.0874369049095,-0.0521553467881,1.48489340267,0.344762182077,-0.0329805869395,0.0648106882882,100.0
22.920372,-0.513500068745,-0.269213628274,0.740529225352,-0.054072822773,-0.695660287306,1.46111670046,3.04418487356,4.34083604813,-0.317534023092,0.0870534097125,-0.0525388419851,1.48374291708,0.344762182077,-0.0329805869395,0.0648106882882,100.0
22.930366,-0.514650554336,-0.26844663788,0.740912720549,-0.053689327576,-0.697961258488,1.46763611881,3.04456836876,4.34083604813,-0.317917518289,0.0882038953034,-0.0517718515911,1.48450990748,0.345145677274,-0.0333640821365,0.0651941834851,100.0
22.940380,-0.514267059139,-0.26844663788,0.742446701337,-0.0552233083639,-0.702179705655,1.47377204196,3.04380137836,4.34083604813,-0.318301013486,0.0874369049095,-0.0517718515911,1.48412641228,0.345145677274,-0.0318301013486,0.0648106882882,100.0
22.950367,-0.515034049533,-0.268063142683,0.746281653306,-0.053689327576,-0.707165143215,1.47799048913,3.04456836876,4.34083604813,-0.318301013486,0.0874369049095,-0.0513883563942,1.48297592669,0.345145677274,-0.0322135965456,0.0644271930912,100.0
22.960367,-0.514650554336,-0.266529161895,0.747432138897,-0.053305832379,-0.711000095185,1.48412641228,3.04380137836,4.34083604813,-0.318301013486,0.0870534097125,-0.0521553467881,1.48412641228,0.345145677274,-0.0318301013486,0.0651941834851,100.0
22.970368,-0.515417544729,-0.266529161895,0.748199129291,-0.053305832379,-0.713684561564,1.49102932582,3.04341788316,4.34083604813,-0.317917518289,0.0878204001064,-0.0513883563942,1.48374291708,0.344762182077,-0.0325970917426,0.0644271930912,100.0
22.980368,-0.515034049533,-0.26461168591,0.749733110079,-0.053305832379,-0.717136018336,1.49639825858,3.04380137836,4.34083604813,-0.317917518289,0.0885873905004,-0.0517718515911,1.48374291708,0.34437868688,-0.0322135965456,0.0651941834851,100.0
22.990368,-0.515417544729,-0.263844695516,0.752417576458,-0.053305832379,-0.720587475109,1.50291767693,3.04418487356,4.34083604813,-0.317917518289,0.0878204001064,-0.0513883563942,1.48335942189,0.34437868688,-0.0314466061517,0.0659611738791,100.0
23.000367,-0.515034049533,-0.263077705122,0.752417576458,-0.053689327576,-0.723271941488,1.50905360008,3.04418487356,4.34083604813,-0.317917518289,0.0878204001064,-0.0521553467881,1.48412641228,0.344762182077,-0.0314466061517,0.0659611738791,100.0
23.010367,-0.516184535123,-0.261160229137,0.753568062049,-0.0548398131669,-0.72557291267,1.51557301843,3.04380137836,4.34083604813,-0.318301013486,0.0874369049095,-0.0517718515911,1.48297592669,0.344762182077,-0.0318301013486,0.0655776786821,100.0
23.020371,-0.515801039926,-0.260393238744,0.755485538034,-0.054072822773,-0.727490388655,1.52170894158,3.04418487356,4.34083604813,-0.318684508683,0.0862864193186,-0.0517718515911,1.48374291708,0.345145677274,-0.0318301013486,0.0655776786821,100.0
23.030368,-0.516184535123,-0.258859257956,0.756636023624,-0.053305832379,-0.729791359836,1.52669437914,3.04418487356,4.34083604813,-0.318684508683,0.0878204001064,-0.0513883563942,1.48412641228,0.344762182077,-0.0314466061517,0.0648106882882,100.0
23.040380,-0.51656803032,-0.256174791577,0.756252528428,-0.053305832379,-0.729791359836,1.53321379749,3.04380137836,4.34083604813,-0.318684508683,0.0866699145155,-0.0521553467881,1.48412641228,0.34437868688,-0.0318301013486,0.0648106882882,100.0
23.050366,-0.515801039926,-0.255024305986,0.757019518821,-0.052922337182,-0.73055835023,1.54011671104,3.04380137836,4.34083604813,-0.318684508683,0.0878204001064,-0.0510048611972,1.48412641228,0.345145677274,-0.0318301013486,0.0659611738791,100.0
23.060375,-0.516951525517,-0.252723334804,0.758553499609,-0.053305832379,-0.732475826215,1.54548564379,3.04380137836,4.34083604813,-0.318301013486,0.0870534097125,-0.0517718515911,1.48450990748,0.344762182077,-0.0314466061517,0.0644271930912,100.0
23.070369,-0.51656803032,-0.250805858819,0.758936994806,-0.053305832379,-0.733242816609,1.55200506214,3.04380137836,4.34083604813,-0.318684508683,0.0866699145155,-0.0521553467881,1.48450990748,0.345145677274,-0.0325970917426,0.0659611738791,100.0
23.080368,-0.51656803032,-0.248888382834,0.759320490003,-0.052922337182,-0.732475826215,1.5573739949,3.04303438797,4.34083604813,-0.317917518289,0.0866699145155,-0.0517718515911,1.48450990748,0.34437868688,-0.0314466061517,0.0648106882882,100.0
23.090367,-0.516951525517,-0.245053430865,0.759320490003,-0.0544563179699,-0.732859321412,1.56312642286,3.04380137836,4.34083604813,-0.317534023092,0.0862864193186,-0.0521553467881,1.48450990748,0.343611696486,-0.0325970917426,0.0655776786821,100.0
23.100384,-0.517718515911,-0.242368964486,0.759320490003,-0.052922337182,-0.733242816609,1.56734487002,3.04418487356,4.34083604813,-0.318301013486,0.0870534097125,-0.052922337182,1.48412641228,0.34437868688,-0.0322135965456,0.0655776786821,100.0
23.110457,-0.51656803032,-0.238917507713,0.759320490003,-0.053305832379,-0.733626311806,1.57194681239,3.04418487356,4.34083604813,-0.317534023092,0.0870534097125,-0.0517718515911,1.48335942189,0.344762182077,-0.0325970917426,0.0651941834851,100.0
23.120368,-0.516951525517,-0.235849546137,0.759320490003,-0.053305832379,-0.734009807003,1.57808273554,3.04380137836,4.34083604813,-0.317917518289,0.0870534097125,-0.0517718515911,1.48374291708,0.344762182077,-0.0314466061517,0.0640436978942,100.0
23.130368,-0.516184535123,-0.233165079759,0.758553499609,-0.053689327576,-0.734776797397,1.5826846779,3.04380137836,4.34083604813,-0.318684508683,0.0866699145155,-0.0513883563942,1.48374291708,0.345145677274,-0.0318301013486,0.0651941834851,100.0
23.140367,-0.516184535123,-0.228563137395,0.759320490003,-0.053305832379,-0.735160292594,1.58690312507,3.04380137836,4.34083604813,-0.318301013486,0.0862864193186,-0.0525388419851,1.48335942189,0.344762182077,-0.0322135965456,0.0655776786821,100.0
23.150366,-0.515801039926,-0.224344690228,0.758936994806,-0.053689327576,-0.7343933022,1.59112157223,3.04380137836,4.34083604813,-0.317917518289,0.0866699145155,-0.0521553467881,1.48412641228,0.344762182077,-0.0322135965456,0.0651941834851,100.0
23.160368,-0.516951525517,-0.220509738259,0.758553499609,-0.053305832379,-0.733626311806,1.5957235146,3.04456836876,4.34083604813,-0.317917518289,0.0866699145155,-0.0521553467881,1.48374291708,0.344762182077,-0.0318301013486,0.0651941834851,100.0
23.170369,-0.51656803032,-0.215907795895,0.7597039852,-0.0556068035608,-0.733626311806,1.59917497137,3.04456836876,4.34083604813,-0.317534023092,0.0870534097125,-0.0521553467881,1.48374291708,0.345145677274,-0.0318301013486,0.0648106882882,100.0
23.180369,-0.515801039926,-0.211305853531,0.758553499609,-0.0525388419851,-0.732859321412,1.60300992334,3.04380137836,4.34083604813,-0.317534023092,0.0874369049095,-0.0513883563942,1.48335942189,0.344762182077,-0.0318301013486,0.0648106882882,100.0
23.190496,-0.516184535123,-0.206703911168,0.759320490003,-0.053305832379,-0.732092331018,1.60646138011,3.04418487356,4.34083604813,-0.31906800388,0.0866699145155,-0.0517718515911,1.48412641228,0.345145677274,-0.0322135965456,0.0648106882882,100.0
23.200366,-0.515417544729,-0.202868959198,0.760087480397,-0.052922337182,-0.732859321412,1.60991283689,3.04418487356,4.34083604813,-0.318301013486,0.0870534097125,-0.0513883563942,1.48412641228,0.345145677274,-0.0322135965456,0.0640436978942,100.0
23.210366,-0.516184535123,-0.196733036046,0.759320490003,-0.053305832379,-0.732092331018,1.61298079846,3.04380137836,4.34083604813,-0.317917518289,0.0870534097125,-0.0525388419851,1.48450990748,0.344762182077,-0.0314466061517,0.0655776786821,100.0
23.220366,-0.515034049533,-0.192131093683,0.7597039852,-0.053305832379,-0.732092331018,1.61566526484,3.04380137836,4.34083604813,-0.317917518289,0.0878204001064,-0.0521553467881,1.48412641228,0.344762182077,-0.0318301013486,0.0648106882882,100.0
23.230365,-0.516184535123,-0.187145656122,0.758170004412,-0.052922337182,-0.732475826215,1.61834973122,3.04418487356,4.34083604813,-0.317917518289,0.0866699145155,-0.0525388419851,1.48412641228,0.34437868688,-0.0325970917426,0.0644271930912,100.0
23.240494,-0.515801039926,-0.182543713758,0.759320490003,-0.053689327576,-0.732092331018,1.61988371201,3.04380137836,4.34083604813,-0.317917518289,0.0874369049095,-0.0525388419851,1.48450990748,0.345145677274,-0.0314466061517,0.0648106882882,100.0
23.250365,-0.515417544729,-0.177941771395,0.759320490003,-0.0544563179699,-0.732092331018,1.62295167358,3.04418487356,4.34083604813,-0.318684508683,0.0866699145155,-0.0517718515911,1.48412641228,0.344762182077,-0.0329805869395,0.066344669076,100.0
23.260365,-0.515034049533,-0.17218934344,0.759320490003,-0.052922337182,-0.732092331018,1.62333516878,3.04303438797,4.34083604813,-0.31906800388,0.0878204001064,-0.0513883563942,1.48450990748,0.343611696486,-0.0325970917426,0.0651941834851,100.0
23.270365,-0.514267059139,-0.166436915486,0.759320490003,-0.053689327576,-0.731325340624,1.62333516878,3.04380137836,4.34083604813,-0.318684508683,0.0866699145155,-0.0517718515911,1.48335942189,0.344762182077,-0.0325970917426,0.0655776786821,100.0
23.280396,-0.514650554336,-0.162218468319,0.760087480397,-0.053689327576,-0.731708835821,1.62256817839,3.04418487356,4.34083604813,-0.318301013486,0.0870534097125,-0.052922337182,1.48374291708,0.344762182077,-0.0322135965456,0.0651941834851,100.0
23.290411,-0.513500068745,-0.157616525955,0.760087480397,-0.052922337182,-0.731708835821,1.62180118799,3.04341788316,4.34083604813,-0.318684508683,0.0878204001064,-0.0517718515911,1.48374291708,0.34437868688,-0.0318301013486,0.0651941834851,100.0
23.300411,-0.514267059139,-0.151864098001,0.759320490003,-0.053305832379,-0.731708835821,1.6206507024,3.04341788316,4.34083604813,-0.318684508683,0.0870534097125,-0.0525388419851,1.48374291708,0.345145677274,-0.0314466061517,0.0655776786821,100.0
23.310428,-0.513500068745,-0.147262155637,0.7597039852,-0.052922337182,-0.731325340624,1.61911672161,3.04380137836,4.34083604813,-0.31906800388,0.0862864193186,-0.0521553467881,1.48489340267,0.34437868688,-0.0325970917426,0.0648106882882,100.0
23.320425,-0.513500068745,-0.142276718076,0.758936994806,-0.0521553467881,-0.732092331018,1.61643225523,3.04418487356,4.34083604813,-0.318301013486,0.0874369049095,-0.0517718515911,1.48335942189,0.345529172471,-0.0325970917426,0.0640436978942,100.0
23.330398,-0.512349583154,-0.136907785319,0.759320490003,-0.053305832379,-0.733242816609,1.61336429366,3.04380137836,4.34083604813,-0.317917518289,0.0859029241216,-0.0513883563942,1.48335942189,0.34437868688,-0.0318301013486,0.0651941834851,100.0
23.340399,-0.513116573548,-0.132305842955,0.7597039852,-0.053305832379,-0.733626311806,1.61067982728,3.04380137836,4.34083604813,-0.31906800388,0.0874369049095,-0.0517718515911,1.48412641228,0.344762182077,-0.0322135965456,0.0659611738791,100.0
23.350372,-0.511966087957,-0.125786424607,0.760087480397,-0.0525388419851,-0.734009807003,1.60684487531,3.04341788316,4.34083604813,-0.317917518289,0.0866699145155,-0.0513883563942,1.48450990748,0.344762182077,-0.0322135965456,0.0644271930912,100.0
23.360362,-0.510815602366,-0.120800987046,0.758936994806,-0.0525388419851,-0.735927282988,1.60339341854,3.04380137836,4.34083604813,-0.317917518289,0.0870534097125,-0.0521553467881,1.48335942189,0.344762182077,-0.0318301013486,0.0655776786821,100.0
23.370363,-0.510815602366,-0.115815549485,0.7597039852,-0.052922337182,-0.736310778185,1.60032545696,3.04380137836,4.34083604813,-0.317534023092,0.0870534097125,-0.0513883563942,1.48412641228,0.344762182077,-0.0318301013486,0.0648106882882,100.0
23.380508,-0.510432107169,-0.111213607122,0.759320490003,-0.0525388419851,-0.737844758973,1.59649050499,3.04380137836,4.34083604813,-0.318301013486,0.0870534097125,-0.0517718515911,1.48489340267,0.345145677274,-0.0325970917426,0.0651941834851,100.0
23.390381,-0.510048611972,-0.104694188773,0.759320490003,-0.0521553467881,-0.739378739761,1.59265555302,3.04418487356,4.34083604813,-0.318301013486,0.0874369049095,-0.0525388419851,1.48412641228,0.345145677274,-0.0325970917426,0.0644271930912,100.0
23.400372,-0.509281621578,-0.0993252560156,0.759320490003,-0.0521553467881,-0.740912720549,1.58728662026,3.04418487356,4.34083604813,-0.317917518289,0.0870534097125,-0.0521553467881,1.48374291708,0.34437868688,-0.0329805869395,0.0659611738791,100.0
23.410369,-0.508898126381,-0.094339818455,0.7597039852,-0.053689327576,-0.741679710943,1.5826846779,3.04418487356,4.34083604813,-0.318301013486,0.0870534097125,-0.0513883563942,1.48450990748,0.344762182077,-0.0322135965456,0.0651941834851,100.0
23.420370,-0.508131135987,-0.0889708856974,0.759320490003,-0.0525388419851,-0.743597186927,1.57654875475,3.04380137836,4.34083604813,-0.318301013486,0.0870534097125,-0.0513883563942,1.48527689787,0.345145677274,-0.0325970917426,0.0651941834851,100.0
23.430430,-0.508898126381,-0.0836019529398,0.759320490003,-0.0525388419851,-0.745131167715,1.57117982199,3.04341788316,4.34083604813,-0.318301013486,0.0874369049095,-0.0521553467881,1.48450990748,0.344762182077,-0.0322135965456,0.0655776786821,100.0
23.440461,-0.50774764079,-0.0782330201822,0.7597039852,-0.0513883563942,-0.745514662912,1.56581088923,3.04341788316,4.34083604813,-0.317917518289,0.0866699145155,-0.0521553467881,1.48489340267,0.344762182077,-0.0325970917426,0.0651941834851,100.0
23.450462,-0.50774764079,-0.0732475826215,0.7597039852,-0.0521553467881,-0.7470486437,1.55929147089,3.04341788316,4.34083604813,-0.317917518289,0.0862864193186,-0.0521553467881,1.48527689787,0.344762182077,-0.0325970917426,0.0644271930912,100.0
23.460456,-0.507364145593,-0.067495154667,0.7597039852,-0.0513883563942,-0.7470486437,1.55468952852,3.04341788316,4.34083604813,-0.317917518289,0.0866699145155,-0.0517718515911,1.48566039307,0.345529172471,-0.0314466061517,0.0651941834851,100.0
23.470452,-0.506597155199,-0.0621262219094,0.759320490003,-0.0517718515911,-0.748199129291,1.54893710057,3.04341788316,4.34083604813,-0.317917518289,0.0862864193186,-0.0525388419851,1.48450990748,0.344762182077,-0.0314466061517,0.0655776786821,100.0
23.480444,-0.505830164805,-0.0563737939548,0.7597039852,-0.0517718515911,-0.749349614882,1.54318467261,3.04456836876,4.34083604813,-0.317917518289,0.0878204001064,-0.0521553467881,1.48489340267,0.345529172471,-0.0322135965456,0.0655776786821,100.0
23.490440,-0.506213660002,-0.0510048611972,0.759320490003,-0.0525388419851,-0.751267090867,1.53781573986,3.04418487356,4.34083604813,-0.318301013486,0.0866699145155,-0.0521553467881,1.48450990748,0.345145677274,-0.0314466061517,0.0644271930912,100.0
23.500443,-0.505830164805,-0.0456359284396,0.759320490003,-0.0517718515911,-0.752417576458,1.5324468071,3.04380137836,4.34083604813,-0.318684508683,0.0878204001064,-0.0521553467881,1.48412641228,0.344762182077,-0.0314466061517,0.0644271930912,100.0
23.510461,-0.505446669608,-0.039883500485,0.7597039852,-0.0513883563942,-0.753568062049,1.52669437914,3.04380137836,4.34083604813,-0.318301013486,0.0874369049095,-0.0517718515911,1.48489340267,0.343995191683,-0.0310631109547,0.0648106882882,100.0
23.520485,-0.504679679214,-0.0348980629244,0.759320490003,-0.0521553467881,-0.755485538034,1.52285942717,3.04380137836,4.34083604813,-0.317917518289,0.0882038953034,-0.0521553467881,1.48527689787,0.34437868688,-0.0314466061517,0.0644271930912,100.0
23.530474,-0.505063174411,-0.0295291301668,0.759320490003,-0.0510048611972,-0.756636023624,1.51749049442,3.04456836876,4.34083604813,-0.317534023092,0.0870534097125,-0.0521553467881,1.48489340267,0.343995191683,-0.0318301013486,0.0648106882882,100.0
23.540491,-0.504296184017,-0.0249271878031,0.758936994806,-0.0502378708032,-0.757786509215,1.51288855205,3.04418487356,4.34083604813,-0.317917518289,0.0878204001064,-0.0525388419851,1.48335942189,0.34437868688,-0.0322135965456,0.0651941834851,100.0
23.550450,-0.504296184017,-0.0187912646516,0.7597039852,-0.0498543756063,-0.758553499609,1.50828660969,3.04495186395,4.34083604813,-0.318301013486,0.0866699145155,-0.0525388419851,1.48412641228,0.344762182077,-0.0322135965456,0.0648106882882,100.0
23.560436,-0.504679679214,-0.013805827091,0.759320490003,-0.0494708804093,-0.758553499609,1.50521864811,3.04380137836,4.34083604813,-0.317917518289,0.0878204001064,-0.0525388419851,1.48527689787,0.34437868688,-0.0322135965456,0.0648106882882,100.0
23.570466,-0.505063174411,-0.00920388472731,0.759320490003,-0.0498543756063,-0.758553499609,1.50176719134,3.04418487356,4.34083604813,-0.31906800388,0.0870534097125,-0.0525388419851,1.48374291708,0.344762182077,-0.0325970917426,0.0648106882882,100.0
23.580420,-0.505446669608,-0.00421844716668,0.759320490003,-0.0490873852123,-0.7597039852,1.49793223937,3.04456836876,4.34083604813,-0.318684508683,0.0866699145155,-0.0525388419851,1.48297592669,0.34437868688,-0.0325970917426,0.0648106882882,100.0
23.590412,-0.505063174411,0.0,0.7597039852,-0.0494708804093,-0.760087480397,1.49486427779,3.04456836876,4.34083604813,-0.31906800388,0.0874369049095,-0.0521553467881,1.48450990748,0.344762182077,-0.0325970917426,0.0651941834851,100.0
23.600387,-0.505446669608,0.00613592315154,0.758936994806,-0.0475534044244,-0.762004956382,1.49294680181,3.04418487356,4.34083604813,-0.318684508683,0.0862864193186,-0.0513883563942,1.48374291708,0.344762182077,-0.0314466061517,0.0648106882882,100.0
23.610372,-0.505446669608,0.0103543703182,0.760087480397,-0.0479368996214,-0.762388451579,1.49064583063,3.04456836876,4.34083604813,-0.317917518289,0.0882038953034,-0.0521553467881,1.48450990748,0.34437868688,-0.0322135965456,0.0651941834851,100.0
23.620367,-0.504296184017,0.0149563126819,0.759320490003,-0.0467864140305,-0.763922432367,1.48872835464,3.04495186395,4.34083604813,-0.317917518289,0.0870534097125,-0.0517718515911,1.48412641228,0.345145677274,-0.0325970917426,0.0651941834851,100.0
23.630366,-0.504296184017,0.0191747598486,0.759320490003,-0.0464029188335,-0.764305927564,1.48796136425,3.04495186395,4.34083604813,-0.318301013486,0.0870534097125,-0.0525388419851,1.48527689787,0.344762182077,-0.0314466061517,0.0651941834851,100.0
23.640364,-0.50391268882,0.0245436926062,0.7597039852,-0.0456359284396,-0.765072917958,1.48489340267,3.04495186395,4.34083604813,-0.317917518289,0.0874369049095,-0.0517718515911,1.48412641228,0.344762182077,-0.0318301013486,0.066344669076,100.0
23.650364,-0.505063174411,0.0287621397729,0.759320490003,-0.0444854428487,-0.765839908352,1.48450990748,3.04533535915,4.34083604813,-0.31906800388,0.0874369049095,-0.0521553467881,1.48412641228,0.344762182077,-0.0314466061517,0.0655776786821,100.0
23.660365,-0.505446669608,0.0325970917426,0.7597039852,-0.0444854428487,-0.765839908352,1.48259243149,3.04533535915,4.34083604813,-0.318301013486,0.0866699145155,-0.0525388419851,1.48450990748,0.34437868688,-0.0318301013486,0.0659611738791,100.0
23.670371,-0.504296184017,0.0371990341062,0.759320490003,-0.0448689380456,-0.766223403549,1.4814419459,3.04456836876,4.34083604813,-0.317917518289,0.0870534097125,-0.0517718515911,1.48374291708,0.34437868688,-0.0325970917426,0.0655776786821,100.0
23.680372,-0.504296184017,0.0414174812729,0.7597039852,-0.0441019476517,-0.765839908352,1.47952446992,3.04495186395,4.34083604813,-0.319451499077,0.0859029241216,-0.0513883563942,1.48374291708,0.344762182077,-0.0314466061517,0.0648106882882,100.0
23.690368,-0.506213660002,0.0441019476517,0.759320490003,-0.0441019476517,-0.766223403549,1.47875747952,3.04418487356,4.34083604813,-0.318684508683,0.0874369049095,-0.0517718515911,1.48335942189,0.343995191683,-0.0318301013486,0.0651941834851,100.0
23.700371,-0.505063174411,0.0475534044244,0.759320490003,-0.0441019476517,-0.765839908352,1.47722349873,3.04495186395,4.34083604813,-0.318301013486,0.0878204001064,-0.0517718515911,1.48412641228,0.344762182077,-0.0322135965456,0.0644271930912,100.0
23.710369,-0.505446669608,0.0513883563942,0.759320490003,-0.0437184524547,-0.765072917958,1.47645650834,3.04533535915,4.34083604813,-0.317917518289,0.0882038953034,-0.0513883563942,1.48412641228,0.34437868688,-0.0322135965456,0.0655776786821,100.0
23.720367,-0.505063174411,0.0559902987578,0.7597039852,-0.0429514620608,-0.765839908352,1.47492252755,3.04495186395,4.34083604813,-0.318684508683,0.0874369049095,-0.0521553467881,1.48412641228,0.34437868688,-0.0310631109547,0.0644271930912,100.0
23.730369,-0.505446669608,0.0598252507275,0.759320490003,-0.0433349572578,-0.765456413155,1.47453903235,3.04418487356,4.34083604813,-0.318301013486,0.0878204001064,-0.0517718515911,1.48412641228,0.345145677274,-0.0310631109547,0.0655776786821,100.0
23.740372,-0.505063174411,0.0625097171063,0.7597039852,-0.0418009764699,-0.765456413155,1.47262155637,3.04456836876,4.34083604813,-0.318301013486,0.0870534097125,-0.052922337182,1.48412641228,0.34437868688,-0.0325970917426,0.0651941834851,100.0
23.750389,-0.506213660002,0.0659611738791,0.759320490003,-0.0414174812729,-0.765456413155,1.47185456598,3.04418487356,4.34083604813,-0.318301013486,0.0878204001064,-0.0517718515911,1.48374291708,0.345145677274,-0.0318301013486,0.0651941834851,100.0
23.760389,-0.505830164805,0.0709466114397,0.759320490003,-0.040650490879,-0.765456413155,1.47032058519,3.04533535915,4.34083604813,-0.318301013486,0.0874369049095,-0.0521553467881,1.48374291708,0.343995191683,-0.0310631109547,0.0651941834851,100.0
23.770370,-0.505830164805,0.0724805922276,0.7597039852,-0.039500005288,-0.764689422761,1.46955359479,3.04571885435,4.34083604813,-0.318684508683,0.0874369049095,-0.0517718515911,1.48412641228,0.345145677274,-0.0310631109547,0.0655776786821,100.0
23.780368,-0.506597155199,0.0766990393943,0.7597039852,-0.039500005288,-0.764689422761,1.46801961401,3.04495186395,4.34083604813,-0.319451499077,0.0866699145155,-0.0525388419851,1.48374291708,0.345145677274,-0.0329805869395,0.0651941834851,100.0
23.790369,-0.506597155199,0.07976700097,0.760087480397,-0.0391165100911,-0.764305927564,1.46686912842,3.04495186395,4.34083604813,-0.318684508683,0.0874369049095,-0.0525388419851,1.48374291708,0.34437868688,-0.0318301013486,0.0655776786821,100.0
23.800368,-0.506980650396,0.0824514673488,0.760087480397,-0.039500005288,-0.764305927564,1.46571864282,3.04495186395,4.34083604813,-0.318684508683,0.0870534097125,-0.0513883563942,1.48412641228,0.345145677274,-0.0314466061517,0.0651941834851,100.0
23.810365,-0.508131135987,0.0855194289246,0.760087480397,-0.0379660245002,-0.763922432367,1.46418466204,3.04418487356,4.34083604813,-0.318301013486,0.0870534097125,-0.0517718515911,1.48374291708,0.345145677274,-0.0318301013486,0.0655776786821,100.0
23.820432,-0.507364145593,0.0878204001064,0.759320490003,-0.0364320437123,-0.763155441973,1.46188369085,3.04533535915,4.34083604813,-0.318684508683,0.0874369049095,-0.0525388419851,1.48450990748,0.344762182077,-0.0318301013486,0.0655776786821,100.0
23.830479,-0.507364145593,0.0901213712883,0.760087480397,-0.0345145677274,-0.763922432367,1.45919922448,3.04533535915,4.34083604813,-0.317534023092,0.0874369049095,-0.0510048611972,1.48412641228,0.344762182077,-0.0325970917426,0.0648106882882,100.0
23.840485,-0.508131135987,0.0928058376671,0.7597039852,-0.0333640821365,-0.764305927564,1.45689825329,3.04456836876,4.34083604813,-0.318301013486,0.0862864193186,-0.0521553467881,1.48335942189,0.345529172471,-0.0322135965456,0.0640436978942,100.0
23.850480,-0.508898126381,0.0951068088489,0.759320490003,-0.0322135965456,-0.764305927564,1.45383029172,3.04456836876,4.34083604813,-0.318301013486,0.0870534097125,-0.0525388419851,1.48335942189,0.345145677274,-0.0318301013486,0.0648106882882,100.0
23.860529,-0.508898126381,0.0974077800307,0.758553499609,-0.0302961205607,-0.763922432367,1.45076233014,3.04456836876,4.34083604813,-0.318301013486,0.0882038953034,-0.0513883563942,1.48374291708,0.34437868688,-0.0310631109547,0.0644271930912,100.0
23.870489,-0.510048611972,0.0997087512126,0.760087480397,-0.0287621397729,-0.763922432367,1.44654388298,3.04456836876,4.34083604813,-0.318684508683,0.0870534097125,-0.0517718515911,1.48412641228,0.344762182077,-0.0314466061517,0.0640436978942,100.0
23.880478,-0.510048611972,0.102393217591,0.7597039852,-0.027228158985,-0.76353893717,1.44270893101,3.04456836876,4.34083604813,-0.31906800388,0.0870534097125,-0.0517718515911,1.48335942189,0.345145677274,-0.0322135965456,0.0655776786821,100.0
23.890502,-0.510048611972,0.104310693576,0.7597039852,-0.0245436926062,-0.76353893717,1.43887397904,3.04495186395,4.34083604813,-0.318684508683,0.0878204001064,-0.0521553467881,1.48374291708,0.34437868688,-0.0329805869395,0.0648106882882,100.0
23.900485,-0.510432107169,0.106228169561,0.759320490003,-0.0230097118183,-0.763922432367,1.43465553187,3.04495186395,4.34083604813,-0.317917518289,0.0866699145155,-0.0513883563942,1.48374291708,0.344762182077,-0.0318301013486,0.0651941834851,100.0
23.910511,-0.511966087957,0.107762150349,0.758936994806,-0.0207087406365,-0.76353893717,1.4304370847,3.04456836876,4.34083604813,-0.318684508683,0.0874369049095,-0.052922337182,1.48335942189,0.34437868688,-0.0318301013486,0.0644271930912,100.0
23.920474,-0.513116573548,0.109296131137,0.759320490003,-0.0187912646516,-0.763922432367,1.42736912313,3.04495186395,4.34083604813,-0.318301013486,0.0862864193186,-0.0517718515911,1.48335942189,0.344762182077,-0.0322135965456,0.0651941834851,100.0
23.930449,-0.513883563942,0.111597102319,0.760087480397,-0.0164902934698,-0.763155441973,1.42353417116,3.04571885435,4.34083604813,-0.318684508683,0.0878204001064,-0.0521553467881,1.48450990748,0.34437868688,-0.0322135965456,0.0655776786821,100.0
23.940522,-0.514650554336,0.11274758791,0.760087480397,-0.013422331894,-0.762771946776,1.42008271438,3.04456836876,4.34083604813,-0.318301013486,0.0870534097125,-0.0517718515911,1.48412641228,0.344762182077,-0.0318301013486,0.0659611738791,100.0
23.950479,-0.514650554336,0.114281568697,0.758936994806,-0.0103543703182,-0.763922432367,1.41663125761,3.04533535915,4.34083604813,-0.31906800388,0.0870534097125,-0.0513883563942,1.48412641228,0.344762182077,-0.0310631109547,0.0648106882882,100.0
23.960471,-0.515417544729,0.116199044682,0.7597039852,-0.00882038953034,-0.763922432367,1.41126232485,3.04495186395,4.34083604813,-0.318301013486,0.0874369049095,-0.0513883563942,1.48412641228,0.345145677274,-0.0318301013486,0.0648106882882,100.0
23.970463,-0.515801039926,0.117349530273,0.7597039852,-0.00421844716668,-0.763922432367,1.40781086808,3.04418487356,4.34083604813,-0.317917518289,0.0878204001064,-0.0525388419851,1.48374291708,0.344762182077,-0.0325970917426,0.0651941834851,100.0
23.980455,-0.516184535123,0.118883511061,0.7597039852,-0.00153398078789,-0.763922432367,1.40320892572,3.04571885435,4.34083604813,-0.318301013486,0.0882038953034,-0.052922337182,1.48335942189,0.343995191683,-0.0322135965456,0.066344669076,100.0
23.990443,-0.517335020714,0.119650501455,0.758936994806,0.00115048559091,-0.76353893717,1.39822348816,3.04456836876,4.34083604813,-0.318301013486,0.0870534097125,-0.0521553467881,1.48412641228,0.34437868688,-0.0318301013486,0.0651941834851,100.0
24.000435,-0.518485506305,0.121184482243,0.7597039852,0.00498543756063,-0.764305927564,1.3928545554,3.04495186395,4.34083604813,-0.318301013486,0.0874369049095,-0.0521553467881,1.48450990748,0.344762182077,-0.0322135965456,0.0651941834851,100.0
24.010438,-0.519252496699,0.12156797744,0.759320490003,0.00920388472731,-0.764305927564,1.38786911784,3.04495186395,4.34083604813,-0.317917518289,0.0874369049095,-0.0521553467881,1.48374291708,0.343995191683,-0.0322135965456,0.0651941834851,100.0
24.020439,-0.520019487093,0.122334967834,0.758936994806,0.013038836697,-0.763922432367,1.38173319469,3.04533535915,4.34083604813,-0.31906800388,0.0859029241216,-0.0513883563942,1.48374291708,0.344762182077,-0.0322135965456,0.0655776786821,100.0
24.030410,-0.521936963078,0.122334967834,0.7597039852,0.0176407790607,-0.763922432367,1.37674775713,3.04533535915,4.34083604813,-0.317917518289,0.0882038953034,-0.0521553467881,1.48412641228,0.344762182077,-0.0322135965456,0.0648106882882,100.0
24.040398,-0.521936963078,0.123485453425,0.7597039852,0.0214757310304,-0.76353893717,1.37099532917,3.04533535915,4.34083604813,-0.318301013486,0.0882038953034,-0.0517718515911,1.48412641228,0.345145677274,-0.0322135965456,0.0651941834851,100.0
24.050364,-0.522703953472,0.124252443819,0.759320490003,0.0256941781971,-0.764305927564,1.36562639641,3.04533535915,4.34083604813,-0.31906800388,0.0870534097125,-0.0513883563942,1.48450990748,0.345529172471,-0.0325970917426,0.0651941834851,100.0
24.060397,-0.52423793426,0.124252443819,0.7597039852,0.0291456349698,-0.763922432367,1.35987396846,3.04533535915,4.34083604813,-0.317917518289,0.0878204001064,-0.0525388419851,1.48412641228,0.344762182077,-0.0322135965456,0.0659611738791,100.0
24.070508,-0.525388419851,0.124252443819,0.7597039852,0.0337475773335,-0.76353893717,1.35335455011,3.04495186395,4.34083604813,-0.318684508683,0.0870534097125,-0.0525388419851,1.48374291708,0.34437868688,-0.0322135965456,0.0655776786821,100.0
24.080505,-0.526155410245,0.124635939016,0.759320490003,0.0379660245002,-0.764689422761,1.34836911255,3.04533535915,4.34083604813,-0.318301013486,0.0874369049095,-0.0517718515911,1.48450990748,0.34437868688,-0.0314466061517,0.0648106882882,100.0
24.090486,-0.526922400639,0.125019434213,0.758936994806,0.0421844716668,-0.765072917958,1.3426166846,3.04495186395,4.34083604813,-0.317917518289,0.0874369049095,-0.0521553467881,1.48450990748,0.34437868688,-0.0325970917426,0.0655776786821,100.0
24.100473,-0.528839876623,0.124252443819,0.758170004412,0.0471699092275,-0.764305927564,1.33648076145,3.04533535915,4.34083604813,-0.318301013486,0.0870534097125,-0.0510048611972,1.48412641228,0.344762182077,-0.0325970917426,0.0659611738791,100.0
24.110461,-0.529990362214,0.123868948622,0.758553499609,0.0525388419851,-0.765456413155,1.3299613431,3.04456836876,4.34083604813,-0.317917518289,0.0866699145155,-0.0510048611972,1.48450990748,0.34437868688,-0.0314466061517,0.0644271930912,100.0
24.120512,-0.530373857411,0.124252443819,0.758936994806,0.0571407843487,-0.764689422761,1.32382541995,3.04456836876,4.34083604813,-0.317534023092,0.0859029241216,-0.0517718515911,1.48412641228,0.344762182077,-0.0329805869395,0.0655776786821,100.0
24.130461,-0.531907838199,0.123868948622,0.757786509215,0.0617427267124,-0.765072917958,1.31845648719,3.04533535915,4.34083604813,-0.318684508683,0.0870534097125,-0.0521553467881,1.48412641228,0.344762182077,-0.0322135965456,0.0651941834851,100.0
24.140523,-0.53305832379,0.123101958228,0.758553499609,0.067495154667,-0.765456413155,1.31308755443,3.04495186395,4.34083604813,-0.318301013486,0.0870534097125,-0.0525388419851,1.48412641228,0.34437868688,-0.0318301013486,0.0648106882882,100.0
24.150531,-0.534208809381,0.123101958228,0.758936994806,0.0724805922276,-0.765839908352,1.30695163128,3.04418487356,4.34083604813,-0.318684508683,0.0874369049095,-0.0517718515911,1.48450990748,0.344762182077,-0.0322135965456,0.0651941834851,100.0
24.160512,-0.536126285366,0.123485453425,0.758553499609,0.0763155441973,-0.765839908352,1.30119920332,3.04533535915,4.34083604813,-0.31906800388,0.0870534097125,-0.052922337182,1.48450990748,0.344762182077,-0.0325970917426,0.0651941834851,100.0
24.170481,-0.537660266154,0.123101958228,0.757403014018,0.080533991364,-0.766223403549,1.29659726096,3.04533535915,4.34083604813,-0.318684508683,0.0878204001064,-0.0517718515911,1.48412641228,0.343995191683,-0.0322135965456,0.0655776786821,100.0
24.180444,-0.538427256548,0.122334967834,0.758553499609,0.0862864193186,-0.766606898746,1.2912283282,3.04495186395,4.34083604813,-0.318301013486,0.0870534097125,-0.0510048611972,1.48412641228,0.344762182077,-0.0329805869395,0.0648106882882,100.0
24.190420,-0.539961237336,0.122334967834,0.758170004412,0.0912718568792,-0.766990393943,1.28585939544,3.04456836876,4.34083604813,-0.318301013486,0.0874369049095,-0.0513883563942,1.48412641228,0.344762182077,-0.0325970917426,0.0651941834851,100.0
24.200402,-0.541111722927,0.120800987046,0.758170004412,0.0966407896368,-0.766223403549,1.28125745308,3.04456836876,4.34083604813,-0.318684508683,0.0878204001064,-0.0517718515911,1.48374291708,0.344762182077,-0.0310631109547,0.0648106882882,100.0
24.210402,-0.541878713321,0.120033996652,0.758170004412,0.100475741606,-0.766990393943,1.27818949151,3.04495186395,4.34083604813,-0.318301013486,0.0870534097125,-0.0525388419851,1.48412641228,0.34437868688,-0.0318301013486,0.0659611738791,100.0
24.220398,-0.544179684502,0.119650501455,0.757403014018,0.10507768397,-0.766990393943,1.27473803473,3.04495186395,4.34083604813,-0.318684508683,0.0866699145155,-0.0525388419851,1.48489340267,0.34437868688,-0.0314466061517,0.0640436978942,100.0
24.230403,-0.546097160487,0.118500015864,0.757403014018,0.110446616728,-0.76737388914,1.27051958757,3.04456836876,4.34083604813,-0.317917518289,0.0870534097125,-0.052922337182,1.48489340267,0.344762182077,-0.0325970917426,0.0648106882882,100.0
24.240370,-0.546480655684,0.118500015864,0.757786509215,0.115815549485,-0.766606898746,1.2659176452,3.04456836876,4.34083604813,-0.318301013486,0.0866699145155,-0.0521553467881,1.48335942189,0.34437868688,-0.0329805869395,0.0648106882882,100.0
24.250363,-0.549165122063,0.11773302547,0.757403014018,0.119650501455,-0.766990393943,1.26323317882,3.04495186395,4.34083604813,-0.318301013486,0.0874369049095,-0.0521553467881,1.48412641228,0.345145677274,-0.0314466061517,0.0655776786821,100.0
24.260367,-0.54954861726,0.117349530273,0.757019518821,0.12540292941,-0.767757384337,1.25939822685,3.04495186395,4.34083604813,-0.318301013486,0.0866699145155,-0.0510048611972,1.48412641228,0.345529172471,-0.0310631109547,0.0644271930912,100.0
24.270368,-0.551082598048,0.115815549485,0.757019518821,0.130771862167,-0.76737388914,1.25709725567,3.04495186395,4.34083604813,-0.318684508683,0.0878204001064,-0.0506213660002,1.48489340267,0.344762182077,-0.0318301013486,0.0648106882882,100.0
24.280365,-0.553767064427,0.116199044682,0.757403014018,0.134606814137,-0.768140879534,1.25441278929,3.04456836876,4.34083604813,-0.318684508683,0.0866699145155,-0.0521553467881,1.48335942189,0.345145677274,-0.0314466061517,0.0640436978942,100.0
24.290368,-0.554534054821,0.115048559091,0.756636023624,0.139975746895,-0.768907869928,1.25211181811,3.04495186395,4.34083604813,-0.317917518289,0.0866699145155,-0.0517718515911,1.48450990748,0.345145677274,-0.0310631109547,0.0655776786821,100.0
24.300364,-0.556068035608,0.115048559091,0.757403014018,0.144961184455,-0.768907869928,1.25096133252,3.04533535915,4.34083604813,-0.318684508683,0.0866699145155,-0.0510048611972,1.48335942189,0.344762182077,-0.0322135965456,0.0651941834851,100.0
24.310363,-0.557602016396,0.114281568697,0.757019518821,0.149179631622,-0.771208841109,1.24789337094,3.04571885435,4.34083604813,-0.317917518289,0.0855194289246,-0.0513883563942,1.48412641228,0.345145677274,-0.0325970917426,0.0644271930912,100.0
24.320366,-0.558752501987,0.11274758791,0.757786509215,0.154548564379,-0.772742821897,1.24597589496,3.04495186395,4.34083604813,-0.318684508683,0.0870534097125,-0.0513883563942,1.48374291708,0.34437868688,-0.0318301013486,0.0655776786821,100.0
24.330364,-0.560286482775,0.111980597516,0.757019518821,0.15953400194,-0.774276802685,1.24444191417,3.04495186395,4.34083604813,-0.318684508683,0.0882038953034,-0.0510048611972,1.48450990748,0.345145677274,-0.0318301013486,0.0651941834851,100.0
24.340363,-0.561820463563,0.111213607122,0.756636023624,0.163752449107,-0.775427288276,1.24175744779,3.04495186395,4.34083604813,-0.317917518289,0.0862864193186,-0.0521553467881,1.48412641228,0.345145677274,-0.0318301013486,0.0644271930912,100.0
24.350366,-0.562970949154,0.110446616728,0.757019518821,0.168737886667,-0.775427288276,1.2406069622,3.04533535915,4.34083604813,-0.318684508683,0.0870534097125,-0.0517718515911,1.48374291708,0.34437868688,-0.0325970917426,0.0651941834851,100.0
24.360368,-0.564888425139,0.109679626334,0.756636023624,0.173339829031,-0.776577773867,1.23868948622,3.04495186395,4.34083604813,-0.318301013486,0.0866699145155,-0.0510048611972,1.48450990748,0.34437868688,-0.0322135965456,0.0648106882882,100.0
24.370369,-0.566422405927,0.109296131137,0.755869033231,0.178325266592,-0.776577773867,1.23715550543,3.04456836876,4.34083604813,-0.31906800388,0.0874369049095,-0.0517718515911,1.48412641228,0.34437868688,-0.0314466061517,0.0651941834851,100.0
24.380369,-0.567956386715,0.108145645546,0.755869033231,0.181776723364,-0.776577773867,1.23600501984,3.04495186395,4.34083604813,-0.317917518289,0.0866699145155,-0.0517718515911,1.48374291708,0.34437868688,-0.0325970917426,0.0648106882882,100.0
24.390367,-0.569873862699,0.106611664758,0.756252528428,0.185995170531,-0.776961269064,1.23638851504,3.04495186395,4.34083604813,-0.318301013486,0.0866699145155,-0.0510048611972,1.48450990748,0.34437868688,-0.0314466061517,0.0651941834851,100.0
24.400364,-0.57102434829,0.106228169561,0.756252528428,0.191747598486,-0.776961269064,1.23370404866,3.04533535915,4.34083604813,-0.318684508683,0.0862864193186,-0.0517718515911,1.48450990748,0.343995191683,-0.0318301013486,0.0655776786821,100.0
24.410370,-0.572558329078,0.104310693576,0.755869033231,0.195966045652,-0.776961269064,1.23293705826,3.04533535915,4.34083604813,-0.318301013486,0.0870534097125,-0.0521553467881,1.48450990748,0.345145677274,-0.0325970917426,0.0648106882882,100.0
24.420365,-0.573708814669,0.103160207985,0.755485538034,0.200184492819,-0.777344764261,1.23140307748,3.04456836876,4.34083604813,-0.318684508683,0.0874369049095,-0.0513883563942,1.48412641228,0.345145677274,-0.0322135965456,0.0655776786821,100.0
24.430364,-0.574475805063,0.103543703182,0.756252528428,0.202101968804,-0.777344764261,1.23178657267,3.04456836876,4.34083604813,-0.317917518289,0.0866699145155,-0.0525388419851,1.48450990748,0.344762182077,-0.0329805869395,0.0644271930912,100.0
24.440366,-0.575242795457,0.104310693576,0.756252528428,0.202485464001,-0.776577773867,1.23332055346,3.04456836876,4.34083604813,-0.318301013486,0.0870534097125,-0.0525388419851,1.48412641228,0.34437868688,-0.0325970917426,0.0655776786821,100.0
24.450363,-0.57485930026,0.10507768397,0.756252528428,0.199800997622,-0.773126317094,1.23523802944,3.04533535915,4.34083604813,-0.317917518289,0.0866699145155,-0.0513883563942,1.48412641228,0.345145677274,-0.0322135965456,0.0648106882882,100.0
24.460367,-0.575626290654,0.10507768397,0.756636023624,0.197116531243,-0.770441850715,1.23523802944,3.04495186395,4.34083604813,-0.318301013486,0.0866699145155,-0.0517718515911,1.48450990748,0.345145677274,-0.0322135965456,0.0651941834851,100.0
24.470365,-0.574475805063,0.105844674364,0.755869033231,0.195966045652,-0.769291365125,1.23562152464,3.04533535915,4.34083604813,-0.318301013486,0.0870534097125,-0.0521553467881,1.48412641228,0.344762182077,-0.0322135965456,0.0651941834851,100.0
24.480366,-0.575242795457,0.106228169561,0.756252528428,0.195966045652,-0.771208841109,1.23217006787,3.04456836876,4.34083604813,-0.318301013486,0.0862864193186,-0.0513883563942,1.48412641228,0.344762182077,-0.0318301013486,0.0655776786821,100.0
24.490367,-0.575626290654,0.10507768397,0.757019518821,0.197883521637,-0.773893307488,1.22948560149,3.04495186395,4.34083604813,-0.31906800388,0.0870534097125,-0.0517718515911,1.48374291708,0.345529172471,-0.0318301013486,0.0644271930912,100.0
24.500364,-0.576009785851,0.105844674364,0.755869033231,0.199800997622,-0.775427288276,1.22718463031,3.04495186395,4.34083604813,-0.319451499077,0.0874369049095,-0.0513883563942,1.48374291708,0.344762182077,-0.0314466061517,0.0651941834851,100.0
24.510365,-0.577160271442,0.104694188773,0.756252528428,0.199800997622,-0.777344764261,1.22526715432,3.04456836876,4.34083604813,-0.318684508683,0.0866699145155,-0.0513883563942,1.48335942189,0.344762182077,-0.0322135965456,0.0659611738791,100.0
24.520368,-0.576393281048,0.10507768397,0.756636023624,0.199417502425,-0.779262240246,1.22565064952,3.04418487356,4.34083604813,-0.31906800388,0.0866699145155,-0.0517718515911,1.48412641228,0.344762182077,-0.0318301013486,0.0651941834851,100.0
24.530364,-0.577543766639,0.105844674364,0.755869033231,0.199034007228,-0.778878745049,1.22526715432,3.04495186395,4.34083604813,-0.319451499077,0.0866699145155,-0.0517718515911,1.48450990748,0.344762182077,-0.0329805869395,0.0648106882882,100.0
24.540365,-0.576776776245,0.105461179167,0.756636023624,0.197883521637,-0.778878745049,1.22680113511,3.04533535915,4.34083604813,-0.318684508683,0.0874369049095,-0.0521553467881,1.48335942189,0.344762182077,-0.0329805869395,0.0644271930912,100.0
24.550363,-0.577160271442,0.105844674364,0.757019518821,0.197116531243,-0.780412725837,1.22910210629,3.04456836876,4.34083604813,-0.318301013486,0.0870534097125,-0.0521553467881,1.48450990748,0.344762182077,-0.0325970917426,0.0651941834851,100.0
24.560365,-0.576776776245,0.105844674364,0.756636023624,0.19750002644,-0.780796221034,1.23025259188,3.04495186395,4.34083604813,-0.318684508683,0.0866699145155,-0.0525388419851,1.48450990748,0.345145677274,-0.0310631109547,0.0659611738791,100.0
24.570364,-0.576776776245,0.10507768397,0.756252528428,0.19750002644,-0.781946706625,1.23178657267,3.04456836876,4.34083604813,-0.319451499077,0.0866699145155,-0.0521553467881,1.48335942189,0.34437868688,-0.0314466061517,0.0651941834851,100.0
24.580364,-0.577927261836,0.10507768397,0.756636023624,0.19750002644,-0.782713697019,1.23293705826,3.04456836876,4.34083604813,-0.318301013486,0.0870534097125,-0.0517718515911,1.48374291708,0.344762182077,-0.0318301013486,0.0655776786821,100.0
24.590367,-0.578310757033,0.104694188773,0.757019518821,0.198267016834,-0.782713697019,1.23447103905,3.04495186395,4.34083604813,-0.319451499077,0.0874369049095,-0.0513883563942,1.48412641228,0.345145677274,-0.0318301013486,0.066344669076,100.0
24.600367,-0.578310757033,0.10507768397,0.757019518821,0.197116531243,-0.783864182609,1.23523802944,3.04456836876,4.34083604813,-0.318684508683,0.0870534097125,-0.0525388419851,1.48412641228,0.344762182077,-0.0322135965456,0.0648106882882,100.0
24.610365,-0.579077747427,0.10507768397,0.756252528428,0.197883521637,-0.782713697019,1.23677201023,3.04456836876,4.34083604813,-0.318301013486,0.0866699145155,-0.0517718515911,1.48374291708,0.345145677274,-0.0322135965456,0.0651941834851,100.0
24.620364,-0.57869425223,0.10507768397,0.755869033231,0.198650512031,-0.783097192216,1.23523802944,3.04456836876,4.34083604813,-0.31906800388,0.0874369049095,-0.0517718515911,1.48450990748,0.344762182077,-0.0325970917426,0.0655776786821,100.0
24.630362,-0.579077747427,0.104694188773,0.756636023624,0.198267016834,-0.783097192216,1.23370404866,3.04495186395,4.34083604813,-0.317917518289,0.0859029241216,-0.0521553467881,1.48450990748,0.34437868688,-0.0325970917426,0.0648106882882,100.0
24.640366,-0.579077747427,0.105461179167,0.756636023624,0.19750002644,-0.783097192216,1.23255356307,3.04418487356,4.34083604813,-0.318684508683,0.0862864193186,-0.0517718515911,1.48335942189,0.343995191683,-0.0325970917426,0.0648106882882,100.0
24.650364,-0.57869425223,0.105461179167,0.756636023624,0.19750002644,-0.782713697019,1.23293705826,3.04456836876,4.34083604813,-0.319451499077,0.0866699145155,-0.0517718515911,1.48412641228,0.343995191683,-0.0318301013486,0.0648106882882,100.0
24.660366,-0.579077747427,0.105844674364,0.757019518821,0.196733036046,-0.783097192216,1.23217006787,3.04456836876,4.34083604813,-0.318684508683,0.0870534097125,-0.0513883563942,1.48412641228,0.34437868688,-0.0314466061517,0.0648106882882,100.0
24.670364,-0.579461242624,0.105461179167,0.756636023624,0.197116531243,-0.782713697019,1.23217006787,3.04533535915,4.34083604813,-0.318301013486,0.0866699145155,-0.0521553467881,1.48374291708,0.344762182077,-0.0318301013486,0.066344669076,100.0
24.680379,-0.577927261836,0.105844674364,0.756636023624,0.196733036046,-0.782713697019,1.23178657267,3.04418487356,4.34083604813,-0.319451499077,0.0866699145155,-0.0517718515911,1.48450990748,0.34437868688,-0.0318301013486,0.0659611738791,100.0
24.690387,-0.579461242624,0.105844674364,0.756636023624,0.197883521637,-0.783864182609,1.23140307748,3.04495186395,4.34083604813,-0.317917518289,0.0866699145155,-0.0517718515911,1.48489340267,0.34437868688,-0.0322135965456,0.0651941834851,100.0
24.700377,-0.579844737821,0.106228169561,0.756636023624,0.196733036046,-0.782713697019,1.23293705826,3.04571885435,4.34083604813,-0.31906800388,0.0862864193186,-0.0521553467881,1.48489340267,0.344762182077,-0.0318301013486,0.0651941834851,100.0
24.710373,-0.579461242624,0.106228169561,0.756636023624,0.195966045652,-0.782713697019,1.23217006787,3.04456836876,4.34083604813,-0.318301013486,0.0874369049095,-0.0513883563942,1.48412641228,0.344762182077,-0.0322135965456,0.0651941834851,100.0
24.720373,-0.579077747427,0.106228169561,0.757019518821,0.197883521637,-0.782330201822,1.23255356307,3.04418487356,4.34083604813,-0.318684508683,0.0862864193186,-0.0521553467881,1.48374291708,0.345145677274,-0.0318301013486,0.0648106882882,100.0
24.730369,-0.579844737821,0.106995159955,0.757019518821,0.197883521637,-0.783097192216,1.23293705826,3.04533535915,4.34083604813,-0.318301013486,0.0866699145155,-0.0517718515911,1.48374291708,0.34437868688,-0.0333640821365,0.0655776786821,100.0
24.740371,-0.580228233018,0.106611664758,0.757019518821,0.196733036046,-0.781946706625,1.23332055346,3.04456836876,4.34083604813,-0.319451499077,0.0866699145155,-0.0517718515911,1.48450990748,0.34437868688,-0.0322135965456,0.0655776786821,100.0
24.750370,-0.579461242624,0.107378655152,0.757019518821,0.197116531243,-0.781563211428,1.23217006787,3.04495186395,4.34083604813,-0.317917518289,0.0878204001064,-0.0517718515911,1.48335942189,0.345145677274,-0.0329805869395,0.0644271930912,100.0
24.760369,-0.579077747427,0.107378655152,0.757403014018,0.197116531243,-0.782330201822,1.23217006787,3.04456836876,4.34083604813,-0.317917518289,0.0874369049095,-0.0517718515911,1.48374291708,0.344762182077,-0.0322135965456,0.0651941834851,100.0
24.770369,-0.580228233018,0.107762150349,0.756636023624,0.19750002644,-0.782713697019,1.23217006787,3.04456836876,4.34083604813,-0.317917518289,0.0870534097125,-0.0513883563942,1.48412641228,0.344762182077,-0.0325970917426,0.0651941834851,100.0
24.780381,-0.579461242624,0.108529140743,0.756636023624,0.19750002644,-0.783097192216,1.23217006787,3.04533535915,4.34083604813,-0.317917518289,0.0878204001064,-0.0517718515911,1.48374291708,0.345145677274,-0.0314466061517,0.0648106882882,100.0
24.790413,-0.57869425223,0.10891263594,0.756636023624,0.197883521637,-0.782713697019,1.23217006787,3.04495186395,4.34083604813,-0.318301013486,0.0878204001064,-0.0521553467881,1.48412641228,0.343995191683,-0.0322135965456,0.0655776786821,100.0
24.800375,-0.579844737821,0.109296131137,0.757019518821,0.19750002644,-0.783480687412,1.23178657267,3.04456836876,4.34083604813,-0.31906800388,0.0866699145155,-0.0506213660002,1.48450990748,0.345145677274,-0.0314466061517,0.0655776786821,100.0
24.810369,-0.579844737821,0.10891263594,0.756636023624,0.197883521637,-0.782713697019,1.23255356307,3.04495186395,4.34083604813,-0.318301013486,0.0866699145155,-0.0517718515911,1.48489340267,0.343995191683,-0.0314466061517,0.0659611738791,100.0
24.820368,-0.580611728215,0.10891263594,0.757403014018,0.197883521637,-0.782713697019,1.23293705826,3.04533535915,4.34083604813,-0.318301013486,0.0862864193186,-0.0513883563942,1.48412641228,0.345529172471,-0.0322135965456,0.0655776786821,100.0
24.830366,-0.580611728215,0.109679626334,0.757019518821,0.196733036046,-0.782713697019,1.23255356307,3.04495186395,4.34083604813,-0.318684508683,0.0878204001064,-0.0513883563942,1.48489340267,0.34437868688,-0.0329805869395,0.0659611738791,100.0
24.840370,-0.579844737821,0.109296131137,0.757019518821,0.196733036046,-0.783097192216,1.23255356307,3.04456836876,4.34083604813,-0.318684508683,0.0870534097125,-0.0517718515911,1.48489340267,0.344762182077,-0.0314466061517,0.0659611738791,100.0
24.850370,-0.580611728215,0.110063121531,0.757019518821,0.197116531243,-0.782330201822,1.23217006787,3.04456836876,4.34083604813,-0.318301013486,0.0874369049095,-0.0525388419851,1.48374291708,0.345145677274,-0.0325970917426,0.0648106882882,100.0
24.860371,-0.580228233018,0.109679626334,0.756636023624,0.197883521637,-0.782713697019,1.23140307748,3.04456836876,4.34083604813,-0.31906800388,0.0882038953034,-0.0521553467881,1.48374291708,0.34437868688,-0.0318301013486,0.0655776786821,100.0
24.870367,-0.580611728215,0.110446616728,0.756636023624,0.196349540849,-0.781946706625,1.23293705826,3.04418487356,4.34083604813,-0.318684508683,0.0866699145155,-0.0525388419851,1.48412641228,0.345145677274,-0.0322135965456,0.0659611738791,100.0
24.880367,-0.580611728215,0.111213607122,0.757019518821,0.197883521637,-0.782330201822,1.23217006787,3.04533535915,4.34083604813,-0.31906800388,0.0862864193186,-0.0513883563942,1.48374291708,0.345145677274,-0.0322135965456,0.0648106882882,100.0
24.890371,-0.580995223412,0.111213607122,0.755869033231,0.197116531243,-0.782330201822,1.23408754385,3.04495186395,4.34083604813,-0.318684508683,0.0862864193186,-0.0521553467881,1.48450990748,0.344762182077,-0.0322135965456,0.0655776786821,100.0
24.900333,-0.580228233018,0.111213607122,0.757019518821,0.19750002644,-0.782330201822,1.23255356307,3.04495186395,4.34083604813,-0.317917518289,0.0862864193186,-0.0521553467881,1.48489340267,0.34437868688,-0.0322135965456,0.0651941834851,100.0
24.910369,-0.580611728215,0.111597102319,0.756252528428,0.197883521637,-0.781946706625,1.23332055346,3.04418487356,4.34083604813,-0.318684508683,0.0866699145155,-0.0513883563942,1.48374291708,0.345145677274,-0.0322135965456,0.0655776786821,100.0
24.920367,-0.581378718609,0.111980597516,0.757019518821,0.197116531243,-0.783097192216,1.23370404866,3.04418487356,4.34083604813,-0.318684508683,0.0874369049095,-0.0513883563942,1.48412641228,0.344762182077,-0.0322135965456,0.0648106882882,100.0
24.930364,-0.581378718609,0.111980597516,0.757019518821,0.19750002644,-0.782330201822,1.23332055346,3.04533535915,4.34083604813,-0.318301013486,0.0870534097125,-0.0517718515911,1.48297592669,0.344762182077,-0.0318301013486,0.0659611738791,100.0
24.940370,-0.582145709003,0.111980597516,0.756636023624,0.19750002644,-0.782713697019,1.23370404866,3.04533535915,4.34083604813,-0.317917518289,0.0866699145155,-0.0513883563942,1.48412641228,0.344762182077,-0.0325970917426,0.0648106882882,100.0
24.950365,-0.582145709003,0.112364092713,0.756636023624,0.197883521637,-0.782713697019,1.23332055346,3.04456836876,4.34083604813,-0.318301013486,0.0874369049095,-0.0513883563942,1.48412641228,0.344762182077,-0.0318301013486,0.0651941834851,100.0
24.960366,-0.580995223412,0.113131083107,0.756636023624,0.19750002644,-0.782713697019,1.23408754385,3.04495186395,4.34083604813,-0.318301013486,0.0866699145155,-0.0517718515911,1.48412641228,0.34437868688,-0.0322135965456,0.0651941834851,100.0
24.970365,-0.580995223412,0.113514578304,0.756252528428,0.197116531243,-0.782330201822,1.23370404866,3.04495186395,4.34083604813,-0.318301013486,0.0878204001064,-0.0521553467881,1.48374291708,0.345529172471,-0.0322135965456,0.0655776786821,100.0
24.980385,-0.580995223412,0.113514578304,0.756252528428,0.19750002644,-0.783097192216,1.23293705826,3.04456836876,4.34083604813,-0.318684508683,0.0862864193186,-0.0521553467881,1.48412641228,0.34437868688,-0.0322135965456,0.0651941834851,100.0
24.990382,-0.581762213806,0.114281568697,0.757019518821,0.19750002644,-0.782330201822,1.23255356307,3.04495186395,4.34083604813,-0.317534023092,0.0870534097125,-0.0525388419851,1.48297592669,0.344762182077,-0.0322135965456,0.0655776786821,100.0
25.000376,-0.580995223412,0.113514578304,0.755869033231,0.197116531243,-0.782330201822,1.23332055346,3.04495186395,4.34083604813,-0.31906800388,0.0862864193186,-0.0510048611972,1.48374291708,0.344762182077,-0.0322135965456,0.0648106882882,100.0
25.010378,-0.582529204199,0.113131083107,0.757403014018,0.197116531243,-0.782713697019,1.23293705826,3.04495186395,4.34083604813,-0.318684508683,0.0866699145155,-0.0521553467881,1.48335942189,0.345145677274,-0.0318301013486,0.0659611738791,100.0
25.020380,-0.582145709003,0.114281568697,0.757019518821,0.197116531243,-0.781946706625,1.23332055346,3.04495186395,4.34083604813,-0.318301013486,0.0866699145155,-0.0521553467881,1.48450990748,0.345145677274,-0.0322135965456,0.0655776786821,100.0
25.030391,-0.581762213806,0.113514578304,0.756252528428,0.197116531243,-0.782330201822,1.23293705826,3.04495186395,4.34083604813,-0.31906800388,0.0870534097125,-0.0517718515911,1.48374291708,0.34437868688,-0.0325970917426,0.0640436978942,100.0
25.040387,-0.581762213806,0.114281568697,0.755869033231,0.196349540849,-0.782330201822,1.23332055346,3.04495186395,4.34083604813,-0.317917518289,0.0882038953034,-0.0517718515911,1.48450990748,0.34437868688,-0.0322135965456,0.0651941834851,100.0
25.050371,-0.581762213806,0.114281568697,0.756252528428,0.197116531243,-0.781946706625,1.23447103905,3.04456836876,4.34083604813,-0.318684508683,0.0866699145155,-0.0517718515911,1.48412641228,0.34437868688,-0.0329805869395,0.066344669076,100.0
25.060367,-0.581762213806,0.114665063894,0.756252528428,0.197116531243,-0.782330201822,1.23332055346,3.04456836876,4.34083604813,-0.318301013486,0.0862864193186,-0.0521553467881,1.48297592669,0.345145677274,-0.0322135965456,0.0655776786821,100.0
25.070365,-0.582529204199,0.114665063894,0.756252528428,0.197116531243,-0.782713697019,1.23217006787,3.04495186395,4.34083604813,-0.318684508683,0.0870534097125,-0.0513883563942,1.48374291708,0.344762182077,-0.0322135965456,0.0651941834851,100.0
25.080366,-0.581378718609,0.114281568697,0.755869033231,0.197116531243,-0.782330201822,1.23217006787,3.04533535915,4.34083604813,-0.31906800388,0.0866699145155,-0.0525388419851,1.48374291708,0.343995191683,-0.0325970917426,0.0655776786821,100.0
25.090381,-0.581378718609,0.114281568697,0.756636023624,0.196733036046,-0.783097192216,1.23217006787,3.04495186395,4.34083604813,-0.318684508683,0.0874369049095,-0.0517718515911,1.48374291708,0.343995191683,-0.0322135965456,0.0651941834851,100.0
25.100393,-0.581762213806,0.114665063894,0.756252528428,0.197116531243,-0.782330201822,1.23255356307,3.04456836876,4.34083604813,-0.318684508683,0.0866699145155,-0.0517718515911,1.48335942189,0.344762182077,-0.0314466061517,0.0655776786821,100.0
25.110371,-0.582145709003,0.114281568697,0.756636023624,0.196733036046,-0.782713697019,1.23370404866,3.04495186395,4.34083604813,-0.31906800388,0.0866699145155,-0.0521553467881,1.48374291708,0.344762182077,-0.0322135965456,0.0644271930912,100.0
25.120368,-0.582529204199,0.114665063894,0.755869033231,0.197116531243,-0.782330201822,1.23332055346,3.04456836876,4.34083604813,-0.318684508683,0.0878204001064,-0.0517718515911,1.48374291708,0.343995191683,-0.0318301013486,0.0651941834851,100.0
25.130365,-0.582529204199,0.1138980735,0.757019518821,0.196349540849,-0.783097192216,1.23370404866,3.04571885435,4.34083604813,-0.318684508683,0.0870534097125,-0.0521553467881,1.48450990748,0.344762182077,-0.0322135965456,0.0651941834851,100.0
25.140368,-0.582529204199,0.115048559091,0.756252528428,0.196733036046,-0.782330201822,1.23332055346,3.04418487356,4.34083604813,-0.318684508683,0.0862864193186,-0.0517718515911,1.48374291708,0.344762182077,-0.0314466061517,0.0659611738791,100.0
25.150366,-0.581762213806,0.115048559091,0.756252528428,0.197116531243,-0.781946706625,1.23293705826,3.04456836876,4.34083604813,-0.318684508683,0.0870534097125,-0.052922337182,1.48412641228,0.344762182077,-0.0325970917426,0.066344669076,100.0
25.160367,-0.582529204199,0.114665063894,0.755869033231,0.196349540849,-0.781946706625,1.23332055346,3.04495186395,4.34083604813,-0.31906800388,0.0866699145155,-0.0521553467881,1.48450990748,0.345145677274,-0.0318301013486,0.0655776786821,100.0
25.170366,-0.582145709003,0.114281568697,0.757019518821,0.196733036046,-0.782330201822,1.23332055346,3.04495186395,4.34083604813,-0.318684508683,0.0870534097125,-0.0521553467881,1.48374291708,0.344762182077,-0.0314466061517,0.0655776786821,100.0
25.180365,-0.581762213806,0.115432054288,0.756252528428,0.195966045652,-0.782330201822,1.23217006787,3.04533535915,4.34083604813,-0.317917518289,0.0874369049095,-0.0521553467881,1.48335942189,0.344762182077,-0.0306796157577,0.0655776786821,100.0
25.190367,-0.582145709003,0.114665063894,0.756636023624,0.196349540849,-0.782330201822,1.23293705826,3.04533535915,4.34083604813,-0.318301013486,0.0874369049095,-0.0513883563942,1.48374291708,0.343995191683,-0.0325970917426,0.0651941834851,100.0
25.200370,-0.580995223412,0.115048559091,0.757403014018,0.197116531243,-0.782330201822,1.23217006787,3.04533535915,4.34083604813,-0.318684508683,0.0862864193186,-0.0521553467881,1.48374291708,0.34437868688,-0.0322135965456,0.0648106882882,100.0
25.210366,-0.582145709003,0.115048559091,0.757019518821,0.195966045652,-0.782713697019,1.23217006787,3.04533535915,4.34083604813,-0.318301013486,0.0874369049095,-0.0513883563942,1.48450990748,0.34437868688,-0.0318301013486,0.0644271930912,100.0
25.220367,-0.582145709003,0.114665063894,0.756636023624,0.195966045652,-0.782330201822,1.23332055346,3.04495186395,4.34083604813,-0.318684508683,0.0870534097125,-0.0513883563942,1.48374291708,0.344762182077,-0.0329805869395,0.0651941834851,100.0
25.230365,-0.581762213806,0.115048559091,0.757019518821,0.196349540849,-0.782330201822,1.23370404866,3.04495186395,4.34083604813,-0.31906800388,0.0874369049095,-0.0513883563942,1.48412641228,0.34437868688,-0.0318301013486,0.0651941834851,100.0
25.240366,-0.581378718609,0.114665063894,0.757019518821,0.195966045652,-0.781946706625,1.23332055346,3.04495186395,4.34083604813,-0.318301013486,0.0866699145155,-0.0506213660002,1.48412641228,0.344762182077,-0.0322135965456,0.0659611738791,100.0
25.250368,-0.582145709003,0.115048559091,0.757019518821,0.195966045652,-0.781563211428,1.23332055346,3.04456836876,4.34083604813,-0.31906800388,0.0859029241216,-0.0517718515911,1.48335942189,0.34437868688,-0.0322135965456,0.0651941834851,100.0
25.260366,-0.581762213806,0.114665063894,0.757786509215,0.196349540849,-0.782330201822,1.23332055346,3.04495186395,4.34083604813,-0.317534023092,0.0862864193186,-0.0517718515911,1.48412641228,0.344762182077,-0.0322135965456,0.0655776786821,100.0
25.270367,-0.581762213806,0.114281568697,0.756636023624,0.195582550455,-0.782713697019,1.23217006787,3.04456836876,4.34083604813,-0.317917518289,0.0862864193186,-0.0517718515911,1.48412641228,0.344762182077,-0.0318301013486,0.0655776786821,100.0
25.280365,-0.581762213806,0.1138980735,0.757403014018,0.195199055258,-0.782330201822,1.23178657267,3.04495186395,4.34083604813,-0.318301013486,0.0866699145155,-0.0521553467881,1.48374291708,0.344762182077,-0.0318301013486,0.0644271930912,100.0
25.290364,-0.581762213806,0.1138980735,0.757019518821,0.195582550455,-0.781946706625,1.23293705826,3.04456836876,4.34083604813,-0.317917518289,0.0870534097125,-0.0510048611972,1.48489340267,0.34437868688,-0.0318301013486,0.0648106882882,100.0
25.300366,-0.581762213806,0.114281568697,0.757019518821,0.194815560061,-0.782330201822,1.23255356307,3.04456836876,4.34083604813,-0.318684508683,0.0862864193186,-0.0513883563942,1.48450990748,0.34437868688,-0.0322135965456,0.0651941834851,100.0
25.310367,-0.581762213806,0.1138980735,0.757019518821,0.195199055258,-0.781946706625,1.23255356307,3.04533535915,4.34083604813,-0.31906800388,0.0878204001064,-0.0521553467881,1.48412641228,0.345529172471,-0.0322135965456,0.0651941834851,100.0
25.320369,-0.581378718609,0.114281568697,0.756636023624,0.195199055258,-0.782330201822,1.23255356307,3.04456836876,4.34083604813,-0.318301013486,0.0866699145155,-0.0517718515911,1.48450990748,0.344762182077,-0.0318301013486,0.0655776786821,100.0
25.330366,-0.581762213806,0.114281568697,0.756636023624,0.195966045652,-0.782330201822,1.23408754385,3.04456836876,4.34083604813,-0.318684508683,0.0878204001064,-0.0510048611972,1.48450990748,0.344762182077,-0.0325970917426,0.0648106882882,100.0
25.340367,-0.582145709003,0.114281568697,0.757786509215,0.195582550455,-0.782713697019,1.23293705826,3.04495186395,4.34083604813,-0.317917518289,0.0870534097125,-0.0517718515911,1.48374291708,0.344762182077,-0.0325970917426,0.0655776786821,100.0
25.350370,-0.581762213806,0.1138980735,0.756636023624,0.194815560061,-0.781946706625,1.23217006787,3.04495186395,4.34083604813,-0.318684508683,0.0878204001064,-0.0517718515911,1.48335942189,0.344762182077,-0.0318301013486,0.0651941834851,100.0
25.360365,-0.581378718609,0.1138980735,0.757786509215,0.195199055258,-0.782713697019,1.23293705826,3.04495186395,4.34083604813,-0.318301013486,0.0874369049095,-0.0517718515911,1.48335942189,0.344762182077,-0.0322135965456,0.0648106882882,100.0
25.370368,-0.581762213806,0.1138980735,0.757403014018,0.195199055258,-0.782330201822,1.23370404866,3.04495186395,4.34083604813,-0.318301013486,0.0862864193186,-0.0521553467881,1.48374291708,0.34437868688,-0.0325970917426,0.0651941834851,100.0
25.380375,-0.582145709003,0.113514578304,0.757019518821,0.194432064864,-0.782330201822,1.23217006787,3.04533535915,4.34083604813,-0.31906800388,0.0874369049095,-0.0521553467881,1.48450990748,0.344762182077,-0.0322135965456,0.0644271930912,100.0
25.390381,-0.582145709003,0.114665063894,0.757019518821,0.195582550455,-0.783097192216,1.23370404866,3.04418487356,4.34083604813,-0.31906800388,0.0870534097125,-0.0513883563942,1.48374291708,0.344762182077,-0.0322135965456,0.0651941834851,100.0
25.400387,-0.582529204199,0.114281568697,0.757019518821,0.194815560061,-0.781946706625,1.23140307748,3.04495186395,4.34083604813,-0.318684508683,0.0874369049095,-0.0521553467881,1.48374291708,0.34437868688,-0.0322135965456,0.0659611738791,100.0
25.410420,-0.581378718609,0.1138980735,0.757019518821,0.195199055258,-0.782330201822,1.23217006787,3.04495186395,4.34083604813,-0.318301013486,0.0870534097125,-0.0521553467881,1.48412641228,0.344762182077,-0.0310631109547,0.0651941834851,100.0
25.420407,-0.582145709003,0.114281568697,0.756636023624,0.195199055258,-0.782330201822,1.23255356307,3.04495186395,4.34083604813,-0.318684508683,0.0862864193186,-0.0510048611972,1.48450990748,0.34437868688,-0.0314466061517,0.0655776786821,100.0
25.430402,-0.582145709003,0.114281568697,0.757019518821,0.195199055258,-0.782330201822,1.23255356307,3.04456836876,4.34083604813,-0.318684508683,0.0866699145155,-0.0510048611972,1.48412641228,0.344762182077,-0.0314466061517,0.066344669076,100.0
25.440375,-0.581762213806,0.114281568697,0.757019518821,0.195199055258,-0.781946706625,1.23370404866,3.04495186395,4.34083604813,-0.318301013486,0.0878204001064,-0.0521553467881,1.48489340267,0.344762182077,-0.0322135965456,0.0659611738791,100.0
25.450363,-0.582529204199,0.113514578304,0.756636023624,0.195582550455,-0.781946706625,1.23370404866,3.04495186395,4.34083604813,-0.318684508683,0.0870534097125,-0.0521553467881,1.48374291708,0.345145677274,-0.0318301013486,0.0651941834851,100.0
25.460363,-0.581762213806,0.114281568697,0.756636023624,0.195582550455,-0.782713697019,1.23217006787,3.04456836876,4.34083604813,-0.318684508683,0.0882038953034,-0.0521553467881,1.48412641228,0.34437868688,-0.0325970917426,0.0648106882882,100.0
25.470364,-0.582529204199,0.113131083107,0.757019518821,0.194815560061,-0.781946706625,1.23370404866,3.04456836876,4.34083604813,-0.318301013486,0.0870534097125,-0.0510048611972,1.48412641228,0.344762182077,-0.0318301013486,0.0655776786821,100.0
25.480366,-0.582145709003,0.114281568697,0.756636023624,0.194432064864,-0.781946706625,1.23293705826,3.04418487356,4.34083604813,-0.318301013486,0.0878204001064,-0.0517718515911,1.48527689787,0.34437868688,-0.0318301013486,0.0651941834851,100.0
25.490365,-0.582529204199,0.114281568697,0.756252528428,0.194048569668,-0.781946706625,1.23293705826,3.04456836876,4.34083604813,-0.319451499077,0.0874369049095,-0.0525388419851,1.48450990748,0.344762182077,-0.0325970917426,0.066344669076,100.0
25.500364,-0.581762213806,0.114665063894,0.756636023624,0.193665074471,-0.781563211428,1.23293705826,3.04456836876,4.34083604813,-0.318684508683,0.0870534097125,-0.0525388419851,1.48489340267,0.344762182077,-0.0314466061517,0.0655776786821,100.0
25.510365,-0.582145709003,0.1138980735,0.757786509215,0.193665074471,-0.782330201822,1.23255356307,3.04456836876,4.34083604813,-0.317534023092,0.0878204001064,-0.0517718515911,1.48412641228,0.344762182077,-0.0314466061517,0.0655776786821,100.0
25.520366,-0.582529204199,0.114665063894,0.757403014018,0.193665074471,-0.782330201822,1.23293705826,3.04533535915,4.34083604813,-0.318301013486,0.0866699145155,-0.0513883563942,1.48374291708,0.344762182077,-0.0325970917426,0.0659611738791,100.0
25.530364,-0.582145709003,0.115048559091,0.757019518821,0.193281579274,-0.782330201822,1.23332055346,3.04495186395,4.34083604813,-0.318684508683,0.0862864193186,-0.0517718515911,1.48374291708,0.34437868688,-0.0325970917426,0.0648106882882,100.0
25.540362,-0.582145709003,0.114281568697,0.756636023624,0.193665074471,-0.781946706625,1.23332055346,3.04533535915,4.34083604813,-0.318301013486,0.0882038953034,-0.0513883563942,1.48412641228,0.34437868688,-0.0322135965456,0.0655776786821,100.0
25.550362,-0.582145709003,0.114281568697,0.757403014018,0.193665074471,-0.782713697019,1.23293705826,3.04495186395,4.34083604813,-0.319451499077,0.0870534097125,-0.0521553467881,1.48489340267,0.34437868688,-0.0329805869395,0.0648106882882,100.0
25.560366,-0.581762213806,0.114665063894,0.757403014018,0.193665074471,-0.781563211428,1.23293705826,3.04418487356,4.34083604813,-0.318301013486,0.0874369049095,-0.0525388419851,1.48412641228,0.34437868688,-0.0318301013486,0.0651941834851,100.0
25.570362,-0.582145709003,0.114665063894,0.757786509215,0.193665074471,-0.781946706625,1.23255356307,3.04533535915,4.34083604813,-0.318301013486,0.0866699145155,-0.0513883563942,1.48412641228,0.343995191683,-0.0314466061517,0.0651941834851,100.0
25.580364,-0.581378718609,0.1138980735,0.757403014018,0.19251458888,-0.781563211428,1.23255356307,3.04418487356,4.34083604813,-0.318684508683,0.0862864193186,-0.0521553467881,1.48412641228,0.344762182077,-0.0322135965456,0.0648106882882,100.0
25.590365,-0.581378718609,0.114281568697,0.757403014018,0.193281579274,-0.781563211428,1.23255356307,3.04456836876,4.34083604813,-0.318301013486,0.0874369049095,-0.0521553467881,1.48489340267,0.344762182077,-0.0325970917426,0.0648106882882,100.0
25.600364,-0.581378718609,0.114665063894,0.757019518821,0.193281579274,-0.781946706625,1.23332055346,3.04495186395,4.34083604813,-0.317917518289,0.0870534097125,-0.0517718515911,1.48450990748,0.345145677274,-0.0318301013486,0.0648106882882,100.0
25.610366,-0.582145709003,0.114281568697,0.756636023624,0.192898084077,-0.782330201822,1.23408754385,3.04495186395,4.34083604813,-0.318301013486,0.0866699145155,-0.0521553467881,1.48412641228,0.345145677274,-0.0318301013486,0.0659611738791,100.0
25.620366,-0.581762213806,0.114281568697,0.757403014018,0.19251458888,-0.781946706625,1.23255356307,3.04456836876,4.34083604813,-0.31906800388,0.0866699145155,-0.0521553467881,1.48450990748,0.345145677274,-0.0322135965456,0.0644271930912,100.0
25.630365,-0.581762213806,0.114281568697,0.757019518821,0.192898084077,-0.782330201822,1.23217006787,3.04495186395,4.34083604813,-0.318301013486,0.0874369049095,-0.0521553467881,1.48412641228,0.344762182077,-0.0322135965456,0.0651941834851,100.0
25.640365,-0.581762213806,0.114281568697,0.757019518821,0.192131093683,-0.781946706625,1.23255356307,3.04495186395,4.34083604813,-0.31906800388,0.0878204001064,-0.0521553467881,1.48374291708,0.344762182077,-0.0314466061517,0.0659611738791,100.0
25.650362,-0.581762213806,0.114281568697,0.757403014018,0.193281579274,-0.781946706625,1.23293705826,3.04456836876,4.34083604813,-0.318684508683,0.0878204001064,-0.0521553467881,1.48374291708,0.345145677274,-0.0322135965456,0.0651941834851,100.0
25.660364,-0.581378718609,0.114665063894,0.757403014018,0.192131093683,-0.782330201822,1.23332055346,3.04456836876,4.34083604813,-0.318684508683,0.0870534097125,-0.0525388419851,1.48450990748,0.344762182077,-0.0318301013486,0.0651941834851,100.0
25.670366,-0.581762213806,0.114281568697,0.757403014018,0.192898084077,-0.781946706625,1.23255356307,3.04456836876,4.34083604813,-0.318684508683,0.0862864193186,-0.0517718515911,1.48335942189,0.345145677274,-0.0318301013486,0.0644271930912,100.0
25.680366,-0.581762213806,0.114281568697,0.757019518821,0.192898084077,-0.782713697019,1.23293705826,3.04495186395,4.34083604813,-0.317917518289,0.0874369049095,-0.0525388419851,1.48412641228,0.345145677274,-0.0322135965456,0.0644271930912,100.0
25.690365,-0.581762213806,0.114281568697,0.757403014018,0.19251458888,-0.781946706625,1.23255356307,3.04495186395,4.34083604813,-0.31906800388,0.0874369049095,-0.0521553467881,1.48374291708,0.344762182077,-0.0318301013486,0.0651941834851,100.0
25.700367,-0.581762213806,0.114665063894,0.756636023624,0.191364103289,-0.782713697019,1.23293705826,3.04456836876,4.34083604813,-0.318684508683,0.0866699145155,-0.0513883563942,1.48374291708,0.34437868688,-0.0322135965456,0.0640436978942,100.0
25.710366,-0.581378718609,0.114281568697,0.757019518821,0.189830122501,-0.781946706625,1.23293705826,3.04533535915,4.34083604813,-0.31906800388,0.0870534097125,-0.0525388419851,1.48374291708,0.343995191683,-0.0322135965456,0.0655776786821,100.0
25.720368,-0.580995223412,0.1138980735,0.757019518821,0.192131093683,-0.782330201822,1.23332055346,3.04495186395,4.34083604813,-0.318301013486,0.0866699145155,-0.0517718515911,1.48374291708,0.345145677274,-0.0325970917426,0.0651941834851,100.0
25.730367,-0.582529204199,0.1138980735,0.756636023624,0.19251458888,-0.782713697019,1.23332055346,3.04456836876,4.34083604813,-0.317534023092,0.0870534097125,-0.0521553467881,1.48374291708,0.344762182077,-0.0325970917426,0.0655776786821,100.0
25.740365,-0.581762213806,0.113514578304,0.756636023624,0.192131093683,-0.782713697019,1.23255356307,3.04456836876,4.34083604813,-0.318684508683,0.0870534097125,-0.052922337182,1.48450990748,0.34437868688,-0.0318301013486,0.0651941834851,100.0
25.750364,-0.580995223412,0.1138980735,0.757019518821,0.191364103289,-0.781946706625,1.23332055346,3.04495186395,4.34083604813,-0.318684508683,0.0874369049095,-0.0510048611972,1.48450990748,0.343995191683,-0.0325970917426,0.0655776786821,100.0
25.760365,-0.580995223412,0.1138980735,0.758170004412,0.190980608092,-0.781563211428,1.23293705826,3.04495186395,4.34083604813,-0.318301013486,0.0874369049095,-0.0513883563942,1.48450990748,0.344762182077,-0.0318301013486,0.0651941834851,100.0
25.770368,-0.580995223412,0.114281568697,0.757019518821,0.190597112895,-0.781563211428,1.23408754385,3.04571885435,4.34083604813,-0.318301013486,0.0870534097125,-0.0521553467881,1.48412641228,0.345529172471,-0.0329805869395,0.0651941834851,100.0
25.780367,-0.582145709003,0.113514578304,0.756636023624,0.190213617698,-0.782330201822,1.23217006787,3.04495186395,4.34083604813,-0.318301013486,0.0874369049095,-0.0525388419851,1.48489340267,0.34437868688,-0.0329805869395,0.0655776786821,100.0
25.790366,-0.581762213806,0.113514578304,0.756636023624,0.191747598486,-0.782330201822,1.23293705826,3.04456836876,4.34083604813,-0.317917518289,0.0870534097125,-0.0525388419851,1.48374291708,0.344762182077,-0.0314466061517,0.0651941834851,100.0
25.800365,-0.582145709003,0.113514578304,0.757019518821,0.190980608092,-0.782713697019,1.23370404866,3.04456836876,4.34083604813,-0.317917518289,0.0866699145155,-0.0521553467881,1.48335942189,0.345145677274,-0.0322135965456,0.0655776786821,100.0
25.810363,-0.580611728215,0.114665063894,0.756636023624,0.190980608092,-0.781946706625,1.23217006787,3.04495186395,4.34083604813,-0.317917518289,0.0866699145155,-0.0521553467881,1.48412641228,0.345145677274,-0.0318301013486,0.0648106882882,100.0
25.820368,-0.580995223412,0.1138980735,0.756636023624,0.190980608092,-0.781563211428,1.23370404866,3.04533535915,4.34083604813,-0.318684508683,0.0870534097125,-0.052922337182,1.48297592669,0.34437868688,-0.0322135965456,0.0655776786821,100.0
25.830391,-0.580995223412,0.1138980735,0.757019518821,0.191364103289,-0.782330201822,1.23408754385,3.04533535915,4.34083604813,-0.317534023092,0.0870534097125,-0.0513883563942,1.48450990748,0.344762182077,-0.0329805869395,0.0655776786821,100.0
25.840368,-0.581762213806,0.114281568697,0.757019518821,0.191747598486,-0.782713697019,1.23217006787,3.04571885435,4.34083604813,-0.318684508683,0.0862864193186,-0.0521553467881,1.48374291708,0.34437868688,-0.0322135965456,0.0655776786821,100.0
25.850370,-0.580995223412,0.1138980735,0.757019518821,0.190597112895,-0.782330201822,1.23332055346,3.04456836876,4.34083604813,-0.318301013486,0.0866699145155,-0.0517718515911,1.48412641228,0.344762182077,-0.0322135965456,0.0644271930912,100.0
25.860368,-0.580995223412,0.1138980735,0.757403014018,0.190597112895,-0.781946706625,1.23255356307,3.04495186395,4.34083604813,-0.317917518289,0.0866699145155,-0.0525388419851,1.48450990748,0.34437868688,-0.0322135965456,0.0651941834851,100.0
25.870367,-0.580611728215,0.1138980735,0.757403014018,0.190213617698,-0.781946706625,1.23293705826,3.04456836876,4.34083604813,-0.318684508683,0.0874369049095,-0.0510048611972,1.48374291708,0.345145677274,-0.0329805869395,0.0644271930912,100.0
25.880366,-0.580228233018,0.113131083107,0.757403014018,0.190980608092,-0.782330201822,1.23332055346,3.04495186395,4.34083604813,-0.317917518289,0.0874369049095,-0.0521553467881,1.48489340267,0.345145677274,-0.0318301013486,0.0651941834851,100.0
25.890362,-0.580228233018,0.113514578304,0.756636023624,0.191364103289,-0.781946706625,1.23293705826,3.04456836876,4.34083604813,-0.31906800388,0.0862864193186,-0.0517718515911,1.48412641228,0.34437868688,-0.0318301013486,0.0644271930912,100.0
25.900368,-0.580995223412,0.1138980735,0.757019518821,0.191747598486,-0.781946706625,1.23255356307,3.04495186395,4.34083604813,-0.317917518289,0.0866699145155,-0.0506213660002,1.48412641228,0.344762182077,-0.0325970917426,0.0644271930912,100.0
25.910364,-0.580995223412,0.113131083107,0.757403014018,0.189063132107,-0.782713697019,1.23217006787,3.04495186395,4.34083604813,-0.31906800388,0.0874369049095,-0.0521553467881,1.48489340267,0.34437868688,-0.0325970917426,0.0655776786821,100.0
25.920369,-0.580995223412,0.113514578304,0.757403014018,0.191364103289,-0.781946706625,1.23255356307,3.04495186395,4.34083604813,-0.317917518289,0.0866699145155,-0.0517718515911,1.48412641228,0.34437868688,-0.0318301013486,0.0655776786821,100.0
25.930366,-0.580611728215,0.113131083107,0.757403014018,0.190213617698,-0.782713697019,1.23293705826,3.04418487356,4.34083604813,-0.31906800388,0.0885873905004,-0.0513883563942,1.48412641228,0.344762182077,-0.0318301013486,0.0644271930912,100.0
25.940392,-0.579844737821,0.113514578304,0.757403014018,0.190213617698,-0.781946706625,1.23332055346,3.04418487356,4.34083604813,-0.318301013486,0.0870534097125,-0.0525388419851,1.48374291708,0.344762182077,-0.0322135965456,0.0655776786821,100.0
25.950369,-0.580228233018,0.113514578304,0.757019518821,0.189830122501,-0.782713697019,1.23293705826,3.04456836876,4.34083604813,-0.318684508683,0.0866699145155,-0.0525388419851,1.48335942189,0.34437868688,-0.0322135965456,0.0648106882882,100.0
25.960366,-0.579844737821,0.114281568697,0.756636023624,0.190597112895,-0.781946706625,1.23293705826,3.04495186395,4.34083604813,-0.318684508683,0.0870534097125,-0.0517718515911,1.48412641228,0.34437868688,-0.0322135965456,0.0648106882882,100.0
25.970367,-0.580228233018,0.113514578304,0.756636023624,0.190213617698,-0.781946706625,1.23332055346,3.04456836876,4.34083604813,-0.318301013486,0.0870534097125,-0.0517718515911,1.48412641228,0.34437868688,-0.0322135965456,0.0655776786821,100.0
25.980368,-0.580228233018,0.114281568697,0.757786509215,0.190597112895,-0.781563211428,1.23447103905,3.04456836876,4.34083604813,-0.318301013486,0.0870534097125,-0.0517718515911,1.48450990748,0.34437868688,-0.0329805869395,0.0655776786821,100.0
25.990367,-0.579461242624,0.1138980735,0.756636023624,0.189830122501,-0.782330201822,1.23255356307,3.04495186395,4.34083604813,-0.318301013486,0.0866699145155,-0.0521553467881,1.48450990748,0.343995191683,-0.0322135965456,0.0659611738791,100.0
26.000368,-0.57869425223,0.113514578304,0.757019518821,0.189446627304,-0.781946706625,1.23332055346,3.04495186395,4.34083604813,-0.318684508683,0.0870534097125,-0.0517718515911,1.48374291708,0.34437868688,-0.0322135965456,0.0651941834851,100.0
26.010370,-0.579461242624,0.113131083107,0.756636023624,0.190597112895,-0.781946706625,1.23293705826,3.04495186395,4.34083604813,-0.318301013486,0.0870534097125,-0.0521553467881,1.48412641228,0.34437868688,-0.0325970917426,0.0651941834851,100.0
26.020369,-0.579077747427,0.113514578304,0.757019518821,0.190597112895,-0.781946706625,1.23293705826,3.04495186395,4.34083604813,-0.317917518289,0.0866699145155,-0.0521553467881,1.48412641228,0.344762182077,-0.0314466061517,0.0648106882882,100.0
26.030367,-0.579461242624,0.1138980735,0.757019518821,0.190597112895,-0.781946706625,1.23293705826,3.04533535915,4.34083604813,-0.318684508683,0.0870534097125,-0.0521553467881,1.48412641228,0.34437868688,-0.0314466061517,0.0655776786821,100.0
26.040365,-0.579461242624,0.1138980735,0.757019518821,0.191747598486,-0.781563211428,1.23255356307,3.04495186395,4.34083604813,-0.31906800388,0.0870534097125,-0.0517718515911,1.48412641228,0.344762182077,-0.0325970917426,0.0648106882882,100.0
26.050498,-0.579461242624,0.114665063894,0.757403014018,0.190980608092,-0.781946706625,1.23293705826,3.04456836876,4.34083604813,-0.318301013486,0.0874369049095,-0.0517718515911,1.48450990748,0.34437868688,-0.0322135965456,0.0651941834851,100.0
26.060377,-0.579844737821,0.114281568697,0.757786509215,0.190213617698,-0.781563211428,1.23217006787,3.04533535915,4.34083604813,-0.31906800388,0.0866699145155,-0.0521553467881,1.48374291708,0.344762182077,-0.0318301013486,0.0659611738791,100.0
26.070362,-0.57869425223,0.113131083107,0.756252528428,0.191364103289,-0.781563211428,1.23255356307,3.04495186395,4.34083604813,-0.318684508683,0.0874369049095,-0.0521553467881,1.48374291708,0.344762182077,-0.0314466061517,0.0655776786821,100.0
26.080365,-0.57869425223,0.114281568697,0.757019518821,0.191364103289,-0.781563211428,1.23255356307,3.04495186395,4.34083604813,-0.318684508683,0.0878204001064,-0.0521553467881,1.48412641228,0.344762182077,-0.0322135965456,0.0651941834851,100.0
26.090360,-0.578310757033,0.1138980735,0.757403014018,0.190213617698,-0.781563211428,1.23293705826,3.04456836876,4.34083604813,-0.318684508683,0.0878204001064,-0.052922337182,1.48335942189,0.345145677274,-0.0318301013486,0.0651941834851,100.0
26.100366,-0.57869425223,0.1138980735,0.757403014018,0.190213617698,-0.781946706625,1.23293705826,3.04456836876,4.34083604813,-0.318684508683,0.0874369049095,-0.0521553467881,1.48489340267,0.34437868688,-0.0325970917426,0.0648106882882,100.0
26.110371,-0.577927261836,0.114281568697,0.757019518821,0.190980608092,-0.782330201822,1.23293705826,3.04456836876,4.34083604813,-0.318684508683,0.0870534097125,-0.0525388419851,1.48374291708,0.344762182077,-0.0314466061517,0.0648106882882,100.0
26.120370,-0.578310757033,0.1138980735,0.756636023624,0.190213617698,-0.781179716231,1.23255356307,3.04495186395,4.34083604813,-0.318301013486,0.0874369049095,-0.0517718515911,1.48412641228,0.343995191683,-0.0314466061517,0.0659611738791,100.0
26.130364,-0.57869425223,0.1138980735,0.757019518821,0.189830122501,-0.782330201822,1.23293705826,3.04456836876,4.34083604813,-0.318301013486,0.0874369049095,-0.0517718515911,1.48450990748,0.344762182077,-0.0314466061517,0.0651941834851,100.0
26.140361,-0.577160271442,0.1138980735,0.757403014018,0.189446627304,-0.781946706625,1.23332055346,3.04495186395,4.34083604813,-0.318684508683,0.0866699145155,-0.0510048611972,1.48450990748,0.345145677274,-0.0322135965456,0.0648106882882,100.0
26.150363,-0.577927261836,0.113131083107,0.757019518821,0.190213617698,-0.781946706625,1.23370404866,3.04495186395,4.34083604813,-0.318301013486,0.0870534097125,-0.0517718515911,1.48489340267,0.344762182077,-0.0322135965456,0.0659611738791,100.0
26.160361,-0.577927261836,0.1138980735,0.757019518821,0.190980608092,-0.782330201822,1.23332055346,3.04456836876,4.34083604813,-0.318684508683,0.0874369049095,-0.0517718515911,1.48374291708,0.345145677274,-0.0318301013486,0.0651941834851,100.0
26.170364,-0.578310757033,0.1138980735,0.756636023624,0.189446627304,-0.782330201822,1.23255356307,3.04456836876,4.34083604813,-0.318301013486,0.0862864193186,-0.0521553467881,1.48374291708,0.345145677274,-0.0318301013486,0.0659611738791,100.0
26.180363,-0.576776776245,0.1138980735,0.757403014018,0.189446627304,-0.782330201822,1.23293705826,3.04495186395,4.34083604813,-0.318301013486,0.0870534097125,-0.0521553467881,1.48374291708,0.34437868688,-0.0322135965456,0.0651941834851,100.0
26.190361,-0.577543766639,0.113514578304,0.757403014018,0.189446627304,-0.781946706625,1.23293705826,3.04533535915,4.34083604813,-0.318301013486,0.0866699145155,-0.0513883563942,1.48412641228,0.344762182077,-0.0318301013486,0.0655776786821,100.0
26.200367,-0.577160271442,0.113131083107,0.756636023624,0.190980608092,-0.782330201822,1.23255356307,3.04456836876,4.34083604813,-0.318301013486,0.0870534097125,-0.0521553467881,1.48450990748,0.344762182077,-0.0318301013486,0.0651941834851,100.0
26.210364,-0.577160271442,0.114281568697,0.757786509215,0.191747598486,-0.782330201822,1.23332055346,3.04495186395,4.34083604813,-0.318684508683,0.0874369049095,-0.0513883563942,1.48412641228,0.34437868688,-0.0322135965456,0.066344669076,100.0
26.220365,-0.577160271442,0.1138980735,0.757403014018,0.190980608092,-0.781946706625,1.23293705826,3.04495186395,4.34083604813,-0.318684508683,0.0874369049095,-0.0525388419851,1.48450990748,0.345529172471,-0.0322135965456,0.0655776786821,100.0
26.230366,-0.575626290654,0.113514578304,0.757403014018,0.192131093683,-0.782330201822,1.23255356307,3.04495186395,4.34083604813,-0.318684508683,0.0866699145155,-0.0521553467881,1.48374291708,0.344762182077,-0.0325970917426,0.0648106882882,100.0
26.240367,-0.576393281048,0.113131083107,0.757019518821,0.190213617698,-0.781563211428,1.23255356307,3.04495186395,4.34083604813,-0.317917518289,0.0862864193186,-0.0517718515911,1.48412641228,0.34437868688,-0.0314466061517,0.0648106882882,100.0
26.250364,-0.576393281048,0.11274758791,0.757019518821,0.191364103289,-0.782330201822,1.23293705826,3.04456836876,4.34083604813,-0.318301013486,0.0878204001064,-0.0525388419851,1.48374291708,0.34437868688,-0.0314466061517,0.0644271930912,100.0
26.260363,-0.576393281048,0.113131083107,0.757019518821,0.190597112895,-0.781946706625,1.23332055346,3.04495186395,4.34083604813,-0.318301013486,0.0882038953034,-0.0525388419851,1.48450990748,0.345145677274,-0.0329805869395,0.0651941834851,100.0
26.270364,-0.576393281048,0.11274758791,0.757019518821,0.189830122501,-0.781563211428,1.23255356307,3.04456836876,4.34083604813,-0.318301013486,0.0870534097125,-0.0510048611972,1.48374291708,0.344762182077,-0.0322135965456,0.0655776786821,100.0
26.280363,-0.576776776245,0.11274758791,0.756636023624,0.189830122501,-0.781179716231,1.23293705826,3.04495186395,4.34083604813,-0.31906800388,0.0866699145155,-0.0513883563942,1.48412641228,0.344762182077,-0.0325970917426,0.0651941834851,100.0
26.290365,-0.576009785851,0.112364092713,0.757019518821,0.192131093683,-0.780412725837,1.23255356307,3.04495186395,4.34083604813,-0.318301013486,0.0866699145155,-0.0513883563942,1.48335942189,0.345145677274,-0.0322135965456,0.0651941834851,100.0
26.300362,-0.576009785851,0.112364092713,0.757019518821,0.189446627304,-0.78002923064,1.23255356307,3.04456836876,4.34083604813,-0.318301013486,0.0878204001064,-0.052922337182,1.48412641228,0.344762182077,-0.0310631109547,0.0644271930912,100.0
26.310388,-0.575242795457,0.113131083107,0.756636023624,0.189446627304,-0.777728259458,1.23370404866,3.04456836876,4.34083604813,-0.31906800388,0.0882038953034,-0.0517718515911,1.48374291708,0.345145677274,-0.0314466061517,0.0644271930912,100.0
26.320370,-0.576009785851,0.112364092713,0.756636023624,0.190597112895,-0.777344764261,1.23255356307,3.04456836876,4.34083604813,-0.317917518289,0.0878204001064,-0.0517718515911,1.48450990748,0.344762182077,-0.0318301013486,0.0648106882882,100.0
26.330363,-0.576009785851,0.111980597516,0.756636023624,0.190213617698,-0.775427288276,1.23332055346,3.04495186395,4.34083604813,-0.318684508683,0.0874369049095,-0.0513883563942,1.48374291708,0.34437868688,-0.0322135965456,0.0659611738791,100.0
26.340367,-0.575242795457,0.112364092713,0.757019518821,0.189446627304,-0.775427288276,1.23255356307,3.04495186395,4.34083604813,-0.318301013486,0.0859029241216,-0.0517718515911,1.48412641228,0.344762182077,-0.0325970917426,0.0651941834851,100.0
26.350365,-0.576009785851,0.111980597516,0.757403014018,0.190980608092,-0.775043793079,1.23217006787,3.04456836876,4.34083604813,-0.318301013486,0.0866699145155,-0.0521553467881,1.48412641228,0.343995191683,-0.0322135965456,0.0655776786821,100.0
26.360364,-0.575626290654,0.112364092713,0.757403014018,0.190597112895,-0.775043793079,1.23255356307,3.04456836876,4.34083604813,-0.318684508683,0.0859029241216,-0.0517718515911,1.48412641228,0.344762182077,-0.0318301013486,0.0644271930912,100.0
26.370363,-0.57485930026,0.111213607122,0.757019518821,0.190213617698,-0.774660297882,1.23293705826,3.04456836876,4.34083604813,-0.318301013486,0.0870534097125,-0.0521553467881,1.48412641228,0.344762182077,-0.0314466061517,0.0659611738791,100.0
26.380364,-0.575242795457,0.111213607122,0.757403014018,0.190213617698,-0.774660297882,1.23293705826,3.04456836876,4.34083604813,-0.317917518289,0.0866699145155,-0.0517718515911,1.48374291708,0.34437868688,-0.0322135965456,0.0648106882882,100.0
26.390367,-0.575242795457,0.111597102319,0.757019518821,0.190597112895,-0.775043793079,1.23293705826,3.04495186395,4.34083604813,-0.318301013486,0.0882038953034,-0.0513883563942,1.48489340267,0.344762182077,-0.0318301013486,0.0651941834851,100.0
26.400363,-0.575242795457,0.110063121531,0.757786509215,0.190980608092,-0.774660297882,1.23255356307,3.04533535915,4.34083604813,-0.318301013486,0.0878204001064,-0.0513883563942,1.48450990748,0.345145677274,-0.0314466061517,0.0655776786821,100.0
26.410366,-0.575242795457,0.110446616728,0.757019518821,0.190980608092,-0.774660297882,1.23447103905,3.04418487356,4.34083604813,-0.318684508683,0.0870534097125,-0.0521553467881,1.48412641228,0.34437868688,-0.0329805869395,0.0651941834851,100.0
26.420365,-0.57485930026,0.110446616728,0.757403014018,0.190213617698,-0.775043793079,1.23408754385,3.04418487356,4.34083604813,-0.31906800388,0.0862864193186,-0.0517718515911,1.48489340267,0.344762182077,-0.0325970917426,0.0651941834851,100.0
26.430365,-0.574475805063,0.110830111925,0.757019518821,0.190213617698,-0.775043793079,1.23217006787,3.04418487356,4.34083604813,-0.318684508683,0.0870534097125,-0.0513883563942,1.48450990748,0.34437868688,-0.0325970917426,0.0648106882882,100.0
26.440365,-0.574475805063,0.110446616728,0.757019518821,0.190213617698,-0.775043793079,1.23255356307,3.04495186395,4.34083604813,-0.317917518289,0.0870534097125,-0.0521553467881,1.48412641228,0.344762182077,-0.0318301013486,0.0659611738791,100.0
26.450363,-0.574475805063,0.110063121531,0.757019518821,0.190597112895,-0.774660297882,1.23255356307,3.04418487356,4.34083604813,-0.318684508683,0.0866699145155,-0.0517718515911,1.48450990748,0.344762182077,-0.0318301013486,0.0648106882882,100.0
26.460367,-0.574092309866,0.110446616728,0.757403014018,0.190597112895,-0.775043793079,1.23332055346,3.04533535915,4.34083604813,-0.317917518289,0.0878204001064,-0.0525388419851,1.48374291708,0.344762182077,-0.0318301013486,0.0640436978942,100.0
26.470366,-0.574092309866,0.110063121531,0.756636023624,0.190597112895,-0.775043793079,1.23217006787,3.04533535915,4.34083604813,-0.317534023092,0.0866699145155,-0.0517718515911,1.48374291708,0.344762182077,-0.0314466061517,0.0659611738791,100.0
26.480367,-0.574092309866,0.109679626334,0.757019518821,0.189830122501,-0.775043793079,1.23293705826,3.04533535915,4.34083604813,-0.318301013486,0.0874369049095,-0.0513883563942,1.48489340267,0.344762182077,-0.0318301013486,0.0651941834851,100.0
26.490368,-0.574092309866,0.110446616728,0.757403014018,0.191364103289,-0.774660297882,1.23293705826,3.04495186395,4.34083604813,-0.318301013486,0.0870534097125,-0.0525388419851,1.48374291708,0.34437868688,-0.0318301013486,0.0648106882882,100.0
26.500364,-0.574092309866,0.109679626334,0.757019518821,0.191364103289,-0.775043793079,1.23255356307,3.04456836876,4.34083604813,-0.319451499077,0.0874369049095,-0.0517718515911,1.48412641228,0.34437868688,-0.0318301013486,0.0659611738791,100.0
26.510368,-0.574092309866,0.109679626334,0.757019518821,0.189063132107,-0.775043793079,1.23255356307,3.04533535915,4.34083604813,-0.317917518289,0.0870534097125,-0.0513883563942,1.48374291708,0.345529172471,-0.0322135965456,0.066344669076,100.0
26.520374,-0.572941824275,0.10891263594,0.757403014018,0.189830122501,-0.775043793079,1.23255356307,3.04418487356,4.34083604813,-0.318684508683,0.0878204001064,-0.0517718515911,1.48412641228,0.34437868688,-0.0318301013486,0.0651941834851,100.0
26.530369,-0.573708814669,0.10891263594,0.757019518821,0.190597112895,-0.775427288276,1.23293705826,3.04533535915,4.34083604813,-0.318301013486,0.0870534097125,-0.0521553467881,1.48374291708,0.344762182077,-0.0325970917426,0.0659611738791,100.0
26.540368,-0.572941824275,0.109296131137,0.757403014018,0.190213617698,-0.775043793079,1.23255356307,3.04418487356,4.34083604813,-0.318301013486,0.0870534097125,-0.0525388419851,1.48412641228,0.34437868688,-0.0325970917426,0.0659611738791,100.0
26.550369,-0.572941824275,0.10891263594,0.757403014018,0.191747598486,-0.775810783473,1.23217006787,3.04418487356,4.34083604813,-0.318684508683,0.0866699145155,-0.0513883563942,1.48412641228,0.34437868688,-0.0337475773335,0.0655776786821,100.0
26.560371,-0.573708814669,0.10891263594,0.757019518821,0.18867963691,-0.775043793079,1.23255356307,3.04495186395,4.34083604813,-0.318684508683,0.0866699145155,-0.0521553467881,1.48374291708,0.345145677274,-0.0325970917426,0.0655776786821,100.0
26.570366,-0.572941824275,0.10891263594,0.756636023624,0.189830122501,-0.775043793079,1.23178657267,3.04456836876,4.34083604813,-0.318301013486,0.0870534097125,-0.0521553467881,1.48412641228,0.343995191683,-0.0318301013486,0.0644271930912,100.0
26.580367,-0.573325319472,0.108529140743,0.757403014018,0.190980608092,-0.775427288276,1.23255356307,3.04533535915,4.34083604813,-0.318684508683,0.0870534097125,-0.0517718515911,1.48450990748,0.344762182077,-0.0322135965456,0.0648106882882,100.0
26.590365,-0.573708814669,0.10891263594,0.757019518821,0.190597112895,-0.775427288276,1.23255356307,3.04533535915,4.34083604813,-0.318684508683,0.0874369049095,-0.0517718515911,1.48412641228,0.344762182077,-0.0318301013486,0.0648106882882,100.0
26.600362,-0.573708814669,0.107762150349,0.757403014018,0.189830122501,-0.775427288276,1.23255356307,3.04533535915,4.34083604813,-0.318301013486,0.0866699145155,-0.0513883563942,1.48412641228,0.345145677274,-0.0322135965456,0.0651941834851,100.0
26.610369,-0.573325319472,0.107378655152,0.756636023624,0.190213617698,-0.775427288276,1.23217006787,3.04495186395,4.34083604813,-0.318684508683,0.0866699145155,-0.0525388419851,1.48374291708,0.34437868688,-0.0325970917426,0.0651941834851,100.0
26.620365,-0.573325319472,0.10891263594,0.757019518821,0.189446627304,-0.774276802685,1.23332055346,3.04418487356,4.34083604813,-0.318684508683,0.0862864193186,-0.0521553467881,1.48412641228,0.344762182077,-0.0322135965456,0.0659611738791,100.0
26.630366,-0.573325319472,0.107762150349,0.757019518821,0.190213617698,-0.775043793079,1.23332055346,3.04495186395,4.34083604813,-0.318684508683,0.0870534097125,-0.0521553467881,1.48374291708,0.344762182077,-0.0314466061517,0.0655776786821,100.0
26.640365,-0.573325319472,0.107762150349,0.756636023624,0.190980608092,-0.775427288276,1.23332055346,3.04495186395,4.34083604813,-0.317917518289,0.0874369049095,-0.0510048611972,1.48412641228,0.345145677274,-0.0322135965456,0.0651941834851,100.0
26.650362,-0.573325319472,0.108145645546,0.757019518821,0.190597112895,-0.775810783473,1.23217006787,3.04456836876,4.34083604813,-0.318684508683,0.0866699145155,-0.0521553467881,1.48335942189,0.345529172471,-0.0325970917426,0.0648106882882,100.0
26.660366,-0.572941824275,0.107762150349,0.757019518821,0.191364103289,-0.775043793079,1.23217006787,3.04495186395,4.34083604813,-0.317534023092,0.0870534097125,-0.0513883563942,1.48450990748,0.344762182077,-0.0318301013486,0.0655776786821,100.0
26.670364,-0.572941824275,0.107378655152,0.757019518821,0.190213617698,-0.775427288276,1.23255356307,3.04495186395,4.34083604813,-0.318301013486,0.0878204001064,-0.0510048611972,1.48450990748,0.344762182077,-0.0325970917426,0.0655776786821,100.0
26.680368,-0.572941824275,0.107762150349,0.757019518821,0.190597112895,-0.775427288276,1.23255356307,3.04495186395,4.34083604813,-0.318684508683,0.0870534097125,-0.0521553467881,1.48374291708,0.34437868688,-0.0322135965456,0.0655776786821,100.0
26.690367,-0.572941824275,0.107378655152,0.757019518821,0.18867963691,-0.775427288276,1.23217006787,3.04456836876,4.34083604813,-0.318684508683,0.0874369049095,-0.0525388419851,1.48374291708,0.344762182077,-0.0318301013486,0.0651941834851,100.0
26.700365,-0.572941824275,0.107378655152,0.756636023624,0.191364103289,-0.775427288276,1.23293705826,3.04495186395,4.34083604813,-0.318301013486,0.0866699145155,-0.0525388419851,1.48450990748,0.344762182077,-0.0318301013486,0.0651941834851,100.0
26.710363,-0.572558329078,0.108145645546,0.757019518821,0.190597112895,-0.775043793079,1.23293705826,3.04533535915,4.34083604813,-0.317917518289,0.0859029241216,-0.0517718515911,1.48259243149,0.34437868688,-0.0325970917426,0.0644271930912,100.0
26.720367,-0.572941824275,0.107378655152,0.757019518821,0.190980608092,-0.775043793079,1.23255356307,3.04495186395,4.34083604813,-0.317917518289,0.0866699145155,-0.0521553467881,1.48412641228,0.344762182077,-0.0322135965456,0.0644271930912,100.0
26.730366,-0.573325319472,0.106995159955,0.756636023624,0.191747598486,-0.775427288276,1.23255356307,3.04533535915,4.34083604813,-0.31906800388,0.0862864193186,-0.0517718515911,1.48412641228,0.344762182077,-0.0322135965456,0.0659611738791,100.0
26.740361,-0.572558329078,0.107378655152,0.756636023624,0.190213617698,-0.775043793079,1.23408754385,3.04456836876,4.34083604813,-0.318684508683,0.0870534097125,-0.0525388419851,1.48412641228,0.34437868688,-0.0325970917426,0.0644271930912,100.0
26.750373,-0.572941824275,0.107378655152,0.757019518821,0.190597112895,-0.775427288276,1.23293705826,3.04456836876,4.34083604813,-0.318684508683,0.0866699145155,-0.0521553467881,1.48374291708,0.345145677274,-0.0318301013486,0.0651941834851,100.0
26.760380,-0.572941824275,0.107378655152,0.757403014018,0.190213617698,-0.775427288276,1.23293705826,3.04456836876,4.34083604813,-0.318684508683,0.0870534097125,-0.052922337182,1.48412641228,0.345145677274,-0.0318301013486,0.0651941834851,100.0
26.770388,-0.572174833881,0.107378655152,0.757786509215,0.190597112895,-0.775427288276,1.23293705826,3.04456836876,4.34083604813,-0.318684508683,0.0870534097125,-0.0521553467881,1.48450990748,0.34437868688,-0.0325970917426,0.0648106882882,100.0
26.780369,-0.572558329078,0.106995159955,0.756636023624,0.190597112895,-0.775810783473,1.23293705826,3.04456836876,4.34083604813,-0.318301013486,0.0862864193186,-0.0525388419851,1.48412641228,0.343995191683,-0.0318301013486,0.0648106882882,100.0
26.790369,-0.573325319472,0.107762150349,0.757019518821,0.190213617698,-0.775427288276,1.23332055346,3.04533535915,4.34083604813,-0.318684508683,0.0870534097125,-0.0513883563942,1.48412641228,0.344762182077,-0.0318301013486,0.0655776786821,100.0
26.800364,-0.573325319472,0.107762150349,0.757403014018,0.190597112895,-0.774660297882,1.23255356307,3.04495186395,4.34083604813,-0.31906800388,0.0874369049095,-0.0521553467881,1.48374291708,0.344762182077,-0.0333640821365,0.0655776786821,100.0
26.810370,-0.572174833881,0.107378655152,0.756636023624,0.190597112895,-0.775043793079,1.23255356307,3.04456836876,4.34083604813,-0.31906800388,0.0870534097125,-0.0525388419851,1.48374291708,0.343611696486,-0.0322135965456,0.0651941834851,100.0
26.820366,-0.572941824275,0.107762150349,0.757019518821,0.189446627304,-0.775043793079,1.23255356307,3.04495186395,4.34083604813,-0.317917518289,0.0862864193186,-0.0521553467881,1.48450990748,0.34437868688,-0.0322135965456,0.0648106882882,100.0
26.830371,-0.573325319472,0.107378655152,0.757019518821,0.190597112895,-0.775427288276,1.23293705826,3.04456836876,4.34083604813,-0.317917518289,0.0866699145155,-0.0521553467881,1.48335942189,0.34437868688,-0.0322135965456,0.0655776786821,100.0
26.840369,-0.572941824275,0.107762150349,0.757403014018,0.190597112895,-0.775427288276,1.23293705826,3.04418487356,4.34083604813,-0.318684508683,0.0866699145155,-0.0517718515911,1.48374291708,0.344762182077,-0.0322135965456,0.0648106882882,100.0
26.850364,-0.572558329078,0.107762150349,0.757403014018,0.190597112895,-0.775427288276,1.23255356307,3.04495186395,4.34083604813,-0.318684508683,0.0862864193186,-0.0517718515911,1.48374291708,0.343995191683,-0.0322135965456,0.0659611738791,100.0
26.860367,-0.571791338684,0.107762150349,0.757403014018,0.191364103289,-0.775043793079,1.23447103905,3.04571885435,4.34083604813,-0.318684508683,0.0862864193186,-0.0521553467881,1.48335942189,0.34437868688,-0.0325970917426,0.0651941834851,100.0
26.870361,-0.572174833881,0.108145645546,0.756636023624,0.190980608092,-0.775043793079,1.23332055346,3.04495186395,4.34083604813,-0.318301013486,0.0862864193186,-0.0521553467881,1.48412641228,0.34437868688,-0.0325970917426,0.0651941834851,100.0
26.880366,-0.572558329078,0.107762150349,0.757019518821,0.190980608092,-0.775043793079,1.23217006787,3.04495186395,4.34083604813,-0.317917518289,0.0870534097125,-0.0525388419851,1.48374291708,0.345145677274,-0.0322135965456,0.0655776786821,100.0
26.890366,-0.572941824275,0.107378655152,0.756252528428,0.190980608092,-0.775043793079,1.23293705826,3.04533535915,4.34083604813,-0.318684508683,0.0866699145155,-0.0525388419851,1.48335942189,0.345529172471,-0.0322135965456,0.0651941834851,100.0
26.900378,-0.572941824275,0.107378655152,0.756636023624,0.189446627304,-0.775043793079,1.23332055346,3.04456836876,4.34083604813,-0.318684508683,0.0874369049095,-0.0517718515911,1.48374291708,0.345145677274,-0.0322135965456,0.0659611738791,100.0
26.910390,-0.572174833881,0.107762150349,0.757019518821,0.190980608092,-0.775810783473,1.23332055346,3.04456836876,4.34083604813,-0.318301013486,0.0862864193186,-0.0513883563942,1.48335942189,0.344762182077,-0.0318301013486,0.0659611738791,100.0
26.920371,-0.572558329078,0.108145645546,0.757019518821,0.190597112895,-0.775427288276,1.23293705826,3.04533535915,4.34083604813,-0.318301013486,0.0866699145155,-0.0525388419851,1.48412641228,0.344762182077,-0.0322135965456,0.0651941834851,100.0
26.930367,-0.572174833881,0.107762150349,0.757019518821,0.189446627304,-0.775427288276,1.23332055346,3.04380137836,4.34083604813,-0.318301013486,0.0866699145155,-0.0517718515911,1.48412641228,0.343995191683,-0.0322135965456,0.0659611738791,100.0
26.940365,-0.572558329078,0.107762150349,0.757019518821,0.190980608092,-0.774660297882,1.23370404866,3.04495186395,4.34083604813,-0.31906800388,0.0866699145155,-0.0521553467881,1.48450990748,0.344762182077,-0.0318301013486,0.0651941834851,100.0
26.950365,-0.572174833881,0.107762150349,0.757019518821,0.190980608092,-0.775043793079,1.23255356307,3.04495186395,4.34083604813,-0.318684508683,0.0878204001064,-0.0517718515911,1.48374291708,0.34437868688,-0.0310631109547,0.0655776786821,100.0
26.960369,-0.572558329078,0.107762150349,0.757786509215,0.190597112895,-0.775427288276,1.23293705826,3.04418487356,4.34083604813,-0.317917518289,0.0874369049095,-0.0517718515911,1.48374291708,0.344762182077,-0.0318301013486,0.0648106882882,100.0
26.970368,-0.572558329078,0.107762150349,0.757019518821,0.190597112895,-0.775427288276,1.23293705826,3.04533535915,4.34083604813,-0.318684508683,0.0878204001064,-0.0517718515911,1.48412641228,0.345145677274,-0.0318301013486,0.0644271930912,100.0
26.980365,-0.572174833881,0.108145645546,0.756636023624,0.191364103289,-0.775427288276,1.23293705826,3.04495186395,4.34083604813,-0.317917518289,0.0855194289246,-0.0521553467881,1.48412641228,0.345529172471,-0.0310631109547,0.0651941834851,100.0
26.990371,-0.572558329078,0.108145645546,0.757403014018,0.190597112895,-0.775043793079,1.23370404866,3.04418487356,4.34083604813,-0.318684508683,0.0866699145155,-0.0513883563942,1.48489340267,0.344762182077,-0.0318301013486,0.0648106882882,100.0
27.000363,-0.572558329078,0.108145645546,0.757019518821,0.191364103289,-0.775810783473,1.23332055346,3.04495186395,4.34083604813,-0.31906800388,0.0866699145155,-0.0517718515911,1.48450990748,0.344762182077,-0.0310631109547,0.0651941834851,100.0
27.010366,-0.572174833881,0.107762150349,0.757019518821,0.189830122501,-0.775043793079,1.23293705826,3.04495186395,4.34083604813,-0.318301013486,0.0878204001064,-0.0517718515911,1.48412641228,0.345145677274,-0.0318301013486,0.0648106882882,100.0
27.020362,-0.572941824275,0.107378655152,0.757019518821,0.191364103289,-0.775427288276,1.23255356307,3.04495186395,4.34083604813,-0.318684508683,0.0870534097125,-0.0513883563942,1.48335942189,0.344762182077,-0.0318301013486,0.0651941834851,100.0
27.030365,-0.572558329078,0.107762150349,0.757019518821,0.190980608092,-0.775043793079,1.23255356307,3.04418487356,4.34083604813,-0.317917518289,0.0878204001064,-0.0513883563942,1.48335942189,0.345145677274,-0.0322135965456,0.0648106882882,100.0
27.040365,-0.571791338684,0.108145645546,0.757019518821,0.189830122501,-0.775427288276,1.23255356307,3.04495186395,4.34083604813,-0.318301013486,0.0866699145155,-0.0517718515911,1.48450990748,0.344762182077,-0.0322135965456,0.0651941834851,100.0
27.050366,-0.572174833881,0.108529140743,0.756636023624,0.190597112895,-0.775043793079,1.23332055346,3.04456836876,4.34083604813,-0.318301013486,0.0874369049095,-0.0517718515911,1.48412641228,0.344762182077,-0.0318301013486,0.0655776786821,100.0
27.060364,-0.572174833881,0.107762150349,0.756636023624,0.190980608092,-0.775427288276,1.23255356307,3.04495186395,4.34083604813,-0.31906800388,0.0866699145155,-0.0517718515911,1.48450990748,0.344762182077,-0.0333640821365,0.0651941834851,100.0
27.070364,-0.572941824275,0.107762150349,0.757403014018,0.190597112895,-0.775427288276,1.23332055346,3.04495186395,4.34083604813,-0.317917518289,0.0862864193186,-0.0525388419851,1.48450990748,0.345145677274,-0.0329805869395,0.0651941834851,100.0
27.080388,-0.572558329078,0.107762150349,0.757403014018,0.190213617698,-0.775427288276,1.23293705826,3.04456836876,4.34083604813,-0.318301013486,0.0878204001064,-0.0521553467881,1.48450990748,0.34437868688,-0.0333640821365,0.0648106882882,100.0
27.090370,-0.572558329078,0.107762150349,0.757019518821,0.190213617698,-0.775810783473,1.23332055346,3.04456836876,4.34083604813,-0.318684508683,0.0862864193186,-0.0517718515911,1.48489340267,0.345145677274,-0.0325970917426,0.0651941834851,100.0
27.100367,-0.572558329078,0.107378655152,0.756636023624,0.191364103289,-0.775043793079,1.23332055346,3.04495186395,4.34083604813,-0.318684508683,0.0870534097125,-0.0517718515911,1.48450990748,0.344762182077,-0.0318301013486,0.0648106882882,100.0
27.110368,-0.571791338684,0.107378655152,0.757403014018,0.189446627304,-0.775043793079,1.23332055346,3.04456836876,4.34083604813,-0.31906800388,0.0874369049095,-0.0525388419851,1.48412641228,0.34437868688,-0.0314466061517,0.0651941834851,100.0
27.120369,-0.573325319472,0.107762150349,0.757019518821,0.190597112895,-0.775043793079,1.23293705826,3.04418487356,4.34083604813,-0.318684508683,0.0866699145155,-0.0525388419851,1.48374291708,0.34437868688,-0.0318301013486,0.0651941834851,100.0
27.130365,-0.573325319472,0.107378655152,0.757019518821,0.190597112895,-0.775043793079,1.23408754385,3.04495186395,4.34083604813,-0.318301013486,0.0862864193186,-0.0521553467881,1.48374291708,0.344762182077,-0.0322135965456,0.0655776786821,100.0
27.140369,-0.572558329078,0.107378655152,0.756636023624,0.190597112895,-0.775810783473,1.23370404866,3.04533535915,4.34083604813,-0.318301013486,0.0874369049095,-0.0517718515911,1.48412641228,0.344762182077,-0.0325970917426,0.0659611738791,100.0
27.150367,-0.572558329078,0.107378655152,0.757019518821,0.189830122501,-0.775427288276,1.23293705826,3.04456836876,4.34083604813,-0.317917518289,0.0870534097125,-0.0521553467881,1.48335942189,0.345145677274,-0.0322135965456,0.0648106882882,100.0
27.160370,-0.572941824275,0.107762150349,0.757786509215,0.191747598486,-0.774660297882,1.23293705826,3.04495186395,4.34083604813,-0.319834994274,0.0870534097125,-0.0517718515911,1.48374291708,0.344762182077,-0.0322135965456,0.0651941834851,100.0
27.170367,-0.572174833881,0.107378655152,0.757786509215,0.190597112895,-0.775043793079,1.23255356307,3.04495186395,4.34083604813,-0.317917518289,0.0874369049095,-0.0517718515911,1.48335942189,0.344762182077,-0.0322135965456,0.0648106882882,100.0
27.180367,-0.572558329078,0.107762150349,0.757786509215,0.190980608092,-0.775427288276,1.23255356307,3.04495186395,4.34083604813,-0.318301013486,0.0878204001064,-0.0525388419851,1.48412641228,0.34437868688,-0.0322135965456,0.0648106882882,100.0
27.190369,-0.572558329078,0.106995159955,0.756636023624,0.191747598486,-0.775043793079,1.23370404866,3.04418487356,4.34083604813,-0.318684508683,0.0874369049095,-0.0525388419851,1.48412641228,0.344762182077,-0.0318301013486,0.0651941834851,100.0
27.200368,-0.572174833881,0.107762150349,0.756636023624,0.190980608092,-0.775043793079,1.23332055346,3.04456836876,4.34083604813,-0.318684508683,0.0870534097125,-0.0517718515911,1.48374291708,0.345145677274,-0.0322135965456,0.0655776786821,100.0
27.210368,-0.572558329078,0.107378655152,0.757019518821,0.191747598486,-0.775427288276,1.23293705826,3.04571885435,4.34083604813,-0.317917518289,0.0874369049095,-0.0521553467881,1.48412641228,0.344762182077,-0.0322135965456,0.0659611738791,100.0
27.220366,-0.572558329078,0.107378655152,0.757019518821,0.190213617698,-0.775427288276,1.23293705826,3.04495186395,4.34083604813,-0.318684508683,0.0874369049095,-0.0510048611972,1.48489340267,0.34437868688,-0.0322135965456,0.0648106882882,100.0
27.230365,-0.572558329078,0.107762150349,0.757403014018,0.190597112895,-0.775043793079,1.23370404866,3.04495186395,4.34083604813,-0.318301013486,0.0866699145155,-0.0521553467881,1.48450990748,0.345145677274,-0.0322135965456,0.0651941834851,100.0
27.240371,-0.572558329078,0.107378655152,0.756636023624,0.190213617698,-0.775427288276,1.23332055346,3.04495186395,4.34083604813,-0.317917518289,0.0862864193186,-0.0510048611972,1.48374291708,0.34437868688,-0.0322135965456,0.0648106882882,100.0
27.250365,-0.572174833881,0.107378655152,0.756636023624,0.189830122501,-0.775427288276,1.23293705826,3.04495186395,4.34083604813,-0.318684508683,0.0874369049095,-0.0521553467881,1.48374291708,0.345145677274,-0.0322135965456,0.0655776786821,100.0
27.260371,-0.572174833881,0.107762150349,0.757403014018,0.190213617698,-0.775427288276,1.23255356307,3.04495186395,4.34083604813,-0.318684508683,0.0882038953034,-0.0525388419851,1.48527689787,0.344762182077,-0.0314466061517,0.0655776786821,100.0
27.270371,-0.572174833881,0.107378655152,0.757019518821,0.190597112895,-0.775043793079,1.23332055346,3.04533535915,4.34083604813,-0.317917518289,0.0878204001064,-0.0517718515911,1.48527689787,0.344762182077,-0.0314466061517,0.0655776786821,100.0
27.280368,-0.572941824275,0.107378655152,0.757403014018,0.190980608092,-0.775427288276,1.23293705826,3.04456836876,4.34083604813,-0.318684508683,0.0874369049095,-0.0517718515911,1.48374291708,0.34437868688,-0.0314466061517,0.0648106882882,100.0
27.290366,-0.571791338684,0.107762150349,0.757019518821,0.192131093683,-0.775043793079,1.23255356307,3.04456836876,4.34083604813,-0.317917518289,0.0870534097125,-0.0521553467881,1.48412641228,0.344762182077,-0.0314466061517,0.0651941834851,100.0
27.300365,-0.572558329078,0.107762150349,0.756636023624,0.190213617698,-0.775427288276,1.23332055346,3.04456836876,4.34083604813,-0.318301013486,0.0874369049095,-0.0525388419851,1.48489340267,0.345145677274,-0.0322135965456,0.0655776786821,100.0
27.310364,-0.572174833881,0.107378655152,0.757019518821,0.190597112895,-0.775427288276,1.23408754385,3.04495186395,4.34083604813,-0.318684508683,0.0866699145155,-0.0521553467881,1.48374291708,0.344762182077,-0.0318301013486,0.0651941834851,100.0
27.320367,-0.572558329078,0.107762150349,0.757019518821,0.191747598486,-0.775427288276,1.23293705826,3.04495186395,4.34083604813,-0.318684508683,0.0874369049095,-0.0521553467881,1.48297592669,0.344762182077,-0.0314466061517,0.0644271930912,100.0
27.330365,-0.572558329078,0.107762150349,0.756252528428,0.191747598486,-0.775043793079,1.23255356307,3.04456836876,4.34083604813,-0.31906800388,0.0870534097125,-0.0521553467881,1.48412641228,0.345145677274,-0.0314466061517,0.0640436978942,100.0
27.340369,-0.572558329078,0.107762150349,0.755869033231,0.190597112895,-0.775427288276,1.23293705826,3.04456836876,4.34083604813,-0.318301013486,0.0866699145155,-0.0521553467881,1.48450990748,0.34437868688,-0.0329805869395,0.0651941834851,100.0
27.350364,-0.572174833881,0.107762150349,0.757786509215,0.190597112895,-0.775043793079,1.23332055346,3.04456836876,4.34083604813,-0.31906800388,0.0874369049095,-0.0525388419851,1.48335942189,0.344762182077,-0.0325970917426,0.0648106882882,100.0
27.360394,-0.572941824275,0.108145645546,0.757019518821,0.191747598486,-0.774660297882,1.23293705826,3.04418487356,4.34083604813,-0.31906800388,0.0874369049095,-0.0521553467881,1.48374291708,0.34437868688,-0.0322135965456,0.0659611738791,100.0
27.370398,-0.572174833881,0.107762150349,0.757019518821,0.190980608092,-0.775043793079,1.23255356307,3.04456836876,4.34083604813,-0.318684508683,0.0866699145155,-0.0513883563942,1.48450990748,0.34437868688,-0.0322135965456,0.0651941834851,100.0
27.380389,-0.572174833881,0.107378655152,0.757019518821,0.191747598486,-0.775043793079,1.23293705826,3.04456836876,4.34083604813,-0.318301013486,0.0874369049095,-0.0510048611972,1.48412641228,0.344762182077,-0.0322135965456,0.0655776786821,100.0
27.390390,-0.572941824275,0.107762150349,0.757019518821,0.192131093683,-0.775427288276,1.23293705826,3.04495186395,4.34083604813,-0.318684508683,0.0870534097125,-0.0521553467881,1.48412641228,0.344762182077,-0.0325970917426,0.0651941834851,100.0
27.400386,-0.572941824275,0.107762150349,0.757019518821,0.191747598486,-0.775810783473,1.23217006787,3.04533535915,4.34083604813,-0.318684508683,0.0882038953034,-0.0525388419851,1.48412641228,0.34437868688,-0.0322135965456,0.0651941834851,100.0
27.410427,-0.572174833881,0.108145645546,0.757019518821,0.190597112895,-0.775427288276,1.23332055346,3.04495186395,4.34083604813,-0.318301013486,0.0866699145155,-0.0525388419851,1.48450990748,0.34437868688,-0.0314466061517,0.0651941834851,100.0
27.420464,-0.573325319472,0.107762150349,0.757019518821,0.192131093683,-0.775427288276,1.23332055346,3.04456836876,4.34083604813,-0.31906800388,0.0870534097125,-0.0521553467881,1.48412641228,0.345145677274,-0.0325970917426,0.0651941834851,100.0
27.430444,-0.571791338684,0.108529140743,0.756636023624,0.190213617698,-0.775810783473,1.23293705826,3.04495186395,4.34083604813,-0.318301013486,0.0870534097125,-0.0525388419851,1.48412641228,0.344762182077,-0.0322135965456,0.0651941834851,100.0
27.440453,-0.572941824275,0.107762150349,0.757019518821,0.190980608092,-0.77619427867,1.23370404866,3.04495186395,4.34083604813,-0.318301013486,0.0866699145155,-0.0517718515911,1.48450990748,0.344762182077,-0.0318301013486,0.0648106882882,100.0
27.450440,-0.572174833881,0.107762150349,0.756636023624,0.191364103289,-0.775810783473,1.23293705826,3.04456836876,4.34083604813,-0.318684508683,0.0870534097125,-0.0525388419851,1.48374291708,0.344762182077,-0.0322135965456,0.0651941834851,100.0
27.460472,-0.572558329078,0.108145645546,0.757019518821,0.192131093683,-0.77619427867,1.23293705826,3.04456836876,4.34083604813,-0.318301013486,0.0874369049095,-0.0513883563942,1.48374291708,0.344762182077,-0.0322135965456,0.0659611738791,100.0
27.470485,-0.572941824275,0.107762150349,0.757786509215,0.191364103289,-0.77619427867,1.23293705826,3.04495186395,4.34083604813,-0.31906800388,0.0874369049095,-0.0517718515911,1.48412641228,0.344762182077,-0.0322135965456,0.0659611738791,100.0
27.480462,-0.572174833881,0.107762150349,0.757019518821,0.191364103289,-0.77619427867,1.23332055346,3.04495186395,4.34083604813,-0.318301013486,0.0870534097125,-0.0521553467881,1.48412641228,0.344762182077,-0.0322135965456,0.0651941834851,100.0
27.490443,-0.572941824275,0.107762150349,0.757019518821,0.190597112895,-0.775427288276,1.23293705826,3.04418487356,4.34083604813,-0.317917518289,0.0870534097125,-0.0521553467881,1.48335942189,0.344762182077,-0.0322135965456,0.0651941834851,100.0
27.500436,-0.572941824275,0.107762150349,0.756636023624,0.192131093683,-0.775810783473,1.23332055346,3.04495186395,4.34083604813,-0.318684508683,0.0862864193186,-0.0521553467881,1.48374291708,0.34437868688,-0.0314466061517,0.0651941834851,100.0
27.510433,-0.572174833881,0.107762150349,0.757403014018,0.192131093683,-0.775810783473,1.23293705826,3.04495186395,4.34083604813,-0.31906800388,0.0874369049095,-0.0517718515911,1.48412641228,0.345145677274,-0.0318301013486,0.0651941834851,100.0
27.520442,-0.572941824275,0.107378655152,0.756636023624,0.191747598486,-0.775810783473,1.23370404866,3.04495186395,4.34083604813,-0.31906800388,0.0866699145155,-0.0513883563942,1.48412641228,0.344762182077,-0.0314466061517,0.0644271930912,100.0
27.530419,-0.572941824275,0.107762150349,0.756636023624,0.192131093683,-0.775427288276,1.23370404866,3.04533535915,4.34083604813,-0.319451499077,0.0882038953034,-0.0510048611972,1.48412641228,0.343995191683,-0.0333640821365,0.0648106882882,100.0
27.540418,-0.572558329078,0.107378655152,0.757019518821,0.191364103289,-0.775043793079,1.23293705826,3.04418487356,4.34083604813,-0.318684508683,0.0882038953034,-0.0513883563942,1.48335942189,0.344762182077,-0.0325970917426,0.0659611738791,100.0
27.550423,-0.572558329078,0.107762150349,0.757403014018,0.190980608092,-0.775427288276,1.23293705826,3.04456836876,4.34083604813,-0.31906800388,0.0866699145155,-0.0521553467881,1.48335942189,0.345145677274,-0.0322135965456,0.0648106882882,100.0
27.560456,-0.572558329078,0.106995159955,0.756252528428,0.192131093683,-0.775043793079,1.23332055346,3.04456836876,4.34083604813,-0.31906800388,0.0862864193186,-0.0521553467881,1.48374291708,0.345145677274,-0.0322135965456,0.0659611738791,100.0
27.570590,-0.573325319472,0.108145645546,0.757019518821,0.192131093683,-0.775427288276,1.23255356307,3.04456836876,4.34083604813,-0.318301013486,0.0866699145155,-0.0525388419851,1.48374291708,0.343611696486,-0.0333640821365,0.0659611738791,100.0
27.580489,-0.572558329078,0.107378655152,0.756636023624,0.191747598486,-0.77619427867,1.23293705826,3.04495186395,4.34083604813,-0.318301013486,0.0874369049095,-0.0521553467881,1.48412641228,0.344762182077,-0.0329805869395,0.0648106882882,100.0
27.590488,-0.572558329078,0.107378655152,0.756636023624,0.192131093683,-0.775810783473,1.23293705826,3.04495186395,4.34083604813,-0.317917518289,0.0874369049095,-0.0517718515911,1.48335942189,0.34437868688,-0.0329805869395,0.0651941834851,100.0
27.600482,-0.572941824275,0.107378655152,0.756636023624,0.190980608092,-0.77619427867,1.23293705826,3.04456836876,4.34083604813,-0.318684508683,0.0866699145155,-0.0525388419851,1.48374291708,0.345145677274,-0.0325970917426,0.0655776786821,100.0
27.610529,-0.572174833881,0.107378655152,0.756636023624,0.191747598486,-0.775810783473,1.23217006787,3.04533535915,4.34083604813,-0.318684508683,0.0866699145155,-0.0517718515911,1.48450990748,0.345145677274,-0.0329805869395,0.0651941834851,100.0
27.620715,-0.572558329078,0.108145645546,0.756636023624,0.191364103289,-0.775427288276,1.23332055346,3.04418487356,4.34083604813,-0.317917518289,0.0866699145155,-0.0517718515911,1.48374291708,0.344762182077,-0.0325970917426,0.0648106882882,100.0
27.630905,-0.572174833881,0.107378655152,0.756636023624,0.191747598486,-0.775427288276,1.23255356307,3.04495186395,4.34083604813,-0.317917518289,0.0859029241216,-0.0510048611972,1.48489340267,0.344762182077,-0.0325970917426,0.0655776786821,100.0
27.640493,-0.572941824275,0.108145645546,0.756636023624,0.191364103289,-0.775810783473,1.23255356307,3.04495186395,4.34083604813,-0.318301013486,0.0866699145155,-0.0513883563942,1.48297592669,0.34437868688,-0.0329805869395,0.0644271930912,100.0
27.650508,-0.572558329078,0.107762150349,0.756636023624,0.191747598486,-0.77619427867,1.23332055346,3.04495186395,4.34083604813,-0.318684508683,0.0866699145155,-0.0510048611972,1.48412641228,0.345145677274,-0.0325970917426,0.0651941834851,100.0
27.660475,-0.573325319472,0.108529140743,0.756636023624,0.191747598486,-0.775043793079,1.23255356307,3.04495186395,4.34083604813,-0.318684508683,0.0870534097125,-0.0517718515911,1.48374291708,0.34437868688,-0.0325970917426,0.0648106882882,100.0
27.670525,-0.572558329078,0.107378655152,0.757403014018,0.192131093683,-0.775810783473,1.23293705826,3.04495186395,4.34083604813,-0.31906800388,0.0870534097125,-0.0517718515911,1.48527689787,0.345529172471,-0.0329805869395,0.0659611738791,100.0
27.680511,-0.572941824275,0.107378655152,0.756252528428,0.190213617698,-0.775810783473,1.23255356307,3.04418487356,4.34083604813,-0.318301013486,0.0862864193186,-0.0525388419851,1.48374291708,0.344762182077,-0.0333640821365,0.0651941834851,100.0
27.690467,-0.572558329078,0.108145645546,0.757019518821,0.190213617698,-0.775427288276,1.23370404866,3.04456836876,4.34083604813,-0.31906800388,0.0874369049095,-0.0517718515911,1.48412641228,0.345145677274,-0.0322135965456,0.0651941834851,100.0
27.700493,-0.572941824275,0.108145645546,0.756636023624,0.190980608092,-0.77619427867,1.23332055346,3.04495186395,4.34083604813,-0.31906800388,0.0866699145155,-0.0513883563942,1.48412641228,0.345145677274,-0.0329805869395,0.0655776786821,100.0
27.710511,-0.571791338684,0.108529140743,0.756252528428,0.191747598486,-0.775427288276,1.23332055346,3.04418487356,4.34083604813,-0.31906800388,0.0878204001064,-0.0513883563942,1.48412641228,0.344762182077,-0.0329805869395,0.0655776786821,100.0
27.720503,-0.571791338684,0.107762150349,0.756252528428,0.19251458888,-0.775810783473,1.23255356307,3.04418487356,4.34083604813,-0.317534023092,0.0874369049095,-0.0513883563942,1.48412641228,0.344762182077,-0.0322135965456,0.0651941834851,100.0
27.730474,-0.572558329078,0.108529140743,0.756636023624,0.191364103289,-0.775427288276,1.23293705826,3.04456836876,4.34083604813,-0.318684508683,0.0870534097125,-0.0521553467881,1.48297592669,0.345145677274,-0.0322135965456,0.0655776786821,100.0
27.740731,-0.573325319472,0.107762150349,0.757403014018,0.192131093683,-0.77619427867,1.23370404866,3.04456836876,4.34083604813,-0.318684508683,0.0870534097125,-0.0521553467881,1.48297592669,0.345145677274,-0.0325970917426,0.0648106882882,100.0
27.750447,-0.572174833881,0.107378655152,0.757019518821,0.191747598486,-0.775427288276,1.23332055346,3.04456836876,4.34083604813,-0.318301013486,0.0874369049095,-0.0525388419851,1.48450990748,0.344762182077,-0.0322135965456,0.0655776786821,100.0
27.760431,-0.572174833881,0.107378655152,0.756252528428,0.192131093683,-0.775810783473,1.23293705826,3.04456836876,4.34083604813,-0.319451499077,0.0862864193186,-0.0525388419851,1.48412641228,0.345145677274,-0.0329805869395,0.0659611738791,100.0
27.770475,-0.572174833881,0.108145645546,0.757019518821,0.191747598486,-0.775427288276,1.23332055346,3.04495186395,4.34083604813,-0.318301013486,0.0862864193186,-0.0525388419851,1.48450990748,0.344762182077,-0.0329805869395,0.0659611738791,100.0
27.780438,-0.571791338684,0.107378655152,0.757019518821,0.191747598486,-0.775427288276,1.23408754385,3.04495186395,4.34083604813,-0.317917518289,0.0866699145155,-0.0517718515911,1.48450990748,0.34437868688,-0.0322135965456,0.0640436978942,100.0
27.790503,-0.571407843487,0.107762150349,0.757019518821,0.190597112895,-0.775427288276,1.23370404866,3.04456836876,4.34083604813,-0.318301013486,0.0870534097125,-0.0521553467881,1.48374291708,0.345529172471,-0.0329805869395,0.0651941834851,100.0
27.800427,-0.572558329078,0.108145645546,0.757019518821,0.191364103289,-0.775043793079,1.23255356307,3.04571885435,4.34083604813,-0.318301013486,0.0866699145155,-0.0517718515911,1.48412641228,0.34437868688,-0.0322135965456,0.0648106882882,100.0
27.810423,-0.571791338684,0.108145645546,0.756636023624,0.191747598486,-0.775043793079,1.23332055346,3.04418487356,4.34083604813,-0.318684508683,0.0874369049095,-0.0513883563942,1.48374291708,0.344762182077,-0.0341310725305,0.0648106882882,100.0
27.820429,-0.571407843487,0.107378655152,0.757019518821,0.192131093683,-0.775427288276,1.23255356307,3.04456836876,4.34083604813,-0.318684508683,0.0874369049095,-0.0521553467881,1.48374291708,0.344762182077,-0.0325970917426,0.0648106882882,100.0
27.830401,-0.572558329078,0.107762150349,0.757019518821,0.192131093683,-0.775043793079,1.23408754385,3.04456836876,4.34083604813,-0.317917518289,0.0866699145155,-0.0517718515911,1.48412641228,0.343995191683,-0.0329805869395,0.0651941834851,100.0
27.840474,-0.572174833881,0.107378655152,0.756636023624,0.190597112895,-0.775043793079,1.23217006787,3.04495186395,4.34083604813,-0.318684508683,0.0874369049095,-0.0525388419851,1.48450990748,0.345145677274,-0.0329805869395,0.0659611738791,100.0
27.850399,-0.572558329078,0.108145645546,0.757019518821,0.192131093683,-0.775427288276,1.23293705826,3.04456836876,4.34083604813,-0.31906800388,0.0870534097125,-0.0521553467881,1.48450990748,0.34437868688,-0.0318301013486,0.0644271930912,100.0
27.860394,-0.572941824275,0.107378655152,0.757786509215,0.191747598486,-0.775427288276,1.23332055346,3.04495186395,4.34083604813,-0.318684508683,0.0878204001064,-0.0521553467881,1.48412641228,0.34437868688,-0.0322135965456,0.0655776786821,100.0
27.870395,-0.572941824275,0.108145645546,0.757403014018,0.190980608092,-0.775427288276,1.23255356307,3.04456836876,4.34083604813,-0.318301013486,0.0870534097125,-0.0517718515911,1.48374291708,0.344762182077,-0.0322135965456,0.0648106882882,100.0
27.880372,-0.572558329078,0.108529140743,0.756636023624,0.191747598486,-0.775427288276,1.23332055346,3.04495186395,4.34083604813,-0.318301013486,0.0866699145155,-0.0521553467881,1.48450990748,0.34437868688,-0.0333640821365,0.0651941834851,100.0
27.890370,-0.572174833881,0.107762150349,0.756636023624,0.190597112895,-0.775810783473,1.23255356307,3.04418487356,4.34083604813,-0.318684508683,0.0866699145155,-0.0521553467881,1.48297592669,0.343995191683,-0.0329805869395,0.0648106882882,100.0
27.900372,-0.572174833881,0.107378655152,0.757019518821,0.192131093683,-0.775043793079,1.23293705826,3.04495186395,4.34083604813,-0.318301013486,0.0870534097125,-0.0525388419851,1.48374291708,0.344762182077,-0.0325970917426,0.0644271930912,100.0
27.910365,-0.572558329078,0.107762150349,0.757019518821,0.191747598486,-0.775427288276,1.23255356307,3.04456836876,4.34083604813,-0.318684508683,0.0866699145155,-0.0510048611972,1.48374291708,0.345145677274,-0.0329805869395,0.0651941834851,100.0
27.920370,-0.571407843487,0.108145645546,0.757403014018,0.192131093683,-0.775427288276,1.23255356307,3.04533535915,4.34083604813,-0.318301013486,0.0866699145155,-0.0521553467881,1.48412641228,0.344762182077,-0.0333640821365,0.0659611738791,100.0
27.930366,-0.572941824275,0.106995159955,0.756636023624,0.192131093683,-0.775043793079,1.23332055346,3.04533535915,4.34083604813,-0.317534023092,0.0874369049095,-0.0525388419851,1.48489340267,0.345145677274,-0.0329805869395,0.0648106882882,100.0
27.940366,-0.572941824275,0.107378655152,0.757019518821,0.192131093683,-0.775810783473,1.23370404866,3.04418487356,4.34083604813,-0.318301013486,0.0870534097125,-0.0525388419851,1.48412641228,0.344762182077,-0.0329805869395,0.0648106882882,100.0
27.950365,-0.572174833881,0.108145645546,0.757019518821,0.192131093683,-0.775810783473,1.23293705826,3.04533535915,4.34083604813,-0.317917518289,0.0862864193186,-0.0517718515911,1.48374291708,0.345145677274,-0.0322135965456,0.0659611738791,100.0
27.960367,-0.572558329078,0.106995159955,0.757403014018,0.192131093683,-0.775043793079,1.23255356307,3.04456836876,4.34083604813,-0.318684508683,0.0866699145155,-0.0525388419851,1.48489340267,0.34437868688,-0.0329805869395,0.0655776786821,100.0
27.970368,-0.572558329078,0.107378655152,0.756636023624,0.192131093683,-0.775810783473,1.23217006787,3.04495186395,4.34083604813,-0.317917518289,0.0866699145155,-0.0521553467881,1.48374291708,0.345145677274,-0.0329805869395,0.0655776786821,100.0
27.980368,-0.572941824275,0.107762150349,0.756636023624,0.191747598486,-0.775427288276,1.23293705826,3.04456836876,4.34083604813,-0.31906800388,0.0866699145155,-0.0517718515911,1.48412641228,0.344762182077,-0.0322135965456,0.0651941834851,100.0
27.990366,-0.572174833881,0.107762150349,0.756636023624,0.190980608092,-0.775427288276,1.23293705826,3.04533535915,4.34083604813,-0.318301013486,0.0878204001064,-0.0521553467881,1.48450990748,0.344762182077,-0.0325970917426,0.066344669076,100.0
28.000368,-0.572941824275,0.107762150349,0.757019518821,0.191364103289,-0.775810783473,1.23293705826,3.04456836876,4.34083604813,-0.318301013486,0.0874369049095,-0.0513883563942,1.48412641228,0.34437868688,-0.0329805869395,0.0648106882882,100.0
28.010374,-0.572174833881,0.107378655152,0.757019518821,0.191364103289,-0.775427288276,1.23255356307,3.04495186395,4.34083604813,-0.318301013486,0.0878204001064,-0.0521553467881,1.48374291708,0.345145677274,-0.0325970917426,0.0655776786821,100.0
28.020366,-0.572174833881,0.107762150349,0.757019518821,0.19251458888,-0.775427288276,1.23255356307,3.04418487356,4.34083604813,-0.318301013486,0.0870534097125,-0.0521553467881,1.48335942189,0.34437868688,-0.0322135965456,0.0659611738791,100.0
28.030369,-0.572558329078,0.108145645546,0.757019518821,0.19251458888,-0.775810783473,1.23293705826,3.04456836876,4.34083604813,-0.318684508683,0.0866699145155,-0.0521553467881,1.48450990748,0.34437868688,-0.0329805869395,0.0655776786821,100.0
28.040366,-0.572941824275,0.106995159955,0.756636023624,0.192898084077,-0.775043793079,1.23255356307,3.04456836876,4.34083604813,-0.318684508683,0.0870534097125,-0.0525388419851,1.48450990748,0.344762182077,-0.0329805869395,0.0648106882882,100.0
28.050365,-0.572941824275,0.108145645546,0.757019518821,0.190980608092,-0.77619427867,1.23293705826,3.04495186395,4.34083604813,-0.318301013486,0.0878204001064,-0.052922337182,1.48374291708,0.345145677274,-0.0318301013486,0.0644271930912,100.0
28.060364,-0.571791338684,0.107762150349,0.757019518821,0.19251458888,-0.77619427867,1.23293705826,3.04456836876,4.34083604813,-0.318301013486,0.0866699145155,-0.0513883563942,1.48450990748,0.344762182077,-0.0325970917426,0.0655776786821,100.0
28.070366,-0.572558329078,0.107762150349,0.757019518821,0.192131093683,-0.775810783473,1.23255356307,3.04495186395,4.34083604813,-0.317917518289,0.0866699145155,-0.0513883563942,1.48374291708,0.345145677274,-0.0329805869395,0.0651941834851,100.0
28.080366,-0.572174833881,0.107378655152,0.756636023624,0.192131093683,-0.77619427867,1.23332055346,3.04456836876,4.34083604813,-0.318301013486,0.0870534097125,-0.0513883563942,1.48450990748,0.343995191683,-0.0322135965456,0.0644271930912,100.0
28.090367,-0.572558329078,0.107378655152,0.757019518821,0.191747598486,-0.775427288276,1.23217006787,3.04495186395,4.34083604813,-0.318684508683,0.0870534097125,-0.0513883563942,1.48412641228,0.34437868688,-0.0322135965456,0.0651941834851,100.0
28.100365,-0.572174833881,0.108145645546,0.756252528428,0.191364103289,-0.775810783473,1.23293705826,3.04456836876,4.34083604813,-0.317917518289,0.0878204001064,-0.0521553467881,1.48489340267,0.345145677274,-0.0325970917426,0.0655776786821,100.0
28.110369,-0.572174833881,0.107378655152,0.756636023624,0.192898084077,-0.775427288276,1.23255356307,3.04495186395,4.34083604813,-0.317917518289,0.0870534097125,-0.0521553467881,1.48412641228,0.344762182077,-0.0325970917426,0.0644271930912,100.0
28.120367,-0.572174833881,0.108145645546,0.756636023624,0.192131093683,-0.775810783473,1.23408754385,3.04495186395,4.34083604813,-0.318684508683,0.0874369049095,-0.0517718515911,1.48450990748,0.344762182077,-0.0322135965456,0.0644271930912,100.0
28.130364,-0.572174833881,0.106995159955,0.757019518821,0.192898084077,-0.77619427867,1.23293705826,3.04418487356,4.34083604813,-0.318301013486,0.0870534097125,-0.0521553467881,1.48412641228,0.344762182077,-0.0325970917426,0.0648106882882,100.0
28.140366,-0.572174833881,0.107762150349,0.757019518821,0.192131093683,-0.775427288276,1.23370404866,3.04456836876,4.34083604813,-0.318301013486,0.0866699145155,-0.0517718515911,1.48450990748,0.343995191683,-0.0329805869395,0.0655776786821,100.0
28.150382,-0.572558329078,0.107762150349,0.757019518821,0.191747598486,-0.774660297882,1.23293705826,3.04495186395,4.34083604813,-0.318301013486,0.0870534097125,-0.0517718515911,1.48374291708,0.34437868688,-0.0329805869395,0.066344669076,100.0
28.160373,-0.572558329078,0.108145645546,0.757403014018,0.192131093683,-0.775427288276,1.23370404866,3.04456836876,4.34083604813,-0.317917518289,0.0866699145155,-0.0517718515911,1.48412641228,0.344762182077,-0.0325970917426,0.0655776786821,100.0
28.170370,-0.571791338684,0.108145645546,0.757019518821,0.19251458888,-0.775810783473,1.23293705826,3.04495186395,4.34083604813,-0.317534023092,0.0874369049095,-0.0525388419851,1.48450990748,0.34437868688,-0.0325970917426,0.0651941834851,100.0
28.180367,-0.571407843487,0.107762150349,0.757403014018,0.192898084077,-0.776577773867,1.23255356307,3.04495186395,4.34083604813,-0.317917518289,0.0870534097125,-0.0517718515911,1.48412641228,0.344762182077,-0.0329805869395,0.0648106882882,100.0
28.190375,-0.572558329078,0.107378655152,0.757019518821,0.192131093683,-0.775427288276,1.23332055346,3.04571885435,4.34083604813,-0.318301013486,0.0870534097125,-0.0517718515911,1.48489340267,0.345529172471,-0.0325970917426,0.0655776786821,100.0
28.200372,-0.572558329078,0.107762150349,0.757019518821,0.19251458888,-0.775810783473,1.23332055346,3.04571885435,4.34083604813,-0.318301013486,0.0878204001064,-0.0521553467881,1.48450990748,0.345529172471,-0.0329805869395,0.0659611738791,100.0
28.210372,-0.572174833881,0.107762150349,0.757019518821,0.192131093683,-0.775810783473,1.23332055346,3.04495186395,4.34083604813,-0.317917518289,0.0866699145155,-0.0521553467881,1.48450990748,0.344762182077,-0.0318301013486,0.0648106882882,100.0
28.220366,-0.571791338684,0.107762150349,0.756636023624,0.190980608092,-0.775810783473,1.23217006787,3.04456836876,4.34083604813,-0.318684508683,0.0862864193186,-0.0525388419851,1.48297592669,0.34437868688,-0.0325970917426,0.0655776786821,100.0
28.230365,-0.572174833881,0.108529140743,0.757019518821,0.192131093683,-0.775427288276,1.23293705826,3.04418487356,4.34083604813,-0.318684508683,0.0862864193186,-0.0517718515911,1.48450990748,0.34437868688,-0.0329805869395,0.0655776786821,100.0
28.240366,-0.572174833881,0.108145645546,0.757019518821,0.192131093683,-0.775427288276,1.23332055346,3.04456836876,4.34083604813,-0.318684508683,0.0866699145155,-0.0513883563942,1.48374291708,0.344762182077,-0.0325970917426,0.0659611738791,100.0
28.250364,-0.571407843487,0.107762150349,0.756636023624,0.192131093683,-0.775427288276,1.23255356307,3.04495186395,4.34083604813,-0.319451499077,0.0862864193186,-0.0517718515911,1.48412641228,0.344762182077,-0.0325970917426,0.0655776786821,100.0
28.260391,-0.57102434829,0.107378655152,0.757019518821,0.190980608092,-0.774660297882,1.23293705826,3.04456836876,4.34083604813,-0.318684508683,0.0866699145155,-0.052922337182,1.48450990748,0.34437868688,-0.0325970917426,0.0651941834851,100.0
28.270372,-0.571407843487,0.107762150349,0.757019518821,0.190980608092,-0.775427288276,1.23332055346,3.04418487356,4.34083604813,-0.318301013486,0.0874369049095,-0.0510048611972,1.48412641228,0.344762182077,-0.0333640821365,0.0651941834851,100.0
28.280368,-0.571791338684,0.108145645546,0.757786509215,0.190980608092,-0.775810783473,1.23293705826,3.04495186395,4.34083604813,-0.317917518289,0.0870534097125,-0.0517718515911,1.48450990748,0.344762182077,-0.0325970917426,0.0651941834851,100.0
28.290365,-0.57102434829,0.108145645546,0.757019518821,0.192131093683,-0.775427288276,1.23293705826,3.04456836876,4.34083604813,-0.317917518289,0.0866699145155,-0.0517718515911,1.48489340267,0.345145677274,-0.0314466061517,0.0659611738791,100.0
28.300364,-0.571791338684,0.108145645546,0.757403014018,0.192131093683,-0.775810783473,1.23255356307,3.04495186395,4.34083604813,-0.318301013486,0.0874369049095,-0.052922337182,1.48335942189,0.34437868688,-0.0325970917426,0.0644271930912,100.0
28.310368,-0.571407843487,0.107762150349,0.757019518821,0.192131093683,-0.775043793079,1.23255356307,3.04495186395,4.34083604813,-0.318684508683,0.0874369049095,-0.0510048611972,1.48412641228,0.345145677274,-0.0329805869395,0.0651941834851,100.0
28.320367,-0.571407843487,0.108145645546,0.757019518821,0.19251458888,-0.775427288276,1.23332055346,3.04456836876,4.34083604813,-0.318301013486,0.0874369049095,-0.0513883563942,1.48374291708,0.344762182077,-0.0325970917426,0.0648106882882,100.0
28.330367,-0.571407843487,0.107762150349,0.756636023624,0.192131093683,-0.775427288276,1.23293705826,3.04495186395,4.34083604813,-0.318301013486,0.0874369049095,-0.0513883563942,1.48450990748,0.345145677274,-0.0337475773335,0.0655776786821,100.0
28.340365,-0.571407843487,0.107378655152,0.757403014018,0.193281579274,-0.775810783473,1.23332055346,3.04495186395,4.34083604813,-0.318684508683,0.0870534097125,-0.0513883563942,1.48374291708,0.344762182077,-0.0322135965456,0.0655776786821,100.0
28.350364,-0.57102434829,0.107378655152,0.757019518821,0.19251458888,-0.775427288276,1.23408754385,3.04456836876,4.34083604813,-0.318684508683,0.0878204001064,-0.0517718515911,1.48450990748,0.345145677274,-0.0329805869395,0.0648106882882,100.0
28.360365,-0.571407843487,0.106611664758,0.757786509215,0.19251458888,-0.775427288276,1.23217006787,3.04495186395,4.34083604813,-0.318684508683,0.0878204001064,-0.0517718515911,1.48489340267,0.34437868688,-0.0325970917426,0.0651941834851,100.0
28.370367,-0.571407843487,0.108145645546,0.757019518821,0.19251458888,-0.775810783473,1.23217006787,3.04495186395,4.34083604813,-0.318301013486,0.0878204001064,-0.0517718515911,1.48412641228,0.344762182077,-0.0325970917426,0.0651941834851,100.0
28.380364,-0.57102434829,0.107762150349,0.757019518821,0.193281579274,-0.775810783473,1.23332055346,3.04456836876,4.34083604813,-0.318301013486,0.0878204001064,-0.0521553467881,1.48412641228,0.344762182077,-0.0333640821365,0.0655776786821,100.0
28.390363,-0.570640853093,0.107762150349,0.757786509215,0.19251458888,-0.77619427867,1.23255356307,3.04418487356,4.34083604813,-0.318301013486,0.0874369049095,-0.0517718515911,1.48450990748,0.344762182077,-0.0325970917426,0.0648106882882,100.0
28.400363,-0.570640853093,0.107762150349,0.757403014018,0.191747598486,-0.775810783473,1.23255356307,3.04456836876,4.34083604813,-0.317917518289,0.0870534097125,-0.0513883563942,1.48412641228,0.345145677274,-0.0322135965456,0.0651941834851,100.0
28.410364,-0.570257357896,0.107378655152,0.756636023624,0.19251458888,-0.775427288276,1.23332055346,3.04533535915,4.34083604813,-0.318301013486,0.0870534097125,-0.0525388419851,1.48335942189,0.34437868688,-0.0329805869395,0.0651941834851,100.0
28.420372,-0.571407843487,0.106995159955,0.757019518821,0.191747598486,-0.775427288276,1.23370404866,3.04533535915,4.34083604813,-0.318684508683,0.0870534097125,-0.0517718515911,1.48374291708,0.34437868688,-0.0337475773335,0.0648106882882,100.0
28.430368,-0.571407843487,0.106995159955,0.757019518821,0.19251458888,-0.775810783473,1.23255356307,3.04456836876,4.34083604813,-0.318684508683,0.0862864193186,-0.0517718515911,1.48412641228,0.345912667668,-0.0322135965456,0.0659611738791,100.0
28.440370,-0.570257357896,0.106995159955,0.757019518821,0.192898084077,-0.775427288276,1.23255356307,3.04418487356,4.34083604813,-0.317917518289,0.0862864193186,-0.0521553467881,1.48489340267,0.344762182077,-0.0322135965456,0.0648106882882,100.0
28.450366,-0.570640853093,0.106611664758,0.757019518821,0.192898084077,-0.775810783473,1.23255356307,3.04495186395,4.34083604813,-0.317917518289,0.0870534097125,-0.052922337182,1.48527689787,0.34437868688,-0.0322135965456,0.0655776786821,100.0
28.460362,-0.57102434829,0.107762150349,0.757019518821,0.192898084077,-0.775427288276,1.23293705826,3.04495186395,4.34083604813,-0.318301013486,0.0870534097125,-0.0517718515911,1.48527689787,0.344762182077,-0.0329805869395,0.0651941834851,100.0
28.470365,-0.570257357896,0.107762150349,0.757019518821,0.193281579274,-0.775810783473,1.23293705826,3.04495186395,4.34083604813,-0.317917518289,0.0874369049095,-0.0517718515911,1.48412641228,0.343995191683,-0.0322135965456,0.0651941834851,100.0
28.480367,-0.57102434829,0.107762150349,0.756636023624,0.192898084077,-0.77619427867,1.23293705826,3.04456836876,4.34083604813,-0.31906800388,0.0874369049095,-0.0517718515911,1.48374291708,0.344762182077,-0.0325970917426,0.0644271930912,100.0
28.490369,-0.570640853093,0.107762150349,0.756636023624,0.191364103289,-0.775427288276,1.23293705826,3.04495186395,4.34083604813,-0.318301013486,0.0874369049095,-0.0525388419851,1.48412641228,0.344762182077,-0.0322135965456,0.0651941834851,100.0
28.500366,-0.570640853093,0.107762150349,0.757403014018,0.192131093683,-0.77619427867,1.23293705826,3.04456836876,4.34083604813,-0.318301013486,0.0870534097125,-0.052922337182,1.48412641228,0.344762182077,-0.0333640821365,0.0651941834851,100.0
28.510369,-0.570640853093,0.107762150349,0.756252528428,0.192131093683,-0.77619427867,1.23217006787,3.04495186395,4.34083604813,-0.317917518289,0.0874369049095,-0.0521553467881,1.48374291708,0.344762182077,-0.0325970917426,0.0659611738791,100.0
28.520483,-0.570257357896,0.106995159955,0.757019518821,0.191364103289,-0.775427288276,1.23293705826,3.04456836876,4.34083604813,-0.318684508683,0.0878204001064,-0.0517718515911,1.48374291708,0.344762182077,-0.0329805869395,0.0651941834851,100.0
28.530368,-0.570257357896,0.107378655152,0.757403014018,0.191747598486,-0.775427288276,1.23217006787,3.04495186395,4.34083604813,-0.318301013486,0.0870534097125,-0.0517718515911,1.48412641228,0.34437868688,-0.0329805869395,0.0644271930912,100.0
28.540370,-0.570257357896,0.107762150349,0.757019518821,0.192898084077,-0.775427288276,1.23217006787,3.04495186395,4.34083604813,-0.318684508683,0.0882038953034,-0.0521553467881,1.48450990748,0.34437868688,-0.0329805869395,0.0655776786821,100.0
28.550366,-0.57102434829,0.107762150349,0.757019518821,0.19251458888,-0.775810783473,1.23217006787,3.04456836876,4.34083604813,-0.318301013486,0.0874369049095,-0.0513883563942,1.48450990748,0.344762182077,-0.0322135965456,0.0651941834851,100.0
28.560384,-0.570257357896,0.107378655152,0.758170004412,0.192898084077,-0.775810783473,1.23255356307,3.04456836876,4.34083604813,-0.318301013486,0.0882038953034,-0.0513883563942,1.48412641228,0.344762182077,-0.0325970917426,0.0659611738791,100.0
28.570372,-0.57102434829,0.107762150349,0.757403014018,0.192131093683,-0.775427288276,1.23332055346,3.04495186395,4.34083604813,-0.317917518289,0.0878204001064,-0.0517718515911,1.48450990748,0.344762182077,-0.0325970917426,0.0651941834851,100.0
28.580387,-0.571407843487,0.107762150349,0.757019518821,0.192131093683,-0.775427288276,1.23332055346,3.04533535915,4.34083604813,-0.318301013486,0.0870534097125,-0.0517718515911,1.48412641228,0.344762182077,-0.0318301013486,0.0655776786821,100.0
28.590375,-0.570257357896,0.106995159955,0.757786509215,0.192898084077,-0.77619427867,1.23255356307,3.04533535915,4.34083604813,-0.318684508683,0.0870534097125,-0.0513883563942,1.48374291708,0.344762182077,-0.0314466061517,0.0648106882882,100.0
28.600400,-0.570640853093,0.108145645546,0.757019518821,0.19251458888,-0.775810783473,1.23293705826,3.04495186395,4.34083604813,-0.318301013486,0.0870534097125,-0.0521553467881,1.48412641228,0.34437868688,-0.0337475773335,0.0655776786821,100.0
28.610383,-0.570640853093,0.107762150349,0.757019518821,0.191364103289,-0.775427288276,1.23255356307,3.04495186395,4.34083604813,-0.317534023092,0.0874369049095,-0.0521553467881,1.48489340267,0.34437868688,-0.0322135965456,0.0651941834851,100.0
28.620380,-0.570640853093,0.107378655152,0.757403014018,0.192131093683,-0.775810783473,1.23255356307,3.04418487356,4.34083604813,-0.318301013486,0.0866699145155,-0.0521553467881,1.48374291708,0.344762182077,-0.0329805869395,0.0644271930912,100.0
28.630388,-0.570257357896,0.107378655152,0.757403014018,0.19251458888,-0.77619427867,1.23332055346,3.04495186395,4.34083604813,-0.318301013486,0.0866699145155,-0.0521553467881,1.48450990748,0.34437868688,-0.0322135965456,0.0655776786821,100.0
28.640375,-0.57102434829,0.107762150349,0.757019518821,0.19251458888,-0.775810783473,1.23217006787,3.04495186395,4.34083604813,-0.317917518289,0.0870534097125,-0.0517718515911,1.48450990748,0.344762182077,-0.0325970917426,0.0648106882882,100.0
28.650384,-0.57102434829,0.107762150349,0.757019518821,0.192898084077,-0.775810783473,1.23408754385,3.04533535915,4.34083604813,-0.318684508683,0.0855194289246,-0.0521553467881,1.48412641228,0.345145677274,-0.0329805869395,0.0655776786821,100.0
28.660382,-0.570640853093,0.108145645546,0.756636023624,0.193281579274,-0.776577773867,1.23293705826,3.04533535915,4.34083604813,-0.317917518289,0.0862864193186,-0.0513883563942,1.48450990748,0.343995191683,-0.0333640821365,0.0648106882882,100.0
28.670371,-0.57102434829,0.107762150349,0.756252528428,0.19251458888,-0.775810783473,1.23293705826,3.04495186395,4.34083604813,-0.318301013486,0.0870534097125,-0.0510048611972,1.48335942189,0.345145677274,-0.0329805869395,0.0644271930912,100.0
28.680386,-0.569873862699,0.107762150349,0.756636023624,0.192131093683,-0.775427288276,1.23217006787,3.04456836876,4.34083604813,-0.317917518289,0.0870534097125,-0.0513883563942,1.48450990748,0.345529172471,-0.0322135965456,0.0651941834851,100.0
28.690394,-0.570257357896,0.107378655152,0.757019518821,0.192131093683,-0.775810783473,1.23332055346,3.04456836876,4.34083604813,-0.318684508683,0.0878204001064,-0.052922337182,1.48412641228,0.344762182077,-0.0322135965456,0.0648106882882,100.0
28.700394,-0.570257357896,0.107762150349,0.757019518821,0.19251458888,-0.776577773867,1.23293705826,3.04456836876,4.34083604813,-0.318301013486,0.0882038953034,-0.0517718515911,1.48450990748,0.344762182077,-0.0329805869395,0.0655776786821,100.0
28.710374,-0.570257357896,0.107762150349,0.756636023624,0.192898084077,-0.775810783473,1.23217006787,3.04495186395,4.34083604813,-0.318301013486,0.0874369049095,-0.0513883563942,1.48374291708,0.344762182077,-0.0333640821365,0.0640436978942,100.0
28.720392,-0.570257357896,0.107762150349,0.757403014018,0.19251458888,-0.775427288276,1.23255356307,3.04495186395,4.34083604813,-0.318301013486,0.0874369049095,-0.0521553467881,1.48450990748,0.345145677274,-0.0322135965456,0.0655776786821,100.0
28.730376,-0.57102434829,0.107762150349,0.757019518821,0.192131093683,-0.775427288276,1.23370404866,3.04495186395,4.34083604813,-0.318684508683,0.0862864193186,-0.0521553467881,1.48374291708,0.343995191683,-0.0325970917426,0.0651941834851,100.0
28.740371,-0.570257357896,0.107762150349,0.757403014018,0.192131093683,-0.775810783473,1.23332055346,3.04495186395,4.34083604813,-0.318684508683,0.0866699145155,-0.0513883563942,1.48412641228,0.34437868688,-0.0329805869395,0.0655776786821,100.0
28.750366,-0.570257357896,0.107378655152,0.756636023624,0.191364103289,-0.775427288276,1.23293705826,3.04495186395,4.34083604813,-0.31906800388,0.0870534097125,-0.0517718515911,1.48450990748,0.344762182077,-0.0322135965456,0.0651941834851,100.0
28.760367,-0.570257357896,0.107378655152,0.756636023624,0.191364103289,-0.775427288276,1.23293705826,3.04533535915,4.34083604813,-0.31906800388,0.0870534097125,-0.0517718515911,1.48335942189,0.345145677274,-0.0325970917426,0.0655776786821,100.0
28.770366,-0.569873862699,0.107762150349,0.757019518821,0.192131093683,-0.776577773867,1.23293705826,3.04495186395,4.34083604813,-0.317534023092,0.0866699145155,-0.0525388419851,1.48412641228,0.34437868688,-0.0325970917426,0.0655776786821,100.0
28.780369,-0.571407843487,0.107378655152,0.756252528428,0.192898084077,-0.775810783473,1.23255356307,3.04533535915,4.34083604813,-0.318684508683,0.0866699145155,-0.0521553467881,1.48489340267,0.34437868688,-0.0322135965456,0.0659611738791,100.0
28.790367,-0.570257357896,0.107762150349,0.756252528428,0.191364103289,-0.77619427867,1.23255356307,3.04533535915,4.34083604813,-0.318301013486,0.0878204001064,-0.0521553467881,1.48374291708,0.345145677274,-0.0322135965456,0.0648106882882,100.0
28.800369,-0.569873862699,0.107378655152,0.757019518821,0.190980608092,-0.77619427867,1.23293705826,3.04533535915,4.34083604813,-0.318301013486,0.0878204001064,-0.0525388419851,1.48412641228,0.343995191683,-0.0318301013486,0.0655776786821,100.0
28.810368,-0.570257357896,0.107762150349,0.757019518821,0.191747598486,-0.77619427867,1.23293705826,3.04495186395,4.34083604813,-0.317917518289,0.0866699145155,-0.0513883563942,1.48374291708,0.345145677274,-0.0322135965456,0.0651941834851,100.0
28.820368,-0.570257357896,0.108145645546,0.757786509215,0.192131093683,-0.77619427867,1.23293705826,3.04495186395,4.34083604813,-0.318301013486,0.0870534097125,-0.0521553467881,1.48412641228,0.344762182077,-0.0333640821365,0.0659611738791,100.0
28.830367,-0.570640853093,0.107378655152,0.757403014018,0.192898084077,-0.77619427867,1.23332055346,3.04418487356,4.34083604813,-0.318684508683,0.0870534097125,-0.0517718515911,1.48412641228,0.34437868688,-0.0325970917426,0.0648106882882,100.0
28.840368,-0.570640853093,0.107762150349,0.757019518821,0.191747598486,-0.77619427867,1.23217006787,3.04456836876,4.34083604813,-0.317917518289,0.0862864193186,-0.0525388419851,1.48489340267,0.344762182077,-0.0325970917426,0.0651941834851,100.0
28.850362,-0.570640853093,0.107762150349,0.757019518821,0.192898084077,-0.775043793079,1.23370404866,3.04495186395,4.34083604813,-0.318684508683,0.0870534097125,-0.0517718515911,1.48489340267,0.344762182077,-0.0318301013486,0.0655776786821,100.0
28.860368,-0.570257357896,0.107762150349,0.757019518821,0.191747598486,-0.775427288276,1.23332055346,3.04418487356,4.34083604813,-0.318301013486,0.0866699145155,-0.0517718515911,1.48450990748,0.344762182077,-0.0318301013486,0.0651941834851,100.0
28.870367,-0.569490367502,0.107378655152,0.756636023624,0.191747598486,-0.775810783473,1.23485453425,3.04533535915,4.34083604813,-0.317917518289,0.0874369049095,-0.0517718515911,1.48489340267,0.343995191683,-0.0329805869395,0.0648106882882,100.0
28.880367,-0.569873862699,0.107378655152,0.756636023624,0.191364103289,-0.775810783473,1.23255356307,3.04418487356,4.34083604813,-0.318301013486,0.0870534097125,-0.0521553467881,1.48412641228,0.344762182077,-0.0329805869395,0.0659611738791,100.0
28.890368,-0.569873862699,0.107762150349,0.757019518821,0.191747598486,-0.775810783473,1.23293705826,3.04533535915,4.34083604813,-0.318684508683,0.0874369049095,-0.0521553467881,1.48489340267,0.34437868688,-0.0325970917426,0.0659611738791,100.0
28.900391,-0.570257357896,0.107762150349,0.757403014018,0.191747598486,-0.77619427867,1.23255356307,3.04418487356,4.34083604813,-0.31906800388,0.0878204001064,-0.0521553467881,1.48374291708,0.34437868688,-0.0322135965456,0.0651941834851,100.0
28.910373,-0.570257357896,0.107378655152,0.757019518821,0.192131093683,-0.776577773867,1.23293705826,3.04495186395,4.34083604813,-0.318301013486,0.0862864193186,-0.0513883563942,1.48374291708,0.344762182077,-0.0329805869395,0.0651941834851,100.0
28.920369,-0.569106872305,0.107762150349,0.756636023624,0.190980608092,-0.775810783473,1.23293705826,3.04456836876,4.34083604813,-0.318301013486,0.0874369049095,-0.0525388419851,1.48374291708,0.344762182077,-0.0329805869395,0.0644271930912,100.0
28.930370,-0.570640853093,0.107378655152,0.756252528428,0.192131093683,-0.776577773867,1.23408754385,3.04456836876,4.34083604813,-0.31906800388,0.0870534097125,-0.0513883563942,1.48412641228,0.343611696486,-0.0333640821365,0.0644271930912,100.0
28.940368,-0.570257357896,0.107762150349,0.756252528428,0.192131093683,-0.775810783473,1.23332055346,3.04533535915,4.34083604813,-0.318301013486,0.0874369049095,-0.0517718515911,1.48412641228,0.343995191683,-0.0329805869395,0.0651941834851,100.0
28.950372,-0.570257357896,0.107378655152,0.757019518821,0.191747598486,-0.775427288276,1.23293705826,3.04418487356,4.34083604813,-0.318684508683,0.0874369049095,-0.0510048611972,1.48489340267,0.34437868688,-0.0325970917426,0.0644271930912,100.0
28.960368,-0.570257357896,0.108145645546,0.756636023624,0.192898084077,-0.775810783473,1.23255356307,3.04418487356,4.34083604813,-0.31906800388,0.0870534097125,-0.0521553467881,1.48374291708,0.344762182077,-0.0329805869395,0.0651941834851,100.0
28.970369,-0.570640853093,0.106995159955,0.757019518821,0.191364103289,-0.776577773867,1.23255356307,3.04456836876,4.34083604813,-0.318684508683,0.0870534097125,-0.0517718515911,1.48412641228,0.344762182077,-0.0329805869395,0.0659611738791,100.0
28.980368,-0.569873862699,0.106995159955,0.756636023624,0.192131093683,-0.775427288276,1.23293705826,3.04495186395,4.34083604813,-0.317917518289,0.0866699145155,-0.0513883563942,1.48412641228,0.345145677274,-0.0325970917426,0.066344669076,100.0
28.990370,-0.569106872305,0.107762150349,0.757019518821,0.19251458888,-0.77619427867,1.23293705826,3.04456836876,4.34083604813,-0.318684508683,0.0870534097125,-0.0510048611972,1.48335942189,0.344762182077,-0.0333640821365,0.0651941834851,100.0
29.000381,-0.569490367502,0.107762150349,0.757403014018,0.192898084077,-0.775427288276,1.23255356307,3.04380137836,4.34083604813,-0.317917518289,0.0866699145155,-0.0517718515911,1.48335942189,0.344762182077,-0.0325970917426,0.0651941834851,100.0
29.010383,-0.569873862699,0.107378655152,0.757403014018,0.19251458888,-0.776577773867,1.23217006787,3.04495186395,4.34083604813,-0.318301013486,0.0874369049095,-0.0517718515911,1.48412641228,0.34437868688,-0.0333640821365,0.0651941834851,100.0
29.020383,-0.570640853093,0.107378655152,0.757403014018,0.192131093683,-0.776577773867,1.23332055346,3.04495186395,4.34083604813,-0.318301013486,0.0862864193186,-0.0525388419851,1.48335942189,0.345529172471,-0.0325970917426,0.0644271930912,100.0
29.030370,-0.570257357896,0.107378655152,0.757403014018,0.191747598486,-0.77619427867,1.23332055346,3.04418487356,4.34083604813,-0.317917518289,0.0870534097125,-0.0521553467881,1.48374291708,0.34437868688,-0.0322135965456,0.0648106882882,100.0
29.040368,-0.569490367502,0.107762150349,0.757786509215,0.192131093683,-0.775810783473,1.23332055346,3.04495186395,4.34083604813,-0.317917518289,0.0874369049095,-0.0513883563942,1.48450990748,0.344762182077,-0.0325970917426,0.0659611738791,100.0
29.050367,-0.569490367502,0.107378655152,0.757019518821,0.192898084077,-0.77619427867,1.23332055346,3.04456836876,4.34083604813,-0.318301013486,0.0878204001064,-0.0525388419851,1.48374291708,0.34437868688,-0.0329805869395,0.0648106882882,100.0
29.060370,-0.570640853093,0.107762150349,0.756636023624,0.19251458888,-0.776577773867,1.23293705826,3.04495186395,4.34083604813,-0.31906800388,0.0874369049095,-0.0517718515911,1.48374291708,0.344762182077,-0.0325970917426,0.0655776786821,100.0
29.070381,-0.570257357896,0.107378655152,0.757403014018,0.191747598486,-0.77619427867,1.23293705826,3.04495186395,4.34083604813,-0.318684508683,0.0874369049095,-0.0513883563942,1.48450990748,0.344762182077,-0.0329805869395,0.0648106882882,100.0
29.080386,-0.570257357896,0.106995159955,0.757019518821,0.191364103289,-0.775810783473,1.23255356307,3.04456836876,4.34083604813,-0.317917518289,0.0862864193186,-0.0525388419851,1.48374291708,0.34437868688,-0.0318301013486,0.0655776786821,100.0
29.090372,-0.569490367502,0.107762150349,0.757019518821,0.191747598486,-0.775427288276,1.23332055346,3.04571885435,4.34083604813,-0.318301013486,0.0870534097125,-0.0517718515911,1.48450990748,0.344762182077,-0.0329805869395,0.0651941834851,100.0
29.100369,-0.570257357896,0.107762150349,0.757019518821,0.192131093683,-0.776577773867,1.23293705826,3.04495186395,4.34083604813,-0.318684508683,0.0866699145155,-0.0513883563942,1.48297592669,0.34437868688,-0.0322135965456,0.0651941834851,100.0
29.110371,-0.569873862699,0.107762150349,0.757019518821,0.192131093683,-0.77619427867,1.23217006787,3.04495186395,4.34083604813,-0.318301013486,0.0870534097125,-0.0521553467881,1.48450990748,0.344762182077,-0.0329805869395,0.0651941834851,100.0
29.120370,-0.569873862699,0.108145645546,0.757019518821,0.19251458888,-0.776577773867,1.23255356307,3.04495186395,4.34083604813,-0.318684508683,0.0870534097125,-0.0517718515911,1.48450990748,0.34437868688,-0.0322135965456,0.0648106882882,100.0
29.130370,-0.569490367502,0.107378655152,0.756636023624,0.191747598486,-0.77619427867,1.23293705826,3.04456836876,4.34083604813,-0.318301013486,0.0862864193186,-0.0521553467881,1.48489340267,0.34437868688,-0.0329805869395,0.0651941834851,100.0
29.140369,-0.570640853093,0.106995159955,0.757019518821,0.191747598486,-0.775427288276,1.23255356307,3.04456836876,4.34083604813,-0.318301013486,0.0866699145155,-0.0525388419851,1.48374291708,0.345145677274,-0.0325970917426,0.0644271930912,100.0
29.150392,-0.569873862699,0.107378655152,0.757403014018,0.191364103289,-0.77619427867,1.23255356307,3.04456836876,4.34083604813,-0.318301013486,0.0870534097125,-0.0521553467881,1.48450990748,0.34437868688,-0.0325970917426,0.0655776786821,100.0
29.160391,-0.569873862699,0.107378655152,0.756636023624,0.190980608092,-0.77619427867,1.23293705826,3.04495186395,4.34083604813,-0.318684508683,0.0866699145155,-0.0521553467881,1.48374291708,0.344762182077,-0.0329805869395,0.0648106882882,100.0
29.170372,-0.569490367502,0.106995159955,0.757786509215,0.19251458888,-0.775810783473,1.23255356307,3.04533535915,4.34083604813,-0.318684508683,0.0874369049095,-0.0525388419851,1.48374291708,0.344762182077,-0.0325970917426,0.0640436978942,100.0
29.180371,-0.569873862699,0.106228169561,0.757403014018,0.191747598486,-0.775810783473,1.23293705826,3.04495186395,4.34083604813,-0.31906800388,0.0870534097125,-0.0525388419851,1.48450990748,0.344762182077,-0.0322135965456,0.0655776786821,100.0
29.190375,-0.569873862699,0.107378655152,0.757403014018,0.190980608092,-0.77619427867,1.23332055346,3.04456836876,4.34083604813,-0.317917518289,0.0874369049095,-0.0517718515911,1.48412641228,0.34437868688,-0.0325970917426,0.0651941834851,100.0
29.200369,-0.570640853093,0.107378655152,0.757019518821,0.191747598486,-0.775810783473,1.23255356307,3.04495186395,4.34083604813,-0.318301013486,0.0862864193186,-0.0521553467881,1.48335942189,0.34437868688,-0.0325970917426,0.0655776786821,100.0
29.210387,-0.570257357896,0.107762150349,0.757019518821,0.192131093683,-0.775043793079,1.23370404866,3.04495186395,4.34083604813,-0.318301013486,0.0874369049095,-0.0521553467881,1.48412641228,0.343995191683,-0.0329805869395,0.0651941834851,100.0
29.220371,-0.570257357896,0.107762150349,0.756636023624,0.191747598486,-0.77619427867,1.23332055346,3.04571885435,4.34083604813,-0.318301013486,0.0866699145155,-0.052922337182,1.48412641228,0.344762182077,-0.0333640821365,0.0655776786821,100.0
29.230392,-0.570640853093,0.106995159955,0.757019518821,0.192131093683,-0.776577773867,1.23217006787,3.04571885435,4.34083604813,-0.318684508683,0.0870534097125,-0.0517718515911,1.48374291708,0.34437868688,-0.0318301013486,0.0655776786821,100.0
29.240371,-0.570257357896,0.107378655152,0.757019518821,0.192131093683,-0.77619427867,1.23255356307,3.04495186395,4.34083604813,-0.318301013486,0.0878204001064,-0.0517718515911,1.48374291708,0.343995191683,-0.0318301013486,0.0651941834851,100.0
29.250364,-0.569873862699,0.106995159955,0.756636023624,0.191364103289,-0.77619427867,1.23293705826,3.04456836876,4.34083604813,-0.318301013486,0.0862864193186,-0.0517718515911,1.48374291708,0.343995191683,-0.0325970917426,0.0651941834851,100.0
29.260365,-0.569873862699,0.107762150349,0.757403014018,0.19251458888,-0.775810783473,1.23255356307,3.04456836876,4.34083604813,-0.318301013486,0.0866699145155,-0.0521553467881,1.48412641228,0.344762182077,-0.0322135965456,0.0651941834851,100.0
29.270371,-0.570257357896,0.107378655152,0.757786509215,0.19251458888,-0.77619427867,1.23217006787,3.04456836876,4.34083604813,-0.318301013486,0.0862864193186,-0.052922337182,1.48412641228,0.34437868688,-0.0325970917426,0.0655776786821,100.0
29.280389,-0.569490367502,0.107762150349,0.757403014018,0.191747598486,-0.775810783473,1.23217006787,3.04456836876,4.34083604813,-0.317917518289,0.0878204001064,-0.0517718515911,1.48450990748,0.345145677274,-0.0329805869395,0.0648106882882,100.0
29.290389,-0.569873862699,0.106995159955,0.756636023624,0.191747598486,-0.77619427867,1.23408754385,3.04456836876,4.34083604813,-0.317917518289,0.0874369049095,-0.0521553467881,1.48412641228,0.343995191683,-0.0318301013486,0.0644271930912,100.0
29.300383,-0.569873862699,0.106995159955,0.757019518821,0.192131093683,-0.775810783473,1.23332055346,3.04456836876,4.34083604813,-0.318301013486,0.0874369049095,-0.0517718515911,1.48412641228,0.344762182077,-0.0325970917426,0.0659611738791,100.0
29.310373,-0.569873862699,0.108145645546,0.756636023624,0.191364103289,-0.776961269064,1.23332055346,3.04495186395,4.34083604813,-0.31906800388,0.0866699145155,-0.0521553467881,1.48374291708,0.344762182077,-0.0325970917426,0.0651941834851,100.0
29.320372,-0.570257357896,0.107378655152,0.756636023624,0.191747598486,-0.77619427867,1.23255356307,3.04495186395,4.34083604813,-0.31906800388,0.0866699145155,-0.0513883563942,1.48374291708,0.34437868688,-0.0325970917426,0.0644271930912,100.0
29.330366,-0.570257357896,0.108145645546,0.757019518821,0.191747598486,-0.775810783473,1.23217006787,3.04495186395,4.34083604813,-0.31906800388,0.0874369049095,-0.0517718515911,1.48374291708,0.344762182077,-0.0322135965456,0.0651941834851,100.0
29.340370,-0.570257357896,0.107378655152,0.756636023624,0.192898084077,-0.775810783473,1.23293705826,3.04418487356,4.34083604813,-0.318301013486,0.0870534097125,-0.0506213660002,1.48374291708,0.343995191683,-0.0322135965456,0.0648106882882,100.0
29.350367,-0.570257357896,0.107378655152,0.757019518821,0.192898084077,-0.77619427867,1.23255356307,3.04571885435,4.34083604813,-0.318301013486,0.0874369049095,-0.0513883563942,1.48374291708,0.34437868688,-0.0329805869395,0.0651941834851,100.0
29.360367,-0.570257357896,0.107762150349,0.756636023624,0.19251458888,-0.775810783473,1.23408754385,3.04533535915,4.34083604813,-0.318684508683,0.0878204001064,-0.0517718515911,1.48335942189,0.344762182077,-0.0318301013486,0.0659611738791,100.0
29.370367,-0.570640853093,0.107762150349,0.757019518821,0.190980608092,-0.77619427867,1.23332055346,3.04456836876,4.34083604813,-0.318301013486,0.0866699145155,-0.0517718515911,1.48374291708,0.345145677274,-0.0322135965456,0.0648106882882,100.0
29.380367,-0.570640853093,0.107378655152,0.756636023624,0.19251458888,-0.77619427867,1.23370404866,3.04456836876,4.34083604813,-0.317917518289,0.0870534097125,-0.0517718515911,1.48412641228,0.344762182077,-0.0325970917426,0.0651941834851,100.0
29.390368,-0.570257357896,0.107378655152,0.757019518821,0.19251458888,-0.77619427867,1.23293705826,3.04456836876,4.34083604813,-0.318684508683,0.0874369049095,-0.0517718515911,1.48374291708,0.34437868688,-0.0322135965456,0.0655776786821,100.0
29.400368,-0.569873862699,0.107378655152,0.756636023624,0.191747598486,-0.77619427867,1.23293705826,3.04495186395,4.34083604813,-0.318301013486,0.0870534097125,-0.0521553467881,1.48374291708,0.344762182077,-0.0329805869395,0.0651941834851,100.0
29.410366,-0.569873862699,0.107762150349,0.757019518821,0.19251458888,-0.77619427867,1.23293705826,3.04495186395,4.34083604813,-0.31906800388,0.0866699145155,-0.0521553467881,1.48489340267,0.345529172471,-0.0329805869395,0.0659611738791,100.0
29.420365,-0.569873862699,0.107378655152,0.757019518821,0.191364103289,-0.775810783473,1.23255356307,3.04571885435,4.34083604813,-0.318684508683,0.0874369049095,-0.0517718515911,1.48374291708,0.34437868688,-0.0333640821365,0.0655776786821,100.0
29.430401,-0.569873862699,0.106995159955,0.756636023624,0.19251458888,-0.775810783473,1.23255356307,3.04456836876,4.34083604813,-0.317917518289,0.0874369049095,-0.0517718515911,1.48412641228,0.344762182077,-0.0325970917426,0.0651941834851,100.0
29.440410,-0.570640853093,0.107762150349,0.756636023624,0.192131093683,-0.77619427867,1.23293705826,3.04495186395,4.34083604813,-0.318301013486,0.0870534097125,-0.0521553467881,1.48374291708,0.345145677274,-0.0322135965456,0.0651941834851,100.0
29.450428,-0.570257357896,0.107762150349,0.757019518821,0.19251458888,-0.775810783473,1.23293705826,3.04495186395,4.34083604813,-0.318684508683,0.0866699145155,-0.0513883563942,1.48450990748,0.344762182077,-0.0329805869395,0.0655776786821,100.0
29.460412,-0.569873862699,0.107762150349,0.757403014018,0.191747598486,-0.775810783473,1.23217006787,3.04418487356,4.34083604813,-0.318684508683,0.0866699145155,-0.0521553467881,1.48412641228,0.34437868688,-0.0318301013486,0.0648106882882,100.0
29.470405,-0.569490367502,0.107762150349,0.757403014018,0.190980608092,-0.775427288276,1.23217006787,3.04533535915,4.34083604813,-0.318684508683,0.0878204001064,-0.0517718515911,1.48374291708,0.344762182077,-0.0329805869395,0.0659611738791,100.0
29.480398,-0.570257357896,0.106611664758,0.757403014018,0.192131093683,-0.77619427867,1.23217006787,3.04495186395,4.34083604813,-0.317917518289,0.0870534097125,-0.0517718515911,1.48412641228,0.34437868688,-0.0322135965456,0.0655776786821,100.0
29.490396,-0.569873862699,0.107762150349,0.756636023624,0.192131093683,-0.77619427867,1.23255356307,3.04495186395,4.34083604813,-0.318684508683,0.0862864193186,-0.0521553467881,1.48335942189,0.345145677274,-0.0325970917426,0.0655776786821,100.0
29.500391,-0.569873862699,0.108145645546,0.757019518821,0.192131093683,-0.775810783473,1.23293705826,3.04495186395,4.34083604813,-0.318301013486,0.0870534097125,-0.0517718515911,1.48335942189,0.344762182077,-0.0325970917426,0.0655776786821,100.0
29.510432,-0.570257357896,0.107378655152,0.757019518821,0.192131093683,-0.77619427867,1.23293705826,3.04495186395,4.34083604813,-0.317917518289,0.0878204001064,-0.0513883563942,1.48335942189,0.344762182077,-0.0333640821365,0.0651941834851,100.0
29.520404,-0.570640853093,0.106995159955,0.756252528428,0.192131093683,-0.77619427867,1.23332055346,3.04456836876,4.34083604813,-0.318684508683,0.0866699145155,-0.0517718515911,1.48374291708,0.344762182077,-0.0329805869395,0.0651941834851,100.0
29.530490,-0.569873862699,0.107762150349,0.757786509215,0.191747598486,-0.775810783473,1.23255356307,3.04495186395,4.34083604813,-0.318301013486,0.0874369049095,-0.0517718515911,1.48412641228,0.344762182077,-0.0325970917426,0.0651941834851,100.0
29.540501,-0.570257357896,0.107762150349,0.756636023624,0.191747598486,-0.776961269064,1.23370404866,3.04456836876,4.34083604813,-0.318684508683,0.0862864193186,-0.0513883563942,1.48489340267,0.345145677274,-0.0322135965456,0.0648106882882,100.0
29.550570,-0.569873862699,0.107378655152,0.757403014018,0.191364103289,-0.77619427867,1.23332055346,3.04456836876,4.34083604813,-0.31906800388,0.0874369049095,-0.0521553467881,1.48450990748,0.34437868688,-0.0322135965456,0.0655776786821,100.0
29.560470,-0.570257357896,0.107762150349,0.757019518821,0.19251458888,-0.775810783473,1.23408754385,3.04456836876,4.34083604813,-0.319451499077,0.0866699145155,-0.0517718515911,1.48297592669,0.344762182077,-0.0325970917426,0.0651941834851,100.0
29.570468,-0.569873862699,0.107378655152,0.757019518821,0.192131093683,-0.77619427867,1.23255356307,3.04418487356,4.34083604813,-0.317534023092,0.0874369049095,-0.0517718515911,1.48412641228,0.343995191683,-0.0325970917426,0.0659611738791,100.0
29.580523,-0.570640853093,0.107378655152,0.757019518821,0.19251458888,-0.775043793079,1.23255356307,3.04456836876,4.34083604813,-0.318301013486,0.0874369049095,-0.0521553467881,1.48489340267,0.344762182077,-0.0325970917426,0.0648106882882,100.0
29.590582,-0.570257357896,0.107762150349,0.757019518821,0.19251458888,-0.77619427867,1.23255356307,3.04456836876,4.34083604813,-0.318684508683,0.0874369049095,-0.0517718515911,1.48450990748,0.344762182077,-0.0325970917426,0.0655776786821,100.0
29.600499,-0.569873862699,0.107378655152,0.756636023624,0.191364103289,-0.775810783473,1.23217006787,3.04456836876,4.34083604813,-0.318301013486,0.0870534097125,-0.0525388419851,1.48527689787,0.344762182077,-0.0325970917426,0.0659611738791,100.0
29.610509,-0.570257357896,0.107378655152,0.756636023624,0.191747598486,-0.775810783473,1.23293705826,3.04533535915,4.34083604813,-0.318684508683,0.0870534097125,-0.0517718515911,1.48412641228,0.344762182077,-0.0318301013486,0.0651941834851,100.0
29.620494,-0.569490367502,0.107762150349,0.756636023624,0.192131093683,-0.77619427867,1.23293705826,3.04495186395,4.34083604813,-0.31906800388,0.0866699145155,-0.0513883563942,1.48489340267,0.344762182077,-0.0314466061517,0.066344669076,100.0
29.630456,-0.569490367502,0.106995159955,0.756636023624,0.191364103289,-0.775810783473,1.23293705826,3.04456836876,4.34083604813,-0.31906800388,0.0870534097125,-0.0517718515911,1.48412641228,0.344762182077,-0.0322135965456,0.0651941834851,100.0
29.640447,-0.569490367502,0.106995159955,0.757403014018,0.190980608092,-0.775810783473,1.23293705826,3.04456836876,4.34083604813,-0.318684508683,0.0878204001064,-0.0517718515911,1.48450990748,0.343995191683,-0.0329805869395,0.0651941834851,100.0
29.650440,-0.569873862699,0.107378655152,0.757019518821,0.191364103289,-0.77619427867,1.23370404866,3.04456836876,4.34083604813,-0.318301013486,0.0878204001064,-0.0521553467881,1.48374291708,0.343995191683,-0.0325970917426,0.0644271930912,100.0
29.660433,-0.570640853093,0.106995159955,0.756636023624,0.192131093683,-0.77619427867,1.23332055346,3.04456836876,4.34083604813,-0.318301013486,0.0870534097125,-0.0513883563942,1.48450990748,0.344762182077,-0.0325970917426,0.0655776786821,100.0
29.670429,-0.569490367502,0.107378655152,0.757786509215,0.191747598486,-0.776577773867,1.23332055346,3.04456836876,4.34083604813,-0.317917518289,0.0866699145155,-0.0525388419851,1.48412641228,0.344762182077,-0.0322135965456,0.0655776786821,100.0
29.680451,-0.569873862699,0.107378655152,0.756636023624,0.192131093683,-0.77619427867,1.23332055346,3.04495186395,4.34083604813,-0.318684508683,0.0870534097125,-0.0521553467881,1.48412641228,0.34437868688,-0.0322135965456,0.0651941834851,100.0
29.690419,-0.569490367502,0.107378655152,0.757019518821,0.19251458888,-0.775427288276,1.23255356307,3.04456836876,4.34083604813,-0.318684508683,0.0874369049095,-0.0517718515911,1.48412641228,0.344762182077,-0.0322135965456,0.0655776786821,100.0
29.700416,-0.570257357896,0.108145645546,0.756636023624,0.192898084077,-0.77619427867,1.23293705826,3.04495186395,4.34083604813,-0.318684508683,0.0870534097125,-0.0517718515911,1.48374291708,0.343995191683,-0.0325970917426,0.0655776786821,100.0
29.710417,-0.570257357896,0.107378655152,0.756636023624,0.191747598486,-0.77619427867,1.23255356307,3.04456836876,4.34083604813,-0.318301013486,0.0874369049095,-0.0525388419851,1.48374291708,0.34437868688,-0.0329805869395,0.0651941834851,100.0
29.720416,-0.570257357896,0.106995159955,0.757403014018,0.19251458888,-0.77619427867,1.23370404866,3.04495186395,4.34083604813,-0.318301013486,0.0874369049095,-0.0517718515911,1.48374291708,0.344762182077,-0.0325970917426,0.0655776786821,100.0
29.730410,-0.569873862699,0.107378655152,0.756252528428,0.191364103289,-0.776577773867,1.23255356307,3.04495186395,4.34083604813,-0.318301013486,0.0874369049095,-0.052922337182,1.48374291708,0.344762182077,-0.0314466061517,0.0659611738791,100.0
29.740485,-0.569490367502,0.106611664758,0.757019518821,0.192131093683,-0.775810783473,1.23408754385,3.04533535915,4.34083604813,-0.31906800388,0.0862864193186,-0.0525388419851,1.48489340267,0.344762182077,-0.0325970917426,0.0644271930912,100.0
29.750485,-0.569873862699,0.106611664758,0.757019518821,0.191747598486,-0.77619427867,1.23255356307,3.04456836876,4.34083604813,-0.318301013486,0.0862864193186,-0.0517718515911,1.48374291708,0.344762182077,-0.0325970917426,0.0659611738791,100.0
29.760493,-0.569873862699,0.107378655152,0.757019518821,0.19251458888,-0.775810783473,1.23293705826,3.04418487356,4.34083604813,-0.318301013486,0.0862864193186,-0.0510048611972,1.48412641228,0.344762182077,-0.0329805869395,0.0644271930912,100.0
29.770470,-0.569873862699,0.106995159955,0.757403014018,0.19251458888,-0.775810783473,1.23255356307,3.04418487356,4.34083604813,-0.31906800388,0.0878204001064,-0.0521553467881,1.48450990748,0.343611696486,-0.0325970917426,0.0648106882882,100.0
29.780468,-0.570257357896,0.107378655152,0.757019518821,0.192131093683,-0.776577773867,1.23370404866,3.04571885435,4.34083604813,-0.31906800388,0.0866699145155,-0.0517718515911,1.48412641228,0.343995191683,-0.0322135965456,0.0651941834851,100.0
29.790516,-0.569490367502,0.106995159955,0.757019518821,0.191747598486,-0.776577773867,1.23370404866,3.04418487356,4.34083604813,-0.318301013486,0.0874369049095,-0.0521553467881,1.48335942189,0.345529172471,-0.0325970917426,0.0659611738791,100.0
29.800529,-0.569106872305,0.106995159955,0.757019518821,0.192131093683,-0.77619427867,1.23370404866,3.04495186395,4.34083604813,-0.318301013486,0.0874369049095,-0.0513883563942,1.48450990748,0.34437868688,-0.0325970917426,0.0644271930912,100.0
29.810516,-0.569490367502,0.106611664758,0.756252528428,0.192131093683,-0.77619427867,1.23293705826,3.04495186395,4.34083604813,-0.318301013486,0.0866699145155,-0.0521553467881,1.48374291708,0.345145677274,-0.0325970917426,0.0648106882882,100.0
29.820464,-0.569490367502,0.106611664758,0.757019518821,0.193281579274,-0.77619427867,1.23293705826,3.04456836876,4.34083604813,-0.318684508683,0.0866699145155,-0.0521553467881,1.48374291708,0.345145677274,-0.0329805869395,0.0644271930912,100.0
29.830463,-0.569106872305,0.106995159955,0.757019518821,0.192898084077,-0.776961269064,1.23255356307,3.04495186395,4.34083604813,-0.317917518289,0.0885873905004,-0.0525388419851,1.48374291708,0.344762182077,-0.0325970917426,0.0655776786821,100.0
29.840455,-0.569873862699,0.106611664758,0.757019518821,0.191364103289,-0.775810783473,1.23293705826,3.04456836876,4.34083604813,-0.318684508683,0.0866699145155,-0.0521553467881,1.48450990748,0.344762182077,-0.0329805869395,0.0655776786821,100.0
29.850437,-0.569490367502,0.106611664758,0.757786509215,0.19251458888,-0.77619427867,1.23293705826,3.04456836876,4.34083604813,-0.318684508683,0.0874369049095,-0.0517718515911,1.48450990748,0.344762182077,-0.0322135965456,0.0651941834851,100.0
29.860451,-0.570640853093,0.106611664758,0.757019518821,0.192131093683,-0.775810783473,1.23293705826,3.04418487356,4.34083604813,-0.317917518289,0.0866699145155,-0.0521553467881,1.48450990748,0.34437868688,-0.0322135965456,0.0648106882882,100.0
29.870451,-0.569490367502,0.106228169561,0.756636023624,0.191364103289,-0.77619427867,1.23293705826,3.04495186395,4.34083604813,-0.318301013486,0.0878204001064,-0.0517718515911,1.48450990748,0.34437868688,-0.0322135965456,0.0648106882882,100.0
29.880524,-0.569490367502,0.106611664758,0.757786509215,0.191747598486,-0.77619427867,1.23255356307,3.04456836876,4.34083604813,-0.318301013486,0.0874369049095,-0.0517718515911,1.48412641228,0.345145677274,-0.0325970917426,0.0651941834851,100.0
29.890504,-0.570257357896,0.106228169561,0.756252528428,0.192131093683,-0.775810783473,1.23370404866,3.04456836876,4.34083604813,-0.318301013486,0.0870534097125,-0.0521553467881,1.48412641228,0.345145677274,-0.0337475773335,0.0651941834851,100.0
29.900531,-0.569873862699,0.106611664758,0.757403014018,0.192131093683,-0.776577773867,1.23332055346,3.04495186395,4.34083604813,-0.318301013486,0.0870534097125,-0.0525388419851,1.48412641228,0.344762182077,-0.0325970917426,0.0648106882882,100.0
29.910498,-0.569490367502,0.106228169561,0.756636023624,0.190980608092,-0.775810783473,1.23370404866,3.04418487356,4.34083604813,-0.318301013486,0.0870534097125,-0.0521553467881,1.48489340267,0.344762182077,-0.0333640821365,0.0659611738791,100.0
29.920465,-0.569490367502,0.106228169561,0.756252528428,0.192131093683,-0.77619427867,1.23370404866,3.04495186395,4.34083604813,-0.318684508683,0.0874369049095,-0.0513883563942,1.48450990748,0.344762182077,-0.0322135965456,0.0648106882882,100.0
29.930458,-0.569490367502,0.106228169561,0.756636023624,0.192131093683,-0.776577773867,1.23293705826,3.04456836876,4.34083604813,-0.317917518289,0.0874369049095,-0.0525388419851,1.48374291708,0.345145677274,-0.0318301013486,0.0648106882882,100.0
29.940462,-0.569106872305,0.106611664758,0.757403014018,0.192131093683,-0.776577773867,1.23293705826,3.04495186395,4.34083604813,-0.318301013486,0.0870534097125,-0.0517718515911,1.48450990748,0.34437868688,-0.0322135965456,0.0659611738791,100.0
29.950469,-0.570257357896,0.106228169561,0.757019518821,0.190980608092,-0.77619427867,1.23255356307,3.04495186395,4.34083604813,-0.317917518289,0.0870534097125,-0.0513883563942,1.48335942189,0.344762182077,-0.0325970917426,0.0651941834851,100.0
29.960445,-0.570257357896,0.106228169561,0.757403014018,0.192131093683,-0.77619427867,1.23293705826,3.04533535915,4.34083604813,-0.318684508683,0.0874369049095,-0.0521553467881,1.48412641228,0.344762182077,-0.0325970917426,0.0651941834851,100.0
29.970432,-0.569490367502,0.105844674364,0.757019518821,0.190213617698,-0.77619427867,1.23293705826,3.04418487356,4.34083604813,-0.318684508683,0.0878204001064,-0.0521553467881,1.48374291708,0.345529172471,-0.0325970917426,0.0651941834851,100.0
29.980418,-0.569873862699,0.105844674364,0.756636023624,0.191364103289,-0.776577773867,1.23332055346,3.04456836876,4.34083604813,-0.31906800388,0.0874369049095,-0.0521553467881,1.48374291708,0.34437868688,-0.0325970917426,0.0655776786821,100.0
29.990420,-0.569873862699,0.106611664758,0.757403014018,0.19251458888,-0.77619427867,1.23332055346,3.04495186395,4.34083604813,-0.31906800388,0.0874369049095,-0.0517718515911,1.48412641228,0.345529172471,-0.0325970917426,0.0655776786821,100.0
30.000454,-0.569873862699,0.10507768397,0.757019518821,0.19251458888,-0.776577773867,1.23255356307,3.04533535915,4.34083604813,-0.317534023092,0.0878204001064,-0.0517718515911,1.48412641228,0.345145677274,-0.0322135965456,0.0655776786821,100.0
30.010412,-0.569873862699,0.105461179167,0.756252528428,0.191747598486,-0.776577773867,1.23293705826,3.04495186395,4.34083604813,-0.318684508683,0.0870534097125,-0.0510048611972,1.48450990748,0.34437868688,-0.0322135965456,0.0655776786821,100.0
30.020410,-0.570640853093,0.105461179167,0.757403014018,0.191364103289,-0.776577773867,1.23293705826,3.04495186395,4.34083604813,-0.318684508683,0.0870534097125,-0.0521553467881,1.48412641228,0.343995191683,-0.0322135965456,0.0655776786821,100.0
30.030407,-0.569873862699,0.106228169561,0.757019518821,0.192131093683,-0.77619427867,1.23332055346,3.04456836876,4.34083604813,-0.317917518289,0.0870534097125,-0.052922337182,1.48412641228,0.34437868688,-0.0318301013486,0.0655776786821,100.0
30.040406,-0.570640853093,0.105844674364,0.756636023624,0.192131093683,-0.775810783473,1.23332055346,3.04533535915,4.34083604813,-0.317917518289,0.0878204001064,-0.0521553467881,1.48412641228,0.345529172471,-0.0314466061517,0.0640436978942,100.0
30.050376,-0.570257357896,0.106228169561,0.755869033231,0.191364103289,-0.776577773867,1.23255356307,3.04456836876,4.34083604813,-0.318684508683,0.0874369049095,-0.0517718515911,1.48412641228,0.345145677274,-0.0322135965456,0.0659611738791,100.0
30.060365,-0.569873862699,0.105844674364,0.756636023624,0.192898084077,-0.77619427867,1.23293705826,3.04533535915,4.34083604813,-0.318301013486,0.0862864193186,-0.0517718515911,1.48489340267,0.344762182077,-0.0329805869395,0.0655776786821,100.0
30.070368,-0.569873862699,0.105461179167,0.757019518821,0.190980608092,-0.776577773867,1.23255356307,3.04533535915,4.34083604813,-0.318684508683,0.0878204001064,-0.052922337182,1.48374291708,0.34437868688,-0.0322135965456,0.0648106882882,100.0
30.080368,-0.570257357896,0.105461179167,0.757019518821,0.191364103289,-0.77619427867,1.23255356307,3.04495186395,4.34083604813,-0.318684508683,0.0874369049095,-0.0525388419851,1.48335942189,0.344762182077,-0.0322135965456,0.0648106882882,100.0
30.090412,-0.570640853093,0.105461179167,0.756252528428,0.191364103289,-0.775427288276,1.23370404866,3.04495186395,4.34083604813,-0.318684508683,0.0870534097125,-0.0521553467881,1.48374291708,0.344762182077,-0.0329805869395,0.0655776786821,100.0
30.100453,-0.569873862699,0.105461179167,0.756636023624,0.191747598486,-0.77619427867,1.23332055346,3.04495186395,4.34083604813,-0.317917518289,0.0866699145155,-0.0517718515911,1.48335942189,0.34437868688,-0.0314466061517,0.0651941834851,100.0
30.110441,-0.570640853093,0.105461179167,0.756252528428,0.192131093683,-0.775810783473,1.23255356307,3.04456836876,4.34083604813,-0.318301013486,0.0870534097125,-0.0513883563942,1.48450990748,0.344762182077,-0.0325970917426,0.0648106882882,100.0
30.120479,-0.569873862699,0.105844674364,0.757019518821,0.191747598486,-0.77619427867,1.23332055346,3.04456836876,4.34083604813,-0.318684508683,0.0874369049095,-0.0521553467881,1.48374291708,0.345529172471,-0.0325970917426,0.0644271930912,100.0
30.130448,-0.570640853093,0.106228169561,0.756252528428,0.191747598486,-0.77619427867,1.23217006787,3.04456836876,4.34083604813,-0.318301013486,0.0874369049095,-0.0517718515911,1.48412641228,0.34437868688,-0.0318301013486,0.0655776786821,100.0
30.140419,-0.570257357896,0.105461179167,0.757019518821,0.192131093683,-0.775810783473,1.23293705826,3.04456836876,4.34083604813,-0.31906800388,0.0870534097125,-0.0521553467881,1.48374291708,0.344762182077,-0.0329805869395,0.0651941834851,100.0
30.150407,-0.569873862699,0.106228169561,0.757403014018,0.191364103289,-0.77619427867,1.23293705826,3.04533535915,4.34083604813,-0.318301013486,0.0870534097125,-0.0521553467881,1.48412641228,0.343995191683,-0.0314466061517,0.0655776786821,100.0
30.160403,-0.569490367502,0.105461179167,0.756252528428,0.191364103289,-0.77619427867,1.23255356307,3.04456836876,4.34083604813,-0.319451499077,0.0878204001064,-0.0525388419851,1.48489340267,0.34437868688,-0.0322135965456,0.0651941834851,100.0
30.170377,-0.569873862699,0.106228169561,0.757019518821,0.190980608092,-0.77619427867,1.23293705826,3.04533535915,4.34083604813,-0.317917518289,0.0866699145155,-0.0521553467881,1.48450990748,0.34437868688,-0.0329805869395,0.0648106882882,100.0
30.180367,-0.570640853093,0.106228169561,0.756636023624,0.190980608092,-0.775810783473,1.23293705826,3.04456836876,4.34083604813,-0.317917518289,0.0870534097125,-0.0513883563942,1.48450990748,0.34437868688,-0.0322135965456,0.0651941834851,100.0
30.190391,-0.569873862699,0.105461179167,0.756636023624,0.190597112895,-0.77619427867,1.23255356307,3.04456836876,4.34083604813,-0.318301013486,0.0870534097125,-0.0521553467881,1.48374291708,0.34437868688,-0.0314466061517,0.0651941834851,100.0
30.200374,-0.570257357896,0.105844674364,0.757019518821,0.191747598486,-0.775810783473,1.23255356307,3.04456836876,4.34083604813,-0.318301013486,0.0866699145155,-0.0517718515911,1.48374291708,0.345145677274,-0.0322135965456,0.0651941834851,100.0
30.210371,-0.570640853093,0.105844674364,0.756636023624,0.191364103289,-0.776577773867,1.23332055346,3.04533535915,4.34083604813,-0.317917518289,0.0862864193186,-0.0517718515911,1.48374291708,0.344762182077,-0.0333640821365,0.0655776786821,100.0
30.220368,-0.570257357896,0.105844674364,0.757019518821,0.191747598486,-0.77619427867,1.23332055346,3.04533535915,4.34083604813,-0.318301013486,0.0878204001064,-0.0517718515911,1.48412641228,0.344762182077,-0.0329805869395,0.0655776786821,100.0
30.230366,-0.569873862699,0.105461179167,0.756636023624,0.190980608092,-0.776577773867,1.23255356307,3.04533535915,4.34083604813,-0.31906800388,0.0878204001064,-0.0521553467881,1.48335942189,0.34437868688,-0.0322135965456,0.0651941834851,100.0
30.240365,-0.570257357896,0.105461179167,0.756252528428,0.19251458888,-0.775810783473,1.23332055346,3.04495186395,4.34083604813,-0.318684508683,0.0874369049095,-0.052922337182,1.48412641228,0.34437868688,-0.0325970917426,0.0648106882882,100.0
30.250362,-0.570257357896,0.105461179167,0.757019518821,0.191747598486,-0.776577773867,1.23332055346,3.04495186395,4.34083604813,-0.318684508683,0.0874369049095,-0.0513883563942,1.48412641228,0.344762182077,-0.0322135965456,0.0651941834851,100.0
30.260365,-0.569490367502,0.105461179167,0.756252528428,0.19251458888,-0.776577773867,1.23255356307,3.04495186395,4.34083604813,-0.317917518289,0.0874369049095,-0.0521553467881,1.48489340267,0.34437868688,-0.0318301013486,0.0644271930912,100.0
30.270365,-0.569873862699,0.106228169561,0.756636023624,0.190980608092,-0.775810783473,1.23255356307,3.04456836876,4.34083604813,-0.318301013486,0.0870534097125,-0.052922337182,1.48412641228,0.343995191683,-0.0322135965456,0.0655776786821,100.0
30.280366,-0.569873862699,0.105844674364,0.757019518821,0.191364103289,-0.77619427867,1.23293705826,3.04495186395,4.34083604813,-0.318684508683,0.0878204001064,-0.0521553467881,1.48412641228,0.344762182077,-0.0322135965456,0.0644271930912,100.0
30.290387,-0.570257357896,0.105844674364,0.757019518821,0.191747598486,-0.776577773867,1.23255356307,3.04495186395,4.34083604813,-0.318301013486,0.0882038953034,-0.0513883563942,1.48412641228,0.344762182077,-0.0322135965456,0.0651941834851,100.0
30.300379,-0.570640853093,0.105461179167,0.757019518821,0.191747598486,-0.775810783473,1.23217006787,3.04533535915,4.34083604813,-0.318684508683,0.0874369049095,-0.0525388419851,1.48374291708,0.344762182077,-0.0325970917426,0.0651941834851,100.0
30.310379,-0.569873862699,0.105844674364,0.756252528428,0.191747598486,-0.77619427867,1.23293705826,3.04456836876,4.34083604813,-0.318301013486,0.0866699145155,-0.0517718515911,1.48412641228,0.344762182077,-0.0329805869395,0.0659611738791,100.0
30.320384,-0.570640853093,0.105461179167,0.756636023624,0.189830122501,-0.775810783473,1.23293705826,3.04456836876,4.34083604813,-0.318301013486,0.0859029241216,-0.0521553467881,1.48374291708,0.343995191683,-0.0325970917426,0.0655776786821,100.0
30.330390,-0.570257357896,0.105844674364,0.756636023624,0.191364103289,-0.77619427867,1.23293705826,3.04380137836,4.34083604813,-0.318301013486,0.0874369049095,-0.0517718515911,1.48335942189,0.344762182077,-0.0329805869395,0.066344669076,100.0
30.340594,-0.570640853093,0.106228169561,0.756252528428,0.19251458888,-0.77619427867,1.23293705826,3.04495186395,4.34083604813,-0.318684508683,0.0870534097125,-0.0521553467881,1.48527689787,0.345145677274,-0.0325970917426,0.0648106882882,100.0
30.350524,-0.570640853093,0.105461179167,0.756636023624,0.189446627304,-0.775810783473,1.23293705826,3.04533535915,4.34083604813,-0.318684508683,0.0874369049095,-0.0517718515911,1.48412641228,0.345145677274,-0.0322135965456,0.0655776786821,100.0
30.360497,-0.570257357896,0.10507768397,0.756636023624,0.19251458888,-0.77619427867,1.23293705826,3.04456836876,4.34083604813,-0.317917518289,0.0878204001064,-0.0517718515911,1.48374291708,0.344762182077,-0.0322135965456,0.0651941834851,100.0
30.370472,-0.570257357896,0.105844674364,0.757403014018,0.19251458888,-0.77619427867,1.23217006787,3.04456836876,4.34083604813,-0.31906800388,0.0878204001064,-0.0521553467881,1.48374291708,0.345145677274,-0.0325970917426,0.0659611738791,100.0
30.380451,-0.569873862699,0.105844674364,0.756252528428,0.191747598486,-0.775810783473,1.23332055346,3.04456836876,4.34083604813,-0.318301013486,0.0874369049095,-0.0521553467881,1.48374291708,0.343995191683,-0.0325970917426,0.0651941834851,100.0
30.390440,-0.569873862699,0.105461179167,0.757403014018,0.191747598486,-0.776577773867,1.23332055346,3.04456836876,4.34083604813,-0.31906800388,0.0870534097125,-0.0521553467881,1.48412641228,0.343995191683,-0.0322135965456,0.0644271930912,100.0
30.400444,-0.569873862699,0.106228169561,0.757403014018,0.192131093683,-0.77619427867,1.23255356307,3.04495186395,4.34083604813,-0.318301013486,0.0870534097125,-0.0521553467881,1.48412641228,0.344762182077,-0.0329805869395,0.0655776786821,100.0
30.410424,-0.569873862699,0.105844674364,0.756636023624,0.191747598486,-0.77619427867,1.23332055346,3.04418487356,4.34083604813,-0.318684508683,0.0874369049095,-0.0513883563942,1.48412641228,0.345145677274,-0.0325970917426,0.0651941834851,100.0
30.420425,-0.570640853093,0.105844674364,0.756636023624,0.192131093683,-0.775810783473,1.23332055346,3.04495186395,4.34083604813,-0.318301013486,0.0878204001064,-0.0517718515911,1.48450990748,0.34437868688,-0.0322135965456,0.0655776786821,100.0
30.430417,-0.569873862699,0.106228169561,0.756252528428,0.19251458888,-0.77619427867,1.23447103905,3.04495186395,4.34083604813,-0.318301013486,0.0866699145155,-0.0525388419851,1.48489340267,0.344762182077,-0.0318301013486,0.0648106882882,100.0
30.440410,-0.570257357896,0.105461179167,0.756252528428,0.190980608092,-0.77619427867,1.23293705826,3.04456836876,4.34083604813,-0.318301013486,0.0866699145155,-0.0521553467881,1.48412641228,0.345145677274,-0.0325970917426,0.0659611738791,100.0
30.450413,-0.570257357896,0.105844674364,0.756636023624,0.190597112895,-0.775810783473,1.23255356307,3.04495186395,4.34083604813,-0.318301013486,0.0878204001064,-0.0525388419851,1.48335942189,0.34437868688,-0.0314466061517,0.0655776786821,100.0
30.460417,-0.570257357896,0.105461179167,0.756636023624,0.191364103289,-0.775810783473,1.23293705826,3.04495186395,4.34083604813,-0.318301013486,0.0870534097125,-0.0513883563942,1.48374291708,0.34437868688,-0.0329805869395,0.0651941834851,100.0
30.470384,-0.570257357896,0.105844674364,0.757019518821,0.190597112895,-0.776577773867,1.23255356307,3.04495186395,4.34083604813,-0.317534023092,0.0878204001064,-0.0517718515911,1.48374291708,0.344762182077,-0.0325970917426,0.0648106882882,100.0
30.480371,-0.570640853093,0.106228169561,0.756252528428,0.190980608092,-0.77619427867,1.23255356307,3.04418487356,4.34083604813,-0.31906800388,0.0874369049095,-0.0510048611972,1.48335942189,0.344762182077,-0.0318301013486,0.0651941834851,100.0
30.490367,-0.570257357896,0.105461179167,0.756636023624,0.191747598486,-0.775810783473,1.23293705826,3.04495186395,4.34083604813,-0.317917518289,0.0874369049095,-0.0517718515911,1.48412641228,0.34437868688,-0.0322135965456,0.0651941834851,100.0
30.500363,-0.569873862699,0.105844674364,0.756636023624,0.192898084077,-0.77619427867,1.23293705826,3.04495186395,4.34083604813,-0.318684508683,0.0866699145155,-0.0517718515911,1.48412641228,0.34437868688,-0.0322135965456,0.0648106882882,100.0
30.510363,-0.57102434829,0.105461179167,0.757019518821,0.191747598486,-0.776577773867,1.23332055346,3.04456836876,4.34083604813,-0.317917518289,0.0874369049095,-0.0521553467881,1.48374291708,0.345145677274,-0.0325970917426,0.0651941834851,100.0
30.520368,-0.569490367502,0.105844674364,0.756252528428,0.192898084077,-0.776577773867,1.23370404866,3.04571885435,4.34083604813,-0.318301013486,0.0878204001064,-0.0521553467881,1.48450990748,0.345145677274,-0.0325970917426,0.0648106882882,100.0
30.530370,-0.569873862699,0.105844674364,0.756636023624,0.191364103289,-0.776577773867,1.23255356307,3.04456836876,4.34083604813,-0.31906800388,0.0878204001064,-0.0517718515911,1.48412641228,0.34437868688,-0.0322135965456,0.0651941834851,100.0
30.540371,-0.570257357896,0.105461179167,0.756252528428,0.192131093683,-0.77619427867,1.23370404866,3.04456836876,4.34083604813,-0.318684508683,0.0874369049095,-0.0521553467881,1.48374291708,0.34437868688,-0.0325970917426,0.0655776786821,100.0
30.550363,-0.570640853093,0.105461179167,0.756636023624,0.19251458888,-0.775810783473,1.23255356307,3.04418487356,4.34083604813,-0.318684508683,0.0870534097125,-0.0513883563942,1.48374291708,0.344762182077,-0.0325970917426,0.0651941834851,100.0
30.560368,-0.570257357896,0.105461179167,0.757403014018,0.192131093683,-0.77619427867,1.23293705826,3.04533535915,4.34083604813,-0.318684508683,0.0874369049095,-0.0513883563942,1.48412641228,0.344762182077,-0.0325970917426,0.0655776786821,100.0
30.570367,-0.570257357896,0.105461179167,0.757019518821,0.190980608092,-0.776577773867,1.23332055346,3.04533535915,4.34083604813,-0.318301013486,0.0870534097125,-0.0521553467881,1.48374291708,0.344762182077,-0.0325970917426,0.0655776786821,100.0
30.580382,-0.570640853093,0.105461179167,0.757019518821,0.191747598486,-0.77619427867,1.23370404866,3.04456836876,4.34083604813,-0.318684508683,0.0862864193186,-0.0521553467881,1.48450990748,0.344762182077,-0.0318301013486,0.0651941834851,100.0
30.590367,-0.57102434829,0.105461179167,0.756636023624,0.190980608092,-0.776577773867,1.23293705826,3.04495186395,4.34083604813,-0.318301013486,0.0866699145155,-0.0517718515911,1.48412641228,0.345145677274,-0.0322135965456,0.0655776786821,100.0
30.600367,-0.570640853093,0.105461179167,0.756252528428,0.190980608092,-0.77619427867,1.23293705826,3.04495186395,4.34083604813,-0.318301013486,0.0870534097125,-0.0521553467881,1.48374291708,0.34437868688,-0.0322135965456,0.0655776786821,100.0
30.610362,-0.570257357896,0.105844674364,0.757403014018,0.191364103289,-0.77619427867,1.23332055346,3.04495186395,4.34083604813,-0.318301013486,0.0870534097125,-0.0521553467881,1.48374291708,0.344762182077,-0.0329805869395,0.0659611738791,100.0
30.620371,-0.570257357896,0.105461179167,0.756636023624,0.190597112895,-0.776577773867,1.23370404866,3.04456836876,4.34083604813,-0.318301013486,0.0874369049095,-0.0517718515911,1.48374291708,0.344762182077,-0.0322135965456,0.0640436978942,100.0
30.630390,-0.570257357896,0.105844674364,0.757019518821,0.190980608092,-0.775810783473,1.23293705826,3.04456836876,4.34083604813,-0.318301013486,0.0874369049095,-0.0517718515911,1.48374291708,0.34437868688,-0.0325970917426,0.0644271930912,100.0
30.640366,-0.57102434829,0.10507768397,0.757019518821,0.190213617698,-0.77619427867,1.23293705826,3.04495186395,4.34083604813,-0.318684508683,0.0862864193186,-0.0513883563942,1.48489340267,0.34437868688,-0.0325970917426,0.0648106882882,100.0
30.650371,-0.569490367502,0.105844674364,0.757019518821,0.191364103289,-0.775810783473,1.23370404866,3.04495186395,4.34083604813,-0.31906800388,0.0866699145155,-0.0521553467881,1.48412641228,0.344762182077,-0.0325970917426,0.0651941834851,100.0
30.660365,-0.570640853093,0.10507768397,0.756252528428,0.191747598486,-0.775810783473,1.23293705826,3.04533535915,4.34083604813,-0.31906800388,0.0874369049095,-0.0521553467881,1.48335942189,0.34437868688,-0.0329805869395,0.0651941834851,100.0
30.670367,-0.571407843487,0.10507768397,0.757403014018,0.191747598486,-0.776577773867,1.23370404866,3.04495186395,4.34083604813,-0.318684508683,0.0870534097125,-0.0517718515911,1.48450990748,0.344762182077,-0.0325970917426,0.0651941834851,100.0
30.680367,-0.569873862699,0.10507768397,0.757403014018,0.191364103289,-0.776577773867,1.23255356307,3.04495186395,4.34083604813,-0.317917518289,0.0870534097125,-0.0521553467881,1.48412641228,0.344762182077,-0.0322135965456,0.0648106882882,100.0
30.690366,-0.570257357896,0.105844674364,0.756636023624,0.190213617698,-0.77619427867,1.23293705826,3.04495186395,4.34083604813,-0.318301013486,0.0866699145155,-0.0521553467881,1.48412641228,0.344762182077,-0.0322135965456,0.0651941834851,100.0
30.700365,-0.571407843487,0.105461179167,0.757019518821,0.190213617698,-0.775810783473,1.23293705826,3.04456836876,4.34083604813,-0.318684508683,0.0870534097125,-0.0517718515911,1.48335942189,0.34437868688,-0.0329805869395,0.0648106882882,100.0
30.710368,-0.569873862699,0.105844674364,0.757403014018,0.190213617698,-0.776577773867,1.23217006787,3.04456836876,4.34083604813,-0.318301013486,0.0866699145155,-0.0517718515911,1.48450990748,0.34437868688,-0.0325970917426,0.0648106882882,100.0
30.720368,-0.570640853093,0.105461179167,0.756636023624,0.190980608092,-0.775810783473,1.23255356307,3.04456836876,4.34083604813,-0.31906800388,0.0874369049095,-0.0517718515911,1.48412641228,0.34437868688,-0.0325970917426,0.0648106882882,100.0
30.730367,-0.570640853093,0.10507768397,0.756636023624,0.190213617698,-0.776577773867,1.23332055346,3.04495186395,4.34083604813,-0.318684508683,0.0866699145155,-0.0525388419851,1.48412641228,0.34437868688,-0.0329805869395,0.0659611738791,100.0
30.740367,-0.570257357896,0.105461179167,0.756636023624,0.190980608092,-0.77619427867,1.23293705826,3.04418487356,4.34083604813,-0.318301013486,0.0874369049095,-0.0513883563942,1.48450990748,0.345145677274,-0.0314466061517,0.0648106882882,100.0
30.750379,-0.57102434829,0.10507768397,0.756636023624,0.190213617698,-0.77619427867,1.23293705826,3.04456836876,4.34083604813,-0.318684508683,0.0874369049095,-0.0525388419851,1.48412641228,0.345145677274,-0.0318301013486,0.0655776786821,100.0
30.760368,-0.570257357896,0.105461179167,0.756636023624,0.190597112895,-0.776577773867,1.23293705826,3.04495186395,4.34083604813,-0.317917518289,0.0866699145155,-0.0510048611972,1.48450990748,0.343995191683,-0.0325970917426,0.0648106882882,100.0
30.770367,-0.570640853093,0.105461179167,0.757019518821,0.190597112895,-0.776577773867,1.23370404866,3.04533535915,4.34083604813,-0.318684508683,0.0866699145155,-0.0517718515911,1.48412641228,0.34437868688,-0.0322135965456,0.0659611738791,100.0
30.780365,-0.570640853093,0.105461179167,0.757019518821,0.19251458888,-0.77619427867,1.23293705826,3.04456836876,4.34083604813,-0.318301013486,0.0878204001064,-0.0521553467881,1.48412641228,0.343995191683,-0.0329805869395,0.0648106882882,100.0
30.790364,-0.570640853093,0.105461179167,0.757019518821,0.189446627304,-0.775810783473,1.23332055346,3.04533535915,4.34083604813,-0.318684508683,0.0866699145155,-0.0513883563942,1.48374291708,0.34437868688,-0.0322135965456,0.0651941834851,100.0
30.800367,-0.570257357896,0.105461179167,0.757019518821,0.191364103289,-0.77619427867,1.23370404866,3.04533535915,4.34083604813,-0.318684508683,0.0874369049095,-0.0513883563942,1.48374291708,0.345145677274,-0.0322135965456,0.0648106882882,100.0
30.810365,-0.570640853093,0.105461179167,0.756636023624,0.190213617698,-0.775810783473,1.23217006787,3.04495186395,4.34083604813,-0.318684508683,0.0870534097125,-0.0517718515911,1.48374291708,0.34437868688,-0.0318301013486,0.0648106882882,100.0
30.820366,-0.570640853093,0.10507768397,0.757019518821,0.190980608092,-0.775810783473,1.23293705826,3.04533535915,4.34083604813,-0.318301013486,0.0866699145155,-0.0521553467881,1.48412641228,0.345529172471,-0.0322135965456,0.0651941834851,100.0
30.830364,-0.570257357896,0.105844674364,0.757019518821,0.191747598486,-0.776577773867,1.23332055346,3.04456836876,4.34083604813,-0.317917518289,0.0870534097125,-0.0521553467881,1.48374291708,0.344762182077,-0.0318301013486,0.0651941834851,100.0
30.840365,-0.570640853093,0.105461179167,0.756636023624,0.190980608092,-0.77619427867,1.23332055346,3.04456836876,4.34083604813,-0.318684508683,0.0862864193186,-0.0517718515911,1.48412641228,0.345145677274,-0.0325970917426,0.0648106882882,100.0
30.850365,-0.570257357896,0.105844674364,0.756636023624,0.191747598486,-0.775810783473,1.23370404866,3.04418487356,4.34083604813,-0.317917518289,0.0878204001064,-0.0521553467881,1.48489340267,0.344762182077,-0.0325970917426,0.0651941834851,100.0
30.860362,-0.570257357896,0.105461179167,0.756636023624,0.192131093683,-0.77619427867,1.23408754385,3.04418487356,4.34083604813,-0.31906800388,0.0870534097125,-0.0521553467881,1.48412641228,0.344762182077,-0.0325970917426,0.0644271930912,100.0
30.870372,-0.570257357896,0.105461179167,0.757019518821,0.190980608092,-0.776577773867,1.23370404866,3.04495186395,4.34083604813,-0.317534023092,0.0866699145155,-0.0521553467881,1.48450990748,0.34437868688,-0.0322135965456,0.0648106882882,100.0
30.880370,-0.570640853093,0.10507768397,0.756636023624,0.191364103289,-0.775810783473,1.23332055346,3.04456836876,4.34083604813,-0.318684508683,0.0874369049095,-0.0525388419851,1.48374291708,0.344762182077,-0.0325970917426,0.0651941834851,100.0
30.890366,-0.57102434829,0.105461179167,0.757403014018,0.190213617698,-0.775810783473,1.23332055346,3.04495186395,4.34083604813,-0.318684508683,0.0870534097125,-0.0513883563942,1.48335942189,0.345145677274,-0.0325970917426,0.0655776786821,100.0
30.900365,-0.570640853093,0.105844674364,0.757019518821,0.190980608092,-0.77619427867,1.23255356307,3.04456836876,4.34083604813,-0.318684508683,0.0870534097125,-0.0517718515911,1.48450990748,0.344762182077,-0.0322135965456,0.0651941834851,100.0
30.910363,-0.570640853093,0.10507768397,0.757019518821,0.191747598486,-0.77619427867,1.23293705826,3.04418487356,4.34083604813,-0.318301013486,0.0878204001064,-0.0513883563942,1.48450990748,0.345145677274,-0.0325970917426,0.0655776786821,100.0
30.920362,-0.570257357896,0.105844674364,0.756252528428,0.192131093683,-0.775810783473,1.23217006787,3.04495186395,4.34083604813,-0.318684508683,0.0862864193186,-0.0517718515911,1.48412641228,0.34437868688,-0.0329805869395,0.0651941834851,100.0
30.930361,-0.570257357896,0.10507768397,0.757786509215,0.192131093683,-0.776577773867,1.23255356307,3.04495186395,4.34083604813,-0.318684508683,0.0870534097125,-0.0513883563942,1.48412641228,0.344762182077,-0.0329805869395,0.0644271930912,100.0
30.940367,-0.570640853093,0.105461179167,0.757019518821,0.190980608092,-0.77619427867,1.23293705826,3.04380137836,4.34083604813,-0.31906800388,0.0870534097125,-0.0525388419851,1.48489340267,0.345529172471,-0.0325970917426,0.0648106882882,100.0
30.950367,-0.569873862699,0.105461179167,0.756636023624,0.191364103289,-0.775810783473,1.23293705826,3.04456836876,4.34083604813,-0.318684508683,0.0862864193186,-0.0517718515911,1.48412641228,0.34437868688,-0.0333640821365,0.0659611738791,100.0
30.960380,-0.570640853093,0.10507768397,0.757019518821,0.190980608092,-0.77619427867,1.23370404866,3.04456836876,4.34083604813,-0.317917518289,0.0874369049095,-0.0517718515911,1.48450990748,0.344762182077,-0.0322135965456,0.0651941834851,100.0
30.970370,-0.57102434829,0.105461179167,0.756636023624,0.190980608092,-0.776577773867,1.23332055346,3.04495186395,4.34083604813,-0.318684508683,0.0878204001064,-0.0521553467881,1.48335942189,0.344762182077,-0.0322135965456,0.0648106882882,100.0
30.980369,-0.570640853093,0.105844674364,0.757019518821,0.190597112895,-0.775810783473,1.23332055346,3.04495186395,4.34083604813,-0.318684508683,0.0870534097125,-0.0517718515911,1.48412641228,0.344762182077,-0.0322135965456,0.0651941834851,100.0
30.990369,-0.570257357896,0.105461179167,0.757019518821,0.190980608092,-0.776577773867,1.23293705826,3.04456836876,4.34083604813,-0.31906800388,0.0870534097125,-0.0517718515911,1.48450990748,0.344762182077,-0.0322135965456,0.0644271930912,100.0
31.000367,-0.569873862699,0.10507768397,0.757019518821,0.191747598486,-0.77619427867,1.23332055346,3.04456836876,4.34083604813,-0.31906800388,0.0870534097125,-0.0517718515911,1.48450990748,0.345145677274,-0.0325970917426,0.0648106882882,100.0
31.010367,-0.571791338684,0.105844674364,0.757019518821,0.190980608092,-0.77619427867,1.23293705826,3.04418487356,4.34083604813,-0.318301013486,0.0870534097125,-0.0521553467881,1.48412641228,0.34437868688,-0.0325970917426,0.0651941834851,100.0
31.020366,-0.570257357896,0.105461179167,0.757786509215,0.190980608092,-0.77619427867,1.23293705826,3.04456836876,4.34083604813,-0.318301013486,0.0878204001064,-0.0513883563942,1.48374291708,0.345145677274,-0.0329805869395,0.0659611738791,100.0
31.030365,-0.570640853093,0.105461179167,0.757403014018,0.190213617698,-0.77619427867,1.23370404866,3.04456836876,4.34083604813,-0.318301013486,0.0874369049095,-0.052922337182,1.48450990748,0.34437868688,-0.0329805869395,0.0648106882882,100.0
31.040371,-0.570257357896,0.10507768397,0.755869033231,0.191364103289,-0.775810783473,1.23332055346,3.04495186395,4.34083604813,-0.318684508683,0.0874369049095,-0.0517718515911,1.48412641228,0.345529172471,-0.0329805869395,0.0651941834851,100.0
31.050370,-0.570257357896,0.10507768397,0.757019518821,0.190213617698,-0.776961269064,1.23332055346,3.04456836876,4.34083604813,-0.318684508683,0.0874369049095,-0.0513883563942,1.48450990748,0.34437868688,-0.0318301013486,0.0651941834851,100.0
31.060370,-0.569873862699,0.105844674364,0.757019518821,0.191364103289,-0.775810783473,1.23332055346,3.04533535915,4.34083604813,-0.318684508683,0.0862864193186,-0.0521553467881,1.48374291708,0.344762182077,-0.0322135965456,0.0651941834851,100.0
31.070367,-0.57102434829,0.106228169561,0.757403014018,0.191364103289,-0.776577773867,1.23293705826,3.04456836876,4.34083604813,-0.31906800388,0.0874369049095,-0.0521553467881,1.48374291708,0.345145677274,-0.0333640821365,0.0655776786821,100.0
31.080366,-0.570257357896,0.10507768397,0.756252528428,0.190597112895,-0.77619427867,1.23255356307,3.04456836876,4.34083604813,-0.318301013486,0.0866699145155,-0.0521553467881,1.48412641228,0.344762182077,-0.0322135965456,0.0655776786821,100.0
31.090368,-0.569873862699,0.105844674364,0.757403014018,0.189830122501,-0.775810783473,1.23293705826,3.04456836876,4.34083604813,-0.318301013486,0.0874369049095,-0.0517718515911,1.48335942189,0.344762182077,-0.0325970917426,0.0644271930912,100.0
31.100380,-0.570640853093,0.105461179167,0.756636023624,0.190597112895,-0.77619427867,1.23293705826,3.04533535915,4.34083604813,-0.318684508683,0.0874369049095,-0.0517718515911,1.48450990748,0.34437868688,-0.0325970917426,0.0651941834851,100.0
31.110367,-0.569873862699,0.10507768397,0.756636023624,0.191364103289,-0.77619427867,1.23332055346,3.04456836876,4.34083604813,-0.317917518289,0.0874369049095,-0.0521553467881,1.48412641228,0.34437868688,-0.0325970917426,0.0655776786821,100.0
31.120367,-0.570640853093,0.105461179167,0.757019518821,0.191364103289,-0.776577773867,1.23217006787,3.04456836876,4.34083604813,-0.318301013486,0.0870534097125,-0.0521553467881,1.48412641228,0.344762182077,-0.0318301013486,0.0651941834851,100.0
31.130366,-0.570640853093,0.105844674364,0.757019518821,0.190597112895,-0.776577773867,1.23293705826,3.04456836876,4.34083604813,-0.317534023092,0.0870534097125,-0.0513883563942,1.48450990748,0.34437868688,-0.0325970917426,0.0655776786821,100.0
31.140367,-0.570640853093,0.106228169561,0.756636023624,0.190980608092,-0.77619427867,1.23217006787,3.04533535915,4.34083604813,-0.318301013486,0.0866699145155,-0.0525388419851,1.48335942189,0.344762182077,-0.0329805869395,0.0648106882882,100.0
31.150367,-0.570640853093,0.105461179167,0.756636023624,0.190980608092,-0.776577773867,1.23332055346,3.04456836876,4.34083604813,-0.318301013486,0.0866699145155,-0.0513883563942,1.48412641228,0.34437868688,-0.0325970917426,0.0659611738791,100.0
31.160365,-0.570640853093,0.10507768397,0.757019518821,0.190597112895,-0.77619427867,1.23293705826,3.04495186395,4.34083604813,-0.317917518289,0.0870534097125,-0.0521553467881,1.48412641228,0.344762182077,-0.0325970917426,0.0655776786821,100.0
31.170363,-0.570640853093,0.105461179167,0.757019518821,0.190213617698,-0.775427288276,1.23255356307,3.04456836876,4.34083604813,-0.317917518289,0.0874369049095,-0.0521553467881,1.48374291708,0.344762182077,-0.0325970917426,0.0659611738791,100.0
31.180381,-0.570257357896,0.10507768397,0.756636023624,0.190597112895,-0.776577773867,1.23370404866,3.04456836876,4.34083604813,-0.318301013486,0.0870534097125,-0.0525388419851,1.48489340267,0.344762182077,-0.0325970917426,0.0651941834851,100.0
31.190369,-0.570640853093,0.105461179167,0.757019518821,0.190597112895,-0.776577773867,1.23332055346,3.04418487356,4.34083604813,-0.317917518289,0.0862864193186,-0.0517718515911,1.48450990748,0.345145677274,-0.0322135965456,0.0655776786821,100.0
31.200389,-0.570640853093,0.10507768397,0.756636023624,0.189830122501,-0.775810783473,1.23332055346,3.04456836876,4.34083604813,-0.318684508683,0.0862864193186,-0.0525388419851,1.48412641228,0.345145677274,-0.0322135965456,0.0651941834851,100.0
31.210371,-0.570640853093,0.105461179167,0.757019518821,0.192131093683,-0.77619427867,1.23293705826,3.04380137836,4.34083604813,-0.318301013486,0.0870534097125,-0.0525388419851,1.48412641228,0.34437868688,-0.0318301013486,0.0659611738791,100.0
31.220390,-0.570640853093,0.105844674364,0.756636023624,0.190980608092,-0.77619427867,1.23332055346,3.04418487356,4.34083604813,-0.318684508683,0.0866699145155,-0.0521553467881,1.48297592669,0.344762182077,-0.0318301013486,0.0648106882882,100.0
31.230370,-0.570640853093,0.105461179167,0.756636023624,0.189830122501,-0.77619427867,1.23408754385,3.04456836876,4.34083604813,-0.31906800388,0.0870534097125,-0.0513883563942,1.48335942189,0.344762182077,-0.0329805869395,0.0651941834851,100.0
31.240365,-0.570257357896,0.105461179167,0.757403014018,0.191364103289,-0.775810783473,1.23370404866,3.04495186395,4.34083604813,-0.318684508683,0.0878204001064,-0.0525388419851,1.48374291708,0.344762182077,-0.0333640821365,0.0651941834851,100.0
31.250371,-0.570640853093,0.105461179167,0.756636023624,0.190597112895,-0.77619427867,1.23255356307,3.04495186395,4.34083604813,-0.318301013486,0.0866699145155,-0.0525388419851,1.48335942189,0.345145677274,-0.0322135965456,0.0644271930912,100.0
31.260366,-0.570257357896,0.105461179167,0.756636023624,0.190980608092,-0.776577773867,1.23255356307,3.04456836876,4.34083604813,-0.317534023092,0.0870534097125,-0.0513883563942,1.48412641228,0.343995191683,-0.0325970917426,0.0655776786821,100.0
31.270364,-0.570640853093,0.105844674364,0.757786509215,0.190213617698,-0.775810783473,1.23293705826,3.04495186395,4.34083604813,-0.318684508683,0.0874369049095,-0.0517718515911,1.48412641228,0.344762182077,-0.0329805869395,0.0640436978942,100.0
31.280363,-0.570640853093,0.105461179167,0.757403014018,0.190213617698,-0.776577773867,1.23255356307,3.04495186395,4.34083604813,-0.318301013486,0.0862864193186,-0.0517718515911,1.48335942189,0.345145677274,-0.0329805869395,0.0651941834851,100.0
31.290367,-0.57102434829,0.105461179167,0.756636023624,0.190980608092,-0.776577773867,1.23332055346,3.04456836876,4.34083604813,-0.318301013486,0.0874369049095,-0.0521553467881,1.48374291708,0.345145677274,-0.0318301013486,0.0644271930912,100.0
31.300363,-0.569873862699,0.105461179167,0.756636023624,0.190213617698,-0.775810783473,1.23370404866,3.04456836876,4.34083604813,-0.318684508683,0.0874369049095,-0.0517718515911,1.48412641228,0.344762182077,-0.0325970917426,0.0655776786821,100.0
31.310364,-0.570257357896,0.105844674364,0.757019518821,0.190980608092,-0.775810783473,1.23217006787,3.04456836876,4.34083604813,-0.318301013486,0.0878204001064,-0.0521553467881,1.48412641228,0.34437868688,-0.0325970917426,0.0655776786821,100.0
31.320361,-0.57102434829,0.105461179167,0.757403014018,0.191747598486,-0.775810783473,1.23293705826,3.04533535915,4.34083604813,-0.318684508683,0.0866699145155,-0.0521553467881,1.48374291708,0.344762182077,-0.0325970917426,0.0651941834851,100.0
31.330364,-0.569873862699,0.105461179167,0.757403014018,0.190980608092,-0.77619427867,1.23255356307,3.04495186395,4.34083604813,-0.31906800388,0.0874369049095,-0.0517718515911,1.48527689787,0.344762182077,-0.0325970917426,0.0644271930912,100.0
31.340364,-0.57102434829,0.105844674364,0.757019518821,0.190597112895,-0.77619427867,1.23332055346,3.04533535915,4.34083604813,-0.318684508683,0.0870534097125,-0.0525388419851,1.48450990748,0.343995191683,-0.0322135965456,0.0648106882882,100.0
31.350365,-0.570640853093,0.10507768397,0.756636023624,0.190597112895,-0.775427288276,1.23293705826,3.04495186395,4.34083604813,-0.31906800388,0.0878204001064,-0.0517718515911,1.48412641228,0.344762182077,-0.0318301013486,0.0651941834851,100.0
31.360363,-0.570257357896,0.10507768397,0.756636023624,0.190597112895,-0.776577773867,1.23217006787,3.04533535915,4.34083604813,-0.31906800388,0.0866699145155,-0.0517718515911,1.48489340267,0.344762182077,-0.0325970917426,0.0655776786821,100.0
31.370363,-0.569873862699,0.106228169561,0.757019518821,0.190597112895,-0.775810783473,1.23293705826,3.04495186395,4.34083604813,-0.318301013486,0.0866699145155,-0.0517718515911,1.48412641228,0.344762182077,-0.0325970917426,0.0644271930912,100.0
31.380361,-0.570640853093,0.105461179167,0.757403014018,0.191747598486,-0.775810783473,1.23255356307,3.04418487356,4.34083604813,-0.318684508683,0.0874369049095,-0.0517718515911,1.48374291708,0.344762182077,-0.0318301013486,0.0648106882882,100.0
31.390363,-0.571407843487,0.10507768397,0.756252528428,0.190980608092,-0.77619427867,1.23255356307,3.04456836876,4.34083604813,-0.317917518289,0.0874369049095,-0.0525388419851,1.48412641228,0.344762182077,-0.0314466061517,0.0651941834851,100.0
31.400363,-0.570257357896,0.10507768397,0.757019518821,0.190213617698,-0.77619427867,1.23293705826,3.04571885435,4.34083604813,-0.318301013486,0.0866699145155,-0.0510048611972,1.48489340267,0.344762182077,-0.0325970917426,0.0648106882882,100.0
31.410380,-0.570257357896,0.10507768397,0.757403014018,0.190597112895,-0.77619427867,1.23332055346,3.04456836876,4.34083604813,-0.317917518289,0.0878204001064,-0.0517718515911,1.48412641228,0.344762182077,-0.0322135965456,0.0659611738791,100.0
31.420369,-0.570257357896,0.105461179167,0.756252528428,0.191747598486,-0.77619427867,1.23293705826,3.04456836876,4.34083604813,-0.318301013486,0.0862864193186,-0.0521553467881,1.48412641228,0.343995191683,-0.0329805869395,0.0651941834851,100.0
31.430371,-0.570257357896,0.105844674364,0.756252528428,0.189063132107,-0.775810783473,1.23255356307,3.04456836876,4.34083604813,-0.318301013486,0.0870534097125,-0.0517718515911,1.48412641228,0.344762182077,-0.0329805869395,0.0648106882882,100.0
31.440371,-0.570640853093,0.10507768397,0.757019518821,0.190213617698,-0.776577773867,1.23293705826,3.04456836876,4.34083604813,-0.317917518289,0.0882038953034,-0.0521553467881,1.48450990748,0.344762182077,-0.0325970917426,0.0655776786821,100.0
31.450367,-0.570640853093,0.10507768397,0.756636023624,0.191747598486,-0.77619427867,1.23293705826,3.04495186395,4.34083604813,-0.317917518289,0.0866699145155,-0.0525388419851,1.48374291708,0.34437868688,-0.0314466061517,0.0659611738791,100.0
31.460368,-0.569873862699,0.10507768397,0.757019518821,0.189830122501,-0.77619427867,1.23255356307,3.04456836876,4.34083604813,-0.319451499077,0.0878204001064,-0.0525388419851,1.48412641228,0.344762182077,-0.0322135965456,0.0651941834851,100.0
31.470366,-0.570640853093,0.10507768397,0.757019518821,0.190597112895,-0.77619427867,1.23255356307,3.04495186395,4.34083604813,-0.318301013486,0.0870534097125,-0.0521553467881,1.48374291708,0.345145677274,-0.0322135965456,0.0651941834851,100.0
31.480364,-0.570640853093,0.105461179167,0.756636023624,0.190213617698,-0.776577773867,1.23293705826,3.04533535915,4.34083604813,-0.318301013486,0.0870534097125,-0.0525388419851,1.48450990748,0.344762182077,-0.0322135965456,0.0648106882882,100.0
31.490370,-0.569873862699,0.105461179167,0.757019518821,0.190980608092,-0.776577773867,1.23293705826,3.04456836876,4.34083604813,-0.318301013486,0.0866699145155,-0.0513883563942,1.48412641228,0.34437868688,-0.0322135965456,0.0648106882882,100.0
31.500367,-0.570640853093,0.105844674364,0.756636023624,0.190597112895,-0.775427288276,1.23255356307,3.04495186395,4.34083604813,-0.317917518289,0.0862864193186,-0.0517718515911,1.48374291708,0.344762182077,-0.0325970917426,0.0644271930912,100.0
31.510367,-0.570257357896,0.10507768397,0.756636023624,0.190213617698,-0.77619427867,1.23408754385,3.04495186395,4.34083604813,-0.318684508683,0.0870534097125,-0.0517718515911,1.48374291708,0.345529172471,-0.0322135965456,0.0651941834851,100.0
31.520366,-0.570257357896,0.105461179167,0.757019518821,0.190213617698,-0.77619427867,1.23370404866,3.04495186395,4.34083604813,-0.318301013486,0.0870534097125,-0.0525388419851,1.48374291708,0.34437868688,-0.0318301013486,0.0648106882882,100.0
31.530368,-0.570640853093,0.105844674364,0.756636023624,0.190597112895,-0.77619427867,1.23332055346,3.04495186395,4.34083604813,-0.318684508683,0.0866699145155,-0.0521553467881,1.48450990748,0.345145677274,-0.0322135965456,0.0655776786821,100.0
31.540367,-0.570640853093,0.105461179167,0.756636023624,0.190597112895,-0.77619427867,1.23293705826,3.04495186395,4.34083604813,-0.31906800388,0.0866699145155,-0.0521553467881,1.48335942189,0.344762182077,-0.0318301013486,0.066344669076,100.0
31.550366,-0.570257357896,0.105844674364,0.756636023624,0.191747598486,-0.77619427867,1.23255356307,3.04495186395,4.34083604813,-0.318684508683,0.0874369049095,-0.0517718515911,1.48374291708,0.344762182077,-0.0322135965456,0.0640436978942,100.0
31.560366,-0.570257357896,0.105844674364,0.757019518821,0.190597112895,-0.775427288276,1.23293705826,3.04456836876,4.34083604813,-0.318684508683,0.0866699145155,-0.0517718515911,1.48450990748,0.344762182077,-0.0322135965456,0.0655776786821,100.0
31.570387,-0.570640853093,0.105461179167,0.757019518821,0.190213617698,-0.77619427867,1.23408754385,3.04495186395,4.34083604813,-0.317917518289,0.0878204001064,-0.0513883563942,1.48374291708,0.34437868688,-0.0325970917426,0.0651941834851,100.0
31.580368,-0.570640853093,0.105461179167,0.757019518821,0.190597112895,-0.776577773867,1.23255356307,3.04495186395,4.34083604813,-0.318301013486,0.0870534097125,-0.0521553467881,1.48335942189,0.345145677274,-0.0322135965456,0.0655776786821,100.0
31.590367,-0.570257357896,0.10507768397,0.756636023624,0.190980608092,-0.77619427867,1.23217006787,3.04456836876,4.34083604813,-0.318301013486,0.0866699145155,-0.0521553467881,1.48374291708,0.344762182077,-0.0325970917426,0.0651941834851,100.0
31.600365,-0.569873862699,0.104694188773,0.757403014018,0.190980608092,-0.77619427867,1.23255356307,3.04456836876,4.34083604813,-0.318301013486,0.0874369049095,-0.0525388419851,1.48335942189,0.344762182077,-0.0314466061517,0.0644271930912,100.0
31.610364,-0.569873862699,0.10507768397,0.756252528428,0.190597112895,-0.77619427867,1.23255356307,3.04418487356,4.34083604813,-0.318301013486,0.0862864193186,-0.052922337182,1.48489340267,0.344762182077,-0.0325970917426,0.0651941834851,100.0
31.620369,-0.57102434829,0.105461179167,0.757403014018,0.192131093683,-0.776577773867,1.23293705826,3.04418487356,4.34083604813,-0.318301013486,0.0878204001064,-0.0517718515911,1.48335942189,0.345145677274,-0.0322135965456,0.0648106882882,100.0
31.630365,-0.570640853093,0.10507768397,0.756636023624,0.190597112895,-0.775810783473,1.23370404866,3.04533535915,4.34083604813,-0.317917518289,0.0874369049095,-0.0525388419851,1.48374291708,0.34437868688,-0.0325970917426,0.0644271930912,100.0
31.640365,-0.570640853093,0.105461179167,0.757019518821,0.190597112895,-0.77619427867,1.23332055346,3.04495186395,4.34083604813,-0.317917518289,0.0874369049095,-0.052922337182,1.48412641228,0.34437868688,-0.0329805869395,0.0655776786821,100.0
31.650364,-0.569873862699,0.105461179167,0.756636023624,0.190597112895,-0.776577773867,1.23255356307,3.04456836876,4.34083604813,-0.317534023092,0.0882038953034,-0.0521553467881,1.48450990748,0.344762182077,-0.0325970917426,0.0655776786821,100.0
31.660365,-0.570257357896,0.105461179167,0.757019518821,0.190597112895,-0.77619427867,1.23370404866,3.04456836876,4.34083604813,-0.318684508683,0.0870534097125,-0.0521553467881,1.48450990748,0.345145677274,-0.0322135965456,0.0651941834851,100.0
31.670369,-0.569873862699,0.105461179167,0.757019518821,0.189830122501,-0.776577773867,1.23408754385,3.04456836876,4.34083604813,-0.318684508683,0.0870534097125,-0.0525388419851,1.48412641228,0.345145677274,-0.0322135965456,0.0651941834851,100.0
31.680383,-0.570640853093,0.10507768397,0.756636023624,0.192131093683,-0.775427288276,1.23293705826,3.04456836876,4.34083604813,-0.318684508683,0.0866699145155,-0.0525388419851,1.48374291708,0.344762182077,-0.0325970917426,0.0655776786821,100.0
31.690369,-0.570257357896,0.105461179167,0.757019518821,0.190597112895,-0.776577773867,1.23293705826,3.04533535915,4.34083604813,-0.318301013486,0.0874369049095,-0.0525388419851,1.48374291708,0.34437868688,-0.0322135965456,0.0655776786821,100.0
31.700365,-0.57102434829,0.10507768397,0.757019518821,0.190597112895,-0.77619427867,1.23332055346,3.04456836876,4.34083604813,-0.319451499077,0.0870534097125,-0.0517718515911,1.48374291708,0.344762182077,-0.0322135965456,0.0648106882882,100.0
31.710364,-0.569490367502,0.10507768397,0.756636023624,0.190597112895,-0.77619427867,1.23332055346,3.04456836876,4.34083604813,-0.318301013486,0.0862864193186,-0.0521553467881,1.48374291708,0.34437868688,-0.0329805869395,0.0655776786821,100.0
31.720368,-0.569873862699,0.105844674364,0.756636023624,0.190980608092,-0.775810783473,1.23293705826,3.04533535915,4.34083604813,-0.317917518289,0.0866699145155,-0.0517718515911,1.48450990748,0.344762182077,-0.0329805869395,0.0648106882882,100.0
31.730364,-0.570640853093,0.105461179167,0.757019518821,0.189830122501,-0.775810783473,1.23293705826,3.04495186395,4.34083604813,-0.31906800388,0.0866699145155,-0.0517718515911,1.48412641228,0.344762182077,-0.0325970917426,0.0644271930912,100.0
31.740372,-0.570257357896,0.105844674364,0.756636023624,0.190213617698,-0.775427288276,1.23408754385,3.04456836876,4.34083604813,-0.318684508683,0.0874369049095,-0.0521553467881,1.48374291708,0.345145677274,-0.0325970917426,0.0655776786821,100.0
31.750370,-0.570257357896,0.105461179167,0.757019518821,0.190980608092,-0.776577773867,1.23255356307,3.04456836876,4.34083604813,-0.318301013486,0.0866699145155,-0.0521553467881,1.48412641228,0.34437868688,-0.0329805869395,0.0659611738791,100.0
31.760365,-0.570640853093,0.105461179167,0.757403014018,0.190980608092,-0.77619427867,1.23217006787,3.04533535915,4.34083604813,-0.317917518289,0.0866699145155,-0.052922337182,1.48374291708,0.344762182077,-0.0322135965456,0.0651941834851,100.0
31.770367,-0.570640853093,0.10507768397,0.756252528428,0.190213617698,-0.776577773867,1.23293705826,3.04495186395,4.34083604813,-0.318301013486,0.0870534097125,-0.0521553467881,1.48374291708,0.345529172471,-0.0325970917426,0.0659611738791,100.0
31.780372,-0.570257357896,0.105461179167,0.756636023624,0.190980608092,-0.776577773867,1.23332055346,3.04495186395,4.34083604813,-0.318684508683,0.0866699145155,-0.0521553467881,1.48450990748,0.345145677274,-0.0325970917426,0.0644271930912,100.0
31.790367,-0.570640853093,0.10507768397,0.757019518821,0.190597112895,-0.776577773867,1.23293705826,3.04495186395,4.34083604813,-0.31906800388,0.0866699145155,-0.0517718515911,1.48450990748,0.344762182077,-0.0329805869395,0.0651941834851,100.0
31.800371,-0.569873862699,0.105844674364,0.757019518821,0.190597112895,-0.77619427867,1.23332055346,3.04495186395,4.34083604813,-0.318684508683,0.0866699145155,-0.0521553467881,1.48450990748,0.34437868688,-0.0329805869395,0.0655776786821,100.0
31.810372,-0.57102434829,0.106228169561,0.756636023624,0.190597112895,-0.77619427867,1.23255356307,3.04418487356,4.34083604813,-0.317917518289,0.0874369049095,-0.0521553467881,1.48335942189,0.344762182077,-0.0325970917426,0.0651941834851,100.0
31.820369,-0.570257357896,0.10507768397,0.757019518821,0.190597112895,-0.77619427867,1.23293705826,3.04495186395,4.34083604813,-0.318684508683,0.0870534097125,-0.0525388419851,1.48374291708,0.344762182077,-0.0314466061517,0.0648106882882,100.0
31.830367,-0.570640853093,0.105844674364,0.757403014018,0.192131093683,-0.77619427867,1.23255356307,3.04456836876,4.34083604813,-0.317917518289,0.0866699145155,-0.0525388419851,1.48412641228,0.34437868688,-0.0322135965456,0.0651941834851,100.0
31.840363,-0.570640853093,0.105461179167,0.756636023624,0.191747598486,-0.77619427867,1.23293705826,3.04456836876,4.34083604813,-0.318301013486,0.0866699145155,-0.0525388419851,1.48335942189,0.344762182077,-0.0325970917426,0.0651941834851,100.0
31.850361,-0.570640853093,0.105461179167,0.757019518821,0.192131093683,-0.77619427867,1.23332055346,3.04495186395,4.34083604813,-0.318301013486,0.0870534097125,-0.052922337182,1.48450990748,0.34437868688,-0.0333640821365,0.0651941834851,100.0
31.860366,-0.570257357896,0.105844674364,0.757019518821,0.191747598486,-0.77619427867,1.23332055346,3.04456836876,4.34083604813,-0.318684508683,0.0866699145155,-0.0521553467881,1.48374291708,0.345145677274,-0.0325970917426,0.0651941834851,100.0
31.870365,-0.570257357896,0.10507768397,0.756636023624,0.190980608092,-0.77619427867,1.23370404866,3.04380137836,4.34083604813,-0.318684508683,0.0866699145155,-0.0517718515911,1.48412641228,0.344762182077,-0.0325970917426,0.0651941834851,100.0
31.880366,-0.570257357896,0.105844674364,0.756636023624,0.189830122501,-0.77619427867,1.23332055346,3.04495186395,4.34083604813,-0.318684508683,0.0870534097125,-0.0525388419851,1.48412641228,0.344762182077,-0.0318301013486,0.0648106882882,100.0
31.890367,-0.570257357896,0.105844674364,0.757403014018,0.189446627304,-0.77619427867,1.23370404866,3.04418487356,4.34083604813,-0.317917518289,0.0870534097125,-0.0521553467881,1.48335942189,0.34437868688,-0.0318301013486,0.0651941834851,100.0
31.900368,-0.570640853093,0.105844674364,0.757019518821,0.190213617698,-0.775810783473,1.23408754385,3.04456836876,4.34083604813,-0.318684508683,0.0866699145155,-0.0510048611972,1.48450990748,0.34437868688,-0.0329805869395,0.0655776786821,100.0
31.910366,-0.57102434829,0.105844674364,0.757019518821,0.190597112895,-0.775810783473,1.23255356307,3.04495186395,4.34083604813,-0.318301013486,0.0874369049095,-0.0521553467881,1.48374291708,0.344762182077,-0.0333640821365,0.0655776786821,100.0
31.920366,-0.570640853093,0.105461179167,0.757019518821,0.190213617698,-0.775810783473,1.23217006787,3.04418487356,4.34083604813,-0.318684508683,0.0878204001064,-0.0521553467881,1.48374291708,0.344762182077,-0.0333640821365,0.0648106882882,100.0
31.930366,-0.569873862699,0.105461179167,0.757019518821,0.190980608092,-0.77619427867,1.23293705826,3.04495186395,4.34083604813,-0.318301013486,0.0866699145155,-0.0521553467881,1.48374291708,0.344762182077,-0.0329805869395,0.0651941834851,100.0
31.940365,-0.569873862699,0.105461179167,0.756636023624,0.190597112895,-0.77619427867,1.23332055346,3.04456836876,4.34083604813,-0.317917518289,0.0870534097125,-0.0517718515911,1.48412641228,0.344762182077,-0.0322135965456,0.0640436978942,100.0
31.950363,-0.569873862699,0.104694188773,0.756636023624,0.190597112895,-0.775810783473,1.23293705826,3.04495186395,4.34083604813,-0.318301013486,0.0859029241216,-0.0521553467881,1.48374291708,0.344762182077,-0.0325970917426,0.0651941834851,100.0
31.960367,-0.570257357896,0.10507768397,0.757019518821,0.190597112895,-0.77619427867,1.23293705826,3.04456836876,4.34083604813,-0.318684508683,0.0878204001064,-0.0513883563942,1.48412641228,0.344762182077,-0.0322135965456,0.066344669076,100.0
31.970366,-0.570640853093,0.105844674364,0.757019518821,0.190980608092,-0.77619427867,1.23332055346,3.04456836876,4.34083604813,-0.317917518289,0.0874369049095,-0.0521553467881,1.48450990748,0.344762182077,-0.0325970917426,0.0655776786821,100.0
31.980370,-0.570640853093,0.105844674364,0.757403014018,0.190597112895,-0.77619427867,1.23332055346,3.04418487356,4.34083604813,-0.318301013486,0.0866699145155,-0.0525388419851,1.48335942189,0.34437868688,-0.0329805869395,0.0655776786821,100.0
31.990370,-0.570257357896,0.106228169561,0.757019518821,0.190980608092,-0.776577773867,1.23332055346,3.04456836876,4.34083604813,-0.318301013486,0.0878204001064,-0.0510048611972,1.48374291708,0.34437868688,-0.0325970917426,0.0655776786821,100.0
32.000369,-0.570257357896,0.105844674364,0.757786509215,0.191747598486,-0.775810783473,1.23255356307,3.04495186395,4.34083604813,-0.318684508683,0.0866699145155,-0.0521553467881,1.48412641228,0.343995191683,-0.0322135965456,0.0644271930912,100.0
32.010366,-0.570257357896,0.10507768397,0.756636023624,0.190597112895,-0.77619427867,1.23332055346,3.04533535915,4.34083604813,-0.318684508683,0.0866699145155,-0.052922337182,1.48374291708,0.343995191683,-0.0329805869395,0.0659611738791,100.0
32.020368,-0.570257357896,0.105844674364,0.756252528428,0.190597112895,-0.776577773867,1.23332055346,3.04418487356,4.34083604813,-0.317917518289,0.0866699145155,-0.0513883563942,1.48374291708,0.345529172471,-0.0329805869395,0.0655776786821,100.0
32.030370,-0.570640853093,0.10507768397,0.757019518821,0.190980608092,-0.775810783473,1.23370404866,3.04418487356,4.34083604813,-0.318301013486,0.0862864193186,-0.0521553467881,1.48412641228,0.344762182077,-0.0318301013486,0.0648106882882,100.0
32.040370,-0.569873862699,0.104694188773,0.756252528428,0.191747598486,-0.77619427867,1.23408754385,3.04456836876,4.34083604813,-0.318301013486,0.0866699145155,-0.0517718515911,1.48450990748,0.344762182077,-0.0322135965456,0.0648106882882,100.0
32.050365,-0.571407843487,0.105461179167,0.757019518821,0.191364103289,-0.775810783473,1.23255356307,3.04495186395,4.34083604813,-0.317150527895,0.0874369049095,-0.0521553467881,1.48374291708,0.344762182077,-0.0325970917426,0.0655776786821,100.0
32.060366,-0.569873862699,0.10507768397,0.756636023624,0.191364103289,-0.77619427867,1.23293705826,3.04456836876,4.34083604813,-0.31906800388,0.0874369049095,-0.0517718515911,1.48412641228,0.344762182077,-0.0318301013486,0.0651941834851,100.0
32.070367,-0.570257357896,0.105844674364,0.757019518821,0.190980608092,-0.77619427867,1.23293705826,3.04418487356,4.34083604813,-0.318684508683,0.0874369049095,-0.0521553467881,1.48335942189,0.345145677274,-0.0325970917426,0.0651941834851,100.0
32.080367,-0.569873862699,0.10507768397,0.757019518821,0.190980608092,-0.77619427867,1.23293705826,3.04418487356,4.34083604813,-0.31906800388,0.0878204001064,-0.0517718515911,1.48374291708,0.344762182077,-0.0322135965456,0.0655776786821,100.0
32.090366,-0.570257357896,0.105461179167,0.757403014018,0.190597112895,-0.77619427867,1.23293705826,3.04456836876,4.34083604813,-0.317534023092,0.0878204001064,-0.0521553467881,1.48335942189,0.344762182077,-0.0325970917426,0.0655776786821,100.0
32.100388,-0.569490367502,0.105461179167,0.755869033231,0.190980608092,-0.776577773867,1.23293705826,3.04533535915,4.34083604813,-0.318684508683,0.0866699145155,-0.0521553467881,1.48450990748,0.344762182077,-0.0325970917426,0.0655776786821,100.0
32.110372,-0.570257357896,0.105844674364,0.756636023624,0.190980608092,-0.776577773867,1.23332055346,3.04456836876,4.34083604813,-0.317534023092,0.0870534097125,-0.0517718515911,1.48374291708,0.34437868688,-0.0325970917426,0.0651941834851,100.0
32.120369,-0.569873862699,0.10507768397,0.757403014018,0.192131093683,-0.776577773867,1.23255356307,3.04418487356,4.34083604813,-0.318301013486,0.0866699145155,-0.0517718515911,1.48412641228,0.344762182077,-0.0318301013486,0.0651941834851,100.0
32.130367,-0.569490367502,0.105844674364,0.757403014018,0.191364103289,-0.776577773867,1.23255356307,3.04380137836,4.34083604813,-0.318684508683,0.0862864193186,-0.0525388419851,1.48489340267,0.344762182077,-0.0329805869395,0.0651941834851,100.0
32.140367,-0.570640853093,0.106228169561,0.756252528428,0.190980608092,-0.775810783473,1.23293705826,3.04495186395,4.34083604813,-0.318301013486,0.0870534097125,-0.0521553467881,1.48450990748,0.34437868688,-0.0322135965456,0.0648106882882,100.0
32.150389,-0.570257357896,0.105844674364,0.757403014018,0.189063132107,-0.77619427867,1.23255356307,3.04495186395,4.34083604813,-0.318301013486,0.0870534097125,-0.0525388419851,1.48335942189,0.344762182077,-0.0322135965456,0.0648106882882,100.0
32.160371,-0.570257357896,0.105844674364,0.757019518821,0.190213617698,-0.77619427867,1.23217006787,3.04456836876,4.34083604813,-0.318684508683,0.0874369049095,-0.0521553467881,1.48335942189,0.344762182077,-0.0329805869395,0.0644271930912,100.0
32.170368,-0.570640853093,0.105461179167,0.757019518821,0.190213617698,-0.775810783473,1.23255356307,3.04456836876,4.34083604813,-0.31906800388,0.0870534097125,-0.0517718515911,1.48374291708,0.344762182077,-0.0314466061517,0.0651941834851,100.0
32.180368,-0.570640853093,0.105461179167,0.757019518821,0.190980608092,-0.775810783473,1.23332055346,3.04495186395,4.34083604813,-0.318301013486,0.0874369049095,-0.0513883563942,1.48412641228,0.344762182077,-0.0329805869395,0.0644271930912,100.0
32.190366,-0.570257357896,0.105461179167,0.757786509215,0.190980608092,-0.77619427867,1.23217006787,3.04495186395,4.34083604813,-0.317917518289,0.0870534097125,-0.0521553467881,1.48374291708,0.344762182077,-0.0329805869395,0.0651941834851,100.0
32.200367,-0.570257357896,0.105844674364,0.756636023624,0.190980608092,-0.77619427867,1.23255356307,3.04495186395,4.34083604813,-0.318301013486,0.0859029241216,-0.0525388419851,1.48412641228,0.34437868688,-0.0325970917426,0.0651941834851,100.0
32.210372,-0.570257357896,0.105461179167,0.756636023624,0.190597112895,-0.77619427867,1.23332055346,3.04456836876,4.34083604813,-0.318301013486,0.0874369049095,-0.0525388419851,1.48489340267,0.344762182077,-0.0325970917426,0.0648106882882,100.0
32.220372,-0.570640853093,0.10507768397,0.756636023624,0.191364103289,-0.77619427867,1.23255356307,3.04380137836,4.34083604813,-0.31906800388,0.0870534097125,-0.0521553467881,1.48412641228,0.34437868688,-0.0318301013486,0.0651941834851,100.0
32.230370,-0.570640853093,0.10507768397,0.757019518821,0.189830122501,-0.776577773867,1.23293705826,3.04456836876,4.34083604813,-0.318301013486,0.0870534097125,-0.0521553467881,1.48374291708,0.34437868688,-0.0314466061517,0.0655776786821,100.0
32.240364,-0.570640853093,0.105844674364,0.757019518821,0.190980608092,-0.77619427867,1.23293705826,3.04495186395,4.34083604813,-0.318301013486,0.0866699145155,-0.0525388419851,1.48374291708,0.345145677274,-0.0329805869395,0.0655776786821,100.0
32.250362,-0.569873862699,0.105844674364,0.756636023624,0.191747598486,-0.77619427867,1.23293705826,3.04533535915,4.34083604813,-0.318301013486,0.0878204001064,-0.0513883563942,1.48412641228,0.344762182077,-0.0322135965456,0.0651941834851,100.0
32.260368,-0.570640853093,0.10507768397,0.756636023624,0.190980608092,-0.775810783473,1.23293705826,3.04456836876,4.34083604813,-0.317534023092,0.0870534097125,-0.0510048611972,1.48374291708,0.345529172471,-0.0325970917426,0.0640436978942,100.0
32.270369,-0.57102434829,0.10507768397,0.756636023624,0.190597112895,-0.77619427867,1.23370404866,3.04456836876,4.34083604813,-0.317534023092,0.0870534097125,-0.0513883563942,1.48450990748,0.344762182077,-0.0322135965456,0.0648106882882,100.0
32.280365,-0.569490367502,0.104694188773,0.757019518821,0.190980608092,-0.776577773867,1.23293705826,3.04456836876,4.34083604813,-0.318684508683,0.0874369049095,-0.0521553467881,1.48374291708,0.345145677274,-0.0329805869395,0.0648106882882,100.0
32.290365,-0.57102434829,0.10507768397,0.757019518821,0.190213617698,-0.77619427867,1.23255356307,3.04495186395,4.34083604813,-0.318301013486,0.0870534097125,-0.0525388419851,1.48412641228,0.344762182077,-0.0325970917426,0.0655776786821,100.0
32.300367,-0.57102434829,0.105844674364,0.756636023624,0.190597112895,-0.775810783473,1.23293705826,3.04610234954,4.34083604813,-0.318684508683,0.0862864193186,-0.0517718515911,1.48374291708,0.344762182077,-0.0318301013486,0.0648106882882,100.0
32.310368,-0.570640853093,0.105461179167,0.756252528428,0.190980608092,-0.775810783473,1.23255356307,3.04456836876,4.34083604813,-0.317917518289,0.0870534097125,-0.0517718515911,1.48374291708,0.34437868688,-0.0314466061517,0.0648106882882,100.0
32.320366,-0.569873862699,0.105844674364,0.756636023624,0.191747598486,-0.776577773867,1.23293705826,3.04495186395,4.34083604813,-0.317917518289,0.0862864193186,-0.0525388419851,1.48412641228,0.343995191683,-0.0318301013486,0.0648106882882,100.0
32.330364,-0.570640853093,0.105461179167,0.757019518821,0.191364103289,-0.775810783473,1.23255356307,3.04456836876,4.34083604813,-0.31906800388,0.0866699145155,-0.0517718515911,1.48335942189,0.344762182077,-0.0322135965456,0.0651941834851,100.0
32.340365,-0.570257357896,0.105844674364,0.757019518821,0.191747598486,-0.775427288276,1.23255356307,3.04456836876,4.34083604813,-0.318301013486,0.0870534097125,-0.0521553467881,1.48450990748,0.34437868688,-0.0325970917426,0.0651941834851,100.0
32.350366,-0.570640853093,0.105461179167,0.756636023624,0.191747598486,-0.77619427867,1.23293705826,3.04418487356,4.34083604813,-0.317917518289,0.0874369049095,-0.0517718515911,1.48374291708,0.345145677274,-0.0322135965456,0.0655776786821,100.0
32.360366,-0.569873862699,0.105844674364,0.756636023624,0.190213617698,-0.775427288276,1.23332055346,3.04380137836,4.34083604813,-0.317534023092,0.0862864193186,-0.0521553467881,1.48450990748,0.344762182077,-0.0329805869395,0.0659611738791,100.0
32.370364,-0.569873862699,0.105844674364,0.757019518821,0.190213617698,-0.776577773867,1.23255356307,3.04456836876,4.34083604813,-0.318301013486,0.0874369049095,-0.0525388419851,1.48374291708,0.344762182077,-0.0333640821365,0.0655776786821,100.0
32.380367,-0.569873862699,0.105461179167,0.756252528428,0.190980608092,-0.77619427867,1.23332055346,3.04533535915,4.34083604813,-0.317917518289,0.0866699145155,-0.0521553467881,1.48374291708,0.344762182077,-0.0325970917426,0.0655776786821,100.0
32.390367,-0.570257357896,0.105844674364,0.756252528428,0.191747598486,-0.775427288276,1.23293705826,3.04533535915,4.34083604813,-0.318684508683,0.0866699145155,-0.0521553467881,1.48412641228,0.34437868688,-0.0325970917426,0.0648106882882,100.0
32.400364,-0.570257357896,0.105844674364,0.756252528428,0.190213617698,-0.77619427867,1.23255356307,3.04456836876,4.34083604813,-0.317917518289,0.0874369049095,-0.0517718515911,1.48450990748,0.345145677274,-0.0325970917426,0.0644271930912,100.0
32.410364,-0.570257357896,0.105461179167,0.757019518821,0.190213617698,-0.77619427867,1.23293705826,3.04418487356,4.34083604813,-0.318301013486,0.0870534097125,-0.0521553467881,1.48450990748,0.345145677274,-0.0325970917426,0.0659611738791,100.0
32.420365,-0.570257357896,0.105461179167,0.756636023624,0.190213617698,-0.775810783473,1.23255356307,3.04533535915,4.34083604813,-0.318301013486,0.0870534097125,-0.0517718515911,1.48412641228,0.344762182077,-0.0325970917426,0.0651941834851,100.0
32.430365,-0.569873862699,0.106228169561,0.757403014018,0.191747598486,-0.77619427867,1.23293705826,3.04495186395,4.34083604813,-0.318684508683,0.0874369049095,-0.0517718515911,1.48297592669,0.345529172471,-0.0325970917426,0.0651941834851,100.0
32.440362,-0.57102434829,0.105844674364,0.756252528428,0.191747598486,-0.775810783473,1.23332055346,3.04456836876,4.34083604813,-0.317917518289,0.0874369049095,-0.0521553467881,1.48450990748,0.344762182077,-0.0318301013486,0.0651941834851,100.0
32.450365,-0.570640853093,0.105844674364,0.756636023624,0.190980608092,-0.775810783473,1.23293705826,3.04418487356,4.34083604813,-0.318684508683,0.0870534097125,-0.0521553467881,1.48297592669,0.34437868688,-0.0329805869395,0.0651941834851,100.0
32.460371,-0.57102434829,0.105844674364,0.756636023624,0.190213617698,-0.77619427867,1.23255356307,3.04495186395,4.34083604813,-0.317917518289,0.0866699145155,-0.0521553467881,1.48412641228,0.345145677274,-0.0325970917426,0.0659611738791,100.0
32.470372,-0.570257357896,0.105461179167,0.757019518821,0.190597112895,-0.776577773867,1.23293705826,3.04456836876,4.34083604813,-0.318301013486,0.0874369049095,-0.0521553467881,1.48374291708,0.344762182077,-0.0329805869395,0.0655776786821,100.0
32.480369,-0.570640853093,0.105844674364,0.757403014018,0.191747598486,-0.775810783473,1.23332055346,3.04456836876,4.34083604813,-0.318684508683,0.0866699145155,-0.0525388419851,1.48450990748,0.344762182077,-0.0329805869395,0.0651941834851,100.0
32.490370,-0.570640853093,0.105461179167,0.756636023624,0.191364103289,-0.776577773867,1.23255356307,3.04495186395,4.34083604813,-0.318301013486,0.0882038953034,-0.0521553467881,1.48374291708,0.34437868688,-0.0322135965456,0.0651941834851,100.0
32.500367,-0.570640853093,0.105461179167,0.756636023624,0.192131093683,-0.776577773867,1.23293705826,3.04533535915,4.34083604813,-0.318301013486,0.0870534097125,-0.0521553467881,1.48412641228,0.345145677274,-0.0325970917426,0.0644271930912,100.0
32.510369,-0.570257357896,0.106228169561,0.757019518821,0.190980608092,-0.77619427867,1.23370404866,3.04533535915,4.34083604813,-0.318684508683,0.0878204001064,-0.0525388419851,1.48450990748,0.344762182077,-0.0325970917426,0.0644271930912,100.0
32.520369,-0.570257357896,0.105844674364,0.756636023624,0.191747598486,-0.77619427867,1.23332055346,3.04456836876,4.34083604813,-0.318684508683,0.0859029241216,-0.0521553467881,1.48374291708,0.34437868688,-0.0325970917426,0.0651941834851,100.0
32.530362,-0.569490367502,0.10507768397,0.756636023624,0.192131093683,-0.77619427867,1.23332055346,3.04456836876,4.34083604813,-0.318301013486,0.0870534097125,-0.0517718515911,1.48374291708,0.344762182077,-0.0329805869395,0.0659611738791,100.0
32.540367,-0.570640853093,0.105844674364,0.757019518821,0.190597112895,-0.776577773867,1.23255356307,3.04456836876,4.34083604813,-0.318301013486,0.0874369049095,-0.0517718515911,1.48450990748,0.345145677274,-0.0333640821365,0.0655776786821,100.0
32.550368,-0.571407843487,0.105844674364,0.756636023624,0.190213617698,-0.776577773867,1.23255356307,3.04456836876,4.34083604813,-0.317917518289,0.0878204001064,-0.0517718515911,1.48450990748,0.344762182077,-0.0322135965456,0.0655776786821,100.0
32.560368,-0.570640853093,0.105461179167,0.756252528428,0.191747598486,-0.77619427867,1.23370404866,3.04456836876,4.34083604813,-0.318301013486,0.0866699145155,-0.0521553467881,1.48412641228,0.344762182077,-0.0329805869395,0.0659611738791,100.0
32.570371,-0.569873862699,0.105461179167,0.756636023624,0.191364103289,-0.77619427867,1.23293705826,3.04456836876,4.34083604813,-0.318684508683,0.0878204001064,-0.0517718515911,1.48412641228,0.344762182077,-0.0329805869395,0.0651941834851,100.0
32.580369,-0.570640853093,0.105461179167,0.757019518821,0.192131093683,-0.776577773867,1.23332055346,3.04456836876,4.34083604813,-0.317917518289,0.0862864193186,-0.0517718515911,1.48412641228,0.344762182077,-0.0329805869395,0.0648106882882,100.0
32.590371,-0.570640853093,0.105844674364,0.756252528428,0.191364103289,-0.775810783473,1.23255356307,3.04495186395,4.34083604813,-0.318301013486,0.0870534097125,-0.0510048611972,1.48489340267,0.34437868688,-0.0329805869395,0.0651941834851,100.0
32.600367,-0.570257357896,0.10507768397,0.756636023624,0.191364103289,-0.77619427867,1.23408754385,3.04495186395,4.34083604813,-0.318684508683,0.0866699145155,-0.0521553467881,1.48412641228,0.345145677274,-0.0322135965456,0.0651941834851,100.0
32.610369,-0.570257357896,0.105844674364,0.756636023624,0.19251458888,-0.776577773867,1.23293705826,3.04533535915,4.34083604813,-0.318301013486,0.0866699145155,-0.053689327576,1.48489340267,0.345145677274,-0.0329805869395,0.0655776786821,100.0
32.620370,-0.569490367502,0.105461179167,0.756252528428,0.192131093683,-0.776577773867,1.23255356307,3.04533535915,4.34083604813,-0.318301013486,0.0878204001064,-0.0517718515911,1.48450990748,0.344762182077,-0.0325970917426,0.0655776786821,100.0
32.630371,-0.570257357896,0.105461179167,0.756636023624,0.191364103289,-0.775427288276,1.23293705826,3.04533535915,4.34083604813,-0.317917518289,0.0870534097125,-0.0517718515911,1.48374291708,0.344762182077,-0.0325970917426,0.0659611738791,100.0
32.640371,-0.570257357896,0.105461179167,0.756252528428,0.191364103289,-0.775810783473,1.23255356307,3.04456836876,4.34083604813,-0.317917518289,0.0874369049095,-0.0513883563942,1.48412641228,0.343995191683,-0.0322135965456,0.0648106882882,100.0
32.650367,-0.571407843487,0.105461179167,0.757019518821,0.190980608092,-0.77619427867,1.23217006787,3.04456836876,4.34083604813,-0.318301013486,0.0862864193186,-0.0521553467881,1.48412641228,0.343995191683,-0.0318301013486,0.0651941834851,100.0
32.660383,-0.57102434829,0.105461179167,0.756252528428,0.192131093683,-0.776577773867,1.23293705826,3.04495186395,4.34083604813,-0.318684508683,0.0866699145155,-0.0521553467881,1.48412641228,0.343995191683,-0.0318301013486,0.0644271930912,100.0
32.670370,-0.569873862699,0.105461179167,0.756636023624,0.190980608092,-0.77619427867,1.23293705826,3.04456836876,4.34083604813,-0.318301013486,0.0866699145155,-0.0525388419851,1.48412641228,0.345145677274,-0.0322135965456,0.0648106882882,100.0
32.680369,-0.570257357896,0.105844674364,0.756636023624,0.191747598486,-0.775810783473,1.23255356307,3.04495186395,4.34083604813,-0.31906800388,0.0870534097125,-0.0513883563942,1.48450990748,0.344762182077,-0.0322135965456,0.0640436978942,100.0
32.690378,-0.570640853093,0.10507768397,0.756636023624,0.191747598486,-0.776577773867,1.23217006787,3.04495186395,4.34083604813,-0.318684508683,0.0866699145155,-0.0513883563942,1.48374291708,0.34437868688,-0.0325970917426,0.0651941834851,100.0
32.700368,-0.570640853093,0.105844674364,0.756636023624,0.191747598486,-0.775810783473,1.23255356307,3.04495186395,4.34083604813,-0.318301013486,0.0862864193186,-0.0521553467881,1.48450990748,0.344762182077,-0.0322135965456,0.0651941834851,100.0
32.710355,-0.570257357896,0.104694188773,0.756636023624,0.192131093683,-0.775810783473,1.23293705826,3.04418487356,4.34083604813,-0.317534023092,0.0874369049095,-0.0517718515911,1.48374291708,0.34437868688,-0.0322135965456,0.0655776786821,100.0
32.720391,-0.569873862699,0.105461179167,0.756636023624,0.190980608092,-0.775810783473,1.23408754385,3.04456836876,4.34083604813,-0.318301013486,0.0870534097125,-0.0517718515911,1.48412641228,0.345145677274,-0.0322135965456,0.0659611738791,100.0
32.730386,-0.570257357896,0.105844674364,0.755869033231,0.192131093683,-0.77619427867,1.23332055346,3.04533535915,4.34083604813,-0.318301013486,0.0866699145155,-0.0521553467881,1.48374291708,0.344762182077,-0.0318301013486,0.0644271930912,100.0
32.740372,-0.570640853093,0.106228169561,0.756636023624,0.191364103289,-0.775810783473,1.23293705826,3.04456836876,4.34083604813,-0.318684508683,0.0859029241216,-0.0525388419851,1.48450990748,0.344762182077,-0.0322135965456,0.0648106882882,100.0
32.750369,-0.569873862699,0.105844674364,0.756636023624,0.192131093683,-0.776577773867,1.23293705826,3.04495186395,4.34083604813,-0.31906800388,0.0866699145155,-0.0513883563942,1.48374291708,0.34437868688,-0.0322135965456,0.0655776786821,100.0
32.760373,-0.570257357896,0.105461179167,0.757019518821,0.191747598486,-0.775810783473,1.23293705826,3.04533535915,4.34083604813,-0.318301013486,0.0878204001064,-0.0517718515911,1.48412641228,0.344762182077,-0.0329805869395,0.0655776786821,100.0
32.770367,-0.569873862699,0.106228169561,0.756252528428,0.191364103289,-0.775810783473,1.23255356307,3.04495186395,4.34083604813,-0.318301013486,0.0870534097125,-0.0521553467881,1.48412641228,0.345145677274,-0.0329805869395,0.0655776786821,100.0
32.780372,-0.57102434829,0.106228169561,0.756636023624,0.190597112895,-0.77619427867,1.23293705826,3.04456836876,4.34083604813,-0.318301013486,0.0866699145155,-0.0517718515911,1.48489340267,0.34437868688,-0.0322135965456,0.0648106882882,100.0
32.790376,-0.570257357896,0.10507768397,0.755869033231,0.190980608092,-0.775810783473,1.23293705826,3.04456836876,4.34083604813,-0.318684508683,0.0862864193186,-0.0517718515911,1.48450990748,0.344762182077,-0.0333640821365,0.0651941834851,100.0
32.800370,-0.570257357896,0.106228169561,0.756252528428,0.190597112895,-0.775810783473,1.23293705826,3.04495186395,4.34083604813,-0.317917518289,0.0874369049095,-0.0521553467881,1.48450990748,0.344762182077,-0.0325970917426,0.0644271930912,100.0
32.810371,-0.570257357896,0.10507768397,0.756252528428,0.191364103289,-0.776577773867,1.23370404866,3.04456836876,4.34083604813,-0.318684508683,0.0866699145155,-0.0517718515911,1.48412641228,0.344762182077,-0.0329805869395,0.0648106882882,100.0
32.820369,-0.570257357896,0.105844674364,0.756636023624,0.190980608092,-0.775810783473,1.23332055346,3.04495186395,4.34083604813,-0.318301013486,0.0870534097125,-0.0517718515911,1.48412641228,0.345145677274,-0.0325970917426,0.0651941834851,100.0
32.830391,-0.570257357896,0.105844674364,0.757019518821,0.190980608092,-0.775810783473,1.23293705826,3.04456836876,4.34083604813,-0.318684508683,0.0866699145155,-0.0517718515911,1.48374291708,0.34437868688,-0.0325970917426,0.0648106882882,100.0
32.840370,-0.570257357896,0.10507768397,0.757019518821,0.192131093683,-0.77619427867,1.23217006787,3.04456836876,4.34083604813,-0.31906800388,0.0878204001064,-0.0525388419851,1.48374291708,0.345145677274,-0.0318301013486,0.0659611738791,100.0
32.850368,-0.569873862699,0.105844674364,0.755869033231,0.190980608092,-0.77619427867,1.23255356307,3.04456836876,4.34083604813,-0.31906800388,0.0874369049095,-0.0513883563942,1.48412641228,0.344762182077,-0.0329805869395,0.0651941834851,100.0
32.860383,-0.570640853093,0.105461179167,0.756636023624,0.190597112895,-0.775427288276,1.23293705826,3.04533535915,4.34083604813,-0.318301013486,0.0870534097125,-0.0525388419851,1.48412641228,0.345145677274,-0.0322135965456,0.0644271930912,100.0
32.870372,-0.570257357896,0.105461179167,0.756636023624,0.191747598486,-0.77619427867,1.23293705826,3.04456836876,4.34083604813,-0.318301013486,0.0870534097125,-0.0521553467881,1.48412641228,0.344762182077,-0.0337475773335,0.0651941834851,100.0
32.880390,-0.570640853093,0.105461179167,0.757019518821,0.190597112895,-0.775810783473,1.23255356307,3.04495186395,4.34083604813,-0.318684508683,0.0866699145155,-0.0517718515911,1.48374291708,0.344762182077,-0.0322135965456,0.0651941834851,100.0
32.890368,-0.569490367502,0.10507768397,0.757019518821,0.191747598486,-0.775810783473,1.23255356307,3.04456836876,4.34083604813,-0.318684508683,0.0870534097125,-0.0525388419851,1.48374291708,0.344762182077,-0.0325970917426,0.0659611738791,100.0
32.900365,-0.570257357896,0.105844674364,0.757019518821,0.190597112895,-0.776577773867,1.23255356307,3.04495186395,4.34083604813,-0.317917518289,0.0866699145155,-0.0513883563942,1.48450990748,0.344762182077,-0.0329805869395,0.0659611738791,100.0
32.910368,-0.570640853093,0.105844674364,0.756636023624,0.191747598486,-0.77619427867,1.23255356307,3.04495186395,4.34083604813,-0.318684508683,0.0866699145155,-0.0510048611972,1.48489340267,0.344762182077,-0.0322135965456,0.0659611738791,100.0
32.920368,-0.569873862699,0.10507768397,0.755869033231,0.192131093683,-0.776577773867,1.23255356307,3.04456836876,4.34083604813,-0.318301013486,0.0878204001064,-0.0513883563942,1.48374291708,0.344762182077,-0.0329805869395,0.0651941834851,100.0
32.930366,-0.569873862699,0.105844674364,0.756252528428,0.191747598486,-0.77619427867,1.23332055346,3.04456836876,4.34083604813,-0.318301013486,0.0878204001064,-0.0521553467881,1.48374291708,0.34437868688,-0.0329805869395,0.0659611738791,100.0
32.940369,-0.570640853093,0.105844674364,0.756252528428,0.192131093683,-0.77619427867,1.23293705826,3.04418487356,4.34083604813,-0.317534023092,0.0874369049095,-0.0521553467881,1.48412641228,0.344762182077,-0.0329805869395,0.0648106882882,100.0
32.950366,-0.570640853093,0.105844674364,0.756252528428,0.191364103289,-0.775810783473,1.23255356307,3.04456836876,4.34083604813,-0.318684508683,0.0874369049095,-0.0513883563942,1.48335942189,0.344762182077,-0.0325970917426,0.0648106882882,100.0
32.960366,-0.570640853093,0.105844674364,0.756636023624,0.191747598486,-0.776577773867,1.23293705826,3.04456836876,4.34083604813,-0.31906800388,0.0866699145155,-0.0521553467881,1.48450990748,0.344762182077,-0.0318301013486,0.0655776786821,100.0
32.970367,-0.570640853093,0.105461179167,0.756636023624,0.191364103289,-0.775810783473,1.23217006787,3.04456836876,4.34083604813,-0.317917518289,0.0866699145155,-0.0513883563942,1.48412641228,0.344762182077,-0.0329805869395,0.0648106882882,100.0
32.980367,-0.570640853093,0.10507768397,0.756252528428,0.192131093683,-0.77619427867,1.23293705826,3.04495186395,4.34083604813,-0.317917518289,0.0874369049095,-0.0517718515911,1.48489340267,0.344762182077,-0.0329805869395,0.0655776786821,100.0
32.990369,-0.569490367502,0.10507768397,0.756252528428,0.19251458888,-0.77619427867,1.23332055346,3.04495186395,4.34083604813,-0.317917518289,0.0870534097125,-0.0521553467881,1.48489340267,0.345145677274,-0.0322135965456,0.0651941834851,100.0
33.000369,-0.57102434829,0.105461179167,0.756252528428,0.191364103289,-0.77619427867,1.23217006787,3.04456836876,4.34083604813,-0.31906800388,0.0866699145155,-0.0517718515911,1.48412641228,0.34437868688,-0.0329805869395,0.0651941834851,100.0
33.010367,-0.570257357896,0.105844674364,0.756636023624,0.191747598486,-0.77619427867,1.23293705826,3.04495186395,4.34083604813,-0.317917518289,0.0882038953034,-0.0521553467881,1.48450990748,0.344762182077,-0.0325970917426,0.0648106882882,100.0
33.020365,-0.569873862699,0.10507768397,0.756636023624,0.191747598486,-0.77619427867,1.23293705826,3.04456836876,4.34083604813,-0.317917518289,0.0862864193186,-0.0525388419851,1.48374291708,0.344762182077,-0.0329805869395,0.0648106882882,100.0
33.030367,-0.570257357896,0.106228169561,0.756636023624,0.192131093683,-0.776577773867,1.23332055346,3.04456836876,4.34083604813,-0.318684508683,0.0870534097125,-0.0525388419851,1.48374291708,0.343995191683,-0.0318301013486,0.0651941834851,100.0
33.040367,-0.570257357896,0.105461179167,0.756252528428,0.190597112895,-0.77619427867,1.23255356307,3.04495186395,4.34083604813,-0.318684508683,0.0878204001064,-0.0521553467881,1.48450990748,0.343995191683,-0.0322135965456,0.0651941834851,100.0
33.050367,-0.569873862699,0.105844674364,0.756636023624,0.191747598486,-0.77619427867,1.23217006787,3.04495186395,4.34083604813,-0.318684508683,0.0866699145155,-0.0506213660002,1.48374291708,0.343995191683,-0.0325970917426,0.0655776786821,100.0
33.060368,-0.570257357896,0.10507768397,0.756636023624,0.192131093683,-0.77619427867,1.23217006787,3.04495186395,4.34083604813,-0.318301013486,0.0870534097125,-0.0521553467881,1.48450990748,0.344762182077,-0.0329805869395,0.0651941834851,100.0
33.070368,-0.570257357896,0.105461179167,0.756636023624,0.190980608092,-0.775810783473,1.23332055346,3.04418487356,4.34083604813,-0.31906800388,0.0874369049095,-0.0513883563942,1.48374291708,0.34437868688,-0.0325970917426,0.0644271930912,100.0
33.080367,-0.570257357896,0.105461179167,0.757019518821,0.191364103289,-0.776577773867,1.23217006787,3.04533535915,4.34083604813,-0.318684508683,0.0874369049095,-0.0513883563942,1.48374291708,0.34437868688,-0.0329805869395,0.0655776786821,100.0
33.090368,-0.570257357896,0.105844674364,0.756252528428,0.191364103289,-0.77619427867,1.23293705826,3.04456836876,4.34083604813,-0.31906800388,0.0866699145155,-0.0517718515911,1.48374291708,0.345145677274,-0.0322135965456,0.0655776786821,100.0
33.100369,-0.570257357896,0.106228169561,0.756252528428,0.191747598486,-0.776577773867,1.23293705826,3.04456836876,4.34083604813,-0.318301013486,0.0866699145155,-0.0510048611972,1.48374291708,0.344762182077,-0.0322135965456,0.0651941834851,100.0
33.110368,-0.570257357896,0.105844674364,0.757403014018,0.192131093683,-0.776961269064,1.23255356307,3.04456836876,4.34083604813,-0.317917518289,0.0862864193186,-0.0517718515911,1.48297592669,0.344762182077,-0.0329805869395,0.0644271930912,100.0
33.120370,-0.570257357896,0.104694188773,0.756636023624,0.192131093683,-0.776961269064,1.23370404866,3.04495186395,4.34083604813,-0.31906800388,0.0874369049095,-0.0517718515911,1.48374291708,0.344762182077,-0.0322135965456,0.0648106882882,100.0
33.130370,-0.570257357896,0.105461179167,0.757403014018,0.192131093683,-0.777344764261,1.23332055346,3.04495186395,4.34083604813,-0.318684508683,0.0866699145155,-0.0521553467881,1.48412641228,0.344762182077,-0.0318301013486,0.0648106882882,100.0
33.140370,-0.570640853093,0.105461179167,0.757019518821,0.191747598486,-0.776961269064,1.23332055346,3.04533535915,4.34083604813,-0.318684508683,0.0866699145155,-0.0521553467881,1.48450990748,0.34437868688,-0.0322135965456,0.0651941834851,100.0
33.150369,-0.569490367502,0.105844674364,0.756252528428,0.191747598486,-0.776961269064,1.23332055346,3.04495186395,4.34083604813,-0.318301013486,0.0878204001064,-0.0525388419851,1.48412641228,0.34437868688,-0.0329805869395,0.0655776786821,100.0
33.160369,-0.569873862699,0.104694188773,0.756636023624,0.191747598486,-0.776577773867,1.23293705826,3.04495186395,4.34083604813,-0.318684508683,0.0870534097125,-0.0521553467881,1.48450990748,0.345145677274,-0.0325970917426,0.0648106882882,100.0
33.170369,-0.570257357896,0.105844674364,0.756252528428,0.191747598486,-0.776961269064,1.23293705826,3.04456836876,4.34083604813,-0.318684508683,0.0866699145155,-0.0517718515911,1.48374291708,0.34437868688,-0.0329805869395,0.0640436978942,100.0
33.180368,-0.570640853093,0.105461179167,0.756252528428,0.191747598486,-0.776577773867,1.23293705826,3.04495186395,4.34083604813,-0.319451499077,0.0866699145155,-0.0517718515911,1.48374291708,0.345529172471,-0.0329805869395,0.0651941834851,100.0
33.190368,-0.569873862699,0.105844674364,0.756636023624,0.191364103289,-0.776577773867,1.23370404866,3.04418487356,4.34083604813,-0.318301013486,0.0870534097125,-0.0521553467881,1.48450990748,0.344762182077,-0.0325970917426,0.0659611738791,100.0
33.200377,-0.570257357896,0.106228169561,0.756636023624,0.189830122501,-0.777728259458,1.23293705826,3.04495186395,4.34083604813,-0.318301013486,0.0862864193186,-0.0521553467881,1.48374291708,0.34437868688,-0.0322135965456,0.0651941834851,100.0
33.210370,-0.570640853093,0.105844674364,0.757019518821,0.190597112895,-0.777728259458,1.23217006787,3.04533535915,4.34083604813,-0.317917518289,0.0878204001064,-0.0521553467881,1.48374291708,0.34437868688,-0.0322135965456,0.0648106882882,100.0
33.220366,-0.570257357896,0.105461179167,0.756636023624,0.190980608092,-0.776577773867,1.23255356307,3.04533535915,4.34083604813,-0.318301013486,0.0878204001064,-0.0525388419851,1.48374291708,0.344762182077,-0.0322135965456,0.0648106882882,100.0
33.230374,-0.570640853093,0.105844674364,0.756252528428,0.190980608092,-0.777344764261,1.23370404866,3.04456836876,4.34083604813,-0.318301013486,0.0870534097125,-0.0517718515911,1.48335942189,0.345145677274,-0.0329805869395,0.0648106882882,100.0
33.240368,-0.570640853093,0.105844674364,0.756636023624,0.192131093683,-0.77619427867,1.23332055346,3.04456836876,4.34083604813,-0.31906800388,0.0870534097125,-0.0521553467881,1.48450990748,0.345145677274,-0.0322135965456,0.0651941834851,100.0
33.250374,-0.570257357896,0.105844674364,0.756636023624,0.190980608092,-0.776577773867,1.23332055346,3.04495186395,4.34083604813,-0.318301013486,0.0866699145155,-0.0517718515911,1.48374291708,0.34437868688,-0.0329805869395,0.0655776786821,100.0
33.260373,-0.570257357896,0.105844674364,0.756636023624,0.191747598486,-0.776961269064,1.23293705826,3.04456836876,4.34083604813,-0.318301013486,0.0874369049095,-0.052922337182,1.48374291708,0.345529172471,-0.0322135965456,0.0651941834851,100.0
33.270367,-0.570257357896,0.105844674364,0.756252528428,0.190980608092,-0.776961269064,1.23293705826,3.04418487356,4.34083604813,-0.318301013486,0.0866699145155,-0.0517718515911,1.48450990748,0.34437868688,-0.0322135965456,0.0655776786821,100.0
33.280368,-0.570640853093,0.105844674364,0.756636023624,0.192131093683,-0.777344764261,1.23255356307,3.04495186395,4.34083604813,-0.317917518289,0.0874369049095,-0.0525388419851,1.48374291708,0.34437868688,-0.0322135965456,0.0648106882882,100.0
33.290367,-0.570640853093,0.10507768397,0.756252528428,0.190213617698,-0.77619427867,1.23293705826,3.04418487356,4.34083604813,-0.31906800388,0.0870534097125,-0.052922337182,1.48527689787,0.34437868688,-0.0325970917426,0.0644271930912,100.0
33.300372,-0.569873862699,0.10507768397,0.757019518821,0.192131093683,-0.776577773867,1.23255356307,3.04495186395,4.34083604813,-0.318301013486,0.0866699145155,-0.0521553467881,1.48374291708,0.34437868688,-0.0325970917426,0.0651941834851,100.0
33.310366,-0.570257357896,0.10507768397,0.756252528428,0.191364103289,-0.776577773867,1.23485453425,3.04495186395,4.34083604813,-0.318301013486,0.0878204001064,-0.0525388419851,1.48450990748,0.345145677274,-0.0325970917426,0.0655776786821,100.0
33.320373,-0.569873862699,0.105844674364,0.756252528428,0.191747598486,-0.776961269064,1.23370404866,3.04418487356,4.34083604813,-0.318301013486,0.0870534097125,-0.0521553467881,1.48374291708,0.343995191683,-0.0325970917426,0.0648106882882,100.0
33.330369,-0.570257357896,0.105844674364,0.756636023624,0.19251458888,-0.77619427867,1.23332055346,3.04533535915,4.34083604813,-0.318684508683,0.0866699145155,-0.0517718515911,1.48374291708,0.344762182077,-0.0322135965456,0.0644271930912,100.0
33.340367,-0.570257357896,0.105461179167,0.756636023624,0.190980608092,-0.776961269064,1.23293705826,3.04380137836,4.34083604813,-0.318301013486,0.0878204001064,-0.0521553467881,1.48450990748,0.34437868688,-0.0333640821365,0.0648106882882,100.0
33.350366,-0.570257357896,0.106228169561,0.756636023624,0.191364103289,-0.77619427867,1.23293705826,3.04495186395,4.34083604813,-0.317917518289,0.0870534097125,-0.0521553467881,1.48412641228,0.343611696486,-0.0325970917426,0.0644271930912,100.0
33.360365,-0.570257357896,0.105461179167,0.756636023624,0.19251458888,-0.776961269064,1.23293705826,3.04495186395,4.34083604813,-0.318684508683,0.0870534097125,-0.0521553467881,1.48412641228,0.344762182077,-0.0314466061517,0.0659611738791,100.0
33.370370,-0.569873862699,0.105844674364,0.756636023624,0.192898084077,-0.776577773867,1.23293705826,3.04418487356,4.34083604813,-0.31906800388,0.0862864193186,-0.0521553467881,1.48374291708,0.344762182077,-0.0322135965456,0.066344669076,100.0
33.380369,-0.569873862699,0.105844674364,0.756252528428,0.191747598486,-0.777344764261,1.23255356307,3.04418487356,4.34083604813,-0.318301013486,0.0866699145155,-0.0521553467881,1.48335942189,0.344762182077,-0.0329805869395,0.0655776786821,100.0
33.390367,-0.570257357896,0.105844674364,0.756636023624,0.191364103289,-0.776577773867,1.23332055346,3.04456836876,4.34083604813,-0.318301013486,0.0866699145155,-0.0521553467881,1.48335942189,0.34437868688,-0.0314466061517,0.0651941834851,100.0
33.400366,-0.569490367502,0.105844674364,0.756252528428,0.190980608092,-0.776961269064,1.23217006787,3.04418487356,4.34083604813,-0.317917518289,0.0874369049095,-0.0525388419851,1.48412641228,0.344762182077,-0.0318301013486,0.0648106882882,100.0
33.410365,-0.570257357896,0.106228169561,0.757019518821,0.191364103289,-0.777344764261,1.23293705826,3.04533535915,4.34083604813,-0.31906800388,0.0874369049095,-0.0521553467881,1.48450990748,0.345145677274,-0.0329805869395,0.066728164273,100.0
33.420371,-0.570257357896,0.105844674364,0.756636023624,0.191747598486,-0.776961269064,1.23293705826,3.04495186395,4.34083604813,-0.318301013486,0.0870534097125,-0.052922337182,1.48335942189,0.344762182077,-0.0325970917426,0.0644271930912,100.0
33.430370,-0.570257357896,0.106611664758,0.757019518821,0.191747598486,-0.776961269064,1.23293705826,3.04456836876,4.34083604813,-0.318684508683,0.0870534097125,-0.0510048611972,1.48489340267,0.34437868688,-0.0329805869395,0.0651941834851,100.0
33.440368,-0.569490367502,0.106228169561,0.756636023624,0.192131093683,-0.776577773867,1.23408754385,3.04456836876,4.34083604813,-0.318684508683,0.0866699145155,-0.0517718515911,1.48450990748,0.345145677274,-0.0325970917426,0.0648106882882,100.0
33.450366,-0.57102434829,0.105461179167,0.756252528428,0.19251458888,-0.777344764261,1.23255356307,3.04495186395,4.34083604813,-0.31906800388,0.0870534097125,-0.0521553467881,1.48374291708,0.34437868688,-0.0318301013486,0.0651941834851,100.0
33.460368,-0.570257357896,0.106228169561,0.756252528428,0.192131093683,-0.776961269064,1.23332055346,3.04495186395,4.34083604813,-0.318684508683,0.0870534097125,-0.0517718515911,1.48450990748,0.34437868688,-0.0329805869395,0.0651941834851,100.0
33.470390,-0.569106872305,0.105844674364,0.756252528428,0.190980608092,-0.776961269064,1.23255356307,3.04456836876,4.34083604813,-0.318301013486,0.0866699145155,-0.0517718515911,1.48374291708,0.343995191683,-0.0325970917426,0.0651941834851,100.0
33.480388,-0.569490367502,0.106228169561,0.756636023624,0.19251458888,-0.776961269064,1.23293705826,3.04571885435,4.34083604813,-0.318301013486,0.0870534097125,-0.0525388419851,1.48335942189,0.344762182077,-0.0318301013486,0.0648106882882,100.0
33.490368,-0.569873862699,0.106228169561,0.756252528428,0.190980608092,-0.776577773867,1.23332055346,3.04456836876,4.34083604813,-0.318684508683,0.0874369049095,-0.0521553467881,1.48412641228,0.34437868688,-0.0322135965456,0.0651941834851,100.0
33.500369,-0.569490367502,0.105461179167,0.757019518821,0.192131093683,-0.776961269064,1.23370404866,3.04495186395,4.34083604813,-0.318301013486,0.0866699145155,-0.052922337182,1.48450990748,0.34437868688,-0.0325970917426,0.0644271930912,100.0
33.510382,-0.569490367502,0.105844674364,0.757019518821,0.191364103289,-0.776961269064,1.23293705826,3.04456836876,4.34083604813,-0.318301013486,0.0870534097125,-0.0521553467881,1.48412641228,0.34437868688,-0.0322135965456,0.0655776786821,100.0
33.520375,-0.569490367502,0.106611664758,0.756252528428,0.191747598486,-0.777344764261,1.23255356307,3.04418487356,4.34083604813,-0.318301013486,0.0874369049095,-0.0521553467881,1.48412641228,0.34437868688,-0.0333640821365,0.0651941834851,100.0
33.530370,-0.569873862699,0.105844674364,0.756252528428,0.19251458888,-0.776961269064,1.23408754385,3.04456836876,4.34083604813,-0.31906800388,0.0874369049095,-0.0517718515911,1.48412641228,0.345145677274,-0.0318301013486,0.0651941834851,100.0
33.540369,-0.569490367502,0.105844674364,0.756252528428,0.192131093683,-0.776961269064,1.23255356307,3.04456836876,4.34083604813,-0.318301013486,0.0874369049095,-0.0525388419851,1.48374291708,0.344762182077,-0.0325970917426,0.0655776786821,100.0
33.550370,-0.570640853093,0.105844674364,0.756636023624,0.190213617698,-0.776961269064,1.23293705826,3.04495186395,4.34083604813,-0.318301013486,0.0866699145155,-0.0521553467881,1.48374291708,0.345145677274,-0.0325970917426,0.0655776786821,100.0
33.560390,-0.569106872305,0.106228169561,0.756252528428,0.192131093683,-0.776577773867,1.23293705826,3.04456836876,4.34083604813,-0.317917518289,0.0870534097125,-0.0521553467881,1.48450990748,0.344762182077,-0.0322135965456,0.0640436978942,100.0
33.570372,-0.570640853093,0.105461179167,0.755869033231,0.191747598486,-0.776961269064,1.23293705826,3.04495186395,4.34083604813,-0.31906800388,0.0874369049095,-0.0517718515911,1.48412641228,0.344762182077,-0.0322135965456,0.0648106882882,100.0
33.580369,-0.569873862699,0.106995159955,0.756252528428,0.190980608092,-0.776577773867,1.23255356307,3.04418487356,4.34083604813,-0.317917518289,0.0866699145155,-0.0513883563942,1.48450990748,0.344762182077,-0.0325970917426,0.0651941834851,100.0
33.590386,-0.569873862699,0.106228169561,0.756636023624,0.190980608092,-0.776577773867,1.23332055346,3.04418487356,4.34083604813,-0.317534023092,0.0870534097125,-0.052922337182,1.48374291708,0.34437868688,-0.0329805869395,0.0659611738791,100.0
33.600373,-0.569873862699,0.106611664758,0.757403014018,0.19251458888,-0.776577773867,1.23293705826,3.04495186395,4.34083604813,-0.318684508683,0.0870534097125,-0.0521553467881,1.48412641228,0.34437868688,-0.0318301013486,0.0651941834851,100.0
33.610368,-0.569490367502,0.106228169561,0.757019518821,0.190980608092,-0.776961269064,1.23293705826,3.04495186395,4.34083604813,-0.317917518289,0.0866699145155,-0.0521553467881,1.48335942189,0.344762182077,-0.0325970917426,0.0644271930912,100.0
33.620367,-0.570257357896,0.106995159955,0.756636023624,0.192898084077,-0.776961269064,1.23408754385,3.04418487356,4.34083604813,-0.318301013486,0.0866699145155,-0.0513883563942,1.48412641228,0.345145677274,-0.0322135965456,0.0651941834851,100.0
33.630371,-0.569873862699,0.105844674364,0.756636023624,0.190213617698,-0.776961269064,1.23370404866,3.04571885435,4.34083604813,-0.318684508683,0.0866699145155,-0.0525388419851,1.48412641228,0.345145677274,-0.0329805869395,0.0655776786821,100.0
33.640378,-0.570257357896,0.106611664758,0.757019518821,0.191747598486,-0.77619427867,1.23370404866,3.04495186395,4.34083604813,-0.318684508683,0.0866699145155,-0.0517718515911,1.48374291708,0.345145677274,-0.0325970917426,0.0655776786821,100.0
33.650375,-0.569106872305,0.106611664758,0.756636023624,0.192898084077,-0.776577773867,1.23370404866,3.04456836876,4.34083604813,-0.317917518289,0.0874369049095,-0.0521553467881,1.48412641228,0.345145677274,-0.0329805869395,0.0651941834851,100.0
33.660371,-0.569873862699,0.107378655152,0.756252528428,0.190597112895,-0.776961269064,1.23255356307,3.04456836876,4.34083604813,-0.318301013486,0.0870534097125,-0.0517718515911,1.48450990748,0.344762182077,-0.0322135965456,0.0655776786821,100.0
33.670368,-0.569106872305,0.106228169561,0.757019518821,0.19251458888,-0.776961269064,1.23255356307,3.04456836876,4.34083604813,-0.31906800388,0.0878204001064,-0.0517718515911,1.48450990748,0.34437868688,-0.0322135965456,0.0655776786821,100.0
33.680371,-0.569106872305,0.106611664758,0.757019518821,0.191747598486,-0.776577773867,1.23332055346,3.04456836876,4.34083604813,-0.318684508683,0.0870534097125,-0.0525388419851,1.48374291708,0.345145677274,-0.0322135965456,0.0659611738791,100.0
33.690372,-0.569490367502,0.106228169561,0.757019518821,0.190597112895,-0.776961269064,1.23255356307,3.04418487356,4.34083604813,-0.317150527895,0.0862864193186,-0.0525388419851,1.48374291708,0.344762182077,-0.0322135965456,0.0655776786821,100.0
33.700371,-0.569873862699,0.106611664758,0.756636023624,0.191364103289,-0.777728259458,1.23332055346,3.04495186395,4.34083604813,-0.318684508683,0.0874369049095,-0.0525388419851,1.48374291708,0.34437868688,-0.0325970917426,0.0651941834851,100.0
33.710370,-0.569490367502,0.106228169561,0.756636023624,0.19251458888,-0.776961269064,1.23370404866,3.04456836876,4.34083604813,-0.318684508683,0.0859029241216,-0.0521553467881,1.48374291708,0.34437868688,-0.0325970917426,0.0648106882882,100.0
33.720375,-0.569873862699,0.106228169561,0.756252528428,0.191747598486,-0.776577773867,1.23332055346,3.04456836876,4.34083604813,-0.317917518289,0.0866699145155,-0.0517718515911,1.48412641228,0.34437868688,-0.0325970917426,0.0659611738791,100.0
33.730367,-0.570257357896,0.106611664758,0.756636023624,0.191364103289,-0.776961269064,1.23293705826,3.04456836876,4.34083604813,-0.318301013486,0.0859029241216,-0.0513883563942,1.48450990748,0.34437868688,-0.0325970917426,0.0651941834851,100.0
33.740366,-0.569490367502,0.105844674364,0.757019518821,0.192131093683,-0.776577773867,1.23217006787,3.04456836876,4.34083604813,-0.317917518289,0.0866699145155,-0.0513883563942,1.48412641228,0.34437868688,-0.0322135965456,0.0651941834851,100.0
33.750371,-0.569106872305,0.106611664758,0.756252528428,0.191747598486,-0.778111754655,1.23408754385,3.04456836876,4.34083604813,-0.318684508683,0.0862864193186,-0.0525388419851,1.48450990748,0.345145677274,-0.0322135965456,0.0655776786821,100.0
33.760372,-0.570640853093,0.106611664758,0.757019518821,0.190980608092,-0.777344764261,1.23293705826,3.04456836876,4.34083604813,-0.318301013486,0.0870534097125,-0.0517718515911,1.48450990748,0.34437868688,-0.0329805869395,0.0659611738791,100.0
33.770368,-0.569873862699,0.106995159955,0.757019518821,0.190980608092,-0.776961269064,1.23293705826,3.04495186395,4.34083604813,-0.317917518289,0.0874369049095,-0.0521553467881,1.48335942189,0.344762182077,-0.0329805869395,0.0651941834851,100.0
33.780368,-0.570257357896,0.106228169561,0.757019518821,0.189830122501,-0.776961269064,1.23293705826,3.04456836876,4.34083604813,-0.31906800388,0.0866699145155,-0.0513883563942,1.48297592669,0.34437868688,-0.0325970917426,0.0648106882882,100.0
33.790369,-0.569490367502,0.106611664758,0.757019518821,0.19251458888,-0.776577773867,1.23293705826,3.04456836876,4.34083604813,-0.318301013486,0.0878204001064,-0.0517718515911,1.48412641228,0.344762182077,-0.0325970917426,0.0659611738791,100.0
33.800367,-0.569873862699,0.106611664758,0.756636023624,0.190980608092,-0.776577773867,1.23293705826,3.04495186395,4.34083604813,-0.31906800388,0.0874369049095,-0.0517718515911,1.48412641228,0.345145677274,-0.0318301013486,0.0651941834851,100.0
33.810365,-0.569873862699,0.106611664758,0.757019518821,0.190597112895,-0.776577773867,1.23332055346,3.04571885435,4.34083604813,-0.318684508683,0.0862864193186,-0.0525388419851,1.48374291708,0.343995191683,-0.0333640821365,0.0648106882882,100.0
33.820367,-0.569873862699,0.105844674364,0.756252528428,0.191364103289,-0.777344764261,1.23255356307,3.04418487356,4.34083604813,-0.318684508683,0.0870534097125,-0.0521553467881,1.48412641228,0.345145677274,-0.0325970917426,0.0648106882882,100.0
33.830365,-0.569873862699,0.105844674364,0.757403014018,0.191747598486,-0.776577773867,1.23293705826,3.04456836876,4.34083604813,-0.317917518289,0.0866699145155,-0.0521553467881,1.48374291708,0.344762182077,-0.0322135965456,0.0651941834851,100.0
33.840364,-0.569873862699,0.105844674364,0.757019518821,0.191364103289,-0.776577773867,1.23255356307,3.04456836876,4.34083604813,-0.318301013486,0.0862864193186,-0.0517718515911,1.48374291708,0.34437868688,-0.0325970917426,0.0651941834851,100.0
33.850365,-0.570640853093,0.106611664758,0.756252528428,0.191747598486,-0.776577773867,1.23370404866,3.04456836876,4.34083604813,-0.317917518289,0.0866699145155,-0.0525388419851,1.48374291708,0.345145677274,-0.0329805869395,0.0644271930912,100.0
33.860363,-0.569873862699,0.106228169561,0.757019518821,0.191364103289,-0.776577773867,1.23293705826,3.04456836876,4.34083604813,-0.319451499077,0.0870534097125,-0.0513883563942,1.48412641228,0.34437868688,-0.0318301013486,0.0644271930912,100.0
33.870366,-0.570257357896,0.106995159955,0.756636023624,0.190597112895,-0.776961269064,1.23332055346,3.04456836876,4.34083604813,-0.317534023092,0.0870534097125,-0.0521553467881,1.48297592669,0.344762182077,-0.0322135965456,0.0651941834851,100.0
33.880417,-0.569490367502,0.106611664758,0.756636023624,0.191747598486,-0.777344764261,1.23255356307,3.04456836876,4.34083604813,-0.318684508683,0.0866699145155,-0.0521553467881,1.48450990748,0.345145677274,-0.0318301013486,0.0644271930912,100.0
33.890417,-0.569490367502,0.106611664758,0.756252528428,0.190597112895,-0.776577773867,1.23332055346,3.04456836876,4.34083604813,-0.317917518289,0.0882038953034,-0.0521553467881,1.48412641228,0.345145677274,-0.0322135965456,0.0648106882882,100.0
33.900410,-0.569490367502,0.106995159955,0.756252528428,0.192131093683,-0.776577773867,1.23293705826,3.04456836876,4.34083604813,-0.318684508683,0.0878204001064,-0.0525388419851,1.48374291708,0.34437868688,-0.0322135965456,0.0648106882882,100.0
33.910408,-0.569873862699,0.106611664758,0.755869033231,0.192131093683,-0.776961269064,1.23332055346,3.04456836876,4.34083604813,-0.31906800388,0.0866699145155,-0.0521553467881,1.48450990748,0.344762182077,-0.0322135965456,0.0651941834851,100.0
33.920453,-0.570257357896,0.106228169561,0.756252528428,0.190980608092,-0.776577773867,1.23408754385,3.04495186395,4.34083604813,-0.317917518289,0.0866699145155,-0.0521553467881,1.48527689787,0.344762182077,-0.0325970917426,0.0648106882882,100.0
33.930419,-0.569106872305,0.106995159955,0.757019518821,0.192131093683,-0.776961269064,1.23332055346,3.04456836876,4.34083604813,-0.318684508683,0.0874369049095,-0.0521553467881,1.48374291708,0.34437868688,-0.0325970917426,0.0651941834851,100.0
33.940418,-0.569873862699,0.106611664758,0.756252528428,0.191747598486,-0.776577773867,1.23408754385,3.04418487356,4.34083604813,-0.317917518289,0.0870534097125,-0.0521553467881,1.48374291708,0.344762182077,-0.0322135965456,0.0655776786821,100.0
33.950414,-0.569873862699,0.106611664758,0.756636023624,0.191364103289,-0.776961269064,1.23255356307,3.04456836876,4.34083604813,-0.31906800388,0.0874369049095,-0.0521553467881,1.48374291708,0.34437868688,-0.0325970917426,0.0655776786821,100.0
33.960390,-0.569873862699,0.106611664758,0.757403014018,0.192131093683,-0.776961269064,1.23370404866,3.04533535915,4.34083604813,-0.31906800388,0.0870534097125,-0.0521553467881,1.48412641228,0.343995191683,-0.0322135965456,0.0640436978942,100.0
33.970378,-0.569873862699,0.106611664758,0.757019518821,0.191364103289,-0.776577773867,1.23332055346,3.04571885435,4.34083604813,-0.317917518289,0.0870534097125,-0.0513883563942,1.48412641228,0.345145677274,-0.0329805869395,0.0648106882882,100.0
33.980369,-0.569873862699,0.106995159955,0.756252528428,0.191747598486,-0.776961269064,1.23293705826,3.04495186395,4.34083604813,-0.318301013486,0.0866699145155,-0.0521553467881,1.48374291708,0.34437868688,-0.0322135965456,0.0648106882882,100.0
33.990387,-0.569490367502,0.106995159955,0.756252528428,0.191364103289,-0.776961269064,1.23332055346,3.04456836876,4.34083604813,-0.318301013486,0.0866699145155,-0.0517718515911,1.48412641228,0.344762182077,-0.0322135965456,0.0648106882882,100.0
34.000381,-0.569873862699,0.106228169561,0.756636023624,0.192131093683,-0.776577773867,1.23332055346,3.04456836876,4.34083604813,-0.318684508683,0.0874369049095,-0.0521553467881,1.48412641228,0.34437868688,-0.0329805869395,0.0651941834851,100.0
34.010382,-0.57102434829,0.106611664758,0.756252528428,0.191364103289,-0.777344764261,1.23332055346,3.04495186395,4.34083604813,-0.317917518289,0.0874369049095,-0.0517718515911,1.48489340267,0.344762182077,-0.0325970917426,0.0640436978942,100.0
34.020376,-0.569873862699,0.106611664758,0.756636023624,0.191364103289,-0.776961269064,1.23408754385,3.04495186395,4.34083604813,-0.318684508683,0.0874369049095,-0.0517718515911,1.48527689787,0.34437868688,-0.0322135965456,0.0659611738791,100.0
34.030370,-0.570257357896,0.106611664758,0.756252528428,0.191364103289,-0.77619427867,1.23293705826,3.04456836876,4.34083604813,-0.317917518289,0.0870534097125,-0.0521553467881,1.48374291708,0.344762182077,-0.0325970917426,0.0655776786821,100.0
34.040369,-0.569873862699,0.106611664758,0.755869033231,0.19251458888,-0.776577773867,1.23332055346,3.04495186395,4.34083604813,-0.317917518289,0.0874369049095,-0.0521553467881,1.48412641228,0.345145677274,-0.0325970917426,0.0648106882882,100.0
34.050368,-0.569490367502,0.106611664758,0.756636023624,0.191364103289,-0.776961269064,1.23370404866,3.04456836876,4.34083604813,-0.318301013486,0.0866699145155,-0.0513883563942,1.48450990748,0.345145677274,-0.0318301013486,0.0659611738791,100.0
34.060369,-0.570257357896,0.106611664758,0.755869033231,0.191747598486,-0.776961269064,1.23332055346,3.04495186395,4.34083604813,-0.318301013486,0.0870534097125,-0.0521553467881,1.48412641228,0.345145677274,-0.0329805869395,0.0640436978942,100.0
34.070366,-0.570257357896,0.106611664758,0.755869033231,0.192131093683,-0.776961269064,1.23293705826,3.04495186395,4.34083604813,-0.318301013486,0.0866699145155,-0.0513883563942,1.48527689787,0.345145677274,-0.0333640821365,0.0648106882882,100.0
34.080366,-0.569873862699,0.106611664758,0.756252528428,0.192131093683,-0.776961269064,1.23293705826,3.04533535915,4.34083604813,-0.318301013486,0.0866699145155,-0.0513883563942,1.48412641228,0.34437868688,-0.0318301013486,0.0655776786821,100.0
34.090366,-0.570257357896,0.107378655152,0.756252528428,0.192131093683,-0.777344764261,1.23332055346,3.04456836876,4.34083604813,-0.318684508683,0.0862864193186,-0.052922337182,1.48374291708,0.343995191683,-0.0329805869395,0.0655776786821,100.0
34.100367,-0.570257357896,0.106228169561,0.757019518821,0.190980608092,-0.776961269064,1.23370404866,3.04456836876,4.34083604813,-0.318684508683,0.0862864193186,-0.0525388419851,1.48450990748,0.34437868688,-0.0322135965456,0.0651941834851,100.0
34.110365,-0.569873862699,0.106995159955,0.756636023624,0.190980608092,-0.776961269064,1.23332055346,3.04456836876,4.34083604813,-0.318684508683,0.0870534097125,-0.0517718515911,1.48374291708,0.34437868688,-0.0322135965456,0.0659611738791,100.0
34.120365,-0.569873862699,0.106995159955,0.756252528428,0.190980608092,-0.776961269064,1.23255356307,3.04456836876,4.34083604813,-0.318301013486,0.0870534097125,-0.0517718515911,1.48374291708,0.34437868688,-0.0325970917426,0.0651941834851,100.0
34.130367,-0.569490367502,0.106228169561,0.755869033231,0.192131093683,-0.777344764261,1.23370404866,3.04418487356,4.34083604813,-0.317534023092,0.0870534097125,-0.052922337182,1.48412641228,0.344762182077,-0.0329805869395,0.0636602026972,100.0
34.140365,-0.569490367502,0.106228169561,0.757019518821,0.191747598486,-0.776961269064,1.23332055346,3.04533535915,4.34083604813,-0.318684508683,0.0874369049095,-0.0517718515911,1.48412641228,0.345145677274,-0.0329805869395,0.0655776786821,100.0
34.150367,-0.569490367502,0.106228169561,0.756636023624,0.19251458888,-0.776961269064,1.23370404866,3.04456836876,4.34083604813,-0.318301013486,0.0870534097125,-0.0521553467881,1.48412641228,0.344762182077,-0.0322135965456,0.0648106882882,100.0
34.160366,-0.569873862699,0.106611664758,0.756252528428,0.190213617698,-0.776577773867,1.23332055346,3.04456836876,4.34083604813,-0.31906800388,0.0878204001064,-0.0513883563942,1.48489340267,0.344762182077,-0.0329805869395,0.0648106882882,100.0
34.170366,-0.570257357896,0.106611664758,0.756636023624,0.191364103289,-0.776961269064,1.23332055346,3.04495186395,4.34083604813,-0.318301013486,0.0866699145155,-0.0521553467881,1.48450990748,0.34437868688,-0.0329805869395,0.0651941834851,100.0
34.180363,-0.569490367502,0.106228169561,0.756252528428,0.19251458888,-0.776961269064,1.23255356307,3.04456836876,4.34083604813,-0.31906800388,0.0866699145155,-0.0525388419851,1.48450990748,0.344762182077,-0.0333640821365,0.0655776786821,100.0
34.190364,-0.568723377109,0.106611664758,0.755869033231,0.190597112895,-0.776577773867,1.23370404866,3.04495186395,4.34083604813,-0.317534023092,0.0874369049095,-0.0517718515911,1.48412641228,0.34437868688,-0.0322135965456,0.066344669076,100.0
34.200367,-0.569490367502,0.106228169561,0.756636023624,0.191747598486,-0.776577773867,1.23332055346,3.04456836876,4.34083604813,-0.318301013486,0.0874369049095,-0.0517718515911,1.48412641228,0.345145677274,-0.0329805869395,0.0648106882882,100.0
34.210365,-0.569873862699,0.106611664758,0.756636023624,0.190597112895,-0.776577773867,1.23255356307,3.04418487356,4.34083604813,-0.318684508683,0.0870534097125,-0.0521553467881,1.48412641228,0.344762182077,-0.0322135965456,0.0655776786821,100.0
34.220367,-0.570257357896,0.106611664758,0.756636023624,0.191364103289,-0.776961269064,1.23447103905,3.04495186395,4.34083604813,-0.318684508683,0.0866699145155,-0.0517718515911,1.48412641228,0.345145677274,-0.0325970917426,0.0651941834851,100.0
34.230363,-0.569873862699,0.105844674364,0.756252528428,0.191364103289,-0.776961269064,1.23293705826,3.04495186395,4.34083604813,-0.318301013486,0.0862864193186,-0.0513883563942,1.48412641228,0.34437868688,-0.0322135965456,0.0644271930912,100.0
34.240365,-0.569873862699,0.106611664758,0.756636023624,0.191364103289,-0.776961269064,1.23217006787,3.04533535915,4.34083604813,-0.318684508683,0.0866699145155,-0.0521553467881,1.48374291708,0.34437868688,-0.0318301013486,0.0648106882882,100.0
34.250363,-0.569490367502,0.106995159955,0.756636023624,0.192131093683,-0.776961269064,1.23293705826,3.04456836876,4.34083604813,-0.318684508683,0.0862864193186,-0.0521553467881,1.48412641228,0.34437868688,-0.0322135965456,0.0651941834851,100.0
34.260362,-0.570640853093,0.106611664758,0.756636023624,0.191747598486,-0.776577773867,1.23332055346,3.04495186395,4.34083604813,-0.318301013486,0.0870534097125,-0.0517718515911,1.48374291708,0.345145677274,-0.0322135965456,0.0651941834851,100.0
34.270364,-0.570257357896,0.106228169561,0.756636023624,0.191747598486,-0.776577773867,1.23293705826,3.04456836876,4.34083604813,-0.318301013486,0.0866699145155,-0.0513883563942,1.48297592669,0.344762182077,-0.0329805869395,0.0659611738791,100.0
34.280363,-0.569873862699,0.106611664758,0.755869033231,0.191364103289,-0.776577773867,1.23332055346,3.04533535915,4.34083604813,-0.318301013486,0.0866699145155,-0.0521553467881,1.48374291708,0.345145677274,-0.0325970917426,0.0651941834851,100.0
34.290362,-0.569490367502,0.105844674364,0.756636023624,0.191747598486,-0.776961269064,1.23447103905,3.04495186395,4.34083604813,-0.317534023092,0.0866699145155,-0.0517718515911,1.48527689787,0.345529172471,-0.0325970917426,0.0655776786821,100.0
34.300365,-0.569873862699,0.106228169561,0.756252528428,0.191364103289,-0.776577773867,1.23447103905,3.04456836876,4.34083604813,-0.317917518289,0.0866699145155,-0.0517718515911,1.48335942189,0.34437868688,-0.0322135965456,0.0655776786821,100.0
34.310363,-0.570640853093,0.106228169561,0.756252528428,0.190213617698,-0.776961269064,1.23332055346,3.04495186395,4.34083604813,-0.318301013486,0.0866699145155,-0.0510048611972,1.48412641228,0.34437868688,-0.0325970917426,0.0655776786821,100.0
34.320410,-0.570640853093,0.106611664758,0.756636023624,0.19251458888,-0.776961269064,1.23370404866,3.04456836876,4.34083604813,-0.31906800388,0.0870534097125,-0.0521553467881,1.48412641228,0.344762182077,-0.0322135965456,0.0651941834851,100.0
34.330429,-0.569106872305,0.106228169561,0.755869033231,0.191364103289,-0.776961269064,1.23217006787,3.04495186395,4.34083604813,-0.318301013486,0.0866699145155,-0.0513883563942,1.48489340267,0.344762182077,-0.0325970917426,0.0655776786821,100.0
34.340461,-0.570257357896,0.106611664758,0.756252528428,0.191364103289,-0.77619427867,1.23293705826,3.04495186395,4.34083604813,-0.318684508683,0.0862864193186,-0.0521553467881,1.48450990748,0.345145677274,-0.0329805869395,0.0655776786821,100.0
34.350459,-0.569873862699,0.106228169561,0.757019518821,0.191747598486,-0.77619427867,1.23293705826,3.04456836876,4.34083604813,-0.318301013486,0.0874369049095,-0.0510048611972,1.48489340267,0.344762182077,-0.0329805869395,0.0651941834851,100.0
34.360438,-0.570257357896,0.106228169561,0.756636023624,0.191747598486,-0.776577773867,1.23293705826,3.04418487356,4.34083604813,-0.318684508683,0.0866699145155,-0.052922337182,1.48374291708,0.34437868688,-0.0329805869395,0.0648106882882,100.0
34.370416,-0.570257357896,0.105844674364,0.756252528428,0.192131093683,-0.776577773867,1.23370404866,3.04456836876,4.34083604813,-0.317917518289,0.0878204001064,-0.0513883563942,1.48374291708,0.345145677274,-0.0318301013486,0.0651941834851,100.0
34.380403,-0.569490367502,0.106995159955,0.756252528428,0.192131093683,-0.777728259458,1.23293705826,3.04456836876,4.34083604813,-0.317917518289,0.0870534097125,-0.0517718515911,1.48412641228,0.34437868688,-0.0318301013486,0.0644271930912,100.0
34.390405,-0.570640853093,0.106611664758,0.757019518821,0.191747598486,-0.776577773867,1.23293705826,3.04495186395,4.34083604813,-0.318684508683,0.0874369049095,-0.0517718515911,1.48335942189,0.344762182077,-0.0322135965456,0.0651941834851,100.0
34.400418,-0.569873862699,0.106611664758,0.756252528428,0.191747598486,-0.776577773867,1.23332055346,3.04533535915,4.34083604813,-0.31906800388,0.0874369049095,-0.0521553467881,1.48374291708,0.345145677274,-0.0322135965456,0.066344669076,100.0
34.410447,-0.570257357896,0.106611664758,0.756252528428,0.190980608092,-0.776961269064,1.23370404866,3.04456836876,4.34083604813,-0.318301013486,0.0870534097125,-0.0517718515911,1.48450990748,0.344762182077,-0.0310631109547,0.0648106882882,100.0
34.420443,-0.570640853093,0.106228169561,0.756252528428,0.191747598486,-0.776577773867,1.23293705826,3.04456836876,4.34083604813,-0.31906800388,0.0870534097125,-0.0525388419851,1.48374291708,0.344762182077,-0.0322135965456,0.0659611738791,100.0
34.430453,-0.568723377109,0.106611664758,0.757019518821,0.191747598486,-0.776961269064,1.23293705826,3.04456836876,4.34083604813,-0.31906800388,0.0870534097125,-0.0517718515911,1.48450990748,0.343995191683,-0.0329805869395,0.0651941834851,100.0
34.440453,-0.570257357896,0.106228169561,0.756252528428,0.191364103289,-0.777344764261,1.23293705826,3.04495186395,4.34083604813,-0.317917518289,0.0874369049095,-0.0525388419851,1.48412641228,0.344762182077,-0.0322135965456,0.0655776786821,100.0
34.450443,-0.570257357896,0.106611664758,0.757019518821,0.190980608092,-0.776961269064,1.23332055346,3.04456836876,4.34083604813,-0.318301013486,0.0862864193186,-0.0517718515911,1.48412641228,0.34437868688,-0.0325970917426,0.0648106882882,100.0
34.460437,-0.569873862699,0.106228169561,0.757019518821,0.190980608092,-0.776577773867,1.23293705826,3.04418487356,4.34083604813,-0.317917518289,0.0870534097125,-0.0517718515911,1.48374291708,0.344762182077,-0.0322135965456,0.0655776786821,100.0
34.470473,-0.569873862699,0.106995159955,0.756252528428,0.19251458888,-0.775810783473,1.23255356307,3.04495186395,4.34083604813,-0.318684508683,0.0870534097125,-0.0521553467881,1.48450990748,0.345529172471,-0.0329805869395,0.0651941834851,100.0
34.480504,-0.569873862699,0.106611664758,0.756636023624,0.191747598486,-0.776961269064,1.23370404866,3.04533535915,4.34083604813,-0.317917518289,0.0874369049095,-0.0517718515911,1.48450990748,0.344762182077,-0.0325970917426,0.0640436978942,100.0
34.490454,-0.570257357896,0.106228169561,0.756252528428,0.190213617698,-0.777344764261,1.23332055346,3.04533535915,4.34083604813,-0.318684508683,0.0874369049095,-0.0517718515911,1.48412641228,0.34437868688,-0.0322135965456,0.0648106882882,100.0
34.500459,-0.569873862699,0.106611664758,0.756636023624,0.191747598486,-0.776577773867,1.23332055346,3.04456836876,4.34083604813,-0.31906800388,0.0862864193186,-0.0517718515911,1.48374291708,0.34437868688,-0.0325970917426,0.0651941834851,100.0
34.510453,-0.570640853093,0.106611664758,0.756636023624,0.190980608092,-0.776961269064,1.23485453425,3.04418487356,4.34083604813,-0.318301013486,0.0866699145155,-0.0517718515911,1.48335942189,0.343995191683,-0.0318301013486,0.0648106882882,100.0
34.520441,-0.569873862699,0.106611664758,0.756252528428,0.191747598486,-0.776961269064,1.23293705826,3.04495186395,4.34083604813,-0.318684508683,0.0874369049095,-0.0525388419851,1.48450990748,0.34437868688,-0.0322135965456,0.0655776786821,100.0
34.530447,-0.569490367502,0.106611664758,0.756636023624,0.191364103289,-0.776961269064,1.23255356307,3.04571885435,4.34083604813,-0.318301013486,0.0870534097125,-0.0517718515911,1.48374291708,0.34437868688,-0.0325970917426,0.0651941834851,100.0
34.540449,-0.569106872305,0.106995159955,0.757019518821,0.190597112895,-0.776961269064,1.23255356307,3.04495186395,4.34083604813,-0.318684508683,0.0862864193186,-0.0513883563942,1.48412641228,0.34437868688,-0.0325970917426,0.0648106882882,100.0
34.550441,-0.569873862699,0.106995159955,0.755869033231,0.191364103289,-0.777344764261,1.23293705826,3.04456836876,4.34083604813,-0.319451499077,0.0874369049095,-0.0525388419851,1.48412641228,0.344762182077,-0.0329805869395,0.0655776786821,100.0
34.560409,-0.569106872305,0.106611664758,0.756252528428,0.192131093683,-0.776577773867,1.23293705826,3.04495186395,4.34083604813,-0.318684508683,0.0874369049095,-0.052922337182,1.48374291708,0.344762182077,-0.0333640821365,0.0644271930912,100.0
34.570408,-0.569873862699,0.106995159955,0.756252528428,0.192131093683,-0.776577773867,1.23370404866,3.04495186395,4.34083604813,-0.317917518289,0.0862864193186,-0.0517718515911,1.48412641228,0.34437868688,-0.0325970917426,0.0655776786821,100.0
34.580397,-0.569873862699,0.106611664758,0.755869033231,0.191364103289,-0.776577773867,1.23293705826,3.04495186395,4.34083604813,-0.318301013486,0.0870534097125,-0.0521553467881,1.48412641228,0.34437868688,-0.0325970917426,0.0644271930912,100.0
34.590393,-0.569490367502,0.106611664758,0.756636023624,0.192131093683,-0.776577773867,1.23293705826,3.04456836876,4.34083604813,-0.318684508683,0.0862864193186,-0.0517718515911,1.48450990748,0.34437868688,-0.0314466061517,0.0651941834851,100.0
34.600401,-0.570257357896,0.106611664758,0.756636023624,0.190980608092,-0.776961269064,1.23293705826,3.04533535915,4.34083604813,-0.317917518289,0.0866699145155,-0.0521553467881,1.48489340267,0.34437868688,-0.0322135965456,0.0659611738791,100.0
34.610394,-0.569873862699,0.106611664758,0.756636023624,0.190597112895,-0.776961269064,1.23370404866,3.04380137836,4.34083604813,-0.318301013486,0.0862864193186,-0.0517718515911,1.48450990748,0.345145677274,-0.0329805869395,0.0648106882882,100.0
34.620468,-0.569490367502,0.107378655152,0.757019518821,0.190980608092,-0.776577773867,1.23293705826,3.04456836876,4.34083604813,-0.318684508683,0.0870534097125,-0.0517718515911,1.48374291708,0.34437868688,-0.0329805869395,0.0644271930912,100.0
