time,left_s0,left_s1,left_e0,left_e1,left_w0,left_w1,left_w2,left_gripper,right_s0,right_s1,right_e0,right_e1,right_w0,right_w1,right_w2,right_gripper
0.488435,-0.848674870898,-0.110063121531,0.24812139244,0.401519471229,3.05568972947,-1.16199044682,-0.319834994274,92.6044998169,0.632767075003,-0.102393217591,-0.133072833349,1.65056332776,0.740145730155,0.220509738259,0.721354465503,100.0
0.488510,-0.848674870898,-0.110063121531,0.24812139244,0.401519471229,3.05568972947,-1.16199044682,-0.319834994274,92.6044998169,0.632767075003,-0.102393217591,-0.133072833349,1.65056332776,0.740145730155,0.220509738259,0.721354465503,100.0
0.498571,-0.849058366095,-0.110446616728,0.248504887637,0.401519471229,3.05568972947,-1.16199044682,-0.320218489471,92.6044998169,0.632383579806,-0.102009722394,-0.131922347758,1.65017983257,0.740912720549,0.220509738259,0.7217379607,100.0
0.508589,-0.850208851685,-0.110063121531,0.248888382834,0.401519471229,3.05645671986,-1.16275743722,-0.319451499077,92.6044998169,0.633534065397,-0.102009722394,-0.132305842955,1.65094682296,0.740529225352,0.220509738259,0.720970970306,100.0
0.518589,-0.849058366095,-0.110446616728,0.249271878031,0.401519471229,3.05645671986,-1.16122345643,-0.319451499077,92.6044998169,0.632383579806,-0.101626227197,-0.133456328546,1.65017983257,0.740529225352,0.220893233455,0.7217379607,100.0
0.528592,-0.849441861292,-0.110446616728,0.248504887637,0.402286461623,3.05568972947,-1.16160695163,-0.31906800388,92.6044998169,0.632767075003,-0.102009722394,-0.133456328546,1.65133031816,0.740529225352,0.220509738259,0.722121455897,100.0
0.538578,-0.849058366095,-0.110063121531,0.248888382834,0.401135976032,3.05684021506,-1.16160695163,-0.320218489471,92.6044998169,0.632767075003,-0.101626227197,-0.132305842955,1.65094682296,0.740912720549,0.219742747865,0.720970970306,100.0
0.548577,-0.848674870898,-0.111213607122,0.24812139244,0.401902966426,3.05607322466,-1.16237394202,-0.319451499077,92.6044998169,0.632767075003,-0.101626227197,-0.133072833349,1.65094682296,0.740145730155,0.219742747865,0.720970970306,100.0
0.558576,-0.849058366095,-0.110830111925,0.248888382834,0.401135976032,3.05607322466,-1.16160695163,-0.319451499077,92.6044998169,0.633534065397,-0.102009722394,-0.133072833349,1.65017983257,0.740529225352,0.219742747865,0.722121455897,100.0
0.568575,-0.849058366095,-0.110063121531,0.248504887637,0.401519471229,3.05645671986,-1.16275743722,-0.320218489471,92.6044998169,0.633534065397,-0.102009722394,-0.133072833349,1.65056332776,0.740529225352,0.220126243062,0.722121455897,100.0
0.578620,-0.849058366095,-0.110446616728,0.248504887637,0.401519471229,3.05607322466,-1.16199044682,-0.319834994274,92.6044998169,0.632000084609,-0.102009722394,-0.132689338152,1.65133031816,0.740912720549,0.219359252668,0.721354465503,100.0
0.588652,-0.849441861292,-0.110446616728,0.24812139244,0.401135976032,3.05568972947,-1.16237394202,-0.319451499077,92.6044998169,0.632383579806,-0.102009722394,-0.132305842955,1.65133031816,0.739762234958,0.219742747865,0.721354465503,100.0
0.598658,-0.848674870898,-0.111213607122,0.24812139244,0.401135976032,3.05607322466,-1.16275743722,-0.319451499077,92.6044998169,0.632767075003,-0.101626227197,-0.133072833349,1.65017983257,0.739762234958,0.220126243062,0.722121455897,100.0
0.608657,-0.849441861292,-0.110446616728,0.247737897243,0.401519471229,3.05645671986,-1.16199044682,-0.319451499077,92.6044998169,0.6331505702,-0.101626227197,-0.132689338152,1.65056332776,0.740145730155,0.219359252668,0.720970970306,100.0
0.618676,-0.849441861292,-0.110830111925,0.248504887637,0.401135976032,3.05568972947,-1.16237394202,-0.319834994274,92.6044998169,0.633917560594,-0.102009722394,-0.132689338152,1.65094682296,0.740529225352,0.220126243062,0.7217379607,100.0
0.628651,-0.850592346882,-0.110446616728,0.248504887637,0.401135976032,3.05607322466,-1.16199044682,-0.320218489471,92.6044998169,0.632000084609,-0.102393217591,-0.132305842955,1.65094682296,0.740529225352,0.220509738259,0.7217379607,100.0
0.638617,-0.849825356489,-0.111213607122,0.248504887637,0.400752480835,3.05607322466,-1.16199044682,-0.319451499077,92.6044998169,0.6331505702,-0.102393217591,-0.132305842955,1.65056332776,0.740912720549,0.220509738259,0.722121455897,100.0
0.648608,-0.849441861292,-0.111213607122,0.249271878031,0.401519471229,3.05568972947,-1.16199044682,-0.320218489471,92.6044998169,0.632767075003,-0.102009722394,-0.132305842955,1.65017983257,0.740529225352,0.220893233455,0.7217379607,100.0
0.658604,-0.848674870898,-0.111597102319,0.248504887637,0.402286461623,3.05530623427,-1.16199044682,-0.320601984668,92.6044998169,0.632383579806,-0.102009722394,-0.133072833349,1.65094682296,0.740145730155,0.220893233455,0.720970970306,100.0
0.668603,-0.849825356489,-0.111213607122,0.248504887637,0.401135976032,3.05607322466,-1.16237394202,-0.320218489471,92.6044998169,0.632383579806,-0.102776712788,-0.132305842955,1.65017983257,0.740145730155,0.220509738259,0.721354465503,100.0
0.678623,-0.849441861292,-0.110830111925,0.24812139244,0.401135976032,3.05645671986,-1.16199044682,-0.319451499077,92.6044998169,0.632767075003,-0.102776712788,-0.132305842955,1.64979633737,0.740145730155,0.220893233455,0.7217379607,100.0
0.688677,-0.848674870898,-0.110830111925,0.248504887637,0.401135976032,3.05645671986,-1.16122345643,-0.319834994274,92.6044998169,0.632767075003,-0.102009722394,-0.132305842955,1.65094682296,0.740529225352,0.220893233455,0.722504951094,100.0
0.698616,-0.848674870898,-0.111213607122,0.248888382834,0.401902966426,3.05568972947,-1.16160695163,-0.319451499077,92.6044998169,0.632000084609,-0.102009722394,-0.132305842955,1.65056332776,0.739762234958,0.219359252668,0.722121455897,100.0
0.708618,-0.849441861292,-0.110446616728,0.248504887637,0.401902966426,3.05530623427,-1.16160695163,-0.319451499077,92.6044998169,0.6331505702,-0.102393217591,-0.133072833349,1.64979633737,0.740145730155,0.219742747865,0.722504951094,100.0
0.718594,-0.849441861292,-0.110830111925,0.249271878031,0.401519471229,3.05607322466,-1.16199044682,-0.320218489471,92.6044998169,0.6331505702,-0.101626227197,-0.132689338152,1.65056332776,0.740529225352,0.221276728652,0.722121455897,100.0
0.728595,-0.848291375701,-0.110063121531,0.248888382834,0.401135976032,3.05607322466,-1.16199044682,-0.320218489471,92.6044998169,0.6331505702,-0.102009722394,-0.132305842955,1.65171381336,0.740529225352,0.219359252668,0.722121455897,100.0
0.738594,-0.850592346882,-0.110446616728,0.249271878031,0.401135976032,3.05607322466,-1.16237394202,-0.319451499077,92.6044998169,0.633917560594,-0.102393217591,-0.133072833349,1.65056332776,0.740145730155,0.220126243062,0.720970970306,100.0
0.748591,-0.849825356489,-0.110830111925,0.24812139244,0.401519471229,3.05607322466,-1.16237394202,-0.319834994274,92.6044998169,0.632000084609,-0.102393217591,-0.133072833349,1.65056332776,0.740912720549,0.220509738259,0.7217379607,100.0
0.758595,-0.848674870898,-0.110830111925,0.248504887637,0.402286461623,3.05645671986,-1.16199044682,-0.320601984668,92.6044998169,0.632767075003,-0.102393217591,-0.132689338152,1.65094682296,0.740912720549,0.220509738259,0.722121455897,100.0
0.768591,-0.850208851685,-0.110063121531,0.24812139244,0.402286461623,3.05568972947,-1.16122345643,-0.320218489471,92.6044998169,0.632767075003,-0.102009722394,-0.132689338152,1.65094682296,0.741296215746,0.220893233455,0.722504951094,100.0
0.778592,-0.849825356489,-0.110830111925,0.249271878031,0.401519471229,3.05607322466,-1.16237394202,-0.320601984668,92.6044998169,0.6331505702,-0.102009722394,-0.132689338152,1.65171381336,0.740912720549,0.220509738259,0.722121455897,100.0
0.788591,-0.849058366095,-0.110830111925,0.247737897243,0.401135976032,3.05645671986,-1.16199044682,-0.320218489471,92.6044998169,0.6331505702,-0.102009722394,-0.133072833349,1.65056332776,0.740145730155,0.220893233455,0.722504951094,100.0
0.798592,-0.849825356489,-0.110830111925,0.24812139244,0.401135976032,3.05645671986,-1.16160695163,-0.319451499077,92.6044998169,0.633534065397,-0.102009722394,-0.132689338152,1.65171381336,0.740145730155,0.220126243062,0.722121455897,100.0
0.808591,-0.849058366095,-0.111597102319,0.24812139244,0.400752480835,3.05645671986,-1.16160695163,-0.318684508683,92.6044998169,0.6331505702,-0.102009722394,-0.132689338152,1.65056332776,0.740529225352,0.220126243062,0.7217379607,100.0
0.818674,-0.849441861292,-0.111213607122,0.24812139244,0.401902966426,3.05568972947,-1.16083996123,-0.320218489471,92.6044998169,0.632383579806,-0.102776712788,-0.133072833349,1.65056332776,0.740145730155,0.221276728652,0.722121455897,100.0
0.828649,-0.849441861292,-0.110830111925,0.248504887637,0.401519471229,3.05607322466,-1.16160695163,-0.319834994274,92.6044998169,0.6331505702,-0.101242732,-0.132689338152,1.65017983257,0.740912720549,0.220509738259,0.7217379607,100.0
0.838706,-0.849058366095,-0.110446616728,0.24812139244,0.401902966426,3.05530623427,-1.16199044682,-0.320218489471,92.6044998169,0.632383579806,-0.102009722394,-0.132305842955,1.65056332776,0.740145730155,0.220509738259,0.7217379607,100.0
0.848649,-0.849441861292,-0.110446616728,0.247737897243,0.402286461623,3.05568972947,-1.16199044682,-0.319451499077,92.6044998169,0.6331505702,-0.101626227197,-0.132305842955,1.65056332776,0.740145730155,0.220509738259,0.722504951094,100.0
0.858641,-0.848291375701,-0.110830111925,0.248504887637,0.401519471229,3.05607322466,-1.16199044682,-0.319834994274,92.6044998169,0.632767075003,-0.102009722394,-0.133456328546,1.65133031816,0.740912720549,0.220126243062,0.721354465503,100.0
0.868639,-0.849441861292,-0.110830111925,0.24812139244,0.401135976032,3.05645671986,-1.16314093241,-0.319451499077,92.6044998169,0.632767075003,-0.101626227197,-0.132305842955,1.65133031816,0.740529225352,0.220509738259,0.7217379607,100.0
0.878639,-0.849058366095,-0.110446616728,0.248888382834,0.399985490441,3.05568972947,-1.16237394202,-0.319451499077,92.6044998169,0.632767075003,-0.102009722394,-0.132305842955,1.65056332776,0.740529225352,0.220893233455,0.7217379607,100.0
0.888641,-0.848291375701,-0.111597102319,0.24812139244,0.401902966426,3.05607322466,-1.16199044682,-0.320601984668,92.6044998169,0.632000084609,-0.102776712788,-0.132305842955,1.65094682296,0.740145730155,0.221276728652,0.722121455897,100.0
0.898617,-0.848674870898,-0.111213607122,0.248504887637,0.401902966426,3.05568972947,-1.16122345643,-0.319451499077,92.6044998169,0.633534065397,-0.101626227197,-0.133456328546,1.65056332776,0.740912720549,0.220893233455,0.722121455897,100.0
0.908607,-0.849441861292,-0.111980597516,0.24812139244,0.401902966426,3.05645671986,-1.16160695163,-0.320218489471,92.6044998169,0.632767075003,-0.102393217591,-0.133072833349,1.65094682296,0.740912720549,0.220893233455,0.722121455897,100.0
0.918602,-0.849441861292,-0.111980597516,0.24812139244,0.401519471229,3.05645671986,-1.16160695163,-0.320218489471,92.6044998169,0.632383579806,-0.102009722394,-0.133456328546,1.65133031816,0.740145730155,0.220126243062,0.7217379607,100.0
0.928598,-0.849441861292,-0.111597102319,0.248504887637,0.401519471229,3.05645671986,-1.16160695163,-0.319834994274,92.6044998169,0.6331505702,-0.102009722394,-0.132689338152,1.65056332776,0.740912720549,0.220893233455,0.721354465503,100.0
0.938599,-0.849441861292,-0.111980597516,0.249271878031,0.401135976032,3.05645671986,-1.16275743722,-0.31906800388,92.6044998169,0.633534065397,-0.101626227197,-0.132305842955,1.65133031816,0.739762234958,0.220126243062,0.7217379607,100.0
0.948603,-0.849058366095,-0.111597102319,0.248504887637,0.402286461623,3.05607322466,-1.16160695163,-0.320601984668,92.6044998169,0.632767075003,-0.101626227197,-0.133072833349,1.65094682296,0.741296215746,0.220509738259,0.7217379607,100.0
0.958601,-0.849441861292,-0.112364092713,0.248888382834,0.401902966426,3.05568972947,-1.16199044682,-0.319834994274,92.6044998169,0.632383579806,-0.101626227197,-0.132305842955,1.65094682296,0.739762234958,0.221276728652,0.721354465503,100.0
0.968600,-0.850208851685,-0.111980597516,0.248504887637,0.402286461623,3.05607322466,-1.16237394202,-0.319834994274,92.6044998169,0.632383579806,-0.102009722394,-0.133072833349,1.65133031816,0.740912720549,0.220509738259,0.7217379607,100.0
0.978600,-0.849058366095,-0.110830111925,0.24812139244,0.40266995682,3.05607322466,-1.16275743722,-0.319834994274,92.6044998169,0.632767075003,-0.102009722394,-0.132305842955,1.65056332776,0.740912720549,0.221660223849,0.7217379607,100.0
0.988601,-0.850208851685,-0.111980597516,0.248888382834,0.401519471229,3.05684021506,-1.16199044682,-0.31906800388,92.6044998169,0.632767075003,-0.101626227197,-0.132305842955,1.65171381336,0.740145730155,0.221276728652,0.722121455897,100.0
0.998602,-0.849441861292,-0.111597102319,0.24812139244,0.401519471229,3.05607322466,-1.16199044682,-0.319451499077,92.6044998169,0.632000084609,-0.102009722394,-0.133072833349,1.65056332776,0.740529225352,0.220126243062,0.7217379607,100.0
1.008600,-0.849825356489,-0.112364092713,0.248504887637,0.401902966426,3.05645671986,-1.16275743722,-0.319451499077,92.6044998169,0.631616589412,-0.102009722394,-0.132689338152,1.65056332776,0.740912720549,0.220893233455,0.721354465503,100.0
1.018602,-0.849825356489,-0.112364092713,0.248504887637,0.401519471229,3.05607322466,-1.16199044682,-0.320218489471,92.6044998169,0.632767075003,-0.102393217591,-0.132689338152,1.65094682296,0.740912720549,0.220893233455,0.722121455897,100.0
1.028600,-0.849058366095,-0.11274758791,0.24812139244,0.401902966426,3.05645671986,-1.16199044682,-0.320218489471,92.6044998169,0.632767075003,-0.102776712788,-0.131922347758,1.65056332776,0.740145730155,0.220509738259,0.722121455897,100.0
1.038627,-0.850208851685,-0.113131083107,0.24812139244,0.401902966426,3.05645671986,-1.16275743722,-0.319451499077,92.6044998169,0.6331505702,-0.101626227197,-0.132689338152,1.65171381336,0.740912720549,0.220893233455,0.722121455897,100.0
1.048629,-0.849441861292,-0.11274758791,0.247737897243,0.401135976032,3.05684021506,-1.16199044682,-0.320601984668,92.6044998169,0.6331505702,-0.102393217591,-0.133072833349,1.65094682296,0.740912720549,0.220893233455,0.7217379607,100.0
1.058631,-0.849441861292,-0.113131083107,0.24812139244,0.401902966426,3.05530623427,-1.16199044682,-0.318684508683,92.6044998169,0.632000084609,-0.102009722394,-0.132689338152,1.65056332776,0.740912720549,0.220893233455,0.722888446291,100.0
1.068614,-0.849058366095,-0.113514578304,0.248504887637,0.401519471229,3.05645671986,-1.16160695163,-0.31906800388,92.6044998169,0.6331505702,-0.102009722394,-0.132305842955,1.65094682296,0.740529225352,0.220509738259,0.721354465503,100.0
1.078603,-0.850208851685,-0.112364092713,0.248504887637,0.401519471229,3.05607322466,-1.16199044682,-0.319834994274,92.6044998169,0.632383579806,-0.100859236803,-0.132689338152,1.65056332776,0.740145730155,0.220509738259,0.7217379607,100.0
1.088603,-0.849058366095,-0.1138980735,0.248504887637,0.401135976032,3.05607322466,-1.16199044682,-0.320218489471,92.6044998169,0.633534065397,-0.101626227197,-0.132305842955,1.65094682296,0.740529225352,0.220893233455,0.722121455897,100.0
1.098631,-0.849058366095,-0.113131083107,0.248888382834,0.400752480835,3.05607322466,-1.16237394202,-0.31906800388,92.6044998169,0.632767075003,-0.102393217591,-0.132305842955,1.65056332776,0.740145730155,0.220509738259,0.720587475109,100.0
1.108646,-0.850592346882,-0.11274758791,0.248504887637,0.401519471229,3.05607322466,-1.16237394202,-0.320218489471,92.6044998169,0.633917560594,-0.102009722394,-0.132689338152,1.65094682296,0.740145730155,0.220893233455,0.7217379607,100.0
1.118644,-0.849441861292,-0.1138980735,0.248504887637,0.401135976032,3.05568972947,-1.16199044682,-0.319451499077,92.6044998169,0.632767075003,-0.101242732,-0.132689338152,1.65133031816,0.739762234958,0.221276728652,0.721354465503,100.0
1.128626,-0.848674870898,-0.112364092713,0.248888382834,0.401135976032,3.05645671986,-1.16237394202,-0.320218489471,92.6044998169,0.6331505702,-0.102776712788,-0.132689338152,1.65133031816,0.740529225352,0.220893233455,0.7217379607,100.0
1.138605,-0.849441861292,-0.113514578304,0.248888382834,0.401902966426,3.05684021506,-1.16083996123,-0.319834994274,92.6044998169,0.632383579806,-0.102393217591,-0.132305842955,1.64979633737,0.740145730155,0.221276728652,0.7217379607,100.0
1.148608,-0.849825356489,-0.1138980735,0.248504887637,0.401519471229,3.05645671986,-1.16199044682,-0.319451499077,92.6044998169,0.632383579806,-0.102776712788,-0.132305842955,1.65133031816,0.740145730155,0.220509738259,0.721354465503,100.0
1.158613,-0.849058366095,-0.113514578304,0.248504887637,0.402286461623,3.05645671986,-1.16199044682,-0.320218489471,92.6044998169,0.632383579806,-0.102009722394,-0.132689338152,1.65094682296,0.740529225352,0.220893233455,0.722504951094,100.0
1.168606,-0.849825356489,-0.114665063894,0.24812139244,0.401902966426,3.05530623427,-1.16199044682,-0.319834994274,92.6044998169,0.6331505702,-0.102393217591,-0.132689338152,1.65056332776,0.740529225352,0.221276728652,0.720970970306,100.0
1.178605,-0.849058366095,-0.1138980735,0.248888382834,0.401519471229,3.05645671986,-1.16237394202,-0.319834994274,92.6044998169,0.632767075003,-0.102009722394,-0.133072833349,1.65056332776,0.740529225352,0.220509738259,0.7217379607,100.0
1.188634,-0.849058366095,-0.113514578304,0.248888382834,0.401519471229,3.05607322466,-1.16275743722,-0.319834994274,92.6044998169,0.632767075003,-0.101626227197,-0.133072833349,1.65017983257,0.740529225352,0.221660223849,0.722504951094,100.0
1.198608,-0.848674870898,-0.1138980735,0.248504887637,0.400752480835,3.05684021506,-1.16199044682,-0.319834994274,92.6044998169,0.632767075003,-0.102393217591,-0.133072833349,1.65094682296,0.741296215746,0.220126243062,0.722121455897,100.0
1.208607,-0.850208851685,-0.113514578304,0.24812139244,0.401902966426,3.05607322466,-1.16199044682,-0.319451499077,92.6044998169,0.632383579806,-0.102009722394,-0.132305842955,1.65094682296,0.740529225352,0.220509738259,0.720587475109,100.0
1.218604,-0.849441861292,-0.114665063894,0.248504887637,0.401135976032,3.05607322466,-1.16237394202,-0.319834994274,92.6044998169,0.633534065397,-0.102009722394,-0.132305842955,1.65017983257,0.740529225352,0.220509738259,0.721354465503,100.0
1.228605,-0.848674870898,-0.1138980735,0.248888382834,0.401902966426,3.05568972947,-1.16160695163,-0.319834994274,92.6044998169,0.632383579806,-0.101626227197,-0.132689338152,1.65171381336,0.740145730155,0.221276728652,0.721354465503,100.0
1.238603,-0.849441861292,-0.113514578304,0.247737897243,0.401902966426,3.05607322466,-1.16199044682,-0.319834994274,92.6044998169,0.632383579806,-0.101626227197,-0.132305842955,1.65094682296,0.740145730155,0.220509738259,0.7217379607,100.0
1.248605,-0.849441861292,-0.1138980735,0.24812139244,0.401902966426,3.05684021506,-1.16160695163,-0.31906800388,92.6044998169,0.631616589412,-0.101242732,-0.133072833349,1.65133031816,0.740145730155,0.221276728652,0.7217379607,100.0
1.258608,-0.849058366095,-0.1138980735,0.248504887637,0.401135976032,3.05684021506,-1.16160695163,-0.319834994274,92.6044998169,0.6331505702,-0.101242732,-0.133072833349,1.65094682296,0.740529225352,0.220893233455,0.721354465503,100.0
1.268585,-0.848674870898,-0.1138980735,0.248888382834,0.401519471229,3.05607322466,-1.16237394202,-0.319834994274,92.6044998169,0.6331505702,-0.102009722394,-0.133072833349,1.65017983257,0.740529225352,0.220893233455,0.7217379607,100.0
1.278576,-0.849441861292,-0.114665063894,0.248504887637,0.401519471229,3.05568972947,-1.16237394202,-0.320601984668,92.6044998169,0.632000084609,-0.102009722394,-0.133072833349,1.65094682296,0.740529225352,0.221276728652,0.721354465503,100.0
1.288575,-0.848674870898,-0.1138980735,0.248504887637,0.401135976032,3.05568972947,-1.16199044682,-0.319834994274,92.6044998169,0.634301055791,-0.102009722394,-0.132305842955,1.65133031816,0.740529225352,0.221276728652,0.722121455897,100.0
1.298576,-0.849058366095,-0.114281568697,0.24812139244,0.401519471229,3.05645671986,-1.16160695163,-0.320218489471,92.6044998169,0.632767075003,-0.101626227197,-0.132305842955,1.65171381336,0.740145730155,0.220509738259,0.720970970306,100.0
1.308574,-0.849058366095,-0.114281568697,0.248504887637,0.400752480835,3.05607322466,-1.16160695163,-0.319834994274,92.6044998169,0.631616589412,-0.102393217591,-0.133072833349,1.65056332776,0.740529225352,0.221276728652,0.722504951094,100.0
1.318575,-0.849441861292,-0.1138980735,0.248504887637,0.401519471229,3.05684021506,-1.16199044682,-0.319834994274,92.6044998169,0.632767075003,-0.102393217591,-0.132305842955,1.65094682296,0.740529225352,0.221276728652,0.7217379607,100.0
1.328576,-0.849825356489,-0.114281568697,0.248504887637,0.401519471229,3.05568972947,-1.16160695163,-0.319834994274,92.6044998169,0.632767075003,-0.102393217591,-0.133072833349,1.65094682296,0.741296215746,0.220509738259,0.722121455897,100.0
1.338575,-0.849441861292,-0.114665063894,0.24697090685,0.401135976032,3.05684021506,-1.16122345643,-0.318684508683,92.6044998169,0.632767075003,-0.102393217591,-0.132305842955,1.65094682296,0.740529225352,0.221276728652,0.7217379607,100.0
1.348573,-0.849825356489,-0.1138980735,0.248888382834,0.401135976032,3.05645671986,-1.16199044682,-0.319834994274,92.6044998169,0.632383579806,-0.102009722394,-0.132689338152,1.65094682296,0.740912720549,0.220509738259,0.722121455897,100.0
1.358576,-0.850208851685,-0.115048559091,0.248504887637,0.401519471229,3.05607322466,-1.16160695163,-0.319451499077,92.6044998169,0.632767075003,-0.102009722394,-0.132689338152,1.65094682296,0.740912720549,0.220893233455,0.7217379607,100.0
1.368576,-0.849058366095,-0.1138980735,0.248504887637,0.401135976032,3.05645671986,-1.16160695163,-0.319834994274,92.6044998169,0.633534065397,-0.102009722394,-0.132689338152,1.65056332776,0.741296215746,0.221276728652,0.722121455897,100.0
1.378577,-0.849825356489,-0.115048559091,0.247737897243,0.401519471229,3.05645671986,-1.16199044682,-0.319834994274,92.6044998169,0.632383579806,-0.101626227197,-0.132305842955,1.65094682296,0.740912720549,0.220509738259,0.722121455897,100.0
1.388584,-0.849058366095,-0.114281568697,0.248504887637,0.400752480835,3.05684021506,-1.16199044682,-0.320601984668,92.6044998169,0.633534065397,-0.102393217591,-0.132689338152,1.65017983257,0.740145730155,0.220509738259,0.722121455897,100.0
1.398575,-0.849441861292,-0.114665063894,0.248888382834,0.401519471229,3.05645671986,-1.16199044682,-0.319834994274,92.6044998169,0.632383579806,-0.103160207985,-0.132305842955,1.65056332776,0.740145730155,0.221276728652,0.720587475109,100.0
1.408579,-0.849441861292,-0.114281568697,0.248888382834,0.401135976032,3.05645671986,-1.16160695163,-0.31906800388,92.6044998169,0.6331505702,-0.102009722394,-0.132689338152,1.65094682296,0.740912720549,0.221276728652,0.721354465503,100.0
1.418595,-0.848291375701,-0.1138980735,0.24812139244,0.401519471229,3.05568972947,-1.16199044682,-0.319451499077,92.6044998169,0.633917560594,-0.101242732,-0.132689338152,1.65017983257,0.740145730155,0.221276728652,0.7217379607,100.0
1.428599,-0.849441861292,-0.114281568697,0.248504887637,0.401902966426,3.05568972947,-1.16237394202,-0.319834994274,92.6044998169,0.632000084609,-0.101626227197,-0.133456328546,1.65133031816,0.739762234958,0.220509738259,0.7217379607,100.0
1.438573,-0.848674870898,-0.1138980735,0.248504887637,0.401902966426,3.05607322466,-1.16199044682,-0.320218489471,92.6044998169,0.632767075003,-0.102393217591,-0.131922347758,1.65094682296,0.741679710943,0.220893233455,0.7217379607,100.0
1.448575,-0.848291375701,-0.114281568697,0.247737897243,0.401902966426,3.05568972947,-1.16237394202,-0.319834994274,92.6044998169,0.6331505702,-0.101626227197,-0.132305842955,1.65017983257,0.740529225352,0.221660223849,0.7217379607,100.0
1.458575,-0.850208851685,-0.113131083107,0.248504887637,0.402286461623,3.05607322466,-1.16199044682,-0.319834994274,92.6044998169,0.632767075003,-0.102009722394,-0.132689338152,1.65056332776,0.740529225352,0.220509738259,0.7217379607,100.0
1.468577,-0.849441861292,-0.114281568697,0.248504887637,0.401519471229,3.05645671986,-1.16199044682,-0.319451499077,92.6044998169,0.6331505702,-0.102393217591,-0.132305842955,1.65017983257,0.740529225352,0.220126243062,0.722121455897,100.0
1.478573,-0.849825356489,-0.113514578304,0.24812139244,0.402286461623,3.05645671986,-1.16199044682,-0.320218489471,92.6044998169,0.632767075003,-0.102393217591,-0.132305842955,1.65094682296,0.740529225352,0.220893233455,0.720587475109,100.0
1.488576,-0.848291375701,-0.1138980735,0.248504887637,0.401519471229,3.05530623427,-1.16237394202,-0.319834994274,92.6044998169,0.632000084609,-0.101626227197,-0.133072833349,1.65133031816,0.740145730155,0.220893233455,0.7217379607,100.0
1.498597,-0.848291375701,-0.114281568697,0.247737897243,0.401135976032,3.05607322466,-1.16199044682,-0.319834994274,92.6044998169,0.6331505702,-0.101242732,-0.132689338152,1.65056332776,0.740529225352,0.221276728652,0.722121455897,100.0
1.508625,-0.849058366095,-0.113514578304,0.248888382834,0.401519471229,3.05607322466,-1.16199044682,-0.319451499077,92.6044998169,0.632383579806,-0.102009722394,-0.132689338152,1.65133031816,0.741296215746,0.220893233455,0.7217379607,100.0
1.518606,-0.849825356489,-0.113514578304,0.24812139244,0.401135976032,3.05568972947,-1.16199044682,-0.319834994274,92.6044998169,0.633534065397,-0.101626227197,-0.132305842955,1.65094682296,0.740145730155,0.220893233455,0.722121455897,100.0
1.528599,-0.848674870898,-0.113131083107,0.247737897243,0.401519471229,3.05645671986,-1.16199044682,-0.320218489471,92.6044998169,0.632767075003,-0.102776712788,-0.133456328546,1.65017983257,0.740145730155,0.221276728652,0.7217379607,100.0
1.538596,-0.848674870898,-0.114281568697,0.248504887637,0.401519471229,3.05568972947,-1.16160695163,-0.319834994274,92.6044998169,0.632767075003,-0.101626227197,-0.132689338152,1.65133031816,0.739762234958,0.220509738259,0.7217379607,100.0
1.548593,-0.849441861292,-0.113131083107,0.248504887637,0.401519471229,3.05645671986,-1.16237394202,-0.31906800388,92.6044998169,0.632383579806,-0.101242732,-0.132689338152,1.65133031816,0.740529225352,0.220893233455,0.722121455897,100.0
1.558601,-0.849825356489,-0.114281568697,0.248504887637,0.400752480835,3.05645671986,-1.16199044682,-0.319834994274,92.6044998169,0.632767075003,-0.101626227197,-0.132689338152,1.65094682296,0.740912720549,0.220509738259,0.7217379607,100.0
1.568598,-0.849441861292,-0.1138980735,0.247737897243,0.401519471229,3.05568972947,-1.16199044682,-0.320601984668,92.6044998169,0.6331505702,-0.101626227197,-0.132689338152,1.65056332776,0.739762234958,0.220126243062,0.7217379607,100.0
1.578627,-0.848674870898,-0.113514578304,0.247737897243,0.402286461623,3.05684021506,-1.16160695163,-0.319451499077,92.6044998169,0.6331505702,-0.102009722394,-0.132689338152,1.65094682296,0.740912720549,0.220893233455,0.720970970306,100.0
1.588630,-0.849441861292,-0.1138980735,0.247737897243,0.402286461623,3.05607322466,-1.16160695163,-0.319834994274,92.6044998169,0.632767075003,-0.102009722394,-0.132305842955,1.65133031816,0.741296215746,0.220509738259,0.721354465503,100.0
1.598634,-0.848674870898,-0.115048559091,0.248888382834,0.401902966426,3.05568972947,-1.16160695163,-0.319451499077,92.6044998169,0.632767075003,-0.101626227197,-0.132305842955,1.65133031816,0.740145730155,0.220893233455,0.7217379607,100.0
1.608632,-0.849441861292,-0.113131083107,0.24812139244,0.401902966426,3.05645671986,-1.16160695163,-0.319451499077,92.6044998169,0.632383579806,-0.102009722394,-0.132689338152,1.65094682296,0.740145730155,0.220893233455,0.722121455897,100.0
1.618607,-0.848674870898,-0.114665063894,0.248888382834,0.402286461623,3.05568972947,-1.16275743722,-0.320218489471,92.6044998169,0.632767075003,-0.101626227197,-0.132689338152,1.65094682296,0.741296215746,0.221660223849,0.720203979912,100.0
1.628594,-0.849825356489,-0.1138980735,0.24812139244,0.401135976032,3.05607322466,-1.16199044682,-0.319834994274,92.6044998169,0.632767075003,-0.101626227197,-0.133072833349,1.65133031816,0.740145730155,0.221276728652,0.721354465503,100.0
1.638618,-0.848674870898,-0.113514578304,0.247737897243,0.401135976032,3.05568972947,-1.16199044682,-0.320601984668,92.6044998169,0.6331505702,-0.101626227197,-0.132305842955,1.65017983257,0.740145730155,0.221276728652,0.720970970306,100.0
1.648597,-0.849441861292,-0.114281568697,0.248504887637,0.401519471229,3.05645671986,-1.16237394202,-0.320218489471,92.6044998169,0.6331505702,-0.102009722394,-0.133839823743,1.65056332776,0.740529225352,0.220893233455,0.721354465503,100.0
1.658583,-0.849441861292,-0.114281568697,0.24812139244,0.401519471229,3.05645671986,-1.16199044682,-0.31906800388,92.6044998169,0.6331505702,-0.102776712788,-0.132689338152,1.65133031816,0.740529225352,0.221276728652,0.721354465503,100.0
1.668579,-0.849058366095,-0.114665063894,0.248888382834,0.401135976032,3.05645671986,-1.16083996123,-0.31906800388,92.6044998169,0.632383579806,-0.102393217591,-0.132689338152,1.65056332776,0.740529225352,0.221660223849,0.7217379607,100.0
1.678577,-0.849058366095,-0.1138980735,0.24812139244,0.401519471229,3.05568972947,-1.16199044682,-0.320218489471,92.6044998169,0.6331505702,-0.102393217591,-0.132689338152,1.65171381336,0.740145730155,0.220893233455,0.7217379607,100.0
1.688574,-0.849058366095,-0.114281568697,0.248888382834,0.401135976032,3.05607322466,-1.16199044682,-0.320218489471,92.6044998169,0.6331505702,-0.101626227197,-0.133072833349,1.65133031816,0.740145730155,0.221276728652,0.722121455897,100.0
1.698588,-0.848291375701,-0.114281568697,0.248504887637,0.401519471229,3.05568972947,-1.16160695163,-0.319834994274,92.6044998169,0.632383579806,-0.101242732,-0.132305842955,1.65056332776,0.740529225352,0.220509738259,0.7217379607,100.0
1.708590,-0.849441861292,-0.113514578304,0.248504887637,0.401135976032,3.05607322466,-1.16275743722,-0.320218489471,92.6044998169,0.6331505702,-0.101626227197,-0.132305842955,1.65056332776,0.740529225352,0.221276728652,0.721354465503,100.0
1.718582,-0.849441861292,-0.1138980735,0.248504887637,0.401135976032,3.05607322466,-1.16275743722,-0.319451499077,92.6044998169,0.632767075003,-0.102393217591,-0.132305842955,1.65133031816,0.740529225352,0.221276728652,0.720970970306,100.0
1.728579,-0.848291375701,-0.1138980735,0.248504887637,0.401902966426,3.05645671986,-1.16237394202,-0.320218489471,92.6044998169,0.6331505702,-0.101626227197,-0.133072833349,1.65133031816,0.740529225352,0.221276728652,0.721354465503,100.0
1.738574,-0.848291375701,-0.114281568697,0.24812139244,0.401519471229,3.05568972947,-1.16122345643,-0.320218489471,92.6044998169,0.632767075003,-0.102393217591,-0.133072833349,1.65133031816,0.740912720549,0.221276728652,0.722121455897,100.0
1.748578,-0.849441861292,-0.115432054288,0.24812139244,0.400752480835,3.05645671986,-1.16237394202,-0.319451499077,92.6044998169,0.632383579806,-0.101626227197,-0.133072833349,1.65056332776,0.740529225352,0.221276728652,0.720587475109,100.0
1.758577,-0.848674870898,-0.114281568697,0.24812139244,0.401519471229,3.05568972947,-1.16199044682,-0.319451499077,92.6044998169,0.632383579806,-0.102009722394,-0.131922347758,1.65133031816,0.740912720549,0.221276728652,0.7217379607,100.0
1.768578,-0.849825356489,-0.114281568697,0.248504887637,0.401902966426,3.05607322466,-1.16160695163,-0.320218489471,92.6044998169,0.6331505702,-0.101626227197,-0.132689338152,1.65171381336,0.740529225352,0.220893233455,0.720970970306,100.0
1.778577,-0.848674870898,-0.1138980735,0.248504887637,0.400368985638,3.05530623427,-1.16199044682,-0.319834994274,92.6044998169,0.633534065397,-0.101626227197,-0.133072833349,1.65171381336,0.740529225352,0.221276728652,0.722121455897,100.0
1.788574,-0.849825356489,-0.114281568697,0.248888382834,0.402286461623,3.05607322466,-1.16199044682,-0.319451499077,92.6044998169,0.632383579806,-0.102009722394,-0.132689338152,1.65133031816,0.740912720549,0.221660223849,0.720587475109,100.0
1.798577,-0.849058366095,-0.114665063894,0.24812139244,0.402286461623,3.05607322466,-1.16160695163,-0.319834994274,92.6044998169,0.632767075003,-0.102009722394,-0.132689338152,1.65056332776,0.740529225352,0.220893233455,0.722121455897,100.0
1.808576,-0.849825356489,-0.1138980735,0.248504887637,0.401135976032,3.05607322466,-1.16237394202,-0.319451499077,92.6044998169,0.632383579806,-0.102393217591,-0.132305842955,1.65133031816,0.740912720549,0.221276728652,0.721354465503,100.0
1.818575,-0.849825356489,-0.1138980735,0.248504887637,0.401519471229,3.05607322466,-1.16160695163,-0.320218489471,92.6044998169,0.632383579806,-0.101626227197,-0.132689338152,1.65056332776,0.740145730155,0.220893233455,0.722121455897,100.0
1.828575,-0.849441861292,-0.114665063894,0.24812139244,0.401519471229,3.05607322466,-1.16199044682,-0.319451499077,92.6044998169,0.631616589412,-0.102009722394,-0.132689338152,1.65056332776,0.740145730155,0.220893233455,0.720587475109,100.0
1.838592,-0.849058366095,-0.1138980735,0.248504887637,0.401519471229,3.05722371026,-1.16122345643,-0.319451499077,92.6044998169,0.6331505702,-0.101626227197,-0.132305842955,1.65133031816,0.740529225352,0.220509738259,0.7217379607,100.0
1.848597,-0.849441861292,-0.114281568697,0.24812139244,0.401519471229,3.05645671986,-1.16160695163,-0.319834994274,92.6044998169,0.6331505702,-0.102393217591,-0.133072833349,1.65133031816,0.740529225352,0.221660223849,0.721354465503,100.0
1.858599,-0.849058366095,-0.114281568697,0.248888382834,0.400752480835,3.05568972947,-1.16237394202,-0.31906800388,92.6044998169,0.632383579806,-0.101626227197,-0.131538852561,1.65056332776,0.740912720549,0.220126243062,0.720970970306,100.0
1.868599,-0.848674870898,-0.114281568697,0.247737897243,0.401519471229,3.05607322466,-1.16199044682,-0.319451499077,92.6044998169,0.632767075003,-0.102009722394,-0.133072833349,1.65133031816,0.740145730155,0.221660223849,0.720970970306,100.0
1.878602,-0.849058366095,-0.1138980735,0.248888382834,0.401519471229,3.05645671986,-1.16237394202,-0.319451499077,92.6044998169,0.632767075003,-0.102393217591,-0.132689338152,1.65133031816,0.740912720549,0.221660223849,0.7217379607,100.0
1.888598,-0.849058366095,-0.114281568697,0.24812139244,0.401519471229,3.05607322466,-1.16199044682,-0.319451499077,92.6044998169,0.6331505702,-0.101626227197,-0.133072833349,1.65133031816,0.740529225352,0.220893233455,0.722121455897,100.0
1.898599,-0.849441861292,-0.114281568697,0.24812139244,0.401519471229,3.05568972947,-1.16237394202,-0.319451499077,92.6044998169,0.633917560594,-0.101626227197,-0.133072833349,1.65094682296,0.740529225352,0.221276728652,0.7217379607,100.0
1.908618,-0.849058366095,-0.1138980735,0.248504887637,0.401519471229,3.05530623427,-1.16237394202,-0.320601984668,92.6044998169,0.632767075003,-0.101242732,-0.132305842955,1.65094682296,0.740529225352,0.221276728652,0.7217379607,100.0
1.918584,-0.849441861292,-0.1138980735,0.24812139244,0.401135976032,3.05607322466,-1.16237394202,-0.319834994274,92.6044998169,0.632383579806,-0.102009722394,-0.132689338152,1.65133031816,0.740529225352,0.221660223849,0.7217379607,100.0
1.928576,-0.849058366095,-0.114665063894,0.248504887637,0.401519471229,3.05607322466,-1.16160695163,-0.319834994274,92.6044998169,0.632383579806,-0.100859236803,-0.133072833349,1.65171381336,0.740529225352,0.221276728652,0.720970970306,100.0
1.938575,-0.849058366095,-0.114665063894,0.248504887637,0.401135976032,3.05568972947,-1.16314093241,-0.319451499077,92.6044998169,0.6331505702,-0.102393217591,-0.132689338152,1.65133031816,0.740145730155,0.221276728652,0.722121455897,100.0
1.948578,-0.849825356489,-0.1138980735,0.248888382834,0.401519471229,3.05645671986,-1.16237394202,-0.320601984668,92.6044998169,0.632383579806,-0.102009722394,-0.132689338152,1.65056332776,0.740145730155,0.221276728652,0.720970970306,100.0
1.958578,-0.849058366095,-0.113514578304,0.24812139244,0.401135976032,3.05607322466,-1.16122345643,-0.319451499077,92.6044998169,0.6331505702,-0.102393217591,-0.133456328546,1.65017983257,0.740529225352,0.221276728652,0.722121455897,100.0
1.968588,-0.849058366095,-0.114281568697,0.247737897243,0.401902966426,3.05607322466,-1.16199044682,-0.319451499077,92.6044998169,0.6331505702,-0.102393217591,-0.133456328546,1.65133031816,0.741296215746,0.221276728652,0.721354465503,100.0
1.978580,-0.848674870898,-0.113514578304,0.24812139244,0.401135976032,3.05645671986,-1.16199044682,-0.31906800388,92.6044998169,0.632767075003,-0.102009722394,-0.132689338152,1.65094682296,0.740529225352,0.221660223849,0.720970970306,100.0
1.988598,-0.848674870898,-0.114281568697,0.248504887637,0.401135976032,3.05645671986,-1.16199044682,-0.319834994274,92.6044998169,0.632383579806,-0.102009722394,-0.132689338152,1.65133031816,0.740529225352,0.220893233455,0.722121455897,100.0
1.998617,-0.849058366095,-0.113514578304,0.24812139244,0.402286461623,3.05645671986,-1.16122345643,-0.319451499077,92.6044998169,0.632383579806,-0.101626227197,-0.133456328546,1.65094682296,0.740145730155,0.220893233455,0.721354465503,100.0
2.008606,-0.848291375701,-0.1138980735,0.248504887637,0.401902966426,3.05684021506,-1.16160695163,-0.31906800388,92.6044998169,0.632383579806,-0.102009722394,-0.132305842955,1.65056332776,0.740529225352,0.220893233455,0.7217379607,100.0
2.018630,-0.849441861292,-0.114665063894,0.24812139244,0.401902966426,3.05607322466,-1.16160695163,-0.320218489471,92.6044998169,0.632767075003,-0.101626227197,-0.133072833349,1.65056332776,0.740912720549,0.221276728652,0.722504951094,100.0
2.028594,-0.849058366095,-0.114281568697,0.248504887637,0.401902966426,3.05607322466,-1.16199044682,-0.320218489471,92.6044998169,0.632383579806,-0.101626227197,-0.133456328546,1.65094682296,0.740529225352,0.221276728652,0.722121455897,100.0
2.038580,-0.848674870898,-0.113131083107,0.248888382834,0.401902966426,3.05607322466,-1.16160695163,-0.31906800388,92.6044998169,0.632383579806,-0.101242732,-0.132689338152,1.65094682296,0.740529225352,0.221276728652,0.722121455897,100.0
2.048579,-0.849058366095,-0.113514578304,0.24812139244,0.401519471229,3.05607322466,-1.16237394202,-0.319834994274,92.6044998169,0.6331505702,-0.102393217591,-0.132305842955,1.65017983257,0.740529225352,0.221276728652,0.722504951094,100.0
2.058577,-0.849058366095,-0.114281568697,0.248888382834,0.401519471229,3.05645671986,-1.16160695163,-0.319834994274,92.6044998169,0.632767075003,-0.102009722394,-0.133072833349,1.65133031816,0.740912720549,0.221660223849,0.720970970306,100.0
2.068575,-0.849825356489,-0.1138980735,0.24812139244,0.401902966426,3.05607322466,-1.16122345643,-0.320218489471,92.6044998169,0.632383579806,-0.101242732,-0.133072833349,1.65171381336,0.740529225352,0.220893233455,0.722121455897,100.0
2.078574,-0.849825356489,-0.1138980735,0.248504887637,0.401135976032,3.05568972947,-1.16275743722,-0.31906800388,92.6044998169,0.632767075003,-0.102393217591,-0.132305842955,1.65056332776,0.740912720549,0.221276728652,0.721354465503,100.0
2.088573,-0.849058366095,-0.1138980735,0.24812139244,0.401902966426,3.05684021506,-1.16199044682,-0.319451499077,92.6044998169,0.632383579806,-0.101626227197,-0.132305842955,1.65056332776,0.740912720549,0.220893233455,0.7217379607,100.0
2.098593,-0.849441861292,-0.1138980735,0.24812139244,0.401902966426,3.05645671986,-1.16237394202,-0.319834994274,92.6044998169,0.632767075003,-0.102393217591,-0.133456328546,1.65171381336,0.740912720549,0.221660223849,0.7217379607,100.0
2.108583,-0.849058366095,-0.1138980735,0.248888382834,0.402286461623,3.05607322466,-1.16199044682,-0.320218489471,92.6044998169,0.632383579806,-0.102009722394,-0.133072833349,1.65133031816,0.740912720549,0.221276728652,0.721354465503,100.0
2.118576,-0.849058366095,-0.1138980735,0.247737897243,0.401519471229,3.05568972947,-1.16237394202,-0.319834994274,92.6044998169,0.6331505702,-0.102009722394,-0.132689338152,1.65056332776,0.740529225352,0.221660223849,0.721354465503,100.0
2.128575,-0.849058366095,-0.114281568697,0.249271878031,0.401519471229,3.05607322466,-1.16160695163,-0.319451499077,92.6044998169,0.632767075003,-0.101626227197,-0.132689338152,1.65171381336,0.740529225352,0.220126243062,0.722121455897,100.0
2.138576,-0.849058366095,-0.1138980735,0.24812139244,0.401519471229,3.05607322466,-1.16237394202,-0.319451499077,92.6044998169,0.6331505702,-0.101626227197,-0.132689338152,1.65056332776,0.740145730155,0.220893233455,0.721354465503,100.0
2.148574,-0.850208851685,-0.1138980735,0.24812139244,0.401902966426,3.05607322466,-1.16199044682,-0.320218489471,92.6044998169,0.632000084609,-0.101626227197,-0.132689338152,1.65171381336,0.740529225352,0.220893233455,0.7217379607,100.0
2.158574,-0.849441861292,-0.114665063894,0.248504887637,0.401519471229,3.05607322466,-1.16199044682,-0.319451499077,92.6044998169,0.6331505702,-0.101626227197,-0.132305842955,1.65133031816,0.740912720549,0.221660223849,0.720970970306,100.0
2.168575,-0.849058366095,-0.114281568697,0.24812139244,0.401135976032,3.05607322466,-1.16237394202,-0.319834994274,92.6044998169,0.632767075003,-0.101626227197,-0.132305842955,1.65056332776,0.740912720549,0.221660223849,0.721354465503,100.0
2.178576,-0.849825356489,-0.114665063894,0.248888382834,0.401902966426,3.05568972947,-1.16237394202,-0.319451499077,92.6044998169,0.632383579806,-0.102009722394,-0.133072833349,1.65133031816,0.739762234958,0.221276728652,0.721354465503,100.0
2.188577,-0.849058366095,-0.1138980735,0.247737897243,0.401135976032,3.05645671986,-1.16122345643,-0.319834994274,92.6044998169,0.632383579806,-0.102009722394,-0.132689338152,1.65017983257,0.740529225352,0.221276728652,0.722121455897,100.0
2.198595,-0.848291375701,-0.114665063894,0.248504887637,0.402286461623,3.05607322466,-1.16199044682,-0.319834994274,92.6044998169,0.633534065397,-0.101242732,-0.132305842955,1.65094682296,0.740145730155,0.220893233455,0.722504951094,100.0
2.208613,-0.849058366095,-0.114281568697,0.24812139244,0.400752480835,3.05645671986,-1.16160695163,-0.319834994274,92.6044998169,0.632767075003,-0.102009722394,-0.132305842955,1.65094682296,0.740912720549,0.220509738259,0.722121455897,100.0
2.218602,-0.850208851685,-0.115048559091,0.24812139244,0.401519471229,3.05645671986,-1.16199044682,-0.319834994274,92.6044998169,0.632767075003,-0.101626227197,-0.132689338152,1.65133031816,0.740529225352,0.221276728652,0.722121455897,100.0
2.228611,-0.848674870898,-0.1138980735,0.248888382834,0.401519471229,3.05645671986,-1.16275743722,-0.319451499077,92.6044998169,0.632383579806,-0.102776712788,-0.132305842955,1.65133031816,0.739378739761,0.220893233455,0.722121455897,100.0
2.238614,-0.849058366095,-0.114281568697,0.248504887637,0.402286461623,3.05568972947,-1.16237394202,-0.320218489471,92.6044998169,0.632383579806,-0.102393217591,-0.132305842955,1.65171381336,0.740145730155,0.221276728652,0.721354465503,100.0
2.248599,-0.849441861292,-0.114281568697,0.248504887637,0.401519471229,3.05607322466,-1.16237394202,-0.320601984668,92.6044998169,0.632383579806,-0.102009722394,-0.132305842955,1.65094682296,0.739762234958,0.221660223849,0.720970970306,100.0
2.258672,-0.848674870898,-0.1138980735,0.249271878031,0.401135976032,3.05568972947,-1.16160695163,-0.319451499077,92.6044998169,0.632767075003,-0.102009722394,-0.133072833349,1.65094682296,0.740145730155,0.220893233455,0.721354465503,100.0
2.268619,-0.848674870898,-0.113514578304,0.248888382834,0.401902966426,3.05568972947,-1.16199044682,-0.319834994274,92.6044998169,0.632767075003,-0.101626227197,-0.133456328546,1.65133031816,0.740145730155,0.221276728652,0.722121455897,100.0
2.278580,-0.849058366095,-0.1138980735,0.247737897243,0.401902966426,3.05645671986,-1.16160695163,-0.320218489471,92.6044998169,0.632383579806,-0.102009722394,-0.132305842955,1.65133031816,0.740145730155,0.220893233455,0.722121455897,100.0
2.288616,-0.849825356489,-0.113514578304,0.248888382834,0.401519471229,3.05645671986,-1.16199044682,-0.319451499077,92.6044998169,0.6331505702,-0.102009722394,-0.133072833349,1.65133031816,0.740529225352,0.220893233455,0.7217379607,100.0
2.298590,-0.849058366095,-0.1138980735,0.247354402047,0.401135976032,3.05607322466,-1.16237394202,-0.319451499077,92.6044998169,0.632383579806,-0.101242732,-0.133456328546,1.65094682296,0.740529225352,0.220893233455,0.722121455897,100.0
2.308590,-0.849441861292,-0.114281568697,0.24812139244,0.402286461623,3.05530623427,-1.16199044682,-0.320218489471,92.6044998169,0.632000084609,-0.102009722394,-0.132689338152,1.65094682296,0.740529225352,0.221276728652,0.721354465503,100.0
2.318580,-0.849058366095,-0.1138980735,0.247354402047,0.401135976032,3.05645671986,-1.16199044682,-0.320218489471,92.6044998169,0.6331505702,-0.102393217591,-0.133072833349,1.65094682296,0.740529225352,0.221276728652,0.722121455897,100.0
2.328574,-0.849441861292,-0.1138980735,0.248504887637,0.401519471229,3.05492273907,-1.16160695163,-0.320601984668,92.6044998169,0.6331505702,-0.102776712788,-0.133456328546,1.65133031816,0.740912720549,0.221660223849,0.722121455897,100.0
2.338573,-0.849058366095,-0.113514578304,0.248504887637,0.401135976032,3.05684021506,-1.16083996123,-0.320218489471,92.6044998169,0.633534065397,-0.102776712788,-0.133072833349,1.65056332776,0.740145730155,0.221276728652,0.721354465503,100.0
2.348577,-0.849058366095,-0.114281568697,0.248888382834,0.401902966426,3.05568972947,-1.16237394202,-0.318684508683,92.6044998169,0.633534065397,-0.102393217591,-0.132689338152,1.65094682296,0.740529225352,0.221276728652,0.721354465503,100.0
2.358579,-0.848674870898,-0.1138980735,0.24812139244,0.401519471229,3.05607322466,-1.16199044682,-0.319451499077,92.6044998169,0.632767075003,-0.102009722394,-0.131922347758,1.65094682296,0.740529225352,0.221276728652,0.722121455897,100.0
2.368576,-0.848674870898,-0.114281568697,0.248504887637,0.402286461623,3.05607322466,-1.16237394202,-0.319834994274,92.6044998169,0.632383579806,-0.101626227197,-0.133072833349,1.65056332776,0.740529225352,0.220509738259,0.722121455897,100.0
2.378577,-0.848674870898,-0.113131083107,0.24812139244,0.401519471229,3.05568972947,-1.16314093241,-0.319834994274,92.6044998169,0.632383579806,-0.102009722394,-0.133072833349,1.65094682296,0.739762234958,0.221660223849,0.721354465503,100.0
2.388575,-0.848674870898,-0.1138980735,0.248504887637,0.401519471229,3.05607322466,-1.16199044682,-0.319834994274,92.6044998169,0.633534065397,-0.102009722394,-0.132689338152,1.65133031816,0.740912720549,0.220893233455,0.7217379607,100.0
2.398584,-0.849058366095,-0.114665063894,0.247737897243,0.402286461623,3.05607322466,-1.16160695163,-0.319451499077,92.6044998169,0.632767075003,-0.101626227197,-0.133456328546,1.65056332776,0.739762234958,0.221660223849,0.722121455897,100.0
2.408588,-0.849825356489,-0.114281568697,0.248504887637,0.401135976032,3.05568972947,-1.16237394202,-0.319834994274,92.6044998169,0.632383579806,-0.102009722394,-0.133456328546,1.65133031816,0.740145730155,0.222043719046,0.7217379607,100.0
2.418589,-0.847907880504,-0.113131083107,0.24812139244,0.401135976032,3.05645671986,-1.16199044682,-0.319451499077,92.6044998169,0.6331505702,-0.101626227197,-0.132305842955,1.65056332776,0.740145730155,0.221660223849,0.722121455897,100.0
2.428587,-0.848674870898,-0.114281568697,0.247737897243,0.401519471229,3.05645671986,-1.16122345643,-0.319834994274,92.6044998169,0.632767075003,-0.102776712788,-0.133072833349,1.65133031816,0.740912720549,0.221276728652,0.7217379607,100.0
2.438592,-0.848291375701,-0.113514578304,0.24812139244,0.401135976032,3.05645671986,-1.16275743722,-0.319451499077,92.6044998169,0.632383579806,-0.102009722394,-0.132305842955,1.65094682296,0.740912720549,0.221660223849,0.722121455897,100.0
2.448589,-0.849441861292,-0.113514578304,0.24812139244,0.401135976032,3.05568972947,-1.16237394202,-0.320218489471,92.6044998169,0.632383579806,-0.102009722394,-0.133072833349,1.65094682296,0.740145730155,0.221660223849,0.7217379607,100.0
2.458589,-0.849441861292,-0.1138980735,0.248504887637,0.402286461623,3.05607322466,-1.16237394202,-0.319834994274,92.6044998169,0.632767075003,-0.101626227197,-0.133072833349,1.65094682296,0.740912720549,0.221276728652,0.722121455897,100.0
2.468593,-0.849441861292,-0.113131083107,0.248888382834,0.401135976032,3.05568972947,-1.16122345643,-0.319451499077,92.6044998169,0.633917560594,-0.101626227197,-0.133072833349,1.65133031816,0.741296215746,0.220893233455,0.722121455897,100.0
2.478592,-0.848674870898,-0.1138980735,0.248888382834,0.401902966426,3.05645671986,-1.16122345643,-0.31906800388,92.6044998169,0.6331505702,-0.102009722394,-0.132689338152,1.65133031816,0.740912720549,0.220893233455,0.7217379607,100.0
2.488592,-0.849058366095,-0.1138980735,0.247737897243,0.401902966426,3.05607322466,-1.16199044682,-0.31906800388,92.6044998169,0.6331505702,-0.102393217591,-0.133072833349,1.65094682296,0.740912720549,0.220893233455,0.722121455897,100.0
2.498589,-0.848674870898,-0.113514578304,0.248504887637,0.401519471229,3.05645671986,-1.16199044682,-0.319834994274,92.6044998169,0.633534065397,-0.102009722394,-0.133072833349,1.65094682296,0.740145730155,0.221660223849,0.7217379607,100.0
2.508587,-0.848674870898,-0.1138980735,0.248888382834,0.401902966426,3.05607322466,-1.16199044682,-0.319451499077,92.6044998169,0.6331505702,-0.101242732,-0.133072833349,1.65094682296,0.740529225352,0.221660223849,0.722504951094,100.0
2.518582,-0.849441861292,-0.115048559091,0.24812139244,0.402286461623,3.05645671986,-1.16199044682,-0.319451499077,92.6044998169,0.632383579806,-0.101626227197,-0.132305842955,1.65056332776,0.740529225352,0.221660223849,0.722504951094,100.0
2.528578,-0.848674870898,-0.1138980735,0.248504887637,0.401902966426,3.05530623427,-1.16199044682,-0.319834994274,92.6044998169,0.632000084609,-0.102393217591,-0.132689338152,1.65056332776,0.740529225352,0.220509738259,0.721354465503,100.0
2.538576,-0.848674870898,-0.1138980735,0.247354402047,0.401519471229,3.05568972947,-1.16160695163,-0.31906800388,92.6044998169,0.632000084609,-0.101626227197,-0.132689338152,1.65171381336,0.740912720549,0.221276728652,0.721354465503,100.0
2.548574,-0.849441861292,-0.113514578304,0.248888382834,0.401902966426,3.05568972947,-1.16160695163,-0.319834994274,92.6044998169,0.6331505702,-0.102393217591,-0.133072833349,1.65133031816,0.739762234958,0.221660223849,0.720970970306,100.0
2.558574,-0.848291375701,-0.1138980735,0.249271878031,0.401519471229,3.05645671986,-1.16160695163,-0.319834994274,92.6044998169,0.6331505702,-0.102393217591,-0.132689338152,1.65094682296,0.740529225352,0.221276728652,0.720970970306,100.0
2.568576,-0.849058366095,-0.113514578304,0.24812139244,0.401519471229,3.05607322466,-1.16122345643,-0.319451499077,92.6044998169,0.631233094215,-0.101626227197,-0.132689338152,1.65171381336,0.740529225352,0.221276728652,0.7217379607,100.0
2.578575,-0.849058366095,-0.114281568697,0.24812139244,0.401519471229,3.05645671986,-1.16199044682,-0.319451499077,92.6044998169,0.631616589412,-0.102393217591,-0.132305842955,1.65171381336,0.740529225352,0.221276728652,0.720970970306,100.0
2.588578,-0.848674870898,-0.114281568697,0.24812139244,0.400752480835,3.05645671986,-1.16237394202,-0.320218489471,92.6044998169,0.632000084609,-0.102009722394,-0.133072833349,1.65133031816,0.739762234958,0.221660223849,0.722121455897,100.0
2.598588,-0.849441861292,-0.114281568697,0.24812139244,0.401902966426,3.05607322466,-1.16237394202,-0.320218489471,92.6044998169,0.632767075003,-0.102009722394,-0.132689338152,1.65056332776,0.739762234958,0.221276728652,0.7217379607,100.0
2.608590,-0.849058366095,-0.113514578304,0.248888382834,0.401902966426,3.05645671986,-1.16199044682,-0.319834994274,92.6044998169,0.632000084609,-0.101242732,-0.133456328546,1.65056332776,0.740145730155,0.221276728652,0.7217379607,100.0
2.618598,-0.849825356489,-0.1138980735,0.248504887637,0.401902966426,3.05568972947,-1.16199044682,-0.319834994274,92.6044998169,0.632767075003,-0.102009722394,-0.133456328546,1.65171381336,0.740145730155,0.222043719046,0.7217379607,100.0
2.628598,-0.849058366095,-0.1138980735,0.248888382834,0.401902966426,3.05568972947,-1.16237394202,-0.320601984668,92.6044998169,0.633534065397,-0.102009722394,-0.132305842955,1.65056332776,0.740912720549,0.221660223849,0.721354465503,100.0
2.638593,-0.849058366095,-0.114281568697,0.247354402047,0.401135976032,3.05568972947,-1.16275743722,-0.319451499077,92.6044998169,0.6331505702,-0.102393217591,-0.133072833349,1.65056332776,0.740912720549,0.222043719046,0.722504951094,100.0
2.648589,-0.849441861292,-0.1138980735,0.248504887637,0.401519471229,3.05607322466,-1.16199044682,-0.319834994274,92.6044998169,0.632383579806,-0.102009722394,-0.133072833349,1.65094682296,0.740529225352,0.221276728652,0.7217379607,100.0
2.658589,-0.848674870898,-0.1138980735,0.248888382834,0.401519471229,3.05645671986,-1.16237394202,-0.319451499077,92.6044998169,0.632767075003,-0.102009722394,-0.132305842955,1.65094682296,0.740145730155,0.221660223849,0.722121455897,100.0
2.668589,-0.849825356489,-0.1138980735,0.248504887637,0.401902966426,3.05607322466,-1.16160695163,-0.31906800388,92.6044998169,0.633534065397,-0.101626227197,-0.133072833349,1.65094682296,0.740145730155,0.221276728652,0.722121455897,100.0
2.678587,-0.848291375701,-0.1138980735,0.248504887637,0.401519471229,3.05607322466,-1.16199044682,-0.320218489471,92.6044998169,0.632383579806,-0.102393217591,-0.131922347758,1.65056332776,0.740912720549,0.221276728652,0.720970970306,100.0
2.688591,-0.849058366095,-0.1138980735,0.24812139244,0.401519471229,3.05530623427,-1.16237394202,-0.319834994274,92.6044998169,0.632767075003,-0.101626227197,-0.133072833349,1.65056332776,0.740529225352,0.221276728652,0.722121455897,100.0
2.698655,-0.849441861292,-0.113514578304,0.247354402047,0.401519471229,3.05607322466,-1.16237394202,-0.319834994274,92.6044998169,0.632767075003,-0.102009722394,-0.133072833349,1.65056332776,0.740529225352,0.221276728652,0.722121455897,100.0
2.708666,-0.848674870898,-0.1138980735,0.248504887637,0.401519471229,3.05607322466,-1.16199044682,-0.31906800388,92.6044998169,0.632383579806,-0.101626227197,-0.132689338152,1.65094682296,0.740145730155,0.221276728652,0.721354465503,100.0
2.718624,-0.849058366095,-0.114665063894,0.24812139244,0.400752480835,3.05645671986,-1.16122345643,-0.319451499077,92.6044998169,0.632383579806,-0.101626227197,-0.132689338152,1.65133031816,0.740912720549,0.221276728652,0.720970970306,100.0
2.728597,-0.849825356489,-0.114281568697,0.248504887637,0.401902966426,3.05530623427,-1.16160695163,-0.319834994274,92.6044998169,0.633534065397,-0.102009722394,-0.132305842955,1.65133031816,0.740912720549,0.220893233455,0.722504951094,100.0
2.738584,-0.848674870898,-0.115048559091,0.24812139244,0.401135976032,3.05722371026,-1.16199044682,-0.31906800388,92.6044998169,0.632767075003,-0.100859236803,-0.132689338152,1.65094682296,0.740912720549,0.220126243062,0.7217379607,100.0
2.748581,-0.849058366095,-0.1138980735,0.248504887637,0.402286461623,3.05684021506,-1.16199044682,-0.319834994274,92.6044998169,0.6331505702,-0.102009722394,-0.132689338152,1.65171381336,0.740145730155,0.220893233455,0.721354465503,100.0
2.758583,-0.848674870898,-0.114665063894,0.247737897243,0.402286461623,3.05684021506,-1.16314093241,-0.319451499077,92.6044998169,0.632383579806,-0.102393217591,-0.132305842955,1.65171381336,0.740529225352,0.222043719046,0.7217379607,100.0
2.768578,-0.849441861292,-0.114665063894,0.248504887637,0.401519471229,3.05568972947,-1.16199044682,-0.31906800388,92.6044998169,0.632767075003,-0.101242732,-0.133072833349,1.65056332776,0.740145730155,0.220893233455,0.7217379607,100.0
2.778575,-0.849058366095,-0.114281568697,0.248888382834,0.401519471229,3.05568972947,-1.16160695163,-0.319834994274,92.6044998169,0.632383579806,-0.102009722394,-0.132689338152,1.65056332776,0.739762234958,0.220893233455,0.722121455897,100.0
2.788576,-0.849441861292,-0.1138980735,0.248504887637,0.402286461623,3.05530623427,-1.16160695163,-0.31906800388,92.6044998169,0.632000084609,-0.102009722394,-0.132689338152,1.65056332776,0.740145730155,0.220893233455,0.7217379607,100.0
2.798575,-0.849058366095,-0.113514578304,0.248888382834,0.401519471229,3.05645671986,-1.16160695163,-0.319834994274,92.6044998169,0.632767075003,-0.102393217591,-0.132305842955,1.65017983257,0.740912720549,0.221660223849,0.722504951094,100.0
2.808576,-0.849058366095,-0.1138980735,0.24812139244,0.401519471229,3.05607322466,-1.16199044682,-0.319834994274,92.6044998169,0.632383579806,-0.101626227197,-0.132305842955,1.65017983257,0.740145730155,0.221660223849,0.721354465503,100.0
2.818582,-0.848674870898,-0.1138980735,0.248888382834,0.401902966426,3.05607322466,-1.16199044682,-0.320218489471,92.6044998169,0.6331505702,-0.102009722394,-0.132689338152,1.65133031816,0.740529225352,0.222043719046,0.720587475109,100.0
2.828578,-0.849058366095,-0.1138980735,0.248504887637,0.401519471229,3.05568972947,-1.16160695163,-0.31906800388,92.6044998169,0.632383579806,-0.101626227197,-0.132305842955,1.65056332776,0.740529225352,0.221276728652,0.7217379607,100.0
2.838578,-0.848291375701,-0.1138980735,0.248888382834,0.401902966426,3.05607322466,-1.16160695163,-0.319451499077,92.6044998169,0.632383579806,-0.102009722394,-0.132689338152,1.65056332776,0.740529225352,0.221660223849,0.7217379607,100.0
2.848577,-0.849441861292,-0.1138980735,0.24812139244,0.401902966426,3.05645671986,-1.16199044682,-0.319451499077,92.6044998169,0.632767075003,-0.102009722394,-0.132689338152,1.65133031816,0.740145730155,0.221660223849,0.722121455897,100.0
2.858577,-0.848291375701,-0.1138980735,0.248504887637,0.401902966426,3.05645671986,-1.16160695163,-0.319834994274,92.6044998169,0.632383579806,-0.101626227197,-0.132305842955,1.65017983257,0.740529225352,0.221276728652,0.721354465503,100.0
2.868578,-0.849058366095,-0.113514578304,0.247737897243,0.401519471229,3.05607322466,-1.16199044682,-0.31906800388,92.6044998169,0.633534065397,-0.101242732,-0.132689338152,1.65133031816,0.740529225352,0.221660223849,0.7217379607,100.0
2.878578,-0.849058366095,-0.1138980735,0.24812139244,0.401519471229,3.05568972947,-1.16160695163,-0.319451499077,92.6044998169,0.632383579806,-0.102009722394,-0.133456328546,1.65133031816,0.740145730155,0.221660223849,0.721354465503,100.0
2.888576,-0.849441861292,-0.113131083107,0.247737897243,0.401902966426,3.05607322466,-1.16199044682,-0.319834994274,92.6044998169,0.632767075003,-0.102009722394,-0.133456328546,1.65133031816,0.740529225352,0.220893233455,0.721354465503,100.0
2.898577,-0.848291375701,-0.1138980735,0.248888382834,0.401902966426,3.05607322466,-1.16314093241,-0.319451499077,92.6044998169,0.6331505702,-0.102009722394,-0.133072833349,1.65094682296,0.740529225352,0.222043719046,0.721354465503,100.0
2.908598,-0.849441861292,-0.1138980735,0.24812139244,0.401519471229,3.05645671986,-1.16160695163,-0.319834994274,92.6044998169,0.632383579806,-0.102009722394,-0.132689338152,1.65056332776,0.740529225352,0.221276728652,0.721354465503,100.0
2.918578,-0.849058366095,-0.1138980735,0.24812139244,0.402286461623,3.05645671986,-1.16237394202,-0.320601984668,92.6044998169,0.632383579806,-0.102009722394,-0.131922347758,1.65094682296,0.740912720549,0.221276728652,0.722121455897,100.0
2.928579,-0.849825356489,-0.1138980735,0.248504887637,0.402286461623,3.05607322466,-1.16275743722,-0.320601984668,92.6044998169,0.632767075003,-0.101626227197,-0.132689338152,1.65094682296,0.740529225352,0.220509738259,0.720970970306,100.0
2.938578,-0.848674870898,-0.1138980735,0.248504887637,0.401902966426,3.05645671986,-1.16199044682,-0.319834994274,92.6044998169,0.632383579806,-0.102009722394,-0.132689338152,1.65056332776,0.739378739761,0.221660223849,0.7217379607,100.0
2.948579,-0.849058366095,-0.113131083107,0.248504887637,0.401519471229,3.05530623427,-1.16237394202,-0.320218489471,92.6044998169,0.632767075003,-0.101242732,-0.132689338152,1.65094682296,0.740145730155,0.221660223849,0.722121455897,100.0
2.958589,-0.849825356489,-0.113131083107,0.247354402047,0.401519471229,3.05568972947,-1.16199044682,-0.319451499077,92.6044998169,0.632383579806,-0.101242732,-0.132689338152,1.65056332776,0.740529225352,0.221660223849,0.7217379607,100.0
2.968596,-0.849058366095,-0.113514578304,0.248504887637,0.401902966426,3.05492273907,-1.16199044682,-0.319834994274,92.6044998169,0.633534065397,-0.102393217591,-0.133072833349,1.65171381336,0.740912720549,0.220893233455,0.7217379607,100.0
2.978599,-0.849825356489,-0.1138980735,0.248504887637,0.401902966426,3.05645671986,-1.16237394202,-0.31906800388,92.6044998169,0.6331505702,-0.102009722394,-0.132689338152,1.65094682296,0.741296215746,0.220893233455,0.7217379607,100.0
2.988578,-0.848674870898,-0.113514578304,0.248504887637,0.401902966426,3.05607322466,-1.16160695163,-0.319451499077,92.6044998169,0.6331505702,-0.101626227197,-0.133072833349,1.65133031816,0.740529225352,0.220893233455,0.721354465503,100.0
2.998577,-0.848674870898,-0.113131083107,0.24812139244,0.401902966426,3.05568972947,-1.16237394202,-0.320218489471,92.6044998169,0.632383579806,-0.101626227197,-0.132689338152,1.65094682296,0.740912720549,0.220893233455,0.720970970306,100.0
3.008576,-0.848674870898,-0.113514578304,0.247737897243,0.401135976032,3.05645671986,-1.16199044682,-0.319834994274,92.6044998169,0.6331505702,-0.101626227197,-0.133072833349,1.65133031816,0.740529225352,0.221660223849,0.722121455897,100.0
3.018576,-0.849441861292,-0.113131083107,0.248888382834,0.401519471229,3.05568972947,-1.16275743722,-0.319834994274,92.6044998169,0.633917560594,-0.102009722394,-0.133072833349,1.65094682296,0.740145730155,0.220893233455,0.721354465503,100.0
3.028577,-0.848674870898,-0.1138980735,0.24812139244,0.402286461623,3.05607322466,-1.16199044682,-0.31906800388,92.6044998169,0.632767075003,-0.102393217591,-0.132689338152,1.65094682296,0.740912720549,0.221276728652,0.722121455897,100.0
3.038578,-0.849058366095,-0.113131083107,0.248504887637,0.402286461623,3.05607322466,-1.16160695163,-0.320601984668,92.6044998169,0.632383579806,-0.102393217591,-0.132689338152,1.65133031816,0.740912720549,0.221660223849,0.721354465503,100.0
3.048563,-0.849058366095,-0.1138980735,0.24812139244,0.401519471229,3.05568972947,-1.16199044682,-0.318684508683,92.6044998169,0.632383579806,-0.103160207985,-0.132689338152,1.65133031816,0.740529225352,0.222427214243,0.721354465503,100.0
3.058574,-0.849058366095,-0.1138980735,0.248504887637,0.402286461623,3.05568972947,-1.16122345643,-0.320218489471,92.6044998169,0.632383579806,-0.101626227197,-0.132689338152,1.65094682296,0.740529225352,0.221660223849,0.722121455897,100.0
3.068587,-0.849058366095,-0.113131083107,0.24812139244,0.402286461623,3.05530623427,-1.16122345643,-0.319834994274,92.6044998169,0.632000084609,-0.102393217591,-0.132689338152,1.65133031816,0.740912720549,0.221660223849,0.721354465503,100.0
3.078578,-0.849058366095,-0.1138980735,0.248504887637,0.401902966426,3.05568972947,-1.16199044682,-0.320218489471,92.6044998169,0.631233094215,-0.102009722394,-0.132689338152,1.65094682296,0.740529225352,0.221660223849,0.721354465503,100.0
3.088578,-0.848674870898,-0.1138980735,0.24812139244,0.401135976032,3.05645671986,-1.16275743722,-0.319834994274,92.6044998169,0.6331505702,-0.102393217591,-0.132689338152,1.65056332776,0.739762234958,0.221276728652,0.721354465503,100.0
3.098579,-0.848674870898,-0.1138980735,0.248888382834,0.401135976032,3.05568972947,-1.16160695163,-0.319834994274,92.6044998169,0.633917560594,-0.101626227197,-0.133072833349,1.65133031816,0.740529225352,0.220893233455,0.7217379607,100.0
3.108588,-0.849441861292,-0.113514578304,0.248504887637,0.401902966426,3.05568972947,-1.16199044682,-0.31906800388,92.6044998169,0.632383579806,-0.102009722394,-0.133456328546,1.65094682296,0.740529225352,0.221660223849,0.721354465503,100.0
3.118589,-0.849058366095,-0.113131083107,0.248888382834,0.401902966426,3.05645671986,-1.16275743722,-0.319834994274,92.6044998169,0.6331505702,-0.100859236803,-0.132689338152,1.65133031816,0.740145730155,0.221276728652,0.7217379607,100.0
3.128579,-0.848674870898,-0.113514578304,0.249271878031,0.401519471229,3.05607322466,-1.16199044682,-0.319834994274,92.6044998169,0.632383579806,-0.102009722394,-0.132305842955,1.65133031816,0.739762234958,0.221276728652,0.7217379607,100.0
3.138576,-0.848674870898,-0.113131083107,0.24812139244,0.401519471229,3.05607322466,-1.16199044682,-0.320218489471,92.6044998169,0.632767075003,-0.102393217591,-0.132689338152,1.65056332776,0.740529225352,0.221276728652,0.720587475109,100.0
3.148586,-0.849058366095,-0.113131083107,0.248504887637,0.401135976032,3.05568972947,-1.16237394202,-0.319834994274,92.6044998169,0.632383579806,-0.102009722394,-0.133072833349,1.65133031816,0.740145730155,0.222043719046,0.722504951094,100.0
3.158578,-0.849825356489,-0.11274758791,0.248888382834,0.401519471229,3.05607322466,-1.16237394202,-0.319834994274,92.6044998169,0.632767075003,-0.102009722394,-0.132305842955,1.65094682296,0.740529225352,0.221276728652,0.7217379607,100.0
3.168572,-0.849825356489,-0.1138980735,0.247737897243,0.401519471229,3.05645671986,-1.16199044682,-0.320218489471,92.6044998169,0.6331505702,-0.102009722394,-0.133072833349,1.65094682296,0.739762234958,0.221660223849,0.7217379607,100.0
3.178577,-0.849825356489,-0.11274758791,0.249271878031,0.401135976032,3.05645671986,-1.16122345643,-0.319834994274,92.6044998169,0.633534065397,-0.102393217591,-0.132305842955,1.65056332776,0.740529225352,0.222043719046,0.7217379607,100.0
3.188575,-0.849058366095,-0.114665063894,0.248504887637,0.401519471229,3.05568972947,-1.16237394202,-0.319451499077,92.6044998169,0.632767075003,-0.102009722394,-0.132689338152,1.65133031816,0.740529225352,0.221660223849,0.7217379607,100.0
3.198575,-0.848674870898,-0.113131083107,0.248504887637,0.401902966426,3.05607322466,-1.16237394202,-0.320218489471,92.6044998169,0.632767075003,-0.102009722394,-0.132689338152,1.65056332776,0.740529225352,0.221660223849,0.722504951094,100.0
3.208577,-0.848674870898,-0.113131083107,0.247737897243,0.401519471229,3.05684021506,-1.16160695163,-0.31906800388,92.6044998169,0.6331505702,-0.101626227197,-0.132305842955,1.65133031816,0.740529225352,0.221660223849,0.722121455897,100.0
3.218591,-0.848291375701,-0.1138980735,0.248888382834,0.402286461623,3.05645671986,-1.16199044682,-0.320218489471,92.6044998169,0.633534065397,-0.101626227197,-0.133456328546,1.65133031816,0.740529225352,0.222043719046,0.721354465503,100.0
3.228580,-0.849441861292,-0.113514578304,0.249271878031,0.401519471229,3.05645671986,-1.16122345643,-0.320218489471,92.6044998169,0.6331505702,-0.102393217591,-0.132689338152,1.65133031816,0.740529225352,0.220893233455,0.7217379607,100.0
3.238575,-0.849058366095,-0.1138980735,0.247737897243,0.402286461623,3.05568972947,-1.16199044682,-0.320218489471,92.6044998169,0.632383579806,-0.101626227197,-0.132305842955,1.65133031816,0.741296215746,0.221660223849,0.7217379607,100.0
3.248580,-0.849058366095,-0.113131083107,0.24812139244,0.40266995682,3.05645671986,-1.16160695163,-0.320218489471,92.6044998169,0.632767075003,-0.102009722394,-0.132689338152,1.65094682296,0.740145730155,0.221660223849,0.7217379607,100.0
3.258577,-0.849441861292,-0.113514578304,0.24812139244,0.401135976032,3.05645671986,-1.16199044682,-0.320218489471,92.6044998169,0.6331505702,-0.101242732,-0.133456328546,1.65094682296,0.740529225352,0.221276728652,0.722121455897,100.0
3.268575,-0.849825356489,-0.113131083107,0.24812139244,0.401519471229,3.05568972947,-1.16199044682,-0.320218489471,92.6044998169,0.6331505702,-0.102009722394,-0.133456328546,1.65017983257,0.740912720549,0.220509738259,0.7217379607,100.0
3.278575,-0.849441861292,-0.113514578304,0.248888382834,0.401902966426,3.05607322466,-1.16237394202,-0.319451499077,92.6044998169,0.632767075003,-0.101242732,-0.132689338152,1.65171381336,0.740912720549,0.221276728652,0.721354465503,100.0
3.288572,-0.849058366095,-0.113131083107,0.248504887637,0.401519471229,3.05568972947,-1.16199044682,-0.320218489471,92.6044998169,0.632767075003,-0.102009722394,-0.131922347758,1.65056332776,0.740529225352,0.221276728652,0.7217379607,100.0
3.298575,-0.849441861292,-0.113131083107,0.248888382834,0.401902966426,3.05607322466,-1.16160695163,-0.319834994274,92.6044998169,0.632767075003,-0.102776712788,-0.133456328546,1.65094682296,0.740529225352,0.221276728652,0.721354465503,100.0
3.308575,-0.849441861292,-0.113131083107,0.248888382834,0.401902966426,3.05684021506,-1.16199044682,-0.319451499077,92.6044998169,0.632767075003,-0.102009722394,-0.133072833349,1.65133031816,0.740529225352,0.220893233455,0.721354465503,100.0
3.318574,-0.848674870898,-0.1138980735,0.248504887637,0.401902966426,3.05684021506,-1.16237394202,-0.319834994274,92.6044998169,0.632767075003,-0.102393217591,-0.132305842955,1.65017983257,0.740145730155,0.222043719046,0.722121455897,100.0
3.328575,-0.849825356489,-0.11274758791,0.248504887637,0.401519471229,3.05607322466,-1.16160695163,-0.319834994274,92.6044998169,0.632000084609,-0.101242732,-0.133072833349,1.65017983257,0.740145730155,0.221276728652,0.7217379607,100.0
3.338572,-0.850208851685,-0.113514578304,0.248504887637,0.401519471229,3.05607322466,-1.16199044682,-0.319451499077,92.6044998169,0.632383579806,-0.102009722394,-0.133456328546,1.65056332776,0.740912720549,0.221276728652,0.7217379607,100.0
3.348575,-0.849441861292,-0.113131083107,0.24812139244,0.401519471229,3.05568972947,-1.16275743722,-0.320218489471,92.6044998169,0.633917560594,-0.102393217591,-0.132689338152,1.65094682296,0.740912720549,0.221660223849,0.722121455897,100.0
3.358573,-0.849441861292,-0.113131083107,0.248888382834,0.401902966426,3.05645671986,-1.16160695163,-0.319834994274,92.6044998169,0.632767075003,-0.101242732,-0.132689338152,1.65056332776,0.740529225352,0.221660223849,0.720970970306,100.0
3.368572,-0.849825356489,-0.113131083107,0.248504887637,0.401519471229,3.05607322466,-1.16160695163,-0.319834994274,92.6044998169,0.632767075003,-0.101626227197,-0.132305842955,1.65133031816,0.740912720549,0.221276728652,0.7217379607,100.0
3.378578,-0.849825356489,-0.11274758791,0.247737897243,0.401902966426,3.05607322466,-1.16199044682,-0.320218489471,92.6044998169,0.6331505702,-0.102009722394,-0.132689338152,1.65133031816,0.738995244564,0.222043719046,0.721354465503,100.0
3.388573,-0.849825356489,-0.113131083107,0.24812139244,0.401902966426,3.05607322466,-1.16237394202,-0.319834994274,92.6044998169,0.632767075003,-0.102393217591,-0.132689338152,1.65133031816,0.740529225352,0.221660223849,0.722121455897,100.0
3.398576,-0.850208851685,-0.11274758791,0.248504887637,0.401519471229,3.05607322466,-1.16275743722,-0.320218489471,92.6044998169,0.632000084609,-0.102009722394,-0.133072833349,1.65133031816,0.740145730155,0.221660223849,0.7217379607,100.0
3.408576,-0.849441861292,-0.112364092713,0.248504887637,0.401519471229,3.05607322466,-1.16160695163,-0.319834994274,92.6044998169,0.632767075003,-0.102393217591,-0.133072833349,1.65094682296,0.740529225352,0.221660223849,0.7217379607,100.0
3.418573,-0.849058366095,-0.112364092713,0.247737897243,0.401519471229,3.05568972947,-1.16199044682,-0.319451499077,92.6044998169,0.633534065397,-0.102393217591,-0.132305842955,1.65094682296,0.740529225352,0.221660223849,0.721354465503,100.0
3.428575,-0.849825356489,-0.112364092713,0.248504887637,0.401519471229,3.05645671986,-1.16199044682,-0.320601984668,92.6044998169,0.632383579806,-0.102776712788,-0.132305842955,1.65094682296,0.740912720549,0.220893233455,0.7217379607,100.0
3.438574,-0.848291375701,-0.11274758791,0.249271878031,0.401902966426,3.05568972947,-1.16199044682,-0.319451499077,92.6044998169,0.633917560594,-0.102009722394,-0.132689338152,1.65171381336,0.740145730155,0.222427214243,0.722121455897,100.0
3.448575,-0.849058366095,-0.112364092713,0.24812139244,0.401519471229,3.05645671986,-1.16160695163,-0.320601984668,92.6044998169,0.633917560594,-0.102009722394,-0.131922347758,1.65133031816,0.740529225352,0.221660223849,0.720970970306,100.0
3.458575,-0.849441861292,-0.111597102319,0.248504887637,0.401519471229,3.05645671986,-1.16160695163,-0.319451499077,92.6044998169,0.632000084609,-0.102009722394,-0.131538852561,1.65133031816,0.740145730155,0.221660223849,0.722121455897,100.0
3.468572,-0.849058366095,-0.111980597516,0.248888382834,0.401902966426,3.05684021506,-1.16237394202,-0.319451499077,92.6044998169,0.6331505702,-0.102009722394,-0.132305842955,1.65094682296,0.740912720549,0.221660223849,0.720970970306,100.0
3.478570,-0.849441861292,-0.111213607122,0.248888382834,0.401902966426,3.05645671986,-1.16314093241,-0.319834994274,92.6044998169,0.632767075003,-0.101626227197,-0.133072833349,1.65056332776,0.740912720549,0.221276728652,0.722121455897,100.0
3.488573,-0.849441861292,-0.111597102319,0.24812139244,0.402286461623,3.05568972947,-1.16160695163,-0.320601984668,92.6044998169,0.6331505702,-0.101242732,-0.133072833349,1.65017983257,0.740529225352,0.222043719046,0.722121455897,100.0
3.498575,-0.849058366095,-0.111597102319,0.248888382834,0.401135976032,3.05607322466,-1.16237394202,-0.320218489471,92.6044998169,0.632383579806,-0.102009722394,-0.133072833349,1.65171381336,0.740529225352,0.220893233455,0.720970970306,100.0
3.508574,-0.849441861292,-0.112364092713,0.248888382834,0.401519471229,3.05607322466,-1.16160695163,-0.319834994274,92.6044998169,0.632383579806,-0.102393217591,-0.132689338152,1.65056332776,0.741296215746,0.221276728652,0.7217379607,100.0
3.518571,-0.849058366095,-0.111980597516,0.248504887637,0.401902966426,3.05607322466,-1.16237394202,-0.319451499077,92.6044998169,0.632383579806,-0.101242732,-0.132305842955,1.65094682296,0.740145730155,0.222043719046,0.722121455897,100.0
3.528579,-0.848674870898,-0.11274758791,0.24812139244,0.401519471229,3.05607322466,-1.16160695163,-0.319834994274,92.6044998169,0.632000084609,-0.102009722394,-0.132689338152,1.65133031816,0.740529225352,0.221276728652,0.722121455897,100.0
3.538575,-0.848674870898,-0.111980597516,0.249271878031,0.401902966426,3.05607322466,-1.16160695163,-0.319451499077,92.6044998169,0.633534065397,-0.102009722394,-0.132305842955,1.65094682296,0.740529225352,0.221660223849,0.7217379607,100.0
3.548578,-0.849058366095,-0.111980597516,0.248504887637,0.401519471229,3.05684021506,-1.16199044682,-0.319451499077,92.6044998169,0.633534065397,-0.101626227197,-0.132305842955,1.65171381336,0.740529225352,0.220893233455,0.7217379607,100.0
3.558574,-0.848291375701,-0.11274758791,0.247737897243,0.401519471229,3.05645671986,-1.16199044682,-0.319451499077,92.6044998169,0.632383579806,-0.101626227197,-0.132689338152,1.65094682296,0.741296215746,0.221660223849,0.721354465503,100.0
3.568574,-0.847907880504,-0.111213607122,0.248504887637,0.401135976032,3.05607322466,-1.16160695163,-0.319834994274,92.6044998169,0.632767075003,-0.102009722394,-0.133072833349,1.65094682296,0.740912720549,0.221660223849,0.7217379607,100.0
3.578576,-0.848674870898,-0.111980597516,0.248504887637,0.401519471229,3.05645671986,-1.16160695163,-0.31906800388,92.6044998169,0.632767075003,-0.102009722394,-0.133072833349,1.65094682296,0.740529225352,0.222043719046,0.7217379607,100.0
3.588583,-0.849058366095,-0.111980597516,0.24812139244,0.401135976032,3.05645671986,-1.16199044682,-0.319451499077,92.6044998169,0.6331505702,-0.101242732,-0.132689338152,1.65133031816,0.740145730155,0.221660223849,0.722504951094,100.0
3.598574,-0.848674870898,-0.112364092713,0.24812139244,0.401519471229,3.05607322466,-1.16199044682,-0.320218489471,92.6044998169,0.631616589412,-0.102009722394,-0.131922347758,1.65171381336,0.740912720549,0.222043719046,0.720970970306,100.0
3.608574,-0.849058366095,-0.111213607122,0.248504887637,0.401135976032,3.05607322466,-1.16275743722,-0.320601984668,92.6044998169,0.6331505702,-0.102009722394,-0.133072833349,1.65094682296,0.739762234958,0.222043719046,0.721354465503,100.0
3.618577,-0.848674870898,-0.111213607122,0.24812139244,0.40266995682,3.05607322466,-1.16237394202,-0.319451499077,92.6044998169,0.632383579806,-0.101626227197,-0.133072833349,1.65017983257,0.740145730155,0.221276728652,0.7217379607,100.0
3.628600,-0.849058366095,-0.111980597516,0.248504887637,0.401902966426,3.05645671986,-1.16237394202,-0.320218489471,92.6044998169,0.632767075003,-0.102009722394,-0.132689338152,1.65133031816,0.740529225352,0.220893233455,0.721354465503,100.0
3.638601,-0.848291375701,-0.111597102319,0.249271878031,0.402286461623,3.05568972947,-1.16160695163,-0.319834994274,92.6044998169,0.632767075003,-0.102776712788,-0.133072833349,1.65056332776,0.740529225352,0.221660223849,0.721354465503,100.0
3.648582,-0.849441861292,-0.111980597516,0.248888382834,0.402286461623,3.05645671986,-1.16160695163,-0.319451499077,92.6044998169,0.632767075003,-0.102009722394,-0.132305842955,1.65056332776,0.740912720549,0.222043719046,0.7217379607,100.0
3.658602,-0.849058366095,-0.111597102319,0.24812139244,0.401135976032,3.05568972947,-1.16160695163,-0.319834994274,92.6044998169,0.6331505702,-0.102009722394,-0.133072833349,1.65133031816,0.740912720549,0.221660223849,0.720587475109,100.0
3.668617,-0.849058366095,-0.111597102319,0.248888382834,0.402286461623,3.05645671986,-1.16199044682,-0.319451499077,92.6044998169,0.632383579806,-0.102393217591,-0.133072833349,1.65094682296,0.740912720549,0.222427214243,0.7217379607,100.0
3.678615,-0.848674870898,-0.111213607122,0.24812139244,0.402286461623,3.05568972947,-1.16237394202,-0.320218489471,92.6044998169,0.632000084609,-0.102393217591,-0.133456328546,1.65171381336,0.740529225352,0.222427214243,0.7217379607,100.0
3.688607,-0.849441861292,-0.111980597516,0.24812139244,0.402286461623,3.05492273907,-1.16160695163,-0.319451499077,92.6044998169,0.633534065397,-0.102393217591,-0.132689338152,1.65171381336,0.741296215746,0.221276728652,0.7217379607,100.0
3.698615,-0.849058366095,-0.111597102319,0.248504887637,0.401902966426,3.05568972947,-1.16199044682,-0.319834994274,92.6044998169,0.632383579806,-0.101626227197,-0.133072833349,1.65133031816,0.740529225352,0.221660223849,0.7217379607,100.0
3.708599,-0.849441861292,-0.110446616728,0.248504887637,0.401902966426,3.05530623427,-1.16160695163,-0.319451499077,92.6044998169,0.632000084609,-0.101626227197,-0.133072833349,1.65133031816,0.739762234958,0.222043719046,0.720970970306,100.0
3.718592,-0.849058366095,-0.110830111925,0.248504887637,0.402286461623,3.05645671986,-1.16199044682,-0.319451499077,92.6044998169,0.632767075003,-0.101626227197,-0.132689338152,1.65094682296,0.740529225352,0.222043719046,0.721354465503,100.0
3.728576,-0.849058366095,-0.110830111925,0.248888382834,0.401135976032,3.05607322466,-1.16122345643,-0.31906800388,92.6044998169,0.633534065397,-0.102009722394,-0.132305842955,1.65133031816,0.740529225352,0.22281070944,0.721354465503,100.0
3.738572,-0.849441861292,-0.111213607122,0.247737897243,0.401902966426,3.05645671986,-1.16199044682,-0.31906800388,92.6044998169,0.633534065397,-0.101626227197,-0.132689338152,1.65094682296,0.740912720549,0.221276728652,0.7217379607,100.0
3.748573,-0.848291375701,-0.111213607122,0.24812139244,0.401519471229,3.05645671986,-1.16199044682,-0.319834994274,92.6044998169,0.632383579806,-0.101626227197,-0.132305842955,1.65094682296,0.740912720549,0.221660223849,0.720970970306,100.0
3.758586,-0.848674870898,-0.112364092713,0.247737897243,0.401519471229,3.05607322466,-1.16199044682,-0.319834994274,92.6044998169,0.632000084609,-0.102009722394,-0.132689338152,1.65056332776,0.740529225352,0.221660223849,0.722504951094,100.0
3.768619,-0.849058366095,-0.111597102319,0.24812139244,0.401902966426,3.05607322466,-1.16199044682,-0.31906800388,92.6044998169,0.633534065397,-0.102393217591,-0.133456328546,1.65056332776,0.740145730155,0.221276728652,0.7217379607,100.0
3.778589,-0.849441861292,-0.110830111925,0.24812139244,0.401902966426,3.05684021506,-1.16199044682,-0.319834994274,92.6044998169,0.633534065397,-0.101626227197,-0.133456328546,1.65056332776,0.740912720549,0.222043719046,0.721354465503,100.0
3.788584,-0.849058366095,-0.110830111925,0.248888382834,0.401902966426,3.05645671986,-1.16275743722,-0.320218489471,92.6044998169,0.632767075003,-0.102009722394,-0.132305842955,1.65017983257,0.740529225352,0.221276728652,0.722121455897,100.0
3.798586,-0.849058366095,-0.110446616728,0.248504887637,0.401902966426,3.05607322466,-1.16237394202,-0.319834994274,92.6044998169,0.632767075003,-0.102009722394,-0.132305842955,1.65133031816,0.740912720549,0.222043719046,0.721354465503,100.0
3.808586,-0.849441861292,-0.110446616728,0.247737897243,0.402286461623,3.05645671986,-1.16275743722,-0.319451499077,92.6044998169,0.6331505702,-0.102009722394,-0.131922347758,1.65056332776,0.740145730155,0.220893233455,0.722504951094,100.0
3.818597,-0.849441861292,-0.111213607122,0.247354402047,0.401902966426,3.05568972947,-1.16199044682,-0.319834994274,92.6044998169,0.632767075003,-0.101626227197,-0.133456328546,1.65133031816,0.740529225352,0.221660223849,0.721354465503,100.0
3.828575,-0.848674870898,-0.111213607122,0.248888382834,0.402286461623,3.05607322466,-1.16199044682,-0.318684508683,92.6044998169,0.632767075003,-0.101242732,-0.133456328546,1.65171381336,0.741296215746,0.222427214243,0.7217379607,100.0
3.838572,-0.849441861292,-0.111213607122,0.24812139244,0.401902966426,3.05568972947,-1.16122345643,-0.320218489471,92.6044998169,0.6331505702,-0.102393217591,-0.132305842955,1.65094682296,0.740145730155,0.221660223849,0.721354465503,100.0
3.848572,-0.849441861292,-0.110830111925,0.24812139244,0.401519471229,3.05568972947,-1.16160695163,-0.319834994274,92.6044998169,0.633917560594,-0.102009722394,-0.132305842955,1.65133031816,0.741296215746,0.222043719046,0.722504951094,100.0
3.858579,-0.849441861292,-0.110446616728,0.247354402047,0.401902966426,3.05568972947,-1.16199044682,-0.319451499077,92.6044998169,0.633534065397,-0.102393217591,-0.132305842955,1.65133031816,0.741296215746,0.222043719046,0.721354465503,100.0
3.868587,-0.849825356489,-0.110446616728,0.249271878031,0.401902966426,3.05607322466,-1.16237394202,-0.319834994274,92.6044998169,0.6331505702,-0.102009722394,-0.133456328546,1.65133031816,0.740912720549,0.221660223849,0.722121455897,100.0
3.878588,-0.849058366095,-0.110830111925,0.247737897243,0.401519471229,3.05607322466,-1.16237394202,-0.319451499077,92.6044998169,0.632767075003,-0.102009722394,-0.132689338152,1.65171381336,0.740529225352,0.221660223849,0.7217379607,100.0
3.888578,-0.849058366095,-0.111980597516,0.24812139244,0.401902966426,3.05568972947,-1.16275743722,-0.320218489471,92.6044998169,0.632767075003,-0.102393217591,-0.132305842955,1.65094682296,0.740529225352,0.222427214243,0.722121455897,100.0
3.898576,-0.849058366095,-0.111597102319,0.24812139244,0.402286461623,3.05645671986,-1.16237394202,-0.319834994274,92.6044998169,0.6331505702,-0.101626227197,-0.133072833349,1.65133031816,0.740529225352,0.222043719046,0.722121455897,100.0
3.908573,-0.848291375701,-0.111213607122,0.248504887637,0.401519471229,3.05607322466,-1.16160695163,-0.320218489471,92.6044998169,0.632383579806,-0.101626227197,-0.132689338152,1.65133031816,0.740145730155,0.222427214243,0.7217379607,100.0
3.918575,-0.849441861292,-0.111213607122,0.247737897243,0.401135976032,3.05607322466,-1.16199044682,-0.319451499077,92.6044998169,0.632383579806,-0.102393217591,-0.132689338152,1.65133031816,0.740529225352,0.222043719046,0.721354465503,100.0
3.928575,-0.849441861292,-0.110063121531,0.248504887637,0.401519471229,3.05607322466,-1.16160695163,-0.320601984668,92.6044998169,0.6331505702,-0.102009722394,-0.132689338152,1.65056332776,0.740529225352,0.221276728652,0.7217379607,100.0
3.938571,-0.849825356489,-0.111213607122,0.249271878031,0.400752480835,3.05568972947,-1.16237394202,-0.319451499077,92.6044998169,0.632000084609,-0.102009722394,-0.133072833349,1.65056332776,0.740529225352,0.222043719046,0.720970970306,100.0
3.948572,-0.849825356489,-0.111980597516,0.248888382834,0.401135976032,3.05568972947,-1.16083996123,-0.319834994274,92.6044998169,0.632383579806,-0.102393217591,-0.132305842955,1.65094682296,0.739762234958,0.223194204637,0.720587475109,100.0
3.958599,-0.849058366095,-0.110830111925,0.248504887637,0.401135976032,3.05607322466,-1.16199044682,-0.319834994274,92.6044998169,0.6331505702,-0.101242732,-0.133072833349,1.65094682296,0.740912720549,0.222043719046,0.7217379607,100.0
3.968614,-0.849825356489,-0.110830111925,0.248504887637,0.401135976032,3.05568972947,-1.16199044682,-0.319834994274,92.6044998169,0.632383579806,-0.102776712788,-0.133072833349,1.65133031816,0.740529225352,0.222427214243,0.720970970306,100.0
3.978607,-0.850208851685,-0.110063121531,0.248888382834,0.401902966426,3.05645671986,-1.16199044682,-0.319451499077,92.6044998169,0.6331505702,-0.102393217591,-0.133456328546,1.65094682296,0.740529225352,0.22281070944,0.7217379607,100.0
3.988609,-0.849058366095,-0.110063121531,0.248504887637,0.402286461623,3.05568972947,-1.16199044682,-0.319451499077,92.6044998169,0.6331505702,-0.102009722394,-0.133072833349,1.65056332776,0.740529225352,0.223194204637,0.722504951094,100.0
3.998609,-0.848291375701,-0.110446616728,0.249271878031,0.401519471229,3.05568972947,-1.16275743722,-0.319834994274,92.6044998169,0.632383579806,-0.102009722394,-0.132689338152,1.65133031816,0.740912720549,0.221660223849,0.720970970306,100.0
4.008626,-0.849441861292,-0.110063121531,0.24812139244,0.401902966426,3.05607322466,-1.16160695163,-0.319451499077,92.6044998169,0.6331505702,-0.102009722394,-0.132305842955,1.65171381336,0.740529225352,0.223194204637,0.7217379607,100.0
4.018686,-0.849441861292,-0.110063121531,0.24812139244,0.401519471229,3.05645671986,-1.16237394202,-0.31906800388,92.6044998169,0.633917560594,-0.101626227197,-0.132305842955,1.65133031816,0.740529225352,0.222427214243,0.7217379607,100.0
4.028709,-0.849441861292,-0.110063121531,0.24812139244,0.401135976032,3.05645671986,-1.16122345643,-0.320218489471,92.6044998169,0.633534065397,-0.102009722394,-0.132305842955,1.65056332776,0.740529225352,0.22281070944,0.720970970306,100.0
4.038696,-0.848674870898,-0.110446616728,0.248504887637,0.401519471229,3.05607322466,-1.16237394202,-0.319834994274,92.6044998169,0.6331505702,-0.101626227197,-0.132689338152,1.65017983257,0.740529225352,0.22281070944,0.7217379607,100.0
4.048692,-0.849441861292,-0.110063121531,0.248888382834,0.401135976032,3.05645671986,-1.16160695163,-0.320218489471,92.6044998169,0.6331505702,-0.102009722394,-0.133072833349,1.65133031816,0.740529225352,0.222427214243,0.722121455897,100.0
4.058689,-0.848674870898,-0.109679626334,0.248888382834,0.401902966426,3.05684021506,-1.16160695163,-0.319834994274,92.6044998169,0.6331505702,-0.102009722394,-0.132305842955,1.65133031816,0.740145730155,0.223194204637,0.722121455897,100.0
4.068695,-0.849825356489,-0.110063121531,0.24812139244,0.402286461623,3.05645671986,-1.16160695163,-0.319451499077,92.6044998169,0.632767075003,-0.102776712788,-0.133456328546,1.65133031816,0.740145730155,0.22281070944,0.722121455897,100.0
4.078664,-0.849825356489,-0.110830111925,0.247737897243,0.402286461623,3.05645671986,-1.16160695163,-0.320218489471,92.6044998169,0.6331505702,-0.102393217591,-0.132305842955,1.65056332776,0.740529225352,0.223577699834,0.722504951094,100.0
4.088648,-0.849058366095,-0.109679626334,0.24812139244,0.401519471229,3.05607322466,-1.16237394202,-0.319834994274,92.6044998169,0.632767075003,-0.102009722394,-0.133072833349,1.65094682296,0.741296215746,0.222427214243,0.722888446291,100.0
4.098647,-0.849441861292,-0.109679626334,0.248888382834,0.401902966426,3.05645671986,-1.16199044682,-0.31906800388,92.6044998169,0.632383579806,-0.102009722394,-0.132689338152,1.65094682296,0.741296215746,0.223577699834,0.7217379607,100.0
4.108644,-0.848674870898,-0.109296131137,0.248888382834,0.402286461623,3.05645671986,-1.16199044682,-0.319451499077,92.6044998169,0.632767075003,-0.101626227197,-0.132689338152,1.65133031816,0.740912720549,0.223194204637,0.721354465503,100.0
4.118662,-0.848674870898,-0.109679626334,0.248504887637,0.402286461623,3.05645671986,-1.16314093241,-0.31906800388,92.6044998169,0.632767075003,-0.102393217591,-0.133072833349,1.65056332776,0.740529225352,0.223194204637,0.721354465503,100.0
4.128690,-0.849441861292,-0.109296131137,0.24812139244,0.401902966426,3.05607322466,-1.16237394202,-0.320218489471,92.6044998169,0.632000084609,-0.102009722394,-0.132689338152,1.65094682296,0.740529225352,0.222427214243,0.7217379607,100.0
4.138695,-0.849441861292,-0.110063121531,0.24812139244,0.401519471229,3.05645671986,-1.16237394202,-0.31906800388,92.6044998169,0.632383579806,-0.101242732,-0.132305842955,1.65133031816,0.740529225352,0.223577699834,0.7217379607,100.0
4.148717,-0.849825356489,-0.109679626334,0.24812139244,0.401902966426,3.05645671986,-1.16199044682,-0.320218489471,92.6044998169,0.632383579806,-0.102009722394,-0.132305842955,1.65094682296,0.740912720549,0.223194204637,0.722504951094,100.0
4.158692,-0.849441861292,-0.109679626334,0.248504887637,0.401135976032,3.05645671986,-1.16199044682,-0.320218489471,92.6044998169,0.6331505702,-0.101626227197,-0.133072833349,1.65094682296,0.741296215746,0.223194204637,0.720970970306,100.0
4.168734,-0.849825356489,-0.10891263594,0.248888382834,0.401902966426,3.05684021506,-1.16199044682,-0.31906800388,92.6044998169,0.632383579806,-0.102393217591,-0.132689338152,1.65133031816,0.740145730155,0.223194204637,0.722504951094,100.0
4.178710,-0.849441861292,-0.110063121531,0.248504887637,0.401902966426,3.05645671986,-1.16199044682,-0.320218489471,92.6044998169,0.6331505702,-0.102393217591,-0.132689338152,1.65171381336,0.740145730155,0.222427214243,0.7217379607,100.0
4.188738,-0.849058366095,-0.109296131137,0.24812139244,0.401902966426,3.05645671986,-1.16199044682,-0.320218489471,92.6044998169,0.633534065397,-0.102776712788,-0.132305842955,1.65056332776,0.740529225352,0.223577699834,0.720970970306,100.0
4.198713,-0.848291375701,-0.108529140743,0.248504887637,0.401135976032,3.05607322466,-1.16160695163,-0.319834994274,92.6044998169,0.6331505702,-0.101626227197,-0.132689338152,1.65171381336,0.740912720549,0.223194204637,0.720970970306,100.0
4.208679,-0.849825356489,-0.109296131137,0.247354402047,0.402286461623,3.05645671986,-1.16160695163,-0.319451499077,92.6044998169,0.632767075003,-0.101242732,-0.131922347758,1.65094682296,0.740529225352,0.22281070944,0.722121455897,100.0
4.218660,-0.850208851685,-0.10891263594,0.248504887637,0.401519471229,3.05607322466,-1.16160695163,-0.318684508683,92.6044998169,0.632767075003,-0.101626227197,-0.132689338152,1.65094682296,0.740912720549,0.223961195031,0.721354465503,100.0
4.228659,-0.849058366095,-0.10891263594,0.248504887637,0.401519471229,3.05645671986,-1.16122345643,-0.320601984668,92.6044998169,0.6331505702,-0.102009722394,-0.133072833349,1.65133031816,0.740529225352,0.223194204637,0.721354465503,100.0
4.238681,-0.848674870898,-0.109679626334,0.248504887637,0.401135976032,3.05568972947,-1.16199044682,-0.319451499077,92.6044998169,0.632383579806,-0.102009722394,-0.133072833349,1.65133031816,0.740529225352,0.223194204637,0.7217379607,100.0
4.248670,-0.848674870898,-0.109679626334,0.24812139244,0.401902966426,3.05684021506,-1.16122345643,-0.319451499077,92.6044998169,0.632767075003,-0.102393217591,-0.132689338152,1.65056332776,0.740529225352,0.22281070944,0.722121455897,100.0
4.258691,-0.848291375701,-0.109679626334,0.24812139244,0.401519471229,3.05607322466,-1.16237394202,-0.319834994274,92.6044998169,0.632767075003,-0.102009722394,-0.132689338152,1.65056332776,0.740912720549,0.223577699834,0.722121455897,100.0
4.268688,-0.849441861292,-0.109296131137,0.247737897243,0.401902966426,3.05645671986,-1.16199044682,-0.319451499077,92.6044998169,0.632767075003,-0.102009722394,-0.133072833349,1.65094682296,0.740145730155,0.223577699834,0.722121455897,100.0
4.278694,-0.849441861292,-0.109679626334,0.247737897243,0.401902966426,3.05607322466,-1.16199044682,-0.319834994274,92.6044998169,0.632767075003,-0.102009722394,-0.133072833349,1.65056332776,0.740529225352,0.223194204637,0.7217379607,100.0
4.288661,-0.848291375701,-0.110063121531,0.24812139244,0.401135976032,3.05645671986,-1.16160695163,-0.320601984668,92.6044998169,0.632767075003,-0.101626227197,-0.133072833349,1.65094682296,0.740529225352,0.223194204637,0.720970970306,100.0
4.298673,-0.849441861292,-0.110063121531,0.24812139244,0.401519471229,3.05684021506,-1.16237394202,-0.320218489471,92.6044998169,0.632000084609,-0.102009722394,-0.133072833349,1.65056332776,0.739762234958,0.223577699834,0.722121455897,100.0
4.308662,-0.847907880504,-0.109296131137,0.248504887637,0.401519471229,3.05607322466,-1.16199044682,-0.320218489471,92.6044998169,0.632383579806,-0.101626227197,-0.132689338152,1.65133031816,0.740912720549,0.223194204637,0.720970970306,100.0
4.318642,-0.849058366095,-0.109296131137,0.24812139244,0.402286461623,3.05568972947,-1.16237394202,-0.319451499077,92.6044998169,0.632767075003,-0.102009722394,-0.132689338152,1.65094682296,0.739762234958,0.223961195031,0.722888446291,100.0
4.328638,-0.849058366095,-0.109679626334,0.247737897243,0.401519471229,3.05645671986,-1.16199044682,-0.319834994274,92.6044998169,0.633534065397,-0.101626227197,-0.132689338152,1.65017983257,0.740529225352,0.223577699834,0.722121455897,100.0
4.338633,-0.849058366095,-0.109679626334,0.248504887637,0.401519471229,3.05645671986,-1.16160695163,-0.319834994274,92.6044998169,0.632383579806,-0.101626227197,-0.133456328546,1.65017983257,0.740529225352,0.223961195031,0.7217379607,100.0
4.348631,-0.848674870898,-0.109296131137,0.24812139244,0.401902966426,3.05568972947,-1.16199044682,-0.319451499077,92.6044998169,0.6331505702,-0.102393217591,-0.131922347758,1.64979633737,0.740529225352,0.223961195031,0.7217379607,100.0
4.358646,-0.849441861292,-0.108529140743,0.24812139244,0.401902966426,3.05568972947,-1.16199044682,-0.319451499077,92.6044998169,0.632767075003,-0.101242732,-0.132305842955,1.65056332776,0.740912720549,0.223961195031,0.722504951094,100.0
4.368685,-0.849441861292,-0.109679626334,0.248888382834,0.40266995682,3.05607322466,-1.16199044682,-0.319834994274,92.6044998169,0.632383579806,-0.102009722394,-0.132305842955,1.65017983257,0.740912720549,0.223961195031,0.721354465503,100.0
4.378701,-0.849058366095,-0.109679626334,0.248504887637,0.401519471229,3.05607322466,-1.16237394202,-0.319834994274,92.6044998169,0.632767075003,-0.102393217591,-0.132689338152,1.64979633737,0.741679710943,0.224728185425,0.721354465503,100.0
4.388719,-0.849058366095,-0.109296131137,0.248888382834,0.401519471229,3.05684021506,-1.16160695163,-0.320218489471,92.6044998169,0.632767075003,-0.101626227197,-0.132305842955,1.65056332776,0.740912720549,0.223577699834,0.722504951094,100.0
4.398677,-0.849058366095,-0.109296131137,0.248504887637,0.401135976032,3.05607322466,-1.16275743722,-0.319451499077,92.6044998169,0.632767075003,-0.102393217591,-0.133072833349,1.65133031816,0.741296215746,0.223961195031,0.7217379607,100.0
4.408692,-0.848674870898,-0.110063121531,0.24812139244,0.401519471229,3.05645671986,-1.16199044682,-0.31906800388,92.6044998169,0.6331505702,-0.102009722394,-0.132305842955,1.65094682296,0.740529225352,0.223961195031,0.722121455897,100.0
4.418716,-0.848291375701,-0.110063121531,0.24812139244,0.401902966426,3.05684021506,-1.16083996123,-0.319834994274,92.6044998169,0.6331505702,-0.102009722394,-0.132305842955,1.65133031816,0.740529225352,0.225495175819,0.722504951094,100.0
4.428658,-0.849441861292,-0.109296131137,0.24812139244,0.400752480835,3.05530623427,-1.16199044682,-0.320218489471,92.6044998169,0.6331505702,-0.102009722394,-0.131922347758,1.65056332776,0.740912720549,0.225495175819,0.7217379607,100.0
4.438643,-0.848291375701,-0.109679626334,0.248504887637,0.401902966426,3.05607322466,-1.16237394202,-0.319451499077,92.6044998169,0.6331505702,-0.102009722394,-0.133456328546,1.65133031816,0.740529225352,0.225495175819,0.721354465503,100.0
4.448648,-0.849441861292,-0.109679626334,0.248504887637,0.401135976032,3.05607322466,-1.16237394202,-0.320601984668,92.6044998169,0.633534065397,-0.102393217591,-0.133072833349,1.65171381336,0.740529225352,0.225495175819,0.720970970306,100.0
4.458646,-0.849441861292,-0.109679626334,0.248888382834,0.401135976032,3.05645671986,-1.16199044682,-0.31906800388,92.6044998169,0.6331505702,-0.101626227197,-0.132689338152,1.65171381336,0.740145730155,0.226262166213,0.722121455897,100.0
4.468669,-0.848674870898,-0.109679626334,0.248888382834,0.401519471229,3.05568972947,-1.16199044682,-0.319834994274,92.6044998169,0.6331505702,-0.101626227197,-0.131922347758,1.65209730855,0.740529225352,0.22664566141,0.7217379607,100.0
4.478714,-0.849825356489,-0.10891263594,0.249271878031,0.401902966426,3.05607322466,-1.16199044682,-0.320218489471,92.6044998169,0.6331505702,-0.101242732,-0.132689338152,1.65171381336,0.741296215746,0.226262166213,0.7217379607,100.0
4.488674,-0.849058366095,-0.109296131137,0.248888382834,0.401519471229,3.05645671986,-1.16160695163,-0.319834994274,92.6044998169,0.6331505702,-0.101626227197,-0.133072833349,1.65248080375,0.740912720549,0.227029156607,0.721354465503,100.0
4.498662,-0.849058366095,-0.109296131137,0.248504887637,0.401902966426,3.05568972947,-1.16160695163,-0.319834994274,92.6044998169,0.633534065397,-0.101626227197,-0.132305842955,1.65171381336,0.740145730155,0.227029156607,0.721354465503,100.0
4.508721,-0.849058366095,-0.10891263594,0.248888382834,0.402286461623,3.05568972947,-1.16160695163,-0.319834994274,92.6044998169,0.633534065397,-0.101626227197,-0.132305842955,1.65363128934,0.740912720549,0.227796147001,0.7217379607,100.0
4.518734,-0.849441861292,-0.10891263594,0.24812139244,0.402286461623,3.05607322466,-1.16237394202,-0.319834994274,92.6044998169,0.6331505702,-0.102009722394,-0.132305842955,1.65248080375,0.740529225352,0.22664566141,0.7217379607,100.0
4.528679,-0.849058366095,-0.10891263594,0.247737897243,0.401902966426,3.05607322466,-1.16237394202,-0.31906800388,92.6044998169,0.6331505702,-0.100475741606,-0.132305842955,1.65286429895,0.740145730155,0.225878671016,0.7217379607,100.0
4.538651,-0.848291375701,-0.109679626334,0.248504887637,0.401902966426,3.05607322466,-1.16160695163,-0.320218489471,92.6044998169,0.632767075003,-0.100475741606,-0.133072833349,1.65324779414,0.740912720549,0.227029156607,0.720970970306,100.0
4.548644,-0.848674870898,-0.109679626334,0.24812139244,0.400752480835,3.05607322466,-1.16275743722,-0.319451499077,92.6044998169,0.6331505702,-0.101626227197,-0.133072833349,1.65286429895,0.741679710943,0.225878671016,0.722504951094,100.0
4.558663,-0.848291375701,-0.10891263594,0.248888382834,0.401135976032,3.05645671986,-1.16160695163,-0.320601984668,92.6044998169,0.634301055791,-0.101242732,-0.133072833349,1.65324779414,0.740529225352,0.225495175819,0.7217379607,100.0
4.568658,-0.849058366095,-0.109679626334,0.248888382834,0.402286461623,3.05645671986,-1.16275743722,-0.319451499077,92.6044998169,0.633917560594,-0.100859236803,-0.132689338152,1.65171381336,0.740145730155,0.225111680622,0.721354465503,100.0
4.578621,-0.849441861292,-0.109679626334,0.248504887637,0.401135976032,3.05568972947,-1.16160695163,-0.31906800388,92.6044998169,0.634684550988,-0.101242732,-0.132305842955,1.65209730855,0.740145730155,0.226262166213,0.7217379607,100.0
4.588591,-0.847907880504,-0.108529140743,0.248504887637,0.401135976032,3.05607322466,-1.16199044682,-0.319834994274,92.6044998169,0.634684550988,-0.101626227197,-0.133072833349,1.65248080375,0.740145730155,0.225111680622,0.7217379607,100.0
4.598586,-0.849058366095,-0.109296131137,0.24812139244,0.401135976032,3.05568972947,-1.16199044682,-0.319834994274,92.6044998169,0.634684550988,-0.101242732,-0.133456328546,1.65209730855,0.739762234958,0.225495175819,0.721354465503,100.0
4.608579,-0.849058366095,-0.10891263594,0.248888382834,0.401902966426,3.05607322466,-1.16160695163,-0.319834994274,92.6044998169,0.6331505702,-0.100859236803,-0.132689338152,1.65171381336,0.740912720549,0.225111680622,0.720970970306,100.0
4.618577,-0.848674870898,-0.109679626334,0.24812139244,0.401902966426,3.05645671986,-1.16199044682,-0.319451499077,92.6044998169,0.633917560594,-0.101242732,-0.132689338152,1.65209730855,0.740912720549,0.225111680622,0.7217379607,100.0
4.628583,-0.848291375701,-0.10891263594,0.24812139244,0.401902966426,3.05645671986,-1.16237394202,-0.320601984668,92.6044998169,0.632767075003,-0.102009722394,-0.132305842955,1.65133031816,0.740145730155,0.225111680622,0.721354465503,100.0
4.638580,-0.849441861292,-0.108529140743,0.24812139244,0.401519471229,3.05607322466,-1.16160695163,-0.319834994274,92.6044998169,0.6331505702,-0.102009722394,-0.133072833349,1.65171381336,0.740912720549,0.225495175819,0.721354465503,100.0
4.648582,-0.849441861292,-0.109296131137,0.24812139244,0.401902966426,3.05607322466,-1.16160695163,-0.319834994274,92.6044998169,0.632767075003,-0.101626227197,-0.132305842955,1.65171381336,0.740529225352,0.225111680622,0.7217379607,100.0
4.658581,-0.849058366095,-0.110063121531,0.248504887637,0.401902966426,3.05568972947,-1.16199044682,-0.319834994274,92.6044998169,0.6331505702,-0.102009722394,-0.133072833349,1.65171381336,0.740529225352,0.223961195031,0.722504951094,100.0
4.668630,-0.849058366095,-0.10891263594,0.247737897243,0.401135976032,3.05607322466,-1.16160695163,-0.319834994274,92.6044998169,0.632383579806,-0.102009722394,-0.132305842955,1.65094682296,0.740145730155,0.224344690228,0.721354465503,100.0
4.678652,-0.849058366095,-0.109679626334,0.248888382834,0.401519471229,3.05568972947,-1.16199044682,-0.319834994274,92.6044998169,0.634301055791,-0.102009722394,-0.131922347758,1.65133031816,0.739762234958,0.223961195031,0.720587475109,100.0
4.688729,-0.849058366095,-0.109679626334,0.247737897243,0.401902966426,3.05645671986,-1.16199044682,-0.31906800388,92.6044998169,0.633534065397,-0.103927198379,-0.132305842955,1.65094682296,0.740145730155,0.223961195031,0.721354465503,100.0
4.698652,-0.849058366095,-0.108145645546,0.24812139244,0.402286461623,3.05645671986,-1.16199044682,-0.319451499077,92.6044998169,0.6331505702,-0.102393217591,-0.132305842955,1.65017983257,0.740145730155,0.224728185425,0.721354465503,100.0
4.708632,-0.848291375701,-0.10891263594,0.247737897243,0.401902966426,3.05684021506,-1.16160695163,-0.31906800388,92.6044998169,0.633534065397,-0.102393217591,-0.132689338152,1.64979633737,0.740529225352,0.224344690228,0.7217379607,100.0
4.718649,-0.849825356489,-0.10891263594,0.248504887637,0.401902966426,3.05568972947,-1.16275743722,-0.320601984668,92.6044998169,0.6331505702,-0.102776712788,-0.133456328546,1.65017983257,0.740145730155,0.223961195031,0.7217379607,100.0
4.728629,-0.849058366095,-0.109296131137,0.247354402047,0.401519471229,3.05607322466,-1.16237394202,-0.319451499077,92.6044998169,0.633534065397,-0.102393217591,-0.131922347758,1.65056332776,0.740145730155,0.224344690228,0.7217379607,100.0
4.738661,-0.849058366095,-0.109679626334,0.248504887637,0.401519471229,3.05568972947,-1.16237394202,-0.319451499077,92.6044998169,0.633534065397,-0.102393217591,-0.133456328546,1.65017983257,0.740145730155,0.223961195031,0.722504951094,100.0
4.748663,-0.849058366095,-0.109296131137,0.248504887637,0.401519471229,3.05607322466,-1.16122345643,-0.320218489471,92.6044998169,0.6331505702,-0.102776712788,-0.132689338152,1.64979633737,0.740529225352,0.223577699834,0.7217379607,100.0
4.758630,-0.848674870898,-0.109679626334,0.248504887637,0.401902966426,3.05684021506,-1.16237394202,-0.319451499077,92.6044998169,0.6331505702,-0.102776712788,-0.133456328546,1.65017983257,0.739762234958,0.223194204637,0.721354465503,100.0
4.768692,-0.849825356489,-0.108529140743,0.248504887637,0.401135976032,3.05607322466,-1.16160695163,-0.319451499077,92.6044998169,0.633534065397,-0.102776712788,-0.133456328546,1.65056332776,0.740529225352,0.224344690228,0.7217379607,100.0
4.778706,-0.849441861292,-0.109296131137,0.24812139244,0.401902966426,3.05607322466,-1.16160695163,-0.320218489471,92.6044998169,0.632767075003,-0.103160207985,-0.133456328546,1.64979633737,0.740912720549,0.22281070944,0.7217379607,100.0
4.788731,-0.849441861292,-0.109679626334,0.248888382834,0.401902966426,3.05568972947,-1.16237394202,-0.320218489471,92.6044998169,0.6331505702,-0.103160207985,-0.132689338152,1.64941284217,0.740145730155,0.223961195031,0.7217379607,100.0
4.798679,-0.849441861292,-0.109296131137,0.247737897243,0.402286461623,3.05607322466,-1.16199044682,-0.319834994274,92.6044998169,0.633534065397,-0.103543703182,-0.133456328546,1.65017983257,0.740529225352,0.223961195031,0.722888446291,100.0
4.808669,-0.848674870898,-0.109679626334,0.248888382834,0.401902966426,3.05645671986,-1.16237394202,-0.319834994274,92.6044998169,0.632767075003,-0.102776712788,-0.132305842955,1.65056332776,0.740912720549,0.223577699834,0.7217379607,100.0
4.818658,-0.849441861292,-0.109296131137,0.24812139244,0.401519471229,3.05645671986,-1.16160695163,-0.319451499077,92.6044998169,0.6331505702,-0.103543703182,-0.133072833349,1.64979633737,0.740529225352,0.223961195031,0.7217379607,100.0
4.828719,-0.849058366095,-0.109679626334,0.248504887637,0.401902966426,3.05645671986,-1.16122345643,-0.319834994274,92.6044998169,0.632767075003,-0.103160207985,-0.133456328546,1.65056332776,0.739762234958,0.222427214243,0.7217379607,100.0
4.838678,-0.849441861292,-0.109296131137,0.247737897243,0.401519471229,3.05568972947,-1.16199044682,-0.319834994274,92.6044998169,0.6331505702,-0.103160207985,-0.133072833349,1.65133031816,0.740529225352,0.222043719046,0.722504951094,100.0
4.848639,-0.849441861292,-0.109296131137,0.248504887637,0.402286461623,3.05568972947,-1.16199044682,-0.319451499077,92.6044998169,0.634684550988,-0.103160207985,-0.132689338152,1.65171381336,0.740529225352,0.223194204637,0.7217379607,100.0
4.858638,-0.849441861292,-0.109679626334,0.248504887637,0.401902966426,3.05607322466,-1.16237394202,-0.319451499077,92.6044998169,0.633917560594,-0.102776712788,-0.133456328546,1.65171381336,0.740145730155,0.222043719046,0.722121455897,100.0
4.868638,-0.848674870898,-0.109679626334,0.248888382834,0.401902966426,3.05607322466,-1.16122345643,-0.319834994274,92.6044998169,0.633534065397,-0.103160207985,-0.132689338152,1.65094682296,0.740145730155,0.222043719046,0.721354465503,100.0
4.878630,-0.849058366095,-0.109296131137,0.248504887637,0.401519471229,3.05607322466,-1.16160695163,-0.320218489471,92.6044998169,0.633917560594,-0.103543703182,-0.132689338152,1.65094682296,0.740145730155,0.222043719046,0.722121455897,100.0
4.888595,-0.849441861292,-0.109679626334,0.24812139244,0.400752480835,3.05645671986,-1.16122345643,-0.319451499077,92.6044998169,0.633917560594,-0.103160207985,-0.133072833349,1.65056332776,0.740529225352,0.221660223849,0.722504951094,100.0
4.898596,-0.848291375701,-0.109296131137,0.248504887637,0.401519471229,3.05568972947,-1.16199044682,-0.319451499077,92.6044998169,0.632767075003,-0.102776712788,-0.133456328546,1.64979633737,0.740912720549,0.221276728652,0.7217379607,100.0
4.908596,-0.849441861292,-0.109296131137,0.248888382834,0.400752480835,3.05607322466,-1.16160695163,-0.319834994274,92.6044998169,0.6331505702,-0.102393217591,-0.133072833349,1.64902934698,0.740912720549,0.221276728652,0.722121455897,100.0
4.918668,-0.849441861292,-0.110446616728,0.24812139244,0.401519471229,3.05645671986,-1.16199044682,-0.319834994274,92.6044998169,0.632767075003,-0.102776712788,-0.133839823743,1.64979633737,0.740529225352,0.222043719046,0.7217379607,100.0
4.928763,-0.848674870898,-0.109296131137,0.248888382834,0.401519471229,3.05607322466,-1.16160695163,-0.31906800388,92.6044998169,0.6331505702,-0.103160207985,-0.133839823743,1.64864585178,0.740145730155,0.222043719046,0.722121455897,100.0
4.938738,-0.849441861292,-0.109296131137,0.247737897243,0.401902966426,3.05607322466,-1.16237394202,-0.319834994274,92.6044998169,0.6331505702,-0.102776712788,-0.133839823743,1.64864585178,0.740529225352,0.222427214243,0.7217379607,100.0
4.948721,-0.849058366095,-0.10891263594,0.248504887637,0.402286461623,3.05645671986,-1.16237394202,-0.320218489471,92.6044998169,0.632383579806,-0.102776712788,-0.134606814137,1.64864585178,0.740145730155,0.222427214243,0.721354465503,100.0
4.958676,-0.848674870898,-0.109296131137,0.248504887637,0.401902966426,3.05684021506,-1.16237394202,-0.320218489471,92.6044998169,0.632767075003,-0.102009722394,-0.133839823743,1.64826235658,0.740529225352,0.222427214243,0.7217379607,100.0
4.968695,-0.849058366095,-0.110063121531,0.247737897243,0.40266995682,3.05645671986,-1.16199044682,-0.319834994274,92.6044998169,0.632767075003,-0.102776712788,-0.134606814137,1.64979633737,0.740145730155,0.222043719046,0.7217379607,100.0
4.978681,-0.849058366095,-0.10891263594,0.248888382834,0.401135976032,3.05645671986,-1.16160695163,-0.319834994274,92.6044998169,0.6331505702,-0.103160207985,-0.13422331894,1.64864585178,0.739762234958,0.223194204637,0.7217379607,100.0
4.988643,-0.849058366095,-0.10891263594,0.247737897243,0.401519471229,3.05568972947,-1.16199044682,-0.319451499077,92.6044998169,0.632383579806,-0.102393217591,-0.13422331894,1.64902934698,0.739762234958,0.223194204637,0.720970970306,100.0
4.998622,-0.848674870898,-0.109679626334,0.248888382834,0.401519471229,3.05607322466,-1.16199044682,-0.319834994274,92.6044998169,0.6331505702,-0.102009722394,-0.133839823743,1.64979633737,0.740145730155,0.222043719046,0.720587475109,100.0
5.008616,-0.848674870898,-0.109679626334,0.248504887637,0.401519471229,3.05607322466,-1.16199044682,-0.319451499077,92.6044998169,0.633534065397,-0.102393217591,-0.133456328546,1.64941284217,0.740912720549,0.22281070944,0.7217379607,100.0
5.018649,-0.849058366095,-0.10891263594,0.247737897243,0.400752480835,3.05607322466,-1.16160695163,-0.319451499077,92.6044998169,0.633534065397,-0.102393217591,-0.13422331894,1.65017983257,0.740912720549,0.223194204637,0.720970970306,100.0
5.028661,-0.849058366095,-0.109296131137,0.248888382834,0.401902966426,3.05568972947,-1.16160695163,-0.319834994274,92.6044998169,0.6331505702,-0.102776712788,-0.13422331894,1.65017983257,0.740529225352,0.223577699834,0.7217379607,100.0
5.038668,-0.848291375701,-0.109296131137,0.248504887637,0.401519471229,3.05607322466,-1.16160695163,-0.320218489471,92.6044998169,0.633534065397,-0.103160207985,-0.13422331894,1.65017983257,0.740145730155,0.224728185425,0.721354465503,100.0
5.048662,-0.849441861292,-0.109679626334,0.248504887637,0.401135976032,3.05607322466,-1.16122345643,-0.320601984668,92.6044998169,0.632767075003,-0.103160207985,-0.13422331894,1.64979633737,0.740145730155,0.223577699834,0.720970970306,100.0
5.058682,-0.849441861292,-0.10891263594,0.24812139244,0.401902966426,3.05684021506,-1.16160695163,-0.320601984668,92.6044998169,0.6331505702,-0.102776712788,-0.13422331894,1.65056332776,0.740529225352,0.223194204637,0.721354465503,100.0
5.068647,-0.849058366095,-0.108529140743,0.248888382834,0.401902966426,3.05607322466,-1.16237394202,-0.320218489471,92.6044998169,0.633917560594,-0.102776712788,-0.133456328546,1.65094682296,0.739762234958,0.22281070944,0.720970970306,100.0
5.078652,-0.849441861292,-0.10891263594,0.248888382834,0.401902966426,3.05645671986,-1.16160695163,-0.319834994274,92.6044998169,0.634301055791,-0.102776712788,-0.133456328546,1.65094682296,0.740529225352,0.223194204637,0.720970970306,100.0
5.088678,-0.848674870898,-0.109679626334,0.248504887637,0.401135976032,3.05645671986,-1.16237394202,-0.31906800388,92.6044998169,0.633534065397,-0.103160207985,-0.133839823743,1.65017983257,0.740912720549,0.22281070944,0.719820484715,100.0
5.098630,-0.848674870898,-0.109296131137,0.248504887637,0.401519471229,3.05645671986,-1.16160695163,-0.319834994274,92.6044998169,0.634684550988,-0.102393217591,-0.133072833349,1.65094682296,0.740529225352,0.223577699834,0.720970970306,100.0
5.108661,-0.848674870898,-0.109679626334,0.248888382834,0.401902966426,3.05607322466,-1.16199044682,-0.319834994274,92.6044998169,0.634684550988,-0.102393217591,-0.133839823743,1.64979633737,0.740912720549,0.225111680622,0.720970970306,100.0
5.118624,-0.849058366095,-0.109296131137,0.247737897243,0.401135976032,3.05568972947,-1.16199044682,-0.319834994274,92.6044998169,0.634301055791,-0.103160207985,-0.133839823743,1.65056332776,0.740912720549,0.225111680622,0.721354465503,100.0
5.128728,-0.848291375701,-0.109296131137,0.248504887637,0.402286461623,3.05645671986,-1.16199044682,-0.320218489471,92.6044998169,0.634301055791,-0.102009722394,-0.132689338152,1.64979633737,0.741296215746,0.224344690228,0.722121455897,100.0
5.138687,-0.848674870898,-0.109679626334,0.247737897243,0.401902966426,3.05607322466,-1.16160695163,-0.319834994274,92.6044998169,0.634301055791,-0.102393217591,-0.133072833349,1.64979633737,0.740145730155,0.224344690228,0.721354465503,100.0
5.148678,-0.849058366095,-0.10891263594,0.248888382834,0.401519471229,3.05568972947,-1.16160695163,-0.320218489471,92.6044998169,0.633534065397,-0.102393217591,-0.133456328546,1.64941284217,0.740529225352,0.224344690228,0.721354465503,100.0
5.158738,-0.849441861292,-0.109296131137,0.24812139244,0.401135976032,3.05607322466,-1.16275743722,-0.319834994274,92.6044998169,0.634301055791,-0.103160207985,-0.132689338152,1.64979633737,0.740529225352,0.223961195031,0.7217379607,100.0
5.168717,-0.849825356489,-0.109679626334,0.24812139244,0.401902966426,3.05645671986,-1.16237394202,-0.319451499077,92.6044998169,0.635068046185,-0.102393217591,-0.133072833349,1.64979633737,0.740529225352,0.223961195031,0.720970970306,100.0
5.178718,-0.849441861292,-0.109679626334,0.248504887637,0.402286461623,3.05607322466,-1.16160695163,-0.319834994274,92.6044998169,0.634301055791,-0.102393217591,-0.131922347758,1.64979633737,0.740145730155,0.224344690228,0.7217379607,100.0
5.188665,-0.849058366095,-0.109679626334,0.24812139244,0.402286461623,3.05607322466,-1.16199044682,-0.319834994274,92.6044998169,0.633534065397,-0.102009722394,-0.133072833349,1.65017983257,0.740145730155,0.223961195031,0.721354465503,100.0
5.198661,-0.847907880504,-0.109679626334,0.248888382834,0.401519471229,3.05607322466,-1.16237394202,-0.320218489471,92.6044998169,0.635835036579,-0.102776712788,-0.133072833349,1.64941284217,0.740529225352,0.224344690228,0.721354465503,100.0
5.208685,-0.848674870898,-0.109679626334,0.248888382834,0.401519471229,3.05568972947,-1.16237394202,-0.319834994274,92.6044998169,0.635068046185,-0.102393217591,-0.132305842955,1.64941284217,0.740912720549,0.225111680622,0.720587475109,100.0
5.218678,-0.849058366095,-0.109679626334,0.24812139244,0.401135976032,3.05645671986,-1.16160695163,-0.320218489471,92.6044998169,0.635068046185,-0.102776712788,-0.133072833349,1.64826235658,0.740529225352,0.224344690228,0.720970970306,100.0
5.228722,-0.849058366095,-0.109679626334,0.247737897243,0.401519471229,3.05684021506,-1.16160695163,-0.320218489471,92.6044998169,0.636218531775,-0.103160207985,-0.132689338152,1.64979633737,0.740529225352,0.223961195031,0.7217379607,100.0
5.238646,-0.849441861292,-0.110063121531,0.248504887637,0.401519471229,3.05607322466,-1.16160695163,-0.320218489471,92.6044998169,0.635451541382,-0.102776712788,-0.133072833349,1.64941284217,0.740529225352,0.224728185425,0.7217379607,100.0
5.248643,-0.849441861292,-0.109679626334,0.248888382834,0.401519471229,3.05607322466,-1.16237394202,-0.320218489471,92.6044998169,0.635068046185,-0.102393217591,-0.133839823743,1.64864585178,0.740529225352,0.223961195031,0.7217379607,100.0
5.258656,-0.848674870898,-0.10891263594,0.24812139244,0.401519471229,3.05568972947,-1.16199044682,-0.320218489471,92.6044998169,0.635068046185,-0.102776712788,-0.133072833349,1.64787886139,0.740912720549,0.224728185425,0.721354465503,100.0
5.268635,-0.849825356489,-0.110446616728,0.248504887637,0.401135976032,3.05607322466,-1.16160695163,-0.319451499077,92.6044998169,0.636218531775,-0.102776712788,-0.133072833349,1.64787886139,0.740912720549,0.224344690228,0.722504951094,100.0
5.278636,-0.849441861292,-0.109296131137,0.248504887637,0.401519471229,3.05607322466,-1.16199044682,-0.320601984668,92.6044998169,0.635451541382,-0.102393217591,-0.133072833349,1.64749536619,0.740529225352,0.223961195031,0.722121455897,100.0
5.288681,-0.849441861292,-0.109679626334,0.248888382834,0.401519471229,3.05607322466,-1.16199044682,-0.319834994274,92.6044998169,0.635068046185,-0.102776712788,-0.132689338152,1.6463448806,0.740145730155,0.225111680622,0.722121455897,100.0
5.298642,-0.848291375701,-0.109679626334,0.247737897243,0.401519471229,3.05607322466,-1.16122345643,-0.319834994274,92.6044998169,0.635068046185,-0.102009722394,-0.132305842955,1.64672837579,0.740912720549,0.225111680622,0.722504951094,100.0
5.308634,-0.847907880504,-0.110446616728,0.248504887637,0.401902966426,3.05607322466,-1.16160695163,-0.320218489471,92.6044998169,0.635068046185,-0.102776712788,-0.132305842955,1.6463448806,0.740912720549,0.223961195031,0.722121455897,100.0
5.318628,-0.849058366095,-0.10891263594,0.248504887637,0.401902966426,3.05607322466,-1.16237394202,-0.319451499077,92.6044998169,0.634684550988,-0.102393217591,-0.131922347758,1.6463448806,0.741296215746,0.224344690228,0.722121455897,100.0
5.328622,-0.849441861292,-0.109296131137,0.249271878031,0.401902966426,3.05607322466,-1.16199044682,-0.320218489471,92.6044998169,0.634301055791,-0.102393217591,-0.132689338152,1.6459613854,0.740529225352,0.224344690228,0.7217379607,100.0
5.338623,-0.849441861292,-0.109296131137,0.24812139244,0.401902966426,3.05645671986,-1.16199044682,-0.319451499077,92.6044998169,0.634301055791,-0.101626227197,-0.131922347758,1.64519439501,0.740529225352,0.223961195031,0.721354465503,100.0
5.348621,-0.849441861292,-0.109296131137,0.24812139244,0.402286461623,3.05568972947,-1.16160695163,-0.319834994274,92.6044998169,0.634684550988,-0.102393217591,-0.133072833349,1.6459613854,0.740529225352,0.223577699834,0.722121455897,100.0
5.358622,-0.848674870898,-0.109679626334,0.24812139244,0.401902966426,3.05607322466,-1.16199044682,-0.319451499077,92.6044998169,0.635835036579,-0.102393217591,-0.132305842955,1.64481089981,0.741296215746,0.223961195031,0.722121455897,100.0
5.368625,-0.849825356489,-0.10891263594,0.248888382834,0.401902966426,3.05568972947,-1.16199044682,-0.319451499077,92.6044998169,0.635068046185,-0.102393217591,-0.133456328546,1.64481089981,0.740529225352,0.223577699834,0.722121455897,100.0
5.378662,-0.848291375701,-0.109296131137,0.249271878031,0.401519471229,3.05568972947,-1.16160695163,-0.319834994274,92.6044998169,0.634684550988,-0.102393217591,-0.132689338152,1.64519439501,0.740912720549,0.222043719046,0.722121455897,100.0
5.388676,-0.849441861292,-0.109296131137,0.248504887637,0.401519471229,3.05568972947,-1.16199044682,-0.319451499077,92.6044998169,0.635068046185,-0.102393217591,-0.132689338152,1.6459613854,0.740145730155,0.222427214243,0.7217379607,100.0
5.398676,-0.849058366095,-0.109296131137,0.248888382834,0.402286461623,3.05645671986,-1.16199044682,-0.320218489471,92.6044998169,0.635451541382,-0.102009722394,-0.131922347758,1.6455778902,0.740529225352,0.220893233455,0.7217379607,100.0
5.408686,-0.848674870898,-0.109296131137,0.248888382834,0.402286461623,3.05530623427,-1.16122345643,-0.319451499077,92.6044998169,0.634684550988,-0.103160207985,-0.132689338152,1.6459613854,0.740529225352,0.221276728652,0.7217379607,100.0
5.418670,-0.848291375701,-0.110063121531,0.248504887637,0.401902966426,3.05607322466,-1.16199044682,-0.319834994274,92.6044998169,0.634684550988,-0.101626227197,-0.133456328546,1.6455778902,0.740529225352,0.221276728652,0.722504951094,100.0
5.428679,-0.849825356489,-0.108529140743,0.248504887637,0.401135976032,3.05645671986,-1.16199044682,-0.319834994274,92.6044998169,0.634684550988,-0.102393217591,-0.133072833349,1.6459613854,0.740912720549,0.220893233455,0.7217379607,100.0
5.438823,-0.849441861292,-0.109296131137,0.24812139244,0.402286461623,3.05645671986,-1.16237394202,-0.320601984668,92.6044998169,0.635451541382,-0.102393217591,-0.133839823743,1.6459613854,0.740912720549,0.220126243062,0.722504951094,100.0
5.448672,-0.848674870898,-0.109679626334,0.24812139244,0.401902966426,3.05684021506,-1.16199044682,-0.320218489471,92.6044998169,0.634301055791,-0.102776712788,-0.132305842955,1.6455778902,0.740145730155,0.219359252668,0.721354465503,100.0
5.458927,-0.849441861292,-0.10891263594,0.248504887637,0.40266995682,3.05568972947,-1.16199044682,-0.320601984668,92.6044998169,0.634684550988,-0.102776712788,-0.133839823743,1.64519439501,0.740529225352,0.218208767077,0.722121455897,100.0
5.469079,-0.848674870898,-0.108529140743,0.248888382834,0.401519471229,3.05684021506,-1.16199044682,-0.319451499077,92.6044998169,0.633534065397,-0.102776712788,-0.133072833349,1.64481089981,0.740912720549,0.218592262274,0.7217379607,100.0
5.478985,-0.849058366095,-0.109296131137,0.248504887637,0.401902966426,3.05607322466,-1.16199044682,-0.319834994274,92.6044998169,0.634301055791,-0.102776712788,-0.133456328546,1.64481089981,0.740529225352,0.21782527188,0.720970970306,100.0
5.489587,-0.849058366095,-0.109296131137,0.247737897243,0.402286461623,3.05645671986,-1.16275743722,-0.319834994274,92.6044998169,0.635451541382,-0.103160207985,-0.133456328546,1.64442740461,0.740529225352,0.217441776683,0.720587475109,100.0
5.498902,-0.849058366095,-0.10891263594,0.248888382834,0.402286461623,3.05607322466,-1.16160695163,-0.319834994274,92.6044998169,0.634684550988,-0.102776712788,-0.133072833349,1.64481089981,0.740145730155,0.218208767077,0.721354465503,100.0
5.508826,-0.848674870898,-0.10891263594,0.248888382834,0.402286461623,3.05568972947,-1.16122345643,-0.320601984668,92.6044998169,0.634301055791,-0.102009722394,-0.133456328546,1.64481089981,0.740912720549,0.216674786289,0.720970970306,100.0
5.518782,-0.849441861292,-0.109296131137,0.248504887637,0.401902966426,3.05645671986,-1.16199044682,-0.320218489471,92.6044998169,0.6331505702,-0.102776712788,-0.133839823743,1.64404390942,0.740529225352,0.216291291092,0.721354465503,100.0
5.528755,-0.849825356489,-0.109296131137,0.248504887637,0.401902966426,3.05530623427,-1.16237394202,-0.320218489471,92.6044998169,0.633534065397,-0.102776712788,-0.132689338152,1.64404390942,0.740529225352,0.216674786289,0.720970970306,100.0
5.538767,-0.849058366095,-0.109296131137,0.248888382834,0.401519471229,3.05607322466,-1.16237394202,-0.31906800388,92.6044998169,0.634301055791,-0.103160207985,-0.133456328546,1.64366041422,0.740912720549,0.216291291092,0.719820484715,100.0
5.548749,-0.847907880504,-0.109679626334,0.248504887637,0.401902966426,3.05607322466,-1.16199044682,-0.320218489471,92.6044998169,0.634301055791,-0.102009722394,-0.132689338152,1.64366041422,0.740145730155,0.216291291092,0.7217379607,100.0
5.558775,-0.849441861292,-0.110063121531,0.248504887637,0.401902966426,3.05684021506,-1.16199044682,-0.319451499077,92.6044998169,0.633917560594,-0.102776712788,-0.133072833349,1.64289342383,0.740145730155,0.215140805501,0.720970970306,100.0
5.568765,-0.849058366095,-0.10891263594,0.24812139244,0.401902966426,3.05684021506,-1.16122345643,-0.319451499077,92.6044998169,0.633534065397,-0.102776712788,-0.133072833349,1.64250992863,0.740145730155,0.215140805501,0.721354465503,100.0
5.578769,-0.849441861292,-0.109296131137,0.248888382834,0.401902966426,3.05568972947,-1.16199044682,-0.319834994274,92.6044998169,0.633917560594,-0.103543703182,-0.133456328546,1.64250992863,0.740529225352,0.21399031991,0.720587475109,100.0
5.588746,-0.848674870898,-0.109679626334,0.247354402047,0.401135976032,3.05645671986,-1.16199044682,-0.319451499077,92.6044998169,0.633917560594,-0.103160207985,-0.133839823743,1.64174293823,0.740145730155,0.215524300698,0.720203979912,100.0
5.598857,-0.848674870898,-0.109679626334,0.248504887637,0.401519471229,3.05568972947,-1.16199044682,-0.320218489471,92.6044998169,0.635068046185,-0.103543703182,-0.133072833349,1.64174293823,0.741296215746,0.215140805501,0.720587475109,100.0
5.608778,-0.849058366095,-0.110446616728,0.24812139244,0.402286461623,3.05607322466,-1.16160695163,-0.319451499077,92.6044998169,0.633917560594,-0.103160207985,-0.133456328546,1.64174293823,0.740529225352,0.216674786289,0.721354465503,100.0
5.618823,-0.848674870898,-0.109296131137,0.248504887637,0.402286461623,3.05645671986,-1.16160695163,-0.319451499077,92.6044998169,0.634684550988,-0.103160207985,-0.133456328546,1.64097594784,0.740145730155,0.215140805501,0.720970970306,100.0
5.628834,-0.848291375701,-0.110830111925,0.247737897243,0.401902966426,3.05607322466,-1.16237394202,-0.319834994274,92.6044998169,0.634301055791,-0.103927198379,-0.133072833349,1.64212643343,0.739378739761,0.214757310304,0.720587475109,100.0
5.638806,-0.849058366095,-0.110063121531,0.248504887637,0.401135976032,3.05645671986,-1.16122345643,-0.31906800388,92.6044998169,0.635068046185,-0.104694188773,-0.133456328546,1.64174293823,0.739762234958,0.214373815107,0.720970970306,100.0
5.648797,-0.849441861292,-0.10891263594,0.248888382834,0.401135976032,3.05568972947,-1.16275743722,-0.319834994274,92.6044998169,0.635068046185,-0.103160207985,-0.133072833349,1.64174293823,0.739762234958,0.214373815107,0.720203979912,100.0
5.658801,-0.849441861292,-0.109679626334,0.248504887637,0.401902966426,3.05645671986,-1.16122345643,-0.31906800388,92.6044998169,0.635451541382,-0.104310693576,-0.132689338152,1.64135944304,0.739762234958,0.214757310304,0.720587475109,100.0
5.668807,-0.848674870898,-0.109679626334,0.248504887637,0.400752480835,3.05645671986,-1.16199044682,-0.319834994274,92.6044998169,0.635068046185,-0.103543703182,-0.133072833349,1.64059245264,0.740145730155,0.215524300698,0.719820484715,100.0
5.678795,-0.848674870898,-0.109679626334,0.248504887637,0.401519471229,3.05607322466,-1.16237394202,-0.319451499077,92.6044998169,0.635068046185,-0.104310693576,-0.133839823743,1.64020895745,0.740145730155,0.215140805501,0.719820484715,100.0
5.688769,-0.849441861292,-0.109296131137,0.248888382834,0.401519471229,3.05607322466,-1.16275743722,-0.319451499077,92.6044998169,0.634684550988,-0.104694188773,-0.133839823743,1.63982546225,0.740145730155,0.214373815107,0.719820484715,100.0
5.698772,-0.849441861292,-0.109296131137,0.248504887637,0.401902966426,3.05645671986,-1.16122345643,-0.319834994274,92.6044998169,0.635068046185,-0.104694188773,-0.132689338152,1.63829148146,0.739762234958,0.214373815107,0.720970970306,100.0
5.708823,-0.849441861292,-0.109679626334,0.247354402047,0.40266995682,3.05530623427,-1.16160695163,-0.320218489471,92.6044998169,0.635068046185,-0.104310693576,-0.133072833349,1.63982546225,0.740529225352,0.214373815107,0.720203979912,100.0
5.718811,-0.849058366095,-0.109679626334,0.248888382834,0.401135976032,3.05530623427,-1.16122345643,-0.320601984668,92.6044998169,0.636218531775,-0.105461179167,-0.133072833349,1.63944196705,0.740529225352,0.214373815107,0.720203979912,100.0
5.728820,-0.848674870898,-0.110446616728,0.24812139244,0.401902966426,3.05684021506,-1.16199044682,-0.319834994274,92.6044998169,0.635451541382,-0.105461179167,-0.132305842955,1.63867497666,0.740912720549,0.214373815107,0.720203979912,100.0
5.738782,-0.849441861292,-0.109679626334,0.248504887637,0.402286461623,3.05645671986,-1.16160695163,-0.319451499077,92.6044998169,0.635068046185,-0.105844674364,-0.132305842955,1.63867497666,0.740529225352,0.21399031991,0.720970970306,100.0
5.748779,-0.849058366095,-0.109296131137,0.24812139244,0.402286461623,3.05645671986,-1.16275743722,-0.319834994274,92.6044998169,0.636602026972,-0.105461179167,-0.132689338152,1.63829148146,0.740912720549,0.213606824713,0.719820484715,100.0
5.758792,-0.849441861292,-0.109296131137,0.247737897243,0.402286461623,3.05607322466,-1.16199044682,-0.320218489471,92.6044998169,0.636218531775,-0.105844674364,-0.132305842955,1.63790798626,0.740529225352,0.21399031991,0.720203979912,100.0
5.768692,-0.848674870898,-0.109296131137,0.248888382834,0.402286461623,3.05568972947,-1.16160695163,-0.318684508683,92.6044998169,0.635451541382,-0.106995159955,-0.133072833349,1.63752449107,0.740145730155,0.213223329516,0.719436989518,100.0
5.778701,-0.849441861292,-0.109679626334,0.248504887637,0.401519471229,3.05645671986,-1.16199044682,-0.319451499077,92.6044998169,0.635835036579,-0.106611664758,-0.132305842955,1.63867497666,0.741296215746,0.213223329516,0.720587475109,100.0
5.788703,-0.850208851685,-0.110063121531,0.24812139244,0.401519471229,3.05607322466,-1.16160695163,-0.319834994274,92.6044998169,0.635835036579,-0.107378655152,-0.131922347758,1.63637400548,0.740145730155,0.212456339122,0.719053494321,100.0
5.798694,-0.848291375701,-0.109679626334,0.248504887637,0.401519471229,3.05645671986,-1.16160695163,-0.319451499077,92.6044998169,0.635835036579,-0.107762150349,-0.132689338152,1.63599051028,0.740145730155,0.212072843925,0.719820484715,100.0
5.808713,-0.849825356489,-0.110063121531,0.248888382834,0.401519471229,3.05568972947,-1.16122345643,-0.320218489471,92.6044998169,0.635068046185,-0.108529140743,-0.133072833349,1.63637400548,0.740529225352,0.212456339122,0.719820484715,100.0
5.818685,-0.849441861292,-0.109296131137,0.248888382834,0.401902966426,3.05607322466,-1.16199044682,-0.319451499077,92.6044998169,0.635835036579,-0.108529140743,-0.132305842955,1.63637400548,0.740145730155,0.212072843925,0.719436989518,100.0
5.828683,-0.849058366095,-0.109296131137,0.248888382834,0.401902966426,3.05607322466,-1.16160695163,-0.319451499077,92.6044998169,0.635835036579,-0.109679626334,-0.131922347758,1.63522351989,0.740529225352,0.212456339122,0.720203979912,100.0
5.838707,-0.849058366095,-0.110446616728,0.248504887637,0.401519471229,3.05645671986,-1.16199044682,-0.320218489471,92.6044998169,0.636218531775,-0.109296131137,-0.131538852561,1.63445652949,0.740145730155,0.212072843925,0.719820484715,100.0
5.848722,-0.849441861292,-0.109679626334,0.248504887637,0.401519471229,3.05645671986,-1.16199044682,-0.31906800388,92.6044998169,0.636218531775,-0.110063121531,-0.131155357364,1.63445652949,0.739762234958,0.211689348728,0.719820484715,100.0
5.858925,-0.848674870898,-0.110063121531,0.248504887637,0.401519471229,3.05568972947,-1.16275743722,-0.319451499077,92.6044998169,0.635451541382,-0.110830111925,-0.132689338152,1.63445652949,0.740145730155,0.211689348728,0.718669999124,100.0
5.868969,-0.850592346882,-0.110063121531,0.247737897243,0.401519471229,3.05607322466,-1.16199044682,-0.320218489471,92.6044998169,0.635835036579,-0.111213607122,-0.132689338152,1.6329225487,0.740145730155,0.211305853531,0.719820484715,100.0
5.879005,-0.849058366095,-0.110446616728,0.248504887637,0.402286461623,3.05607322466,-1.16199044682,-0.320218489471,92.6044998169,0.636602026972,-0.111597102319,-0.132689338152,1.63253905351,0.740529225352,0.209004882349,0.720203979912,100.0
5.889028,-0.849058366095,-0.111213607122,0.248504887637,0.401519471229,3.05684021506,-1.16199044682,-0.319834994274,92.6044998169,0.635451541382,-0.111980597516,-0.132305842955,1.63215555831,0.740529225352,0.208621387152,0.720203979912,100.0
5.898932,-0.849441861292,-0.109679626334,0.248504887637,0.401519471229,3.05684021506,-1.16199044682,-0.319834994274,92.6044998169,0.635451541382,-0.113131083107,-0.131922347758,1.63100507272,0.739762234958,0.208621387152,0.719820484715,100.0
5.908780,-0.849441861292,-0.110063121531,0.248888382834,0.401902966426,3.05530623427,-1.16160695163,-0.320218489471,92.6044998169,0.635451541382,-0.11274758791,-0.133072833349,1.63023808233,0.740912720549,0.207087406365,0.720203979912,100.0
5.918738,-0.849058366095,-0.110063121531,0.248504887637,0.402286461623,3.05568972947,-1.16160695163,-0.319834994274,92.6044998169,0.636602026972,-0.1138980735,-0.132305842955,1.62908759673,0.740529225352,0.205936920774,0.719820484715,100.0
5.928730,-0.849825356489,-0.110830111925,0.248504887637,0.401902966426,3.05607322466,-1.16275743722,-0.320218489471,92.6044998169,0.636985522169,-0.1138980735,-0.131538852561,1.62870410154,0.741296215746,0.204786435183,0.719436989518,100.0
5.938728,-0.848674870898,-0.110063121531,0.24812139244,0.401135976032,3.05607322466,-1.16160695163,-0.319834994274,92.6044998169,0.636985522169,-0.114665063894,-0.131538852561,1.62870410154,0.739762234958,0.204786435183,0.719820484715,100.0
5.948726,-0.849441861292,-0.109296131137,0.248888382834,0.401519471229,3.05568972947,-1.16160695163,-0.319834994274,92.6044998169,0.635068046185,-0.116199044682,-0.132689338152,1.62717012075,0.740145730155,0.204019444789,0.720203979912,100.0
5.958725,-0.849825356489,-0.109296131137,0.247737897243,0.401135976032,3.05684021506,-1.16122345643,-0.319834994274,92.6044998169,0.635835036579,-0.116199044682,-0.132689338152,1.62678662555,0.740145730155,0.204402939986,0.720203979912,100.0
5.968728,-0.849441861292,-0.110063121531,0.24812139244,0.401519471229,3.05607322466,-1.16160695163,-0.319451499077,92.6044998169,0.636218531775,-0.116582539879,-0.131922347758,1.62678662555,0.740912720549,0.20516993038,0.719820484715,100.0
5.978731,-0.849825356489,-0.110446616728,0.24812139244,0.401135976032,3.05607322466,-1.16237394202,-0.319451499077,92.6044998169,0.635451541382,-0.116582539879,-0.132305842955,1.62640313036,0.740145730155,0.204786435183,0.720203979912,100.0
5.988734,-0.849441861292,-0.110446616728,0.24812139244,0.401135976032,3.05607322466,-1.16237394202,-0.320218489471,92.6044998169,0.635835036579,-0.118500015864,-0.132305842955,1.62601963516,0.739762234958,0.204786435183,0.719820484715,100.0
5.998734,-0.849058366095,-0.111213607122,0.24812139244,0.401519471229,3.05607322466,-1.16237394202,-0.320218489471,92.6044998169,0.635835036579,-0.118883511061,-0.132305842955,1.62563613996,0.740529225352,0.202868959198,0.719436989518,100.0
6.008730,-0.848674870898,-0.109679626334,0.247737897243,0.401902966426,3.05645671986,-1.16160695163,-0.320601984668,92.6044998169,0.635068046185,-0.119267006258,-0.132305842955,1.62410215917,0.740145730155,0.202485464001,0.719820484715,100.0
6.018767,-0.849058366095,-0.110446616728,0.24812139244,0.401135976032,3.05607322466,-1.16160695163,-0.319834994274,92.6044998169,0.635835036579,-0.119267006258,-0.133072833349,1.62256817839,0.739762234958,0.202485464001,0.719820484715,100.0
6.028753,-0.849441861292,-0.110063121531,0.248504887637,0.401519471229,3.05568972947,-1.16237394202,-0.320601984668,92.6044998169,0.635451541382,-0.120800987046,-0.132689338152,1.62295167358,0.739762234958,0.202101968804,0.719820484715,100.0
6.038751,-0.848674870898,-0.110063121531,0.248504887637,0.401902966426,3.05645671986,-1.16122345643,-0.319834994274,92.6044998169,0.635451541382,-0.120417491849,-0.132305842955,1.62180118799,0.740529225352,0.202485464001,0.719436989518,100.0
6.048751,-0.849441861292,-0.110830111925,0.24812139244,0.400752480835,3.05607322466,-1.16199044682,-0.319451499077,92.6044998169,0.635451541382,-0.121184482243,-0.132305842955,1.6206507024,0.739762234958,0.201718473607,0.718669999124,100.0
6.058740,-0.849058366095,-0.110063121531,0.248504887637,0.401135976032,3.05607322466,-1.16122345643,-0.319451499077,92.6044998169,0.635835036579,-0.122718463031,-0.131922347758,1.61950021681,0.740912720549,0.200184492819,0.719053494321,100.0
6.068731,-0.849441861292,-0.109679626334,0.248888382834,0.401135976032,3.05722371026,-1.16199044682,-0.319834994274,92.6044998169,0.635451541382,-0.123485453425,-0.132689338152,1.61911672161,0.740912720549,0.199800997622,0.719053494321,100.0
6.078747,-0.849441861292,-0.110830111925,0.248504887637,0.401519471229,3.05568972947,-1.16199044682,-0.319451499077,92.6044998169,0.636602026972,-0.12540292941,-0.132305842955,1.61796623602,0.740912720549,0.199417502425,0.719436989518,100.0
6.088823,-0.849825356489,-0.110446616728,0.249271878031,0.401519471229,3.05568972947,-1.16122345643,-0.320218489471,92.6044998169,0.635068046185,-0.125786424607,-0.132689338152,1.61719924563,0.740912720549,0.199034007228,0.718669999124,100.0
6.098767,-0.849441861292,-0.110830111925,0.24812139244,0.401519471229,3.05607322466,-1.16160695163,-0.320218489471,92.6044998169,0.636218531775,-0.127703900591,-0.133072833349,1.61643225523,0.740145730155,0.198650512031,0.718669999124,100.0
6.108750,-0.849058366095,-0.110446616728,0.249271878031,0.402286461623,3.05645671986,-1.16160695163,-0.319451499077,92.6044998169,0.635451541382,-0.128470890985,-0.132305842955,1.61528176964,0.740145730155,0.19750002644,0.719053494321,100.0
6.118902,-0.849825356489,-0.110446616728,0.248504887637,0.401902966426,3.05645671986,-1.16275743722,-0.318684508683,92.6044998169,0.635068046185,-0.13038836697,-0.131922347758,1.61451477925,0.740145730155,0.196733036046,0.718669999124,100.0
6.128916,-0.849058366095,-0.110063121531,0.248888382834,0.401902966426,3.05645671986,-1.16199044682,-0.319451499077,92.6044998169,0.637752512563,-0.130771862167,-0.131922347758,1.61298079846,0.740145730155,0.197116531243,0.718286503927,100.0
6.138921,-0.848674870898,-0.109679626334,0.24812139244,0.401519471229,3.05607322466,-1.16160695163,-0.319834994274,92.6044998169,0.636602026972,-0.132689338152,-0.131922347758,1.61183031287,0.740145730155,0.19750002644,0.718286503927,100.0
6.148896,-0.849441861292,-0.110446616728,0.247737897243,0.40266995682,3.05607322466,-1.16160695163,-0.320218489471,92.6044998169,0.637369017366,-0.133456328546,-0.132305842955,1.61067982728,0.740145730155,0.196349540849,0.718286503927,100.0
6.158888,-0.849441861292,-0.109296131137,0.24812139244,0.401902966426,3.05607322466,-1.16160695163,-0.320601984668,92.6044998169,0.636602026972,-0.134990309334,-0.132305842955,1.60876235129,0.740529225352,0.196733036046,0.71790300873,100.0
6.168861,-0.850208851685,-0.110830111925,0.24812139244,0.401519471229,3.05607322466,-1.16160695163,-0.320218489471,92.6044998169,0.636985522169,-0.136907785319,-0.132305842955,1.60722837051,0.740145730155,0.196733036046,0.718669999124,100.0
6.178925,-0.849441861292,-0.110063121531,0.248504887637,0.401902966426,3.05645671986,-1.16160695163,-0.319834994274,92.6044998169,0.63813600776,-0.13805827091,-0.131922347758,1.60569438972,0.740912720549,0.196733036046,0.718286503927,100.0
6.188948,-0.849441861292,-0.110446616728,0.248504887637,0.401519471229,3.05568972947,-1.16314093241,-0.320218489471,92.6044998169,0.637752512563,-0.138825261304,-0.131538852561,1.60416040893,0.740912720549,0.195582550455,0.719053494321,100.0
6.198896,-0.849058366095,-0.110446616728,0.248504887637,0.401135976032,3.05607322466,-1.16160695163,-0.320601984668,92.6044998169,0.637369017366,-0.139592251698,-0.131155357364,1.60224293295,0.740912720549,0.194815560061,0.718669999124,100.0
6.208804,-0.849441861292,-0.109679626334,0.248888382834,0.402286461623,3.05568972947,-1.16199044682,-0.319834994274,92.6044998169,0.638519502957,-0.140742737288,-0.131155357364,1.60109244736,0.741679710943,0.194815560061,0.718669999124,100.0
6.218826,-0.850208851685,-0.109679626334,0.24812139244,0.401902966426,3.05645671986,-1.16237394202,-0.31906800388,92.6044998169,0.639286493351,-0.141509727682,-0.130771862167,1.59802448578,0.741679710943,0.193665074471,0.719436989518,100.0
6.228918,-0.850208851685,-0.109296131137,0.248888382834,0.401902966426,3.05607322466,-1.16237394202,-0.319834994274,92.6044998169,0.638902998154,-0.142660213273,-0.131538852561,1.59649050499,0.740529225352,0.192898084077,0.718286503927,100.0
6.238831,-0.849058366095,-0.110446616728,0.248504887637,0.401519471229,3.05568972947,-1.16275743722,-0.31906800388,92.6044998169,0.639286493351,-0.144961184455,-0.130771862167,1.5953400194,0.740912720549,0.191747598486,0.719053494321,100.0
6.248775,-0.849825356489,-0.109679626334,0.248504887637,0.402286461623,3.05607322466,-1.16237394202,-0.319834994274,92.6044998169,0.641203969336,-0.145344679652,-0.131155357364,1.59610700979,0.741296215746,0.191364103289,0.718286503927,100.0
6.258760,-0.849441861292,-0.111213607122,0.24812139244,0.401902966426,3.05530623427,-1.16275743722,-0.319451499077,92.6044998169,0.640436978942,-0.14687866044,-0.130771862167,1.59418953381,0.741679710943,0.190213617698,0.718669999124,100.0
6.268766,-0.849441861292,-0.109296131137,0.24812139244,0.401519471229,3.05607322466,-1.16237394202,-0.319834994274,92.6044998169,0.640820474139,-0.147262155637,-0.131155357364,1.59227205783,0.742446701337,0.189446627304,0.718669999124,100.0
6.278747,-0.848674870898,-0.110830111925,0.248504887637,0.401519471229,3.05645671986,-1.16199044682,-0.319834994274,92.6044998169,0.641587464533,-0.149563126819,-0.131155357364,1.59073807704,0.743597186927,0.189446627304,0.718286503927,100.0
6.288944,-0.849058366095,-0.109679626334,0.248888382834,0.401519471229,3.05645671986,-1.16160695163,-0.320218489471,92.6044998169,0.642737950124,-0.149179631622,-0.130771862167,1.59035458184,0.743980682124,0.18867963691,0.71790300873,100.0
6.298929,-0.849058366095,-0.109296131137,0.248504887637,0.401902966426,3.05607322466,-1.16199044682,-0.319834994274,92.6044998169,0.641587464533,-0.150330117213,-0.130004871773,1.58728662026,0.743980682124,0.187912646516,0.719436989518,100.0
6.308959,-0.849441861292,-0.109296131137,0.24812139244,0.401519471229,3.05607322466,-1.16199044682,-0.320218489471,92.6044998169,0.642354454927,-0.151864098001,-0.131155357364,1.58690312507,0.744364177321,0.186762160925,0.719436989518,100.0
6.318771,-0.848291375701,-0.110446616728,0.24812139244,0.402286461623,3.05607322466,-1.16160695163,-0.319834994274,92.6044998169,0.643121445321,-0.153398078789,-0.130771862167,1.58690312507,0.743980682124,0.185611675334,0.719820484715,100.0
6.328768,-0.849825356489,-0.110063121531,0.247737897243,0.401902966426,3.05568972947,-1.16275743722,-0.319834994274,92.6044998169,0.643504940518,-0.154548564379,-0.131922347758,1.58460215389,0.744747672518,0.18484468494,0.719053494321,100.0
6.338725,-0.848674870898,-0.110830111925,0.248504887637,0.401902966426,3.05645671986,-1.16160695163,-0.319834994274,92.6044998169,0.642737950124,-0.156082545167,-0.130771862167,1.58345166829,0.745131167715,0.182927208955,0.718669999124,100.0
6.348743,-0.849058366095,-0.109679626334,0.24812139244,0.401519471229,3.05607322466,-1.16199044682,-0.318684508683,92.6044998169,0.644271930912,-0.157233030758,-0.130771862167,1.5826846779,0.745514662912,0.182160218561,0.718669999124,100.0
6.358727,-0.850208851685,-0.110063121531,0.248888382834,0.401519471229,3.05568972947,-1.16199044682,-0.319834994274,92.6044998169,0.645038921306,-0.158383516349,-0.13038836697,1.58000021152,0.745514662912,0.18100973297,0.719053494321,100.0
6.368741,-0.848674870898,-0.109679626334,0.247737897243,0.401902966426,3.05645671986,-1.16199044682,-0.319834994274,92.6044998169,0.644271930912,-0.160300992334,-0.131538852561,1.58000021152,0.745131167715,0.180242742577,0.719053494321,100.0
6.378758,-0.848674870898,-0.110446616728,0.24812139244,0.401519471229,3.05684021506,-1.16160695163,-0.319451499077,92.6044998169,0.644655426109,-0.161834973122,-0.131155357364,1.57884972593,0.745898158109,0.178325266592,0.719053494321,100.0
6.388942,-0.849058366095,-0.110063121531,0.24812139244,0.401519471229,3.05722371026,-1.16314093241,-0.320218489471,92.6044998169,0.644655426109,-0.162601963516,-0.131155357364,1.57731574514,0.744747672518,0.178325266592,0.719436989518,100.0
6.398970,-0.849825356489,-0.110830111925,0.248888382834,0.401902966426,3.05607322466,-1.16237394202,-0.320218489471,92.6044998169,0.646189406897,-0.162985458713,-0.131538852561,1.57463127876,0.745131167715,0.177941771395,0.718286503927,100.0
6.408951,-0.848674870898,-0.110446616728,0.24812139244,0.401902966426,3.05607322466,-1.16160695163,-0.319834994274,92.6044998169,0.6458059117,-0.164519439501,-0.131155357364,1.57424778357,0.745514662912,0.177174781001,0.718669999124,100.0
6.418946,-0.848291375701,-0.110446616728,0.248504887637,0.401519471229,3.05607322466,-1.16160695163,-0.319451499077,92.6044998169,0.647339892488,-0.166820410683,-0.131155357364,1.57309729798,0.744747672518,0.176791285804,0.719436989518,100.0
6.428897,-0.850208851685,-0.110063121531,0.248888382834,0.401902966426,3.05607322466,-1.16160695163,-0.319834994274,92.6044998169,0.646189406897,-0.166820410683,-0.130771862167,1.57194681239,0.745131167715,0.175257305016,0.718669999124,100.0
6.438892,-0.849058366095,-0.109679626334,0.248504887637,0.401902966426,3.05645671986,-1.16237394202,-0.31906800388,92.6044998169,0.646956397291,-0.169504877061,-0.131155357364,1.57079632679,0.744747672518,0.175257305016,0.719053494321,100.0
6.448924,-0.849825356489,-0.110446616728,0.24812139244,0.401135976032,3.05607322466,-1.16237394202,-0.320218489471,92.6044998169,0.646572902094,-0.171038857849,-0.13038836697,1.56926234601,0.745131167715,0.175257305016,0.718286503927,100.0
6.458822,-0.849441861292,-0.111213607122,0.247354402047,0.401519471229,3.05607322466,-1.16199044682,-0.31906800388,92.6044998169,0.646956397291,-0.172572838637,-0.131155357364,1.56734487002,0.745514662912,0.175257305016,0.717519513533,100.0
6.468801,-0.849825356489,-0.111213607122,0.24812139244,0.400368985638,3.05645671986,-1.16199044682,-0.320218489471,92.6044998169,0.647339892488,-0.173723324228,-0.13038836697,1.56734487002,0.744364177321,0.175257305016,0.71790300873,100.0
6.478785,-0.849441861292,-0.109679626334,0.248504887637,0.401902966426,3.05568972947,-1.16199044682,-0.319834994274,92.6044998169,0.645422416503,-0.174490314622,-0.131155357364,1.56696137482,0.745131167715,0.174873809819,0.71790300873,100.0
6.488829,-0.849058366095,-0.110063121531,0.24812139244,0.402286461623,3.05568972947,-1.16122345643,-0.319451499077,92.6044998169,0.647339892488,-0.177174781001,-0.130771862167,1.56504389884,0.745131167715,0.17602429541,0.718286503927,100.0
6.498840,-0.850208851685,-0.110830111925,0.248888382834,0.402286461623,3.05607322466,-1.16122345643,-0.320218489471,92.6044998169,0.6458059117,-0.178708761789,-0.13038836697,1.56350991805,0.745514662912,0.175257305016,0.718286503927,100.0
6.508849,-0.849441861292,-0.109679626334,0.248888382834,0.402286461623,3.05607322466,-1.16199044682,-0.320218489471,92.6044998169,0.646956397291,-0.180626237774,-0.131922347758,1.56274292766,0.745131167715,0.175257305016,0.71790300873,100.0
6.518755,-0.849058366095,-0.110446616728,0.248888382834,0.401902966426,3.05607322466,-1.16314093241,-0.319451499077,92.6044998169,0.646189406897,-0.18100973297,-0.131538852561,1.56159244207,0.745131167715,0.175257305016,0.719053494321,100.0
6.528725,-0.849058366095,-0.110063121531,0.248888382834,0.401902966426,3.05645671986,-1.16199044682,-0.320218489471,92.6044998169,0.646189406897,-0.182160218561,-0.131155357364,1.56197593726,0.745514662912,0.174873809819,0.71790300873,100.0
6.538717,-0.849825356489,-0.109679626334,0.248504887637,0.401902966426,3.05645671986,-1.16199044682,-0.320601984668,92.6044998169,0.646572902094,-0.184461189743,-0.131155357364,1.56120894687,0.746281653306,0.175257305016,0.718286503927,100.0
6.548721,-0.849441861292,-0.111213607122,0.248504887637,0.402286461623,3.05645671986,-1.16199044682,-0.320601984668,92.6044998169,0.647723387685,-0.185995170531,-0.130771862167,1.55967496608,0.745514662912,0.175640800213,0.718669999124,100.0
6.558718,-0.849058366095,-0.110446616728,0.248504887637,0.401519471229,3.05645671986,-1.16122345643,-0.320985479865,92.6044998169,0.647339892488,-0.187145656122,-0.130771862167,1.55967496608,0.746665148503,0.174873809819,0.718286503927,100.0
6.568720,-0.847907880504,-0.110446616728,0.24812139244,0.402286461623,3.05645671986,-1.16199044682,-0.319451499077,92.6044998169,0.646572902094,-0.189063132107,-0.13038836697,1.55852448049,0.746281653306,0.174106819425,0.718286503927,100.0
6.578716,-0.849825356489,-0.110063121531,0.247737897243,0.401902966426,3.05607322466,-1.16199044682,-0.319451499077,92.6044998169,0.646956397291,-0.189446627304,-0.129621376576,1.55814098529,0.745898158109,0.174106819425,0.718669999124,100.0
6.588711,-0.849825356489,-0.110063121531,0.248504887637,0.401519471229,3.05607322466,-1.16199044682,-0.320218489471,92.6044998169,0.647339892488,-0.191747598486,-0.130004871773,1.5569904997,0.747432138897,0.174106819425,0.719436989518,100.0
6.598720,-0.848291375701,-0.109679626334,0.248888382834,0.401135976032,3.05645671986,-1.16199044682,-0.320218489471,92.6044998169,0.647339892488,-0.19251458888,-0.129237881379,1.55622350931,0.7470486437,0.173339829031,0.718669999124,100.0
6.608721,-0.849825356489,-0.110063121531,0.24812139244,0.401135976032,3.05645671986,-1.16160695163,-0.320601984668,92.6044998169,0.646189406897,-0.194048569668,-0.129621376576,1.55584001411,0.747815634094,0.173723324228,0.718669999124,100.0
6.618727,-0.849825356489,-0.110063121531,0.248504887637,0.401519471229,3.05645671986,-1.16160695163,-0.319451499077,92.6044998169,0.648106882882,-0.195582550455,-0.129621376576,1.55430603332,0.746665148503,0.172572838637,0.718669999124,100.0
6.628722,-0.849058366095,-0.109679626334,0.24812139244,0.401902966426,3.05568972947,-1.16237394202,-0.319451499077,92.6044998169,0.647339892488,-0.196349540849,-0.13038836697,1.55315554773,0.7470486437,0.172572838637,0.718669999124,100.0
6.638716,-0.849441861292,-0.110446616728,0.248504887637,0.401135976032,3.05607322466,-1.16160695163,-0.320601984668,92.6044998169,0.648106882882,-0.19750002644,-0.129237881379,1.55353904293,0.747432138897,0.172572838637,0.718286503927,100.0
6.648717,-0.849058366095,-0.110446616728,0.248888382834,0.401519471229,3.05568972947,-1.16160695163,-0.320218489471,92.6044998169,0.647723387685,-0.199034007228,-0.130004871773,1.55238855734,0.748582624488,0.171805848243,0.719436989518,100.0
6.658718,-0.849441861292,-0.110063121531,0.24812139244,0.401519471229,3.05607322466,-1.16275743722,-0.31906800388,92.6044998169,0.647723387685,-0.200567988016,-0.129621376576,1.55200506214,0.749349614882,0.171422353046,0.718286503927,100.0
6.668717,-0.849058366095,-0.110446616728,0.248504887637,0.402286461623,3.05568972947,-1.16199044682,-0.319834994274,92.6044998169,0.648106882882,-0.200184492819,-0.129621376576,1.55085457655,0.749733110079,0.171805848243,0.719436989518,100.0
6.678714,-0.849441861292,-0.110446616728,0.248888382834,0.402286461623,3.05607322466,-1.16160695163,-0.319834994274,92.6044998169,0.648490378079,-0.202485464001,-0.129621376576,1.55085457655,0.750116605276,0.171038857849,0.719053494321,100.0
6.688707,-0.849441861292,-0.110063121531,0.248888382834,0.402286461623,3.05607322466,-1.16122345643,-0.319451499077,92.6044998169,0.648873873276,-0.203635949592,-0.129237881379,1.54970409096,0.750116605276,0.17218934344,0.719436989518,100.0
6.698716,-0.849058366095,-0.110063121531,0.248504887637,0.401519471229,3.05568972947,-1.16199044682,-0.319451499077,92.6044998169,0.648873873276,-0.204786435183,-0.130004871773,1.55047108136,0.749349614882,0.172956333834,0.718669999124,100.0
6.708716,-0.849825356489,-0.110063121531,0.247737897243,0.401902966426,3.05645671986,-1.16237394202,-0.319834994274,92.6044998169,0.648106882882,-0.206320415971,-0.130004871773,1.54970409096,0.750500100473,0.173339829031,0.719820484715,100.0
6.718671,-0.849058366095,-0.110830111925,0.24812139244,0.401519471229,3.05568972947,-1.16199044682,-0.320218489471,92.6044998169,0.648873873276,-0.206703911168,-0.130004871773,1.55085457655,0.75088359567,0.172572838637,0.718669999124,100.0
6.728664,-0.848674870898,-0.110446616728,0.248888382834,0.401519471229,3.05607322466,-1.16275743722,-0.319451499077,92.6044998169,0.648106882882,-0.207470901562,-0.13038836697,1.55085457655,0.748966119685,0.169504877061,0.718669999124,100.0
6.738662,-0.848291375701,-0.110446616728,0.248504887637,0.401135976032,3.05645671986,-1.16122345643,-0.319834994274,92.6044998169,0.648873873276,-0.209004882349,-0.129237881379,1.55085457655,0.748582624488,0.164135944304,0.719053494321,100.0
6.748665,-0.849058366095,-0.110063121531,0.24812139244,0.401902966426,3.05568972947,-1.16122345643,-0.319834994274,92.6044998169,0.649257368473,-0.21015536794,-0.127703900591,1.55085457655,0.745131167715,0.156849535561,0.71790300873,100.0
6.758664,-0.849441861292,-0.110446616728,0.249271878031,0.401519471229,3.05568972947,-1.16199044682,-0.319834994274,92.6044998169,0.650024358866,-0.209771872743,-0.127703900591,1.54893710057,0.741296215746,0.148412641228,0.718286503927,100.0
6.768664,-0.848291375701,-0.110446616728,0.248888382834,0.401519471229,3.05607322466,-1.16199044682,-0.319834994274,92.6044998169,0.65079134926,-0.21015536794,-0.126169919804,1.54855360537,0.738611749367,0.142276718076,0.717519513533,100.0
6.778664,-0.847524385307,-0.110063121531,0.24812139244,0.401519471229,3.05568972947,-1.16237394202,-0.319834994274,92.6044998169,0.65079134926,-0.209771872743,-0.126169919804,1.54817011017,0.736310778185,0.136524290122,0.718286503927,100.0
6.788666,-0.846373899716,-0.110446616728,0.248504887637,0.401902966426,3.05568972947,-1.16160695163,-0.319834994274,92.6044998169,0.653859310836,-0.210922358334,-0.126169919804,1.54625263419,0.737077768579,0.131922347758,0.718669999124,100.0
6.798711,-0.847524385307,-0.110830111925,0.24812139244,0.401519471229,3.05645671986,-1.16160695163,-0.319834994274,92.6044998169,0.655776786821,-0.210922358334,-0.127320405394,1.5443351582,0.736310778185,0.127703900591,0.718669999124,100.0
6.808720,-0.84714089011,-0.110446616728,0.248504887637,0.401902966426,3.05684021506,-1.16160695163,-0.319834994274,92.6044998169,0.655776786821,-0.211689348728,-0.128470890985,1.5443351582,0.734776797397,0.123868948622,0.717519513533,100.0
6.818715,-0.848674870898,-0.109679626334,0.24812139244,0.401902966426,3.05607322466,-1.16083996123,-0.319834994274,92.6044998169,0.657310767609,-0.212072843925,-0.13038836697,1.54318467261,0.734776797397,0.120417491849,0.718286503927,100.0
6.828791,-0.84714089011,-0.110446616728,0.249271878031,0.401902966426,3.05568972947,-1.16083996123,-0.319451499077,92.6044998169,0.6584612532,-0.212839834319,-0.131922347758,1.54280117742,0.734009807003,0.116966035076,0.71790300873,100.0
6.838709,-0.847907880504,-0.110446616728,0.249271878031,0.402286461623,3.05722371026,-1.16083996123,-0.319834994274,92.6044998169,0.659611738791,-0.21399031991,-0.131922347758,1.54050020623,0.733242816609,0.115048559091,0.71790300873,100.0
6.848659,-0.849825356489,-0.110063121531,0.249655373228,0.402286461623,3.05607322466,-1.16237394202,-0.319834994274,92.6044998169,0.66229620517,-0.214757310304,-0.133072833349,1.53973321584,0.731708835821,0.113131083107,0.717136018336,100.0
6.858666,-0.848674870898,-0.110446616728,0.248888382834,0.402286461623,3.05568972947,-1.16237394202,-0.320601984668,92.6044998169,0.661912709973,-0.215907795895,-0.134606814137,1.53858273025,0.73055835023,0.111597102319,0.717519513533,100.0
6.868657,-0.848674870898,-0.110830111925,0.248888382834,0.40266995682,3.05607322466,-1.16275743722,-0.320601984668,92.6044998169,0.663063195563,-0.217058281486,-0.135373804531,1.53858273025,0.729791359836,0.107762150349,0.716369027942,100.0
6.878655,-0.848291375701,-0.111213607122,0.24812139244,0.401519471229,3.05607322466,-1.16314093241,-0.319451499077,92.6044998169,0.66344669076,-0.21782527188,-0.136907785319,1.53858273025,0.727106893458,0.102009722394,0.714835047155,100.0
6.888694,-0.849825356489,-0.110063121531,0.249271878031,0.401902966426,3.05607322466,-1.16314093241,-0.319451499077,92.6044998169,0.665747661942,-0.219742747865,-0.136907785319,1.53781573986,0.722888446291,0.0974077800307,0.713301066367,100.0
6.898701,-0.849058366095,-0.111213607122,0.248888382834,0.402286461623,3.05645671986,-1.16314093241,-0.319834994274,92.6044998169,0.66728164273,-0.220893233455,-0.138441766107,1.53666525426,0.719820484715,0.0962572944398,0.712534075973,100.0
6.908713,-0.849825356489,-0.110446616728,0.249271878031,0.401519471229,3.05607322466,-1.16237394202,-0.319451499077,92.6044998169,0.669199118715,-0.222427214243,-0.140359242092,1.53436428308,0.717136018336,0.0947233136519,0.711767085579,100.0
6.918940,-0.848674870898,-0.110446616728,0.248888382834,0.400368985638,3.05607322466,-1.16199044682,-0.320218489471,92.6044998169,0.671883585094,-0.223961195031,-0.142276718076,1.53398078789,0.71291757117,0.0901213712883,0.709849609594,100.0
6.928743,-0.846757394913,-0.111213607122,0.248504887637,0.401519471229,3.05568972947,-1.16122345643,-0.319451499077,92.6044998169,0.673417565882,-0.224728185425,-0.143810698864,1.53513127348,0.708699124003,0.0832184577428,0.707932133609,100.0
6.938715,-0.847524385307,-0.110830111925,0.249271878031,0.401519471229,3.05645671986,-1.16122345643,-0.320601984668,92.6044998169,0.674568051473,-0.225495175819,-0.144194194061,1.53551476867,0.702179705655,0.0713301066367,0.705631162427,100.0
6.948720,-0.847907880504,-0.110830111925,0.248888382834,0.401902966426,3.05645671986,-1.16083996123,-0.31906800388,92.6044998169,0.676869022654,-0.22664566141,-0.144194194061,1.53589826387,0.697194268094,0.0605922411215,0.704864172033,100.0
6.958709,-0.848291375701,-0.110063121531,0.248504887637,0.401519471229,3.05645671986,-1.16083996123,-0.31906800388,92.6044998169,0.679169993836,-0.228179642198,-0.146111670046,1.53743224466,0.691058344942,0.0506213660002,0.701412715261,100.0
6.968708,-0.847907880504,-0.110830111925,0.248504887637,0.401902966426,3.05607322466,-1.16160695163,-0.319834994274,92.6044998169,0.681087469821,-0.229330127789,-0.14687866044,1.53551476867,0.684922421791,0.0418009764699,0.699495239276,100.0
6.978704,-0.848291375701,-0.111213607122,0.248888382834,0.402286461623,3.05645671986,-1.16160695163,-0.320218489471,92.6044998169,0.683004945806,-0.230097118183,-0.147262155637,1.53589826387,0.677252517851,0.0329805869395,0.697961258488,100.0
6.988684,-0.849058366095,-0.111597102319,0.248504887637,0.402286461623,3.05645671986,-1.16199044682,-0.319834994274,92.6044998169,0.685689412185,-0.230097118183,-0.149179631622,1.53589826387,0.670733099503,0.0249271878031,0.695660287306,100.0
6.998715,-0.848674870898,-0.112364092713,0.24812139244,0.40266995682,3.05568972947,-1.16275743722,-0.320601984668,92.6044998169,0.688373878564,-0.231247603774,-0.150330117213,1.53551476867,0.662679700366,0.0149563126819,0.694509801715,100.0
7.008735,-0.848291375701,-0.111980597516,0.24812139244,0.403053452017,3.05645671986,-1.16314093241,-0.318684508683,92.6044998169,0.689140868958,-0.233548574956,-0.151480602804,1.53589826387,0.655009796427,0.00306796157577,0.692975820927,100.0
7.018717,-0.849441861292,-0.111980597516,0.24812139244,0.401902966426,3.05645671986,-1.16352442761,-0.320218489471,92.6044998169,0.691441840139,-0.233548574956,-0.152631088395,1.53551476867,0.646572902094,-0.00843689433337,0.69259232573,100.0
7.028778,-0.849441861292,-0.112364092713,0.24812139244,0.401519471229,3.05645671986,-1.16314093241,-0.319451499077,92.6044998169,0.694509801715,-0.234315565349,-0.153781573986,1.53628175907,0.639286493351,-0.0214757310304,0.69259232573,100.0
7.038746,-0.849058366095,-0.113131083107,0.248504887637,0.402286461623,3.05607322466,-1.16275743722,-0.319451499077,92.6044998169,0.696810772897,-0.234699060546,-0.15569904997,1.53589826387,0.632383579806,-0.0337475773335,0.69259232573,100.0
7.048740,-0.849825356489,-0.112364092713,0.248504887637,0.401519471229,3.05645671986,-1.16160695163,-0.319451499077,92.6044998169,0.701412715261,-0.23546605094,-0.156466040364,1.53628175907,0.625097171063,-0.0456359284396,0.69259232573,100.0
7.058716,-0.849058366095,-0.112364092713,0.248504887637,0.401519471229,3.05568972947,-1.16122345643,-0.319834994274,92.6044998169,0.702946696048,-0.236616536531,-0.158000021152,1.53589826387,0.618577752715,-0.0582912699396,0.690674849745,100.0
7.068740,-0.849058366095,-0.113131083107,0.24812139244,0.401519471229,3.05568972947,-1.16045646604,-0.320985479865,92.6044998169,0.706014657624,-0.235849546137,-0.158000021152,1.53589826387,0.610907848775,-0.0717136018336,0.689907859351,100.0
7.078731,-0.848291375701,-0.112364092713,0.248888382834,0.401519471229,3.05607322466,-1.16083996123,-0.320218489471,92.6044998169,0.707548638412,-0.236616536531,-0.160300992334,1.53589826387,0.601320468851,-0.0855194289246,0.689907859351,100.0
7.088719,-0.848674870898,-0.111980597516,0.248888382834,0.400752480835,3.05607322466,-1.16045646604,-0.319834994274,92.6044998169,0.711000095185,-0.236616536531,-0.162218468319,1.53474777828,0.59134959373,-0.0997087512126,0.69259232573,100.0
7.098716,-0.848674870898,-0.11274758791,0.248504887637,0.401135976032,3.05607322466,-1.16083996123,-0.320601984668,92.6044998169,0.71291757117,-0.236616536531,-0.163752449107,1.53513127348,0.58367968979,-0.112364092713,0.695276792109,100.0
7.108715,-0.848674870898,-0.11274758791,0.248504887637,0.401902966426,3.05684021506,-1.16045646604,-0.320601984668,92.6044998169,0.715985532746,-0.235849546137,-0.164902934698,1.53474777828,0.575626290654,-0.126169919804,0.698344753685,100.0
7.118715,-0.848674870898,-0.111980597516,0.248888382834,0.402286461623,3.05607322466,-1.16199044682,-0.320218489471,92.6044998169,0.718669999124,-0.236616536531,-0.16720390588,1.53474777828,0.56603891073,-0.138825261304,0.699878734473,100.0
7.128717,-0.848674870898,-0.113514578304,0.249271878031,0.401519471229,3.05645671986,-1.16314093241,-0.320601984668,92.6044998169,0.722121455897,-0.236616536531,-0.169504877061,1.53551476867,0.556835026002,-0.153398078789,0.701029220064,100.0
7.138745,-0.847907880504,-0.113131083107,0.248888382834,0.402286461623,3.05645671986,-1.16352442761,-0.318684508683,92.6044998169,0.724038931882,-0.235849546137,-0.172572838637,1.53551476867,0.549932112457,-0.165669925092,0.699878734473,100.0
7.148721,-0.847907880504,-0.113131083107,0.249271878031,0.402286461623,3.05722371026,-1.16390792281,-0.319451499077,92.6044998169,0.727106893458,-0.235082555743,-0.173339829031,1.53589826387,0.542645703714,-0.177558276198,0.698344753685,100.0
7.158721,-0.847524385307,-0.113131083107,0.248888382834,0.401902966426,3.05645671986,-1.16199044682,-0.319834994274,92.6044998169,0.72940786464,-0.23546605094,-0.174873809819,1.53589826387,0.536126285366,-0.187912646516,0.697961258488,100.0
7.168717,-0.848291375701,-0.1138980735,0.248888382834,0.40266995682,3.05645671986,-1.16199044682,-0.319451499077,92.6044998169,0.732859321412,-0.235082555743,-0.17602429541,1.53436428308,0.533441818987,-0.19750002644,0.697577763291,100.0
7.178746,-0.848674870898,-0.113131083107,0.247737897243,0.401519471229,3.05684021506,-1.16122345643,-0.320218489471,92.6044998169,0.733626311806,-0.234699060546,-0.177941771395,1.53359729269,0.53305832379,-0.204019444789,0.6964272777,100.0
7.188726,-0.848291375701,-0.114281568697,0.249271878031,0.402286461623,3.05645671986,-1.16160695163,-0.319834994274,92.6044998169,0.735543787791,-0.23546605094,-0.178325266592,1.53091282631,0.535359294972,-0.207087406365,0.694509801715,100.0
7.198714,-0.849058366095,-0.114281568697,0.248888382834,0.401902966426,3.05607322466,-1.16083996123,-0.319451499077,92.6044998169,0.73822825417,-0.235082555743,-0.18100973297,1.52861185513,0.538810751745,-0.204786435183,0.694893296912,100.0
7.208678,-0.849058366095,-0.115048559091,0.248504887637,0.401902966426,3.05607322466,-1.16237394202,-0.320601984668,92.6044998169,0.737461263776,-0.23546605094,-0.183694199349,1.52516039836,0.54072822773,-0.20133497841,0.694509801715,100.0
7.218658,-0.849058366095,-0.114281568697,0.249271878031,0.401519471229,3.05607322466,-1.16237394202,-0.320218489471,92.6044998169,0.73822825417,-0.236233041334,-0.184077694546,1.52324292237,0.542645703714,-0.198267016834,0.694893296912,100.0
7.228651,-0.849825356489,-0.113514578304,0.248888382834,0.401519471229,3.05568972947,-1.16160695163,-0.319834994274,92.6044998169,0.738995244564,-0.237767022122,-0.185611675334,1.52094195119,0.544179684502,-0.195199055258,0.692975820927,100.0
7.238663,-0.847907880504,-0.114665063894,0.248504887637,0.401902966426,3.05607322466,-1.16199044682,-0.320218489471,92.6044998169,0.740145730155,-0.23930100291,-0.185611675334,1.5197914656,0.54571366529,-0.193665074471,0.692975820927,100.0
7.248725,-0.847907880504,-0.114281568697,0.248888382834,0.401519471229,3.05607322466,-1.16199044682,-0.319451499077,92.6044998169,0.73822825417,-0.240451488501,-0.185995170531,1.51749049442,0.547631141275,-0.191747598486,0.69259232573,100.0
7.258709,-0.849441861292,-0.114281568697,0.249271878031,0.402286461623,3.05645671986,-1.16160695163,-0.319834994274,92.6044998169,0.73822825417,-0.242752459683,-0.186762160925,1.51787398961,0.546864150881,-0.189063132107,0.692208830533,100.0
7.268713,-0.848674870898,-0.1138980735,0.249271878031,0.401519471229,3.05645671986,-1.16237394202,-0.319834994274,92.6044998169,0.737844758973,-0.244286440471,-0.186762160925,1.51672350402,0.547247646078,-0.187529151319,0.692208830533,100.0
7.278714,-0.849441861292,-0.115048559091,0.248888382834,0.402286461623,3.05607322466,-1.16199044682,-0.31906800388,92.6044998169,0.739378739761,-0.245436926062,-0.186762160925,1.51557301843,0.546864150881,-0.183310704152,0.691825335336,100.0
7.288712,-0.848291375701,-0.115432054288,0.248888382834,0.401902966426,3.05645671986,-1.16199044682,-0.319451499077,92.6044998169,0.737844758973,-0.248504887637,-0.186762160925,1.51365554245,0.548014636472,-0.180626237774,0.691825335336,100.0
7.298731,-0.849058366095,-0.115048559091,0.248888382834,0.401902966426,3.05530623427,-1.16199044682,-0.319834994274,92.6044998169,0.739378739761,-0.249655373228,-0.186378665728,1.51403903764,0.546864150881,-0.179092256986,0.69259232573,100.0
7.308708,-0.847907880504,-0.115432054288,0.249271878031,0.401135976032,3.05568972947,-1.16045646604,-0.319834994274,92.6044998169,0.73822825417,-0.252339839607,-0.187145656122,1.51518952323,0.547247646078,-0.177941771395,0.69259232573,100.0
7.318715,-0.847907880504,-0.115432054288,0.248888382834,0.401519471229,3.05607322466,-1.16083996123,-0.319834994274,92.6044998169,0.737461263776,-0.254640810789,-0.186762160925,1.51442253284,0.546480655684,-0.178708761789,0.691825335336,100.0
7.328754,-0.847524385307,-0.115432054288,0.248888382834,0.401902966426,3.05645671986,-1.16160695163,-0.319834994274,92.6044998169,0.737461263776,-0.256174791577,-0.186762160925,1.51480602804,0.546480655684,-0.178708761789,0.69259232573,100.0
7.338735,-0.847907880504,-0.115432054288,0.248888382834,0.401135976032,3.05645671986,-1.16199044682,-0.320218489471,92.6044998169,0.739378739761,-0.257708772365,-0.187529151319,1.51518952323,0.546480655684,-0.177941771395,0.691441840139,100.0
7.348664,-0.847907880504,-0.115048559091,0.248504887637,0.401902966426,3.05607322466,-1.16237394202,-0.319834994274,92.6044998169,0.738611749367,-0.261160229137,-0.187145656122,1.51442253284,0.546480655684,-0.177174781001,0.692208830533,100.0
7.358653,-0.84714089011,-0.114665063894,0.248888382834,0.401902966426,3.05684021506,-1.16160695163,-0.319834994274,92.6044998169,0.737461263776,-0.262694209925,-0.186378665728,1.51442253284,0.547631141275,-0.17602429541,0.69259232573,100.0
7.368656,-0.847907880504,-0.115432054288,0.248888382834,0.401519471229,3.05645671986,-1.16122345643,-0.320601984668,92.6044998169,0.740145730155,-0.264228190713,-0.186762160925,1.51288855205,0.547247646078,-0.174490314622,0.692975820927,100.0
7.378714,-0.847524385307,-0.114281568697,0.248504887637,0.402286461623,3.05645671986,-1.16237394202,-0.319834994274,92.6044998169,0.738611749367,-0.266145666698,-0.186762160925,1.51135457126,0.547247646078,-0.172956333834,0.69259232573,100.0
7.388650,-0.84714089011,-0.115048559091,0.248504887637,0.401135976032,3.05607322466,-1.16160695163,-0.319451499077,92.6044998169,0.737844758973,-0.266912657092,-0.187529151319,1.51135457126,0.548014636472,-0.17218934344,0.69259232573,100.0
7.398701,-0.848291375701,-0.114665063894,0.248888382834,0.401902966426,3.05645671986,-1.16199044682,-0.320218489471,92.6044998169,0.737461263776,-0.268063142683,-0.185995170531,1.50982059048,0.547631141275,-0.175640800213,0.69259232573,100.0
7.408711,-0.847524385307,-0.115048559091,0.249271878031,0.402286461623,3.05645671986,-1.16237394202,-0.319834994274,92.6044998169,0.737844758973,-0.269980618668,-0.187145656122,1.50943709528,0.546864150881,-0.177558276198,0.693742811321,100.0
7.418747,-0.847524385307,-0.114665063894,0.248504887637,0.40266995682,3.05645671986,-1.16275743722,-0.31906800388,92.6044998169,0.737844758973,-0.270364113865,-0.187145656122,1.50943709528,0.546864150881,-0.179092256986,0.693359316124,100.0
7.428767,-0.848291375701,-0.114665063894,0.249655373228,0.402286461623,3.05645671986,-1.16275743722,-0.319451499077,92.6044998169,0.73822825417,-0.271898094653,-0.186762160925,1.50828660969,0.547631141275,-0.17985924738,0.694126306518,100.0
7.438719,-0.848674870898,-0.115048559091,0.248888382834,0.401902966426,3.05607322466,-1.16199044682,-0.320218489471,92.6044998169,0.738611749367,-0.272665085047,-0.186378665728,1.5067526289,0.548014636472,-0.180242742577,0.693742811321,100.0
7.448713,-0.847524385307,-0.115048559091,0.249271878031,0.40266995682,3.05684021506,-1.16160695163,-0.319451499077,92.6044998169,0.73822825417,-0.274199065835,-0.186762160925,1.50560214331,0.547631141275,-0.180242742577,0.694126306518,100.0
7.458710,-0.849058366095,-0.115048559091,0.249271878031,0.402286461623,3.05645671986,-1.16199044682,-0.319451499077,92.6044998169,0.737077768579,-0.274582561031,-0.187912646516,1.50406816252,0.547631141275,-0.18100973297,0.693742811321,100.0
7.468717,-0.849058366095,-0.115432054288,0.248888382834,0.402286461623,3.05645671986,-1.16199044682,-0.319834994274,92.6044998169,0.73822825417,-0.274966056228,-0.187912646516,1.50406816252,0.547631141275,-0.181393228167,0.693742811321,100.0
7.478715,-0.849058366095,-0.115048559091,0.248504887637,0.401519471229,3.05645671986,-1.16275743722,-0.319834994274,92.6044998169,0.736310778185,-0.276500037016,-0.187145656122,1.50368466732,0.547631141275,-0.183310704152,0.693742811321,100.0
7.488710,-0.847907880504,-0.1138980735,0.248888382834,0.401519471229,3.05530623427,-1.16199044682,-0.319451499077,92.6044998169,0.736310778185,-0.27726702741,-0.187529151319,1.50291767693,0.548014636472,-0.183694199349,0.692975820927,100.0
7.498722,-0.847907880504,-0.115815549485,0.248504887637,0.401135976032,3.05607322466,-1.16275743722,-0.319451499077,92.6044998169,0.735927282988,-0.278034017804,-0.188296141713,1.50253418173,0.547631141275,-0.18484468494,0.693742811321,100.0
7.508711,-0.849058366095,-0.115432054288,0.24812139244,0.401902966426,3.05607322466,-1.16275743722,-0.319451499077,92.6044998169,0.737077768579,-0.279184503395,-0.187529151319,1.50215068654,0.547631141275,-0.186378665728,0.69259232573,100.0
7.518708,-0.848674870898,-0.115048559091,0.248504887637,0.401902966426,3.05607322466,-1.16237394202,-0.319834994274,92.6044998169,0.737077768579,-0.279951493789,-0.187912646516,1.50176719134,0.547247646078,-0.186762160925,0.69259232573,100.0
7.528738,-0.848291375701,-0.115048559091,0.248888382834,0.401902966426,3.05568972947,-1.16199044682,-0.319451499077,92.6044998169,0.736694273382,-0.280334988986,-0.187912646516,1.50100020095,0.548014636472,-0.187145656122,0.692975820927,100.0
7.538712,-0.848291375701,-0.115432054288,0.24812139244,0.402286461623,3.05607322466,-1.16275743722,-0.319834994274,92.6044998169,0.736310778185,-0.281868969774,-0.188296141713,1.49984971535,0.547631141275,-0.187145656122,0.692208830533,100.0
7.548733,-0.848674870898,-0.115815549485,0.249271878031,0.401135976032,3.05684021506,-1.16275743722,-0.319834994274,92.6044998169,0.735543787791,-0.283019455365,-0.187529151319,1.49831573457,0.547247646078,-0.187145656122,0.692975820927,100.0
7.558664,-0.849058366095,-0.114665063894,0.248888382834,0.401519471229,3.05645671986,-1.16237394202,-0.319834994274,92.6044998169,0.735927282988,-0.283786445759,-0.187145656122,1.49831573457,0.546480655684,-0.187529151319,0.692975820927,100.0
7.568652,-0.848674870898,-0.115815549485,0.248504887637,0.402286461623,3.05645671986,-1.16122345643,-0.320218489471,92.6044998169,0.735160292594,-0.283019455365,-0.187529151319,1.49639825858,0.547247646078,-0.187145656122,0.693359316124,100.0
7.578670,-0.848291375701,-0.114665063894,0.249655373228,0.402286461623,3.05645671986,-1.16160695163,-0.319834994274,92.6044998169,0.7343933022,-0.283786445759,-0.187145656122,1.49601476339,0.546864150881,-0.187529151319,0.693742811321,100.0
7.588649,-0.848291375701,-0.115048559091,0.249271878031,0.400752480835,3.05645671986,-1.16122345643,-0.319834994274,92.6044998169,0.735543787791,-0.284169940956,-0.186762160925,1.4937137922,0.546480655684,-0.187529151319,0.692975820927,100.0
7.598665,-0.848291375701,-0.114665063894,0.249271878031,0.402286461623,3.05645671986,-1.16199044682,-0.319834994274,92.6044998169,0.735160292594,-0.284553436153,-0.187529151319,1.49294680181,0.547247646078,-0.187529151319,0.692975820927,100.0
7.608654,-0.848291375701,-0.115432054288,0.248888382834,0.401902966426,3.05684021506,-1.16160695163,-0.319834994274,92.6044998169,0.735160292594,-0.284553436153,-0.186762160925,1.49141282102,0.547631141275,-0.189063132107,0.693359316124,100.0
7.618652,-0.848674870898,-0.114665063894,0.249271878031,0.401519471229,3.05607322466,-1.16122345643,-0.319451499077,92.6044998169,0.735160292594,-0.28493693135,-0.186762160925,1.48987884023,0.546864150881,-0.186762160925,0.692975820927,100.0
7.628655,-0.848291375701,-0.115432054288,0.248504887637,0.401902966426,3.05607322466,-1.16199044682,-0.319834994274,92.6044998169,0.735160292594,-0.28493693135,-0.187912646516,1.48911184984,0.546864150881,-0.187529151319,0.692208830533,100.0
7.638669,-0.847907880504,-0.115432054288,0.249271878031,0.401135976032,3.05607322466,-1.16160695163,-0.31906800388,92.6044998169,0.735543787791,-0.285703921744,-0.18867963691,1.48796136425,0.546864150881,-0.189063132107,0.69259232573,100.0
7.648720,-0.848674870898,-0.115048559091,0.248888382834,0.401135976032,3.05607322466,-1.16160695163,-0.319834994274,92.6044998169,0.736310778185,-0.285320426547,-0.187529151319,1.48796136425,0.546864150881,-0.189830122501,0.692975820927,100.0
7.658741,-0.848674870898,-0.115432054288,0.248888382834,0.401135976032,3.05607322466,-1.16237394202,-0.31906800388,92.6044998169,0.737077768579,-0.287237902532,-0.187145656122,1.48911184984,0.547247646078,-0.191747598486,0.693359316124,100.0
7.668733,-0.848674870898,-0.115048559091,0.249655373228,0.40266995682,3.05607322466,-1.16160695163,-0.319451499077,92.6044998169,0.736694273382,-0.286087416941,-0.187529151319,1.48949534504,0.547247646078,-0.192131093683,0.69259232573,100.0
7.678712,-0.847907880504,-0.114665063894,0.249655373228,0.402286461623,3.05607322466,-1.16237394202,-0.320218489471,92.6044998169,0.735160292594,-0.287237902532,-0.187529151319,1.48949534504,0.548014636472,-0.19251458888,0.692975820927,100.0
7.688729,-0.849441861292,-0.115048559091,0.248888382834,0.401519471229,3.05568972947,-1.16199044682,-0.319834994274,92.6044998169,0.736310778185,-0.288004892925,-0.187529151319,1.48796136425,0.547247646078,-0.19251458888,0.693742811321,100.0
7.698723,-0.848291375701,-0.114281568697,0.249271878031,0.401519471229,3.05645671986,-1.16199044682,-0.319834994274,92.6044998169,0.735927282988,-0.287621397729,-0.187145656122,1.48681087866,0.546864150881,-0.191364103289,0.693742811321,100.0
7.708738,-0.848674870898,-0.115048559091,0.248504887637,0.401519471229,3.05568972947,-1.16199044682,-0.319834994274,92.6044998169,0.735543787791,-0.287621397729,-0.187912646516,1.48681087866,0.547247646078,-0.193665074471,0.69259232573,100.0
7.718715,-0.847907880504,-0.115048559091,0.249655373228,0.401902966426,3.05607322466,-1.16083996123,-0.319451499077,92.6044998169,0.735160292594,-0.288388388122,-0.188296141713,1.48604388826,0.546480655684,-0.191364103289,0.692975820927,100.0
7.728759,-0.848291375701,-0.114281568697,0.248504887637,0.401902966426,3.05645671986,-1.16199044682,-0.319451499077,92.6044998169,0.736310778185,-0.288388388122,-0.18867963691,1.48566039307,0.547247646078,-0.19251458888,0.692975820927,100.0
7.738712,-0.849058366095,-0.114281568697,0.249271878031,0.400752480835,3.05607322466,-1.16199044682,-0.320218489471,92.6044998169,0.735160292594,-0.288771883319,-0.18867963691,1.48566039307,0.546864150881,-0.195966045652,0.692975820927,100.0
7.748735,-0.848674870898,-0.114665063894,0.248888382834,0.401135976032,3.05568972947,-1.16160695163,-0.320218489471,92.6044998169,0.735927282988,-0.288771883319,-0.187912646516,1.48489340267,0.547247646078,-0.194432064864,0.69259232573,100.0
7.758739,-0.848674870898,-0.114665063894,0.24812139244,0.401902966426,3.05684021506,-1.16275743722,-0.320218489471,92.6044998169,0.736694273382,-0.289538873713,-0.18867963691,1.48374291708,0.546864150881,-0.195199055258,0.692975820927,100.0
7.768739,-0.848674870898,-0.114665063894,0.248888382834,0.402286461623,3.05607322466,-1.16122345643,-0.320218489471,92.6044998169,0.734776797397,-0.289538873713,-0.188296141713,1.48374291708,0.547631141275,-0.194432064864,0.693359316124,100.0
7.778746,-0.848291375701,-0.114665063894,0.249271878031,0.40266995682,3.05645671986,-1.16160695163,-0.319834994274,92.6044998169,0.734776797397,-0.290689359304,-0.187912646516,1.48374291708,0.546480655684,-0.194815560061,0.692975820927,100.0
7.788732,-0.849058366095,-0.114665063894,0.248888382834,0.402286461623,3.05645671986,-1.16237394202,-0.31906800388,92.6044998169,0.734776797397,-0.290689359304,-0.187912646516,1.48374291708,0.546097160487,-0.196349540849,0.69259232573,100.0
7.798738,-0.848674870898,-0.114665063894,0.248888382834,0.401902966426,3.05568972947,-1.16237394202,-0.31906800388,92.6044998169,0.735160292594,-0.291072854501,-0.187529151319,1.48297592669,0.546097160487,-0.196733036046,0.69259232573,100.0
7.808725,-0.848291375701,-0.114665063894,0.249271878031,0.401902966426,3.05645671986,-1.16237394202,-0.319834994274,92.6044998169,0.733242816609,-0.292223340092,-0.188296141713,1.48259243149,0.546097160487,-0.196733036046,0.692208830533,100.0
7.818748,-0.848291375701,-0.114281568697,0.248888382834,0.401519471229,3.05645671986,-1.16237394202,-0.319834994274,92.6044998169,0.734009807003,-0.292606835289,-0.188296141713,1.48335942189,0.546097160487,-0.196349540849,0.693359316124,100.0
7.828746,-0.848674870898,-0.115048559091,0.248504887637,0.401902966426,3.05645671986,-1.16237394202,-0.319451499077,92.6044998169,0.733626311806,-0.292990330486,-0.187529151319,1.4814419459,0.547247646078,-0.194432064864,0.693359316124,100.0
7.838750,-0.847907880504,-0.114281568697,0.248888382834,0.402286461623,3.05645671986,-1.16122345643,-0.319834994274,92.6044998169,0.734009807003,-0.292990330486,-0.187912646516,1.4814419459,0.547247646078,-0.193281579274,0.693359316124,100.0
7.848721,-0.848291375701,-0.114665063894,0.248888382834,0.401519471229,3.05645671986,-1.16199044682,-0.31906800388,92.6044998169,0.734009807003,-0.294907806471,-0.187912646516,1.4810584507,0.548014636472,-0.193665074471,0.694509801715,100.0
7.858937,-0.847907880504,-0.114281568697,0.248888382834,0.401902966426,3.05645671986,-1.16160695163,-0.319834994274,92.6044998169,0.734009807003,-0.295291301668,-0.187912646516,1.4810584507,0.547631141275,-0.194815560061,0.694509801715,100.0
7.868949,-0.848291375701,-0.114281568697,0.249271878031,0.401519471229,3.05607322466,-1.16237394202,-0.319834994274,92.6044998169,0.7343933022,-0.295674796865,-0.188296141713,1.4814419459,0.548398131669,-0.194048569668,0.695276792109,100.0
7.878936,-0.848291375701,-0.115048559091,0.248888382834,0.401902966426,3.05607322466,-1.16275743722,-0.320218489471,92.6044998169,0.733242816609,-0.295674796865,-0.187912646516,1.4810584507,0.548781626866,-0.193281579274,0.695660287306,100.0
7.888969,-0.848291375701,-0.115048559091,0.248504887637,0.402286461623,3.05568972947,-1.16237394202,-0.319834994274,92.6044998169,0.733626311806,-0.296441787259,-0.187529151319,1.48067495551,0.549932112457,-0.193665074471,0.697194268094,100.0
7.898840,-0.847907880504,-0.115048559091,0.248888382834,0.401902966426,3.05684021506,-1.16237394202,-0.320218489471,92.6044998169,0.734776797397,-0.296825282456,-0.187145656122,1.47990796511,0.549932112457,-0.192898084077,0.697961258488,100.0
7.908905,-0.848291375701,-0.114665063894,0.249271878031,0.401519471229,3.05607322466,-1.16160695163,-0.319451499077,92.6044998169,0.736310778185,-0.297208777653,-0.187145656122,1.48029146031,0.549932112457,-0.190597112895,0.699111744079,100.0
7.918873,-0.847907880504,-0.114665063894,0.248504887637,0.401135976032,3.05684021506,-1.16160695163,-0.319451499077,92.6044998169,0.7343933022,-0.297975768047,-0.187529151319,1.4818254411,0.550699102851,-0.18867963691,0.699495239276,100.0
7.928879,-0.847907880504,-0.114665063894,0.249271878031,0.401519471229,3.05645671986,-1.16199044682,-0.319451499077,92.6044998169,0.735160292594,-0.298359263244,-0.188296141713,1.4810584507,0.550699102851,-0.187145656122,0.700645724867,100.0
7.938848,-0.848291375701,-0.114665063894,0.248888382834,0.401519471229,3.05722371026,-1.16199044682,-0.320218489471,92.6044998169,0.733626311806,-0.297975768047,-0.187912646516,1.4818254411,0.551849588442,-0.185611675334,0.699878734473,100.0
7.948842,-0.848291375701,-0.115815549485,0.248888382834,0.401902966426,3.05568972947,-1.16160695163,-0.31906800388,92.6044998169,0.7343933022,-0.298359263244,-0.186378665728,1.48259243149,0.553000074033,-0.184461189743,0.701029220064,100.0
7.958813,-0.847907880504,-0.114665063894,0.249271878031,0.401902966426,3.05568972947,-1.16199044682,-0.31906800388,92.6044998169,0.734009807003,-0.297975768047,-0.186762160925,1.48297592669,0.55338356923,-0.182543713758,0.701412715261,100.0
7.968839,-0.848674870898,-0.115432054288,0.248888382834,0.401135976032,3.05607322466,-1.16199044682,-0.319834994274,92.6044998169,0.733626311806,-0.299126253638,-0.186762160925,1.48374291708,0.553767064427,-0.181393228167,0.701412715261,100.0
7.978930,-0.849441861292,-0.115048559091,0.249271878031,0.401135976032,3.05645671986,-1.16160695163,-0.319834994274,92.6044998169,0.732859321412,-0.298359263244,-0.187145656122,1.48412641228,0.554150559624,-0.17985924738,0.702179705655,100.0
7.988893,-0.848291375701,-0.115815549485,0.248888382834,0.401135976032,3.05607322466,-1.16237394202,-0.319451499077,92.6044998169,0.7343933022,-0.298742758441,-0.185611675334,1.48412641228,0.554917550018,-0.179092256986,0.701412715261,100.0
7.998925,-0.849058366095,-0.115048559091,0.248888382834,0.401135976032,3.05568972947,-1.16199044682,-0.319451499077,92.6044998169,0.734776797397,-0.298359263244,-0.186378665728,1.48527689787,0.555684540411,-0.177558276198,0.702179705655,100.0
8.008843,-0.848291375701,-0.115048559091,0.24812139244,0.402286461623,3.05645671986,-1.16199044682,-0.319834994274,92.6044998169,0.734009807003,-0.298359263244,-0.185228180137,1.48566039307,0.556835026002,-0.178708761789,0.702563200852,100.0
8.018794,-0.848674870898,-0.115048559091,0.249655373228,0.401902966426,3.05568972947,-1.16237394202,-0.319834994274,92.6044998169,0.735543787791,-0.298359263244,-0.185611675334,1.48681087866,0.556451530805,-0.177558276198,0.703330191245,100.0
8.028824,-0.848291375701,-0.115815549485,0.248504887637,0.401519471229,3.05607322466,-1.16160695163,-0.320601984668,92.6044998169,0.734009807003,-0.297208777653,-0.185995170531,1.48757786905,0.556835026002,-0.176791285804,0.702563200852,100.0
8.038785,-0.847524385307,-0.115048559091,0.248504887637,0.401135976032,3.05568972947,-1.16160695163,-0.319834994274,92.6044998169,0.734009807003,-0.297975768047,-0.186378665728,1.48834485945,0.556835026002,-0.177941771395,0.702946696048,100.0
8.048787,-0.848674870898,-0.115815549485,0.248888382834,0.400368985638,3.05645671986,-1.16199044682,-0.319451499077,92.6044998169,0.733626311806,-0.296825282456,-0.18484468494,1.48872835464,0.556451530805,-0.180242742577,0.702563200852,100.0
8.058787,-0.849058366095,-0.115815549485,0.248504887637,0.401135976032,3.05607322466,-1.16237394202,-0.319834994274,92.6044998169,0.7343933022,-0.29759227285,-0.184461189743,1.49064583063,0.556068035608,-0.17985924738,0.702179705655,100.0
8.068763,-0.848291375701,-0.115048559091,0.249655373228,0.401902966426,3.05607322466,-1.16237394202,-0.319834994274,92.6044998169,0.7343933022,-0.296441787259,-0.183694199349,1.49026233543,0.556835026002,-0.180242742577,0.702563200852,100.0
8.078784,-0.848674870898,-0.115048559091,0.249271878031,0.401135976032,3.05645671986,-1.16199044682,-0.31906800388,92.6044998169,0.7343933022,-0.296058292062,-0.183310704152,1.48987884023,0.556835026002,-0.182160218561,0.702946696048,100.0
8.088778,-0.848291375701,-0.115048559091,0.248888382834,0.401519471229,3.05607322466,-1.16199044682,-0.319834994274,92.6044998169,0.735160292594,-0.296058292062,-0.183310704152,1.48987884023,0.556835026002,-0.182160218561,0.702563200852,100.0
8.098776,-0.848291375701,-0.115048559091,0.249271878031,0.401135976032,3.05607322466,-1.16160695163,-0.320218489471,92.6044998169,0.734776797397,-0.296441787259,-0.182160218561,1.49064583063,0.556835026002,-0.181393228167,0.703330191245,100.0
8.108786,-0.848674870898,-0.115048559091,0.249271878031,0.401519471229,3.05645671986,-1.16275743722,-0.319834994274,92.6044998169,0.734776797397,-0.295291301668,-0.181776723364,1.49026233543,0.556835026002,-0.180242742577,0.702946696048,100.0
8.118829,-0.848674870898,-0.115048559091,0.248504887637,0.401902966426,3.05645671986,-1.16237394202,-0.319834994274,92.6044998169,0.736694273382,-0.295291301668,-0.181393228167,1.49102932582,0.556068035608,-0.181393228167,0.702179705655,100.0
8.128782,-0.848674870898,-0.115432054288,0.248504887637,0.401902966426,3.05607322466,-1.16237394202,-0.319834994274,92.6044998169,0.735927282988,-0.295291301668,-0.18100973297,1.49179631622,0.556835026002,-0.18100973297,0.702563200852,100.0
8.138758,-0.848291375701,-0.115048559091,0.248888382834,0.401519471229,3.05684021506,-1.16199044682,-0.319834994274,92.6044998169,0.735927282988,-0.295291301668,-0.18100973297,1.49256330661,0.557218521199,-0.180626237774,0.702563200852,100.0
8.148754,-0.848291375701,-0.114665063894,0.248504887637,0.401519471229,3.05607322466,-1.16237394202,-0.319834994274,92.6044998169,0.735543787791,-0.294140816077,-0.180626237774,1.49256330661,0.557218521199,-0.17985924738,0.701796210458,100.0
8.158776,-0.848291375701,-0.1138980735,0.249655373228,0.401902966426,3.05645671986,-1.16199044682,-0.320601984668,92.6044998169,0.737077768579,-0.29375732088,-0.180242742577,1.49217981142,0.556068035608,-0.17985924738,0.702946696048,100.0
8.168787,-0.849058366095,-0.115048559091,0.249271878031,0.401902966426,3.05684021506,-1.16275743722,-0.319451499077,92.6044998169,0.736310778185,-0.294140816077,-0.180626237774,1.4937137922,0.556451530805,-0.180626237774,0.702179705655,100.0
8.178873,-0.848291375701,-0.114281568697,0.249271878031,0.401519471229,3.05645671986,-1.16314093241,-0.319451499077,92.6044998169,0.737077768579,-0.292606835289,-0.179092256986,1.49333029701,0.556068035608,-0.17985924738,0.701796210458,100.0
8.188847,-0.847524385307,-0.114665063894,0.249271878031,0.401135976032,3.05645671986,-1.16160695163,-0.319834994274,92.6044998169,0.735927282988,-0.293373825683,-0.179092256986,1.4940972874,0.555684540411,-0.18100973297,0.701796210458,100.0
8.198870,-0.847907880504,-0.115048559091,0.249271878031,0.401902966426,3.05607322466,-1.16237394202,-0.319834994274,92.6044998169,0.737461263776,-0.292223340092,-0.179092256986,1.4940972874,0.554917550018,-0.179475752183,0.701796210458,100.0
8.208849,-0.847524385307,-0.114281568697,0.249271878031,0.401519471229,3.05568972947,-1.16199044682,-0.320218489471,92.6044998169,0.735927282988,-0.291839844895,-0.178708761789,1.4944807826,0.554917550018,-0.179475752183,0.701412715261,100.0
8.218901,-0.848291375701,-0.114281568697,0.248888382834,0.401135976032,3.05645671986,-1.16160695163,-0.319834994274,92.6044998169,0.735927282988,-0.290689359304,-0.177174781001,1.49486427779,0.555301045215,-0.179475752183,0.701796210458,100.0
8.228847,-0.849058366095,-0.115048559091,0.249271878031,0.401519471229,3.05607322466,-1.16199044682,-0.319834994274,92.6044998169,0.735927282988,-0.290305864107,-0.177558276198,1.49486427779,0.554917550018,-0.179475752183,0.701796210458,100.0
8.238792,-0.847524385307,-0.114281568697,0.249655373228,0.401902966426,3.05645671986,-1.16199044682,-0.319834994274,92.6044998169,0.737844758973,-0.28992236891,-0.176791285804,1.4944807826,0.555301045215,-0.18100973297,0.700645724867,100.0
8.248782,-0.848291375701,-0.115048559091,0.249271878031,0.401902966426,3.05568972947,-1.16275743722,-0.319834994274,92.6044998169,0.735543787791,-0.288771883319,-0.176407790607,1.4944807826,0.555684540411,-0.17985924738,0.701029220064,100.0
8.258851,-0.848291375701,-0.114665063894,0.248888382834,0.401135976032,3.05568972947,-1.16237394202,-0.320218489471,92.6044998169,0.734776797397,-0.288388388122,-0.176407790607,1.4940972874,0.554917550018,-0.17985924738,0.70026222967,100.0
8.268959,-0.848291375701,-0.114665063894,0.248888382834,0.401519471229,3.05607322466,-1.16199044682,-0.319834994274,92.6044998169,0.735927282988,-0.288004892925,-0.17602429541,1.49486427779,0.555301045215,-0.18100973297,0.701412715261,100.0
8.278982,-0.848674870898,-0.114281568697,0.248888382834,0.401135976032,3.05645671986,-1.16237394202,-0.320218489471,92.6044998169,0.735927282988,-0.288004892925,-0.176791285804,1.4940972874,0.554917550018,-0.181393228167,0.699878734473,100.0
8.288936,-0.848674870898,-0.115048559091,0.249271878031,0.401135976032,3.05684021506,-1.16237394202,-0.319834994274,92.6044998169,0.736310778185,-0.287621397729,-0.17602429541,1.49524777299,0.555684540411,-0.179475752183,0.70026222967,100.0
8.298936,-0.848674870898,-0.115048559091,0.249271878031,0.401902966426,3.05568972947,-1.16199044682,-0.319451499077,92.6044998169,0.736310778185,-0.286087416941,-0.175257305016,1.49524777299,0.554917550018,-0.179475752183,0.700645724867,100.0
8.308858,-0.848674870898,-0.115432054288,0.248888382834,0.401519471229,3.05607322466,-1.16122345643,-0.319834994274,92.6044998169,0.737077768579,-0.286087416941,-0.176791285804,1.49639825858,0.555301045215,-0.18100973297,0.699878734473,100.0
8.318925,-0.848291375701,-0.115432054288,0.249271878031,0.401519471229,3.05722371026,-1.16199044682,-0.320601984668,92.6044998169,0.735927282988,-0.285320426547,-0.174873809819,1.49678175378,0.555684540411,-0.180242742577,0.70026222967,100.0
8.328944,-0.848674870898,-0.114665063894,0.248888382834,0.400752480835,3.05645671986,-1.16160695163,-0.320601984668,92.6044998169,0.736694273382,-0.284553436153,-0.175257305016,1.49678175378,0.554917550018,-0.180626237774,0.700645724867,100.0
8.338940,-0.847907880504,-0.115048559091,0.248888382834,0.401519471229,3.05645671986,-1.16160695163,-0.319834994274,92.6044998169,0.736694273382,-0.284553436153,-0.175640800213,1.49793223937,0.555301045215,-0.18100973297,0.70026222967,100.0
8.348898,-0.847524385307,-0.114281568697,0.249271878031,0.401519471229,3.05645671986,-1.16122345643,-0.320218489471,92.6044998169,0.736310778185,-0.283786445759,-0.174873809819,1.49754874417,0.556068035608,-0.181393228167,0.700645724867,100.0
8.358903,-0.848291375701,-0.114281568697,0.249271878031,0.401135976032,3.05722371026,-1.16199044682,-0.319834994274,92.6044998169,0.735927282988,-0.283019455365,-0.175257305016,1.49831573457,0.554917550018,-0.182543713758,0.70026222967,100.0
8.368890,-0.848674870898,-0.114281568697,0.248888382834,0.401135976032,3.05607322466,-1.16237394202,-0.320218489471,92.6044998169,0.736310778185,-0.281485474577,-0.174873809819,1.49831573457,0.554917550018,-0.182160218561,0.700645724867,100.0
8.378871,-0.848674870898,-0.115048559091,0.249655373228,0.400752480835,3.05684021506,-1.16237394202,-0.319834994274,92.6044998169,0.734009807003,-0.282252464971,-0.174873809819,1.49793223937,0.555684540411,-0.183310704152,0.700645724867,100.0
8.388887,-0.847524385307,-0.114665063894,0.249271878031,0.401902966426,3.05645671986,-1.16237394202,-0.320218489471,92.6044998169,0.734776797397,-0.281485474577,-0.175640800213,1.49831573457,0.554917550018,-0.183310704152,0.701029220064,100.0
8.398989,-0.847907880504,-0.1138980735,0.248504887637,0.401135976032,3.05607322466,-1.16275743722,-0.319834994274,92.6044998169,0.734009807003,-0.280718484183,-0.17602429541,1.49831573457,0.555301045215,-0.183310704152,0.699495239276,100.0
8.409089,-0.848674870898,-0.115048559091,0.249271878031,0.401519471229,3.05607322466,-1.16160695163,-0.319451499077,92.6044998169,0.732859321412,-0.280718484183,-0.175640800213,1.49946622016,0.554534054821,-0.183310704152,0.70026222967,100.0
8.419086,-0.846757394913,-0.114665063894,0.248504887637,0.401519471229,3.05568972947,-1.16237394202,-0.320218489471,92.6044998169,0.734009807003,-0.280334988986,-0.174873809819,1.49754874417,0.554534054821,-0.184461189743,0.70026222967,100.0
8.429043,-0.847907880504,-0.114665063894,0.249655373228,0.40266995682,3.05645671986,-1.16199044682,-0.320218489471,92.6044998169,0.733242816609,-0.280334988986,-0.175257305016,1.49754874417,0.554917550018,-0.185228180137,0.699878734473,100.0
8.438957,-0.848291375701,-0.114665063894,0.250038868425,0.401902966426,3.05684021506,-1.16199044682,-0.31906800388,92.6044998169,0.732859321412,-0.279184503395,-0.175257305016,1.49678175378,0.554917550018,-0.186378665728,0.699878734473,100.0
8.448909,-0.84714089011,-0.1138980735,0.249271878031,0.401902966426,3.05607322466,-1.16122345643,-0.319834994274,92.6044998169,0.731708835821,-0.279951493789,-0.175640800213,1.49601476339,0.555301045215,-0.187529151319,0.699495239276,100.0
8.458902,-0.848674870898,-0.114281568697,0.249655373228,0.402286461623,3.05645671986,-1.16160695163,-0.31906800388,92.6044998169,0.732092331018,-0.279951493789,-0.175640800213,1.49563126819,0.554534054821,-0.189063132107,0.699878734473,100.0
8.468867,-0.847524385307,-0.114665063894,0.248888382834,0.401519471229,3.05607322466,-1.16160695163,-0.319451499077,92.6044998169,0.731325340624,-0.280334988986,-0.176407790607,1.49601476339,0.554534054821,-0.190597112895,0.699495239276,100.0
8.478906,-0.847907880504,-0.115048559091,0.248888382834,0.401519471229,3.05568972947,-1.16275743722,-0.320218489471,92.6044998169,0.731325340624,-0.28110197938,-0.175640800213,1.49486427779,0.554150559624,-0.189446627304,0.70026222967,100.0
8.488860,-0.847907880504,-0.114665063894,0.248504887637,0.400752480835,3.05568972947,-1.16160695163,-0.319451499077,92.6044998169,0.73055835023,-0.282635960168,-0.175640800213,1.49333029701,0.554150559624,-0.190980608092,0.699495239276,100.0
8.498823,-0.847907880504,-0.1138980735,0.249271878031,0.401135976032,3.05607322466,-1.16160695163,-0.319834994274,92.6044998169,0.730174855033,-0.283019455365,-0.175640800213,1.49333029701,0.55338356923,-0.192131093683,0.699495239276,100.0
8.508890,-0.848291375701,-0.1138980735,0.248888382834,0.401519471229,3.05607322466,-1.16237394202,-0.319451499077,92.6044998169,0.730174855033,-0.283786445759,-0.17602429541,1.49217981142,0.554150559624,-0.191364103289,0.699878734473,100.0
8.518861,-0.848291375701,-0.114281568697,0.248888382834,0.401902966426,3.05645671986,-1.16199044682,-0.319451499077,92.6044998169,0.731708835821,-0.28493693135,-0.175640800213,1.49179631622,0.553767064427,-0.19251458888,0.699878734473,100.0
8.528836,-0.847524385307,-0.115048559091,0.249271878031,0.401519471229,3.05645671986,-1.16237394202,-0.319451499077,92.6044998169,0.730941845427,-0.286087416941,-0.175257305016,1.49102932582,0.553767064427,-0.19251458888,0.699111744079,100.0
8.538770,-0.84714089011,-0.115048559091,0.249271878031,0.400752480835,3.05645671986,-1.16237394202,-0.320218489471,92.6044998169,0.731325340624,-0.288004892925,-0.174873809819,1.49026233543,0.553000074033,-0.194048569668,0.699495239276,100.0
8.548781,-0.847524385307,-0.114665063894,0.248504887637,0.401519471229,3.05568972947,-1.16237394202,-0.319834994274,92.6044998169,0.732475826215,-0.289155378516,-0.175640800213,1.48949534504,0.55338356923,-0.192131093683,0.699111744079,100.0
8.558766,-0.847907880504,-0.115048559091,0.248888382834,0.401135976032,3.05607322466,-1.16199044682,-0.319451499077,92.6044998169,0.73055835023,-0.291839844895,-0.175640800213,1.48872835464,0.553767064427,-0.193281579274,0.699878734473,100.0
8.568771,-0.848291375701,-0.114665063894,0.249271878031,0.400752480835,3.05645671986,-1.16160695163,-0.31906800388,92.6044998169,0.730941845427,-0.293373825683,-0.175640800213,1.48757786905,0.55338356923,-0.192898084077,0.699495239276,100.0
8.578773,-0.848674870898,-0.115048559091,0.249271878031,0.402286461623,3.05568972947,-1.16122345643,-0.319451499077,92.6044998169,0.731325340624,-0.295291301668,-0.175257305016,1.48796136425,0.55338356923,-0.191747598486,0.699878734473,100.0
8.588772,-0.849058366095,-0.114281568697,0.248888382834,0.401902966426,3.05607322466,-1.16199044682,-0.319834994274,92.6044998169,0.731708835821,-0.296058292062,-0.175257305016,1.48681087866,0.55338356923,-0.193281579274,0.699878734473,100.0
8.598771,-0.849825356489,-0.1138980735,0.249271878031,0.401902966426,3.05568972947,-1.16275743722,-0.320218489471,92.6044998169,0.731325340624,-0.297975768047,-0.17602429541,1.48566039307,0.55338356923,-0.192898084077,0.699878734473,100.0
8.608765,-0.848674870898,-0.114281568697,0.249271878031,0.401135976032,3.05607322466,-1.16122345643,-0.319451499077,92.6044998169,0.730941845427,-0.299509748835,-0.175257305016,1.48527689787,0.55338356923,-0.193665074471,0.699111744079,100.0
8.618792,-0.848674870898,-0.114281568697,0.248504887637,0.401902966426,3.05607322466,-1.16160695163,-0.319451499077,92.6044998169,0.731325340624,-0.300660234426,-0.175640800213,1.48489340267,0.553000074033,-0.193281579274,0.699495239276,100.0
8.628783,-0.849441861292,-0.115048559091,0.250038868425,0.402286461623,3.05684021506,-1.16122345643,-0.319834994274,92.6044998169,0.732475826215,-0.301810720016,-0.175640800213,1.48335942189,0.553000074033,-0.193665074471,0.699495239276,100.0
8.638782,-0.848674870898,-0.114665063894,0.248888382834,0.401902966426,3.05684021506,-1.16122345643,-0.319451499077,92.6044998169,0.732092331018,-0.302961205607,-0.17602429541,1.48335942189,0.553767064427,-0.194815560061,0.699495239276,100.0
8.648779,-0.848674870898,-0.114665063894,0.249655373228,0.401519471229,3.05607322466,-1.16237394202,-0.319834994274,92.6044998169,0.733242816609,-0.305262176789,-0.174873809819,1.4814419459,0.55338356923,-0.193665074471,0.699878734473,100.0
8.658784,-0.847907880504,-0.114281568697,0.248888382834,0.401135976032,3.05607322466,-1.16314093241,-0.320218489471,92.6044998169,0.730941845427,-0.306796157577,-0.175640800213,1.48029146031,0.554150559624,-0.193665074471,0.699495239276,100.0
8.668774,-0.849825356489,-0.114665063894,0.248888382834,0.401519471229,3.05568972947,-1.16199044682,-0.319451499077,92.6044998169,0.732859321412,-0.307179652774,-0.175257305016,1.47952446992,0.553767064427,-0.195199055258,0.70026222967,100.0
8.678766,-0.849058366095,-0.114281568697,0.249271878031,0.401902966426,3.05607322466,-1.16160695163,-0.320218489471,92.6044998169,0.732475826215,-0.309480623956,-0.17602429541,1.47952446992,0.55338356923,-0.195582550455,0.699878734473,100.0
8.688777,-0.849441861292,-0.114665063894,0.248888382834,0.401519471229,3.05684021506,-1.16237394202,-0.319451499077,92.6044998169,0.733242816609,-0.311014604744,-0.174873809819,1.47799048913,0.553000074033,-0.195582550455,0.700645724867,100.0
8.698778,-0.848674870898,-0.114665063894,0.248888382834,0.401902966426,3.05645671986,-1.16199044682,-0.319834994274,92.6044998169,0.734009807003,-0.312548585532,-0.174873809819,1.47760699393,0.55338356923,-0.195582550455,0.699878734473,100.0
8.708757,-0.849058366095,-0.114281568697,0.248888382834,0.402286461623,3.05568972947,-1.16275743722,-0.320601984668,92.6044998169,0.734776797397,-0.313699071123,-0.174106819425,1.47645650834,0.554150559624,-0.195199055258,0.700645724867,100.0
8.718766,-0.849441861292,-0.1138980735,0.249271878031,0.401519471229,3.05607322466,-1.16122345643,-0.320218489471,92.6044998169,0.733626311806,-0.316000042304,-0.173723324228,1.47568951795,0.553767064427,-0.196349540849,0.700645724867,100.0
8.728759,-0.849441861292,-0.1138980735,0.249655373228,0.401135976032,3.05568972947,-1.16160695163,-0.320601984668,92.6044998169,0.735160292594,-0.316767032698,-0.174490314622,1.47530602275,0.553767064427,-0.195966045652,0.70026222967,100.0
8.738950,-0.849441861292,-0.114665063894,0.248504887637,0.402286461623,3.05568972947,-1.16275743722,-0.319834994274,92.6044998169,0.735160292594,-0.317534023092,-0.175257305016,1.47492252755,0.554150559624,-0.194815560061,0.70026222967,100.0
8.748890,-0.848674870898,-0.115432054288,0.249655373228,0.402286461623,3.05645671986,-1.16199044682,-0.319451499077,92.6044998169,0.735543787791,-0.319451499077,-0.174873809819,1.47377204196,0.553767064427,-0.196733036046,0.700645724867,100.0
8.758838,-0.848674870898,-0.115048559091,0.249271878031,0.401519471229,3.05645671986,-1.16237394202,-0.319451499077,92.6044998169,0.735927282988,-0.321368975062,-0.174106819425,1.47300505157,0.553000074033,-0.194815560061,0.699878734473,100.0
8.768838,-0.848291375701,-0.115048559091,0.248888382834,0.401519471229,3.05607322466,-1.16160695163,-0.319451499077,92.6044998169,0.737461263776,-0.323286451047,-0.174873809819,1.47262155637,0.553767064427,-0.193281579274,0.70026222967,100.0
8.778858,-0.848291375701,-0.1138980735,0.249271878031,0.40266995682,3.05684021506,-1.16352442761,-0.318684508683,92.6044998169,0.735927282988,-0.323669946244,-0.174490314622,1.47223806117,0.55338356923,-0.193665074471,0.699878734473,100.0
8.788842,-0.848291375701,-0.1138980735,0.249271878031,0.401135976032,3.05645671986,-1.16199044682,-0.319834994274,92.6044998169,0.736310778185,-0.324436936638,-0.173723324228,1.47223806117,0.554150559624,-0.194815560061,0.699878734473,100.0
8.798838,-0.848291375701,-0.114281568697,0.248888382834,0.400368985638,3.05645671986,-1.16199044682,-0.319451499077,92.6044998169,0.737461263776,-0.325970917426,-0.174106819425,1.47185456598,0.553767064427,-0.194048569668,0.699111744079,100.0
8.808829,-0.848674870898,-0.114281568697,0.248504887637,0.401135976032,3.05607322466,-1.16160695163,-0.319451499077,92.6044998169,0.737077768579,-0.32673790782,-0.172956333834,1.47147107078,0.553767064427,-0.194048569668,0.699111744079,100.0
8.818828,-0.848674870898,-0.114281568697,0.248888382834,0.401135976032,3.05607322466,-1.16199044682,-0.319451499077,92.6044998169,0.738611749367,-0.327121403017,-0.172572838637,1.47223806117,0.552233083639,-0.193665074471,0.698728248882,100.0
8.828860,-0.848674870898,-0.114281568697,0.248888382834,0.401135976032,3.05607322466,-1.16160695163,-0.319451499077,92.6044998169,0.738611749367,-0.328655383804,-0.17218934344,1.47147107078,0.552616578836,-0.193281579274,0.699111744079,100.0
8.838848,-0.847524385307,-0.114281568697,0.250038868425,0.401135976032,3.05568972947,-1.16199044682,-0.319834994274,92.6044998169,0.739378739761,-0.329038879001,-0.172572838637,1.47070408039,0.551849588442,-0.195199055258,0.699495239276,100.0
8.848871,-0.848674870898,-0.1138980735,0.248888382834,0.402286461623,3.05607322466,-1.16237394202,-0.319834994274,92.6044998169,0.740145730155,-0.328655383804,-0.171038857849,1.46955359479,0.551466093245,-0.19750002644,0.698344753685,100.0
8.858837,-0.84714089011,-0.113514578304,0.248888382834,0.401519471229,3.05645671986,-1.16275743722,-0.320218489471,92.6044998169,0.739762234958,-0.329805869395,-0.170271867455,1.4691700996,0.549932112457,-0.203252454395,0.699111744079,100.0
8.868837,-0.847907880504,-0.114281568697,0.249271878031,0.401519471229,3.05645671986,-1.16275743722,-0.320601984668,92.6044998169,0.741679710943,-0.330189364592,-0.170655362652,1.4684031092,0.547631141275,-0.21015536794,0.698728248882,100.0
8.878834,-0.847907880504,-0.1138980735,0.248888382834,0.402286461623,3.05568972947,-1.16199044682,-0.319451499077,92.6044998169,0.74206320614,-0.330956354986,-0.169121381864,1.46686912842,0.544563179699,-0.217441776683,0.70026222967,100.0
8.888727,-0.848291375701,-0.113514578304,0.249655373228,0.401519471229,3.05684021506,-1.16237394202,-0.31906800388,92.6044998169,0.744747672518,-0.332873830971,-0.167970896273,1.46265068125,0.542262208517,-0.220893233455,0.701029220064,100.0
8.898725,-0.848291375701,-0.114665063894,0.249271878031,0.401902966426,3.05607322466,-1.16237394202,-0.320218489471,92.6044998169,0.746665148503,-0.332873830971,-0.16835439147,1.45958271967,0.54072822773,-0.225111680622,0.700645724867,100.0
8.908712,-0.847907880504,-0.113514578304,0.249655373228,0.402286461623,3.05607322466,-1.16160695163,-0.319834994274,92.6044998169,0.747815634094,-0.332490335774,-0.167970896273,1.45689825329,0.542645703714,-0.237000031728,0.703713686442,100.0
8.918714,-0.848674870898,-0.114281568697,0.249655373228,0.40266995682,3.05684021506,-1.16160695163,-0.320601984668,92.6044998169,0.749733110079,-0.33172334538,-0.16720390588,1.45421378692,0.542645703714,-0.252339839607,0.703713686442,100.0
8.928731,-0.847907880504,-0.113514578304,0.249655373228,0.401135976032,3.05645671986,-1.16160695163,-0.319451499077,92.6044998169,0.753568062049,-0.332106840577,-0.166053420289,1.45267980613,0.541111722927,-0.268063142683,0.703330191245,100.0
8.938721,-0.848291375701,-0.113514578304,0.249655373228,0.401519471229,3.05722371026,-1.16199044682,-0.319834994274,92.6044998169,0.754335052443,-0.332490335774,-0.166053420289,1.45076233014,0.536509780563,-0.278801008198,0.702179705655,100.0
8.948748,-0.848291375701,-0.113131083107,0.249271878031,0.400752480835,3.05645671986,-1.16083996123,-0.319451499077,92.6044998169,0.757786509215,-0.333257326168,-0.16720390588,1.44807786376,0.531907838199,-0.289538873713,0.703330191245,100.0
8.958712,-0.849058366095,-0.113131083107,0.249271878031,0.401902966426,3.05684021506,-1.16007297084,-0.319451499077,92.6044998169,0.759320490003,-0.333640821365,-0.167970896273,1.44539339739,0.530757352608,-0.294524311274,0.702946696048,100.0
8.968931,-0.848674870898,-0.11274758791,0.249271878031,0.401902966426,3.05645671986,-1.16083996123,-0.319834994274,92.6044998169,0.762771946776,-0.334024316562,-0.169121381864,1.44270893101,0.52922337182,-0.301043729623,0.702563200852,100.0
8.978966,-0.849825356489,-0.113131083107,0.249271878031,0.401902966426,3.05568972947,-1.16237394202,-0.319834994274,92.6044998169,0.766606898746,-0.334407811759,-0.170655362652,1.44002446463,0.526155410245,-0.310631109547,0.702563200852,100.0
8.988966,-0.849825356489,-0.113131083107,0.249271878031,0.401519471229,3.05568972947,-1.16275743722,-0.31906800388,92.6044998169,0.766606898746,-0.335174802153,-0.171422353046,1.43964096943,0.523087448669,-0.321368975062,0.702179705655,100.0
8.998940,-0.849441861292,-0.11274758791,0.249271878031,0.400752480835,3.05607322466,-1.16429141801,-0.319834994274,92.6044998169,0.769291365125,-0.335174802153,-0.173723324228,1.43810698864,0.521936963078,-0.332873830971,0.702563200852,100.0
9.008872,-0.850208851685,-0.11274758791,0.249655373228,0.401519471229,3.05568972947,-1.16390792281,-0.31906800388,92.6044998169,0.770825345912,-0.334791306956,-0.175257305016,1.43657300785,0.520786477487,-0.342461210895,0.702179705655,100.0
9.018843,-0.850208851685,-0.113131083107,0.249271878031,0.401902966426,3.05645671986,-1.16314093241,-0.319834994274,92.6044998169,0.774660297882,-0.336325287744,-0.177174781001,1.43503902707,0.519635991896,-0.349747619638,0.702946696048,100.0
9.028840,-0.849825356489,-0.11274758791,0.249271878031,0.401519471229,3.05568972947,-1.16314093241,-0.320218489471,92.6044998169,0.777344764261,-0.336325287744,-0.178325266592,1.43503902707,0.518102011108,-0.35703402838,0.703713686442,100.0
9.038843,-0.850208851685,-0.113131083107,0.248888382834,0.402286461623,3.05568972947,-1.16275743722,-0.31906800388,92.6044998169,0.78002923064,-0.337859268532,-0.181393228167,1.43388854148,0.518102011108,-0.365470922714,0.702563200852,100.0
9.048828,-0.850208851685,-0.114281568697,0.249655373228,0.401519471229,3.05607322466,-1.16314093241,-0.319451499077,92.6044998169,0.780796221034,-0.338626258926,-0.182543713758,1.43235456069,0.518102011108,-0.370072865077,0.702946696048,100.0
9.058840,-0.850592346882,-0.113131083107,0.248888382834,0.400752480835,3.05607322466,-1.16314093241,-0.318684508683,92.6044998169,0.781946706625,-0.339009754123,-0.18484468494,1.4308205799,0.518102011108,-0.376592283426,0.702946696048,100.0
9.068965,-0.850975842079,-0.112364092713,0.248504887637,0.400368985638,3.05684021506,-1.16275743722,-0.320218489471,92.6044998169,0.785781658594,-0.339776744517,-0.185611675334,1.42928659911,0.518869001502,-0.380810730593,0.702946696048,100.0
9.078961,-0.850975842079,-0.111980597516,0.249271878031,0.400368985638,3.05568972947,-1.16199044682,-0.319451499077,92.6044998169,0.786548648988,-0.340927230108,-0.187145656122,1.42813611352,0.519252496699,-0.385412672956,0.704097181639,100.0
9.088975,-0.850975842079,-0.11274758791,0.249271878031,0.401519471229,3.05568972947,-1.16083996123,-0.319451499077,92.6044998169,0.788082629776,-0.341310725305,-0.18867963691,1.42660213273,0.518102011108,-0.388864129729,0.703330191245,100.0
9.098964,-0.851359337276,-0.113131083107,0.249271878031,0.401902966426,3.05645671986,-1.16160695163,-0.319834994274,92.6044998169,0.789616610564,-0.342077715698,-0.190980608092,1.42545164714,0.518102011108,-0.391548596108,0.703713686442,100.0
9.108936,-0.850592346882,-0.113131083107,0.249271878031,0.401135976032,3.05607322466,-1.16160695163,-0.319451499077,92.6044998169,0.791534086549,-0.343228201289,-0.193665074471,1.42430116155,0.518102011108,-0.393466072093,0.702946696048,100.0
9.118879,-0.850208851685,-0.113131083107,0.248504887637,0.400752480835,3.05645671986,-1.16314093241,-0.320218489471,92.6044998169,0.793068067337,-0.344762182077,-0.196733036046,1.42276718076,0.518869001502,-0.39500005288,0.703330191245,100.0
9.128870,-0.851742832473,-0.11274758791,0.250038868425,0.401135976032,3.05530623427,-1.16390792281,-0.320218489471,92.6044998169,0.797286514503,-0.345912667668,-0.199800997622,1.42084970478,0.518102011108,-0.399218500047,0.704097181639,100.0
9.138856,-0.851359337276,-0.112364092713,0.249271878031,0.401902966426,3.05530623427,-1.16275743722,-0.319834994274,92.6044998169,0.797286514503,-0.346679658062,-0.201718473607,1.42084970478,0.518102011108,-0.401902966426,0.703330191245,100.0
9.148853,-0.851359337276,-0.11274758791,0.248888382834,0.401519471229,3.05607322466,-1.16275743722,-0.319834994274,92.6044998169,0.801121466473,-0.347830143653,-0.204402939986,1.41893222879,0.518869001502,-0.404970928002,0.703330191245,100.0
9.158973,-0.851359337276,-0.111980597516,0.249655373228,0.401902966426,3.05568972947,-1.16160695163,-0.319834994274,92.6044998169,0.803038942458,-0.349364124441,-0.207470901562,1.41739824801,0.519252496699,-0.405354423199,0.703330191245,100.0
9.168933,-0.850975842079,-0.111980597516,0.249655373228,0.402286461623,3.05684021506,-1.16199044682,-0.320601984668,92.6044998169,0.804956418443,-0.350514610032,-0.211689348728,1.41548077202,0.519635991896,-0.404970928002,0.704097181639,100.0
9.178952,-0.850975842079,-0.112364092713,0.248888382834,0.400752480835,3.05568972947,-1.16160695163,-0.319834994274,92.6044998169,0.806873894428,-0.351665095623,-0.216291291092,1.41394679123,0.519252496699,-0.403820442411,0.702946696048,100.0
9.188979,-0.850592346882,-0.111980597516,0.249271878031,0.401519471229,3.05645671986,-1.16237394202,-0.319834994274,92.6044998169,0.808791370413,-0.352432086017,-0.218975757471,1.41164582005,0.518869001502,-0.405354423199,0.702946696048,100.0
9.198984,-0.850975842079,-0.111597102319,0.248504887637,0.401519471229,3.05568972947,-1.16199044682,-0.318684508683,92.6044998169,0.811092341594,-0.355500047592,-0.22281070944,1.40972834407,0.518869001502,-0.405354423199,0.702946696048,100.0
9.208986,-0.849441861292,-0.110830111925,0.248504887637,0.401135976032,3.05607322466,-1.16122345643,-0.319834994274,92.6044998169,0.813393312776,-0.354733057199,-0.227029156607,1.40742737288,0.519252496699,-0.406888403987,0.702179705655,100.0
9.218890,-0.850975842079,-0.111213607122,0.249655373228,0.401519471229,3.05568972947,-1.16199044682,-0.320601984668,92.6044998169,0.814927293564,-0.35703402838,-0.232781584562,1.40627688729,0.519252496699,-0.407271899184,0.702946696048,100.0
9.228797,-0.850592346882,-0.111597102319,0.249655373228,0.402286461623,3.05607322466,-1.16160695163,-0.319451499077,92.6044998169,0.818378750337,-0.358184513971,-0.237000031728,1.40397591611,0.519635991896,-0.407655394381,0.702563200852,100.0
9.238816,-0.849825356489,-0.111213607122,0.24812139244,0.40266995682,3.05607322466,-1.16314093241,-0.31906800388,92.6044998169,0.820679721519,-0.359334999562,-0.240451488501,1.40129144973,0.519252496699,-0.407271899184,0.702946696048,100.0
9.248797,-0.849441861292,-0.111213607122,0.248888382834,0.402286461623,3.05645671986,-1.16314093241,-0.320218489471,92.6044998169,0.82183020711,-0.36086898035,-0.245436926062,1.39937397375,0.518869001502,-0.40650490879,0.702946696048,100.0
9.258794,-0.850592346882,-0.111597102319,0.248888382834,0.401902966426,3.05645671986,-1.16352442761,-0.320218489471,92.6044998169,0.825281663882,-0.362786456335,-0.250038868425,1.39707300257,0.519252496699,-0.405737918396,0.702563200852,100.0
9.268807,-0.849441861292,-0.111213607122,0.250038868425,0.401902966426,3.05645671986,-1.16199044682,-0.319834994274,92.6044998169,0.827199139867,-0.363169951532,-0.254640810789,1.39515552658,0.519635991896,-0.404970928002,0.702563200852,100.0
9.278786,-0.849058366095,-0.111213607122,0.248888382834,0.402286461623,3.05645671986,-1.16275743722,-0.31906800388,92.6044998169,0.829500111049,-0.365854417911,-0.259242753153,1.39170406981,0.518102011108,-0.406121413593,0.702946696048,100.0
9.288783,-0.849441861292,-0.110063121531,0.249655373228,0.40266995682,3.05684021506,-1.16122345643,-0.319834994274,92.6044998169,0.831417587034,-0.367004903502,-0.263844695516,1.38940309863,0.518102011108,-0.407271899184,0.703330191245,100.0
9.298786,-0.849441861292,-0.111597102319,0.249655373228,0.401902966426,3.05607322466,-1.16122345643,-0.319834994274,92.6044998169,0.833335063019,-0.369305874683,-0.267679647486,1.38671863225,0.518869001502,-0.407271899184,0.703330191245,100.0
9.308819,-0.849825356489,-0.111213607122,0.248888382834,0.402286461623,3.05645671986,-1.16237394202,-0.31906800388,92.6044998169,0.83448554861,-0.370072865077,-0.27228158985,1.38403416587,0.518102011108,-0.406121413593,0.702563200852,100.0
9.318833,-0.849825356489,-0.110830111925,0.248888382834,0.401519471229,3.05568972947,-1.16275743722,-0.319834994274,92.6044998169,0.836403024595,-0.371223350668,-0.276883532213,1.38173319469,0.517718515911,-0.406121413593,0.701796210458,100.0
9.328799,-0.850208851685,-0.111213607122,0.248888382834,0.401519471229,3.05607322466,-1.16314093241,-0.320218489471,92.6044998169,0.837937005382,-0.373907817047,-0.28110197938,1.37866523311,0.517335020714,-0.406121413593,0.702179705655,100.0
9.338814,-0.850975842079,-0.110446616728,0.248888382834,0.401519471229,3.05607322466,-1.16314093241,-0.320218489471,92.6044998169,0.839087490973,-0.375441797835,-0.286470912138,1.37521377634,0.517718515911,-0.404587432805,0.702563200852,100.0
9.348862,-0.850592346882,-0.110446616728,0.249655373228,0.401135976032,3.05607322466,-1.16160695163,-0.319834994274,92.6044998169,0.841004966958,-0.378126264214,-0.290305864107,1.37252930996,0.517718515911,-0.403820442411,0.701412715261,100.0
9.358903,-0.850592346882,-0.111980597516,0.249271878031,0.401519471229,3.05607322466,-1.16199044682,-0.320218489471,92.6044998169,0.844456423731,-0.379660245002,-0.293373825683,1.37022833878,0.517335020714,-0.403053452017,0.702563200852,100.0
9.368935,-0.849441861292,-0.112364092713,0.248888382834,0.401519471229,3.05645671986,-1.16160695163,-0.319834994274,92.6044998169,0.846757394913,-0.381961216183,-0.298742758441,1.3675438724,0.516951525517,-0.402286461623,0.701796210458,100.0
9.378880,-0.850592346882,-0.111213607122,0.24812139244,0.400752480835,3.05645671986,-1.16199044682,-0.320601984668,92.6044998169,0.848291375701,-0.384645682562,-0.30257771041,1.36524290122,0.51656803032,-0.399601995244,0.701029220064,100.0
9.388835,-0.850975842079,-0.111213607122,0.248504887637,0.401135976032,3.05645671986,-1.16314093241,-0.319451499077,92.6044998169,0.850208851685,-0.38617966335,-0.306029167183,1.36294193004,0.515034049533,-0.398068014456,0.700645724867,100.0
9.398812,-0.850208851685,-0.111213607122,0.248888382834,0.400752480835,3.05722371026,-1.16275743722,-0.319834994274,92.6044998169,0.851359337276,-0.388097139335,-0.310631109547,1.36025746366,0.513883563942,-0.395383548077,0.699495239276,100.0
9.408753,-0.850975842079,-0.111213607122,0.248888382834,0.401135976032,3.05645671986,-1.16199044682,-0.319834994274,92.6044998169,0.852893318064,-0.389631120123,-0.314466061517,1.35757299728,0.513500068745,-0.39384956729,0.697577763291,100.0
9.418730,-0.850208851685,-0.111597102319,0.249271878031,0.400752480835,3.05607322466,-1.16199044682,-0.319834994274,92.6044998169,0.854810794049,-0.391165100911,-0.318301013486,1.35603901649,0.512733078351,-0.392699081699,0.696810772897,100.0
9.428731,-0.850592346882,-0.112364092713,0.249271878031,0.401135976032,3.05607322466,-1.16160695163,-0.319451499077,92.6044998169,0.857111765231,-0.394616557684,-0.322519460653,1.35335455011,0.511966087957,-0.389631120123,0.695276792109,100.0
9.438735,-0.849825356489,-0.111597102319,0.248888382834,0.401519471229,3.05645671986,-1.16122345643,-0.31906800388,92.6044998169,0.858645746019,-0.395767043274,-0.32673790782,1.35028658854,0.511199097563,-0.386563158547,0.693359316124,100.0
9.448709,-0.850975842079,-0.110830111925,0.248888382834,0.402286461623,3.05607322466,-1.16199044682,-0.319834994274,92.6044998169,0.860563222004,-0.397301024062,-0.331339850183,1.34760212216,0.511199097563,-0.383111701774,0.691825335336,100.0
9.458763,-0.849825356489,-0.111213607122,0.249271878031,0.402286461623,3.05607322466,-1.16237394202,-0.320218489471,92.6044998169,0.861713707595,-0.400752480835,-0.334791306956,1.34606814137,0.511199097563,-0.380810730593,0.690291354548,100.0
9.468723,-0.849825356489,-0.111213607122,0.249655373228,0.401519471229,3.05645671986,-1.16199044682,-0.320218489471,92.6044998169,0.86478166917,-0.401519471229,-0.339009754123,1.34338367499,0.51158259276,-0.378126264214,0.687990383367,100.0
9.478767,-0.850975842079,-0.111213607122,0.249655373228,0.401519471229,3.05645671986,-1.16275743722,-0.319451499077,92.6044998169,0.865548659564,-0.403820442411,-0.341694220501,1.34069920861,0.511966087957,-0.375058302638,0.684922421791,100.0
9.488713,-0.850208851685,-0.111597102319,0.248888382834,0.402286461623,3.05607322466,-1.16199044682,-0.319834994274,92.6044998169,0.866699145155,-0.40650490879,-0.345529172471,1.33993221822,0.51158259276,-0.373140826653,0.682621450609,100.0
9.498734,-0.850208851685,-0.110446616728,0.249271878031,0.401902966426,3.05645671986,-1.16237394202,-0.31906800388,92.6044998169,0.869383611534,-0.408422384774,-0.349747619638,1.33763124704,0.51158259276,-0.370072865077,0.678786498639,100.0
9.508769,-0.850592346882,-0.111597102319,0.248888382834,0.402286461623,3.05607322466,-1.16237394202,-0.319834994274,92.6044998169,0.870534097125,-0.409572870365,-0.354349562002,1.33533027585,0.508898126381,-0.367771893896,0.67610203226,100.0
9.518711,-0.849825356489,-0.111213607122,0.248504887637,0.401519471229,3.05684021506,-1.16122345643,-0.320218489471,92.6044998169,0.870917592322,-0.411106851153,-0.358184513971,1.33456328546,0.506980650396,-0.365854417911,0.672267080291,100.0
9.528709,-0.850592346882,-0.110830111925,0.249271878031,0.402286461623,3.05645671986,-1.16237394202,-0.320218489471,92.6044998169,0.872068077913,-0.413791317532,-0.360485485153,1.33302930467,0.50774764079,-0.363553446729,0.668048633124,100.0
9.538729,-0.850975842079,-0.110830111925,0.249271878031,0.402286461623,3.05645671986,-1.16199044682,-0.319834994274,92.6044998169,0.873218563504,-0.415708793517,-0.364320437123,1.33034483829,0.506980650396,-0.363169951532,0.66344669076,100.0
9.548723,-0.850208851685,-0.110830111925,0.250422363622,0.401519471229,3.05684021506,-1.16237394202,-0.320601984668,92.6044998169,0.876670020277,-0.418009764699,-0.368922379486,1.3291943527,0.506980650396,-0.361252475547,0.6584612532,100.0
9.558729,-0.850208851685,-0.109679626334,0.248888382834,0.401135976032,3.05684021506,-1.16237394202,-0.31906800388,92.6044998169,0.877820505867,-0.420694231078,-0.373140826653,1.32842736231,0.506980650396,-0.357801018774,0.65462630123,100.0
9.568757,-0.850208851685,-0.109679626334,0.248504887637,0.401135976032,3.05607322466,-1.16122345643,-0.320985479865,92.6044998169,0.87743701067,-0.422995202259,-0.376975778623,1.32612639113,0.506980650396,-0.357417523577,0.648873873276,100.0
9.578775,-0.851359337276,-0.110830111925,0.249271878031,0.401902966426,3.05607322466,-1.16160695163,-0.319451499077,92.6044998169,0.879737981852,-0.426063163835,-0.381577720986,1.32459241034,0.50774764079,-0.356650533183,0.642354454927,100.0
9.588683,-0.850592346882,-0.110063121531,0.248888382834,0.401135976032,3.05645671986,-1.16199044682,-0.319451499077,92.6044998169,0.88127196264,-0.428364135017,-0.384645682562,1.32382541995,0.508131135987,-0.35703402838,0.635451541382,100.0
9.598660,-0.849441861292,-0.109679626334,0.249271878031,0.401519471229,3.05607322466,-1.16199044682,-0.319834994274,92.6044998169,0.882038953034,-0.43181559179,-0.388480634532,1.32190794396,0.50774764079,-0.356650533183,0.628548627836,100.0
9.608670,-0.850208851685,-0.110063121531,0.249271878031,0.401519471229,3.05568972947,-1.16160695163,-0.319834994274,92.6044998169,0.883189438625,-0.434116562972,-0.391932091305,1.32152444876,0.506597155199,-0.355883542789,0.621645714291,100.0
9.618733,-0.851742832473,-0.109296131137,0.248888382834,0.401519471229,3.05607322466,-1.16237394202,-0.319834994274,92.6044998169,0.88510691461,-0.43680102935,-0.395767043274,1.31922347758,0.506597155199,-0.354733057199,0.613592315154,100.0
9.628734,-0.850975842079,-0.110063121531,0.249271878031,0.401135976032,3.05645671986,-1.16237394202,-0.319451499077,92.6044998169,0.886257400201,-0.439102000532,-0.398068014456,1.31807299199,0.506597155199,-0.354349562002,0.606305906412,100.0
9.638770,-0.850975842079,-0.109296131137,0.249655373228,0.401519471229,3.05607322466,-1.16199044682,-0.319451499077,92.6044998169,0.887791380989,-0.442169962108,-0.401902966426,1.3169225064,0.506980650396,-0.354733057199,0.599019497669,100.0
9.648706,-0.851359337276,-0.110446616728,0.249271878031,0.401519471229,3.05645671986,-1.16160695163,-0.319834994274,92.6044998169,0.887791380989,-0.444854428487,-0.404970928002,1.31462153522,0.50774764079,-0.353966066805,0.591733088927,100.0
9.658768,-0.850975842079,-0.109679626334,0.250038868425,0.402286461623,3.05645671986,-1.16199044682,-0.319834994274,92.6044998169,0.88894186658,-0.447922390063,-0.408422384774,1.31385454482,0.510048611972,-0.351281600426,0.584063184987,100.0
9.668754,-0.850208851685,-0.109679626334,0.249271878031,0.401519471229,3.05607322466,-1.16237394202,-0.320218489471,92.6044998169,0.890092352171,-0.450606856441,-0.411873841547,1.31308755443,0.510815602366,-0.350131114835,0.575626290654,100.0
9.678764,-0.850975842079,-0.10891263594,0.248504887637,0.401519471229,3.05607322466,-1.16314093241,-0.319451499077,92.6044998169,0.890859342564,-0.453674818017,-0.414174812729,1.31117007845,0.510815602366,-0.347446648456,0.569490367502,100.0
9.688739,-0.849825356489,-0.109679626334,0.249271878031,0.402286461623,3.05645671986,-1.16237394202,-0.319834994274,92.6044998169,0.891626332958,-0.457893265184,-0.418776755093,1.31040308805,0.510432107169,-0.343995191683,0.562587453957,100.0
9.698714,-0.850208851685,-0.109679626334,0.249271878031,0.401902966426,3.05607322466,-1.16199044682,-0.319834994274,92.6044998169,0.891242837761,-0.461728217154,-0.421844716668,1.31001959285,0.509665116775,-0.338626258926,0.554534054821,100.0
9.708734,-0.850592346882,-0.109296131137,0.249271878031,0.401902966426,3.05645671986,-1.16199044682,-0.320218489471,92.6044998169,0.893160313746,-0.464412683532,-0.425296173441,1.30848561207,0.507364145593,-0.334024316562,0.54571366529,100.0
9.718706,-0.850208851685,-0.110063121531,0.249271878031,0.402286461623,3.05645671986,-1.16160695163,-0.319834994274,92.6044998169,0.893543808943,-0.467097149911,-0.429514620608,1.30695163128,0.506597155199,-0.328655383804,0.537660266154,100.0
9.728761,-0.850208851685,-0.10891263594,0.249271878031,0.401519471229,3.05607322466,-1.16083996123,-0.320218489471,92.6044998169,0.893543808943,-0.472466082669,-0.431048601396,1.30541765049,0.505446669608,-0.324053441441,0.528456381427,100.0
9.738715,-0.850208851685,-0.109296131137,0.249271878031,0.402286461623,3.05607322466,-1.16275743722,-0.320601984668,92.6044998169,0.89392730414,-0.474767053851,-0.434500058169,1.30311667931,0.505830164805,-0.317534023092,0.52040298229,100.0
9.748725,-0.850592346882,-0.110063121531,0.248504887637,0.401902966426,3.05607322466,-1.16199044682,-0.319834994274,92.6044998169,0.895077789731,-0.478985501017,-0.438335010138,1.30273318411,0.505830164805,-0.309097128759,0.509665116775,100.0
9.758726,-0.850592346882,-0.109679626334,0.249655373228,0.401902966426,3.05607322466,-1.16237394202,-0.31906800388,92.6044998169,0.893543808943,-0.483587443381,-0.442169962108,1.30004871773,0.505830164805,-0.300660234426,0.501611717639,100.0
9.768743,-0.850592346882,-0.110063121531,0.249655373228,0.401519471229,3.05645671986,-1.16199044682,-0.320218489471,92.6044998169,0.893543808943,-0.48627190976,-0.445237923684,1.29698075616,0.505446669608,-0.290689359304,0.490873852123,100.0
9.778719,-0.850592346882,-0.110063121531,0.248504887637,0.401902966426,3.05645671986,-1.16237394202,-0.319451499077,92.6044998169,0.89392730414,-0.489723366532,-0.449839866047,1.29352929938,0.505446669608,-0.28110197938,0.479752491411,100.0
9.788755,-0.850208851685,-0.10891263594,0.249271878031,0.402286461623,3.05607322466,-1.16275743722,-0.320218489471,92.6044998169,0.893160313746,-0.493941813699,-0.452524332426,1.2916118234,0.506597155199,-0.271131104259,0.469398121093,100.0
9.798902,-0.850208851685,-0.110063121531,0.249655373228,0.401902966426,3.05645671986,-1.16199044682,-0.320218489471,92.6044998169,0.894310799337,-0.49892725126,-0.457509769987,1.28816036663,0.505446669608,-0.258859257956,0.457893265184,100.0
9.808728,-0.850975842079,-0.110446616728,0.249655373228,0.401519471229,3.05607322466,-1.16045646604,-0.319834994274,92.6044998169,0.892393323352,-0.502378708032,-0.461344721957,1.28470890985,0.504679679214,-0.24697090685,0.447155399669,100.0
9.818763,-0.849825356489,-0.110446616728,0.249271878031,0.401902966426,3.05607322466,-1.16160695163,-0.319834994274,92.6044998169,0.892009828155,-0.506980650396,-0.465563169123,1.28125745308,0.505063174411,-0.233932070153,0.435267048562,100.0
9.828722,-0.850208851685,-0.109296131137,0.249271878031,0.401519471229,3.05684021506,-1.16160695163,-0.319834994274,92.6044998169,0.891626332958,-0.511199097563,-0.46978161629,1.27627201552,0.504679679214,-0.221660223849,0.422995202259,100.0
9.838745,-0.850208851685,-0.109296131137,0.249655373228,0.401902966426,3.05607322466,-1.16160695163,-0.320985479865,92.6044998169,0.890859342564,-0.515034049533,-0.474000063457,1.27243706355,0.504296184017,-0.207470901562,0.410723355956,100.0
9.848720,-0.850592346882,-0.109679626334,0.249271878031,0.401135976032,3.05607322466,-1.16160695163,-0.31906800388,92.6044998169,0.891242837761,-0.518869001502,-0.477835015426,1.26821861638,0.503529193623,-0.194815560061,0.39883500485,100.0
9.858723,-0.849825356489,-0.109679626334,0.248888382834,0.401135976032,3.05645671986,-1.16275743722,-0.319451499077,92.6044998169,0.88894186658,-0.523854439063,-0.48243695779,1.26361667402,0.50391268882,-0.178325266592,0.385029177759,100.0
9.868724,-0.850208851685,-0.110063121531,0.249271878031,0.401519471229,3.05568972947,-1.16275743722,-0.319451499077,92.6044998169,0.88894186658,-0.527689391033,-0.487038900154,1.25978172205,0.502762203229,-0.163752449107,0.371606845865,100.0
9.878724,-0.849441861292,-0.109679626334,0.248888382834,0.401519471229,3.05684021506,-1.16160695163,-0.319834994274,92.6044998169,0.887791380989,-0.532291333396,-0.49125734732,1.25479628449,0.502378708032,-0.148796136425,0.360101989956,100.0
9.888952,-0.849441861292,-0.110063121531,0.249655373228,0.401519471229,3.05684021506,-1.16237394202,-0.319834994274,92.6044998169,0.888174876186,-0.537276770957,-0.495859289684,1.24827686614,0.501228222442,-0.133456328546,0.346679658062,100.0
9.899030,-0.850592346882,-0.10891263594,0.249271878031,0.401902966426,3.05645671986,-1.16199044682,-0.320218489471,92.6044998169,0.886640895398,-0.541495218124,-0.499694241654,1.24214094299,0.500461232048,-0.116966035076,0.333640821365,100.0
9.909047,-0.850975842079,-0.110063121531,0.249655373228,0.401519471229,3.05568972947,-1.16199044682,-0.319834994274,92.6044998169,0.883956429019,-0.544946674896,-0.504296184017,1.23677201023,0.500461232048,-0.101242732,0.320218489471,100.0
9.919072,-0.849825356489,-0.10891263594,0.248888382834,0.401519471229,3.05645671986,-1.16160695163,-0.319834994274,92.6044998169,0.884723419413,-0.550315607654,-0.509281621578,1.23063608708,0.498543756063,-0.0851359337276,0.307179652774,100.0
9.928901,-0.849825356489,-0.110063121531,0.248888382834,0.401519471229,3.05568972947,-1.16160695163,-0.320601984668,92.6044998169,0.883189438625,-0.554534054821,-0.513116573548,1.22450016393,0.496626280078,-0.0690291354548,0.292606835289,100.0
9.938874,-0.849825356489,-0.110446616728,0.249655373228,0.401519471229,3.05607322466,-1.16199044682,-0.320218489471,92.6044998169,0.882422448231,-0.559135997184,-0.517718515911,1.21836424078,0.494325308896,-0.053305832379,0.279567998592,100.0
9.948863,-0.849058366095,-0.110063121531,0.249271878031,0.401902966426,3.05684021506,-1.16199044682,-0.319834994274,92.6044998169,0.881655457837,-0.56220395876,-0.521553467881,1.21184482243,0.492024337714,-0.0360485485153,0.265378676304,100.0
9.958909,-0.849441861292,-0.109296131137,0.249271878031,0.401135976032,3.05645671986,-1.16199044682,-0.319834994274,92.6044998169,0.879737981852,-0.566805901124,-0.525771915048,1.20532540408,0.489723366532,-0.0195582550455,0.255024305986,100.0
9.968806,-0.849825356489,-0.109679626334,0.249271878031,0.401519471229,3.05684021506,-1.16199044682,-0.320218489471,92.6044998169,0.876670020277,-0.572174833881,-0.529990362214,1.19918948093,0.487038900154,-0.00345145677274,0.244286440471,100.0
9.978812,-0.850208851685,-0.109679626334,0.248888382834,0.401135976032,3.05645671986,-1.16160695163,-0.319451499077,92.6044998169,0.87743701067,-0.575626290654,-0.532674828593,1.19190307219,0.484354433775,0.013038836697,0.233548574956,100.0
9.989073,-0.849825356489,-0.109296131137,0.248888382834,0.400752480835,3.05607322466,-1.16237394202,-0.320218489471,92.6044998169,0.875903029883,-0.580228233018,-0.536509780563,1.18461666344,0.480902977002,0.0299126253638,0.22281070944,100.0
9.998807,-0.849825356489,-0.109679626334,0.248888382834,0.40266995682,3.05645671986,-1.16199044682,-0.319834994274,92.6044998169,0.875136039489,-0.584830175381,-0.539577742139,1.17694675951,0.477835015426,0.0467864140305,0.213223329516,100.0
10.008873,-0.850208851685,-0.110063121531,0.249271878031,0.401902966426,3.05645671986,-1.16160695163,-0.319451499077,92.6044998169,0.870917592322,-0.589048622548,-0.543029198911,1.16927685557,0.474000063457,0.0636602026972,0.204402939986,100.0
10.018878,-0.850592346882,-0.109296131137,0.248888382834,0.401135976032,3.05684021506,-1.16275743722,-0.319451499077,92.6044998169,0.870917592322,-0.593267069715,-0.546097160487,1.16045646604,0.46978161629,0.080533991364,0.196349540849,100.0
10.028814,-0.850592346882,-0.109679626334,0.248888382834,0.401902966426,3.05645671986,-1.16237394202,-0.320218489471,92.6044998169,0.869000116337,-0.597102021684,-0.549165122063,1.15355355249,0.465179673926,0.0977912752277,0.18867963691,100.0
10.038816,-0.850208851685,-0.109679626334,0.249655373228,0.401902966426,3.05684021506,-1.16199044682,-0.319451499077,92.6044998169,0.867082640352,-0.601703964048,-0.551849588442,1.14473316296,0.46096122676,0.115432054288,0.181776723364,100.0
10.048917,-0.850592346882,-0.108529140743,0.248888382834,0.401902966426,3.05645671986,-1.16199044682,-0.31906800388,92.6044998169,0.86478166917,-0.605155420821,-0.554150559624,1.13783024941,0.455975789199,0.131538852561,0.177941771395,100.0
10.058858,-0.850592346882,-0.110063121531,0.249655373228,0.401135976032,3.05645671986,-1.16237394202,-0.320218489471,92.6044998169,0.862480697989,-0.610907848775,-0.556451530805,1.1274758791,0.450990351638,0.149179631622,0.172956333834,100.0
10.068859,-0.850592346882,-0.109296131137,0.248888382834,0.401519471229,3.05607322466,-1.16199044682,-0.320218489471,92.6044998169,0.861713707595,-0.614742800745,-0.55836900679,1.11980597516,0.444854428487,0.166820410683,0.169888372258,100.0
10.078833,-0.850208851685,-0.110063121531,0.249655373228,0.401519471229,3.05684021506,-1.16083996123,-0.319834994274,92.6044998169,0.859029241216,-0.618577752715,-0.560286482775,1.11175257602,0.439485495729,0.184077694546,0.166053420289,100.0
10.088835,-0.849825356489,-0.109296131137,0.249271878031,0.401135976032,3.05568972947,-1.16122345643,-0.319834994274,92.6044998169,0.857495260428,-0.622029209488,-0.561436968366,1.1021651961,0.432582582184,0.202101968804,0.161067982728,100.0
10.098872,-0.850592346882,-0.109679626334,0.249271878031,0.401902966426,3.05645671986,-1.16275743722,-0.320218489471,92.6044998169,0.854043803655,-0.626247656654,-0.563354444351,1.09296131137,0.426063163835,0.218592262274,0.156466040364,100.0
10.108793,-0.849441861292,-0.110063121531,0.249271878031,0.401135976032,3.05645671986,-1.16160695163,-0.319451499077,92.6044998169,0.851742832473,-0.628548627836,-0.564121434745,1.08299043625,0.419927240684,0.235849546137,0.151480602804,100.0
10.118764,-0.850975842079,-0.110830111925,0.249655373228,0.401519471229,3.05645671986,-1.16199044682,-0.320601984668,92.6044998169,0.850592346882,-0.633534065397,-0.565271920336,1.07340305632,0.414174812729,0.254257315592,0.149179631622,100.0
10.128784,-0.849825356489,-0.109679626334,0.249271878031,0.400752480835,3.05645671986,-1.16160695163,-0.319834994274,92.6044998169,0.84714089011,-0.636985522169,-0.566805901124,1.0638156764,0.40650490879,0.271514599456,0.147262155637,100.0
10.138732,-0.850975842079,-0.109679626334,0.249271878031,0.401135976032,3.05645671986,-1.16237394202,-0.319451499077,92.6044998169,0.844839918928,-0.641203969336,-0.566422405927,1.05384480128,0.399601995244,0.290305864107,0.144577689258,100.0
10.148731,-0.849441861292,-0.109296131137,0.249655373228,0.401902966426,3.05645671986,-1.16237394202,-0.320218489471,92.6044998169,0.842155452549,-0.644655426109,-0.567189396321,1.04272344057,0.392699081699,0.309097128759,0.14304370847,100.0
10.158764,-0.849825356489,-0.109296131137,0.249655373228,0.401135976032,3.05607322466,-1.16237394202,-0.320601984668,92.6044998169,0.837553510185,-0.648106882882,-0.567189396321,1.03236907025,0.385796168153,0.327888393411,0.142276718076,100.0
10.168759,-0.850208851685,-0.10891263594,0.248888382834,0.400752480835,3.05607322466,-1.16275743722,-0.319451499077,92.6044998169,0.836403024595,-0.650407854063,-0.567189396321,1.02124770953,0.379276749805,0.347063153259,0.142276718076,100.0
10.178787,-0.850208851685,-0.110063121531,0.249271878031,0.401519471229,3.05607322466,-1.16199044682,-0.320218489471,92.6044998169,0.834102053413,-0.653859310836,-0.566805901124,1.01089333922,0.371990341062,0.365470922714,0.142660213273,100.0
10.188752,-0.849825356489,-0.109679626334,0.249655373228,0.401519471229,3.05607322466,-1.16275743722,-0.319834994274,92.6044998169,0.831801082231,-0.656927272412,-0.566422405927,0.999388483307,0.366621408305,0.386563158547,0.142660213273,100.0
10.198770,-0.850208851685,-0.109679626334,0.248504887637,0.401135976032,3.05607322466,-1.16199044682,-0.320218489471,92.6044998169,0.828733120655,-0.659228243594,-0.567189396321,0.989034112989,0.360485485153,0.407271899184,0.141893222879,100.0
10.208740,-0.850975842079,-0.109679626334,0.250038868425,0.402286461623,3.05607322466,-1.16122345643,-0.319834994274,92.6044998169,0.826048654276,-0.66229620517,-0.566805901124,0.975995276292,0.354733057199,0.429131125411,0.140742737288,100.0
10.218754,-0.849441861292,-0.109296131137,0.248888382834,0.402286461623,3.05568972947,-1.16160695163,-0.320218489471,92.6044998169,0.82183020711,-0.664213681154,-0.566805901124,0.963723429989,0.349364124441,0.44945637085,0.138441766107,100.0
10.228759,-0.849825356489,-0.109296131137,0.249655373228,0.401135976032,3.05684021506,-1.16160695163,-0.319451499077,92.6044998169,0.820296226322,-0.66728164273,-0.566805901124,0.952602069277,0.34437868688,0.471699092275,0.136907785319,100.0
10.238747,-0.849058366095,-0.109296131137,0.248888382834,0.400752480835,3.05607322466,-1.16237394202,-0.319834994274,92.6044998169,0.817611759943,-0.668815623518,-0.566805901124,0.941864203762,0.340160239714,0.494325308896,0.137674775713,100.0
10.248762,-0.850592346882,-0.10891263594,0.249271878031,0.401519471229,3.05645671986,-1.16275743722,-0.319834994274,92.6044998169,0.81416030317,-0.670733099503,-0.566805901124,0.929208862262,0.334791306956,0.516951525517,0.138441766107,100.0
10.258757,-0.849441861292,-0.10891263594,0.248888382834,0.401902966426,3.05645671986,-1.16199044682,-0.320218489471,92.6044998169,0.8103253512,-0.673417565882,-0.56603891073,0.916170025565,0.327888393411,0.540344732533,0.138825261304,100.0
10.268732,-0.850208851685,-0.109296131137,0.249655373228,0.400752480835,3.05607322466,-1.16237394202,-0.319834994274,92.6044998169,0.8103253512,-0.674568051473,-0.565655415533,0.903898179261,0.320218489471,0.563737939548,0.138825261304,100.0
10.278731,-0.849825356489,-0.109296131137,0.249271878031,0.401902966426,3.05568972947,-1.16199044682,-0.319451499077,92.6044998169,0.806873894428,-0.67495154667,-0.566805901124,0.889708856974,0.31523305191,0.586364156169,0.13805827091,100.0
10.288761,-0.850208851685,-0.10891263594,0.249655373228,0.401135976032,3.05607322466,-1.16160695163,-0.320218489471,92.6044998169,0.802655447261,-0.677636013048,-0.56603891073,0.875903029883,0.31024761435,0.609757363184,0.138441766107,100.0
10.298754,-0.850208851685,-0.109296131137,0.249271878031,0.401135976032,3.05645671986,-1.16160695163,-0.319451499077,92.6044998169,0.801888456867,-0.678019508245,-0.566422405927,0.861713707595,0.304878681592,0.635068046185,0.137674775713,100.0
10.308752,-0.850592346882,-0.108529140743,0.249271878031,0.402286461623,3.05684021506,-1.16199044682,-0.319451499077,92.6044998169,0.7976700097,-0.679169993836,-0.56603891073,0.848674870898,0.299126253638,0.659228243594,0.13805827091,100.0
10.318766,-0.850208851685,-0.109296131137,0.249271878031,0.401902966426,3.05645671986,-1.16237394202,-0.319451499077,92.6044998169,0.797286514503,-0.67993698423,-0.56603891073,0.83448554861,0.293373825683,0.683388441003,0.13805827091,100.0
10.328762,-0.849825356489,-0.10891263594,0.248888382834,0.401902966426,3.05568972947,-1.16199044682,-0.320601984668,92.6044998169,0.793068067337,-0.681087469821,-0.56603891073,0.820296226322,0.290689359304,0.708315628806,0.13805827091,100.0
10.338679,-0.850592346882,-0.10891263594,0.249271878031,0.401519471229,3.05568972947,-1.16199044682,-0.319834994274,92.6044998169,0.790383600958,-0.681854460215,-0.566422405927,0.80533991364,0.286854407335,0.7343933022,0.138441766107,100.0
10.348650,-0.849825356489,-0.109679626334,0.249271878031,0.401902966426,3.05530623427,-1.16237394202,-0.319834994274,92.6044998169,0.786548648988,-0.682237955412,-0.566422405927,0.790767096155,0.283402950562,0.760470975594,0.137674775713,100.0
10.358657,-0.849825356489,-0.109296131137,0.248888382834,0.401902966426,3.05607322466,-1.16199044682,-0.319834994274,92.6044998169,0.784631173003,-0.681854460215,-0.566422405927,0.774660297882,0.279567998592,0.785398163397,0.13805827091,100.0
10.368683,-0.849441861292,-0.108529140743,0.249655373228,0.401902966426,3.05568972947,-1.16160695163,-0.319451499077,92.6044998169,0.781179716231,-0.681470965018,-0.566805901124,0.7597039852,0.27726702741,0.811092341594,0.137291280516,100.0
10.378660,-0.850208851685,-0.10891263594,0.249271878031,0.401902966426,3.05645671986,-1.16275743722,-0.319834994274,92.6044998169,0.778111754655,-0.681854460215,-0.565655415533,0.744747672518,0.274582561031,0.836403024595,0.137674775713,100.0
10.388672,-0.850208851685,-0.109296131137,0.248888382834,0.401902966426,3.05645671986,-1.16199044682,-0.320218489471,92.6044998169,0.776577773867,-0.681854460215,-0.56603891073,0.72940786464,0.273048580244,0.862480697989,0.137674775713,100.0
10.398669,-0.850592346882,-0.110063121531,0.248888382834,0.401135976032,3.05645671986,-1.16199044682,-0.319834994274,92.6044998169,0.773126317094,-0.681470965018,-0.56603891073,0.713684561564,0.270747609062,0.887407885792,0.137291280516,100.0
10.408672,-0.849825356489,-0.110063121531,0.248504887637,0.401519471229,3.05607322466,-1.16275743722,-0.319451499077,92.6044998169,0.771592336306,-0.681087469821,-0.565655415533,0.697577763291,0.269597123471,0.91425254958,0.137674775713,100.0
10.418670,-0.849825356489,-0.109679626334,0.249655373228,0.401135976032,3.05607322466,-1.16237394202,-0.320218489471,92.6044998169,0.766606898746,-0.680703974624,-0.56603891073,0.681854460215,0.268063142683,0.938796242186,0.137291280516,100.0
10.428680,-0.850592346882,-0.110830111925,0.248888382834,0.401135976032,3.05568972947,-1.16199044682,-0.319451499077,92.6044998169,0.765072917958,-0.680703974624,-0.566805901124,0.666514652336,0.267296152289,0.963723429989,0.137674775713,100.0
10.438677,-0.850592346882,-0.110063121531,0.250038868425,0.401519471229,3.05607322466,-1.16237394202,-0.31906800388,92.6044998169,0.760087480397,-0.678786498639,-0.565655415533,0.651558339654,0.266145666698,0.989034112989,0.137291280516,100.0
10.448677,-0.850592346882,-0.110063121531,0.249655373228,0.401519471229,3.05607322466,-1.16199044682,-0.319834994274,92.6044998169,0.758170004412,-0.679169993836,-0.565655415533,0.635835036579,0.266145666698,1.01434479599,0.138441766107,100.0
10.458671,-0.849825356489,-0.110063121531,0.248504887637,0.401519471229,3.05568972947,-1.16199044682,-0.31906800388,92.6044998169,0.755485538034,-0.678019508245,-0.565271920336,0.619344743109,0.265378676304,1.03927198379,0.13805827091,100.0
10.468659,-0.849441861292,-0.109679626334,0.249271878031,0.400368985638,3.05607322466,-1.16275743722,-0.320218489471,92.6044998169,0.752034081261,-0.677636013048,-0.565655415533,0.603237944836,0.264995181107,1.0634321812,0.136907785319,100.0
10.478703,-0.850208851685,-0.109679626334,0.249271878031,0.400752480835,3.05645671986,-1.16199044682,-0.319834994274,92.6044998169,0.748582624488,-0.676869022654,-0.56603891073,0.587131146563,0.265378676304,1.08759237861,0.137674775713,100.0
10.488670,-0.849825356489,-0.110063121531,0.249271878031,0.401519471229,3.05684021506,-1.16199044682,-0.319451499077,92.6044998169,0.745898158109,-0.67610203226,-0.56603891073,0.571791338684,0.265762171501,1.11136908082,0.137674775713,100.0
10.498694,-0.850208851685,-0.110063121531,0.248888382834,0.401135976032,3.05645671986,-1.16199044682,-0.319451499077,92.6044998169,0.742446701337,-0.675335041867,-0.564888425139,0.556835026002,0.265378676304,1.13514578304,0.137291280516,100.0
10.508672,-0.849441861292,-0.110063121531,0.249271878031,0.400752480835,3.05568972947,-1.16199044682,-0.320601984668,92.6044998169,0.739762234958,-0.67495154667,-0.564888425139,0.541495218124,0.266145666698,1.15853899005,0.137674775713,100.0
10.518698,-0.849825356489,-0.109679626334,0.249271878031,0.401519471229,3.05684021506,-1.16160695163,-0.31906800388,92.6044998169,0.736310778185,-0.674184556276,-0.564888425139,0.525771915048,0.266145666698,1.18078171147,0.137291280516,100.0
10.528665,-0.850208851685,-0.110063121531,0.248888382834,0.401135976032,3.05607322466,-1.16160695163,-0.320218489471,92.6044998169,0.7343933022,-0.673034070685,-0.564504929942,0.510432107169,0.266529161895,1.2034079281,0.136524290122,100.0
10.538657,-0.849441861292,-0.110063121531,0.250038868425,0.401519471229,3.05607322466,-1.16160695163,-0.320218489471,92.6044998169,0.73055835023,-0.672650575488,-0.564888425139,0.495475794487,0.265762171501,1.22565064952,0.136907785319,100.0
10.548656,-0.849825356489,-0.10891263594,0.250038868425,0.401135976032,3.05607322466,-1.16160695163,-0.320218489471,92.6044998169,0.728257379049,-0.6711165947,-0.563737939548,0.482053462593,0.265762171501,1.24674288535,0.138441766107,100.0
10.558675,-0.850592346882,-0.109296131137,0.249655373228,0.402286461623,3.05645671986,-1.16237394202,-0.320218489471,92.6044998169,0.724038931882,-0.669199118715,-0.563737939548,0.466713654714,0.265378676304,1.26706813079,0.13805827091,100.0
10.568651,-0.849058366095,-0.109679626334,0.249655373228,0.401519471229,3.05645671986,-1.16237394202,-0.320218489471,92.6044998169,0.7217379607,-0.668432128321,-0.563354444351,0.452140837229,0.265762171501,1.28700988104,0.137674775713,100.0
10.578656,-0.849825356489,-0.109296131137,0.249271878031,0.401135976032,3.05645671986,-1.16199044682,-0.319834994274,92.6044998169,0.719820484715,-0.667665137927,-0.562970949154,0.436034038956,0.265378676304,1.30618464088,0.136907785319,100.0
10.588659,-0.849825356489,-0.108529140743,0.249655373228,0.401902966426,3.05684021506,-1.16160695163,-0.319834994274,92.6044998169,0.715218542352,-0.666131157139,-0.56220395876,0.422995202259,0.264995181107,1.32574289593,0.136907785319,100.0
10.598672,-0.849058366095,-0.110063121531,0.249655373228,0.401519471229,3.05645671986,-1.16199044682,-0.31906800388,92.6044998169,0.713301066367,-0.664213681154,-0.561053473169,0.408422384774,0.265762171501,1.34376717019,0.137291280516,100.0
10.608671,-0.849825356489,-0.108529140743,0.249271878031,0.40266995682,3.05645671986,-1.16237394202,-0.320218489471,92.6044998169,0.709466114397,-0.662679700366,-0.561053473169,0.39500005288,0.264995181107,1.36217493964,0.137291280516,100.0
10.618655,-0.850208851685,-0.109679626334,0.249655373228,0.401902966426,3.05607322466,-1.16199044682,-0.320218489471,92.6044998169,0.704864172033,-0.660762224382,-0.560669977972,0.381961216183,0.265378676304,1.37751474752,0.137291280516,100.0
10.628702,-0.849058366095,-0.109296131137,0.249655373228,0.401902966426,3.05568972947,-1.16160695163,-0.31906800388,92.6044998169,0.704480676836,-0.659228243594,-0.559519492381,0.368155389092,0.265762171501,1.39553902178,0.136907785319,100.0
10.638734,-0.850592346882,-0.10891263594,0.249271878031,0.402286461623,3.05607322466,-1.16314093241,-0.320218489471,92.6044998169,0.699111744079,-0.657694262806,-0.55836900679,0.353582571608,0.265762171501,1.41202931525,0.138441766107,100.0
10.648784,-0.850208851685,-0.108529140743,0.249655373228,0.401519471229,3.05645671986,-1.16160695163,-0.319451499077,92.6044998169,0.696810772897,-0.65462630123,-0.557985511593,0.341310725305,0.265762171501,1.42660213273,0.139208756501,100.0
10.658732,-0.850592346882,-0.10891263594,0.248888382834,0.401519471229,3.05607322466,-1.16199044682,-0.31906800388,92.6044998169,0.69259232573,-0.652708825245,-0.556451530805,0.327504898214,0.265762171501,1.44232543581,0.13805827091,100.0
10.668762,-0.850208851685,-0.109296131137,0.248888382834,0.401519471229,3.05684021506,-1.16275743722,-0.319834994274,92.6044998169,0.690674849745,-0.65079134926,-0.555684540411,0.31523305191,0.264995181107,1.4561312629,0.13805827091,100.0
10.678717,-0.849441861292,-0.109679626334,0.249271878031,0.401902966426,3.05607322466,-1.16275743722,-0.320218489471,92.6044998169,0.686456402579,-0.648490378079,-0.554150559624,0.302194215213,0.265378676304,1.47147107078,0.138825261304,100.0
10.688876,-0.850592346882,-0.109296131137,0.248504887637,0.401902966426,3.05607322466,-1.16237394202,-0.319834994274,92.6044998169,0.684155431397,-0.6458059117,-0.55338356923,0.289155378516,0.265762171501,1.48566039307,0.138825261304,100.0
10.698954,-0.849441861292,-0.108529140743,0.248888382834,0.401902966426,3.05530623427,-1.16160695163,-0.319834994274,92.6044998169,0.680703974624,-0.642354454927,-0.552233083639,0.276116541819,0.264995181107,1.49869922976,0.137674775713,100.0
10.708923,-0.849825356489,-0.109296131137,0.248888382834,0.401135976032,3.05568972947,-1.16237394202,-0.319451499077,92.6044998169,0.677252517851,-0.639286493351,-0.552233083639,0.263461200319,0.265762171501,1.51097107607,0.137674775713,100.0
10.718927,-0.850592346882,-0.10891263594,0.249271878031,0.401519471229,3.05684021506,-1.16237394202,-0.319834994274,92.6044998169,0.674184556276,-0.636985522169,-0.550315607654,0.25195634441,0.265378676304,1.52400991276,0.138441766107,100.0
10.728890,-0.850975842079,-0.109296131137,0.250038868425,0.401902966426,3.05684021506,-1.16199044682,-0.319451499077,92.6044998169,0.670733099503,-0.633917560594,-0.550315607654,0.238150517319,0.265762171501,1.53628175907,0.13805827091,100.0
10.738933,-0.849441861292,-0.10891263594,0.248888382834,0.401519471229,3.05684021506,-1.16275743722,-0.319451499077,92.6044998169,0.666898147533,-0.630466103821,-0.546864150881,0.22664566141,0.265762171501,1.54855360537,0.138441766107,100.0
10.748894,-0.850975842079,-0.10891263594,0.249271878031,0.401519471229,3.05607322466,-1.16122345643,-0.319834994274,92.6044998169,0.663063195563,-0.627014647048,-0.546864150881,0.21399031991,0.265762171501,1.56120894687,0.139208756501,100.0
10.758899,-0.850592346882,-0.109296131137,0.248888382834,0.401902966426,3.05684021506,-1.16199044682,-0.319834994274,92.6044998169,0.661145719579,-0.623946685472,-0.54571366529,0.200951483213,0.26461168591,1.57233030758,0.138825261304,100.0
10.768789,-0.849825356489,-0.10891263594,0.248504887637,0.400752480835,3.05684021506,-1.16160695163,-0.319834994274,92.6044998169,0.657310767609,-0.6204952287,-0.544563179699,0.188296141713,0.265378676304,1.58345166829,0.140742737288,100.0
10.778804,-0.849441861292,-0.110063121531,0.249655373228,0.400752480835,3.05607322466,-1.16199044682,-0.319451499077,92.6044998169,0.65462630123,-0.617427267124,-0.543029198911,0.176407790607,0.265378676304,1.5949565242,0.144194194061,100.0
10.788786,-0.850592346882,-0.109679626334,0.249271878031,0.40266995682,3.05684021506,-1.16199044682,-0.320601984668,92.6044998169,0.651558339654,-0.613975810351,-0.541495218124,0.164135944304,0.265378676304,1.60646138011,0.147262155637,100.0
10.798700,-0.850208851685,-0.10891263594,0.249271878031,0.401135976032,3.05645671986,-1.16199044682,-0.319834994274,92.6044998169,0.649257368473,-0.610524353578,-0.539577742139,0.151480602804,0.266145666698,1.61681575043,0.148796136425,100.0
10.808681,-0.849441861292,-0.109679626334,0.248504887637,0.401135976032,3.05645671986,-1.16237394202,-0.319834994274,92.6044998169,0.646956397291,-0.607072896806,-0.538427256548,0.13805827091,0.266529161895,1.62717012075,0.149179631622,100.0
10.818676,-0.849825356489,-0.109679626334,0.249271878031,0.401519471229,3.05645671986,-1.16275743722,-0.31906800388,92.6044998169,0.64197095973,-0.60400493523,-0.536509780563,0.126553415001,0.265762171501,1.63867497666,0.150330117213,100.0
10.828674,-0.850208851685,-0.109679626334,0.248888382834,0.401519471229,3.05568972947,-1.16237394202,-0.320218489471,92.6044998169,0.640053483745,-0.599402992866,-0.533825314184,0.114281568697,0.265378676304,1.64826235658,0.151097107607,100.0
10.838764,-0.849825356489,-0.110446616728,0.248888382834,0.401135976032,3.05607322466,-1.16160695163,-0.319451499077,92.6044998169,0.636985522169,-0.5951845457,-0.532291333396,0.101626227197,0.265378676304,1.65784973651,0.151480602804,100.0
10.848756,-0.850592346882,-0.109679626334,0.249655373228,0.401519471229,3.05607322466,-1.16160695163,-0.320218489471,92.6044998169,0.633917560594,-0.591733088927,-0.530373857411,0.0905048664852,0.264995181107,1.66782061163,0.154165069182,100.0
10.858834,-0.850208851685,-0.109679626334,0.248888382834,0.400752480835,3.05645671986,-1.16160695163,-0.319834994274,92.6044998169,0.630082608624,-0.589815612942,-0.528456381427,0.0778495249852,0.264995181107,1.67855847714,0.156082545167,100.0
10.868768,-0.850208851685,-0.109296131137,0.249271878031,0.401135976032,3.05645671986,-1.16160695163,-0.320218489471,92.6044998169,0.627781637442,-0.58367968979,-0.526922400639,0.0655776786821,0.265378676304,1.68776236187,0.157616525955,100.0
10.878786,-0.849058366095,-0.109296131137,0.249271878031,0.401519471229,3.05645671986,-1.16237394202,-0.319834994274,92.6044998169,0.625097171063,-0.581378718609,-0.525771915048,0.052922337182,0.265762171501,1.6973497418,0.161067982728,100.0
10.888896,-0.850208851685,-0.109296131137,0.248888382834,0.401135976032,3.05568972947,-1.16160695163,-0.320218489471,92.6044998169,0.621645714291,-0.577927261836,-0.523087448669,0.039883500485,0.264995181107,1.70540314093,0.163752449107,100.0
10.898935,-0.850208851685,-0.109296131137,0.249655373228,0.400752480835,3.05645671986,-1.16160695163,-0.319451499077,92.6044998169,0.618961247912,-0.573708814669,-0.521553467881,0.026461168591,0.265378676304,1.71537401605,0.165669925092,100.0
10.909005,-0.849058366095,-0.109679626334,0.248888382834,0.401135976032,3.05645671986,-1.16160695163,-0.319834994274,92.6044998169,0.615893286336,-0.569873862699,-0.520019487093,0.013422331894,0.264995181107,1.72496139598,0.167587401076,100.0
10.918981,-0.850208851685,-0.110063121531,0.249655373228,0.401135976032,3.05684021506,-1.16237394202,-0.319834994274,92.6044998169,0.61282532476,-0.564888425139,-0.518485506305,-0.000766990393943,0.264228190713,1.73569926149,0.167587401076,100.0
10.928920,-0.850208851685,-0.110063121531,0.248888382834,0.401902966426,3.05607322466,-1.16199044682,-0.319451499077,92.6044998169,0.610140858381,-0.563354444351,-0.51656803032,-0.013422331894,0.263461200319,1.74528664142,0.169121381864,100.0
10.938913,-0.849825356489,-0.109679626334,0.249271878031,0.401519471229,3.05684021506,-1.16122345643,-0.320218489471,92.6044998169,0.607072896806,-0.559902987578,-0.515417544729,-0.026844663788,0.263077705122,1.75449052614,0.17218934344,100.0
10.948835,-0.850592346882,-0.109679626334,0.248888382834,0.401519471229,3.05607322466,-1.16275743722,-0.319451499077,92.6044998169,0.604388430427,-0.556451530805,-0.513116573548,-0.0421844716668,0.263461200319,1.76331091567,0.177174781001,100.0
10.958803,-0.850592346882,-0.109679626334,0.248504887637,0.401135976032,3.05645671986,-1.16122345643,-0.319834994274,92.6044998169,0.601320468851,-0.552616578836,-0.51158259276,-0.0548398131669,0.263077705122,1.7725148004,0.18100973297,100.0
10.968816,-0.849825356489,-0.110063121531,0.249271878031,0.401135976032,3.05568972947,-1.16199044682,-0.320218489471,92.6044998169,0.599019497669,-0.550315607654,-0.509665116775,-0.0613592315154,0.262310714728,1.78248567552,0.183694199349,100.0
10.978796,-0.849825356489,-0.109679626334,0.249271878031,0.401519471229,3.05645671986,-1.16160695163,-0.319451499077,92.6044998169,0.597485516881,-0.553767064427,-0.508131135987,-0.0602087459245,0.262310714728,1.78632062749,0.189063132107,100.0
10.988845,-0.849441861292,-0.109679626334,0.249655373228,0.402286461623,3.05607322466,-1.16160695163,-0.319834994274,92.6044998169,0.597869012078,-0.554917550018,-0.504679679214,-0.0590582603336,0.261543724334,1.79053907466,0.191364103289,100.0
10.998730,-0.850592346882,-0.110446616728,0.249655373228,0.401902966426,3.05645671986,-1.16237394202,-0.320985479865,92.6044998169,0.59633503129,-0.555301045215,-0.503529193623,-0.0598252507275,0.263077705122,1.7978254834,0.194815560061,100.0
11.008700,-0.850208851685,-0.10891263594,0.248888382834,0.401519471229,3.05684021506,-1.16199044682,-0.319834994274,92.6044998169,0.594801050503,-0.557985511593,-0.501228222442,-0.0586747651366,0.262310714728,1.80587888254,0.197116531243,100.0
11.018682,-0.850208851685,-0.10891263594,0.248504887637,0.401902966426,3.05722371026,-1.16122345643,-0.319451499077,92.6044998169,0.595568040897,-0.559135997184,-0.497393270472,-0.0563737939548,0.261543724334,1.8112478153,0.199034007228,100.0
11.028676,-0.850208851685,-0.109679626334,0.249271878031,0.40266995682,3.05722371026,-1.16083996123,-0.319834994274,92.6044998169,0.593267069715,-0.559519492381,-0.496242784881,-0.0544563179699,0.263844695516,1.81546626246,0.201718473607,100.0
11.038682,-0.850208851685,-0.110063121531,0.249271878031,0.401902966426,3.05568972947,-1.16199044682,-0.319834994274,92.6044998169,0.593650564912,-0.561436968366,-0.494708804093,-0.0510048611972,0.263461200319,1.81891771924,0.203252454395,100.0
11.048685,-0.850208851685,-0.110446616728,0.248888382834,0.40266995682,3.05568972947,-1.16352442761,-0.31906800388,92.6044998169,0.593267069715,-0.564121434745,-0.491640842517,-0.0502378708032,0.262694209925,1.82236917601,0.204402939986,100.0
11.058681,-0.850208851685,-0.109679626334,0.248888382834,0.402286461623,3.05645671986,-1.16275743722,-0.319834994274,92.6044998169,0.592883574518,-0.563354444351,-0.488956376138,-0.0517718515911,0.263077705122,1.82697111837,0.204786435183,100.0
11.068703,-0.849825356489,-0.10891263594,0.249655373228,0.400752480835,3.05607322466,-1.16275743722,-0.319834994274,92.6044998169,0.592883574518,-0.562587453957,-0.487805890548,-0.0544563179699,0.262694209925,1.82965558475,0.205936920774,100.0
11.078693,-0.850592346882,-0.10891263594,0.249655373228,0.401135976032,3.05568972947,-1.16237394202,-0.31906800388,92.6044998169,0.591733088927,-0.564121434745,-0.484737928972,-0.0548398131669,0.261927219531,1.83195655593,0.205936920774,100.0
11.088694,-0.850592346882,-0.109679626334,0.249271878031,0.402286461623,3.05607322466,-1.16237394202,-0.319834994274,92.6044998169,0.589815612942,-0.564504929942,-0.481669967396,-0.0552233083639,0.261543724334,1.83310704152,0.205553425577,100.0
11.098695,-0.849825356489,-0.10891263594,0.249655373228,0.401902966426,3.05684021506,-1.16199044682,-0.31906800388,92.6044998169,0.590199108139,-0.564504929942,-0.480135986608,-0.0556068035608,0.262310714728,1.83502451751,0.205553425577,100.0
11.108693,-0.850592346882,-0.108529140743,0.248504887637,0.401135976032,3.05645671986,-1.16199044682,-0.319451499077,92.6044998169,0.589048622548,-0.565655415533,-0.478218510623,-0.0563737939548,0.260776733941,1.83924296467,0.20516993038,100.0
11.118684,-0.849825356489,-0.108529140743,0.249271878031,0.401519471229,3.05645671986,-1.16314093241,-0.320601984668,92.6044998169,0.588281632154,-0.564121434745,-0.476301034638,-0.0579077747427,0.260393238744,1.84154393586,0.204786435183,100.0
11.128697,-0.850592346882,-0.108529140743,0.249271878031,0.401135976032,3.05607322466,-1.16237394202,-0.319451499077,92.6044998169,0.586747651366,-0.565271920336,-0.475150549048,-0.0567572891518,0.261160229137,1.84422840224,0.205936920774,100.0
11.138696,-0.851359337276,-0.109679626334,0.249271878031,0.400752480835,3.05607322466,-1.16275743722,-0.319834994274,92.6044998169,0.587898136957,-0.566422405927,-0.472849577866,-0.0556068035608,0.261160229137,1.84614587822,0.205553425577,100.0
11.148701,-0.850975842079,-0.109296131137,0.249271878031,0.401902966426,3.05568972947,-1.16199044682,-0.320218489471,92.6044998169,0.586747651366,-0.566805901124,-0.470548606684,-0.0556068035608,0.260776733941,1.84691286861,0.205936920774,100.0
11.158709,-0.850975842079,-0.109296131137,0.248888382834,0.402286461623,3.05607322466,-1.16314093241,-0.320218489471,92.6044998169,0.585213670578,-0.566422405927,-0.468631130699,-0.0556068035608,0.260393238744,1.8492138398,0.206320415971,100.0
11.168697,-0.850592346882,-0.109679626334,0.249271878031,0.401519471229,3.05607322466,-1.16275743722,-0.320218489471,92.6044998169,0.585213670578,-0.567189396321,-0.467097149911,-0.0571407843487,0.260009743547,1.85074782058,0.206320415971,100.0
11.178706,-0.850592346882,-0.110063121531,0.249271878031,0.401519471229,3.05645671986,-1.16390792281,-0.319834994274,92.6044998169,0.584830175381,-0.566805901124,-0.465563169123,-0.0567572891518,0.260393238744,1.85266529657,0.207087406365,100.0
11.188732,-0.850592346882,-0.110063121531,0.249271878031,0.401519471229,3.05607322466,-1.16314093241,-0.319451499077,92.6044998169,0.584446680184,-0.567956386715,-0.464796178729,-0.0567572891518,0.25962624835,1.85381578216,0.206320415971,100.0
11.198671,-0.849441861292,-0.109296131137,0.249271878031,0.401902966426,3.05530623427,-1.16314093241,-0.319834994274,92.6044998169,0.584063184987,-0.567572891518,-0.462495207547,-0.0559902987578,0.260009743547,1.85381578216,0.207087406365,100.0
11.208683,-0.849825356489,-0.110063121531,0.249271878031,0.401519471229,3.05645671986,-1.16199044682,-0.320218489471,92.6044998169,0.583296194593,-0.567189396321,-0.460577731563,-0.0556068035608,0.260009743547,1.85688374374,0.208621387152,100.0
11.218678,-0.849825356489,-0.109679626334,0.248504887637,0.401135976032,3.05607322466,-1.16160695163,-0.319451499077,92.6044998169,0.582912699396,-0.566422405927,-0.459043750775,-0.0571407843487,0.260009743547,1.85726723893,0.212839834319,100.0
11.228701,-0.849441861292,-0.110446616728,0.249271878031,0.401519471229,3.05607322466,-1.16083996123,-0.320218489471,92.6044998169,0.582912699396,-0.567572891518,-0.457893265184,-0.0556068035608,0.259242753153,1.85918471492,0.215524300698,100.0
11.238683,-0.849825356489,-0.110063121531,0.249271878031,0.401519471229,3.05568972947,-1.16160695163,-0.319451499077,92.6044998169,0.582529204199,-0.567572891518,-0.455975789199,-0.0556068035608,0.259242753153,1.85995170531,0.215907795895,100.0
11.248681,-0.849441861292,-0.110063121531,0.248504887637,0.401135976032,3.05645671986,-1.16160695163,-0.320218489471,92.6044998169,0.580995223412,-0.567189396321,-0.455208798805,-0.0563737939548,0.259242753153,1.8614856861,0.215140805501,100.0
11.258683,-0.849825356489,-0.110063121531,0.248888382834,0.401135976032,3.05645671986,-1.16160695163,-0.320601984668,92.6044998169,0.580995223412,-0.56603891073,-0.454058313214,-0.0563737939548,0.257708772365,1.86301966689,0.215140805501,100.0
11.268690,-0.850208851685,-0.110063121531,0.249271878031,0.401519471229,3.05607322466,-1.16122345643,-0.319834994274,92.6044998169,0.580995223412,-0.566422405927,-0.452907827623,-0.0559902987578,0.256174791577,1.86493714287,0.216674786289,100.0
11.278697,-0.849441861292,-0.109296131137,0.249655373228,0.402286461623,3.05568972947,-1.16045646604,-0.320218489471,92.6044998169,0.580228233018,-0.56603891073,-0.451373846835,-0.0556068035608,0.256174791577,1.86608762846,0.216291291092,100.0
11.288702,-0.850208851685,-0.109679626334,0.248504887637,0.401902966426,3.05568972947,-1.16122345643,-0.319834994274,92.6044998169,0.579461242624,-0.565655415533,-0.450990351638,-0.0556068035608,0.254640810789,1.86762160925,0.217058281486,100.0
11.298699,-0.848674870898,-0.110063121531,0.249655373228,0.401902966426,3.05568972947,-1.16275743722,-0.319451499077,92.6044998169,0.579077747427,-0.564121434745,-0.44945637085,-0.0563737939548,0.253490325198,1.86992258043,0.217441776683,100.0
11.308704,-0.850208851685,-0.109296131137,0.248888382834,0.401519471229,3.05645671986,-1.16275743722,-0.319834994274,92.6044998169,0.578310757033,-0.564121434745,-0.44945637085,-0.0563737939548,0.250038868425,1.87260704681,0.21782527188,100.0
11.318698,-0.850208851685,-0.110063121531,0.248888382834,0.401519471229,3.05722371026,-1.16160695163,-0.320218489471,92.6044998169,0.577927261836,-0.564504929942,-0.44830588526,-0.0556068035608,0.247737897243,1.8745245228,0.217058281486,100.0
11.328677,-0.850592346882,-0.110063121531,0.249271878031,0.400752480835,3.05607322466,-1.16275743722,-0.31906800388,92.6044998169,0.576393281048,-0.562970949154,-0.447922390063,-0.0563737939548,0.244669935668,1.87759248437,0.217441776683,100.0
11.338938,-0.849441861292,-0.110063121531,0.248888382834,0.401135976032,3.05607322466,-1.16122345643,-0.31906800388,92.6044998169,0.575242795457,-0.562970949154,-0.446771904472,-0.0571407843487,0.242752459683,1.87989345555,0.217058281486,100.0
11.348957,-0.849441861292,-0.109679626334,0.248504887637,0.401519471229,3.05607322466,-1.16122345643,-0.320601984668,92.6044998169,0.574092309866,-0.562970949154,-0.445621418881,-0.0563737939548,0.23930100291,1.88296141713,0.21782527188,100.0
11.358952,-0.849058366095,-0.109679626334,0.248888382834,0.401902966426,3.05607322466,-1.16122345643,-0.319834994274,92.6044998169,0.573325319472,-0.562970949154,-0.446004914078,-0.0571407843487,0.237000031728,1.88449539792,0.217058281486,100.0
11.368904,-0.849825356489,-0.110063121531,0.249655373228,0.401519471229,3.05607322466,-1.16199044682,-0.319834994274,92.6044998169,0.571791338684,-0.563354444351,-0.443703942896,-0.0563737939548,0.233932070153,1.88756335949,0.216674786289,100.0
11.378931,-0.849825356489,-0.109679626334,0.248888382834,0.401519471229,3.05645671986,-1.16199044682,-0.31906800388,92.6044998169,0.570640853093,-0.562587453957,-0.442936952502,-0.0559902987578,0.232398089365,1.88871384508,0.216291291092,100.0
11.388846,-0.849441861292,-0.110063121531,0.249271878031,0.401135976032,3.05568972947,-1.16275743722,-0.31906800388,92.6044998169,0.569873862699,-0.563354444351,-0.442169962108,-0.0567572891518,0.230097118183,1.89101481627,0.215907795895,100.0
11.398833,-0.849441861292,-0.109679626334,0.248888382834,0.401902966426,3.05568972947,-1.16275743722,-0.320218489471,92.6044998169,0.567572891518,-0.562970949154,-0.44063598132,-0.0575242795457,0.229330127789,1.89254879705,0.216291291092,100.0
11.408746,-0.849825356489,-0.109679626334,0.248504887637,0.401519471229,3.05645671986,-1.16199044682,-0.319834994274,92.6044998169,0.565655415533,-0.563354444351,-0.439485495729,-0.0563737939548,0.227029156607,1.89446627304,0.214757310304,100.0
11.418774,-0.850208851685,-0.109679626334,0.249655373228,0.401519471229,3.05645671986,-1.16199044682,-0.319834994274,92.6044998169,0.565271920336,-0.564504929942,-0.437951514941,-0.0567572891518,0.225495175819,1.89600025383,0.215907795895,100.0
11.428744,-0.849825356489,-0.109296131137,0.248888382834,0.401135976032,3.05722371026,-1.16160695163,-0.320218489471,92.6044998169,0.563354444351,-0.565271920336,-0.436417534153,-0.0579077747427,0.225878671016,1.89753423461,0.215524300698,100.0
11.438764,-0.849441861292,-0.109679626334,0.248504887637,0.401519471229,3.05607322466,-1.16314093241,-0.320218489471,92.6044998169,0.561820463563,-0.566805901124,-0.435267048562,-0.0575242795457,0.226262166213,1.8990682154,0.215907795895,100.0
11.448742,-0.850592346882,-0.109679626334,0.248888382834,0.401902966426,3.05722371026,-1.16237394202,-0.320218489471,92.6044998169,0.560669977972,-0.569490367502,-0.434116562972,-0.0563737939548,0.226262166213,1.90136918658,0.214373815107,100.0
11.458771,-0.849441861292,-0.110446616728,0.248888382834,0.401135976032,3.05607322466,-1.16122345643,-0.320218489471,92.6044998169,0.558752501987,-0.571407843487,-0.434116562972,-0.0575242795457,0.225878671016,1.90290316737,0.21399031991,100.0
11.468755,-0.849441861292,-0.109679626334,0.249655373228,0.402286461623,3.05684021506,-1.16199044682,-0.319451499077,92.6044998169,0.556451530805,-0.572941824275,-0.431432096593,-0.0567572891518,0.227029156607,1.90405365296,0.213606824713,100.0
11.478769,-0.850208851685,-0.109296131137,0.248888382834,0.401519471229,3.05645671986,-1.16160695163,-0.31906800388,92.6044998169,0.555684540411,-0.575242795457,-0.430281611002,-0.0563737939548,0.227412651804,1.90520413855,0.212072843925,100.0
11.488757,-0.850208851685,-0.10891263594,0.24812139244,0.401135976032,3.05645671986,-1.16160695163,-0.320218489471,92.6044998169,0.553767064427,-0.577927261836,-0.428364135017,-0.0571407843487,0.227412651804,1.90673811934,0.211689348728,100.0
11.498897,-0.849825356489,-0.109679626334,0.248888382834,0.401135976032,3.05645671986,-1.16237394202,-0.31906800388,92.6044998169,0.552233083639,-0.580611728215,-0.425679668638,-0.0571407843487,0.228946632592,1.90903909052,0.209388377546,100.0
11.508863,-0.850208851685,-0.109679626334,0.24812139244,0.401902966426,3.05607322466,-1.16199044682,-0.320601984668,92.6044998169,0.551082598048,-0.582912699396,-0.423378697456,-0.0567572891518,0.229713622986,1.91018957611,0.207854396758,100.0
11.518826,-0.849441861292,-0.109296131137,0.249271878031,0.401519471229,3.05607322466,-1.16237394202,-0.320601984668,92.6044998169,0.54954861726,-0.58751464176,-0.421461221472,-0.0571407843487,0.230097118183,1.9121070521,0.205936920774,100.0
11.528748,-0.850208851685,-0.110063121531,0.248888382834,0.401135976032,3.05530623427,-1.16275743722,-0.319451499077,92.6044998169,0.547631141275,-0.590199108139,-0.419927240684,-0.0563737939548,0.232014594168,1.91440802328,0.204786435183,100.0
11.538762,-0.850208851685,-0.109296131137,0.249271878031,0.400752480835,3.05607322466,-1.16237394202,-0.319451499077,92.6044998169,0.546480655684,-0.592883574518,-0.418009764699,-0.0559902987578,0.233548574956,1.91632549927,0.202101968804,100.0
11.548666,-0.849825356489,-0.109679626334,0.248888382834,0.401519471229,3.05607322466,-1.16160695163,-0.320601984668,92.6044998169,0.544946674896,-0.59633503129,-0.415708793517,-0.0563737939548,0.234699060546,1.91900996564,0.199417502425,100.0
11.558656,-0.849441861292,-0.109679626334,0.249271878031,0.401902966426,3.05568972947,-1.16237394202,-0.319451499077,92.6044998169,0.544563179699,-0.600936973654,-0.414174812729,-0.0563737939548,0.23546605094,1.92169443202,0.197116531243,100.0
11.568654,-0.849058366095,-0.110063121531,0.248888382834,0.400752480835,3.05607322466,-1.16199044682,-0.319834994274,92.6044998169,0.541878713321,-0.605538916018,-0.411106851153,-0.0563737939548,0.237767022122,1.9243788984,0.194432064864,100.0
11.578717,-0.849058366095,-0.109679626334,0.249655373228,0.401519471229,3.05607322466,-1.16199044682,-0.31906800388,92.6044998169,0.54072822773,-0.609373867987,-0.409189375168,-0.0563737939548,0.238917507713,1.92744685998,0.19251458888,100.0
11.588764,-0.849441861292,-0.110446616728,0.249271878031,0.401519471229,3.05607322466,-1.16199044682,-0.319834994274,92.6044998169,0.539961237336,-0.613592315154,-0.406121413593,-0.0575242795457,0.23930100291,1.93128181195,0.18867963691,100.0
11.598725,-0.849825356489,-0.109296131137,0.248888382834,0.401135976032,3.05607322466,-1.16199044682,-0.319834994274,92.6044998169,0.537660266154,-0.617043771927,-0.404970928002,-0.0567572891518,0.240834983698,1.93396627833,0.186378665728,100.0
11.608716,-0.850592346882,-0.110446616728,0.248888382834,0.401519471229,3.05684021506,-1.16237394202,-0.320218489471,92.6044998169,0.537660266154,-0.622029209488,-0.402286461623,-0.0567572891518,0.241985469289,1.9374177351,0.183310704152,100.0
11.618736,-0.849825356489,-0.109679626334,0.249655373228,0.401902966426,3.05607322466,-1.16160695163,-0.320218489471,92.6044998169,0.535742790169,-0.626247656654,-0.400752480835,-0.0559902987578,0.243519450077,1.94125268707,0.180242742577,100.0
11.628737,-0.850208851685,-0.110063121531,0.248888382834,0.401902966426,3.05645671986,-1.16160695163,-0.320601984668,92.6044998169,0.533441818987,-0.629699113427,-0.398451509653,-0.0563737939548,0.245053430865,1.94623812463,0.179475752183,100.0
11.638736,-0.850592346882,-0.110446616728,0.249271878031,0.400752480835,3.05645671986,-1.16237394202,-0.319834994274,92.6044998169,0.532674828593,-0.635451541382,-0.396917528865,-0.0567572891518,0.245820421259,1.9500730766,0.177941771395,100.0
11.648890,-0.850592346882,-0.110830111925,0.249271878031,0.401519471229,3.05568972947,-1.16352442761,-0.319451499077,92.6044998169,0.531907838199,-0.640053483745,-0.394233062487,-0.0575242795457,0.246587411653,1.95505851416,0.177558276198,100.0
11.658896,-0.850208851685,-0.110446616728,0.248504887637,0.401902966426,3.05684021506,-1.16199044682,-0.319834994274,92.6044998169,0.530373857411,-0.644271930912,-0.393082576896,-0.0559902987578,0.247354402047,1.95966045652,0.178708761789,100.0
11.668953,-0.849441861292,-0.110446616728,0.248504887637,0.401902966426,3.05568972947,-1.16160695163,-0.319451499077,92.6044998169,0.529990362214,-0.649257368473,-0.391165100911,-0.0563737939548,0.24812139244,1.96541288448,0.178325266592,100.0
11.678899,-0.849825356489,-0.110063121531,0.249271878031,0.401519471229,3.05607322466,-1.16199044682,-0.319834994274,92.6044998169,0.52922337182,-0.653092320442,-0.389247624926,-0.0567572891518,0.24812139244,1.96963133164,0.177941771395,100.0
11.688840,-0.850208851685,-0.110063121531,0.248888382834,0.401519471229,3.05684021506,-1.16275743722,-0.319834994274,92.6044998169,0.52807288623,-0.657694262806,-0.386946653744,-0.0567572891518,0.24812139244,1.9750002644,0.178325266592,100.0
11.698866,-0.850208851685,-0.109679626334,0.248504887637,0.401135976032,3.05568972947,-1.16199044682,-0.319834994274,92.6044998169,0.527689391033,-0.661912709973,-0.38617966335,-0.0567572891518,0.24812139244,1.97998570196,0.177941771395,100.0
11.708792,-0.849441861292,-0.110063121531,0.248888382834,0.401902966426,3.05568972947,-1.16122345643,-0.31906800388,92.6044998169,0.527689391033,-0.665747661942,-0.384262187365,-0.0559902987578,0.24812139244,1.98688861551,0.179092256986,100.0
11.718810,-0.850975842079,-0.110830111925,0.249655373228,0.401135976032,3.05645671986,-1.16160695163,-0.319834994274,92.6044998169,0.526922400639,-0.670733099503,-0.382728206577,-0.0567572891518,0.247737897243,1.99225754827,0.180242742577,100.0
11.728806,-0.850208851685,-0.110446616728,0.248504887637,0.400752480835,3.05607322466,-1.16160695163,-0.319451499077,92.6044998169,0.526155410245,-0.674184556276,-0.38119422579,-0.0559902987578,0.247737897243,1.99724298583,0.181393228167,100.0
11.738808,-0.849441861292,-0.110446616728,0.248888382834,0.401519471229,3.05645671986,-1.16160695163,-0.319834994274,92.6044998169,0.526155410245,-0.678403003442,-0.380043740199,-0.0559902987578,0.247737897243,2.00299541378,0.182927208955,100.0
11.748855,-0.849058366095,-0.110446616728,0.248888382834,0.401135976032,3.05645671986,-1.16122345643,-0.319834994274,92.6044998169,0.526155410245,-0.681854460215,-0.378509759411,-0.0563737939548,0.24697090685,2.00874784174,0.18484468494,100.0
11.758863,-0.849825356489,-0.109679626334,0.248504887637,0.401519471229,3.05607322466,-1.16199044682,-0.319834994274,92.6044998169,0.525771915048,-0.685689412185,-0.378509759411,-0.0571407843487,0.246587411653,2.0137332793,0.186762160925,100.0
11.768985,-0.849441861292,-0.110830111925,0.249271878031,0.401902966426,3.05607322466,-1.16199044682,-0.319451499077,92.6044998169,0.525771915048,-0.689524364154,-0.37735927382,-0.0567572891518,0.245436926062,2.01871871686,0.189063132107,100.0
11.778979,-0.849441861292,-0.110063121531,0.248504887637,0.401902966426,3.05645671986,-1.16199044682,-0.320218489471,92.6044998169,0.525388419851,-0.692975820927,-0.375825293032,-0.0579077747427,0.244669935668,2.02293716402,0.19251458888,100.0
11.788963,-0.849441861292,-0.110063121531,0.248888382834,0.401519471229,3.05645671986,-1.16199044682,-0.320218489471,92.6044998169,0.525388419851,-0.696810772897,-0.375825293032,-0.0571407843487,0.243902945274,2.0260051256,0.195199055258,100.0
11.798908,-0.849825356489,-0.109296131137,0.249271878031,0.402286461623,3.05645671986,-1.16160695163,-0.319834994274,92.6044998169,0.526155410245,-0.699878734473,-0.375441797835,-0.0563737939548,0.243902945274,2.02830609678,0.197883521637,100.0
11.808946,-0.849825356489,-0.110446616728,0.248504887637,0.401519471229,3.05568972947,-1.16275743722,-0.319451499077,92.6044998169,0.526538905442,-0.703713686442,-0.375825293032,-0.0567572891518,0.242752459683,2.02907308718,0.202485464001,100.0
11.818981,-0.850208851685,-0.109679626334,0.249655373228,0.401519471229,3.05684021506,-1.16237394202,-0.319451499077,92.6044998169,0.525388419851,-0.707548638412,-0.375058302638,-0.0563737939548,0.242368964486,2.02945658237,0.207087406365,100.0
11.828918,-0.849058366095,-0.110446616728,0.248888382834,0.401135976032,3.05607322466,-1.16237394202,-0.319834994274,92.6044998169,0.524621429457,-0.710616599988,-0.373907817047,-0.0567572891518,0.241601974092,2.02830609678,0.211305853531,100.0
11.838867,-0.850208851685,-0.109679626334,0.249271878031,0.401135976032,3.05645671986,-1.16237394202,-0.319834994274,92.6044998169,0.526922400639,-0.714068056761,-0.374291312244,-0.0571407843487,0.240451488501,2.02868959198,0.213606824713,100.0
11.848886,-0.849825356489,-0.110063121531,0.249271878031,0.402286461623,3.05607322466,-1.16237394202,-0.319834994274,92.6044998169,0.526155410245,-0.716752523139,-0.373907817047,-0.0567572891518,0.240451488501,2.02792260158,0.216674786289,100.0
11.858846,-0.849825356489,-0.111213607122,0.248888382834,0.401902966426,3.05607322466,-1.16199044682,-0.319834994274,92.6044998169,0.526538905442,-0.719436989518,-0.373140826653,-0.0571407843487,0.239684498107,2.02792260158,0.218592262274,100.0
11.868817,-0.849058366095,-0.109679626334,0.248888382834,0.401519471229,3.05645671986,-1.16122345643,-0.319834994274,92.6044998169,0.525771915048,-0.722504951094,-0.37352432185,-0.0563737939548,0.23930100291,2.0260051256,0.224728185425,100.0
11.878800,-0.850208851685,-0.110830111925,0.248888382834,0.401519471229,3.05684021506,-1.16237394202,-0.319451499077,92.6044998169,0.527689391033,-0.726339903064,-0.373907817047,-0.0563737939548,0.23930100291,2.02523813521,0.230864108577,100.0
11.888800,-0.850208851685,-0.110446616728,0.248888382834,0.401519471229,3.05607322466,-1.16199044682,-0.319451499077,92.6044998169,0.527689391033,-0.728640874246,-0.373140826653,-0.0567572891518,0.23930100291,2.02293716402,0.236616536531,100.0
11.898949,-0.849825356489,-0.109296131137,0.249271878031,0.401519471229,3.05645671986,-1.16275743722,-0.320218489471,92.6044998169,0.526538905442,-0.73055835023,-0.373907817047,-0.0563737939548,0.238534012516,2.02178667843,0.241985469289,100.0
11.908978,-0.849825356489,-0.110063121531,0.249271878031,0.401519471229,3.05607322466,-1.16237394202,-0.319451499077,92.6044998169,0.526922400639,-0.734009807003,-0.373140826653,-0.0556068035608,0.23930100291,2.02063619284,0.247354402047,100.0
11.918928,-0.850208851685,-0.110063121531,0.249655373228,0.401519471229,3.05568972947,-1.16237394202,-0.319834994274,92.6044998169,0.526155410245,-0.737077768579,-0.372757331456,-0.0559902987578,0.23930100291,2.01910221205,0.250805858819,100.0
11.928932,-0.850208851685,-0.110446616728,0.249271878031,0.401519471229,3.05568972947,-1.16199044682,-0.320601984668,92.6044998169,0.52807288623,-0.739378739761,-0.371990341062,-0.0567572891518,0.240067993304,2.01871871686,0.254257315592,100.0
11.938957,-0.850592346882,-0.110446616728,0.248504887637,0.401519471229,3.05645671986,-1.16237394202,-0.319451499077,92.6044998169,0.527305895836,-0.741296215746,-0.371990341062,-0.0563737939548,0.240451488501,2.01910221205,0.258092267562,100.0
11.948869,-0.849825356489,-0.110063121531,0.248888382834,0.402286461623,3.05607322466,-1.16199044682,-0.319451499077,92.6044998169,0.527689391033,-0.744747672518,-0.371223350668,-0.0575242795457,0.240451488501,2.01871871686,0.261543724334,100.0
11.958830,-0.849825356489,-0.110063121531,0.249271878031,0.401902966426,3.05645671986,-1.16122345643,-0.320218489471,92.6044998169,0.527305895836,-0.746665148503,-0.371223350668,-0.0556068035608,0.240451488501,2.01948570725,0.263461200319,100.0
11.968827,-0.850208851685,-0.110446616728,0.248504887637,0.401519471229,3.05568972947,-1.16275743722,-0.319834994274,92.6044998169,0.527305895836,-0.749733110079,-0.370072865077,-0.0571407843487,0.241218478895,2.01948570725,0.264995181107,100.0
11.978878,-0.850208851685,-0.110063121531,0.248888382834,0.401902966426,3.05645671986,-1.16199044682,-0.319451499077,92.6044998169,0.527305895836,-0.751650586064,-0.36968936988,-0.0563737939548,0.240834983698,2.01948570725,0.265378676304,100.0
11.988835,-0.849441861292,-0.110446616728,0.248888382834,0.401902966426,3.05645671986,-1.16237394202,-0.319451499077,92.6044998169,0.527305895836,-0.755102042837,-0.368922379486,-0.0563737939548,0.241601974092,2.01986920245,0.266912657092,100.0
11.998744,-0.849441861292,-0.109679626334,0.248888382834,0.401902966426,3.05684021506,-1.16237394202,-0.320601984668,92.6044998169,0.52807288623,-0.757786509215,-0.367388398699,-0.0567572891518,0.241218478895,2.01948570725,0.266529161895,100.0
12.008770,-0.849058366095,-0.110063121531,0.249271878031,0.401135976032,3.05607322466,-1.16199044682,-0.320218489471,92.6044998169,0.527305895836,-0.7597039852,-0.366621408305,-0.0563737939548,0.240834983698,2.01871871686,0.266145666698,100.0
12.018737,-0.849058366095,-0.110063121531,0.248888382834,0.402286461623,3.05607322466,-1.16199044682,-0.320601984668,92.6044998169,0.526922400639,-0.762771946776,-0.366621408305,-0.0559902987578,0.241218478895,2.01948570725,0.266145666698,100.0
12.028728,-0.849825356489,-0.110830111925,0.248888382834,0.401135976032,3.05645671986,-1.16199044682,-0.31906800388,92.6044998169,0.526155410245,-0.764689422761,-0.365470922714,-0.0563737939548,0.241218478895,2.01948570725,0.265762171501,100.0
12.038730,-0.849825356489,-0.110830111925,0.248888382834,0.401519471229,3.05607322466,-1.16160695163,-0.319834994274,92.6044998169,0.526155410245,-0.767757384337,-0.363936941926,-0.0559902987578,0.241218478895,2.01986920245,0.266529161895,100.0
12.048819,-0.849058366095,-0.109679626334,0.248504887637,0.401902966426,3.05607322466,-1.16199044682,-0.31906800388,92.6044998169,0.526538905442,-0.769674860322,-0.362402961138,-0.0567572891518,0.241601974092,2.02025269765,0.266145666698,100.0
12.058809,-0.849441861292,-0.110063121531,0.249271878031,0.401519471229,3.05530623427,-1.16199044682,-0.319834994274,92.6044998169,0.526155410245,-0.773509812291,-0.360485485153,-0.0571407843487,0.242368964486,2.02101968804,0.266529161895,100.0
12.068796,-0.849825356489,-0.109679626334,0.248888382834,0.402286461623,3.05645671986,-1.16237394202,-0.320218489471,92.6044998169,0.526155410245,-0.775810783473,-0.359334999562,-0.0571407843487,0.242368964486,2.02140318324,0.266529161895,100.0
12.078755,-0.849441861292,-0.109296131137,0.249271878031,0.402286461623,3.05568972947,-1.16199044682,-0.319451499077,92.6044998169,0.525771915048,-0.778878745049,-0.358184513971,-0.0563737939548,0.241985469289,2.02140318324,0.266529161895,100.0
12.088725,-0.849441861292,-0.109296131137,0.248888382834,0.401519471229,3.05607322466,-1.16160695163,-0.319834994274,92.6044998169,0.525388419851,-0.781563211428,-0.35703402838,-0.0559902987578,0.241985469289,2.02217017363,0.266145666698,100.0
12.098812,-0.848674870898,-0.110063121531,0.248504887637,0.401902966426,3.05568972947,-1.16237394202,-0.320218489471,92.6044998169,0.525771915048,-0.783480687412,-0.356267037986,-0.0563737939548,0.241601974092,2.02217017363,0.266145666698,100.0
12.108820,-0.849441861292,-0.109679626334,0.248888382834,0.401902966426,3.05645671986,-1.16237394202,-0.319451499077,92.6044998169,0.524621429457,-0.786932144185,-0.355116552395,-0.0563737939548,0.241218478895,2.02332065922,0.266529161895,100.0
12.118831,-0.849825356489,-0.110063121531,0.249271878031,0.400752480835,3.05607322466,-1.16160695163,-0.31906800388,92.6044998169,0.52423793426,-0.78884962017,-0.354349562002,-0.0567572891518,0.240834983698,2.02447114481,0.266145666698,100.0
12.128826,-0.849441861292,-0.110063121531,0.248888382834,0.400752480835,3.05684021506,-1.16199044682,-0.320218489471,92.6044998169,0.52423793426,-0.791917581746,-0.352815581214,-0.0567572891518,0.240067993304,2.0260051256,0.266912657092,100.0
12.138820,-0.849058366095,-0.109679626334,0.249271878031,0.401135976032,3.05645671986,-1.16199044682,-0.320218489471,92.6044998169,0.52423793426,-0.793451562534,-0.351281600426,-0.0567572891518,0.240451488501,2.02830609678,0.267296152289,100.0
12.149035,-0.849825356489,-0.109679626334,0.24812139244,0.401902966426,3.05607322466,-1.16199044682,-0.31906800388,92.6044998169,0.524621429457,-0.79651952411,-0.350514610032,-0.0567572891518,0.240067993304,2.02907308718,0.267296152289,100.0
12.158941,-0.849441861292,-0.109679626334,0.248504887637,0.401902966426,3.05645671986,-1.16160695163,-0.319451499077,92.6044998169,0.523854439063,-0.799587485685,-0.350514610032,-0.0567572891518,0.239684498107,2.03214104875,0.266912657092,100.0
12.168939,-0.850208851685,-0.109296131137,0.248888382834,0.401902966426,3.05607322466,-1.16237394202,-0.320218489471,92.6044998169,0.52423793426,-0.801888456867,-0.349747619638,-0.0567572891518,0.239684498107,2.03405852474,0.266529161895,100.0
12.178981,-0.850592346882,-0.110446616728,0.248888382834,0.401902966426,3.05645671986,-1.16199044682,-0.31906800388,92.6044998169,0.52423793426,-0.804572923246,-0.349747619638,-0.0571407843487,0.238917507713,2.03597600072,0.266912657092,100.0
12.188905,-0.849058366095,-0.110063121531,0.248888382834,0.401902966426,3.05607322466,-1.16199044682,-0.319451499077,92.6044998169,0.523854439063,-0.807257389625,-0.349747619638,-0.0563737939548,0.237767022122,2.03789347671,0.266529161895,100.0
12.198900,-0.849441861292,-0.110446616728,0.249655373228,0.401902966426,3.05607322466,-1.16160695163,-0.319834994274,92.6044998169,0.524621429457,-0.809558360807,-0.348980629244,-0.0571407843487,0.236233041334,2.04019444789,0.268063142683,100.0
12.208892,-0.849825356489,-0.110446616728,0.248504887637,0.401902966426,3.05607322466,-1.16199044682,-0.320218489471,92.6044998169,0.52423793426,-0.812626322382,-0.349747619638,-0.0567572891518,0.235849546137,2.04287891427,0.268830133077,100.0
12.218883,-0.849441861292,-0.110063121531,0.248504887637,0.401902966426,3.05684021506,-1.16199044682,-0.319834994274,92.6044998169,0.525004924654,-0.814543798367,-0.349364124441,-0.0567572891518,0.233932070153,2.04479639025,0.269980618668,100.0
12.228935,-0.849825356489,-0.110063121531,0.248504887637,0.401135976032,3.05607322466,-1.16199044682,-0.320218489471,92.6044998169,0.525388419851,-0.817228264746,-0.349747619638,-0.0567572891518,0.233165079759,2.04786435183,0.269980618668,100.0
12.238896,-0.850208851685,-0.110830111925,0.248888382834,0.401902966426,3.05607322466,-1.16199044682,-0.319451499077,92.6044998169,0.525771915048,-0.819145740731,-0.348980629244,-0.0567572891518,0.231247603774,2.04978182781,0.269980618668,100.0
12.248919,-0.849058366095,-0.110446616728,0.248888382834,0.401902966426,3.05645671986,-1.16199044682,-0.31906800388,92.6044998169,0.526155410245,-0.820296226322,-0.349364124441,-0.0571407843487,0.228946632592,2.05246629419,0.269597123471,100.0
12.258888,-0.849441861292,-0.110063121531,0.248504887637,0.401519471229,3.05568972947,-1.16199044682,-0.320218489471,92.6044998169,0.525771915048,-0.822213702307,-0.349364124441,-0.0563737939548,0.227412651804,2.05515076057,0.270747609062,100.0
12.268888,-0.849441861292,-0.110446616728,0.249271878031,0.401519471229,3.05645671986,-1.16122345643,-0.319834994274,92.6044998169,0.526538905442,-0.823747683094,-0.349747619638,-0.0563737939548,0.225495175819,2.05783522695,0.271131104259,100.0
12.278952,-0.850208851685,-0.110446616728,0.248888382834,0.401902966426,3.05607322466,-1.16160695163,-0.319834994274,92.6044998169,0.526538905442,-0.825665159079,-0.348980629244,-0.0559902987578,0.223961195031,2.06051969333,0.271898094653,100.0
12.288953,-0.849058366095,-0.110446616728,0.248888382834,0.401135976032,3.05645671986,-1.16199044682,-0.320218489471,92.6044998169,0.527689391033,-0.827199139867,-0.349364124441,-0.0563737939548,0.222043719046,2.06320415971,0.273048580244,100.0
12.298895,-0.849825356489,-0.110830111925,0.249271878031,0.401902966426,3.05607322466,-1.16160695163,-0.319834994274,92.6044998169,0.528456381427,-0.827966130261,-0.349747619638,-0.0559902987578,0.219359252668,2.06703911168,0.274582561031,100.0
12.308902,-0.850208851685,-0.110446616728,0.249655373228,0.401519471229,3.05607322466,-1.16199044682,-0.319451499077,92.6044998169,0.52922337182,-0.828733120655,-0.349747619638,-0.0559902987578,0.216674786289,2.07087406365,0.275349551425,100.0
12.318897,-0.849825356489,-0.111213607122,0.249271878031,0.401519471229,3.05607322466,-1.16199044682,-0.319834994274,92.6044998169,0.529606867017,-0.829883606246,-0.348980629244,-0.0563737939548,0.214757310304,2.07509251081,0.277650522607,100.0
12.328887,-0.849441861292,-0.109679626334,0.249271878031,0.400368985638,3.05684021506,-1.16122345643,-0.319834994274,92.6044998169,0.529606867017,-0.829883606246,-0.348980629244,-0.0567572891518,0.212456339122,2.07892746278,0.278417513001,100.0
12.338825,-0.849441861292,-0.109679626334,0.249271878031,0.401902966426,3.05684021506,-1.16160695163,-0.31906800388,92.6044998169,0.530757352608,-0.831034091837,-0.349364124441,-0.0556068035608,0.21015536794,2.08352940515,0.279951493789,100.0
12.348775,-0.849058366095,-0.110446616728,0.249271878031,0.401519471229,3.05568972947,-1.16160695163,-0.320218489471,92.6044998169,0.532291333396,-0.831417587034,-0.348980629244,-0.0559902987578,0.206703911168,2.08736435712,0.28110197938,100.0
12.358775,-0.848674870898,-0.110446616728,0.248504887637,0.402286461623,3.05607322466,-1.16275743722,-0.320218489471,92.6044998169,0.532674828593,-0.832184577428,-0.34821363885,-0.0563737939548,0.203635949592,2.09273328987,0.283019455365,100.0
12.368753,-0.849441861292,-0.110830111925,0.248504887637,0.401519471229,3.05684021506,-1.16199044682,-0.31906800388,92.6044998169,0.534592304578,-0.831801082231,-0.348597134047,-0.0571407843487,0.199800997622,2.09733523224,0.284553436153,100.0
12.378773,-0.849058366095,-0.109679626334,0.248888382834,0.40266995682,3.05607322466,-1.16122345643,-0.320218489471,92.6044998169,0.536126285366,-0.832184577428,-0.347830143653,-0.0567572891518,0.196733036046,2.09848571783,0.286854407335,100.0
12.388740,-0.849441861292,-0.10891263594,0.248504887637,0.401902966426,3.05684021506,-1.16199044682,-0.319451499077,92.6044998169,0.537276770957,-0.832184577428,-0.348597134047,-0.0563737939548,0.193665074471,2.09848571783,0.290305864107,100.0
12.398745,-0.848291375701,-0.110063121531,0.248504887637,0.401135976032,3.05684021506,-1.16160695163,-0.319451499077,92.6044998169,0.538043761351,-0.832568072625,-0.348597134047,-0.0563737939548,0.189446627304,2.09848571783,0.291456349698,100.0
12.408742,-0.848674870898,-0.109679626334,0.249271878031,0.401519471229,3.05568972947,-1.16199044682,-0.319451499077,92.6044998169,0.539577742139,-0.832184577428,-0.348597134047,-0.0567572891518,0.184461189743,2.09848571783,0.292606835289,100.0
12.418768,-0.849058366095,-0.109679626334,0.248888382834,0.401902966426,3.05607322466,-1.16199044682,-0.319834994274,92.6044998169,0.54072822773,-0.831801082231,-0.349364124441,-0.0559902987578,0.17985924738,2.09771872743,0.294907806471,100.0
12.428769,-0.849058366095,-0.109679626334,0.249271878031,0.401519471229,3.05568972947,-1.16237394202,-0.319451499077,92.6044998169,0.543029198911,-0.831801082231,-0.348597134047,-0.0559902987578,0.177558276198,2.09771872743,0.296825282456,100.0
12.438770,-0.849058366095,-0.110446616728,0.248504887637,0.402286461623,3.05607322466,-1.16199044682,-0.319451499077,92.6044998169,0.544179684502,-0.831417587034,-0.348980629244,-0.0559902987578,0.173723324228,2.09695173704,0.299126253638,100.0
12.448812,-0.849441861292,-0.109679626334,0.24812139244,0.40266995682,3.05568972947,-1.16275743722,-0.319834994274,92.6044998169,0.54571366529,-0.831417587034,-0.348980629244,-0.0559902987578,0.171038857849,2.09810222263,0.301427224819,100.0
12.458773,-0.848674870898,-0.109296131137,0.249271878031,0.40266995682,3.05645671986,-1.16237394202,-0.319834994274,92.6044998169,0.545330170093,-0.831801082231,-0.349364124441,-0.0559902987578,0.170271867455,2.09656824184,0.302194215213,100.0
12.468779,-0.849441861292,-0.109296131137,0.249271878031,0.402286461623,3.05645671986,-1.16275743722,-0.319834994274,92.6044998169,0.54571366529,-0.832184577428,-0.34821363885,-0.0552233083639,0.169121381864,2.09733523224,0.30257771041,100.0
12.478877,-0.848674870898,-0.110063121531,0.248888382834,0.40266995682,3.05568972947,-1.16275743722,-0.319834994274,92.6044998169,0.546097160487,-0.832951567822,-0.348597134047,-0.0552233083639,0.166820410683,2.09388377546,0.302961205607,100.0
12.488951,-0.849058366095,-0.109296131137,0.248504887637,0.402286461623,3.05607322466,-1.16237394202,-0.319451499077,92.6044998169,0.546480655684,-0.832568072625,-0.348597134047,-0.054072822773,0.164902934698,2.09311678507,0.30257771041,100.0
12.498859,-0.848291375701,-0.110446616728,0.248504887637,0.401902966426,3.05684021506,-1.16160695163,-0.319451499077,92.6044998169,0.545330170093,-0.832951567822,-0.34821363885,-0.054072822773,0.165286429895,2.09158280428,0.30257771041,100.0
12.508810,-0.848674870898,-0.109679626334,0.248888382834,0.401902966426,3.05645671986,-1.16160695163,-0.31906800388,92.6044998169,0.544946674896,-0.832951567822,-0.348980629244,-0.0548398131669,0.165286429895,2.09004882349,0.302194215213,100.0
12.518786,-0.847907880504,-0.109679626334,0.248888382834,0.401902966426,3.05645671986,-1.16160695163,-0.319451499077,92.6044998169,0.544179684502,-0.833718558216,-0.347830143653,-0.054072822773,0.166053420289,2.0892818331,0.301810720016,100.0
12.528757,-0.847907880504,-0.109679626334,0.248504887637,0.401519471229,3.05568972947,-1.16237394202,-0.320218489471,92.6044998169,0.544179684502,-0.833718558216,-0.347830143653,-0.053305832379,0.16835439147,2.08774785231,0.301427224819,100.0
12.538814,-0.848291375701,-0.110063121531,0.249655373228,0.401519471229,3.05645671986,-1.16199044682,-0.319834994274,92.6044998169,0.542645703714,-0.834102053413,-0.347830143653,-0.053305832379,0.170655362652,2.08813134751,0.300660234426,100.0
12.548798,-0.847524385307,-0.109296131137,0.248888382834,0.40266995682,3.05568972947,-1.16199044682,-0.320218489471,92.6044998169,0.541111722927,-0.83448554861,-0.347063153259,-0.052922337182,0.173339829031,2.08851484271,0.300660234426,100.0
12.558789,-0.848674870898,-0.109679626334,0.248888382834,0.402286461623,3.05568972947,-1.16275743722,-0.319451499077,92.6044998169,0.541495218124,-0.835252539004,-0.345912667668,-0.0521553467881,0.174873809819,2.08851484271,0.299509748835,100.0
12.568785,-0.848291375701,-0.110446616728,0.248504887637,0.401519471229,3.05607322466,-1.16199044682,-0.320601984668,92.6044998169,0.54072822773,-0.835252539004,-0.345529172471,-0.0513883563942,0.177941771395,2.08774785231,0.298359263244,100.0
12.578848,-0.848674870898,-0.110063121531,0.249271878031,0.401519471229,3.05645671986,-1.16275743722,-0.320218489471,92.6044998169,0.539577742139,-0.836786519791,-0.345145677274,-0.0502378708032,0.181776723364,2.08659736672,0.299126253638,100.0
12.588845,-0.849058366095,-0.109679626334,0.24812139244,0.401519471229,3.05607322466,-1.16199044682,-0.319834994274,92.6044998169,0.539194246942,-0.836786519791,-0.344762182077,-0.0494708804093,0.185228180137,2.08544688113,0.299126253638,100.0
12.598886,-0.849058366095,-0.110446616728,0.248504887637,0.401519471229,3.05607322466,-1.16122345643,-0.320218489471,92.6044998169,0.537276770957,-0.838703995776,-0.34437868688,-0.0483203948184,0.190980608092,2.08237891955,0.299126253638,100.0
12.608968,-0.847524385307,-0.110446616728,0.248888382834,0.401519471229,3.05645671986,-1.16160695163,-0.319834994274,92.6044998169,0.53689327576,-0.839087490973,-0.343611696486,-0.0460194236366,0.195199055258,2.08046144357,0.299126253638,100.0
12.618988,-0.847907880504,-0.110446616728,0.24812139244,0.400752480835,3.05607322466,-1.16160695163,-0.319834994274,92.6044998169,0.534975799775,-0.840621471761,-0.343611696486,-0.0441019476517,0.201718473607,2.07854396758,0.299509748835,100.0
12.628937,-0.847907880504,-0.110446616728,0.249655373228,0.401135976032,3.05568972947,-1.16160695163,-0.320218489471,92.6044998169,0.533825314184,-0.842155452549,-0.342844706092,-0.039500005288,0.207087406365,2.07394202522,0.298742758441,100.0
12.638892,-0.847907880504,-0.110830111925,0.248888382834,0.401902966426,3.05607322466,-1.16275743722,-0.31906800388,92.6044998169,0.531907838199,-0.843689433337,-0.343228201289,-0.0375825293032,0.213606824713,2.07010707325,0.298742758441,100.0
12.648777,-0.848291375701,-0.110830111925,0.248888382834,0.403053452017,3.05645671986,-1.16160695163,-0.320601984668,92.6044998169,0.530757352608,-0.845606909322,-0.341694220501,-0.0341310725305,0.220126243062,2.0639711501,0.299509748835,100.0
12.658773,-0.847524385307,-0.110446616728,0.248888382834,0.401519471229,3.05645671986,-1.16199044682,-0.320218489471,92.6044998169,0.528456381427,-0.846757394913,-0.342844706092,-0.0302961205607,0.22664566141,2.05821872215,0.298359263244,100.0
12.668776,-0.848674870898,-0.111597102319,0.248888382834,0.401519471229,3.05722371026,-1.16237394202,-0.31906800388,92.6044998169,0.526538905442,-0.849058366095,-0.342461210895,-0.0256941781971,0.233548574956,2.05208279899,0.297975768047,100.0
12.678789,-0.847524385307,-0.111213607122,0.247737897243,0.401135976032,3.05645671986,-1.16237394202,-0.319451499077,92.6044998169,0.524621429457,-0.852509822867,-0.341694220501,-0.0210922358334,0.241985469289,2.04441289505,0.297975768047,100.0
12.688744,-0.848291375701,-0.110830111925,0.248888382834,0.401902966426,3.05607322466,-1.16160695163,-0.319451499077,92.6044998169,0.522703953472,-0.854810794049,-0.341694220501,-0.0141893222879,0.249655373228,2.03635949592,0.29759227285,100.0
12.698778,-0.848291375701,-0.111213607122,0.248888382834,0.401902966426,3.05645671986,-1.16199044682,-0.319834994274,92.6044998169,0.521553467881,-0.857878755625,-0.342077715698,-0.00766990393943,0.258475762759,2.02753910639,0.296441787259,100.0
12.708753,-0.847524385307,-0.111597102319,0.24812139244,0.40266995682,3.05607322466,-1.16199044682,-0.319834994274,92.6044998169,0.519635991896,-0.85979623161,-0.342077715698,-0.000383495196971,0.268063142683,2.01871871686,0.296058292062,100.0
12.718764,-0.848291375701,-0.111213607122,0.249271878031,0.401902966426,3.05645671986,-1.16199044682,-0.319834994274,92.6044998169,0.516184535123,-0.863247688383,-0.341310725305,0.00728640874246,0.278417513001,2.00874784174,0.295291301668,100.0
12.728750,-0.848674870898,-0.110830111925,0.249271878031,0.401519471229,3.05607322466,-1.16199044682,-0.319451499077,92.6044998169,0.515034049533,-0.867082640352,-0.340543734911,0.0153398078789,0.288004892925,1.99916046181,0.29375732088,100.0
12.738775,-0.848674870898,-0.111213607122,0.249271878031,0.401902966426,3.05645671986,-1.16199044682,-0.319834994274,92.6044998169,0.511966087957,-0.870917592322,-0.340160239714,0.0253106830001,0.29759227285,1.98918958669,0.292223340092,100.0
12.748784,-0.849441861292,-0.111597102319,0.248888382834,0.401902966426,3.05607322466,-1.16237394202,-0.319834994274,92.6044998169,0.509665116775,-0.874369049095,-0.340160239714,0.0348980629244,0.308330138365,1.97921871157,0.290689359304,100.0
12.758777,-0.848674870898,-0.111980597516,0.248888382834,0.401519471229,3.05568972947,-1.16160695163,-0.319451499077,92.6044998169,0.506980650396,-0.878587496261,-0.339776744517,0.0448689380456,0.318301013486,1.96771385566,0.288004892925,100.0
12.768805,-0.849058366095,-0.11274758791,0.248888382834,0.401135976032,3.05684021506,-1.16237394202,-0.31906800388,92.6044998169,0.504679679214,-0.882422448231,-0.339009754123,0.0579077747427,0.328271888607,1.95812647574,0.28493693135,100.0
12.778790,-0.849441861292,-0.112364092713,0.248888382834,0.402286461623,3.05645671986,-1.16122345643,-0.320218489471,92.6044998169,0.501611717639,-0.88510691461,-0.340160239714,0.0701796210458,0.339009754123,1.94777210542,0.281868969774,100.0
12.788786,-0.848291375701,-0.11274758791,0.248888382834,0.401902966426,3.05607322466,-1.16160695163,-0.319834994274,92.6044998169,0.500461232048,-0.890092352171,-0.340160239714,0.0816844769549,0.347830143653,1.9378012303,0.278034017804,100.0
12.798773,-0.848291375701,-0.11274758791,0.249271878031,0.401135976032,3.05645671986,-1.16237394202,-0.320218489471,92.6044998169,0.49892725126,-0.895077789731,-0.339776744517,0.0966407896368,0.358568009168,1.92744685998,0.274582561031,100.0
12.808748,-0.848291375701,-0.112364092713,0.24812139244,0.401519471229,3.05607322466,-1.16160695163,-0.319451499077,92.6044998169,0.496626280078,-0.898529246504,-0.340160239714,0.111597102319,0.370072865077,1.91785948005,0.270364113865,100.0
12.818834,-0.847907880504,-0.112364092713,0.249655373228,0.401902966426,3.05645671986,-1.16237394202,-0.319451499077,92.6044998169,0.494708804093,-0.903514684065,-0.339776744517,0.126169919804,0.379660245002,1.90865559533,0.266145666698,100.0
12.828786,-0.849058366095,-0.1138980735,0.248504887637,0.401902966426,3.05645671986,-1.16237394202,-0.319451499077,92.6044998169,0.493558318502,-0.907733131231,-0.339776744517,0.141126232485,0.388864129729,1.89715073942,0.262310714728,100.0
12.838779,-0.848674870898,-0.11274758791,0.249271878031,0.401519471229,3.05568972947,-1.16199044682,-0.31906800388,92.6044998169,0.491640842517,-0.911568083201,-0.339776744517,0.156849535561,0.39883500485,1.88833034989,0.257708772365,100.0
12.848779,-0.849058366095,-0.11274758791,0.248888382834,0.401135976032,3.05684021506,-1.16160695163,-0.319834994274,92.6044998169,0.489723366532,-0.916553520762,-0.339009754123,0.17218934344,0.406888403987,1.87835947477,0.252339839607,100.0
12.858773,-0.847907880504,-0.113131083107,0.248504887637,0.400752480835,3.05568972947,-1.16160695163,-0.319451499077,92.6044998169,0.489339871335,-0.921922453519,-0.33939324932,0.18867963691,0.414941803123,1.86915559004,0.247354402047,100.0
12.868757,-0.849058366095,-0.113514578304,0.249271878031,0.400368985638,3.05568972947,-1.16160695163,-0.319834994274,92.6044998169,0.487038900154,-0.926524395883,-0.339009754123,0.206703911168,0.421077726275,1.85918471492,0.241985469289,100.0
12.878690,-0.848291375701,-0.113131083107,0.248504887637,0.401519471229,3.05645671986,-1.16237394202,-0.319834994274,92.6044998169,0.486655404957,-0.932276823837,-0.339009754123,0.223577699834,0.428747630214,1.84767985901,0.235082555743,100.0
12.888674,-0.848291375701,-0.1138980735,0.249271878031,0.400752480835,3.05645671986,-1.16199044682,-0.319451499077,92.6044998169,0.486655404957,-0.937645756595,-0.339009754123,0.241601974092,0.434883553366,1.83770898389,0.228179642198,100.0
12.898675,-0.848291375701,-0.113131083107,0.249655373228,0.401519471229,3.05607322466,-1.16199044682,-0.319834994274,92.6044998169,0.484737928972,-0.941864203762,-0.339009754123,0.260009743547,0.442169962108,1.82812160396,0.221276728652,100.0
12.908654,-0.848674870898,-0.113514578304,0.248888382834,0.401135976032,3.05684021506,-1.16122345643,-0.319834994274,92.6044998169,0.483587443381,-0.947616631716,-0.338626258926,0.278801008198,0.448689380456,1.81815072884,0.21399031991,100.0
12.918669,-0.847907880504,-0.1138980735,0.249271878031,0.401519471229,3.05568972947,-1.16199044682,-0.319834994274,92.6044998169,0.483587443381,-0.953369059671,-0.338242763729,0.297208777653,0.454441808411,1.80702936813,0.204786435183,100.0
12.928665,-0.848291375701,-0.1138980735,0.249271878031,0.401519471229,3.05607322466,-1.16275743722,-0.31906800388,92.6044998169,0.483970938578,-0.958737992428,-0.339009754123,0.31523305191,0.46096122676,1.79629150261,0.195966045652,100.0
12.938663,-0.849058366095,-0.113514578304,0.249271878031,0.401519471229,3.05568972947,-1.16237394202,-0.319451499077,92.6044998169,0.483203948184,-0.964490420383,-0.339009754123,0.335174802153,0.465563169123,1.78440315151,0.186762160925,100.0
12.948667,-0.848291375701,-0.114281568697,0.248504887637,0.402286461623,3.05607322466,-1.16275743722,-0.319834994274,92.6044998169,0.483970938578,-0.969092362747,-0.338626258926,0.353966066805,0.468631130699,1.77366528599,0.17602429541,100.0
12.958850,-0.847907880504,-0.114281568697,0.249271878031,0.401902966426,3.05568972947,-1.16237394202,-0.319834994274,92.6044998169,0.484354433775,-0.976378771489,-0.337859268532,0.373907817047,0.470932101881,1.76177693489,0.164902934698,100.0
12.968856,-0.847524385307,-0.113514578304,0.249655373228,0.401135976032,3.05645671986,-1.16237394202,-0.319834994274,92.6044998169,0.485888414563,-0.982131199444,-0.338242763729,0.392315586502,0.472466082669,1.74988858378,0.153781573986,100.0
12.978865,-0.847907880504,-0.11274758791,0.248888382834,0.401519471229,3.05645671986,-1.16160695163,-0.320218489471,92.6044998169,0.485504919366,-0.989034112989,-0.338626258926,0.41149034635,0.474383558654,1.73723324228,0.141509727682,100.0
12.988856,-0.848674870898,-0.113514578304,0.248888382834,0.401902966426,3.05645671986,-1.16160695163,-0.320218489471,92.6044998169,0.486655404957,-0.994786540944,-0.338242763729,0.432582582184,0.474767053851,1.72419440558,0.128470890985,100.0
12.998842,-0.848674870898,-0.114665063894,0.249271878031,0.40266995682,3.05607322466,-1.16199044682,-0.319834994274,92.6044998169,0.488572880942,-1.0009224641,-0.338242763729,0.45329132282,0.474383558654,1.71192255928,0.114281568697,100.0
13.008910,-0.848291375701,-0.114665063894,0.248504887637,0.401519471229,3.05568972947,-1.16122345643,-0.320218489471,92.6044998169,0.489723366532,-1.00744188244,-0.337092278138,0.472849577866,0.47361656826,1.69965071298,0.10009224641,100.0
13.018996,-0.848291375701,-0.114281568697,0.248888382834,0.401902966426,3.05607322466,-1.16275743722,-0.320218489471,92.6044998169,0.491640842517,-1.0135778056,-0.337859268532,0.493558318502,0.47361656826,1.68584488589,0.0859029241216,100.0
13.028922,-0.847907880504,-0.114281568697,0.248504887637,0.401902966426,3.05607322466,-1.16237394202,-0.319451499077,92.6044998169,0.493174823305,-1.02086421434,-0.337859268532,0.513116573548,0.471315597078,1.67357303958,0.0713301066367,100.0
13.038912,-0.848674870898,-0.114281568697,0.248504887637,0.401902966426,3.05607322466,-1.16199044682,-0.319834994274,92.6044998169,0.497393270472,-1.02776712788,-0.337092278138,0.533441818987,0.469398121093,1.6593837173,0.0559902987578,100.0
13.048874,-0.84714089011,-0.113514578304,0.248888382834,0.401135976032,3.05645671986,-1.16275743722,-0.319451499077,92.6044998169,0.498160260866,-1.03467004143,-0.337859268532,0.554534054821,0.465563169123,1.6459613854,0.040650490879,100.0
13.058856,-0.849441861292,-0.1138980735,0.248504887637,0.401135976032,3.05607322466,-1.16160695163,-0.319834994274,92.6044998169,0.500844727245,-1.04195645017,-0.337475773335,0.574475805063,0.46211171235,1.63215555831,0.0256941781971,100.0
13.068890,-0.848291375701,-0.114665063894,0.249271878031,0.401902966426,3.05607322466,-1.16237394202,-0.319834994274,92.6044998169,0.503145698426,-1.04962635411,-0.336708782941,0.594801050503,0.457893265184,1.61911672161,0.0118883511061,100.0
13.078881,-0.848674870898,-0.1138980735,0.249271878031,0.401902966426,3.05684021506,-1.16314093241,-0.31906800388,92.6044998169,0.505830164805,-1.05576227726,-0.337859268532,0.615509791139,0.454058313214,1.60531089452,-0.000383495196971,100.0
13.088763,-0.848291375701,-0.114665063894,0.248888382834,0.401902966426,3.05607322466,-1.16237394202,-0.319451499077,92.6044998169,0.510048611972,-1.0634321812,-0.337475773335,0.636218531775,0.447922390063,1.59227205783,-0.0122718463031,100.0
13.098757,-0.848291375701,-0.114281568697,0.249271878031,0.402286461623,3.05645671986,-1.16160695163,-0.319834994274,92.6044998169,0.512349583154,-1.07071858994,-0.336708782941,0.65462630123,0.441786466911,1.57808273554,-0.027228158985,100.0
13.108756,-0.848291375701,-0.115432054288,0.248888382834,0.401902966426,3.05645671986,-1.16237394202,-0.319834994274,92.6044998169,0.516184535123,-1.07723800829,-0.336708782941,0.675335041867,0.43680102935,1.56504389884,-0.0391165100911,100.0
13.118751,-0.847907880504,-0.114281568697,0.248504887637,0.402286461623,3.05645671986,-1.16122345643,-0.320218489471,92.6044998169,0.518869001502,-1.08452441703,-0.337092278138,0.696043782503,0.429898115805,1.55162156695,-0.0510048611972,100.0
13.128758,-0.848674870898,-0.1138980735,0.248888382834,0.401135976032,3.05607322466,-1.16237394202,-0.320218489471,92.6044998169,0.521936963078,-1.09142733058,-0.336708782941,0.716752523139,0.422228211865,1.53858273025,-0.0621262219094,100.0
13.138873,-0.848291375701,-0.115048559091,0.249271878031,0.401902966426,3.05530623427,-1.16199044682,-0.320218489471,92.6044998169,0.526155410245,-1.09871373932,-0.337092278138,0.736310778185,0.414174812729,1.52477690316,-0.0732475826215,100.0
13.148868,-0.847524385307,-0.115048559091,0.248888382834,0.401519471229,3.05568972947,-1.16237394202,-0.319451499077,92.6044998169,0.530757352608,-1.10638364326,-0.337092278138,0.755485538034,0.405737918396,1.51135457126,-0.0836019529398,100.0
13.158875,-0.848674870898,-0.114281568697,0.249655373228,0.401902966426,3.05607322466,-1.16275743722,-0.319451499077,92.6044998169,0.533441818987,-1.11328655681,-0.337092278138,0.773509812291,0.397301024062,1.49869922976,-0.0916553520762,100.0
13.168835,-0.848674870898,-0.114281568697,0.249271878031,0.401135976032,3.05645671986,-1.16199044682,-0.320218489471,92.6044998169,0.538427256548,-1.12057296555,-0.336708782941,0.792301076943,0.388864129729,1.48642738346,-0.0981747704247,100.0
13.178903,-0.848674870898,-0.114665063894,0.248888382834,0.400752480835,3.05607322466,-1.16237394202,-0.319451499077,92.6044998169,0.541878713321,-1.12824286949,-0.337475773335,0.8103253512,0.380043740199,1.47415553716,-0.103927198379,100.0
13.188942,-0.848291375701,-0.115048559091,0.249655373228,0.400752480835,3.05607322466,-1.16199044682,-0.320218489471,92.6044998169,0.546097160487,-1.13437879264,-0.336708782941,0.827199139867,0.370839855471,1.46226718605,-0.10891263594,100.0
13.198952,-0.848291375701,-0.114665063894,0.248888382834,0.401135976032,3.05684021506,-1.16275743722,-0.319834994274,92.6044998169,0.550315607654,-1.14089821099,-0.336708782941,0.845606909322,0.362786456335,1.45152932054,-0.110830111925,100.0
13.208875,-0.849058366095,-0.114665063894,0.249271878031,0.402286461623,3.05607322466,-1.16160695163,-0.319834994274,92.6044998169,0.553767064427,-1.14780112454,-0.336325287744,0.863631183579,0.353966066805,1.44117495022,-0.113131083107,100.0
13.218830,-0.849058366095,-0.115432054288,0.249271878031,0.401902966426,3.05645671986,-1.16275743722,-0.320601984668,92.6044998169,0.558752501987,-1.15355355249,-0.337859268532,0.879737981852,0.344762182077,1.4312040751,-0.1138980735,100.0
13.228737,-0.848674870898,-0.115432054288,0.248504887637,0.401135976032,3.05645671986,-1.16160695163,-0.319834994274,92.6044998169,0.563354444351,-1.16045646604,-0.335941792547,0.895844780125,0.335174802153,1.42238368557,-0.111597102319,100.0
13.238737,-0.848291375701,-0.115048559091,0.249271878031,0.401135976032,3.05568972947,-1.16199044682,-0.319451499077,92.6044998169,0.567189396321,-1.16774287478,-0.336708782941,0.910801092807,0.325970917426,1.41394679123,-0.110830111925,100.0
13.248724,-0.847524385307,-0.115048559091,0.248888382834,0.401519471229,3.05607322466,-1.16199044682,-0.319834994274,92.6044998169,0.570640853093,-1.17311180754,-0.336325287744,0.926140900686,0.317534023092,1.40742737288,-0.10891263594,100.0
13.258731,-0.848291375701,-0.115048559091,0.249271878031,0.401135976032,3.05607322466,-1.16237394202,-0.319834994274,92.6044998169,0.575242795457,-1.17924773069,-0.337475773335,0.940330222974,0.307563147971,1.40090795454,-0.106228169561,100.0
13.268723,-0.847907880504,-0.115432054288,0.249271878031,0.401519471229,3.05607322466,-1.16237394202,-0.319451499077,92.6044998169,0.579077747427,-1.18346617785,-0.337092278138,0.953369059671,0.297975768047,1.39553902178,-0.103160207985,100.0
13.278729,-0.847907880504,-0.115048559091,0.248888382834,0.401902966426,3.05645671986,-1.16199044682,-0.320218489471,92.6044998169,0.582912699396,-1.18921860581,-0.336708782941,0.966791391565,0.288771883319,1.39055358422,-0.10009224641,100.0
13.288726,-0.848291375701,-0.116199044682,0.248888382834,0.401902966426,3.05645671986,-1.16199044682,-0.31906800388,92.6044998169,0.587898136957,-1.19382054817,-0.336325287744,0.979830228262,0.28110197938,1.38786911784,-0.0970242848338,100.0
13.298720,-0.849058366095,-0.115048559091,0.249271878031,0.401902966426,3.05645671986,-1.16237394202,-0.319451499077,92.6044998169,0.589815612942,-1.19842249054,-0.336708782941,0.991718579368,0.272665085047,1.38633513705,-0.093189332864,100.0
13.308723,-0.848291375701,-0.115048559091,0.248504887637,0.401135976032,3.05607322466,-1.16237394202,-0.319834994274,92.6044998169,0.593650564912,-1.2030244329,-0.336708782941,1.0009224641,0.265378676304,1.38365067067,-0.0866699145155,100.0
13.318720,-0.848291375701,-0.114665063894,0.248888382834,0.401519471229,3.05645671986,-1.16199044682,-0.31906800388,92.6044998169,0.596718526487,-1.20647588967,-0.336708782941,1.01050984402,0.259242753153,1.38288368028,-0.080533991364,100.0
13.328723,-0.848674870898,-0.115048559091,0.248504887637,0.401135976032,3.05645671986,-1.16122345643,-0.31906800388,92.6044998169,0.60016998326,-1.20916035605,-0.337092278138,1.02086421434,0.253873820395,1.38365067067,-0.0755485538034,100.0
13.338662,-0.848674870898,-0.115048559091,0.248888382834,0.401902966426,3.05645671986,-1.16237394202,-0.31906800388,92.6044998169,0.602854449639,-1.21299530802,-0.336708782941,1.02853411828,0.249271878031,1.38211668988,-0.0694126306518,100.0
13.348653,-0.849058366095,-0.115048559091,0.248888382834,0.401902966426,3.05530623427,-1.16199044682,-0.319451499077,92.6044998169,0.605538916018,-1.21683025999,-0.337859268532,1.03620402222,0.245053430865,1.38288368028,-0.0628932123033,100.0
13.358649,-0.849441861292,-0.115048559091,0.249271878031,0.40266995682,3.05607322466,-1.16160695163,-0.319834994274,92.6044998169,0.607456392003,-1.21913123117,-0.338626258926,1.04310693576,0.241985469289,1.38518465146,-0.0563737939548,100.0
13.368667,-0.848291375701,-0.114665063894,0.249271878031,0.401902966426,3.05645671986,-1.16237394202,-0.320218489471,92.6044998169,0.608990372791,-1.22143220235,-0.337475773335,1.04885936372,0.237000031728,1.38480115626,-0.0498543756063,100.0
13.378666,-0.848291375701,-0.115048559091,0.248504887637,0.401519471229,3.05607322466,-1.16275743722,-0.319834994274,92.6044998169,0.610907848775,-1.22334967834,-0.336708782941,1.05537878207,0.232781584562,1.38556814666,-0.0441019476517,100.0
13.388653,-0.849058366095,-0.114665063894,0.249271878031,0.401902966426,3.05607322466,-1.16275743722,-0.319834994274,92.6044998169,0.61282532476,-1.22526715432,-0.336325287744,1.05998072443,0.228563137395,1.38786911784,-0.040266995682,100.0
13.398651,-0.849441861292,-0.114281568697,0.249271878031,0.401902966426,3.05607322466,-1.16160695163,-0.319451499077,92.6044998169,0.615509791139,-1.22680113511,-0.336325287744,1.06534965719,0.225495175819,1.38825261304,-0.0360485485153,100.0
13.408654,-0.848674870898,-0.114665063894,0.249655373228,0.401519471229,3.05684021506,-1.16199044682,-0.31906800388,92.6044998169,0.617043771927,-1.22756812551,-0.336325287744,1.06880111396,0.222043719046,1.38978659382,-0.0295291301668,100.0
13.418649,-0.848674870898,-0.113514578304,0.248888382834,0.402286461623,3.05607322466,-1.16199044682,-0.31906800388,92.6044998169,0.617810762321,-1.22910210629,-0.337475773335,1.07301956113,0.219359252668,1.39132057461,-0.0233932070153,100.0
13.428648,-0.848674870898,-0.114665063894,0.249655373228,0.401519471229,3.05645671986,-1.16275743722,-0.320218489471,92.6044998169,0.6204952287,-1.23025259188,-0.337092278138,1.0757040275,0.215907795895,1.39362154579,-0.0180242742577,100.0
13.438650,-0.847907880504,-0.114665063894,0.248888382834,0.401519471229,3.05684021506,-1.16237394202,-0.320218489471,92.6044998169,0.620878723897,-1.23101958228,-0.336708782941,1.08030596987,0.215140805501,1.39592251698,-0.0122718463031,100.0
13.448683,-0.848674870898,-0.1138980735,0.249271878031,0.401902966426,3.05607322466,-1.16275743722,-0.319834994274,92.6044998169,0.622412704685,-1.23063608708,-0.337092278138,1.08260694105,0.213223329516,1.39860698335,-0.00843689433337,100.0
13.458686,-0.848291375701,-0.115048559091,0.248888382834,0.40266995682,3.05568972947,-1.16237394202,-0.319834994274,92.6044998169,0.622412704685,-1.23217006787,-0.337092278138,1.08529140743,0.212839834319,1.40090795454,-0.00498543756063,100.0
13.468652,-0.849058366095,-0.1138980735,0.248888382834,0.401519471229,3.05492273907,-1.16275743722,-0.319451499077,92.6044998169,0.622796199881,-1.23293705826,-0.336708782941,1.08759237861,0.213223329516,1.40205844013,-0.00230097118183,100.0
13.478656,-0.848291375701,-0.115048559091,0.248888382834,0.402286461623,3.05645671986,-1.16199044682,-0.319834994274,92.6044998169,0.623179695078,-1.23255356307,-0.336325287744,1.0895098546,0.212072843925,1.40397591611,-0.00153398078789,100.0
13.488649,-0.848291375701,-0.114665063894,0.249271878031,0.40266995682,3.05568972947,-1.16199044682,-0.319834994274,92.6044998169,0.622412704685,-1.23178657267,-0.337092278138,1.09257781617,0.211689348728,1.40704387769,-0.000766990393943,100.0
13.498650,-0.847907880504,-0.115048559091,0.249655373228,0.402286461623,3.05607322466,-1.16199044682,-0.319834994274,92.6044998169,0.623563190275,-1.23293705826,-0.336325287744,1.09411179696,0.212839834319,1.40896135367,-0.00153398078789,100.0
13.508654,-0.848291375701,-0.115048559091,0.249271878031,0.401519471229,3.05607322466,-1.16122345643,-0.319451499077,92.6044998169,0.622412704685,-1.23255356307,-0.335941792547,1.09564577775,0.212839834319,1.41164582005,-0.00306796157577,100.0
13.518652,-0.848291375701,-0.114665063894,0.248504887637,0.401519471229,3.05607322466,-1.16122345643,-0.319834994274,92.6044998169,0.623179695078,-1.23293705826,-0.335174802153,1.09717975854,0.213223329516,1.41241281045,-0.00498543756063,100.0
13.528709,-0.848291375701,-0.114665063894,0.248888382834,0.401902966426,3.05568972947,-1.16237394202,-0.318684508683,92.6044998169,0.622796199881,-1.23255356307,-0.33555829735,1.09909723452,0.213223329516,1.41279630564,-0.00728640874246,100.0
13.538653,-0.848291375701,-0.114281568697,0.248888382834,0.401519471229,3.05568972947,-1.16275743722,-0.319451499077,92.6044998169,0.623563190275,-1.23178657267,-0.334791306956,1.10063121531,0.213606824713,1.41317980084,-0.0103543703182,100.0
13.548661,-0.847907880504,-0.115048559091,0.249271878031,0.401519471229,3.05568972947,-1.16199044682,-0.320601984668,92.6044998169,0.622412704685,-1.23101958228,-0.335941792547,1.1013982057,0.213223329516,1.41471378163,-0.013422331894,100.0
13.558657,-0.848674870898,-0.114281568697,0.249655373228,0.401519471229,3.05645671986,-1.16122345643,-0.319834994274,92.6044998169,0.623179695078,-1.23063608708,-0.335174802153,1.1021651961,0.213606824713,1.41471378163,-0.0172572838637,100.0
13.568652,-0.848291375701,-0.114665063894,0.249271878031,0.401135976032,3.05645671986,-1.16199044682,-0.319834994274,92.6044998169,0.622029209488,-1.23101958228,-0.335941792547,1.10408267208,0.213606824713,1.41394679123,-0.0226262166213,100.0
13.578662,-0.848291375701,-0.114665063894,0.248504887637,0.401519471229,3.05645671986,-1.16237394202,-0.319451499077,92.6044998169,0.622029209488,-1.22986909669,-0.335174802153,1.10523315767,0.212839834319,1.41241281045,-0.0287621397729,100.0
13.588697,-0.847524385307,-0.114665063894,0.249271878031,0.401519471229,3.05607322466,-1.16160695163,-0.320601984668,92.6044998169,0.622029209488,-1.22910210629,-0.335174802153,1.10638364326,0.212072843925,1.41202931525,-0.0341310725305,100.0
13.598664,-0.848674870898,-0.114665063894,0.249271878031,0.401519471229,3.05684021506,-1.16199044682,-0.319451499077,92.6044998169,0.621645714291,-1.2283351159,-0.33555829735,1.10791762405,0.211305853531,1.41087882966,-0.039883500485,100.0
13.608657,-0.847524385307,-0.115815549485,0.248888382834,0.401902966426,3.05684021506,-1.16199044682,-0.319834994274,92.6044998169,0.621645714291,-1.22680113511,-0.33555829735,1.10791762405,0.21015536794,1.40934484887,-0.0471699092275,100.0
13.618654,-0.848291375701,-0.115048559091,0.248888382834,0.401902966426,3.05645671986,-1.16122345643,-0.320218489471,92.6044998169,0.622029209488,-1.22603414472,-0.335941792547,1.10830111925,0.207470901562,1.40896135367,-0.054072822773,100.0
13.628659,-0.848291375701,-0.115048559091,0.248504887637,0.400752480835,3.05568972947,-1.16160695163,-0.320218489471,92.6044998169,0.6204952287,-1.22526715432,-0.334791306956,1.10906810964,0.206320415971,1.40627688729,-0.0621262219094,100.0
13.638653,-0.848291375701,-0.115432054288,0.249271878031,0.401135976032,3.05607322466,-1.16160695163,-0.320601984668,92.6044998169,0.619344743109,-1.22373317354,-0.335174802153,1.11021859523,0.20516993038,1.4051264017,-0.0709466114397,100.0
13.648657,-0.848291375701,-0.115048559091,0.248888382834,0.401519471229,3.05645671986,-1.16160695163,-0.319834994274,92.6044998169,0.618577752715,-1.22296618314,-0.33555829735,1.11098558563,0.203635949592,1.40244193532,-0.0793835057731,100.0
13.658667,-0.848674870898,-0.115048559091,0.248504887637,0.400752480835,3.05645671986,-1.16160695163,-0.320218489471,92.6044998169,0.618577752715,-1.22143220235,-0.335941792547,1.11136908082,0.202485464001,1.40014096414,-0.0870534097125,100.0
13.668667,-0.848291375701,-0.115048559091,0.248888382834,0.401519471229,3.05607322466,-1.16160695163,-0.320218489471,92.6044998169,0.617043771927,-1.22066521196,-0.336708782941,1.11136908082,0.200951483213,1.39783999296,-0.0958737992428,100.0
13.678656,-0.847907880504,-0.115815549485,0.248888382834,0.401519471229,3.05607322466,-1.16199044682,-0.319451499077,92.6044998169,0.615893286336,-1.21913123117,-0.33555829735,1.11251956641,0.201718473607,1.39668950737,-0.10507768397,100.0
13.688649,-0.847907880504,-0.115432054288,0.248888382834,0.400752480835,3.05645671986,-1.16199044682,-0.319834994274,92.6044998169,0.613208819957,-1.21644676479,-0.335941792547,1.11290306161,0.20133497841,1.3924710602,-0.113514578304,100.0
13.698654,-0.847907880504,-0.115432054288,0.249271878031,0.402286461623,3.05684021506,-1.16160695163,-0.320218489471,92.6044998169,0.611674839169,-1.2156797744,-0.336325287744,1.11290306161,0.20133497841,1.38978659382,-0.121951472637,100.0
13.708657,-0.848291375701,-0.115432054288,0.248888382834,0.401902966426,3.05607322466,-1.16160695163,-0.31906800388,92.6044998169,0.609757363184,-1.21376229841,-0.336708782941,1.11290306161,0.202101968804,1.38748562264,-0.131155357364,100.0
13.718654,-0.849058366095,-0.115432054288,0.248888382834,0.401902966426,3.05645671986,-1.16237394202,-0.320218489471,92.6044998169,0.608223382397,-1.21261181282,-0.336708782941,1.113670052,0.203635949592,1.38441766107,-0.140742737288,100.0
13.728656,-0.848674870898,-0.114281568697,0.24812139244,0.401135976032,3.05607322466,-1.16237394202,-0.319451499077,92.6044998169,0.606305906412,-1.21107783204,-0.336325287744,1.11290306161,0.202868959198,1.38173319469,-0.149179631622,100.0
13.738651,-0.848674870898,-0.114281568697,0.248888382834,0.401135976032,3.05607322466,-1.16160695163,-0.319834994274,92.6044998169,0.603621440033,-1.20954385125,-0.336325287744,1.11328655681,0.204019444789,1.37904872831,-0.157616525955,100.0
13.748658,-0.847907880504,-0.115048559091,0.249271878031,0.401519471229,3.05568972947,-1.16237394202,-0.320218489471,92.6044998169,0.600936973654,-1.20685938487,-0.336708782941,1.11328655681,0.204019444789,1.37713125232,-0.166053420289,100.0
13.758658,-0.849058366095,-0.114665063894,0.248504887637,0.401135976032,3.05645671986,-1.16160695163,-0.320218489471,92.6044998169,0.598636002472,-1.20455841369,-0.33555829735,1.1140535472,0.204019444789,1.37483028114,-0.175257305016,100.0
13.768657,-0.849441861292,-0.114665063894,0.248888382834,0.401135976032,3.05568972947,-1.16199044682,-0.319834994274,92.6044998169,0.59633503129,-1.2026409377,-0.335941792547,1.11290306161,0.204786435183,1.37329630035,-0.184461189743,100.0
13.778652,-0.849058366095,-0.114281568697,0.249271878031,0.401135976032,3.05645671986,-1.16237394202,-0.31906800388,92.6044998169,0.594034060109,-1.20149045211,-0.335941792547,1.113670052,0.205936920774,1.37099532917,-0.193281579274,100.0
13.788652,-0.849058366095,-0.115048559091,0.24812139244,0.401519471229,3.05645671986,-1.16237394202,-0.318684508683,92.6044998169,0.592116584124,-1.19880598573,-0.335941792547,1.113670052,0.206320415971,1.37022833878,-0.202101968804,100.0
13.798655,-0.847907880504,-0.114665063894,0.248504887637,0.401519471229,3.05645671986,-1.16237394202,-0.319834994274,92.6044998169,0.589432117745,-1.19650501455,-0.336325287744,1.11251956641,0.207087406365,1.36831086279,-0.21015536794,100.0
13.808655,-0.848291375701,-0.115048559091,0.249271878031,0.401902966426,3.05568972947,-1.16160695163,-0.320218489471,92.6044998169,0.58751464176,-1.19420404337,-0.336325287744,1.11328655681,0.208621387152,1.36831086279,-0.217441776683,100.0
13.818658,-0.849058366095,-0.114281568697,0.248504887637,0.401902966426,3.05607322466,-1.16237394202,-0.319834994274,92.6044998169,0.584446680184,-1.19190307219,-0.335941792547,1.113670052,0.209771872743,1.36869435799,-0.224728185425,100.0
13.828658,-0.847907880504,-0.1138980735,0.248888382834,0.40266995682,3.05607322466,-1.16199044682,-0.319834994274,92.6044998169,0.582529204199,-1.18921860581,-0.335941792547,1.11290306161,0.212072843925,1.36600989161,-0.232014594168,100.0
13.838653,-0.848291375701,-0.115048559091,0.248504887637,0.401519471229,3.05568972947,-1.16160695163,-0.320601984668,92.6044998169,0.579077747427,-1.18576714904,-0.33555829735,1.11290306161,0.214373815107,1.36562639641,-0.239684498107,100.0
13.848654,-0.848291375701,-0.115048559091,0.248504887637,0.402286461623,3.05645671986,-1.16237394202,-0.320218489471,92.6044998169,0.577927261836,-1.18346617785,-0.335941792547,1.11328655681,0.216291291092,1.36447591082,-0.246587411653,100.0
13.858669,-0.847524385307,-0.114665063894,0.248888382834,0.401902966426,3.05607322466,-1.16199044682,-0.31906800388,92.6044998169,0.576009785851,-1.18116520667,-0.337092278138,1.113670052,0.219359252668,1.36332542523,-0.252723334804,100.0
13.868656,-0.849058366095,-0.1138980735,0.249271878031,0.401902966426,3.05607322466,-1.16199044682,-0.319834994274,92.6044998169,0.573708814669,-1.17963122588,-0.336325287744,1.11251956641,0.221276728652,1.36294193004,-0.257708772365,100.0
13.878654,-0.847907880504,-0.114665063894,0.248888382834,0.401519471229,3.05607322466,-1.16199044682,-0.320601984668,92.6044998169,0.572174833881,-1.17617976911,-0.335174802153,1.11328655681,0.223577699834,1.36179144445,-0.261543724334,100.0
13.888654,-0.848291375701,-0.1138980735,0.248504887637,0.401902966426,3.05607322466,-1.16160695163,-0.320218489471,92.6044998169,0.570257357896,-1.17349530273,-0.334791306956,1.1140535472,0.224344690228,1.36140794925,-0.265762171501,100.0
13.898655,-0.847907880504,-0.114281568697,0.248504887637,0.401519471229,3.05607322466,-1.16122345643,-0.319834994274,92.6044998169,0.568339881912,-1.17081083635,-0.334407811759,1.1140535472,0.226262166213,1.35910697807,-0.26844663788,100.0
13.908654,-0.847907880504,-0.114665063894,0.248504887637,0.401135976032,3.05568972947,-1.16160695163,-0.319451499077,92.6044998169,0.566805901124,-1.16735937958,-0.334024316562,1.1144370424,0.229330127789,1.35910697807,-0.274199065835,100.0
13.918655,-0.848674870898,-0.114281568697,0.249271878031,0.401519471229,3.05607322466,-1.16199044682,-0.31906800388,92.6044998169,0.565271920336,-1.1646749132,-0.335174802153,1.113670052,0.232398089365,1.35603901649,-0.280334988986,100.0
13.928657,-0.848291375701,-0.114281568697,0.248888382834,0.401902966426,3.05645671986,-1.16199044682,-0.320218489471,92.6044998169,0.563354444351,-1.16160695163,-0.335174802153,1.1148205376,0.233932070153,1.35373804531,-0.285703921744,100.0
13.938663,-0.849441861292,-0.1138980735,0.248888382834,0.401519471229,3.05645671986,-1.16314093241,-0.319834994274,92.6044998169,0.562587453957,-1.15815549485,-0.334407811759,1.1140535472,0.237767022122,1.35258755972,-0.290689359304,100.0
13.948655,-0.847907880504,-0.114281568697,0.248888382834,0.402286461623,3.05684021506,-1.16275743722,-0.319834994274,92.6044998169,0.561436968366,-1.15470403808,-0.335174802153,1.11520403279,0.240451488501,1.34951959814,-0.295674796865,100.0
13.958652,-0.847907880504,-0.114281568697,0.24812139244,0.401902966426,3.05684021506,-1.16275743722,-0.319834994274,92.6044998169,0.560286482775,-1.15125258131,-0.334407811759,1.11597102319,0.243519450077,1.34798561735,-0.300660234426,100.0
13.968655,-0.848291375701,-0.1138980735,0.248888382834,0.401902966426,3.05568972947,-1.16275743722,-0.320218489471,92.6044998169,0.55836900679,-1.14818461973,-0.334791306956,1.11520403279,0.24697090685,1.34645163657,-0.303344700804,100.0
13.978653,-0.848291375701,-0.114665063894,0.249271878031,0.401519471229,3.05607322466,-1.16199044682,-0.320218489471,92.6044998169,0.557985511593,-1.14396617257,-0.334024316562,1.11558752799,0.249655373228,1.34338367499,-0.307563147971,100.0
13.988698,-0.848291375701,-0.114665063894,0.248504887637,0.401902966426,3.05607322466,-1.16199044682,-0.319834994274,92.6044998169,0.557985511593,-1.14089821099,-0.334407811759,1.11597102319,0.253106830001,1.33954872302,-0.310631109547,100.0
13.998667,-0.847907880504,-0.114665063894,0.24812139244,0.401519471229,3.05607322466,-1.16160695163,-0.319834994274,92.6044998169,0.556451530805,-1.13629626863,-0.333257326168,1.11520403279,0.256174791577,1.33724775184,-0.313315575926,100.0
14.008658,-0.848674870898,-0.114665063894,0.248504887637,0.401135976032,3.05684021506,-1.16199044682,-0.31906800388,92.6044998169,0.556068035608,-1.13092733587,-0.333640821365,1.11520403279,0.25962624835,1.33379629507,-0.315616547107,100.0
14.018678,-0.849058366095,-0.114281568697,0.249271878031,0.401135976032,3.05645671986,-1.16275743722,-0.320218489471,92.6044998169,0.554534054821,-1.1270923839,-0.334024316562,1.11597102319,0.262310714728,1.33072833349,-0.317917518289,100.0
14.028650,-0.848291375701,-0.114281568697,0.248504887637,0.401519471229,3.05607322466,-1.16160695163,-0.319451499077,92.6044998169,0.554534054821,-1.12325743193,-0.334024316562,1.11597102319,0.265378676304,1.32727687672,-0.318684508683,100.0
14.038661,-0.849058366095,-0.115048559091,0.24812139244,0.401135976032,3.05645671986,-1.16160695163,-0.320218489471,92.6044998169,0.55338356923,-1.11865548957,-0.334407811759,1.1148205376,0.268830133077,1.32152444876,-0.320218489471,100.0
14.048653,-0.849058366095,-0.114281568697,0.248504887637,0.400752480835,3.05684021506,-1.16199044682,-0.320218489471,92.6044998169,0.553000074033,-1.1144370424,-0.334024316562,1.1148205376,0.272665085047,1.3169225064,-0.321752470259,100.0
14.058650,-0.848674870898,-0.114665063894,0.248504887637,0.401135976032,3.05645671986,-1.16199044682,-0.320218489471,92.6044998169,0.552616578836,-1.11021859523,-0.334407811759,1.1144370424,0.275349551425,1.31155357364,-0.323286451047,100.0
14.068659,-0.848674870898,-0.115432054288,0.248504887637,0.401519471229,3.05645671986,-1.16275743722,-0.320218489471,92.6044998169,0.552233083639,-1.10523315767,-0.333640821365,1.1144370424,0.279567998592,1.3042671649,-0.324436936638,100.0
14.078650,-0.848674870898,-0.115815549485,0.249271878031,0.401135976032,3.05607322466,-1.16237394202,-0.31906800388,92.6044998169,0.552233083639,-1.10063121531,-0.333640821365,1.1144370424,0.282635960168,1.29889823214,-0.327121403017,100.0
14.088649,-0.848674870898,-0.1138980735,0.248888382834,0.402286461623,3.05607322466,-1.16122345643,-0.319451499077,92.6044998169,0.551849588442,-1.09679626334,-0.334024316562,1.1144370424,0.286470912138,1.2916118234,-0.330572859789,100.0
14.098650,-0.848291375701,-0.114665063894,0.248504887637,0.401519471229,3.05645671986,-1.16160695163,-0.31906800388,92.6044998169,0.552233083639,-1.09181082578,-0.334024316562,1.1148205376,0.290305864107,1.28355842426,-0.334791306956,100.0
14.108650,-0.847907880504,-0.115048559091,0.249271878031,0.401902966426,3.05645671986,-1.16275743722,-0.319834994274,92.6044998169,0.551466093245,-1.08720888341,-0.333640821365,1.1148205376,0.294140816077,1.27550502513,-0.33555829735,100.0
14.118649,-0.849058366095,-0.114281568697,0.248504887637,0.401519471229,3.05645671986,-1.16199044682,-0.320218489471,92.6044998169,0.551849588442,-1.08375742664,-0.333640821365,1.1144370424,0.299509748835,1.2663011404,-0.33555829735,100.0
14.128650,-0.848674870898,-0.115048559091,0.249271878031,0.400752480835,3.05568972947,-1.16160695163,-0.320985479865,92.6044998169,0.552616578836,-1.07915548428,-0.334024316562,1.1140535472,0.304111691198,1.25824774126,-0.335941792547,100.0
14.138650,-0.848291375701,-0.114281568697,0.248888382834,0.401519471229,3.05684021506,-1.16122345643,-0.320601984668,92.6044998169,0.551466093245,-1.07493703711,-0.333640821365,1.1140535472,0.308330138365,1.24827686614,-0.336325287744,100.0
14.148649,-0.848674870898,-0.114665063894,0.248888382834,0.401519471229,3.05530623427,-1.16199044682,-0.319451499077,92.6044998169,0.552233083639,-1.07033509475,-0.332873830971,1.1148205376,0.313699071123,1.23868948622,-0.337475773335,100.0
14.158651,-0.847524385307,-0.114665063894,0.248888382834,0.401902966426,3.05607322466,-1.16160695163,-0.319451499077,92.6044998169,0.551466093245,-1.06611664758,-0.332490335774,1.1148205376,0.318684508683,1.22948560149,-0.338626258926,100.0
14.168657,-0.848291375701,-0.115048559091,0.248888382834,0.401519471229,3.05607322466,-1.16199044682,-0.319451499077,92.6044998169,0.551466093245,-1.06228169561,-0.332490335774,1.1144370424,0.323669946244,1.21836424078,-0.33939324932,100.0
14.178655,-0.848291375701,-0.115048559091,0.249271878031,0.401902966426,3.05607322466,-1.16237394202,-0.319834994274,92.6044998169,0.551849588442,-1.05729625805,-0.332873830971,1.11520403279,0.329038879001,1.20800987046,-0.341694220501,100.0
14.188656,-0.847907880504,-0.114665063894,0.248888382834,0.401135976032,3.05684021506,-1.16237394202,-0.320218489471,92.6044998169,0.551849588442,-1.05307781088,-0.33172334538,1.1140535472,0.334407811759,1.19650501455,-0.343995191683,100.0
14.198654,-0.847907880504,-0.114281568697,0.248504887637,0.401902966426,3.05568972947,-1.16275743722,-0.319451499077,92.6044998169,0.552233083639,-1.04962635411,-0.332106840577,1.1140535472,0.33939324932,1.18730112982,-0.346679658062,100.0
14.208653,-0.848674870898,-0.114281568697,0.24812139244,0.401902966426,3.05568972947,-1.16237394202,-0.319451499077,92.6044998169,0.551082598048,-1.04540790694,-0.33172334538,1.1140535472,0.345529172471,1.17694675951,-0.348980629244,100.0
14.218724,-0.848291375701,-0.114665063894,0.248504887637,0.402286461623,3.05645671986,-1.16160695163,-0.319834994274,92.6044998169,0.551849588442,-1.04233994537,-0.332106840577,1.1140535472,0.350898105229,1.16620889399,-0.350514610032,100.0
14.228731,-0.847524385307,-0.114665063894,0.248888382834,0.401519471229,3.05607322466,-1.16199044682,-0.319451499077,92.6044998169,0.551082598048,-1.0385049934,-0.330956354986,1.1140535472,0.356267037986,1.15700500926,-0.35204859082,100.0
14.238738,-0.848291375701,-0.115048559091,0.248888382834,0.401519471229,3.05607322466,-1.16199044682,-0.320218489471,92.6044998169,0.550699102851,-1.03428654623,-0.330572859789,1.1148205376,0.363169951532,1.14780112454,-0.353199076411,100.0
14.248752,-0.848291375701,-0.114665063894,0.248888382834,0.401902966426,3.05645671986,-1.16160695163,-0.319834994274,92.6044998169,0.551082598048,-1.03121858466,-0.330189364592,1.1144370424,0.368538884289,1.13859723981,-0.354733057199,100.0
14.258791,-0.84714089011,-0.114281568697,0.249271878031,0.401902966426,3.05568972947,-1.16275743722,-0.31906800388,92.6044998169,0.550315607654,-1.02930110867,-0.329805869395,1.1140535472,0.374291312244,1.12977685028,-0.355883542789,100.0
14.268740,-0.847907880504,-0.115048559091,0.249271878031,0.401902966426,3.05607322466,-1.16237394202,-0.319451499077,92.6044998169,0.550315607654,-1.0262331471,-0.329422374198,1.1140535472,0.380810730593,1.12287393673,-0.35703402838,100.0
14.278733,-0.847524385307,-0.1138980735,0.248504887637,0.401519471229,3.05645671986,-1.16199044682,-0.319834994274,92.6044998169,0.54954861726,-1.02354868072,-0.330572859789,1.1140535472,0.385029177759,1.1148205376,-0.356267037986,100.0
14.288732,-0.848291375701,-0.1138980735,0.248888382834,0.40266995682,3.05607322466,-1.16275743722,-0.31906800388,92.6044998169,0.549165122063,-1.02124770953,-0.329422374198,1.113670052,0.390781605714,1.10791762405,-0.358568009168,100.0
14.298690,-0.848674870898,-0.114665063894,0.248888382834,0.402286461623,3.05607322466,-1.16199044682,-0.320601984668,92.6044998169,0.548781626866,-1.01779625276,-0.330189364592,1.11213607122,0.395767043274,1.10254869129,-0.360101989956,100.0
14.308663,-0.848291375701,-0.114281568697,0.248504887637,0.402286461623,3.05645671986,-1.16237394202,-0.320218489471,92.6044998169,0.548398131669,-1.01587877678,-0.329422374198,1.11251956641,0.400752480835,1.09641276814,-0.361252475547,100.0
14.318671,-0.849058366095,-0.113514578304,0.248504887637,0.400752480835,3.05607322466,-1.16199044682,-0.320218489471,92.6044998169,0.547631141275,-1.01396130079,-0.329805869395,1.11175257602,0.406121413593,1.09219432097,-0.362402961138,100.0
14.328731,-0.849058366095,-0.114281568697,0.248504887637,0.402286461623,3.05645671986,-1.16160695163,-0.320218489471,92.6044998169,0.547247646078,-1.01204382481,-0.328271888607,1.11136908082,0.411106851153,1.08759237861,-0.362019465941,100.0
14.338813,-0.848674870898,-0.114281568697,0.24812139244,0.401902966426,3.05645671986,-1.16199044682,-0.319451499077,92.6044998169,0.546480655684,-1.01089333922,-0.328271888607,1.11021859523,0.417242774305,1.08414092184,-0.363169951532,100.0
14.348736,-0.847907880504,-0.114281568697,0.248888382834,0.402286461623,3.05645671986,-1.16160695163,-0.319451499077,92.6044998169,0.545330170093,-1.00897586323,-0.327888393411,1.10945160484,0.42414568785,1.08107296026,-0.362786456335,100.0
14.358767,-0.847907880504,-0.114281568697,0.249655373228,0.401519471229,3.05607322466,-1.16199044682,-0.319834994274,92.6044998169,0.544946674896,-1.00705838725,-0.328271888607,1.10945160484,0.431432096593,1.07992247467,-0.362402961138,100.0
14.368755,-0.847907880504,-0.114281568697,0.248504887637,0.402286461623,3.05645671986,-1.16199044682,-0.319451499077,92.6044998169,0.544179684502,-1.00590790166,-0.327888393411,1.10791762405,0.438718505335,1.07838849388,-0.362402961138,100.0
14.378767,-0.848291375701,-0.114281568697,0.248888382834,0.401519471229,3.05607322466,-1.16199044682,-0.319451499077,92.6044998169,0.542262208517,-1.00437392087,-0.329422374198,1.10600014807,0.446388409275,1.07723800829,-0.362019465941,100.0
14.388759,-0.848291375701,-0.114281568697,0.24812139244,0.401519471229,3.05645671986,-1.16275743722,-0.31906800388,92.6044998169,0.541495218124,-1.00360693047,-0.327888393411,1.10523315767,0.455975789199,1.07723800829,-0.362019465941,100.0
14.398787,-0.847907880504,-0.114665063894,0.248888382834,0.401902966426,3.05568972947,-1.16160695163,-0.319451499077,92.6044998169,0.539961237336,-1.00283994008,-0.327888393411,1.10369917688,0.464029188335,1.07800499869,-0.362019465941,100.0
14.408756,-0.847524385307,-0.114281568697,0.249271878031,0.401519471229,3.05645671986,-1.16160695163,-0.320218489471,92.6044998169,0.539194246942,-1.00168945449,-0.328271888607,1.10254869129,0.472849577866,1.07915548428,-0.361635970744,100.0
14.418766,-0.847907880504,-0.114665063894,0.248504887637,0.401902966426,3.05645671986,-1.16237394202,-0.319834994274,92.6044998169,0.538810751745,-1.0001554737,-0.328655383804,1.1010147105,0.482053462593,1.07953897947,-0.362786456335,100.0
14.428800,-0.848674870898,-0.114665063894,0.248888382834,0.401519471229,3.05607322466,-1.16160695163,-0.319451499077,92.6044998169,0.537660266154,-0.99900498811,-0.327504898214,1.09833024413,0.491640842517,1.08222344585,-0.362402961138,100.0
14.438773,-0.848291375701,-0.1138980735,0.249271878031,0.401902966426,3.05607322466,-1.16237394202,-0.320218489471,92.6044998169,0.535742790169,-0.99900498811,-0.327888393411,1.09717975854,0.501995212836,1.08337393144,-0.362019465941,100.0
14.448794,-0.847907880504,-0.114281568697,0.248504887637,0.401135976032,3.05645671986,-1.16160695163,-0.319451499077,92.6044998169,0.534592304578,-0.998621492913,-0.327504898214,1.09526228255,0.51158259276,1.08644189302,-0.361635970744,100.0
14.458932,-0.848291375701,-0.113514578304,0.248888382834,0.401519471229,3.05607322466,-1.16160695163,-0.319451499077,92.6044998169,0.53305832379,-0.997854502519,-0.327121403017,1.09372830176,0.522703953472,1.088359369,-0.362019465941,100.0
14.468941,-0.847907880504,-0.114665063894,0.248504887637,0.401902966426,3.05645671986,-1.16199044682,-0.318684508683,92.6044998169,0.532291333396,-0.997854502519,-0.327121403017,1.09142733058,0.532291333396,1.09181082578,-0.361635970744,100.0
14.478951,-0.84714089011,-0.115048559091,0.24812139244,0.400752480835,3.05607322466,-1.16275743722,-0.319834994274,92.6044998169,0.531140847805,-0.997471007322,-0.327121403017,1.09027684499,0.543029198911,1.09449529216,-0.362019465941,100.0
14.488823,-0.847907880504,-0.1138980735,0.248888382834,0.402286461623,3.05645671986,-1.16237394202,-0.319451499077,92.6044998169,0.528839876623,-0.997087512126,-0.327504898214,1.0891263594,0.55338356923,1.09871373932,-0.361635970744,100.0
14.498817,-0.84714089011,-0.1138980735,0.249271878031,0.401902966426,3.05607322466,-1.16199044682,-0.319834994274,92.6044998169,0.527689391033,-0.995937026535,-0.32673790782,1.08644189302,0.563737939548,1.10331568169,-0.362402961138,100.0
14.508812,-0.847524385307,-0.115048559091,0.24812139244,0.402286461623,3.05607322466,-1.16199044682,-0.320218489471,92.6044998169,0.525388419851,-0.995553531338,-0.32673790782,1.08414092184,0.57485930026,1.10753412885,-0.361635970744,100.0
14.518843,-0.847907880504,-0.114281568697,0.248888382834,0.401135976032,3.05607322466,-1.16199044682,-0.320218489471,92.6044998169,0.523854439063,-0.994403045747,-0.325970917426,1.08260694105,0.585980660972,1.11290306161,-0.360101989956,100.0
14.528828,-0.848291375701,-0.114665063894,0.248504887637,0.401519471229,3.05607322466,-1.16199044682,-0.319451499077,92.6044998169,0.522320458275,-0.994403045747,-0.327504898214,1.08030596987,0.596718526487,1.11788849917,-0.359334999562,100.0
14.538825,-0.848291375701,-0.1138980735,0.248888382834,0.401519471229,3.05607322466,-1.16199044682,-0.320218489471,92.6044998169,0.521553467881,-0.994403045747,-0.327121403017,1.07800499869,0.605538916018,1.12325743193,-0.358184513971,100.0
14.548739,-0.847524385307,-0.1138980735,0.248888382834,0.401519471229,3.05645671986,-1.16160695163,-0.319834994274,92.6044998169,0.518485506305,-0.99401955055,-0.326354412623,1.0757040275,0.615893286336,1.12977685028,-0.355500047592,100.0
14.558725,-0.847524385307,-0.1138980735,0.248888382834,0.400752480835,3.05607322466,-1.16275743722,-0.319451499077,92.6044998169,0.517335020714,-0.992869064959,-0.327504898214,1.07340305632,0.625864161457,1.13591277343,-0.353199076411,100.0
14.568720,-0.849058366095,-0.114281568697,0.248504887637,0.400368985638,3.05607322466,-1.16160695163,-0.319834994274,92.6044998169,0.516184535123,-0.992869064959,-0.327121403017,1.07148558034,0.635451541382,1.14128170619,-0.352432086017,100.0
14.578719,-0.847524385307,-0.114281568697,0.249271878031,0.401902966426,3.05607322466,-1.16199044682,-0.320218489471,92.6044998169,0.515417544729,-0.992485569762,-0.326354412623,1.06880111396,0.645422416503,1.14895161013,-0.349364124441,100.0
14.588728,-0.849058366095,-0.114281568697,0.248504887637,0.401135976032,3.05684021506,-1.16199044682,-0.319834994274,92.6044998169,0.511966087957,-0.992102074565,-0.327504898214,1.06688363797,0.654242806033,1.15470403808,-0.347830143653,100.0
14.598771,-0.848291375701,-0.113514578304,0.248504887637,0.401519471229,3.05607322466,-1.16199044682,-0.319451499077,92.6044998169,0.510048611972,-0.990951588974,-0.327121403017,1.0638156764,0.66229620517,1.16083996123,-0.343995191683,100.0
14.608729,-0.848674870898,-0.113131083107,0.248888382834,0.401135976032,3.05645671986,-1.16275743722,-0.319834994274,92.6044998169,0.508514631184,-0.99018459858,-0.32673790782,1.06151470522,0.6711165947,1.16697588438,-0.340927230108,100.0
14.618723,-0.848674870898,-0.113131083107,0.248888382834,0.400752480835,3.05607322466,-1.16237394202,-0.320218489471,92.6044998169,0.506980650396,-0.99018459858,-0.327121403017,1.05767975325,0.679169993836,1.17272831234,-0.337475773335,100.0
14.628723,-0.848291375701,-0.113514578304,0.248888382834,0.401902966426,3.05568972947,-1.16122345643,-0.320218489471,92.6044998169,0.504679679214,-0.988650617792,-0.325970917426,1.05576227726,0.686839897776,1.1777137499,-0.33555829735,100.0
14.638801,-0.84714089011,-0.113514578304,0.248888382834,0.402286461623,3.05607322466,-1.16199044682,-0.319834994274,92.6044998169,0.502762203229,-0.987883627398,-0.326354412623,1.05307781088,0.694126306518,1.18500015864,-0.334024316562,100.0
14.648824,-0.848674870898,-0.113514578304,0.248888382834,0.401902966426,3.05568972947,-1.16199044682,-0.319834994274,92.6044998169,0.501228222442,-0.986733141807,-0.327121403017,1.04924285891,0.703713686442,1.18921860581,-0.329422374198,100.0
14.658818,-0.847907880504,-0.1138980735,0.249271878031,0.402286461623,3.05645671986,-1.16275743722,-0.319834994274,92.6044998169,0.499694241654,-0.985966151413,-0.32673790782,1.04540790694,0.710233104791,1.19420404337,-0.326354412623,100.0
14.668821,-0.847907880504,-0.113131083107,0.248888382834,0.401519471229,3.05645671986,-1.16199044682,-0.320218489471,92.6044998169,0.497393270472,-0.985199161019,-0.327121403017,1.04272344057,0.718286503927,1.20033996652,-0.324053441441,100.0
14.678818,-0.849825356489,-0.113514578304,0.24812139244,0.401902966426,3.05568972947,-1.16237394202,-0.319451499077,92.6044998169,0.496242784881,-0.983665180232,-0.326354412623,1.037738003,0.723655436685,1.20532540408,-0.322135965456,100.0
14.688839,-0.849058366095,-0.113514578304,0.248504887637,0.401902966426,3.05607322466,-1.16160695163,-0.31906800388,92.6044998169,0.493941813699,-0.982131199444,-0.327504898214,1.03390305103,0.729791359836,1.20800987046,-0.320985479865,100.0
14.698832,-0.848291375701,-0.114281568697,0.24812139244,0.401519471229,3.05645671986,-1.16275743722,-0.320218489471,92.6044998169,0.492024337714,-0.980980713853,-0.327121403017,1.03006809907,0.735160292594,1.21184482243,-0.320601984668,100.0
14.708836,-0.848291375701,-0.11274758791,0.248504887637,0.402286461623,3.05645671986,-1.16237394202,-0.319834994274,92.6044998169,0.490490356926,-0.979830228262,-0.327121403017,1.0262331471,0.740145730155,1.21414579361,-0.317917518289,100.0
14.718934,-0.849058366095,-0.113131083107,0.248888382834,0.401519471229,3.05568972947,-1.16237394202,-0.320218489471,92.6044998169,0.490106861729,-0.978296247474,-0.326354412623,1.02163120473,0.745898158109,1.21721375519,-0.314849556713,100.0
14.728935,-0.849058366095,-0.113131083107,0.249271878031,0.401519471229,3.05645671986,-1.16199044682,-0.319834994274,92.6044998169,0.487422395351,-0.976762266686,-0.326354412623,1.01702926237,0.750116605276,1.21951472637,-0.311781595138,100.0
14.738936,-0.848291375701,-0.11274758791,0.248504887637,0.401519471229,3.05607322466,-1.16199044682,-0.320218489471,92.6044998169,0.485504919366,-0.975611781095,-0.327121403017,1.01242732,0.754335052443,1.22028171676,-0.309864119153,100.0
14.748876,-0.848291375701,-0.113131083107,0.248504887637,0.401902966426,3.05568972947,-1.16122345643,-0.319834994274,92.6044998169,0.484737928972,-0.973310809913,-0.32673790782,1.00782537764,0.758553499609,1.22258268794,-0.308330138365,100.0
14.758846,-0.849058366095,-0.113131083107,0.248504887637,0.401135976032,3.05607322466,-1.16237394202,-0.319834994274,92.6044998169,0.482820452987,-0.972160324322,-0.327504898214,1.00207294969,0.762004956382,1.22258268794,-0.307563147971,100.0
14.768782,-0.848291375701,-0.111980597516,0.249271878031,0.400752480835,3.05607322466,-1.16237394202,-0.319834994274,92.6044998169,0.480902977002,-0.969475857944,-0.327121403017,0.995937026535,0.765072917958,1.22258268794,-0.30641266238,100.0
14.778764,-0.848674870898,-0.111980597516,0.248504887637,0.402286461623,3.05645671986,-1.16199044682,-0.319834994274,92.6044998169,0.47860200582,-0.968325372353,-0.325970917426,0.99018459858,0.768140879534,1.22181569755,-0.306796157577,100.0
14.788748,-0.849058366095,-0.111980597516,0.24812139244,0.402286461623,3.05607322466,-1.16199044682,-0.319451499077,92.6044998169,0.478218510623,-0.965640905974,-0.326354412623,0.984815665822,0.770825345912,1.22066521196,-0.306796157577,100.0
14.798752,-0.848674870898,-0.111980597516,0.248504887637,0.401902966426,3.05645671986,-1.16199044682,-0.319834994274,92.6044998169,0.475917539441,-0.964490420383,-0.32673790782,0.978679742671,0.775043793079,1.22143220235,-0.307563147971,100.0
14.808752,-0.848291375701,-0.1138980735,0.249271878031,0.401135976032,3.05607322466,-1.16199044682,-0.319834994274,92.6044998169,0.475150549048,-0.962189449201,-0.327121403017,0.971393333928,0.775810783473,1.22066521196,-0.308330138365,100.0
14.818751,-0.849058366095,-0.11274758791,0.248504887637,0.401902966426,3.05722371026,-1.16122345643,-0.319451499077,92.6044998169,0.473233073063,-0.959121487625,-0.32673790782,0.963723429989,0.778878745049,1.22066521196,-0.309480623956,100.0
14.828748,-0.848291375701,-0.111980597516,0.248888382834,0.401519471229,3.05607322466,-1.16199044682,-0.31906800388,92.6044998169,0.472466082669,-0.956437021247,-0.327504898214,0.957971002034,0.780412725837,1.22143220235,-0.310631109547,100.0
14.838759,-0.848674870898,-0.111597102319,0.249271878031,0.401135976032,3.05645671986,-1.16237394202,-0.319834994274,92.6044998169,0.470548606684,-0.954519545262,-0.326354412623,0.951068088489,0.783480687412,1.22066521196,-0.311014604744,100.0
14.848761,-0.848291375701,-0.111597102319,0.24812139244,0.401519471229,3.05568972947,-1.16237394202,-0.320218489471,92.6044998169,0.469014625896,-0.952602069277,-0.327504898214,0.943014689353,0.785781658594,1.22104870716,-0.311781595138,100.0
14.858751,-0.849058366095,-0.112364092713,0.248888382834,0.401902966426,3.05645671986,-1.16275743722,-0.318684508683,92.6044998169,0.467480645108,-0.949534107701,-0.32673790782,0.936495271004,0.788082629776,1.22028171676,-0.311014604744,100.0
14.868748,-0.847907880504,-0.112364092713,0.248888382834,0.401902966426,3.05607322466,-1.16275743722,-0.319834994274,92.6044998169,0.466713654714,-0.947616631716,-0.327121403017,0.928058376671,0.790383600958,1.21913123117,-0.311398099941,100.0
14.878753,-0.847907880504,-0.111980597516,0.248888382834,0.401519471229,3.05607322466,-1.16160695163,-0.319834994274,92.6044998169,0.464412683532,-0.94454867014,-0.326354412623,0.920771967928,0.791917581746,1.22066521196,-0.311398099941,100.0
14.888743,-0.847907880504,-0.111980597516,0.248888382834,0.401519471229,3.05645671986,-1.16275743722,-0.320218489471,92.6044998169,0.463262197941,-0.940713718171,-0.326354412623,0.913485559186,0.793835057731,1.21989822157,-0.311781595138,100.0
14.898766,-0.849058366095,-0.11274758791,0.248888382834,0.401135976032,3.05607322466,-1.16275743722,-0.320601984668,92.6044998169,0.46211171235,-0.938029251792,-0.327121403017,0.905815655246,0.795752533716,1.22066521196,-0.312548585532,100.0
14.908761,-0.847524385307,-0.112364092713,0.24812139244,0.401902966426,3.05607322466,-1.16237394202,-0.320218489471,92.6044998169,0.46096122676,-0.93572828061,-0.325970917426,0.898145751307,0.7976700097,1.22143220235,-0.31408256632,100.0
14.918748,-0.848291375701,-0.111980597516,0.248504887637,0.401902966426,3.05645671986,-1.16160695163,-0.319834994274,92.6044998169,0.460194236366,-0.93189332864,-0.326354412623,0.889325361777,0.798820495291,1.22143220235,-0.313699071123,100.0
14.928756,-0.847907880504,-0.111213607122,0.24812139244,0.401519471229,3.05568972947,-1.16237394202,-0.320218489471,92.6044998169,0.458276760381,-0.928441871868,-0.327504898214,0.88127196264,0.80150496167,1.22181569755,-0.31408256632,100.0
14.938750,-0.847907880504,-0.111597102319,0.248504887637,0.402286461623,3.05607322466,-1.16199044682,-0.31906800388,92.6044998169,0.45712627479,-0.924606919898,-0.326354412623,0.873602058701,0.803038942458,1.22258268794,-0.314466061517,100.0
14.948756,-0.847524385307,-0.112364092713,0.249271878031,0.401135976032,3.05607322466,-1.16275743722,-0.319834994274,92.6044998169,0.455208798805,-0.921922453519,-0.32673790782,0.865165164367,0.80533991364,1.22219919275,-0.31408256632,100.0
14.958757,-0.847524385307,-0.111980597516,0.24812139244,0.401902966426,3.05645671986,-1.16199044682,-0.319451499077,92.6044998169,0.453674818017,-0.918087501549,-0.32673790782,0.857111765231,0.808024380019,1.22219919275,-0.312932080729,100.0
14.968761,-0.847524385307,-0.112364092713,0.248504887637,0.401135976032,3.05568972947,-1.16237394202,-0.319834994274,92.6044998169,0.452907827623,-0.915403035171,-0.326354412623,0.850208851685,0.811475836791,1.22104870716,-0.313699071123,100.0
14.978752,-0.847524385307,-0.111980597516,0.248504887637,0.401135976032,3.05568972947,-1.16199044682,-0.319834994274,92.6044998169,0.451757342032,-0.911951578398,-0.326354412623,0.841004966958,0.813393312776,1.22219919275,-0.313315575926,100.0
14.988756,-0.847907880504,-0.111980597516,0.249271878031,0.401519471229,3.05684021506,-1.16237394202,-0.319834994274,92.6044998169,0.450990351638,-0.908116626428,-0.32673790782,0.834102053413,0.817228264746,1.22334967834,-0.31408256632,100.0
14.998759,-0.849058366095,-0.112364092713,0.248888382834,0.401519471229,3.05568972947,-1.16199044682,-0.319834994274,92.6044998169,0.44945637085,-0.904281674458,-0.32673790782,0.825665159079,0.820296226322,1.22334967834,-0.31408256632,100.0
15.008757,-0.848291375701,-0.111980597516,0.248888382834,0.401902966426,3.05568972947,-1.16237394202,-0.319834994274,92.6044998169,0.447155399669,-0.900446722489,-0.32673790782,0.817228264746,0.824898168685,1.22565064952,-0.313315575926,100.0
15.018759,-0.847907880504,-0.111597102319,0.249271878031,0.401902966426,3.05607322466,-1.16237394202,-0.319451499077,92.6044998169,0.446004914078,-0.896995265716,-0.325970917426,0.80917486561,0.828733120655,1.22603414472,-0.313315575926,100.0
15.028772,-0.848291375701,-0.111980597516,0.248888382834,0.400752480835,3.05568972947,-1.16160695163,-0.319451499077,92.6044998169,0.44447093329,-0.89392730414,-0.326354412623,0.802655447261,0.831801082231,1.22718463031,-0.313315575926,100.0
15.038754,-0.848291375701,-0.111213607122,0.249655373228,0.401902966426,3.05607322466,-1.16199044682,-0.31906800388,92.6044998169,0.443320447699,-0.890475847367,-0.325587422229,0.794985543322,0.837170014988,1.22680113511,-0.312932080729,100.0
15.048680,-0.84714089011,-0.112364092713,0.248504887637,0.402286461623,3.05722371026,-1.16199044682,-0.319834994274,92.6044998169,0.44063598132,-0.885873905004,-0.325203927032,0.787699134579,0.841388462155,1.22910210629,-0.312548585532,100.0
15.058666,-0.847907880504,-0.111597102319,0.248888382834,0.400752480835,3.05530623427,-1.16275743722,-0.319834994274,92.6044998169,0.437951514941,-0.882422448231,-0.324820431835,0.780412725837,0.846757394913,1.22910210629,-0.310631109547,100.0
15.068666,-0.847524385307,-0.111213607122,0.248888382834,0.401519471229,3.05645671986,-1.16199044682,-0.320218489471,92.6044998169,0.437568019744,-0.878204001064,-0.324436936638,0.773126317094,0.85212632767,1.23178657267,-0.308330138365,100.0
15.078668,-0.848674870898,-0.111980597516,0.249271878031,0.401135976032,3.05568972947,-1.16275743722,-0.320218489471,92.6044998169,0.435267048562,-0.875519534686,-0.322519460653,0.76737388914,0.857111765231,1.23370404866,-0.307179652774,100.0
15.088661,-0.847907880504,-0.111980597516,0.248888382834,0.401902966426,3.05645671986,-1.16199044682,-0.319451499077,92.6044998169,0.432199086987,-0.871301087519,-0.322519460653,0.760470975594,0.862480697989,1.23562152464,-0.306029167183,100.0
15.098828,-0.848291375701,-0.111980597516,0.248888382834,0.401135976032,3.05684021506,-1.16160695163,-0.31906800388,92.6044998169,0.430281611002,-0.867849630746,-0.320985479865,0.753951557246,0.870150601928,1.23715550543,-0.305645671986,100.0
15.108829,-0.84714089011,-0.112364092713,0.248888382834,0.401519471229,3.05568972947,-1.16237394202,-0.320218489471,92.6044998169,0.42798063982,-0.864398173973,-0.31906800388,0.7470486437,0.875136039489,1.24022346701,-0.304495186395,100.0
15.118813,-0.848291375701,-0.111980597516,0.248504887637,0.400752480835,3.05645671986,-1.16199044682,-0.320218489471,92.6044998169,0.426063163835,-0.861330212398,-0.318684508683,0.740145730155,0.882038953034,1.24290793338,-0.304111691198,100.0
15.128795,-0.848674870898,-0.111597102319,0.249271878031,0.400752480835,3.05607322466,-1.16199044682,-0.319834994274,92.6044998169,0.423762192653,-0.857111765231,-0.317917518289,0.734776797397,0.88894186658,1.24635939016,-0.303344700804,100.0
15.138794,-0.847524385307,-0.111597102319,0.248504887637,0.401519471229,3.05607322466,-1.16199044682,-0.320218489471,92.6044998169,0.420310735881,-0.854427298852,-0.317150527895,0.727873883852,0.894310799337,1.25019434213,-0.302194215213,100.0
15.148792,-0.847907880504,-0.111213607122,0.248504887637,0.401519471229,3.05645671986,-1.16160695163,-0.31906800388,92.6044998169,0.418776755093,-0.850975842079,-0.315616547107,0.722121455897,0.900830217686,1.25211181811,-0.299893244032,100.0
15.158784,-0.848291375701,-0.111597102319,0.24812139244,0.401519471229,3.05645671986,-1.16160695163,-0.320218489471,92.6044998169,0.415708793517,-0.847907880504,-0.314466061517,0.717136018336,0.907349636034,1.25556327488,-0.298742758441,100.0
15.168790,-0.847907880504,-0.111213607122,0.249271878031,0.401519471229,3.05684021506,-1.16199044682,-0.319834994274,92.6044998169,0.413024327138,-0.844839918928,-0.313315575926,0.711383590382,0.913869054383,1.25824774126,-0.29759227285,100.0
15.178917,-0.847907880504,-0.110830111925,0.24812139244,0.401135976032,3.05645671986,-1.16199044682,-0.319451499077,92.6044998169,0.411106851153,-0.841388462155,-0.311398099941,0.705631162427,0.919621482337,1.26284968363,-0.294907806471,100.0
15.188983,-0.848291375701,-0.110830111925,0.247737897243,0.401135976032,3.05607322466,-1.16160695163,-0.320218489471,92.6044998169,0.408422384774,-0.837937005382,-0.311014604744,0.700645724867,0.926524395883,1.2663011404,-0.292223340092,100.0
15.198961,-0.847907880504,-0.111597102319,0.24812139244,0.401902966426,3.05607322466,-1.16160695163,-0.320218489471,92.6044998169,0.405737918396,-0.834869043807,-0.310631109547,0.695276792109,0.931509833443,1.26936910198,-0.289538873713,100.0
15.208967,-0.848291375701,-0.110830111925,0.248504887637,0.401135976032,3.05645671986,-1.16199044682,-0.319834994274,92.6044998169,0.403053452017,-0.832951567822,-0.308330138365,0.690674849745,0.938796242186,1.27320405394,-0.286854407335,100.0
15.218944,-0.847524385307,-0.111597102319,0.248504887637,0.401902966426,3.05607322466,-1.16199044682,-0.320218489471,92.6044998169,0.401135976032,-0.828733120655,-0.307179652774,0.686072907382,0.94339818455,1.27780599631,-0.283019455365,100.0
15.228989,-0.848674870898,-0.111213607122,0.248504887637,0.401902966426,3.05568972947,-1.16237394202,-0.31906800388,92.6044998169,0.398068014456,-0.827199139867,-0.305262176789,0.681470965018,0.948767117307,1.28240793867,-0.279951493789,100.0
15.238932,-0.847907880504,-0.111597102319,0.248888382834,0.401519471229,3.05568972947,-1.16275743722,-0.319451499077,92.6044998169,0.395767043274,-0.824514673488,-0.304111691198,0.677252517851,0.953369059671,1.28585939544,-0.276500037016,100.0
15.248858,-0.848291375701,-0.110830111925,0.24812139244,0.401135976032,3.05645671986,-1.16237394202,-0.319451499077,92.6044998169,0.394233062487,-0.822213702307,-0.302194215213,0.672267080291,0.956820516444,1.29084483301,-0.272665085047,100.0
15.258836,-0.848674870898,-0.111980597516,0.248888382834,0.401519471229,3.05645671986,-1.16199044682,-0.320218489471,92.6044998169,0.391165100911,-0.819145740731,-0.301043729623,0.66728164273,0.96103896361,1.29391279458,-0.269597123471,100.0
15.268843,-0.847907880504,-0.111597102319,0.24812139244,0.401902966426,3.05568972947,-1.16199044682,-0.319834994274,92.6044998169,0.389247624926,-0.81799525514,-0.299509748835,0.663063195563,0.964106925186,1.29774774655,-0.267679647486,100.0
15.278835,-0.848674870898,-0.111213607122,0.249271878031,0.401135976032,3.05645671986,-1.16160695163,-0.320218489471,92.6044998169,0.386946653744,-0.815694283958,-0.298359263244,0.659228243594,0.966407896368,1.30196619372,-0.268063142683,100.0
15.288745,-0.849058366095,-0.111213607122,0.248888382834,0.401135976032,3.05607322466,-1.16199044682,-0.320218489471,92.6044998169,0.384262187365,-0.813393312776,-0.296058292062,0.65462630123,0.968325372353,1.30580114569,-0.266529161895,100.0
15.298738,-0.848674870898,-0.110830111925,0.248888382834,0.401519471229,3.05568972947,-1.16199044682,-0.319451499077,92.6044998169,0.383111701774,-0.811859331988,-0.296058292062,0.649257368473,0.969092362747,1.30925260246,-0.262694209925,100.0
15.308740,-0.849058366095,-0.110446616728,0.248504887637,0.401135976032,3.05607322466,-1.16199044682,-0.319451499077,92.6044998169,0.380810730593,-0.809558360807,-0.294524311274,0.643504940518,0.96870886755,1.31385454482,-0.25962624835,100.0
15.318735,-0.848291375701,-0.110446616728,0.248888382834,0.401519471229,3.05645671986,-1.16122345643,-0.319834994274,92.6044998169,0.378509759411,-0.807640884822,-0.292990330486,0.638519502957,0.96870886755,1.31768949679,-0.256174791577,100.0
15.328736,-0.848291375701,-0.110830111925,0.249271878031,0.401519471229,3.05607322466,-1.16160695163,-0.31906800388,92.6044998169,0.376592283426,-0.806106904034,-0.292223340092,0.632000084609,0.967558381959,1.32114095357,-0.254257315592,100.0
15.338752,-0.848291375701,-0.109679626334,0.24812139244,0.401135976032,3.05607322466,-1.16160695163,-0.319451499077,92.6044998169,0.375441797835,-0.804189428049,-0.290689359304,0.628165132639,0.966024401171,1.32382541995,-0.25195634441,100.0
15.348742,-0.848674870898,-0.111597102319,0.248888382834,0.401902966426,3.05568972947,-1.16237394202,-0.319451499077,92.6044998169,0.372757331456,-0.802655447261,-0.28992236891,0.621262219094,0.964490420383,1.32766037191,-0.248888382834,100.0
15.358740,-0.849058366095,-0.111213607122,0.248504887637,0.401135976032,3.05684021506,-1.16160695163,-0.31906800388,92.6044998169,0.371990341062,-0.80150496167,-0.289155378516,0.613975810351,0.962572944398,1.33187881908,-0.24812139244,100.0
15.368732,-0.848674870898,-0.109679626334,0.248504887637,0.401135976032,3.05568972947,-1.16160695163,-0.319451499077,92.6044998169,0.370456360274,-0.799970980882,-0.288388388122,0.608606877594,0.959888478019,1.33494678066,-0.24697090685,100.0
15.378735,-0.848674870898,-0.110063121531,0.249271878031,0.401519471229,3.05607322466,-1.16275743722,-0.319451499077,92.6044998169,0.368538884289,-0.798437000094,-0.287621397729,0.602087459245,0.956437021247,1.33878173263,-0.246203916456,100.0
15.388758,-0.848291375701,-0.110446616728,0.248888382834,0.401135976032,3.05645671986,-1.16237394202,-0.319451499077,92.6044998169,0.368155389092,-0.796903019306,-0.287237902532,0.595951536093,0.954136050065,1.3422331894,-0.245053430865,100.0
15.398735,-0.849058366095,-0.110830111925,0.248504887637,0.401135976032,3.05607322466,-1.16237394202,-0.319834994274,92.6044998169,0.367004903502,-0.795752533716,-0.287237902532,0.588665127351,0.950684593292,1.34683513176,-0.244669935668,100.0
15.408677,-0.849058366095,-0.110063121531,0.249271878031,0.401519471229,3.05607322466,-1.16160695163,-0.319451499077,92.6044998169,0.366621408305,-0.794218552928,-0.286854407335,0.581762213806,0.946849641322,1.35028658854,-0.243902945274,100.0
15.418660,-0.849441861292,-0.110446616728,0.248504887637,0.401519471229,3.05645671986,-1.16160695163,-0.319834994274,92.6044998169,0.365854417911,-0.792301076943,-0.286087416941,0.57485930026,0.942631194156,1.3545050357,-0.244286440471,100.0
15.428662,-0.847524385307,-0.109679626334,0.24812139244,0.401135976032,3.05684021506,-1.16122345643,-0.319834994274,92.6044998169,0.363936941926,-0.791150591352,-0.285320426547,0.568723377109,0.938029251792,1.35987396846,-0.244286440471,100.0
15.438721,-0.848291375701,-0.110063121531,0.24812139244,0.401902966426,3.05607322466,-1.16160695163,-0.320218489471,92.6044998169,0.363936941926,-0.789616610564,-0.286087416941,0.560669977972,0.932276823837,1.36332542523,-0.245053430865,100.0
15.448615,-0.848674870898,-0.110063121531,0.248504887637,0.402286461623,3.05645671986,-1.16160695163,-0.320218489471,92.6044998169,0.362786456335,-0.787315639382,-0.285320426547,0.55338356923,0.928058376671,1.36831086279,-0.244286440471,100.0
15.458602,-0.848674870898,-0.110446616728,0.248504887637,0.401902966426,3.05645671986,-1.16237394202,-0.320218489471,92.6044998169,0.362786456335,-0.786932144185,-0.286470912138,0.54571366529,0.921922453519,1.37329630035,-0.244669935668,100.0
15.468603,-0.847907880504,-0.110063121531,0.248504887637,0.401135976032,3.05607322466,-1.16160695163,-0.319834994274,92.6044998169,0.361635970744,-0.786548648988,-0.286087416941,0.538427256548,0.916170025565,1.37866523311,-0.243902945274,100.0
15.478599,-0.849441861292,-0.109679626334,0.248888382834,0.401519471229,3.05607322466,-1.16237394202,-0.319834994274,92.6044998169,0.360485485153,-0.784631173003,-0.285320426547,0.530757352608,0.909650607216,1.38403416587,-0.244286440471,100.0
15.488597,-0.848674870898,-0.109296131137,0.248888382834,0.401902966426,3.05645671986,-1.16314093241,-0.31906800388,92.6044998169,0.360485485153,-0.783480687412,-0.285703921744,0.522703953472,0.903514684065,1.38978659382,-0.243902945274,100.0
15.498600,-0.847907880504,-0.109296131137,0.248504887637,0.401135976032,3.05645671986,-1.16237394202,-0.319834994274,92.6044998169,0.359718494759,-0.782330201822,-0.284553436153,0.513883563942,0.896995265716,1.39745649776,-0.243902945274,100.0
15.508607,-0.848291375701,-0.109679626334,0.248504887637,0.401519471229,3.05568972947,-1.16237394202,-0.319834994274,92.6044998169,0.358951504365,-0.779262240246,-0.285320426547,0.506213660002,0.891242837761,1.40320892572,-0.243902945274,100.0
15.518606,-0.847907880504,-0.109679626334,0.248504887637,0.401519471229,3.05607322466,-1.16275743722,-0.319451499077,92.6044998169,0.359334999562,-0.779645735443,-0.286470912138,0.49892725126,0.885490409807,1.40819436328,-0.243519450077,100.0
15.528611,-0.849058366095,-0.108529140743,0.248888382834,0.401902966426,3.05607322466,-1.16199044682,-0.319834994274,92.6044998169,0.358951504365,-0.781563211428,-0.286854407335,0.498543756063,0.883956429019,1.41049533446,-0.243519450077,100.0
15.538636,-0.848674870898,-0.110063121531,0.248504887637,0.401902966426,3.05568972947,-1.16314093241,-0.31906800388,92.6044998169,0.359718494759,-0.782713697019,-0.287237902532,0.500461232048,0.885490409807,1.41011183926,-0.243902945274,100.0
15.548606,-0.848291375701,-0.10891263594,0.248888382834,0.401135976032,3.05568972947,-1.16199044682,-0.319451499077,92.6044998169,0.359334999562,-0.7850146682,-0.286854407335,0.504679679214,0.886640895398,1.40627688729,-0.243902945274,100.0
15.558637,-0.848291375701,-0.109679626334,0.24812139244,0.401135976032,3.05645671986,-1.16160695163,-0.320218489471,92.6044998169,0.360485485153,-0.787315639382,-0.286470912138,0.50774764079,0.888174876186,1.40435941131,-0.244669935668,100.0
15.568608,-0.848674870898,-0.108529140743,0.248504887637,0.401902966426,3.05568972947,-1.16199044682,-0.319451499077,92.6044998169,0.360101989956,-0.78884962017,-0.285703921744,0.509665116775,0.886640895398,1.40627688729,-0.243902945274,100.0
15.578603,-0.847907880504,-0.109679626334,0.248504887637,0.401519471229,3.05645671986,-1.16160695163,-0.320218489471,92.6044998169,0.359718494759,-0.78884962017,-0.286470912138,0.507364145593,0.886640895398,1.40819436328,-0.243902945274,100.0
15.588583,-0.848674870898,-0.109679626334,0.248888382834,0.401902966426,3.05607322466,-1.16199044682,-0.319834994274,92.6044998169,0.359334999562,-0.788466124973,-0.287621397729,0.505063174411,0.886640895398,1.41011183926,-0.243902945274,100.0
15.598575,-0.847907880504,-0.10891263594,0.248504887637,0.401902966426,3.05607322466,-1.16237394202,-0.319834994274,92.6044998169,0.358951504365,-0.788466124973,-0.288388388122,0.503145698426,0.886640895398,1.41202931525,-0.243519450077,100.0
15.608572,-0.848291375701,-0.10891263594,0.248888382834,0.401902966426,3.05607322466,-1.16275743722,-0.320601984668,92.6044998169,0.359334999562,-0.788466124973,-0.287237902532,0.502378708032,0.887024390595,1.40972834407,-0.243519450077,100.0
15.618575,-0.848291375701,-0.110063121531,0.247737897243,0.401902966426,3.05645671986,-1.16275743722,-0.319451499077,92.6044998169,0.359718494759,-0.789233115367,-0.288004892925,0.502378708032,0.888558371383,1.40819436328,-0.242752459683,100.0
15.628574,-0.847524385307,-0.10891263594,0.248504887637,0.400368985638,3.05607322466,-1.16275743722,-0.319834994274,92.6044998169,0.359334999562,-0.790000105761,-0.288388388122,0.503529193623,0.889708856974,1.40742737288,-0.243519450077,100.0
15.638592,-0.847907880504,-0.109296131137,0.248888382834,0.401135976032,3.05607322466,-1.16160695163,-0.319834994274,92.6044998169,0.359334999562,-0.790383600958,-0.288004892925,0.504296184017,0.890092352171,1.40934484887,-0.244286440471,100.0
15.648596,-0.848291375701,-0.109296131137,0.248888382834,0.401902966426,3.05645671986,-1.16083996123,-0.319834994274,92.6044998169,0.359334999562,-0.791150591352,-0.288004892925,0.50391268882,0.889708856974,1.41126232485,-0.243902945274,100.0
15.658604,-0.848674870898,-0.109679626334,0.248888382834,0.401902966426,3.05684021506,-1.16122345643,-0.319451499077,92.6044998169,0.358951504365,-0.791534086549,-0.287621397729,0.503145698426,0.889325361777,1.41279630564,-0.243519450077,100.0
15.668603,-0.848674870898,-0.109296131137,0.248888382834,0.40266995682,3.05684021506,-1.16160695163,-0.320218489471,92.6044998169,0.358568009168,-0.792301076943,-0.288388388122,0.504679679214,0.889325361777,1.41356329604,-0.243902945274,100.0
15.678597,-0.849058366095,-0.109296131137,0.248888382834,0.401902966426,3.05645671986,-1.16275743722,-0.320218489471,92.6044998169,0.358184513971,-0.79268457214,-0.288004892925,0.504679679214,0.888558371383,1.41471378163,-0.243519450077,100.0
15.688595,-0.848291375701,-0.110063121531,0.249271878031,0.401135976032,3.05645671986,-1.16237394202,-0.320218489471,92.6044998169,0.358951504365,-0.793068067337,-0.288771883319,0.504679679214,0.888174876186,1.41394679123,-0.244286440471,100.0
15.698597,-0.848291375701,-0.108529140743,0.249271878031,0.401902966426,3.05530623427,-1.16352442761,-0.319834994274,92.6044998169,0.358184513971,-0.793451562534,-0.288771883319,0.504679679214,0.887407885792,1.41433028643,-0.243902945274,100.0
15.708596,-0.849441861292,-0.10891263594,0.248888382834,0.401902966426,3.05568972947,-1.16199044682,-0.319834994274,92.6044998169,0.359334999562,-0.793068067337,-0.288771883319,0.503529193623,0.886640895398,1.41394679123,-0.243902945274,100.0
15.718599,-0.848674870898,-0.109679626334,0.248504887637,0.401902966426,3.05607322466,-1.16122345643,-0.320218489471,92.6044998169,0.359718494759,-0.793835057731,-0.288771883319,0.503529193623,0.887791380989,1.41624776242,-0.243519450077,100.0
15.728598,-0.848674870898,-0.109296131137,0.248504887637,0.401519471229,3.05645671986,-1.16122345643,-0.319451499077,92.6044998169,0.359718494759,-0.794218552928,-0.288388388122,0.504296184017,0.886640895398,1.41586426722,-0.243902945274,100.0
15.738632,-0.847907880504,-0.109296131137,0.248504887637,0.401902966426,3.05645671986,-1.16237394202,-0.319834994274,92.6044998169,0.359334999562,-0.794985543322,-0.288388388122,0.503529193623,0.887024390595,1.41624776242,-0.24313595488,100.0
15.748613,-0.848291375701,-0.110446616728,0.24812139244,0.401135976032,3.05645671986,-1.16275743722,-0.320601984668,92.6044998169,0.359334999562,-0.795369038519,-0.288771883319,0.504296184017,0.887024390595,1.41586426722,-0.243519450077,100.0
15.758604,-0.848674870898,-0.109679626334,0.248888382834,0.400368985638,3.05645671986,-1.16275743722,-0.319451499077,92.6044998169,0.359334999562,-0.794985543322,-0.288771883319,0.504679679214,0.885873905004,1.41701475281,-0.243902945274,100.0
15.768596,-0.849441861292,-0.110446616728,0.248504887637,0.400752480835,3.05645671986,-1.16237394202,-0.319451499077,92.6044998169,0.358951504365,-0.795752533716,-0.288771883319,0.50391268882,0.886257400201,1.41624776242,-0.243902945274,100.0
15.778601,-0.848291375701,-0.109679626334,0.248504887637,0.401135976032,3.05568972947,-1.16122345643,-0.320601984668,92.6044998169,0.361252475547,-0.795369038519,-0.288771883319,0.504679679214,0.884723419413,1.41586426722,-0.243902945274,100.0
15.788603,-0.848291375701,-0.109679626334,0.248888382834,0.401519471229,3.05607322466,-1.16160695163,-0.31906800388,92.6044998169,0.36086898035,-0.795369038519,-0.288771883319,0.504679679214,0.883956429019,1.41624776242,-0.243519450077,100.0
15.798609,-0.848291375701,-0.110446616728,0.248888382834,0.401135976032,3.05684021506,-1.16122345643,-0.319451499077,92.6044998169,0.359718494759,-0.796136028913,-0.288771883319,0.505063174411,0.884339924216,1.4177817432,-0.243519450077,100.0
15.808600,-0.848674870898,-0.110446616728,0.249271878031,0.401902966426,3.05684021506,-1.16199044682,-0.319834994274,92.6044998169,0.358951504365,-0.79651952411,-0.289538873713,0.504296184017,0.884339924216,1.41739824801,-0.243519450077,100.0
15.818596,-0.847907880504,-0.110446616728,0.249271878031,0.401902966426,3.05684021506,-1.16237394202,-0.320601984668,92.6044998169,0.360101989956,-0.796136028913,-0.289155378516,0.504679679214,0.884339924216,1.41739824801,-0.243902945274,100.0
15.828599,-0.848674870898,-0.109679626334,0.247737897243,0.401135976032,3.05645671986,-1.16160695163,-0.319834994274,92.6044998169,0.358568009168,-0.795369038519,-0.288771883319,0.505446669608,0.884339924216,1.4177817432,-0.243519450077,100.0
15.838597,-0.848291375701,-0.109679626334,0.248888382834,0.401519471229,3.05684021506,-1.16237394202,-0.320218489471,92.6044998169,0.358951504365,-0.79651952411,-0.288388388122,0.505830164805,0.884339924216,1.4177817432,-0.244669935668,100.0
15.848633,-0.849825356489,-0.110063121531,0.248504887637,0.401135976032,3.05607322466,-1.16160695163,-0.320218489471,92.6044998169,0.359718494759,-0.796136028913,-0.288388388122,0.505830164805,0.883956429019,1.4181652384,-0.243902945274,100.0
15.858603,-0.848674870898,-0.110830111925,0.248504887637,0.401519471229,3.05607322466,-1.16083996123,-0.319451499077,92.6044998169,0.359334999562,-0.79651952411,-0.288771883319,0.505830164805,0.884339924216,1.41701475281,-0.243902945274,100.0
15.868605,-0.848291375701,-0.109296131137,0.248888382834,0.401519471229,3.05607322466,-1.16122345643,-0.319451499077,92.6044998169,0.358951504365,-0.79651952411,-0.289155378516,0.506213660002,0.884339924216,1.41663125761,-0.244286440471,100.0
15.878598,-0.848674870898,-0.109679626334,0.248504887637,0.401519471229,3.05645671986,-1.16122345643,-0.319451499077,92.6044998169,0.358568009168,-0.796136028913,-0.289155378516,0.505063174411,0.883956429019,1.41739824801,-0.243902945274,100.0
15.888594,-0.848674870898,-0.10891263594,0.248504887637,0.400752480835,3.05607322466,-1.16237394202,-0.320218489471,92.6044998169,0.358568009168,-0.795369038519,-0.289538873713,0.506213660002,0.883956429019,1.41739824801,-0.244286440471,100.0
15.898607,-0.849441861292,-0.109296131137,0.248504887637,0.400752480835,3.05530623427,-1.16199044682,-0.319834994274,92.6044998169,0.357417523577,-0.795369038519,-0.288771883319,0.505446669608,0.883956429019,1.41663125761,-0.243519450077,100.0
15.908606,-0.848674870898,-0.109296131137,0.248504887637,0.401135976032,3.05530623427,-1.16237394202,-0.319834994274,92.6044998169,0.358568009168,-0.795752533716,-0.288771883319,0.505063174411,0.884339924216,1.4177817432,-0.243902945274,100.0
15.918610,-0.848674870898,-0.109296131137,0.248888382834,0.400752480835,3.05568972947,-1.16160695163,-0.319834994274,92.6044998169,0.358184513971,-0.795369038519,-0.289538873713,0.505830164805,0.884339924216,1.41586426722,-0.244286440471,100.0
15.928602,-0.849058366095,-0.110063121531,0.248504887637,0.401135976032,3.05530623427,-1.16160695163,-0.320218489471,92.6044998169,0.357801018774,-0.795369038519,-0.289155378516,0.505830164805,0.883956429019,1.41624776242,-0.243902945274,100.0
15.938602,-0.848291375701,-0.109679626334,0.248504887637,0.401902966426,3.05645671986,-1.16160695163,-0.320218489471,92.6044998169,0.358568009168,-0.794985543322,-0.288771883319,0.505830164805,0.884723419413,1.41586426722,-0.243902945274,100.0
15.948603,-0.849058366095,-0.109296131137,0.248504887637,0.401135976032,3.05607322466,-1.16275743722,-0.319834994274,92.6044998169,0.359334999562,-0.794985543322,-0.289538873713,0.506213660002,0.884723419413,1.41509727682,-0.243902945274,100.0
15.958610,-0.849058366095,-0.109296131137,0.24812139244,0.401135976032,3.05645671986,-1.16314093241,-0.319834994274,92.6044998169,0.358184513971,-0.795369038519,-0.289538873713,0.505446669608,0.884339924216,1.41509727682,-0.244286440471,100.0
15.968613,-0.849441861292,-0.109679626334,0.248888382834,0.401519471229,3.05645671986,-1.16352442761,-0.320218489471,92.6044998169,0.359334999562,-0.794602048125,-0.28992236891,0.505446669608,0.883189438625,1.41663125761,-0.243902945274,100.0
15.978635,-0.848674870898,-0.109296131137,0.248888382834,0.402286461623,3.05568972947,-1.16160695163,-0.319451499077,92.6044998169,0.357417523577,-0.794602048125,-0.289538873713,0.506213660002,0.884723419413,1.41624776242,-0.24313595488,100.0
15.988607,-0.849825356489,-0.10891263594,0.24812139244,0.401135976032,3.05684021506,-1.16122345643,-0.320218489471,92.6044998169,0.358951504365,-0.795369038519,-0.290689359304,0.506213660002,0.883956429019,1.41586426722,-0.244286440471,100.0
15.998615,-0.849441861292,-0.109679626334,0.248888382834,0.401519471229,3.05645671986,-1.16083996123,-0.319834994274,92.6044998169,0.358568009168,-0.793835057731,-0.289155378516,0.506597155199,0.884339924216,1.41548077202,-0.243519450077,100.0
16.008755,-0.849441861292,-0.109296131137,0.248504887637,0.401135976032,3.05684021506,-1.16160695163,-0.319834994274,92.6044998169,0.359718494759,-0.794985543322,-0.289155378516,0.506597155199,0.883956429019,1.41586426722,-0.241601974092,100.0
16.018746,-0.849825356489,-0.110063121531,0.248888382834,0.402286461623,3.05607322466,-1.16237394202,-0.319834994274,92.6044998169,0.358951504365,-0.794602048125,-0.28992236891,0.506597155199,0.884339924216,1.41548077202,-0.238534012516,100.0
16.028743,-0.847907880504,-0.109296131137,0.248888382834,0.401519471229,3.05607322466,-1.16237394202,-0.320218489471,92.6044998169,0.358951504365,-0.794985543322,-0.289155378516,0.506597155199,0.883572933822,1.41548077202,-0.234315565349,100.0
16.038745,-0.848674870898,-0.10891263594,0.248888382834,0.400752480835,3.05645671986,-1.16275743722,-0.319834994274,92.6044998169,0.358568009168,-0.794602048125,-0.288771883319,0.506213660002,0.883956429019,1.41548077202,-0.235849546137,100.0
16.048740,-0.849058366095,-0.108529140743,0.249271878031,0.401519471229,3.05607322466,-1.16237394202,-0.319451499077,92.6044998169,0.358951504365,-0.794218552928,-0.288771883319,0.507364145593,0.88510691461,1.41548077202,-0.236616536531,100.0
16.058727,-0.849441861292,-0.109679626334,0.249271878031,0.401135976032,3.05607322466,-1.16275743722,-0.320218489471,92.6044998169,0.359718494759,-0.794218552928,-0.28992236891,0.50774764079,0.883956429019,1.41509727682,-0.237000031728,100.0
16.068773,-0.848674870898,-0.109679626334,0.248504887637,0.401902966426,3.05722371026,-1.16237394202,-0.319451499077,92.6044998169,0.358568009168,-0.794602048125,-0.288771883319,0.50774764079,0.883956429019,1.41548077202,-0.238150517319,100.0
16.078756,-0.848291375701,-0.10891263594,0.248504887637,0.401519471229,3.05607322466,-1.16160695163,-0.320601984668,92.6044998169,0.358568009168,-0.793835057731,-0.288388388122,0.507364145593,0.881655457837,1.41471378163,-0.238150517319,100.0
16.088767,-0.849058366095,-0.109679626334,0.248888382834,0.401902966426,3.05607322466,-1.16160695163,-0.319451499077,92.6044998169,0.358184513971,-0.794218552928,-0.289538873713,0.507364145593,0.883189438625,1.41471378163,-0.238917507713,99.5137786865
16.098763,-0.849058366095,-0.109679626334,0.24812139244,0.401519471229,3.05645671986,-1.16237394202,-0.320218489471,92.6044998169,0.358951504365,-0.793068067337,-0.289538873713,0.50774764079,0.882805943428,1.41356329604,-0.238150517319,97.7309570312
16.108736,-0.849825356489,-0.109296131137,0.249271878031,0.401519471229,3.05645671986,-1.16199044682,-0.320601984668,92.6044998169,0.358184513971,-0.794218552928,-0.288771883319,0.508514631184,0.883572933822,1.41394679123,-0.238534012516,94.4894638062
16.118758,-0.849825356489,-0.109296131137,0.24812139244,0.401135976032,3.05568972947,-1.16275743722,-0.319834994274,92.6044998169,0.358951504365,-0.794602048125,-0.289155378516,0.508514631184,0.882805943428,1.41356329604,-0.238534012516,90.1134490967
16.128667,-0.849441861292,-0.10891263594,0.248504887637,0.401902966426,3.05645671986,-1.16199044682,-0.320218489471,92.6044998169,0.358568009168,-0.793451562534,-0.289538873713,0.508514631184,0.882805943428,1.41241281045,-0.238150517319,86.871963501
16.138671,-0.849441861292,-0.109296131137,0.248888382834,0.401519471229,3.05568972947,-1.16122345643,-0.319834994274,92.6044998169,0.358951504365,-0.793451562534,-0.288771883319,0.508898126381,0.882038953034,1.41279630564,-0.239684498107,84.4408416748
16.148682,-0.849058366095,-0.10891263594,0.247737897243,0.401135976032,3.05607322466,-1.16199044682,-0.31906800388,92.6044998169,0.359334999562,-0.793451562534,-0.289155378516,0.509281621578,0.883956429019,1.41087882966,-0.23930100291,81.0372772217
16.158676,-0.849058366095,-0.109679626334,0.249271878031,0.401135976032,3.05645671986,-1.16160695163,-0.319834994274,92.6044998169,0.358951504365,-0.794602048125,-0.288771883319,0.510048611972,0.882805943428,1.41164582005,-0.240067993304,77.1474914551
16.168667,-0.849825356489,-0.109679626334,0.248888382834,0.401519471229,3.05645671986,-1.16199044682,-0.320218489471,92.6044998169,0.358951504365,-0.794602048125,-0.28992236891,0.509665116775,0.883189438625,1.41164582005,-0.240067993304,73.5818481445
16.178669,-0.849058366095,-0.109296131137,0.249271878031,0.401135976032,3.05645671986,-1.16160695163,-0.319451499077,92.6044998169,0.358568009168,-0.793835057731,-0.289155378516,0.510048611972,0.882805943428,1.41087882966,-0.240067993304,70.1782836914
16.188669,-0.848291375701,-0.109679626334,0.248888382834,0.401519471229,3.05645671986,-1.16199044682,-0.319451499077,92.6044998169,0.359334999562,-0.794602048125,-0.288771883319,0.510432107169,0.882038953034,1.41126232485,-0.240451488501,66.7747192383
16.198669,-0.849825356489,-0.109296131137,0.248888382834,0.401135976032,3.05607322466,-1.16160695163,-0.319834994274,92.6044998169,0.358951504365,-0.794218552928,-0.28992236891,0.510432107169,0.882805943428,1.41279630564,-0.240834983698,63.3711509705
16.208669,-0.848291375701,-0.108529140743,0.248888382834,0.401519471229,3.05568972947,-1.16237394202,-0.319834994274,92.6044998169,0.359718494759,-0.794602048125,-0.289538873713,0.510048611972,0.882038953034,1.41279630564,-0.240834983698,59.9675865173
16.218676,-0.849441861292,-0.109296131137,0.248504887637,0.401519471229,3.05607322466,-1.16237394202,-0.319834994274,92.6044998169,0.358568009168,-0.794602048125,-0.28992236891,0.510432107169,0.882805943428,1.41164582005,-0.241218478895,56.5640182495
16.228689,-0.849058366095,-0.109296131137,0.248504887637,0.401519471229,3.05645671986,-1.16160695163,-0.319451499077,92.6044998169,0.358951504365,-0.794602048125,-0.28992236891,0.510432107169,0.882805943428,1.41279630564,-0.241218478895,53.1604537964
16.238674,-0.849441861292,-0.10891263594,0.248888382834,0.401135976032,3.05607322466,-1.16199044682,-0.319451499077,92.6044998169,0.358951504365,-0.794218552928,-0.290305864107,0.511199097563,0.882038953034,1.41164582005,-0.241985469289,49.5948143005
16.248669,-0.849441861292,-0.109679626334,0.248504887637,0.401135976032,3.05645671986,-1.16199044682,-0.319834994274,92.6044998169,0.358568009168,-0.794218552928,-0.28992236891,0.510432107169,0.883189438625,1.41202931525,-0.242368964486,46.3533210754
16.258669,-0.849825356489,-0.109679626334,0.248504887637,0.401519471229,3.05645671986,-1.16199044682,-0.320218489471,92.6044998169,0.358568009168,-0.794602048125,-0.28992236891,0.510815602366,0.882038953034,1.41126232485,-0.241985469289,42.9497566223
16.268668,-0.849825356489,-0.110063121531,0.248504887637,0.401902966426,3.05684021506,-1.16199044682,-0.320218489471,92.6044998169,0.358184513971,-0.794602048125,-0.289155378516,0.509281621578,0.882805943428,1.41241281045,-0.241601974092,39.5461921692
16.278668,-0.849058366095,-0.109296131137,0.248504887637,0.401519471229,3.05607322466,-1.16160695163,-0.319451499077,92.6044998169,0.359334999562,-0.794602048125,-0.290305864107,0.510815602366,0.881655457837,1.41202931525,-0.241985469289,36.1426239014
16.288665,-0.848674870898,-0.109679626334,0.248504887637,0.400752480835,3.05645671986,-1.16199044682,-0.320218489471,92.6044998169,0.358951504365,-0.794602048125,-0.28992236891,0.510432107169,0.882038953034,1.41317980084,-0.242368964486,32.7390594482
16.298676,-0.849441861292,-0.110063121531,0.248504887637,0.401519471229,3.05722371026,-1.16199044682,-0.320218489471,92.6044998169,0.36086898035,-0.794985543322,-0.289538873713,0.510432107169,0.883189438625,1.41317980084,-0.241985469289,29.3354949951
16.308665,-0.849825356489,-0.110063121531,0.248504887637,0.400752480835,3.05645671986,-1.16160695163,-0.320218489471,92.6044998169,0.358951504365,-0.794602048125,-0.28992236891,0.511199097563,0.881655457837,1.41164582005,-0.242368964486,25.9319286346
16.318665,-0.849441861292,-0.109296131137,0.249655373228,0.401519471229,3.05607322466,-1.16237394202,-0.320218489471,92.6044998169,0.359334999562,-0.793835057731,-0.290689359304,0.510815602366,0.88127196264,1.41202931525,-0.242752459683,22.5283622742
16.328662,-0.849825356489,-0.109296131137,0.248504887637,0.402286461623,3.05645671986,-1.16199044682,-0.320218489471,92.6044998169,0.359334999562,-0.794602048125,-0.28992236891,0.510815602366,0.882038953034,1.41164582005,-0.242368964486,19.124797821
16.338680,-0.849825356489,-0.109679626334,0.248504887637,0.401519471229,3.05684021506,-1.16275743722,-0.319834994274,92.6044998169,0.359718494759,-0.794218552928,-0.289155378516,0.510815602366,0.882038953034,1.41202931525,-0.242752459683,15.7212314606
16.348670,-0.850592346882,-0.110063121531,0.248504887637,0.401902966426,3.05684021506,-1.16199044682,-0.319834994274,92.6044998169,0.359718494759,-0.793835057731,-0.290305864107,0.51158259276,0.881655457837,1.41279630564,-0.242368964486,12.3176660538
16.358662,-0.849058366095,-0.110063121531,0.24812139244,0.401902966426,3.05645671986,-1.16199044682,-0.319834994274,92.6044998169,0.359718494759,-0.794985543322,-0.289538873713,0.510432107169,0.882805943428,1.41164582005,-0.24313595488,8.91410064697
16.368669,-0.849058366095,-0.109296131137,0.249271878031,0.401519471229,3.05607322466,-1.16160695163,-0.320218489471,92.6044998169,0.360101989956,-0.794602048125,-0.290305864107,0.510432107169,0.883189438625,1.41126232485,-0.243519450077,5.83468389511
16.378674,-0.849825356489,-0.110063121531,0.248888382834,0.401902966426,3.05607322466,-1.16199044682,-0.319834994274,92.6044998169,0.360485485153,-0.794602048125,-0.289538873713,0.510432107169,0.883189438625,1.41202931525,-0.24313595488,4.7001619339
16.388671,-0.849441861292,-0.110446616728,0.248504887637,0.401902966426,3.05645671986,-1.16237394202,-0.319834994274,92.6044998169,0.359718494759,-0.793835057731,-0.290305864107,0.511199097563,0.881655457837,1.41317980084,-0.243902945274,4.53808736801
16.398671,-0.849058366095,-0.109679626334,0.248504887637,0.401135976032,3.05568972947,-1.16237394202,-0.319451499077,92.6044998169,0.360485485153,-0.794602048125,-0.289155378516,0.510432107169,0.882038953034,1.41394679123,-0.243902945274,4.53808736801
16.408670,-0.849825356489,-0.109679626334,0.249271878031,0.401902966426,3.05645671986,-1.16199044682,-0.319834994274,92.6044998169,0.360485485153,-0.794218552928,-0.289538873713,0.510432107169,0.882805943428,1.41317980084,-0.244669935668,4.53808736801
16.418669,-0.849825356489,-0.109296131137,0.248888382834,0.401902966426,3.05645671986,-1.16237394202,-0.320601984668,92.6044998169,0.36086898035,-0.795369038519,-0.289155378516,0.510432107169,0.881655457837,1.41394679123,-0.243902945274,4.53808736801
16.428666,-0.849825356489,-0.109679626334,0.24812139244,0.401135976032,3.05568972947,-1.16237394202,-0.31906800388,92.6044998169,0.36086898035,-0.794602048125,-0.289155378516,0.510048611972,0.882805943428,1.41356329604,-0.245053430865,4.53808736801
16.438582,-0.849441861292,-0.10891263594,0.247737897243,0.401902966426,3.05684021506,-1.16237394202,-0.319834994274,92.6044998169,0.360485485153,-0.795752533716,-0.28992236891,0.511199097563,0.882038953034,1.41279630564,-0.243902945274,4.53808736801
16.448575,-0.849825356489,-0.109679626334,0.248888382834,0.401902966426,3.05645671986,-1.16160695163,-0.320218489471,92.6044998169,0.36086898035,-0.795369038519,-0.290305864107,0.510048611972,0.882805943428,1.41202931525,-0.243902945274,4.53808736801
16.458577,-0.849441861292,-0.109296131137,0.248888382834,0.402286461623,3.05645671986,-1.16199044682,-0.319451499077,92.6044998169,0.360485485153,-0.794985543322,-0.289538873713,0.510815602366,0.883189438625,1.41241281045,-0.244669935668,4.53808736801
16.468575,-0.849825356489,-0.10891263594,0.24812139244,0.401135976032,3.05645671986,-1.16199044682,-0.319834994274,92.6044998169,0.360101989956,-0.794602048125,-0.290305864107,0.510432107169,0.881655457837,1.41241281045,-0.244669935668,4.53808736801
16.478575,-0.849825356489,-0.110446616728,0.248888382834,0.401902966426,3.05607322466,-1.16160695163,-0.319451499077,92.6044998169,0.361252475547,-0.794602048125,-0.289538873713,0.510815602366,0.882038953034,1.41241281045,-0.244286440471,4.53808736801
16.488570,-0.850592346882,-0.109296131137,0.24812139244,0.401902966426,3.05645671986,-1.16199044682,-0.320601984668,92.6044998169,0.360485485153,-0.794985543322,-0.28992236891,0.510432107169,0.882805943428,1.41202931525,-0.243902945274,4.53808736801
16.498572,-0.848291375701,-0.109296131137,0.249271878031,0.401519471229,3.05607322466,-1.16122345643,-0.319834994274,92.6044998169,0.362019465941,-0.794985543322,-0.290305864107,0.510432107169,0.882038953034,1.41202931525,-0.244669935668,4.53808736801
16.508574,-0.849441861292,-0.109679626334,0.248504887637,0.401519471229,3.05607322466,-1.16275743722,-0.320218489471,92.6044998169,0.360485485153,-0.794602048125,-0.28992236891,0.509665116775,0.88127196264,1.41241281045,-0.244286440471,4.53808736801
16.518571,-0.850208851685,-0.110063121531,0.248504887637,0.401135976032,3.05645671986,-1.16199044682,-0.319834994274,92.6044998169,0.36086898035,-0.794985543322,-0.289538873713,0.510815602366,0.881655457837,1.41087882966,-0.244286440471,4.53808736801
16.528572,-0.849825356489,-0.109679626334,0.248888382834,0.402286461623,3.05568972947,-1.16160695163,-0.319451499077,92.6044998169,0.36086898035,-0.795369038519,-0.289538873713,0.509665116775,0.882805943428,1.41202931525,-0.244286440471,4.53808736801
16.538572,-0.849441861292,-0.109296131137,0.248888382834,0.401519471229,3.05530623427,-1.16237394202,-0.320218489471,92.6044998169,0.362019465941,-0.794602048125,-0.28992236891,0.510048611972,0.883189438625,1.41164582005,-0.244286440471,4.53808736801
16.548574,-0.849058366095,-0.109679626334,0.248888382834,0.401902966426,3.05607322466,-1.16275743722,-0.320218489471,92.6044998169,0.36086898035,-0.794602048125,-0.28992236891,0.510432107169,0.882038953034,1.41241281045,-0.243902945274,4.53808736801
16.558574,-0.849825356489,-0.109296131137,0.248504887637,0.402286461623,3.05645671986,-1.16199044682,-0.319451499077,92.6044998169,0.362019465941,-0.795369038519,-0.28992236891,0.510432107169,0.882038953034,1.41279630564,-0.244669935668,4.53808736801
16.568575,-0.849058366095,-0.109679626334,0.249271878031,0.402286461623,3.05607322466,-1.16160695163,-0.319834994274,92.6044998169,0.361635970744,-0.794985543322,-0.28992236891,0.509665116775,0.882038953034,1.41164582005,-0.244669935668,4.53808736801
16.578575,-0.848674870898,-0.110063121531,0.248888382834,0.401135976032,3.05607322466,-1.16199044682,-0.320218489471,92.6044998169,0.361635970744,-0.794985543322,-0.289538873713,0.510432107169,0.882038953034,1.41087882966,-0.244669935668,4.53808736801
16.588575,-0.849441861292,-0.10891263594,0.248888382834,0.401135976032,3.05645671986,-1.16160695163,-0.319451499077,92.6044998169,0.361252475547,-0.794985543322,-0.28992236891,0.510432107169,0.882805943428,1.41202931525,-0.244286440471,4.53808736801
16.598578,-0.849058366095,-0.110063121531,0.248504887637,0.40266995682,3.05645671986,-1.16160695163,-0.319451499077,92.6044998169,0.361635970744,-0.794602048125,-0.289155378516,0.510048611972,0.882805943428,1.41087882966,-0.244286440471,4.53808736801
16.608581,-0.849825356489,-0.109296131137,0.249271878031,0.402286461623,3.05645671986,-1.16237394202,-0.320218489471,92.6044998169,0.361635970744,-0.794602048125,-0.290305864107,0.510432107169,0.882805943428,1.41049533446,-0.245053430865,4.53808736801
16.618578,-0.849441861292,-0.109679626334,0.248888382834,0.400752480835,3.05645671986,-1.16275743722,-0.319834994274,92.6044998169,0.362786456335,-0.794602048125,-0.28992236891,0.510048611972,0.882805943428,1.40934484887,-0.244669935668,4.53808736801
16.628574,-0.849058366095,-0.109296131137,0.248504887637,0.401135976032,3.05607322466,-1.16237394202,-0.319834994274,92.6044998169,0.361252475547,-0.795369038519,-0.28992236891,0.510432107169,0.882038953034,1.41011183926,-0.243902945274,4.53808736801
16.638590,-0.849058366095,-0.109679626334,0.248888382834,0.401519471229,3.05607322466,-1.16237394202,-0.320218489471,92.6044998169,0.362402961138,-0.794985543322,-0.28992236891,0.510048611972,0.882805943428,1.41011183926,-0.245053430865,4.53808736801
16.648580,-0.849825356489,-0.10891263594,0.248888382834,0.401902966426,3.05530623427,-1.16237394202,-0.319834994274,92.6044998169,0.361252475547,-0.794218552928,-0.289538873713,0.510432107169,0.882038953034,1.41126232485,-0.245053430865,4.53808736801
16.658576,-0.849441861292,-0.109679626334,0.249271878031,0.402286461623,3.05645671986,-1.16160695163,-0.319834994274,92.6044998169,0.362786456335,-0.794218552928,-0.28992236891,0.510815602366,0.882805943428,1.40972834407,-0.244286440471,4.53808736801
16.668575,-0.850592346882,-0.108529140743,0.248504887637,0.401902966426,3.05684021506,-1.16199044682,-0.320218489471,92.6044998169,0.362019465941,-0.794218552928,-0.290305864107,0.510815602366,0.882038953034,1.41011183926,-0.244286440471,4.53808736801
16.678574,-0.849058366095,-0.10891263594,0.248504887637,0.402286461623,3.05645671986,-1.16237394202,-0.320601984668,92.6044998169,0.362786456335,-0.795369038519,-0.28992236891,0.510048611972,0.882038953034,1.40896135367,-0.244669935668,4.53808736801
16.688572,-0.849441861292,-0.110063121531,0.24812139244,0.401902966426,3.05607322466,-1.16314093241,-0.319834994274,92.6044998169,0.362402961138,-0.794985543322,-0.28992236891,0.510432107169,0.881655457837,1.40934484887,-0.245053430865,4.53808736801
16.698573,-0.849058366095,-0.109296131137,0.248888382834,0.401519471229,3.05607322466,-1.16237394202,-0.320218489471,92.6044998169,0.362786456335,-0.793835057731,-0.289538873713,0.510815602366,0.882038953034,1.40972834407,-0.244669935668,4.53808736801
16.708574,-0.849825356489,-0.109679626334,0.249271878031,0.401902966426,3.05645671986,-1.16237394202,-0.319834994274,92.6044998169,0.361252475547,-0.794985543322,-0.289538873713,0.510048611972,0.881655457837,1.40857785848,-0.244286440471,4.53808736801
16.718577,-0.849058366095,-0.110063121531,0.248504887637,0.401519471229,3.05607322466,-1.16199044682,-0.320601984668,92.6044998169,0.363169951532,-0.794218552928,-0.28992236891,0.510048611972,0.882038953034,1.40896135367,-0.243902945274,4.53808736801
16.728579,-0.849441861292,-0.109296131137,0.248504887637,0.401902966426,3.05645671986,-1.16160695163,-0.320218489471,92.6044998169,0.362786456335,-0.794985543322,-0.28992236891,0.510432107169,0.882805943428,1.40781086808,-0.243902945274,4.53808736801
16.738577,-0.849058366095,-0.109296131137,0.248504887637,0.400368985638,3.05645671986,-1.16199044682,-0.319451499077,92.6044998169,0.363169951532,-0.794985543322,-0.289155378516,0.510048611972,0.88127196264,1.40742737288,-0.244669935668,4.53808736801
16.748585,-0.850208851685,-0.110446616728,0.247737897243,0.401519471229,3.05607322466,-1.16199044682,-0.319834994274,92.6044998169,0.362786456335,-0.794602048125,-0.290305864107,0.510815602366,0.882038953034,1.40781086808,-0.243902945274,4.53808736801
16.758592,-0.849825356489,-0.109679626334,0.248504887637,0.401902966426,3.05684021506,-1.16237394202,-0.320218489471,92.6044998169,0.361635970744,-0.794218552928,-0.289538873713,0.508898126381,0.882038953034,1.40781086808,-0.243519450077,4.53808736801
16.768594,-0.849825356489,-0.110446616728,0.248888382834,0.400752480835,3.05607322466,-1.16160695163,-0.320218489471,92.6044998169,0.362786456335,-0.794602048125,-0.28992236891,0.510432107169,0.882038953034,1.40781086808,-0.244286440471,4.53808736801
16.778612,-0.849441861292,-0.110063121531,0.248888382834,0.401902966426,3.05645671986,-1.16160695163,-0.319451499077,92.6044998169,0.362402961138,-0.795369038519,-0.28992236891,0.510815602366,0.880888467443,1.40934484887,-0.244286440471,4.53808736801
16.788592,-0.850208851685,-0.110446616728,0.248888382834,0.401135976032,3.05607322466,-1.16237394202,-0.319834994274,92.6044998169,0.362402961138,-0.794985543322,-0.28992236891,0.510048611972,0.881655457837,1.40781086808,-0.243902945274,4.53808736801
16.798595,-0.850208851685,-0.110446616728,0.248888382834,0.401519471229,3.05568972947,-1.16160695163,-0.320218489471,92.6044998169,0.362402961138,-0.794602048125,-0.290305864107,0.510432107169,0.882038953034,1.40819436328,-0.244669935668,4.53808736801
16.808592,-0.849825356489,-0.10891263594,0.248888382834,0.401902966426,3.05607322466,-1.16199044682,-0.320218489471,92.6044998169,0.362402961138,-0.795369038519,-0.290689359304,0.510048611972,0.881655457837,1.40972834407,-0.244286440471,4.53808736801
16.818599,-0.849441861292,-0.109679626334,0.247737897243,0.401902966426,3.05684021506,-1.16160695163,-0.319834994274,92.6044998169,0.362402961138,-0.794985543322,-0.289538873713,0.510432107169,0.881655457837,1.40857785848,-0.244669935668,4.53808736801
16.828601,-0.850592346882,-0.110063121531,0.24812139244,0.401519471229,3.05607322466,-1.16160695163,-0.319834994274,92.6044998169,0.362786456335,-0.794218552928,-0.28992236891,0.511199097563,0.88127196264,1.40934484887,-0.245436926062,4.53808736801
16.838604,-0.848674870898,-0.109679626334,0.249271878031,0.401135976032,3.05607322466,-1.16314093241,-0.319834994274,92.6044998169,0.362786456335,-0.794985543322,-0.289538873713,0.510432107169,0.88127196264,1.40819436328,-0.244669935668,4.53808736801
16.848602,-0.849825356489,-0.109296131137,0.248504887637,0.401519471229,3.05607322466,-1.16199044682,-0.319834994274,92.6044998169,0.362786456335,-0.794985543322,-0.290305864107,0.510815602366,0.882038953034,1.40857785848,-0.243902945274,4.53808736801
16.858673,-0.849441861292,-0.110446616728,0.24812139244,0.401519471229,3.05684021506,-1.16199044682,-0.319451499077,92.6044998169,0.362402961138,-0.794985543322,-0.28992236891,0.510815602366,0.880888467443,1.40857785848,-0.245053430865,4.53808736801
16.868690,-0.850592346882,-0.109679626334,0.248504887637,0.401519471229,3.05568972947,-1.16199044682,-0.319834994274,92.6044998169,0.362786456335,-0.794985543322,-0.290689359304,0.510815602366,0.88127196264,1.40857785848,-0.244669935668,4.53808736801
16.878673,-0.850208851685,-0.109679626334,0.248504887637,0.401902966426,3.05607322466,-1.16237394202,-0.320218489471,92.6044998169,0.362402961138,-0.794602048125,-0.290305864107,0.511199097563,0.88127196264,1.40819436328,-0.244286440471,4.53808736801
16.888705,-0.849825356489,-0.10891263594,0.248504887637,0.401135976032,3.05568972947,-1.16199044682,-0.319451499077,92.6044998169,0.363169951532,-0.794602048125,-0.290305864107,0.510815602366,0.88127196264,1.40819436328,-0.244669935668,4.53808736801
16.898692,-0.849058366095,-0.110063121531,0.247354402047,0.401519471229,3.05645671986,-1.16237394202,-0.319834994274,92.6044998169,0.362402961138,-0.794602048125,-0.290689359304,0.510815602366,0.88127196264,1.40857785848,-0.245053430865,4.53808736801
16.908701,-0.849825356489,-0.10891263594,0.248504887637,0.401135976032,3.05607322466,-1.16237394202,-0.319451499077,92.6044998169,0.362402961138,-0.794985543322,-0.28992236891,0.510432107169,0.88127196264,1.40857785848,-0.244669935668,4.53808736801
16.918683,-0.849058366095,-0.109679626334,0.248888382834,0.401519471229,3.05568972947,-1.16160695163,-0.319834994274,92.6044998169,0.363169951532,-0.794602048125,-0.28992236891,0.510048611972,0.88127196264,1.40781086808,-0.245053430865,4.53808736801
16.928677,-0.849825356489,-0.110063121531,0.248504887637,0.401519471229,3.05645671986,-1.16199044682,-0.319834994274,92.6044998169,0.362402961138,-0.794218552928,-0.290305864107,0.510432107169,0.881655457837,1.40781086808,-0.244669935668,4.53808736801
16.938738,-0.849058366095,-0.110446616728,0.248504887637,0.400752480835,3.05568972947,-1.16160695163,-0.319834994274,92.6044998169,0.363553446729,-0.793451562534,-0.290689359304,0.510048611972,0.88127196264,1.40781086808,-0.245053430865,4.53808736801
16.948721,-0.849441861292,-0.110063121531,0.248888382834,0.401902966426,3.05645671986,-1.16122345643,-0.319834994274,92.6044998169,0.363169951532,-0.794985543322,-0.290305864107,0.510048611972,0.881655457837,1.40819436328,-0.245053430865,4.53808736801
16.958697,-0.850208851685,-0.109296131137,0.248504887637,0.402286461623,3.05645671986,-1.16199044682,-0.31906800388,92.6044998169,0.363553446729,-0.794602048125,-0.290305864107,0.510432107169,0.881655457837,1.40857785848,-0.244286440471,4.53808736801
16.968697,-0.850208851685,-0.110446616728,0.248888382834,0.401519471229,3.05645671986,-1.16199044682,-0.320218489471,92.6044998169,0.363169951532,-0.794218552928,-0.28992236891,0.510815602366,0.88127196264,1.40781086808,-0.244669935668,4.53808736801
16.978700,-0.849825356489,-0.110063121531,0.248888382834,0.401519471229,3.05645671986,-1.16237394202,-0.320601984668,92.6044998169,0.362786456335,-0.793835057731,-0.28992236891,0.510815602366,0.88127196264,1.40896135367,-0.245053430865,4.53808736801
16.988682,-0.850208851685,-0.110063121531,0.247737897243,0.401135976032,3.05645671986,-1.16237394202,-0.319834994274,92.6044998169,0.362786456335,-0.794602048125,-0.289538873713,0.510815602366,0.88127196264,1.40972834407,-0.244286440471,4.53808736801
16.998697,-0.849058366095,-0.110063121531,0.248504887637,0.401519471229,3.05607322466,-1.16160695163,-0.319451499077,92.6044998169,0.362402961138,-0.794602048125,-0.289155378516,0.511199097563,0.88127196264,1.40972834407,-0.245436926062,4.53808736801
17.008653,-0.848674870898,-0.109296131137,0.24812139244,0.400752480835,3.05607322466,-1.16237394202,-0.319834994274,92.6044998169,0.363169951532,-0.793835057731,-0.290305864107,0.510048611972,0.88127196264,1.40972834407,-0.244669935668,4.53808736801
17.018642,-0.849441861292,-0.109679626334,0.248504887637,0.401519471229,3.05568972947,-1.16237394202,-0.320218489471,92.6044998169,0.363169951532,-0.794985543322,-0.289538873713,0.510432107169,0.882038953034,1.40934484887,-0.245436926062,4.53808736801
17.028666,-0.849825356489,-0.109679626334,0.248888382834,0.402286461623,3.05568972947,-1.16237394202,-0.319451499077,92.6044998169,0.362786456335,-0.794218552928,-0.291072854501,0.510432107169,0.882805943428,1.40972834407,-0.244286440471,4.53808736801
17.038662,-0.849058366095,-0.109296131137,0.249271878031,0.401902966426,3.05607322466,-1.16199044682,-0.320218489471,92.6044998169,0.362786456335,-0.794602048125,-0.290305864107,0.510432107169,0.882038953034,1.41011183926,-0.244669935668,4.53808736801
17.048717,-0.849058366095,-0.10891263594,0.248504887637,0.401519471229,3.05684021506,-1.16199044682,-0.319451499077,92.6044998169,0.363553446729,-0.794602048125,-0.290305864107,0.510815602366,0.881655457837,1.40972834407,-0.245053430865,4.53808736801
17.058675,-0.849825356489,-0.109679626334,0.248888382834,0.401902966426,3.05684021506,-1.16199044682,-0.319451499077,92.6044998169,0.363553446729,-0.794985543322,-0.289538873713,0.510432107169,0.881655457837,1.40934484887,-0.244669935668,4.53808736801
17.068678,-0.849058366095,-0.109679626334,0.24812139244,0.402286461623,3.05645671986,-1.16199044682,-0.319451499077,92.6044998169,0.363553446729,-0.794602048125,-0.28992236891,0.510815602366,0.88127196264,1.40896135367,-0.245053430865,4.53808736801
17.078728,-0.849825356489,-0.109679626334,0.24812139244,0.401519471229,3.05607322466,-1.16199044682,-0.320218489471,92.6044998169,0.363169951532,-0.794602048125,-0.290689359304,0.510048611972,0.882038953034,1.40742737288,-0.245053430865,4.53808736801
17.088684,-0.849825356489,-0.109296131137,0.24812139244,0.401519471229,3.05684021506,-1.16199044682,-0.320218489471,92.6044998169,0.363169951532,-0.795752533716,-0.289538873713,0.510815602366,0.882038953034,1.40781086808,-0.244669935668,4.53808736801
17.098718,-0.850592346882,-0.10891263594,0.248504887637,0.402286461623,3.05645671986,-1.16160695163,-0.320601984668,92.6044998169,0.363169951532,-0.795369038519,-0.28992236891,0.510432107169,0.881655457837,1.40742737288,-0.244669935668,4.53808736801
17.108665,-0.850208851685,-0.109296131137,0.248888382834,0.401519471229,3.05607322466,-1.16237394202,-0.319834994274,92.6044998169,0.363169951532,-0.795369038519,-0.289538873713,0.509665116775,0.881655457837,1.40819436328,-0.245053430865,4.53808736801
17.118709,-0.850208851685,-0.109296131137,0.24812139244,0.400752480835,3.05645671986,-1.16314093241,-0.318684508683,92.6044998169,0.362786456335,-0.795369038519,-0.28992236891,0.509665116775,0.882805943428,1.40781086808,-0.244286440471,4.53808736801
17.128712,-0.850592346882,-0.110063121531,0.24812139244,0.401519471229,3.05645671986,-1.16199044682,-0.319834994274,92.6044998169,0.362786456335,-0.794985543322,-0.290305864107,0.510815602366,0.882038953034,1.40819436328,-0.244286440471,4.53808736801
17.138673,-0.850208851685,-0.110063121531,0.24812139244,0.401519471229,3.05645671986,-1.16122345643,-0.319834994274,92.6044998169,0.363169951532,-0.795369038519,-0.290305864107,0.511199097563,0.882038953034,1.40819436328,-0.244286440471,4.53808736801
17.148659,-0.850208851685,-0.110063121531,0.248504887637,0.401519471229,3.05645671986,-1.16160695163,-0.319834994274,92.6044998169,0.362786456335,-0.796136028913,-0.28992236891,0.510432107169,0.882038953034,1.40819436328,-0.244669935668,4.53808736801
17.158662,-0.850208851685,-0.109296131137,0.24812139244,0.400752480835,3.05568972947,-1.16199044682,-0.319834994274,92.6044998169,0.363936941926,-0.795752533716,-0.290305864107,0.510048611972,0.882038953034,1.40742737288,-0.244286440471,4.53808736801
17.168640,-0.849825356489,-0.109296131137,0.248504887637,0.400752480835,3.05607322466,-1.16160695163,-0.319451499077,92.6044998169,0.363169951532,-0.795752533716,-0.289538873713,0.509281621578,0.881655457837,1.40857785848,-0.244669935668,4.53808736801
17.178663,-0.850208851685,-0.109679626334,0.248504887637,0.401519471229,3.05760720545,-1.16199044682,-0.320218489471,92.6044998169,0.363169951532,-0.794985543322,-0.290305864107,0.508898126381,0.882038953034,1.40819436328,-0.243519450077,4.53808736801
17.188651,-0.849441861292,-0.109296131137,0.24812139244,0.401519471229,3.05645671986,-1.16160695163,-0.319451499077,92.6044998169,0.363169951532,-0.796136028913,-0.290305864107,0.510432107169,0.883189438625,1.40819436328,-0.243902945274,4.53808736801
17.198649,-0.849441861292,-0.110063121531,0.247737897243,0.401135976032,3.05645671986,-1.16199044682,-0.320601984668,92.6044998169,0.363169951532,-0.795752533716,-0.290305864107,0.510432107169,0.882038953034,1.40781086808,-0.243519450077,4.53808736801
17.208647,-0.849441861292,-0.109679626334,0.248504887637,0.401902966426,3.05645671986,-1.16160695163,-0.31906800388,92.6044998169,0.363553446729,-0.796136028913,-0.290305864107,0.510432107169,0.882805943428,1.40819436328,-0.245053430865,4.53808736801
17.218661,-0.849441861292,-0.110063121531,0.248504887637,0.401135976032,3.05607322466,-1.16199044682,-0.319451499077,92.6044998169,0.363169951532,-0.796136028913,-0.28992236891,0.510048611972,0.882038953034,1.40742737288,-0.245436926062,4.53808736801
17.228668,-0.849825356489,-0.110063121531,0.248504887637,0.401519471229,3.05607322466,-1.16275743722,-0.319451499077,92.6044998169,0.363169951532,-0.79651952411,-0.28992236891,0.510048611972,0.88127196264,1.40781086808,-0.245436926062,4.53808736801
17.238662,-0.849441861292,-0.110446616728,0.247737897243,0.401902966426,3.05568972947,-1.16237394202,-0.320218489471,92.6044998169,0.362402961138,-0.795752533716,-0.290305864107,0.510815602366,0.881655457837,1.40857785848,-0.245053430865,4.53808736801
17.248693,-0.849058366095,-0.109296131137,0.247737897243,0.401902966426,3.05684021506,-1.16199044682,-0.31906800388,92.6044998169,0.362786456335,-0.795752533716,-0.290305864107,0.510432107169,0.881655457837,1.40781086808,-0.244669935668,4.53808736801
17.258652,-0.849058366095,-0.110063121531,0.247737897243,0.400752480835,3.05607322466,-1.16237394202,-0.319834994274,92.6044998169,0.362019465941,-0.79651952411,-0.289538873713,0.509665116775,0.882805943428,1.40781086808,-0.244286440471,4.53808736801
17.268656,-0.849441861292,-0.109679626334,0.247737897243,0.401519471229,3.05684021506,-1.16199044682,-0.319451499077,92.6044998169,0.362786456335,-0.796136028913,-0.290689359304,0.510048611972,0.882805943428,1.40781086808,-0.244669935668,4.53808736801
17.278672,-0.850592346882,-0.110446616728,0.247737897243,0.401519471229,3.05607322466,-1.16237394202,-0.320218489471,92.6044998169,0.362786456335,-0.795752533716,-0.28992236891,0.509665116775,0.882805943428,1.40704387769,-0.244286440471,4.53808736801
17.288626,-0.850208851685,-0.109296131137,0.24812139244,0.401902966426,3.05607322466,-1.16160695163,-0.319451499077,92.6044998169,0.363553446729,-0.795752533716,-0.290305864107,0.510048611972,0.882038953034,1.40742737288,-0.244669935668,4.53808736801
17.298640,-0.849825356489,-0.109679626334,0.248504887637,0.402286461623,3.05607322466,-1.16199044682,-0.319834994274,92.6044998169,0.363169951532,-0.795752533716,-0.289155378516,0.509665116775,0.882038953034,1.40704387769,-0.244286440471,4.53808736801
17.308621,-0.850208851685,-0.109679626334,0.248888382834,0.401519471229,3.05607322466,-1.16160695163,-0.320218489471,92.6044998169,0.363553446729,-0.795369038519,-0.28992236891,0.509665116775,0.882805943428,1.40781086808,-0.244286440471,4.53808736801
17.318616,-0.849825356489,-0.110446616728,0.247354402047,0.401902966426,3.05568972947,-1.16237394202,-0.319834994274,92.6044998169,0.363553446729,-0.795369038519,-0.290305864107,0.510048611972,0.882805943428,1.40704387769,-0.245053430865,4.53808736801
17.328618,-0.849441861292,-0.109296131137,0.247737897243,0.401135976032,3.05607322466,-1.16275743722,-0.320218489471,92.6044998169,0.363553446729,-0.796136028913,-0.289155378516,0.510048611972,0.882038953034,1.40704387769,-0.244669935668,4.53808736801
17.338696,-0.849058366095,-0.110063121531,0.248504887637,0.400752480835,3.05568972947,-1.16199044682,-0.319451499077,92.6044998169,0.363169951532,-0.796136028913,-0.289538873713,0.509665116775,0.882805943428,1.40704387769,-0.244669935668,4.53808736801
17.349059,-0.849825356489,-0.109679626334,0.248504887637,0.400752480835,3.05645671986,-1.16083996123,-0.318684508683,92.6044998169,0.363169951532,-0.795752533716,-0.289538873713,0.510048611972,0.882805943428,1.4058933921,-0.243902945274,4.53808736801
17.358973,-0.849441861292,-0.110063121531,0.247737897243,0.401519471229,3.05645671986,-1.16237394202,-0.319451499077,92.6044998169,0.363553446729,-0.795752533716,-0.290689359304,0.509665116775,0.882038953034,1.40742737288,-0.244286440471,4.53808736801
17.368881,-0.850592346882,-0.110446616728,0.248504887637,0.401135976032,3.05607322466,-1.16199044682,-0.319834994274,92.6044998169,0.363169951532,-0.796136028913,-0.28992236891,0.510432107169,0.883189438625,1.4058933921,-0.243519450077,4.53808736801
17.378922,-0.849825356489,-0.10891263594,0.247737897243,0.401519471229,3.05645671986,-1.16160695163,-0.319451499077,92.6044998169,0.363553446729,-0.795752533716,-0.289538873713,0.510048611972,0.882805943428,1.4055098969,-0.244669935668,4.53808736801
17.388844,-0.850592346882,-0.110446616728,0.24812139244,0.401519471229,3.05645671986,-1.16160695163,-0.319451499077,92.6044998169,0.363169951532,-0.795752533716,-0.289538873713,0.509665116775,0.883956429019,1.40666038249,-0.245053430865,4.7001619339
17.398904,-0.849825356489,-0.109679626334,0.249271878031,0.401135976032,3.05568972947,-1.16199044682,-0.31906800388,92.6044998169,0.363553446729,-0.796136028913,-0.28992236891,0.509281621578,0.883572933822,1.4058933921,-0.244669935668,5.18638563156
17.408905,-0.850208851685,-0.109679626334,0.248504887637,0.401135976032,3.05645671986,-1.16199044682,-0.319451499077,92.6044998169,0.363936941926,-0.796136028913,-0.289155378516,0.510048611972,0.882805943428,1.40627688729,-0.244286440471,5.67260932922
17.418844,-0.849441861292,-0.111213607122,0.24697090685,0.401519471229,3.05684021506,-1.16199044682,-0.319834994274,92.6044998169,0.363936941926,-0.79651952411,-0.28992236891,0.510048611972,0.883189438625,1.4051264017,-0.244286440471,6.48298215866
17.428796,-0.850208851685,-0.109679626334,0.24812139244,0.401519471229,3.05684021506,-1.16237394202,-0.319834994274,92.6044998169,0.363169951532,-0.796136028913,-0.289155378516,0.509665116775,0.883189438625,1.4058933921,-0.244669935668,7.45542955399
17.438770,-0.849825356489,-0.110063121531,0.247737897243,0.402286461623,3.05568972947,-1.16160695163,-0.319451499077,92.6044998169,0.364320437123,-0.796136028913,-0.28992236891,0.510432107169,0.883572933822,1.40627688729,-0.244669935668,8.42787647247
17.448752,-0.850208851685,-0.110063121531,0.248504887637,0.401902966426,3.05568972947,-1.16237394202,-0.319451499077,92.6044998169,0.364320437123,-0.796136028913,-0.290689359304,0.509665116775,0.883572933822,1.40627688729,-0.245053430865,9.72447299957
17.458754,-0.850208851685,-0.110063121531,0.247737897243,0.401135976032,3.05530623427,-1.16314093241,-0.319834994274,92.6044998169,0.363936941926,-0.79651952411,-0.289538873713,0.510432107169,0.883189438625,1.40742737288,-0.245053430865,11.0210695267
17.468755,-0.850592346882,-0.110063121531,0.24812139244,0.401519471229,3.05722371026,-1.16237394202,-0.319451499077,92.6044998169,0.364320437123,-0.796136028913,-0.28992236891,0.510048611972,0.882805943428,1.40627688729,-0.244669935668,12.6418151855
17.478712,-0.850592346882,-0.110063121531,0.24812139244,0.402286461623,3.05645671986,-1.16199044682,-0.320218489471,92.6044998169,0.363936941926,-0.795369038519,-0.290305864107,0.510432107169,0.882805943428,1.40742737288,-0.246587411653,14.2625608444
17.488665,-0.849825356489,-0.110063121531,0.248504887637,0.401902966426,3.05645671986,-1.16199044682,-0.319834994274,92.6044998169,0.364320437123,-0.796136028913,-0.28992236891,0.509665116775,0.883189438625,1.4055098969,-0.247354402047,17.0178279877
17.498677,-0.850592346882,-0.109679626334,0.24812139244,0.401519471229,3.05568972947,-1.16199044682,-0.319834994274,92.6044998169,0.363169951532,-0.795369038519,-0.28992236891,0.510432107169,0.882805943428,1.40704387769,-0.247354402047,20.5834674835
17.508670,-0.850208851685,-0.110063121531,0.24812139244,0.401135976032,3.05645671986,-1.16199044682,-0.319451499077,92.6044998169,0.364320437123,-0.796136028913,-0.28992236891,0.510432107169,0.883189438625,1.40627688729,-0.247737897243,23.987033844
17.518668,-0.850592346882,-0.110063121531,0.247737897243,0.401902966426,3.05607322466,-1.16199044682,-0.31906800388,92.6044998169,0.363553446729,-0.795369038519,-0.290305864107,0.510815602366,0.883572933822,1.40627688729,-0.247354402047,26.9043750763
17.528677,-0.849825356489,-0.110830111925,0.24812139244,0.401902966426,3.05607322466,-1.16160695163,-0.320218489471,92.6044998169,0.363936941926,-0.795369038519,-0.291072854501,0.510048611972,0.883189438625,1.40666038249,-0.247737897243,29.4975681305
17.538667,-0.850208851685,-0.109679626334,0.248888382834,0.402286461623,3.05645671986,-1.16160695163,-0.319834994274,92.6044998169,0.363169951532,-0.794985543322,-0.290689359304,0.510048611972,0.882805943428,1.40704387769,-0.24697090685,31.4424629211
17.548689,-0.849441861292,-0.110063121531,0.24812139244,0.401902966426,3.05645671986,-1.16199044682,-0.320218489471,92.6044998169,0.363553446729,-0.795752533716,-0.28992236891,0.510815602366,0.881655457837,1.40704387769,-0.247354402047,34.5218811035
17.558677,-0.849441861292,-0.109679626334,0.248504887637,0.401902966426,3.05684021506,-1.16160695163,-0.320218489471,92.6044998169,0.363553446729,-0.795369038519,-0.28992236891,0.510048611972,0.881655457837,1.40666038249,-0.24697090685,38.5737457275
17.568698,-0.849441861292,-0.110446616728,0.24812139244,0.401519471229,3.05607322466,-1.16275743722,-0.319834994274,92.6044998169,0.362786456335,-0.795752533716,-0.290689359304,0.511199097563,0.883189438625,1.40666038249,-0.24697090685,42.6256065369
17.578676,-0.849825356489,-0.110446616728,0.248504887637,0.401519471229,3.05607322466,-1.16237394202,-0.320601984668,92.6044998169,0.363553446729,-0.794985543322,-0.290689359304,0.510815602366,0.883189438625,1.40704387769,-0.24697090685,46.0291748047
17.588702,-0.849058366095,-0.110830111925,0.24812139244,0.401902966426,3.05607322466,-1.16199044682,-0.320601984668,92.6044998169,0.363169951532,-0.794602048125,-0.28992236891,0.51158259276,0.883572933822,1.40704387769,-0.246587411653,49.2706642151
17.598690,-0.849058366095,-0.110446616728,0.24812139244,0.401902966426,3.05607322466,-1.16160695163,-0.319451499077,92.6044998169,0.363553446729,-0.794602048125,-0.28992236891,0.51158259276,0.883189438625,1.40627688729,-0.246587411653,52.3500823975
17.608680,-0.850208851685,-0.110063121531,0.24812139244,0.401519471229,3.05645671986,-1.16275743722,-0.319451499077,92.6044998169,0.363553446729,-0.794218552928,-0.290689359304,0.511199097563,0.881655457837,1.40666038249,-0.245820421259,56.4019432068
17.618680,-0.849441861292,-0.110063121531,0.248504887637,0.401519471229,3.05607322466,-1.16237394202,-0.318684508683,92.6044998169,0.363169951532,-0.794985543322,-0.28992236891,0.510048611972,0.882038953034,1.40704387769,-0.244669935668,59.8055114746
17.628676,-0.849441861292,-0.110446616728,0.248888382834,0.400752480835,3.05684021506,-1.16199044682,-0.320218489471,92.6044998169,0.363169951532,-0.795369038519,-0.290689359304,0.510432107169,0.883189438625,1.40704387769,-0.244286440471,63.2090759277
17.638673,-0.848674870898,-0.110446616728,0.247737897243,0.401135976032,3.05607322466,-1.16237394202,-0.319451499077,92.6044998169,0.362786456335,-0.794985543322,-0.290305864107,0.511199097563,0.882038953034,1.40704387769,-0.243519450077,66.6126403809
17.648690,-0.849441861292,-0.109679626334,0.24812139244,0.401519471229,3.05684021506,-1.16199044682,-0.320601984668,92.6044998169,0.362786456335,-0.794218552928,-0.289538873713,0.510815602366,0.883189438625,1.40704387769,-0.244669935668,70.1782836914
17.658673,-0.850208851685,-0.109679626334,0.248888382834,0.401902966426,3.05607322466,-1.16199044682,-0.319834994274,92.6044998169,0.362786456335,-0.794218552928,-0.28992236891,0.510815602366,0.882805943428,1.40742737288,-0.243902945274,73.5818481445
17.668672,-0.849825356489,-0.110446616728,0.247737897243,0.402286461623,3.05607322466,-1.16237394202,-0.319451499077,92.6044998169,0.363169951532,-0.794602048125,-0.290305864107,0.510815602366,0.883189438625,1.40627688729,-0.244286440471,76.9854125977
17.678670,-0.849058366095,-0.110063121531,0.248504887637,0.401519471229,3.05645671986,-1.16237394202,-0.31906800388,92.6044998169,0.362402961138,-0.794985543322,-0.28992236891,0.51158259276,0.882038953034,1.40666038249,-0.244669935668,80.3889770508
17.688666,-0.850975842079,-0.109679626334,0.24812139244,0.401135976032,3.05684021506,-1.16199044682,-0.319834994274,92.6044998169,0.362019465941,-0.794985543322,-0.290689359304,0.51158259276,0.883189438625,1.40704387769,-0.243902945274,83.7925415039
17.698670,-0.849825356489,-0.110446616728,0.247737897243,0.401519471229,3.05568972947,-1.16199044682,-0.319834994274,92.6044998169,0.361252475547,-0.794602048125,-0.290689359304,0.51158259276,0.883189438625,1.40742737288,-0.243902945274,87.1961135864
17.708672,-0.849825356489,-0.110446616728,0.248504887637,0.401519471229,3.05607322466,-1.16160695163,-0.319834994274,92.6044998169,0.362402961138,-0.793835057731,-0.290305864107,0.510048611972,0.882805943428,1.40704387769,-0.243902945274,90.5996780396
17.718667,-0.849825356489,-0.110446616728,0.248504887637,0.401902966426,3.05684021506,-1.16160695163,-0.320218489471,92.6044998169,0.361635970744,-0.793835057731,-0.28992236891,0.51158259276,0.882805943428,1.40742737288,-0.244286440471,93.5170211792
17.728671,-0.849441861292,-0.110063121531,0.248504887637,0.401135976032,3.05607322466,-1.16199044682,-0.319834994274,92.6044998169,0.361252475547,-0.793835057731,-0.290305864107,0.511966087957,0.882038953034,1.40627688729,-0.243519450077,94.9756851196
17.738673,-0.849441861292,-0.110063121531,0.248504887637,0.400752480835,3.05645671986,-1.16199044682,-0.319451499077,92.6044998169,0.361635970744,-0.794218552928,-0.289538873713,0.51158259276,0.882805943428,1.40627688729,-0.24313595488,95.1377639771
17.748671,-0.850592346882,-0.110830111925,0.248504887637,0.401135976032,3.05645671986,-1.16160695163,-0.319451499077,92.6044998169,0.361252475547,-0.794602048125,-0.290305864107,0.512349583154,0.881655457837,1.4058933921,-0.243519450077,95.1377639771
17.758672,-0.850208851685,-0.110446616728,0.248504887637,0.401519471229,3.05684021506,-1.16275743722,-0.319451499077,92.6044998169,0.360485485153,-0.794602048125,-0.290305864107,0.51158259276,0.883189438625,1.40666038249,-0.24313595488,95.1377639771
17.768673,-0.850592346882,-0.111213607122,0.248888382834,0.401902966426,3.05607322466,-1.16199044682,-0.320601984668,92.6044998169,0.36086898035,-0.794218552928,-0.289155378516,0.51158259276,0.882805943428,1.40666038249,-0.24313595488,95.1377639771
17.778671,-0.849825356489,-0.110446616728,0.248504887637,0.401902966426,3.05607322466,-1.16237394202,-0.320601984668,92.6044998169,0.360485485153,-0.793451562534,-0.28992236891,0.511199097563,0.882805943428,1.4055098969,-0.243902945274,95.1377639771
17.788671,-0.850975842079,-0.110063121531,0.248504887637,0.401135976032,3.05568972947,-1.16122345643,-0.319834994274,92.6044998169,0.360485485153,-0.793068067337,-0.289538873713,0.511966087957,0.883189438625,1.40627688729,-0.243519450077,95.1377639771
17.798673,-0.850592346882,-0.110063121531,0.24812139244,0.401135976032,3.05607322466,-1.16199044682,-0.319451499077,92.6044998169,0.36086898035,-0.793835057731,-0.289538873713,0.511199097563,0.881655457837,1.40666038249,-0.243519450077,95.1377639771
17.808679,-0.850975842079,-0.109679626334,0.247354402047,0.401519471229,3.05568972947,-1.16237394202,-0.319834994274,92.6044998169,0.360485485153,-0.793451562534,-0.290305864107,0.51158259276,0.883189438625,1.4058933921,-0.243519450077,95.1377639771
17.818668,-0.850592346882,-0.10891263594,0.248504887637,0.401135976032,3.05607322466,-1.16199044682,-0.319451499077,92.6044998169,0.359718494759,-0.794218552928,-0.289155378516,0.51158259276,0.883189438625,1.4055098969,-0.242752459683,95.1377639771
17.828672,-0.850208851685,-0.110063121531,0.24812139244,0.401135976032,3.05607322466,-1.16199044682,-0.319451499077,92.6044998169,0.359334999562,-0.793835057731,-0.291072854501,0.510815602366,0.883189438625,1.40627688729,-0.23930100291,95.1377639771
17.838679,-0.850592346882,-0.110446616728,0.247737897243,0.401135976032,3.05645671986,-1.16199044682,-0.320601984668,92.6044998169,0.359718494759,-0.793451562534,-0.28992236891,0.511199097563,0.883189438625,1.4058933921,-0.234699060546,95.1377639771
17.848678,-0.850975842079,-0.109679626334,0.24812139244,0.401519471229,3.05607322466,-1.16199044682,-0.319451499077,92.6044998169,0.359334999562,-0.793451562534,-0.290305864107,0.51158259276,0.882805943428,1.4055098969,-0.23546605094,95.1377639771
17.858662,-0.849058366095,-0.109296131137,0.247737897243,0.401519471229,3.05684021506,-1.16199044682,-0.319451499077,92.6044998169,0.359718494759,-0.793068067337,-0.28992236891,0.511966087957,0.883956429019,1.4051264017,-0.236616536531,95.1377639771
17.868672,-0.849825356489,-0.110446616728,0.248504887637,0.401135976032,3.05684021506,-1.16237394202,-0.31906800388,92.6044998169,0.358951504365,-0.793451562534,-0.290305864107,0.512349583154,0.883956429019,1.40474290651,-0.236616536531,95.1377639771
17.878678,-0.850208851685,-0.110446616728,0.248888382834,0.401519471229,3.05645671986,-1.16275743722,-0.319834994274,92.6044998169,0.360101989956,-0.793835057731,-0.289155378516,0.511966087957,0.883189438625,1.40397591611,-0.238150517319,95.1377639771
17.888670,-0.849441861292,-0.109679626334,0.24812139244,0.401135976032,3.05645671986,-1.16199044682,-0.320218489471,92.6044998169,0.359718494759,-0.793451562534,-0.289538873713,0.511966087957,0.882805943428,1.40320892572,-0.238150517319,95.1377639771
17.898671,-0.850208851685,-0.110830111925,0.248504887637,0.401902966426,3.05568972947,-1.16275743722,-0.319451499077,92.6044998169,0.359334999562,-0.793835057731,-0.289538873713,0.511199097563,0.883189438625,1.40320892572,-0.237000031728,95.1377639771
17.908671,-0.850208851685,-0.110830111925,0.248504887637,0.402286461623,3.05607322466,-1.16199044682,-0.31906800388,92.6044998169,0.359334999562,-0.793068067337,-0.289538873713,0.51158259276,0.882805943428,1.40282543052,-0.237767022122,95.1377639771
17.918676,-0.850208851685,-0.110063121531,0.248504887637,0.401902966426,3.05607322466,-1.16160695163,-0.319451499077,92.6044998169,0.359718494759,-0.79268457214,-0.289155378516,0.51158259276,0.883956429019,1.40320892572,-0.238150517319,95.1377639771
17.928667,-0.849825356489,-0.110063121531,0.248504887637,0.401135976032,3.05607322466,-1.16199044682,-0.319451499077,92.6044998169,0.360485485153,-0.794218552928,-0.28992236891,0.511199097563,0.883956429019,1.40320892572,-0.237000031728,95.1377639771
17.938665,-0.849825356489,-0.110063121531,0.248504887637,0.402286461623,3.05645671986,-1.16199044682,-0.319451499077,92.6044998169,0.359718494759,-0.794218552928,-0.290305864107,0.51158259276,0.884723419413,1.40205844013,-0.237767022122,95.1377639771
17.948684,-0.849825356489,-0.110446616728,0.248504887637,0.401902966426,3.05645671986,-1.16122345643,-0.320218489471,92.6044998169,0.358184513971,-0.793068067337,-0.289155378516,0.511199097563,0.884723419413,1.40282543052,-0.238150517319,95.1377639771
17.958665,-0.850208851685,-0.110446616728,0.248504887637,0.401519471229,3.05607322466,-1.16199044682,-0.320218489471,92.6044998169,0.358568009168,-0.79268457214,-0.290305864107,0.512349583154,0.88510691461,1.40244193532,-0.237767022122,95.1377639771
17.968659,-0.849825356489,-0.110446616728,0.248504887637,0.401902966426,3.05684021506,-1.16199044682,-0.320218489471,92.6044998169,0.358951504365,-0.792301076943,-0.28992236891,0.51158259276,0.88510691461,1.40397591611,-0.238150517319,95.1377639771
17.978667,-0.849058366095,-0.109679626334,0.248504887637,0.401135976032,3.05684021506,-1.16199044682,-0.320218489471,92.6044998169,0.358568009168,-0.791917581746,-0.289155378516,0.510815602366,0.886257400201,1.40244193532,-0.237000031728,95.1377639771
17.988657,-0.850208851685,-0.109296131137,0.248888382834,0.401519471229,3.05607322466,-1.16237394202,-0.319834994274,92.6044998169,0.358568009168,-0.79268457214,-0.289538873713,0.512349583154,0.887024390595,1.40320892572,-0.237767022122,95.1377639771
17.998667,-0.849441861292,-0.110446616728,0.248888382834,0.401135976032,3.05607322466,-1.16275743722,-0.319834994274,92.6044998169,0.358568009168,-0.79268457214,-0.289155378516,0.511966087957,0.886640895398,1.40282543052,-0.237000031728,95.1377639771
18.008678,-0.849441861292,-0.109679626334,0.248504887637,0.401135976032,3.05568972947,-1.16237394202,-0.31906800388,92.6044998169,0.35703402838,-0.791917581746,-0.289538873713,0.512349583154,0.887791380989,1.40244193532,-0.236233041334,95.1377639771
18.018659,-0.849825356489,-0.110830111925,0.24812139244,0.401902966426,3.05645671986,-1.16199044682,-0.319834994274,92.6044998169,0.358184513971,-0.79268457214,-0.289538873713,0.511966087957,0.888558371383,1.40244193532,-0.235849546137,95.1377639771
18.028670,-0.850592346882,-0.110446616728,0.247737897243,0.402286461623,3.05607322466,-1.16199044682,-0.319834994274,92.6044998169,0.357801018774,-0.79268457214,-0.289538873713,0.512349583154,0.88894186658,1.40205844013,-0.236233041334,95.1377639771
18.038630,-0.849441861292,-0.110063121531,0.248888382834,0.402286461623,3.05607322466,-1.16199044682,-0.319834994274,92.6044998169,0.357417523577,-0.79268457214,-0.289538873713,0.512349583154,0.88894186658,1.40167494493,-0.23546605094,95.1377639771
18.048676,-0.849825356489,-0.109296131137,0.248504887637,0.401135976032,3.05568972947,-1.16275743722,-0.319451499077,92.6044998169,0.356650533183,-0.792301076943,-0.290305864107,0.513116573548,0.889708856974,1.40282543052,-0.235849546137,95.1377639771
18.058654,-0.849058366095,-0.110063121531,0.248504887637,0.401519471229,3.05607322466,-1.16199044682,-0.319834994274,92.6044998169,0.356267037986,-0.792301076943,-0.290305864107,0.512349583154,0.889325361777,1.40167494493,-0.236233041334,95.1377639771
18.068674,-0.849441861292,-0.110063121531,0.24812139244,0.400752480835,3.05607322466,-1.16237394202,-0.31906800388,92.6044998169,0.356267037986,-0.791917581746,-0.290305864107,0.512349583154,0.890859342564,1.40052445934,-0.235849546137,95.1377639771
18.078665,-0.849825356489,-0.109679626334,0.24812139244,0.401902966426,3.05607322466,-1.16160695163,-0.319834994274,92.6044998169,0.355500047592,-0.791917581746,-0.28992236891,0.512349583154,0.890092352171,1.40167494493,-0.235849546137,95.1377639771
18.088652,-0.850208851685,-0.110446616728,0.24812139244,0.401135976032,3.05645671986,-1.16199044682,-0.319834994274,92.6044998169,0.355500047592,-0.791150591352,-0.289538873713,0.51158259276,0.891626332958,1.40129144973,-0.23546605094,95.1377639771
18.098649,-0.850592346882,-0.110830111925,0.248504887637,0.401135976032,3.05568972947,-1.16199044682,-0.31906800388,92.6044998169,0.355116552395,-0.791917581746,-0.290305864107,0.512349583154,0.891626332958,1.40244193532,-0.235849546137,95.1377639771
18.108668,-0.849825356489,-0.110830111925,0.248504887637,0.401902966426,3.05607322466,-1.16237394202,-0.319834994274,92.6044998169,0.353966066805,-0.792301076943,-0.289538873713,0.513116573548,0.891242837761,1.40205844013,-0.235849546137,95.1377639771
18.118667,-0.849441861292,-0.110446616728,0.247354402047,0.401135976032,3.05645671986,-1.16199044682,-0.319834994274,92.6044998169,0.353966066805,-0.791917581746,-0.28992236891,0.513116573548,0.890859342564,1.40244193532,-0.23546605094,95.1377639771
18.128670,-0.850208851685,-0.109679626334,0.24812139244,0.401135976032,3.05645671986,-1.16237394202,-0.319451499077,92.6044998169,0.353966066805,-0.792301076943,-0.290305864107,0.513500068745,0.891242837761,1.40244193532,-0.236233041334,95.1377639771
18.138680,-0.849441861292,-0.109679626334,0.248504887637,0.401519471229,3.05607322466,-1.16237394202,-0.320601984668,92.6044998169,0.353582571608,-0.791534086549,-0.289538873713,0.512349583154,0.890475847367,1.40167494493,-0.23546605094,95.1377639771
18.148666,-0.848674870898,-0.110446616728,0.249271878031,0.402286461623,3.05645671986,-1.16199044682,-0.31906800388,92.6044998169,0.352432086017,-0.791917581746,-0.289538873713,0.513500068745,0.890859342564,1.40167494493,-0.236233041334,95.1377639771
18.158654,-0.849441861292,-0.110830111925,0.247737897243,0.401519471229,3.05645671986,-1.16199044682,-0.319834994274,92.6044998169,0.352432086017,-0.791534086549,-0.28992236891,0.511966087957,0.892009828155,1.40167494493,-0.238150517319,95.1377639771
18.168662,-0.849441861292,-0.111213607122,0.247737897243,0.402286461623,3.05607322466,-1.16199044682,-0.319451499077,92.6044998169,0.352432086017,-0.791917581746,-0.28992236891,0.511966087957,0.892393323352,1.40205844013,-0.238917507713,95.1377639771
18.178667,-0.849825356489,-0.110446616728,0.248504887637,0.400752480835,3.05607322466,-1.16237394202,-0.320601984668,92.6044998169,0.35204859082,-0.791150591352,-0.28992236891,0.511966087957,0.892393323352,1.40282543052,-0.240834983698,95.1377639771
18.188670,-0.849441861292,-0.111213607122,0.24812139244,0.401519471229,3.05645671986,-1.16160695163,-0.319834994274,92.6044998169,0.351281600426,-0.790767096155,-0.288771883319,0.512349583154,0.892776818549,1.40397591611,-0.24313595488,95.1377639771
18.198670,-0.850208851685,-0.110063121531,0.24812139244,0.401902966426,3.05607322466,-1.16083996123,-0.319834994274,92.6044998169,0.351281600426,-0.791150591352,-0.28992236891,0.511966087957,0.892393323352,1.4058933921,-0.248504887637,95.1377639771
18.208669,-0.849441861292,-0.110063121531,0.24812139244,0.401519471229,3.05607322466,-1.16160695163,-0.320218489471,92.6044998169,0.351281600426,-0.791534086549,-0.290305864107,0.512349583154,0.892776818549,1.40857785848,-0.255024305986,95.1377639771
18.218666,-0.849441861292,-0.109679626334,0.24812139244,0.401519471229,3.05645671986,-1.16122345643,-0.319834994274,92.6044998169,0.351281600426,-0.791534086549,-0.288771883319,0.51158259276,0.892009828155,1.40934484887,-0.254640810789,95.1377639771
18.228654,-0.850592346882,-0.110446616728,0.248888382834,0.401135976032,3.05645671986,-1.16199044682,-0.319451499077,92.6044998169,0.351665095623,-0.792301076943,-0.289155378516,0.511966087957,0.890475847367,1.41202931525,-0.254257315592,95.1377639771
18.238664,-0.849825356489,-0.110446616728,0.247737897243,0.401519471229,3.05645671986,-1.16160695163,-0.31906800388,92.6044998169,0.351281600426,-0.79268457214,-0.290305864107,0.511966087957,0.890475847367,1.41241281045,-0.253873820395,95.1377639771
18.248663,-0.850592346882,-0.109679626334,0.247737897243,0.401902966426,3.05568972947,-1.16160695163,-0.320218489471,92.6044998169,0.351281600426,-0.791150591352,-0.289538873713,0.512349583154,0.890859342564,1.41279630564,-0.253106830001,95.1377639771
18.258663,-0.849441861292,-0.109679626334,0.248504887637,0.400752480835,3.05645671986,-1.16237394202,-0.319834994274,92.6044998169,0.351281600426,-0.792301076943,-0.28992236891,0.512349583154,0.890092352171,1.41202931525,-0.253490325198,95.1377639771
18.268669,-0.849825356489,-0.109679626334,0.248504887637,0.401519471229,3.05568972947,-1.16237394202,-0.320218489471,92.6044998169,0.352432086017,-0.791917581746,-0.289538873713,0.512349583154,0.888558371383,1.41279630564,-0.251572849213,95.1377639771
18.278662,-0.849441861292,-0.110063121531,0.248504887637,0.401902966426,3.05684021506,-1.16199044682,-0.319834994274,92.6044998169,0.351665095623,-0.791150591352,-0.28992236891,0.511966087957,0.888558371383,1.41241281045,-0.250422363622,95.1377639771
18.288652,-0.850208851685,-0.110063121531,0.248504887637,0.401519471229,3.05607322466,-1.16199044682,-0.319834994274,92.6044998169,0.351665095623,-0.792301076943,-0.289155378516,0.51158259276,0.887791380989,1.41087882966,-0.250422363622,95.1377639771
18.298665,-0.849441861292,-0.110446616728,0.248504887637,0.401519471229,3.05684021506,-1.16237394202,-0.319451499077,92.6044998169,0.353199076411,-0.791534086549,-0.289538873713,0.511966087957,0.887024390595,1.40972834407,-0.249655373228,95.1377639771
18.308666,-0.850208851685,-0.110830111925,0.248888382834,0.401135976032,3.05607322466,-1.16237394202,-0.31906800388,92.6044998169,0.352432086017,-0.791150591352,-0.290305864107,0.511199097563,0.887024390595,1.40857785848,-0.249271878031,95.1377639771
18.318666,-0.849441861292,-0.110446616728,0.248504887637,0.401902966426,3.05645671986,-1.16199044682,-0.320218489471,92.6044998169,0.35204859082,-0.791150591352,-0.290689359304,0.511199097563,0.886640895398,1.40819436328,-0.248504887637,95.1377639771
18.328668,-0.849441861292,-0.110063121531,0.247737897243,0.401519471229,3.05607322466,-1.16199044682,-0.320218489471,92.6044998169,0.352432086017,-0.792301076943,-0.290305864107,0.51158259276,0.887024390595,1.40781086808,-0.24812139244,95.1377639771
18.338665,-0.851359337276,-0.110063121531,0.247737897243,0.401135976032,3.05645671986,-1.16199044682,-0.319451499077,92.6044998169,0.352432086017,-0.791534086549,-0.289155378516,0.51158259276,0.887024390595,1.40819436328,-0.247737897243,95.1377639771
18.348666,-0.850208851685,-0.109679626334,0.247354402047,0.401902966426,3.05607322466,-1.16237394202,-0.319834994274,92.6044998169,0.35204859082,-0.790767096155,-0.28992236891,0.511199097563,0.887407885792,1.40742737288,-0.24812139244,95.1377639771
18.358665,-0.850208851685,-0.110446616728,0.248504887637,0.400368985638,3.05645671986,-1.16160695163,-0.31906800388,92.6044998169,0.352432086017,-0.791534086549,-0.28992236891,0.511966087957,0.887407885792,1.40742737288,-0.248504887637,95.1377639771
18.368663,-0.849441861292,-0.110830111925,0.248504887637,0.401135976032,3.05607322466,-1.16237394202,-0.320218489471,92.6044998169,0.352815581214,-0.791150591352,-0.290305864107,0.51158259276,0.887407885792,1.40742737288,-0.248504887637,95.1377639771
18.378662,-0.849441861292,-0.110830111925,0.247737897243,0.401902966426,3.05645671986,-1.16237394202,-0.319451499077,92.6044998169,0.352432086017,-0.791917581746,-0.290305864107,0.51158259276,0.886640895398,1.40781086808,-0.248888382834,95.1377639771
18.388825,-0.850208851685,-0.110063121531,0.248888382834,0.401519471229,3.05645671986,-1.16237394202,-0.320218489471,92.6044998169,0.353199076411,-0.791534086549,-0.28992236891,0.511966087957,0.887407885792,1.40781086808,-0.24812139244,95.1377639771
18.398848,-0.849441861292,-0.110446616728,0.24812139244,0.401519471229,3.05645671986,-1.16237394202,-0.320601984668,92.6044998169,0.353199076411,-0.791534086549,-0.289538873713,0.51158259276,0.887791380989,1.40781086808,-0.247737897243,95.1377639771
18.408827,-0.849441861292,-0.111213607122,0.24812139244,0.401519471229,3.05607322466,-1.16199044682,-0.319834994274,92.6044998169,0.353582571608,-0.791534086549,-0.290305864107,0.511966087957,0.887024390595,1.40781086808,-0.248504887637,95.1377639771
18.418806,-0.849058366095,-0.110830111925,0.248888382834,0.401902966426,3.05607322466,-1.16237394202,-0.319834994274,92.6044998169,0.353199076411,-0.791917581746,-0.289538873713,0.512349583154,0.886640895398,1.40704387769,-0.24812139244,95.1377639771
18.428730,-0.849825356489,-0.110063121531,0.248504887637,0.402286461623,3.05607322466,-1.16199044682,-0.319834994274,92.6044998169,0.353199076411,-0.791534086549,-0.289538873713,0.51158259276,0.887791380989,1.40666038249,-0.24812139244,95.1377639771
18.438717,-0.849441861292,-0.110446616728,0.24812139244,0.401902966426,3.05645671986,-1.16237394202,-0.319834994274,92.6044998169,0.353966066805,-0.791917581746,-0.289155378516,0.510815602366,0.887407885792,1.40627688729,-0.248504887637,95.1377639771
18.448747,-0.849058366095,-0.110063121531,0.24812139244,0.401902966426,3.05607322466,-1.16160695163,-0.320218489471,92.6044998169,0.353966066805,-0.791150591352,-0.289538873713,0.510815602366,0.887024390595,1.40627688729,-0.248504887637,95.1377639771
18.458757,-0.849058366095,-0.111213607122,0.248504887637,0.401519471229,3.05645671986,-1.16199044682,-0.320218489471,92.6044998169,0.353582571608,-0.792301076943,-0.289538873713,0.510815602366,0.887024390595,1.40742737288,-0.248888382834,95.1377639771
18.468760,-0.849825356489,-0.111597102319,0.247737897243,0.401902966426,3.05568972947,-1.16199044682,-0.320985479865,92.6044998169,0.353582571608,-0.793451562534,-0.289538873713,0.511199097563,0.886640895398,1.40742737288,-0.248888382834,95.1377639771
18.478818,-0.849058366095,-0.110830111925,0.248888382834,0.402286461623,3.05607322466,-1.16275743722,-0.320218489471,92.6044998169,0.353199076411,-0.793068067337,-0.290689359304,0.511199097563,0.886257400201,1.40781086808,-0.249271878031,95.1377639771
18.488862,-0.848674870898,-0.111597102319,0.24812139244,0.401902966426,3.05607322466,-1.16275743722,-0.319834994274,92.6044998169,0.353582571608,-0.79268457214,-0.28992236891,0.510432107169,0.885490409807,1.40781086808,-0.249271878031,95.1377639771
18.498859,-0.849441861292,-0.110830111925,0.248504887637,0.401902966426,3.05607322466,-1.16160695163,-0.319834994274,92.6044998169,0.354349562002,-0.793451562534,-0.28992236891,0.51158259276,0.88510691461,1.40857785848,-0.248504887637,95.1377639771
18.508839,-0.849058366095,-0.111597102319,0.247737897243,0.401519471229,3.05645671986,-1.16160695163,-0.319834994274,92.6044998169,0.354349562002,-0.79268457214,-0.28992236891,0.51158259276,0.88510691461,1.40742737288,-0.249271878031,95.1377639771
18.518805,-0.848674870898,-0.111213607122,0.247737897243,0.401902966426,3.05568972947,-1.16199044682,-0.320218489471,92.6044998169,0.354733057199,-0.79268457214,-0.28992236891,0.511199097563,0.885490409807,1.40819436328,-0.249271878031,95.1377639771
18.528751,-0.849825356489,-0.111213607122,0.248504887637,0.401519471229,3.05607322466,-1.16083996123,-0.320218489471,92.6044998169,0.354349562002,-0.793068067337,-0.288771883319,0.510815602366,0.886257400201,1.4058933921,-0.248504887637,95.1377639771
18.538750,-0.848291375701,-0.111597102319,0.247737897243,0.401135976032,3.05530623427,-1.16237394202,-0.319834994274,92.6044998169,0.353966066805,-0.793451562534,-0.289155378516,0.511199097563,0.887407885792,1.40704387769,-0.249271878031,95.1377639771
18.548719,-0.849825356489,-0.111597102319,0.247737897243,0.401135976032,3.05645671986,-1.16122345643,-0.319834994274,92.6044998169,0.353966066805,-0.791917581746,-0.289155378516,0.510432107169,0.887407885792,1.40627688729,-0.248888382834,95.1377639771
18.558749,-0.849058366095,-0.11274758791,0.24812139244,0.401135976032,3.05645671986,-1.16160695163,-0.320218489471,92.6044998169,0.353966066805,-0.792301076943,-0.289155378516,0.510815602366,0.887407885792,1.40397591611,-0.249271878031,95.1377639771
18.568775,-0.849825356489,-0.111980597516,0.249271878031,0.401135976032,3.05568972947,-1.16237394202,-0.319451499077,92.6044998169,0.354733057199,-0.792301076943,-0.289155378516,0.510815602366,0.888174876186,1.40282543052,-0.248888382834,95.1377639771
18.578934,-0.848674870898,-0.111980597516,0.248504887637,0.401519471229,3.05607322466,-1.16237394202,-0.319451499077,92.6044998169,0.354349562002,-0.791917581746,-0.289155378516,0.510815602366,0.887791380989,1.40205844013,-0.248888382834,95.1377639771
18.588980,-0.849441861292,-0.112364092713,0.247737897243,0.401519471229,3.05607322466,-1.16199044682,-0.319451499077,92.6044998169,0.353582571608,-0.79268457214,-0.289538873713,0.510048611972,0.887791380989,1.40205844013,-0.249655373228,95.1377639771
18.599384,-0.849441861292,-0.11274758791,0.248504887637,0.401902966426,3.05645671986,-1.16237394202,-0.320218489471,92.6044998169,0.354349562002,-0.793068067337,-0.289155378516,0.510432107169,0.887407885792,1.40167494493,-0.249655373228,95.1377639771
18.608979,-0.849058366095,-0.112364092713,0.24812139244,0.401519471229,3.05645671986,-1.16275743722,-0.319834994274,92.6044998169,0.353582571608,-0.79268457214,-0.289155378516,0.510048611972,0.885490409807,1.40205844013,-0.249655373228,95.1377639771
18.619113,-0.849058366095,-0.11274758791,0.247737897243,0.401135976032,3.05607322466,-1.16237394202,-0.319834994274,92.6044998169,0.354733057199,-0.791917581746,-0.28992236891,0.510048611972,0.885873905004,1.40244193532,-0.249655373228,95.1377639771
18.628930,-0.849825356489,-0.111980597516,0.24812139244,0.401519471229,3.05607322466,-1.16237394202,-0.319834994274,92.6044998169,0.354733057199,-0.79268457214,-0.28992236891,0.510048611972,0.884339924216,1.40320892572,-0.250038868425,95.1377639771
18.638975,-0.849441861292,-0.11274758791,0.247354402047,0.401902966426,3.05568972947,-1.16237394202,-0.319834994274,92.6044998169,0.354349562002,-0.792301076943,-0.28992236891,0.509665116775,0.883189438625,1.40397591611,-0.250038868425,95.1377639771
18.648938,-0.850208851685,-0.11274758791,0.24812139244,0.400752480835,3.05607322466,-1.16199044682,-0.319834994274,92.6044998169,0.354733057199,-0.79268457214,-0.290689359304,0.51158259276,0.883572933822,1.4051264017,-0.249655373228,95.1377639771
18.658950,-0.849058366095,-0.113514578304,0.24812139244,0.400752480835,3.05645671986,-1.16160695163,-0.319834994274,92.6044998169,0.354733057199,-0.793068067337,-0.289538873713,0.511199097563,0.882805943428,1.40666038249,-0.249655373228,95.1377639771
18.668957,-0.849825356489,-0.113131083107,0.24812139244,0.400752480835,3.05607322466,-1.16275743722,-0.320218489471,92.6044998169,0.354733057199,-0.79268457214,-0.289155378516,0.51158259276,0.882038953034,1.40704387769,-0.249655373228,95.1377639771
18.678951,-0.849058366095,-0.113131083107,0.249271878031,0.400752480835,3.05684021506,-1.16160695163,-0.31906800388,92.6044998169,0.355116552395,-0.79268457214,-0.28992236891,0.511199097563,0.880504972246,1.40896135367,-0.249655373228,95.1377639771
18.688931,-0.849441861292,-0.113131083107,0.248888382834,0.401135976032,3.05607322466,-1.16122345643,-0.319451499077,92.6044998169,0.354733057199,-0.793451562534,-0.290305864107,0.511199097563,0.880888467443,1.40972834407,-0.248888382834,95.1377639771
18.698905,-0.849058366095,-0.113514578304,0.24812139244,0.401902966426,3.05568972947,-1.16199044682,-0.319834994274,92.6044998169,0.355500047592,-0.791917581746,-0.289155378516,0.51158259276,0.880121477049,1.41011183926,-0.248888382834,95.1377639771
18.708891,-0.848674870898,-0.113514578304,0.248888382834,0.401519471229,3.05645671986,-1.16122345643,-0.319834994274,92.6044998169,0.354733057199,-0.792301076943,-0.28992236891,0.511966087957,0.880121477049,1.41011183926,-0.248504887637,95.1377639771
18.718869,-0.849058366095,-0.114281568697,0.248888382834,0.400368985638,3.05607322466,-1.16199044682,-0.319834994274,92.6044998169,0.354733057199,-0.791150591352,-0.289538873713,0.511199097563,0.880121477049,1.41049533446,-0.24812139244,95.1377639771
18.728841,-0.849058366095,-0.113514578304,0.248888382834,0.401135976032,3.05607322466,-1.16275743722,-0.319834994274,92.6044998169,0.354733057199,-0.791150591352,-0.28992236891,0.511966087957,0.880121477049,1.41087882966,-0.247737897243,95.1377639771
18.738627,-0.849058366095,-0.113131083107,0.248888382834,0.400368985638,3.05607322466,-1.16275743722,-0.319451499077,92.6044998169,0.354349562002,-0.791534086549,-0.288771883319,0.511966087957,0.880888467443,1.40972834407,-0.247737897243,95.1377639771
18.748623,-0.849441861292,-0.113514578304,0.247737897243,0.401902966426,3.05607322466,-1.16199044682,-0.320218489471,92.6044998169,0.354349562002,-0.790000105761,-0.28992236891,0.511966087957,0.88127196264,1.40896135367,-0.24812139244,95.1377639771
18.758629,-0.848674870898,-0.11274758791,0.247737897243,0.401519471229,3.05607322466,-1.16160695163,-0.320218489471,92.6044998169,0.354349562002,-0.790000105761,-0.289538873713,0.511966087957,0.881655457837,1.40781086808,-0.24812139244,95.1377639771
18.768622,-0.849825356489,-0.113131083107,0.24812139244,0.400752480835,3.05607322466,-1.16160695163,-0.320218489471,92.6044998169,0.354349562002,-0.789233115367,-0.28992236891,0.511199097563,0.882805943428,1.40742737288,-0.24812139244,95.1377639771
18.778717,-0.849058366095,-0.1138980735,0.24812139244,0.401135976032,3.05645671986,-1.16237394202,-0.320218489471,92.6044998169,0.354733057199,-0.788466124973,-0.289538873713,0.511199097563,0.883189438625,1.40666038249,-0.248504887637,95.1377639771
18.788682,-0.849058366095,-0.113514578304,0.248504887637,0.401519471229,3.05645671986,-1.16237394202,-0.319451499077,92.6044998169,0.354733057199,-0.788082629776,-0.289155378516,0.510432107169,0.881655457837,1.40627688729,-0.247354402047,95.1377639771
18.798679,-0.849058366095,-0.113514578304,0.248504887637,0.401135976032,3.05684021506,-1.16160695163,-0.319451499077,92.6044998169,0.354733057199,-0.789233115367,-0.289155378516,0.511199097563,0.882805943428,1.40435941131,-0.247737897243,95.1377639771
18.808684,-0.849058366095,-0.113131083107,0.248504887637,0.400752480835,3.05607322466,-1.16160695163,-0.319834994274,92.6044998169,0.354349562002,-0.787699134579,-0.289155378516,0.511966087957,0.883572933822,1.40359242092,-0.247737897243,95.1377639771
18.818698,-0.849441861292,-0.113131083107,0.248504887637,0.401135976032,3.05568972947,-1.16122345643,-0.31906800388,92.6044998169,0.355116552395,-0.787699134579,-0.28992236891,0.511966087957,0.883572933822,1.40320892572,-0.247354402047,95.1377639771
18.828731,-0.849058366095,-0.113131083107,0.24812139244,0.401135976032,3.05684021506,-1.16160695163,-0.319834994274,92.6044998169,0.355500047592,-0.788466124973,-0.289538873713,0.511199097563,0.883189438625,1.40320892572,-0.24697090685,95.1377639771
18.838695,-0.848674870898,-0.11274758791,0.248888382834,0.401902966426,3.05645671986,-1.16237394202,-0.319451499077,92.6044998169,0.356267037986,-0.786932144185,-0.288771883319,0.510815602366,0.883189438625,1.40320892572,-0.246587411653,95.1377639771
18.848680,-0.848674870898,-0.113514578304,0.248504887637,0.401902966426,3.05645671986,-1.16237394202,-0.320218489471,92.6044998169,0.356267037986,-0.786548648988,-0.289538873713,0.510815602366,0.883572933822,1.40244193532,-0.245053430865,95.1377639771
18.858705,-0.849825356489,-0.1138980735,0.24812139244,0.401902966426,3.05607322466,-1.16199044682,-0.319834994274,92.6044998169,0.355883542789,-0.786932144185,-0.28992236891,0.511199097563,0.883189438625,1.40320892572,-0.244669935668,95.1377639771
18.868668,-0.848674870898,-0.113514578304,0.248888382834,0.401519471229,3.05645671986,-1.16237394202,-0.320218489471,92.6044998169,0.356650533183,-0.786548648988,-0.290305864107,0.511199097563,0.883572933822,1.40244193532,-0.244286440471,95.1377639771
18.878634,-0.848674870898,-0.1138980735,0.247737897243,0.402286461623,3.05645671986,-1.16237394202,-0.31906800388,92.6044998169,0.356650533183,-0.785781658594,-0.288771883319,0.51158259276,0.883956429019,1.40282543052,-0.242752459683,95.1377639771
18.888597,-0.849825356489,-0.1138980735,0.248504887637,0.401902966426,3.05645671986,-1.16275743722,-0.320218489471,92.6044998169,0.35703402838,-0.786548648988,-0.289538873713,0.511199097563,0.883956429019,1.40359242092,-0.242752459683,95.1377639771
18.898600,-0.849441861292,-0.113514578304,0.248504887637,0.401519471229,3.05645671986,-1.16199044682,-0.319834994274,92.6044998169,0.357417523577,-0.786165153791,-0.289155378516,0.511966087957,0.883956429019,1.40359242092,-0.242752459683,95.1377639771
18.908582,-0.849058366095,-0.113131083107,0.248504887637,0.401519471229,3.05568972947,-1.16237394202,-0.319834994274,92.6044998169,0.358184513971,-0.786548648988,-0.28992236891,0.511966087957,0.883572933822,1.40435941131,-0.243519450077,95.1377639771
18.918582,-0.849058366095,-0.113514578304,0.24812139244,0.401519471229,3.05568972947,-1.16237394202,-0.31906800388,92.6044998169,0.358184513971,-0.786165153791,-0.28992236891,0.511966087957,0.883572933822,1.4055098969,-0.242368964486,95.1377639771
18.928674,-0.849058366095,-0.113131083107,0.248504887637,0.401135976032,3.05568972947,-1.16160695163,-0.319834994274,92.6044998169,0.358568009168,-0.785398163397,-0.28992236891,0.512349583154,0.883956429019,1.4051264017,-0.24313595488,95.1377639771
18.938683,-0.849441861292,-0.114281568697,0.248504887637,0.401519471229,3.05607322466,-1.16160695163,-0.319451499077,92.6044998169,0.358568009168,-0.785781658594,-0.289155378516,0.51158259276,0.883189438625,1.40435941131,-0.24313595488,95.1377639771
18.948666,-0.849058366095,-0.1138980735,0.248504887637,0.401519471229,3.05607322466,-1.16199044682,-0.319834994274,92.6044998169,0.358951504365,-0.785781658594,-0.289155378516,0.51158259276,0.883189438625,1.40435941131,-0.24313595488,95.1377639771
18.958682,-0.850592346882,-0.1138980735,0.24812139244,0.401519471229,3.05607322466,-1.16199044682,-0.320601984668,92.6044998169,0.359334999562,-0.786548648988,-0.289538873713,0.511966087957,0.883572933822,1.40359242092,-0.243519450077,95.1377639771
18.968668,-0.850208851685,-0.1138980735,0.24812139244,0.402286461623,3.05607322466,-1.16275743722,-0.319834994274,92.6044998169,0.359334999562,-0.786548648988,-0.289538873713,0.511199097563,0.883572933822,1.40359242092,-0.243519450077,95.1377639771
18.978706,-0.849058366095,-0.114281568697,0.247737897243,0.401135976032,3.05607322466,-1.16275743722,-0.319451499077,92.6044998169,0.359718494759,-0.786165153791,-0.28992236891,0.511199097563,0.883956429019,1.40435941131,-0.243519450077,95.1377639771
18.988710,-0.849441861292,-0.1138980735,0.24812139244,0.401519471229,3.05607322466,-1.16237394202,-0.31906800388,92.6044998169,0.359718494759,-0.787315639382,-0.289538873713,0.511199097563,0.883956429019,1.40435941131,-0.24313595488,95.1377639771
18.998683,-0.849825356489,-0.115048559091,0.247737897243,0.401519471229,3.05684021506,-1.16160695163,-0.319834994274,92.6044998169,0.358951504365,-0.786548648988,-0.289155378516,0.510815602366,0.883572933822,1.40474290651,-0.24313595488,95.1377639771
19.008998,-0.849441861292,-0.114665063894,0.247737897243,0.401902966426,3.05645671986,-1.16275743722,-0.319834994274,92.6044998169,0.360485485153,-0.787315639382,-0.289155378516,0.511199097563,0.883956429019,1.40474290651,-0.243902945274,95.1377639771
19.018978,-0.849058366095,-0.1138980735,0.247737897243,0.401519471229,3.05607322466,-1.16199044682,-0.319451499077,92.6044998169,0.359718494759,-0.788082629776,-0.289538873713,0.510815602366,0.883956429019,1.40359242092,-0.242752459683,95.1377639771
19.028986,-0.849441861292,-0.1138980735,0.247737897243,0.401135976032,3.05607322466,-1.16160695163,-0.320218489471,92.6044998169,0.36086898035,-0.788082629776,-0.28992236891,0.510815602366,0.883189438625,1.40397591611,-0.243519450077,95.1377639771
19.038885,-0.850592346882,-0.1138980735,0.247737897243,0.401135976032,3.05607322466,-1.16199044682,-0.320601984668,92.6044998169,0.360485485153,-0.787315639382,-0.289155378516,0.51158259276,0.883572933822,1.40474290651,-0.243519450077,95.1377639771
19.048873,-0.849058366095,-0.114665063894,0.248504887637,0.401135976032,3.05568972947,-1.16237394202,-0.31906800388,92.6044998169,0.36086898035,-0.788082629776,-0.288771883319,0.511199097563,0.883572933822,1.40435941131,-0.243519450077,95.1377639771
19.058839,-0.849441861292,-0.1138980735,0.248888382834,0.401135976032,3.05645671986,-1.16160695163,-0.319451499077,92.6044998169,0.36086898035,-0.788082629776,-0.289155378516,0.510432107169,0.883956429019,1.40435941131,-0.242752459683,95.1377639771
19.068816,-0.849058366095,-0.114281568697,0.24812139244,0.401519471229,3.05645671986,-1.16237394202,-0.319834994274,92.6044998169,0.361252475547,-0.787315639382,-0.288388388122,0.510815602366,0.883572933822,1.4058933921,-0.24313595488,95.1377639771
19.078819,-0.849441861292,-0.114281568697,0.24812139244,0.401902966426,3.05607322466,-1.16160695163,-0.319834994274,92.6044998169,0.361635970744,-0.789233115367,-0.289538873713,0.511199097563,0.882805943428,1.40627688729,-0.243519450077,95.1377639771
19.088804,-0.848291375701,-0.114281568697,0.248504887637,0.401519471229,3.05568972947,-1.16237394202,-0.319451499077,92.6044998169,0.362019465941,-0.788466124973,-0.289155378516,0.511199097563,0.883572933822,1.40666038249,-0.243902945274,95.1377639771
19.098820,-0.848674870898,-0.114281568697,0.24812139244,0.401902966426,3.05607322466,-1.16160695163,-0.31906800388,92.6044998169,0.360485485153,-0.788466124973,-0.290305864107,0.510815602366,0.883572933822,1.40819436328,-0.243519450077,95.1377639771
19.108816,-0.848674870898,-0.1138980735,0.248888382834,0.401519471229,3.05568972947,-1.16199044682,-0.31906800388,92.6044998169,0.361252475547,-0.788466124973,-0.289538873713,0.511966087957,0.883189438625,1.40857785848,-0.244286440471,95.1377639771
19.118869,-0.848674870898,-0.114281568697,0.247737897243,0.401519471229,3.05607322466,-1.16275743722,-0.319834994274,92.6044998169,0.36086898035,-0.78884962017,-0.289155378516,0.511199097563,0.882038953034,1.40972834407,-0.24313595488,95.1377639771
19.128999,-0.848291375701,-0.114281568697,0.248504887637,0.400752480835,3.05645671986,-1.16237394202,-0.31906800388,92.6044998169,0.361252475547,-0.788466124973,-0.289155378516,0.51158259276,0.882805943428,1.40896135367,-0.24313595488,95.1377639771
19.139068,-0.849058366095,-0.1138980735,0.24812139244,0.401135976032,3.05607322466,-1.16237394202,-0.320218489471,92.6044998169,0.361252475547,-0.787699134579,-0.289538873713,0.51158259276,0.883189438625,1.41011183926,-0.242752459683,95.1377639771
19.149002,-0.849058366095,-0.113514578304,0.24812139244,0.401519471229,3.05645671986,-1.16237394202,-0.31906800388,92.6044998169,0.361635970744,-0.787699134579,-0.28992236891,0.51158259276,0.883189438625,1.41087882966,-0.24313595488,95.1377639771
19.158977,-0.849058366095,-0.113514578304,0.247737897243,0.400752480835,3.05645671986,-1.16237394202,-0.318684508683,92.6044998169,0.361252475547,-0.787315639382,-0.289155378516,0.511966087957,0.883189438625,1.41011183926,-0.24313595488,95.1377639771
19.168832,-0.849825356489,-0.114281568697,0.248888382834,0.401135976032,3.05607322466,-1.16199044682,-0.320218489471,92.6044998169,0.361252475547,-0.787315639382,-0.289155378516,0.51158259276,0.882805943428,1.41202931525,-0.243519450077,95.1377639771
19.178813,-0.848674870898,-0.114665063894,0.248888382834,0.401902966426,3.05645671986,-1.16275743722,-0.31906800388,92.6044998169,0.361252475547,-0.787315639382,-0.289538873713,0.512349583154,0.882805943428,1.41126232485,-0.243519450077,95.1377639771
19.188825,-0.849058366095,-0.114281568697,0.247737897243,0.401902966426,3.05645671986,-1.16237394202,-0.320601984668,92.6044998169,0.36086898035,-0.786548648988,-0.289538873713,0.513500068745,0.883189438625,1.41126232485,-0.243519450077,95.1377639771
19.198817,-0.849441861292,-0.113514578304,0.24812139244,0.401519471229,3.05645671986,-1.16237394202,-0.319451499077,92.6044998169,0.360485485153,-0.786548648988,-0.28992236891,0.513500068745,0.883956429019,1.41356329604,-0.242752459683,95.1377639771
19.208815,-0.849058366095,-0.114281568697,0.24812139244,0.400368985638,3.05568972947,-1.16275743722,-0.319834994274,92.6044998169,0.361252475547,-0.785398163397,-0.290305864107,0.513500068745,0.882038953034,1.41164582005,-0.242752459683,95.1377639771
19.218851,-0.849441861292,-0.114281568697,0.247737897243,0.401135976032,3.05568972947,-1.16237394202,-0.319834994274,92.6044998169,0.359718494759,-0.784631173003,-0.289155378516,0.513883563942,0.882038953034,1.41164582005,-0.242752459683,95.1377639771
19.229021,-0.848291375701,-0.1138980735,0.248888382834,0.401519471229,3.05607322466,-1.16199044682,-0.319834994274,92.6044998169,0.358951504365,-0.7850146682,-0.288771883319,0.513500068745,0.881655457837,1.41241281045,-0.242368964486,95.1377639771
19.239018,-0.848674870898,-0.114281568697,0.248504887637,0.401519471229,3.05684021506,-1.16275743722,-0.319451499077,92.6044998169,0.360485485153,-0.784247677806,-0.28992236891,0.514650554336,0.88127196264,1.41126232485,-0.24313595488,95.1377639771
19.248984,-0.849058366095,-0.114281568697,0.248504887637,0.402286461623,3.05645671986,-1.16160695163,-0.319834994274,92.6044998169,0.359718494759,-0.783097192216,-0.290305864107,0.513883563942,0.880888467443,1.41164582005,-0.24313595488,95.1377639771
19.258958,-0.849058366095,-0.114281568697,0.247737897243,0.402286461623,3.05607322466,-1.16237394202,-0.320218489471,92.6044998169,0.358951504365,-0.782330201822,-0.289155378516,0.513883563942,0.88127196264,1.41279630564,-0.242752459683,95.1377639771
19.269007,-0.848674870898,-0.1138980735,0.248888382834,0.401519471229,3.05684021506,-1.16199044682,-0.318684508683,92.6044998169,0.359334999562,-0.781563211428,-0.288771883319,0.514267059139,0.881655457837,1.41279630564,-0.24313595488,95.1377639771
19.278900,-0.849058366095,-0.113514578304,0.248504887637,0.401902966426,3.05607322466,-1.16275743722,-0.31906800388,92.6044998169,0.358184513971,-0.781179716231,-0.289538873713,0.513883563942,0.882805943428,1.41317980084,-0.242368964486,95.1377639771
19.288988,-0.848291375701,-0.1138980735,0.24812139244,0.401902966426,3.05607322466,-1.16237394202,-0.319451499077,92.6044998169,0.358951504365,-0.780412725837,-0.289538873713,0.514267059139,0.882038953034,1.41394679123,-0.242368964486,95.1377639771
19.298963,-0.849058366095,-0.1138980735,0.248504887637,0.401519471229,3.05607322466,-1.16160695163,-0.319834994274,92.6044998169,0.358951504365,-0.779645735443,-0.289538873713,0.514267059139,0.881655457837,1.41241281045,-0.240451488501,95.1377639771
19.308852,-0.848674870898,-0.114665063894,0.248888382834,0.402286461623,3.05684021506,-1.16237394202,-0.319451499077,92.6044998169,0.358184513971,-0.779262240246,-0.289538873713,0.514650554336,0.882038953034,1.41279630564,-0.238534012516,95.1377639771
19.318874,-0.848674870898,-0.1138980735,0.248504887637,0.401135976032,3.05684021506,-1.16122345643,-0.319451499077,92.6044998169,0.358568009168,-0.778111754655,-0.289155378516,0.514650554336,0.881655457837,1.41394679123,-0.234699060546,95.1377639771
19.328811,-0.848674870898,-0.113514578304,0.24812139244,0.401135976032,3.05607322466,-1.16275743722,-0.319834994274,92.6044998169,0.357417523577,-0.777344764261,-0.290305864107,0.515034049533,0.883189438625,1.41394679123,-0.235849546137,95.1377639771
19.339139,-0.849058366095,-0.113131083107,0.24812139244,0.401902966426,3.05568972947,-1.16199044682,-0.319834994274,92.6044998169,0.357801018774,-0.776577773867,-0.289538873713,0.515417544729,0.882038953034,1.41317980084,-0.238150517319,95.1377639771
19.348849,-0.848291375701,-0.1138980735,0.24812139244,0.401519471229,3.05645671986,-1.16160695163,-0.320601984668,92.6044998169,0.358184513971,-0.775810783473,-0.28992236891,0.515034049533,0.882038953034,1.41317980084,-0.239684498107,95.1377639771
19.358923,-0.849441861292,-0.114281568697,0.249271878031,0.401135976032,3.05568972947,-1.16199044682,-0.319834994274,92.6044998169,0.357801018774,-0.774276802685,-0.289538873713,0.515417544729,0.882805943428,1.41356329604,-0.240451488501,95.1377639771
19.368830,-0.848674870898,-0.114281568697,0.24812139244,0.401135976032,3.05568972947,-1.16199044682,-0.319451499077,92.6044998169,0.357417523577,-0.773509812291,-0.289538873713,0.515417544729,0.882038953034,1.41471378163,-0.240834983698,95.1377639771
19.378780,-0.848674870898,-0.115048559091,0.248504887637,0.401519471229,3.05645671986,-1.16237394202,-0.319834994274,92.6044998169,0.35703402838,-0.771975831503,-0.290689359304,0.514650554336,0.883189438625,1.41701475281,-0.240834983698,95.1377639771
19.388741,-0.848674870898,-0.113514578304,0.248504887637,0.400368985638,3.05607322466,-1.16237394202,-0.31906800388,92.6044998169,0.356650533183,-0.770825345912,-0.28992236891,0.515417544729,0.882805943428,1.4185487336,-0.240834983698,95.1377639771
19.398762,-0.850208851685,-0.1138980735,0.247737897243,0.401135976032,3.05645671986,-1.16160695163,-0.319451499077,92.6044998169,0.356650533183,-0.769674860322,-0.289538873713,0.514650554336,0.882038953034,1.42084970478,-0.240834983698,95.1377639771
19.408745,-0.850208851685,-0.1138980735,0.24812139244,0.401519471229,3.05645671986,-1.16199044682,-0.320218489471,92.6044998169,0.356650533183,-0.768524374731,-0.289538873713,0.513883563942,0.881655457837,1.42391766635,-0.240067993304,95.1377639771
19.418759,-0.849441861292,-0.113514578304,0.24812139244,0.401519471229,3.05568972947,-1.16160695163,-0.319834994274,92.6044998169,0.356650533183,-0.76737388914,-0.290305864107,0.514267059139,0.880504972246,1.42698562793,-0.23930100291,95.1377639771
19.428725,-0.850592346882,-0.114281568697,0.248504887637,0.401135976032,3.05568972947,-1.16237394202,-0.319451499077,92.6044998169,0.35703402838,-0.766606898746,-0.289155378516,0.513500068745,0.88127196264,1.4308205799,-0.23930100291,95.1377639771
19.438752,-0.850208851685,-0.114281568697,0.248504887637,0.401135976032,3.05645671986,-1.16199044682,-0.319834994274,92.6044998169,0.356650533183,-0.765072917958,-0.28992236891,0.514267059139,0.88127196264,1.43350504628,-0.238150517319,95.1377639771
19.448731,-0.849441861292,-0.114281568697,0.247737897243,0.401902966426,3.05568972947,-1.16199044682,-0.320601984668,92.6044998169,0.357417523577,-0.764689422761,-0.28992236891,0.514650554336,0.880504972246,1.43887397904,-0.238150517319,95.1377639771
19.458750,-0.849058366095,-0.114281568697,0.24812139244,0.401519471229,3.05607322466,-1.16199044682,-0.319834994274,92.6044998169,0.357801018774,-0.762771946776,-0.289155378516,0.513883563942,0.88127196264,1.4434759214,-0.236233041334,95.1377639771
19.468749,-0.849441861292,-0.114281568697,0.248888382834,0.401135976032,3.05607322466,-1.16237394202,-0.319834994274,92.6044998169,0.357801018774,-0.761621461185,-0.289538873713,0.514267059139,0.880888467443,1.44884485416,-0.234699060546,95.1377639771
19.478726,-0.849058366095,-0.115432054288,0.24812139244,0.401519471229,3.05684021506,-1.16237394202,-0.319834994274,92.6044998169,0.357801018774,-0.760470975594,-0.28992236891,0.513883563942,0.881655457837,1.45383029172,-0.233932070153,95.1377639771
19.488724,-0.849441861292,-0.1138980735,0.248504887637,0.401519471229,3.05645671986,-1.16160695163,-0.319834994274,92.6044998169,0.357801018774,-0.758936994806,-0.290305864107,0.514267059139,0.881655457837,1.45919922448,-0.232781584562,95.1377639771
19.498723,-0.849825356489,-0.114281568697,0.248504887637,0.400752480835,3.05645671986,-1.16160695163,-0.319834994274,92.6044998169,0.358951504365,-0.757786509215,-0.28992236891,0.514267059139,0.88127196264,1.46456815723,-0.230864108577,95.1377639771
19.508748,-0.849441861292,-0.1138980735,0.24812139244,0.401135976032,3.05607322466,-1.16160695163,-0.319834994274,92.6044998169,0.360101989956,-0.756252528428,-0.289155378516,0.514267059139,0.881655457837,1.4691700996,-0.228563137395,95.1377639771
19.518719,-0.849441861292,-0.114665063894,0.248888382834,0.401519471229,3.05568972947,-1.16199044682,-0.319834994274,92.6044998169,0.360485485153,-0.75471854764,-0.289538873713,0.514650554336,0.880888467443,1.47492252755,-0.228179642198,95.1377639771
19.528721,-0.849441861292,-0.115048559091,0.248888382834,0.401902966426,3.05607322466,-1.16122345643,-0.31906800388,92.6044998169,0.361635970744,-0.753951557246,-0.28992236891,0.513883563942,0.882038953034,1.47990796511,-0.225111680622,95.1377639771
19.538723,-0.849058366095,-0.114281568697,0.24812139244,0.401902966426,3.05684021506,-1.16199044682,-0.319451499077,92.6044998169,0.361635970744,-0.752417576458,-0.28992236891,0.513883563942,0.882038953034,1.48604388826,-0.222427214243,95.1377639771
19.548725,-0.849825356489,-0.1138980735,0.248504887637,0.401902966426,3.05645671986,-1.16237394202,-0.319451499077,92.6044998169,0.362786456335,-0.75088359567,-0.289538873713,0.514267059139,0.88127196264,1.49102932582,-0.220509738259,95.1377639771
19.558723,-0.849441861292,-0.114281568697,0.24812139244,0.401519471229,3.05607322466,-1.16275743722,-0.319834994274,92.6044998169,0.363553446729,-0.749733110079,-0.289155378516,0.513883563942,0.88127196264,1.49563126819,-0.21782527188,95.1377639771
19.568723,-0.849825356489,-0.1138980735,0.248888382834,0.401135976032,3.05607322466,-1.16275743722,-0.320218489471,92.6044998169,0.364320437123,-0.748582624488,-0.290305864107,0.514267059139,0.88127196264,1.49984971535,-0.215524300698,95.1377639771
19.578722,-0.849441861292,-0.1138980735,0.24812139244,0.401135976032,3.05568972947,-1.16237394202,-0.320601984668,92.6044998169,0.365854417911,-0.7470486437,-0.289155378516,0.513883563942,0.88127196264,1.50445165772,-0.214757310304,95.1377639771
19.588719,-0.849825356489,-0.114281568697,0.248504887637,0.402286461623,3.05607322466,-1.16199044682,-0.319834994274,92.6044998169,0.367388398699,-0.745898158109,-0.288771883319,0.514650554336,0.880888467443,1.50828660969,-0.21399031991,95.1377639771
19.598726,-0.849825356489,-0.1138980735,0.24812139244,0.402286461623,3.05568972947,-1.16083996123,-0.320218489471,92.6044998169,0.367771893896,-0.74321369173,-0.28992236891,0.514267059139,0.880504972246,1.51212156166,-0.211305853531,95.1377639771
19.608728,-0.849441861292,-0.114665063894,0.248888382834,0.400752480835,3.05607322466,-1.16160695163,-0.319834994274,92.6044998169,0.369305874683,-0.742446701337,-0.28992236891,0.514650554336,0.88127196264,1.51557301843,-0.209004882349,95.1377639771
19.618728,-0.849441861292,-0.1138980735,0.24812139244,0.401519471229,3.05645671986,-1.16199044682,-0.319834994274,92.6044998169,0.36968936988,-0.740912720549,-0.289538873713,0.515034049533,0.879737981852,1.51825748481,-0.206703911168,95.1377639771
19.628725,-0.849058366095,-0.114281568697,0.24812139244,0.401135976032,3.05607322466,-1.16160695163,-0.320218489471,92.6044998169,0.371606845865,-0.739762234958,-0.28992236891,0.514267059139,0.879737981852,1.52055845599,-0.203635949592,95.1377639771
19.638723,-0.849058366095,-0.113514578304,0.248504887637,0.401519471229,3.05607322466,-1.16237394202,-0.319451499077,92.6044998169,0.372373836259,-0.73822825417,-0.289155378516,0.514267059139,0.879354486655,1.52132544639,-0.200951483213,95.1377639771
19.648719,-0.848674870898,-0.114281568697,0.247737897243,0.401135976032,3.05607322466,-1.16237394202,-0.320218489471,92.6044998169,0.37352432185,-0.736694273382,-0.289538873713,0.513883563942,0.878970991458,1.52209243678,-0.200567988016,95.1377639771
19.658757,-0.850592346882,-0.1138980735,0.248504887637,0.401135976032,3.05568972947,-1.16160695163,-0.31906800388,92.6044998169,0.374674807441,-0.735160292594,-0.28992236891,0.514267059139,0.878587496261,1.52209243678,-0.19750002644,95.1377639771
19.668726,-0.849825356489,-0.1138980735,0.248888382834,0.402286461623,3.05645671986,-1.16237394202,-0.320218489471,92.6044998169,0.376208788229,-0.733242816609,-0.289155378516,0.513883563942,0.877053515473,1.52132544639,-0.194815560061,95.1377639771
19.678728,-0.849441861292,-0.114281568697,0.247354402047,0.401902966426,3.05607322466,-1.16237394202,-0.320218489471,92.6044998169,0.377742769017,-0.731708835821,-0.289538873713,0.514267059139,0.876670020277,1.52132544639,-0.192898084077,95.1377639771
19.688721,-0.849441861292,-0.113131083107,0.24812139244,0.401902966426,3.05607322466,-1.16275743722,-0.31906800388,92.6044998169,0.378509759411,-0.730941845427,-0.289538873713,0.514650554336,0.875136039489,1.52017496079,-0.190980608092,95.1377639771
19.698726,-0.849441861292,-0.114281568697,0.24812139244,0.401902966426,3.05607322466,-1.16199044682,-0.319834994274,92.6044998169,0.380043740199,-0.72940786464,-0.288388388122,0.514267059139,0.875136039489,1.5194079704,-0.190597112895,95.1377639771
19.708767,-0.849441861292,-0.114281568697,0.248504887637,0.401902966426,3.05645671986,-1.16237394202,-0.319834994274,92.6044998169,0.38119422579,-0.727873883852,-0.28992236891,0.514267059139,0.873985553898,1.51710699922,-0.189063132107,95.1377639771
19.718763,-0.849441861292,-0.1138980735,0.24812139244,0.401135976032,3.05684021506,-1.16160695163,-0.319834994274,92.6044998169,0.38234471138,-0.726723398261,-0.289155378516,0.515034049533,0.87245157311,1.51442253284,-0.189446627304,95.1377639771
19.728744,-0.849441861292,-0.1138980735,0.24812139244,0.401519471229,3.05645671986,-1.16199044682,-0.319451499077,92.6044998169,0.383878692168,-0.72557291267,-0.288771883319,0.514650554336,0.872835068307,1.51135457126,-0.189446627304,95.1377639771
19.738753,-0.849058366095,-0.113514578304,0.24812139244,0.401519471229,3.05722371026,-1.16160695163,-0.320218489471,92.6044998169,0.385796168153,-0.723655436685,-0.289155378516,0.513500068745,0.870534097125,1.50751961929,-0.189446627304,95.1377639771
19.748753,-0.849441861292,-0.113131083107,0.248504887637,0.401902966426,3.05645671986,-1.16199044682,-0.319451499077,92.6044998169,0.388097139335,-0.722121455897,-0.289538873713,0.513500068745,0.869383611534,1.50291767693,-0.190597112895,95.1377639771
19.758754,-0.849058366095,-0.113514578304,0.24812139244,0.401902966426,3.05645671986,-1.16199044682,-0.319834994274,92.6044998169,0.389247624926,-0.720970970306,-0.290305864107,0.513500068745,0.870917592322,1.49908272496,-0.190597112895,95.1377639771
19.768730,-0.849058366095,-0.1138980735,0.248888382834,0.400752480835,3.05645671986,-1.16237394202,-0.319834994274,92.6044998169,0.391165100911,-0.720587475109,-0.289155378516,0.513500068745,0.869767106731,1.49333029701,-0.192131093683,95.1377639771
19.778755,-0.850208851685,-0.1138980735,0.248888382834,0.401519471229,3.05607322466,-1.16160695163,-0.319451499077,92.6044998169,0.393082576896,-0.718669999124,-0.28992236891,0.513883563942,0.870917592322,1.48719437385,-0.192898084077,95.1377639771
19.788729,-0.849441861292,-0.114281568697,0.248888382834,0.401135976032,3.05607322466,-1.16237394202,-0.320218489471,92.6044998169,0.39500005288,-0.717136018336,-0.289538873713,0.513883563942,0.871301087519,1.48029146031,-0.193665074471,95.1377639771
19.798746,-0.848674870898,-0.1138980735,0.248504887637,0.401519471229,3.05607322466,-1.16160695163,-0.319451499077,92.6044998169,0.396534033668,-0.715985532746,-0.289155378516,0.513116573548,0.871684582716,1.47377204196,-0.194815560061,95.1377639771
19.808754,-0.849058366095,-0.114281568697,0.248504887637,0.401902966426,3.05645671986,-1.16160695163,-0.319834994274,92.6044998169,0.399601995244,-0.715218542352,-0.289538873713,0.513500068745,0.872068077913,1.46495165243,-0.195582550455,95.1377639771
19.818728,-0.849825356489,-0.114665063894,0.248504887637,0.401135976032,3.05607322466,-1.16199044682,-0.319834994274,92.6044998169,0.401902966426,-0.713684561564,-0.289538873713,0.512349583154,0.872068077913,1.4561312629,-0.196733036046,95.1377639771
19.828725,-0.849441861292,-0.114281568697,0.24812139244,0.400368985638,3.05645671986,-1.16160695163,-0.320218489471,92.6044998169,0.404587432805,-0.713301066367,-0.289538873713,0.513883563942,0.873985553898,1.44692737817,-0.196733036046,95.1377639771
19.838752,-0.850208851685,-0.1138980735,0.248888382834,0.401519471229,3.05607322466,-1.16237394202,-0.319451499077,92.6044998169,0.406121413593,-0.711767085579,-0.288771883319,0.511966087957,0.874369049095,1.43542252226,-0.197116531243,95.1377639771
19.848741,-0.849441861292,-0.1138980735,0.24812139244,0.401135976032,3.05645671986,-1.16160695163,-0.319451499077,92.6044998169,0.409189375168,-0.710616599988,-0.289155378516,0.512349583154,0.873602058701,1.42621863754,-0.197883521637,95.1377639771
19.858761,-0.849441861292,-0.114665063894,0.248504887637,0.401135976032,3.05568972947,-1.16237394202,-0.319834994274,92.6044998169,0.41149034635,-0.710233104791,-0.289538873713,0.511966087957,0.874752544292,1.41548077202,-0.196733036046,95.1377639771
19.868732,-0.849058366095,-0.1138980735,0.248504887637,0.401135976032,3.05568972947,-1.16199044682,-0.319834994274,92.6044998169,0.414558307926,-0.709849609594,-0.289538873713,0.513500068745,0.874752544292,1.40397591611,-0.196349540849,95.1377639771
19.878950,-0.849058366095,-0.1138980735,0.248504887637,0.401135976032,3.05607322466,-1.16160695163,-0.319451499077,92.6044998169,0.416092288714,-0.709466114397,-0.28992236891,0.513500068745,0.874369049095,1.39132057461,-0.196733036046,95.1377639771
19.888893,-0.849058366095,-0.1138980735,0.248888382834,0.401135976032,3.05607322466,-1.16237394202,-0.319451499077,92.6044998169,0.419927240684,-0.708699124003,-0.288771883319,0.513500068745,0.873985553898,1.3805827091,-0.197116531243,95.1377639771
19.898876,-0.849825356489,-0.114281568697,0.247354402047,0.401135976032,3.05607322466,-1.16199044682,-0.319834994274,92.6044998169,0.421461221472,-0.708315628806,-0.289538873713,0.513500068745,0.873602058701,1.36984484358,-0.197116531243,95.1377639771
19.908876,-0.849058366095,-0.114665063894,0.24812139244,0.401135976032,3.05645671986,-1.16237394202,-0.319451499077,92.6044998169,0.42414568785,-0.708699124003,-0.28992236891,0.513883563942,0.873218563504,1.35795649248,-0.197116531243,95.1377639771
19.918824,-0.849825356489,-0.114281568697,0.248504887637,0.401902966426,3.05645671986,-1.16237394202,-0.320218489471,92.6044998169,0.426446659032,-0.708315628806,-0.290305864107,0.513883563942,0.872068077913,1.34530115098,-0.195966045652,95.1377639771
19.928867,-0.850208851685,-0.1138980735,0.249271878031,0.401135976032,3.05607322466,-1.16199044682,-0.320218489471,92.6044998169,0.428364135017,-0.707932133609,-0.28992236891,0.514650554336,0.872068077913,1.33494678066,-0.197116531243,95.1377639771
19.938826,-0.849441861292,-0.114281568697,0.24812139244,0.401519471229,3.05607322466,-1.16199044682,-0.320218489471,92.6044998169,0.43181559179,-0.708315628806,-0.28992236891,0.514650554336,0.871684582716,1.32344192475,-0.196733036046,95.1377639771
19.948820,-0.849441861292,-0.115048559091,0.24812139244,0.401135976032,3.05684021506,-1.16199044682,-0.319451499077,92.6044998169,0.432966077381,-0.707165143215,-0.289538873713,0.514650554336,0.871301087519,1.31270405923,-0.196733036046,95.1377639771
19.958840,-0.849058366095,-0.114281568697,0.248888382834,0.401519471229,3.05645671986,-1.16199044682,-0.319834994274,92.6044998169,0.435650543759,-0.707165143215,-0.28992236891,0.514267059139,0.870150601928,1.30081570813,-0.195582550455,95.1377639771
19.968749,-0.849441861292,-0.1138980735,0.249271878031,0.401519471229,3.05684021506,-1.16160695163,-0.319834994274,92.6044998169,0.437568019744,-0.707932133609,-0.28992236891,0.513883563942,0.870534097125,1.2912283282,-0.196349540849,95.1377639771
19.978733,-0.849441861292,-0.1138980735,0.247737897243,0.400368985638,3.05607322466,-1.16199044682,-0.319451499077,92.6044998169,0.439485495729,-0.707548638412,-0.289538873713,0.514267059139,0.869383611534,1.28164094828,-0.195966045652,95.1377639771
19.988719,-0.849825356489,-0.113131083107,0.24812139244,0.401135976032,3.05607322466,-1.16199044682,-0.319451499077,92.6044998169,0.44063598132,-0.708699124003,-0.289538873713,0.513883563942,0.86861662114,1.27282055875,-0.196349540849,95.1377639771
19.998710,-0.849441861292,-0.114281568697,0.249271878031,0.401519471229,3.05568972947,-1.16237394202,-0.319834994274,92.6044998169,0.442169962108,-0.708315628806,-0.28992236891,0.513116573548,0.869767106731,1.26361667402,-0.194815560061,95.1377639771
20.008711,-0.850208851685,-0.1138980735,0.24812139244,0.401135976032,3.05568972947,-1.16237394202,-0.319451499077,92.6044998169,0.44447093329,-0.708699124003,-0.289155378516,0.514267059139,0.869767106731,1.25479628449,-0.191364103289,95.1377639771
20.018784,-0.849058366095,-0.114281568697,0.24812139244,0.400752480835,3.05645671986,-1.16199044682,-0.318684508683,92.6044998169,0.444854428487,-0.709466114397,-0.290305864107,0.513500068745,0.869000116337,1.24520890457,-0.189830122501,95.1377639771
20.028740,-0.850592346882,-0.1138980735,0.248888382834,0.401519471229,3.05607322466,-1.16199044682,-0.31906800388,92.6044998169,0.446771904472,-0.7090826192,-0.290689359304,0.512349583154,0.869767106731,1.23830599102,-0.191364103289,95.1377639771
20.038846,-0.850208851685,-0.114665063894,0.248888382834,0.400752480835,3.05607322466,-1.16237394202,-0.319834994274,92.6044998169,0.447538894866,-0.710616599988,-0.290305864107,0.512349583154,0.869383611534,1.23101958228,-0.191747598486,95.1377639771
20.048855,-0.849825356489,-0.11274758791,0.247737897243,0.401519471229,3.05607322466,-1.16199044682,-0.319834994274,92.6044998169,0.448689380456,-0.710616599988,-0.289538873713,0.511966087957,0.870534097125,1.22450016393,-0.192131093683,95.1377639771
20.058891,-0.849058366095,-0.113514578304,0.248888382834,0.401135976032,3.05645671986,-1.16160695163,-0.319834994274,92.6044998169,0.44945637085,-0.711767085579,-0.289538873713,0.511966087957,0.869767106731,1.21798074558,-0.191747598486,95.1377639771
20.068824,-0.849058366095,-0.113514578304,0.248504887637,0.400752480835,3.05684021506,-1.16160695163,-0.319834994274,92.6044998169,0.452140837229,-0.712150580776,-0.289155378516,0.511199097563,0.870150601928,1.20992734644,-0.192898084077,95.1377639771
20.078787,-0.849058366095,-0.113514578304,0.248504887637,0.401135976032,3.05607322466,-1.16199044682,-0.31906800388,92.6044998169,0.451373846835,-0.71291757117,-0.289538873713,0.510815602366,0.870917592322,1.20417491849,-0.19251458888,95.1377639771
20.088840,-0.849441861292,-0.113514578304,0.248504887637,0.401135976032,3.05645671986,-1.16237394202,-0.319451499077,92.6044998169,0.45329132282,-0.714451551958,-0.290689359304,0.511199097563,0.870917592322,1.19727200494,-0.192131093683,95.1377639771
20.098731,-0.850208851685,-0.1138980735,0.247737897243,0.400752480835,3.05607322466,-1.16199044682,-0.319451499077,92.6044998169,0.45329132282,-0.715602037549,-0.28992236891,0.51158259276,0.870534097125,1.19267006258,-0.192131093683,95.1377639771
20.108689,-0.849058366095,-0.114281568697,0.248504887637,0.401519471229,3.05684021506,-1.16199044682,-0.320218489471,92.6044998169,0.453674818017,-0.716752523139,-0.28992236891,0.510815602366,0.870534097125,1.18806812022,-0.191364103289,95.1377639771
20.118696,-0.849441861292,-0.1138980735,0.24812139244,0.401519471229,3.05645671986,-1.16237394202,-0.320218489471,92.6044998169,0.45329132282,-0.71790300873,-0.28992236891,0.511199097563,0.871684582716,1.18423316825,-0.190597112895,95.1377639771
20.128709,-0.848674870898,-0.113514578304,0.24812139244,0.401519471229,3.05645671986,-1.16160695163,-0.319451499077,92.6044998169,0.453674818017,-0.719436989518,-0.290305864107,0.510815602366,0.871684582716,1.18039821628,-0.186762160925,95.1377639771
20.138685,-0.849058366095,-0.113514578304,0.248888382834,0.402286461623,3.05645671986,-1.16275743722,-0.319834994274,92.6044998169,0.453674818017,-0.721354465503,-0.28992236891,0.510432107169,0.872068077913,1.1773302547,-0.185228180137,95.1377639771
20.148691,-0.849058366095,-0.113131083107,0.248504887637,0.401902966426,3.05607322466,-1.16199044682,-0.319834994274,92.6044998169,0.453674818017,-0.722504951094,-0.290305864107,0.510815602366,0.872068077913,1.17426229313,-0.18484468494,95.1377639771
20.158682,-0.849058366095,-0.114281568697,0.248888382834,0.401902966426,3.05684021506,-1.16237394202,-0.320218489471,92.6044998169,0.454058313214,-0.723271941488,-0.290305864107,0.511199097563,0.873602058701,1.17234481714,-0.18484468494,95.1377639771
20.168671,-0.847907880504,-0.113131083107,0.248504887637,0.400752480835,3.05607322466,-1.16199044682,-0.319451499077,92.6044998169,0.452140837229,-0.72557291267,-0.28992236891,0.51158259276,0.873985553898,1.17004384596,-0.185611675334,95.1377639771
20.178672,-0.849441861292,-0.1138980735,0.247737897243,0.401519471229,3.05645671986,-1.16275743722,-0.320218489471,92.6044998169,0.451373846835,-0.726723398261,-0.289155378516,0.511199097563,0.874369049095,1.17004384596,-0.18484468494,95.1377639771
20.188772,-0.849058366095,-0.113514578304,0.248504887637,0.401519471229,3.05568972947,-1.16160695163,-0.319834994274,92.6044998169,0.450606856441,-0.72940786464,-0.28992236891,0.511966087957,0.875903029883,1.16966035076,-0.18484468494,95.1377639771
20.198820,-0.847907880504,-0.1138980735,0.248888382834,0.401519471229,3.05568972947,-1.16122345643,-0.319834994274,92.6044998169,0.450606856441,-0.731325340624,-0.290305864107,0.511966087957,0.875903029883,1.16966035076,-0.18484468494,95.1377639771
20.208903,-0.848291375701,-0.114281568697,0.248888382834,0.400368985638,3.05607322466,-1.16199044682,-0.319451499077,92.6044998169,0.44945637085,-0.733242816609,-0.290305864107,0.511966087957,0.877053515473,1.17042734116,-0.18484468494,95.1377639771
20.218983,-0.849058366095,-0.114281568697,0.248504887637,0.401135976032,3.05607322466,-1.16237394202,-0.319451499077,92.6044998169,0.449072875653,-0.735543787791,-0.28992236891,0.511966087957,0.87743701067,1.17196132194,-0.184077694546,95.1377639771
20.228952,-0.849441861292,-0.1138980735,0.247737897243,0.401902966426,3.05607322466,-1.16160695163,-0.319834994274,92.6044998169,0.446771904472,-0.738611749367,-0.28992236891,0.513116573548,0.878587496261,1.17311180754,-0.184461189743,95.1377639771
20.238945,-0.848674870898,-0.114281568697,0.24812139244,0.401135976032,3.05722371026,-1.16275743722,-0.319834994274,92.6044998169,0.445621418881,-0.741679710943,-0.289538873713,0.513883563942,0.878587496261,1.17579627391,-0.187529151319,95.1377639771
20.249015,-0.849058366095,-0.1138980735,0.24812139244,0.401902966426,3.05607322466,-1.16160695163,-0.320218489471,92.6044998169,0.443320447699,-0.743980682124,-0.289538873713,0.513883563942,0.878970991458,1.1773302547,-0.191364103289,95.1377639771
20.258967,-0.849441861292,-0.1138980735,0.248504887637,0.401135976032,3.05684021506,-1.16199044682,-0.319451499077,92.6044998169,0.442553457305,-0.747432138897,-0.28992236891,0.513883563942,0.878970991458,1.17963122588,-0.191747598486,95.1377639771
20.268920,-0.848674870898,-0.114281568697,0.248504887637,0.401519471229,3.05607322466,-1.16237394202,-0.319451499077,92.6044998169,0.440252486123,-0.750116605276,-0.289538873713,0.513116573548,0.878970991458,1.18269918746,-0.190980608092,95.1377639771
20.278910,-0.848291375701,-0.113514578304,0.248504887637,0.401135976032,3.05568972947,-1.16237394202,-0.319834994274,92.6044998169,0.439102000532,-0.754335052443,-0.28992236891,0.513500068745,0.879737981852,1.18653413943,-0.191364103289,95.1377639771
20.288922,-0.848291375701,-0.114281568697,0.247737897243,0.401902966426,3.05607322466,-1.16122345643,-0.319451499077,92.6044998169,0.437568019744,-0.757786509215,-0.28992236891,0.514267059139,0.878970991458,1.1903690914,-0.190980608092,95.1377639771
20.298820,-0.848674870898,-0.114281568697,0.24812139244,0.401135976032,3.05607322466,-1.16199044682,-0.320218489471,92.6044998169,0.435267048562,-0.761237965988,-0.28992236891,0.513116573548,0.877820505867,1.19420404337,-0.190980608092,95.1377639771
20.308724,-0.848291375701,-0.1138980735,0.248504887637,0.400752480835,3.05645671986,-1.16160695163,-0.31906800388,92.6044998169,0.433733067775,-0.765839908352,-0.28992236891,0.513116573548,0.877820505867,1.19918948093,-0.192131093683,95.1377639771
20.318706,-0.848291375701,-0.114281568697,0.248504887637,0.401519471229,3.05607322466,-1.16160695163,-0.319834994274,92.6044998169,0.431432096593,-0.770058355518,-0.290689359304,0.511966087957,0.876670020277,1.20494190888,-0.192131093683,95.1377639771
20.328695,-0.848291375701,-0.114665063894,0.248888382834,0.401902966426,3.05607322466,-1.16199044682,-0.320218489471,92.6044998169,0.428747630214,-0.774276802685,-0.290305864107,0.513500068745,0.875903029883,1.21107783204,-0.191364103289,95.1377639771
20.338705,-0.849058366095,-0.113131083107,0.248504887637,0.401519471229,3.05645671986,-1.16199044682,-0.320218489471,92.6044998169,0.426830154229,-0.778111754655,-0.28992236891,0.513116573548,0.874752544292,1.21798074558,-0.192131093683,95.1377639771
20.348754,-0.849058366095,-0.114281568697,0.248888382834,0.401135976032,3.05568972947,-1.16160695163,-0.319451499077,92.6044998169,0.426063163835,-0.783097192216,-0.289538873713,0.512349583154,0.874752544292,1.22181569755,-0.191747598486,95.1377639771
20.358713,-0.849441861292,-0.114281568697,0.248504887637,0.401135976032,3.05645671986,-1.16237394202,-0.31906800388,92.6044998169,0.42414568785,-0.788082629776,-0.290305864107,0.513883563942,0.873602058701,1.2287186111,-0.190980608092,95.1377639771
20.368690,-0.849058366095,-0.1138980735,0.247737897243,0.400752480835,3.05607322466,-1.16199044682,-0.31906800388,92.6044998169,0.422995202259,-0.79268457214,-0.290689359304,0.513116573548,0.87245157311,1.23562152464,-0.191364103289,95.1377639771
20.378687,-0.848291375701,-0.114281568697,0.248504887637,0.400368985638,3.05568972947,-1.16237394202,-0.31906800388,92.6044998169,0.421844716668,-0.798437000094,-0.290305864107,0.513500068745,0.871301087519,1.2413739526,-0.190980608092,95.1377639771
20.388731,-0.849825356489,-0.1138980735,0.248504887637,0.401519471229,3.05645671986,-1.16199044682,-0.320601984668,92.6044998169,0.419543745487,-0.802655447261,-0.290689359304,0.513116573548,0.869767106731,1.24904385654,-0.189830122501,95.1377639771
20.398688,-0.850208851685,-0.114281568697,0.248888382834,0.401519471229,3.05645671986,-1.16160695163,-0.319834994274,92.6044998169,0.417242774305,-0.807257389625,-0.28992236891,0.513116573548,0.866699145155,1.25633026528,-0.189830122501,95.1377639771
20.408664,-0.848674870898,-0.115048559091,0.24812139244,0.401135976032,3.05568972947,-1.16199044682,-0.31906800388,92.6044998169,0.416475783911,-0.812626322382,-0.28992236891,0.513116573548,0.864398173973,1.26284968363,-0.190597112895,95.1377639771
20.418680,-0.848674870898,-0.114665063894,0.248504887637,0.401135976032,3.05645671986,-1.16237394202,-0.320218489471,92.6044998169,0.41532529832,-0.819145740731,-0.291072854501,0.512349583154,0.860563222004,1.27090308276,-0.189446627304,95.1377639771
20.428664,-0.847907880504,-0.114665063894,0.248888382834,0.401902966426,3.05645671986,-1.16237394202,-0.319834994274,92.6044998169,0.413024327138,-0.822980692701,-0.291456349698,0.513116573548,0.857495260428,1.2793399771,-0.187912646516,95.1377639771
20.438701,-0.849441861292,-0.1138980735,0.248504887637,0.400752480835,3.05645671986,-1.16275743722,-0.319834994274,92.6044998169,0.411873841547,-0.829116615852,-0.290689359304,0.513500068745,0.853660308458,1.28700988104,-0.189830122501,95.1377639771
20.448701,-0.848674870898,-0.113514578304,0.24812139244,0.401519471229,3.05645671986,-1.16237394202,-0.319834994274,92.6044998169,0.410723355956,-0.834102053413,-0.291456349698,0.512349583154,0.848674870898,1.29506328017,-0.189830122501,95.1377639771
20.458663,-0.849058366095,-0.114281568697,0.24812139244,0.401135976032,3.05607322466,-1.16275743722,-0.320218489471,92.6044998169,0.410339860759,-0.83947098617,-0.292606835289,0.513500068745,0.843689433337,1.30311667931,-0.18867963691,95.1377639771
20.468654,-0.849441861292,-0.113514578304,0.24812139244,0.400368985638,3.05684021506,-1.16199044682,-0.319451499077,92.6044998169,0.408422384774,-0.844456423731,-0.292606835289,0.512349583154,0.837553510185,1.31155357364,-0.18867963691,95.1377639771
20.478669,-0.849058366095,-0.1138980735,0.24812139244,0.400752480835,3.05568972947,-1.16199044682,-0.319834994274,92.6044998169,0.406888403987,-0.850208851685,-0.292990330486,0.512349583154,0.83065059664,1.32037396317,-0.18867963691,95.1377639771
20.488658,-0.850208851685,-0.114281568697,0.248888382834,0.401135976032,3.05530623427,-1.16160695163,-0.320218489471,92.6044998169,0.406121413593,-0.855577784443,-0.29375732088,0.511966087957,0.824514673488,1.3291943527,-0.187529151319,95.1377639771
20.498671,-0.848291375701,-0.114665063894,0.248888382834,0.400752480835,3.05607322466,-1.16199044682,-0.319834994274,92.6044998169,0.405737918396,-0.860563222004,-0.29375732088,0.513500068745,0.817228264746,1.33724775184,-0.182927208955,95.1377639771
20.508656,-0.849058366095,-0.1138980735,0.248888382834,0.400752480835,3.05645671986,-1.16199044682,-0.319451499077,92.6044998169,0.404970928002,-0.865932154761,-0.295291301668,0.512349583154,0.809558360807,1.34606814137,-0.179092256986,95.1377639771
20.518670,-0.848674870898,-0.1138980735,0.248888382834,0.400752480835,3.05607322466,-1.16199044682,-0.320218489471,92.6044998169,0.403820442411,-0.872068077913,-0.295291301668,0.513116573548,0.80150496167,1.3548885309,-0.178325266592,95.1377639771
20.528672,-0.849825356489,-0.113514578304,0.248888382834,0.400752480835,3.05568972947,-1.16275743722,-0.319451499077,92.6044998169,0.403053452017,-0.875903029883,-0.296058292062,0.512349583154,0.79268457214,1.36370892043,-0.177941771395,95.1377639771
20.538668,-0.849441861292,-0.1138980735,0.24812139244,0.401519471229,3.05645671986,-1.16237394202,-0.319451499077,92.6044998169,0.40266995682,-0.88127196264,-0.296441787259,0.513500068745,0.782330201822,1.37214581476,-0.177174781001,95.1377639771
20.548679,-0.849058366095,-0.1138980735,0.24812139244,0.401519471229,3.05684021506,-1.16199044682,-0.319834994274,92.6044998169,0.40266995682,-0.887024390595,-0.296441787259,0.513500068745,0.773126317094,1.37943222351,-0.177174781001,95.1377639771
20.558661,-0.848291375701,-0.114281568697,0.248888382834,0.401519471229,3.05645671986,-1.16160695163,-0.31906800388,92.6044998169,0.401902966426,-0.893160313746,-0.297208777653,0.512349583154,0.76353893717,1.38940309863,-0.173723324228,95.1377639771
20.568658,-0.848291375701,-0.11274758791,0.248504887637,0.402286461623,3.05607322466,-1.16199044682,-0.31906800388,92.6044998169,0.402286461623,-0.896995265716,-0.297975768047,0.512349583154,0.753951557246,1.39553902178,-0.172956333834,95.1377639771
20.578672,-0.849058366095,-0.113131083107,0.24812139244,0.401519471229,3.05607322466,-1.16237394202,-0.320218489471,92.6044998169,0.401519471229,-0.90159720808,-0.29759227285,0.512349583154,0.742446701337,1.40320892572,-0.17218934344,95.1377639771
20.588675,-0.847907880504,-0.11274758791,0.248504887637,0.401902966426,3.05568972947,-1.16199044682,-0.31906800388,92.6044998169,0.401519471229,-0.90658264564,-0.299126253638,0.51158259276,0.733626311806,1.41049533446,-0.170655362652,95.1377639771
20.598697,-0.848291375701,-0.113514578304,0.248888382834,0.401135976032,3.05684021506,-1.16199044682,-0.319451499077,92.6044998169,0.401519471229,-0.911184588004,-0.298742758441,0.513116573548,0.723655436685,1.4181652384,-0.169504877061,95.1377639771
20.608683,-0.848291375701,-0.113131083107,0.24812139244,0.401519471229,3.05568972947,-1.16160695163,-0.319834994274,92.6044998169,0.401135976032,-0.915786530368,-0.299126253638,0.511966087957,0.713684561564,1.42391766635,-0.166436915486,95.1377639771
20.618681,-0.848674870898,-0.113131083107,0.248504887637,0.401135976032,3.05607322466,-1.16160695163,-0.319451499077,92.6044998169,0.401519471229,-0.91923798714,-0.299126253638,0.512349583154,0.702179705655,1.4308205799,-0.163752449107,95.1377639771
20.628693,-0.848674870898,-0.113131083107,0.248504887637,0.401519471229,3.05645671986,-1.16160695163,-0.320218489471,92.6044998169,0.401519471229,-0.924606919898,-0.299126253638,0.513500068745,0.693359316124,1.43657300785,-0.161067982728,95.1377639771
20.638723,-0.848674870898,-0.113131083107,0.248888382834,0.401902966426,3.05645671986,-1.16160695163,-0.319834994274,92.6044998169,0.401135976032,-0.928825367065,-0.297975768047,0.512349583154,0.682621450609,1.44155844542,-0.160300992334,95.1377639771
20.648915,-0.849058366095,-0.11274758791,0.248504887637,0.401519471229,3.05684021506,-1.16275743722,-0.319834994274,92.6044998169,0.402286461623,-0.933427309428,-0.299126253638,0.512349583154,0.673034070685,1.44846135896,-0.159917497137,95.1377639771
20.659017,-0.848674870898,-0.113131083107,0.24812139244,0.401519471229,3.05568972947,-1.16199044682,-0.320218489471,92.6044998169,0.401519471229,-0.937262261398,-0.299509748835,0.512349583154,0.66344669076,1.45267980613,-0.160300992334,95.1377639771
20.668864,-0.848674870898,-0.113514578304,0.247737897243,0.401519471229,3.05684021506,-1.16275743722,-0.319451499077,92.6044998169,0.401902966426,-0.941097213368,-0.299126253638,0.512349583154,0.655009796427,1.45728174849,-0.15953400194,95.1377639771
20.678826,-0.848674870898,-0.112364092713,0.24812139244,0.401902966426,3.05645671986,-1.16314093241,-0.319451499077,92.6044998169,0.401519471229,-0.944932165337,-0.298359263244,0.513116573548,0.644655426109,1.46341767164,-0.156849535561,95.1377639771
20.688786,-0.848674870898,-0.113131083107,0.247737897243,0.401519471229,3.05645671986,-1.16237394202,-0.319451499077,92.6044998169,0.401135976032,-0.948767117307,-0.299126253638,0.512349583154,0.635451541382,1.4691700996,-0.153781573986,95.1377639771
20.698797,-0.849058366095,-0.113514578304,0.24812139244,0.401902966426,3.05645671986,-1.16199044682,-0.31906800388,92.6044998169,0.401135976032,-0.95221857408,-0.298742758441,0.513116573548,0.627014647048,1.47453903235,-0.152631088395,95.1377639771
20.708760,-0.848674870898,-0.113131083107,0.24812139244,0.401902966426,3.05645671986,-1.16160695163,-0.320218489471,92.6044998169,0.401902966426,-0.955286535656,-0.299893244032,0.513116573548,0.618577752715,1.47990796511,-0.150330117213,95.1377639771
20.718786,-0.848674870898,-0.11274758791,0.247737897243,0.401135976032,3.05607322466,-1.16122345643,-0.320218489471,92.6044998169,0.402286461623,-0.958737992428,-0.299509748835,0.513883563942,0.610907848775,1.48566039307,-0.148796136425,95.1377639771
20.728798,-0.848291375701,-0.113131083107,0.248504887637,0.401135976032,3.05607322466,-1.16160695163,-0.319451499077,92.6044998169,0.401902966426,-0.962189449201,-0.299509748835,0.513883563942,0.602087459245,1.49217981142,-0.14687866044,95.1377639771
20.738787,-0.849058366095,-0.113131083107,0.24812139244,0.401135976032,3.05684021506,-1.16160695163,-0.319451499077,92.6044998169,0.401519471229,-0.966024401171,-0.299509748835,0.513883563942,0.594034060109,1.49831573457,-0.145728174849,95.1377639771
20.748767,-0.849441861292,-0.11274758791,0.248504887637,0.401135976032,3.05607322466,-1.16122345643,-0.319834994274,92.6044998169,0.401135976032,-0.969092362747,-0.299126253638,0.514267059139,0.586364156169,1.50445165772,-0.144577689258,95.1377639771
20.758770,-0.849441861292,-0.113514578304,0.248504887637,0.401519471229,3.05645671986,-1.16122345643,-0.319451499077,92.6044998169,0.401902966426,-0.972160324322,-0.299126253638,0.514650554336,0.579461242624,1.51058758087,-0.143810698864,95.1377639771
20.768771,-0.849058366095,-0.113131083107,0.248888382834,0.400752480835,3.05607322466,-1.16045646604,-0.319451499077,92.6044998169,0.400368985638,-0.974844790701,-0.299509748835,0.515417544729,0.571407843487,1.51749049442,-0.143810698864,95.1377639771
20.778801,-0.848674870898,-0.11274758791,0.248504887637,0.401519471229,3.05645671986,-1.16199044682,-0.319834994274,92.6044998169,0.400752480835,-0.978296247474,-0.299509748835,0.514650554336,0.564504929942,1.52362641757,-0.142660213273,95.1377639771
20.788791,-0.849058366095,-0.112364092713,0.24812139244,0.400752480835,3.05568972947,-1.16199044682,-0.319834994274,92.6044998169,0.400368985638,-0.98136420905,-0.299893244032,0.515417544729,0.557985511593,1.5324468071,-0.142660213273,95.1377639771
20.798942,-0.848674870898,-0.113514578304,0.24812139244,0.401519471229,3.05568972947,-1.16199044682,-0.319834994274,92.6044998169,0.400368985638,-0.984048675428,-0.300276739229,0.515801039926,0.551466093245,1.53973321584,-0.142276718076,95.1377639771
20.808976,-0.849058366095,-0.113131083107,0.248888382834,0.400752480835,3.05568972947,-1.16199044682,-0.319834994274,92.6044998169,0.399985490441,-0.987116637004,-0.301427224819,0.516951525517,0.545330170093,1.54778661498,-0.141893222879,95.1377639771
20.818936,-0.849441861292,-0.113514578304,0.248504887637,0.401519471229,3.05607322466,-1.16314093241,-0.31906800388,92.6044998169,0.399985490441,-0.989801103383,-0.301427224819,0.516951525517,0.538043761351,1.5569904997,-0.141509727682,95.1377639771
20.828903,-0.849058366095,-0.113131083107,0.248504887637,0.400752480835,3.05607322466,-1.16199044682,-0.320218489471,92.6044998169,0.399218500047,-0.991335084171,-0.301810720016,0.517718515911,0.531907838199,1.56427690845,-0.140742737288,95.1377639771
20.838910,-0.849058366095,-0.113131083107,0.24812139244,0.401135976032,3.05645671986,-1.16160695163,-0.319834994274,92.6044998169,0.398451509653,-0.994403045747,-0.301810720016,0.517335020714,0.525388419851,1.57386428837,-0.141126232485,95.1377639771
20.848850,-0.848674870898,-0.113131083107,0.248504887637,0.400752480835,3.05645671986,-1.16160695163,-0.319451499077,92.6044998169,0.399218500047,-0.997087512126,-0.301043729623,0.519252496699,0.518869001502,1.5826846779,-0.140742737288,95.1377639771
20.858816,-0.849058366095,-0.11274758791,0.248504887637,0.401135976032,3.05645671986,-1.16160695163,-0.320218489471,92.6044998169,0.398068014456,-0.999388483307,-0.302961205607,0.519635991896,0.512733078351,1.59265555302,-0.140742737288,95.1377639771
20.868811,-0.848674870898,-0.113131083107,0.24812139244,0.400752480835,3.05645671986,-1.16160695163,-0.31906800388,92.6044998169,0.398068014456,-1.00207294969,-0.303344700804,0.520786477487,0.508131135987,1.60262642814,-0.140359242092,95.1377639771
20.878805,-0.849825356489,-0.112364092713,0.248888382834,0.401135976032,3.05607322466,-1.16199044682,-0.319451499077,92.6044998169,0.397301024062,-1.00437392087,-0.304111691198,0.521936963078,0.502762203229,1.61259730326,-0.141893222879,95.1377639771
20.888882,-0.848674870898,-0.11274758791,0.247737897243,0.401135976032,3.05568972947,-1.16275743722,-0.31906800388,92.6044998169,0.396917528865,-1.00629139685,-0.305262176789,0.522320458275,0.497776765669,1.62218468319,-0.141509727682,95.1377639771
20.898742,-0.849825356489,-0.11274758791,0.24812139244,0.401135976032,3.05568972947,-1.16199044682,-0.320218489471,92.6044998169,0.395767043274,-1.00935935843,-0.306029167183,0.522703953472,0.492791328108,1.63215555831,-0.140359242092,95.1377639771
20.908712,-0.849058366095,-0.113131083107,0.247737897243,0.401135976032,3.05607322466,-1.16314093241,-0.319451499077,92.6044998169,0.395767043274,-1.01089333922,-0.305645671986,0.52423793426,0.488189385745,1.64289342383,-0.140742737288,95.1377639771
20.918727,-0.849441861292,-0.113131083107,0.248888382834,0.401135976032,3.05684021506,-1.16237394202,-0.319834994274,92.6044998169,0.394233062487,-1.01396130079,-0.306029167183,0.525004924654,0.483970938578,1.65286429895,-0.141126232485,95.1377639771
20.928730,-0.849441861292,-0.112364092713,0.248504887637,0.401519471229,3.05607322466,-1.16237394202,-0.319834994274,92.6044998169,0.394233062487,-1.01626227197,-0.306796157577,0.526538905442,0.479752491411,1.66283517407,-0.141126232485,95.1377639771
20.938712,-0.849441861292,-0.11274758791,0.248504887637,0.400752480835,3.05568972947,-1.16160695163,-0.319834994274,92.6044998169,0.393082576896,-1.01817974796,-0.307946643168,0.528456381427,0.475917539441,1.67280604919,-0.140742737288,95.1377639771
20.948733,-0.849825356489,-0.112364092713,0.248888382834,0.401519471229,3.05568972947,-1.16237394202,-0.319834994274,92.6044998169,0.393082576896,-1.02048071914,-0.307946643168,0.529606867017,0.473233073063,1.68162643872,-0.140742737288,95.1377639771
20.958702,-0.849441861292,-0.112364092713,0.248504887637,0.402286461623,3.05645671986,-1.16160695163,-0.320218489471,92.6044998169,0.391165100911,-1.02316518552,-0.309097128759,0.530373857411,0.470548606684,1.69083032345,-0.141893222879,95.1377639771
20.968727,-0.849441861292,-0.112364092713,0.248504887637,0.401519471229,3.05645671986,-1.16275743722,-0.319451499077,92.6044998169,0.389631120123,-1.0250826615,-0.309864119153,0.531907838199,0.468631130699,1.70080119857,-0.141509727682,95.1377639771
20.978726,-0.849825356489,-0.112364092713,0.248504887637,0.401902966426,3.05645671986,-1.16199044682,-0.319834994274,92.6044998169,0.389247624926,-1.02738363269,-0.309864119153,0.53305832379,0.466330159517,1.7088545977,-0.140359242092,95.1377639771
20.988723,-0.848291375701,-0.112364092713,0.247737897243,0.401519471229,3.05684021506,-1.16199044682,-0.319834994274,92.6044998169,0.387713644138,-1.02968460387,-0.310631109547,0.534975799775,0.463645693138,1.71690799684,-0.141126232485,95.1377639771
20.998730,-0.849058366095,-0.11274758791,0.248504887637,0.401902966426,3.05607322466,-1.16275743722,-0.320218489471,92.6044998169,0.387330148941,-1.03236907025,-0.312165090335,0.537276770957,0.461728217154,1.72726236716,-0.140742737288,95.1377639771
21.008706,-0.849825356489,-0.113131083107,0.248504887637,0.401135976032,3.05607322466,-1.16275743722,-0.320218489471,92.6044998169,0.386946653744,-1.03428654623,-0.311781595138,0.538810751745,0.460577731563,1.73646625189,-0.141893222879,95.1377639771
21.018707,-0.848291375701,-0.113131083107,0.247737897243,0.401519471229,3.05607322466,-1.16199044682,-0.319834994274,92.6044998169,0.385796168153,-1.03658751741,-0.312548585532,0.541111722927,0.459427245972,1.74375266063,-0.141509727682,95.1377639771
21.028711,-0.849441861292,-0.113131083107,0.247737897243,0.401135976032,3.05568972947,-1.16237394202,-0.319451499077,92.6044998169,0.385029177759,-1.0388884886,-0.313315575926,0.541878713321,0.457893265184,1.75103906937,-0.141126232485,95.1377639771
21.038718,-0.849441861292,-0.11274758791,0.247737897243,0.400752480835,3.05684021506,-1.16237394202,-0.320601984668,92.6044998169,0.382728206577,-1.04042246938,-0.313699071123,0.544179684502,0.457509769987,1.75832547811,-0.141509727682,95.1377639771
21.048703,-0.849441861292,-0.112364092713,0.248504887637,0.401135976032,3.05607322466,-1.16199044682,-0.319451499077,92.6044998169,0.38234471138,-1.04387392616,-0.314849556713,0.546097160487,0.456742779593,1.76484489646,-0.141509727682,95.1377639771
21.058724,-0.849441861292,-0.11274758791,0.247737897243,0.401135976032,3.05645671986,-1.16199044682,-0.318301013486,92.6044998169,0.380810730593,-1.04617489734,-0.316000042304,0.548781626866,0.456359284396,1.77098081961,-0.140742737288,95.1377639771
21.068719,-0.849058366095,-0.111980597516,0.24812139244,0.401135976032,3.05645671986,-1.16237394202,-0.320218489471,92.6044998169,0.380043740199,-1.04847586852,-0.316767032698,0.550315607654,0.456359284396,1.77673324757,-0.141126232485,95.1377639771
21.078716,-0.849058366095,-0.11274758791,0.248504887637,0.401135976032,3.05568972947,-1.16199044682,-0.31906800388,92.6044998169,0.378893254608,-1.0515438301,-0.317534023092,0.552233083639,0.455975789199,1.78248567552,-0.140742737288,95.1377639771
21.088734,-0.849441861292,-0.11274758791,0.248504887637,0.401135976032,3.05645671986,-1.16199044682,-0.31906800388,92.6044998169,0.37735927382,-1.05461179167,-0.317917518289,0.554534054821,0.453674818017,1.78747111308,-0.141509727682,95.1377639771
21.098725,-0.849058366095,-0.112364092713,0.248504887637,0.401135976032,3.05568972947,-1.16275743722,-0.319834994274,92.6044998169,0.376975778623,-1.05806324844,-0.318684508683,0.556835026002,0.45329132282,1.79284004584,-0.141509727682,95.1377639771
21.108715,-0.849058366095,-0.112364092713,0.248888382834,0.401902966426,3.05568972947,-1.16237394202,-0.320218489471,92.6044998169,0.375441797835,-1.05959722923,-0.31906800388,0.559902987578,0.45329132282,1.79667499781,-0.141126232485,95.1377639771
21.118729,-0.849441861292,-0.11274758791,0.248504887637,0.401519471229,3.05684021506,-1.16122345643,-0.31906800388,92.6044998169,0.374674807441,-1.0634321812,-0.320985479865,0.561053473169,0.452907827623,1.80012645458,-0.141126232485,95.1377639771
21.128717,-0.849441861292,-0.112364092713,0.248504887637,0.401519471229,3.05607322466,-1.16199044682,-0.31906800388,92.6044998169,0.372757331456,-1.06573315238,-0.322135965456,0.562970949154,0.452524332426,1.80357791136,-0.140742737288,95.1377639771
21.138716,-0.849441861292,-0.11274758791,0.24812139244,0.401135976032,3.05607322466,-1.16160695163,-0.319834994274,92.6044998169,0.370839855471,-1.06880111396,-0.32290295585,0.565655415533,0.452140837229,1.80664587293,-0.141509727682,95.1377639771
21.148699,-0.848674870898,-0.112364092713,0.248504887637,0.401135976032,3.05607322466,-1.16199044682,-0.320218489471,92.6044998169,0.370456360274,-1.07340305632,-0.323669946244,0.567189396321,0.452140837229,1.80971383451,-0.141509727682,95.1377639771
21.158724,-0.847907880504,-0.1138980735,0.24812139244,0.401135976032,3.05607322466,-1.16160695163,-0.320218489471,92.6044998169,0.368922379486,-1.0764710179,-0.324820431835,0.569873862699,0.451373846835,1.81201480569,-0.141126232485,95.1377639771
21.168716,-0.848674870898,-0.111980597516,0.248504887637,0.400368985638,3.05607322466,-1.16160695163,-0.319451499077,92.6044998169,0.368155389092,-1.08030596987,-0.326354412623,0.572174833881,0.450223361244,1.81431577687,-0.141893222879,95.1377639771
21.178707,-0.847907880504,-0.112364092713,0.248504887637,0.400752480835,3.05607322466,-1.16160695163,-0.319834994274,92.6044998169,0.366237913108,-1.08375742664,-0.325970917426,0.575242795457,0.44945637085,1.81661674805,-0.142276718076,95.1377639771
21.188716,-0.849058366095,-0.11274758791,0.247737897243,0.401519471229,3.05645671986,-1.16199044682,-0.320601984668,92.6044998169,0.365470922714,-1.08759237861,-0.327121403017,0.576776776245,0.448689380456,1.81815072884,-0.141509727682,95.1377639771
21.198699,-0.848674870898,-0.11274758791,0.24812139244,0.400368985638,3.05607322466,-1.16199044682,-0.319834994274,92.6044998169,0.362786456335,-1.09219432097,-0.328271888607,0.579844737821,0.447922390063,1.81891771924,-0.142660213273,95.1377639771
21.208715,-0.848291375701,-0.112364092713,0.248888382834,0.400752480835,3.05607322466,-1.16275743722,-0.319451499077,92.6044998169,0.362786456335,-1.09641276814,-0.329038879001,0.582145709003,0.446771904472,1.82083519522,-0.141509727682,95.1377639771
21.218729,-0.848674870898,-0.112364092713,0.247737897243,0.401519471229,3.05645671986,-1.16199044682,-0.319451499077,92.6044998169,0.36086898035,-1.1010147105,-0.329422374198,0.585213670578,0.446004914078,1.82198568081,-0.141893222879,95.1377639771
21.228736,-0.849058366095,-0.11274758791,0.247737897243,0.401135976032,3.05684021506,-1.16237394202,-0.319834994274,92.6044998169,0.358568009168,-1.10561665287,-0.330956354986,0.587898136957,0.444087438093,1.8227526712,-0.141509727682,95.1377639771
21.238713,-0.848674870898,-0.111980597516,0.24812139244,0.401135976032,3.05645671986,-1.16160695163,-0.319834994274,92.6044998169,0.35703402838,-1.11021859523,-0.330956354986,0.589432117745,0.443703942896,1.82198568081,-0.141893222879,95.1377639771
21.248719,-0.849058366095,-0.112364092713,0.249271878031,0.401519471229,3.05568972947,-1.16122345643,-0.320218489471,92.6044998169,0.355500047592,-1.11520403279,-0.332106840577,0.592883574518,0.442553457305,1.8235196616,-0.142660213273,95.1377639771
21.258716,-0.849058366095,-0.11274758791,0.248504887637,0.401135976032,3.05645671986,-1.16199044682,-0.319834994274,92.6044998169,0.353582571608,-1.11903898476,-0.332873830971,0.595568040897,0.441019476517,1.8235196616,-0.142660213273,95.1377639771
21.268719,-0.848674870898,-0.113131083107,0.248504887637,0.401519471229,3.05645671986,-1.16199044682,-0.319834994274,92.6044998169,0.351665095623,-1.12440791752,-0.333257326168,0.598252507275,0.440252486123,1.8231361664,-0.143427203667,95.1377639771
21.278680,-0.848291375701,-0.111980597516,0.24812139244,0.400752480835,3.05607322466,-1.16160695163,-0.319834994274,92.6044998169,0.350131114835,-1.12862636469,-0.332490335774,0.600936973654,0.439485495729,1.8227526712,-0.144961184455,95.1377639771
21.288667,-0.848674870898,-0.112364092713,0.248504887637,0.400752480835,3.05568972947,-1.16237394202,-0.320601984668,92.6044998169,0.348980629244,-1.13476228784,-0.333257326168,0.603621440033,0.437184524547,1.8235196616,-0.144577689258,95.1377639771
21.298670,-0.849058366095,-0.11274758791,0.248888382834,0.401135976032,3.05645671986,-1.16237394202,-0.319834994274,92.6044998169,0.347063153259,-1.1397477254,-0.333640821365,0.606689401609,0.434883553366,1.8231361664,-0.145728174849,95.1377639771
21.308670,-0.847907880504,-0.11274758791,0.24812139244,0.401902966426,3.05607322466,-1.16237394202,-0.320218489471,92.6044998169,0.345912667668,-1.14511665816,-0.334791306956,0.609757363184,0.433733067775,1.8231361664,-0.146495165243,95.1377639771
21.318666,-0.849825356489,-0.111980597516,0.24812139244,0.401135976032,3.05645671986,-1.16237394202,-0.319834994274,92.6044998169,0.34437868688,-1.15048559091,-0.334791306956,0.613592315154,0.432199086987,1.82236917601,-0.149179631622,95.1377639771
21.328668,-0.848674870898,-0.11274758791,0.248504887637,0.400752480835,3.05645671986,-1.16237394202,-0.320218489471,92.6044998169,0.342844706092,-1.15508753328,-0.335174802153,0.615509791139,0.430281611002,1.8231361664,-0.150330117213,95.1377639771
21.338701,-0.849058366095,-0.113131083107,0.248504887637,0.401519471229,3.05684021506,-1.16199044682,-0.319834994274,92.6044998169,0.340927230108,-1.16122345643,-0.335174802153,0.619344743109,0.429514620608,1.8235196616,-0.152247593198,95.1377639771
21.348721,-0.848674870898,-0.112364092713,0.248504887637,0.401519471229,3.05607322466,-1.16237394202,-0.319834994274,92.6044998169,0.339776744517,-1.16620889399,-0.335174802153,0.622412704685,0.426830154229,1.8239031568,-0.15569904997,95.1377639771
21.358719,-0.849058366095,-0.111980597516,0.248504887637,0.400368985638,3.05568972947,-1.16237394202,-0.31906800388,92.6044998169,0.337475773335,-1.17119433155,-0.334791306956,0.624713675866,0.424529183047,1.8239031568,-0.158383516349,95.1377639771
21.368693,-0.849058366095,-0.11274758791,0.24812139244,0.400752480835,3.05568972947,-1.16237394202,-0.320218489471,92.6044998169,0.336325287744,-1.17694675951,-0.334791306956,0.62931561823,0.421844716668,1.8239031568,-0.161834973122,95.1377639771
21.378699,-0.848674870898,-0.113131083107,0.248504887637,0.400368985638,3.05607322466,-1.16160695163,-0.319834994274,92.6044998169,0.33555829735,-1.18193219707,-0.336325287744,0.632000084609,0.421077726275,1.82428665199,-0.164519439501,95.1377639771
21.388744,-0.849058366095,-0.11274758791,0.248504887637,0.401519471229,3.05607322466,-1.16160695163,-0.318684508683,92.6044998169,0.333640821365,-1.18768462502,-0.337092278138,0.634301055791,0.41916025029,1.8239031568,-0.168737886667,95.1377639771
21.398719,-0.848674870898,-0.112364092713,0.249271878031,0.400368985638,3.05607322466,-1.16160695163,-0.319834994274,92.6044998169,0.333640821365,-1.19343705297,-0.336325287744,0.63813600776,0.417242774305,1.82428665199,-0.171422353046,95.1377639771
21.408724,-0.849058366095,-0.111980597516,0.24812139244,0.401902966426,3.05645671986,-1.16160695163,-0.320218489471,92.6044998169,0.33172334538,-1.19803899534,-0.337092278138,0.641203969336,0.413791317532,1.8239031568,-0.175640800213,95.1377639771
21.418719,-0.849058366095,-0.11274758791,0.248504887637,0.401902966426,3.05684021506,-1.16160695163,-0.320601984668,92.6044998169,0.33172334538,-1.20417491849,-0.337475773335,0.643888435715,0.411106851153,1.8235196616,-0.180626237774,95.1377639771
21.428718,-0.849058366095,-0.11274758791,0.24812139244,0.401902966426,3.05607322466,-1.16160695163,-0.319834994274,92.6044998169,0.330189364592,-1.20877686085,-0.337859268532,0.647339892488,0.409189375168,1.82428665199,-0.185228180137,95.1377639771
21.438713,-0.849058366095,-0.112364092713,0.247737897243,0.401519471229,3.05607322466,-1.16160695163,-0.319834994274,92.6044998169,0.329422374198,-1.21376229841,-0.339009754123,0.650407854063,0.405354423199,1.82467014719,-0.189446627304,95.1377639771
21.448740,-0.848674870898,-0.11274758791,0.248504887637,0.400752480835,3.05607322466,-1.16199044682,-0.31906800388,92.6044998169,0.329038879001,-1.21913123117,-0.340543734911,0.653092320442,0.40266995682,1.82428665199,-0.194048569668,95.1377639771
21.458717,-0.849441861292,-0.11274758791,0.248504887637,0.401135976032,3.05607322466,-1.16199044682,-0.320601984668,92.6044998169,0.327888393411,-1.22334967834,-0.341694220501,0.655776786821,0.398451509653,1.8239031568,-0.198650512031,95.1377639771
21.468720,-0.848291375701,-0.111980597516,0.248504887637,0.401902966426,3.05645671986,-1.16275743722,-0.319451499077,92.6044998169,0.326354412623,-1.22718463031,-0.342844706092,0.658844748397,0.39500005288,1.82428665199,-0.202868959198,95.1377639771
21.478710,-0.847907880504,-0.11274758791,0.24812139244,0.401519471229,3.05568972947,-1.16160695163,-0.319834994274,92.6044998169,0.326354412623,-1.23293705826,-0.342461210895,0.66229620517,0.391932091305,1.82505364239,-0.207470901562,95.1377639771
21.488712,-0.849058366095,-0.111597102319,0.248504887637,0.401135976032,3.05568972947,-1.16275743722,-0.31906800388,92.6044998169,0.327504898214,-1.23638851504,-0.34437868688,0.665364166745,0.389247624926,1.8239031568,-0.211689348728,95.1377639771
21.498716,-0.849058366095,-0.111980597516,0.249271878031,0.401135976032,3.05645671986,-1.16122345643,-0.319834994274,92.6044998169,0.32673790782,-1.2413739526,-0.345145677274,0.668048633124,0.385412672956,1.8235196616,-0.216291291092,95.1377639771
21.508705,-0.849825356489,-0.113514578304,0.248504887637,0.401519471229,3.05645671986,-1.16275743722,-0.31906800388,92.6044998169,0.326354412623,-1.24559239976,-0.346296162865,0.6711165947,0.38119422579,1.8239031568,-0.219742747865,95.1377639771
21.518718,-0.848291375701,-0.112364092713,0.248504887637,0.401519471229,3.05684021506,-1.16199044682,-0.320218489471,92.6044998169,0.325970917426,-1.24904385654,-0.347446648456,0.672650575488,0.378126264214,1.8235196616,-0.223194204637,95.1377639771
21.528748,-0.848674870898,-0.111213607122,0.248504887637,0.400368985638,3.05645671986,-1.16199044682,-0.320601984668,92.6044998169,0.32673790782,-1.2536457989,-0.347830143653,0.67610203226,0.373907817047,1.8235196616,-0.227796147001,95.1377639771
21.538721,-0.848291375701,-0.112364092713,0.247737897243,0.401135976032,3.05645671986,-1.16160695163,-0.320601984668,92.6044998169,0.325587422229,-1.25748075087,-0.348980629244,0.678786498639,0.370456360274,1.8227526712,-0.230097118183,95.1377639771
21.548713,-0.848674870898,-0.111597102319,0.24812139244,0.401519471229,3.05607322466,-1.16199044682,-0.319834994274,92.6044998169,0.327504898214,-1.26169919804,-0.350514610032,0.681470965018,0.367004903502,1.8231361664,-0.232781584562,95.1377639771
21.558713,-0.848291375701,-0.112364092713,0.24812139244,0.401519471229,3.05607322466,-1.16237394202,-0.319834994274,92.6044998169,0.327121403017,-1.26400016922,-0.351281600426,0.684155431397,0.364320437123,1.8227526712,-0.233932070153,95.1377639771
21.568724,-0.849441861292,-0.112364092713,0.248504887637,0.400752480835,3.05607322466,-1.16199044682,-0.31906800388,92.6044998169,0.328271888607,-1.26745162599,-0.351665095623,0.686839897776,0.36086898035,1.8227526712,-0.233932070153,95.1377639771
21.578716,-0.848291375701,-0.111980597516,0.24812139244,0.401519471229,3.05607322466,-1.16160695163,-0.319451499077,92.6044998169,0.327504898214,-1.26975259717,-0.352432086017,0.688757373761,0.357417523577,1.8227526712,-0.233932070153,95.1377639771
21.588720,-0.849058366095,-0.110446616728,0.247737897243,0.401135976032,3.05530623427,-1.16275743722,-0.320218489471,92.6044998169,0.327121403017,-1.27243706355,-0.353199076411,0.691058344942,0.354733057199,1.82236917601,-0.234699060546,95.1377639771
21.598725,-0.848291375701,-0.111597102319,0.248504887637,0.401135976032,3.05607322466,-1.16199044682,-0.319834994274,92.6044998169,0.328271888607,-1.27588852032,-0.353199076411,0.694509801715,0.351281600426,1.82160218561,-0.236616536531,95.1377639771
21.608719,-0.848674870898,-0.111213607122,0.248888382834,0.401519471229,3.05607322466,-1.16199044682,-0.320218489471,92.6044998169,0.328271888607,-1.27780599631,-0.353582571608,0.696810772897,0.34821363885,1.82160218561,-0.238534012516,95.1377639771
21.618717,-0.849058366095,-0.110830111925,0.24812139244,0.401135976032,3.05607322466,-1.16160695163,-0.319834994274,92.6044998169,0.328271888607,-1.2793399771,-0.353966066805,0.699495239276,0.345145677274,1.82160218561,-0.239684498107,95.1377639771
21.628722,-0.847907880504,-0.111980597516,0.248504887637,0.401519471229,3.05607322466,-1.16160695163,-0.31906800388,92.6044998169,0.327888393411,-1.28279143387,-0.353582571608,0.702179705655,0.342844706092,1.82083519522,-0.240834983698,95.1377639771
21.638715,-0.847907880504,-0.110830111925,0.248504887637,0.401135976032,3.05722371026,-1.16237394202,-0.319451499077,92.6044998169,0.329422374198,-1.28394191946,-0.353199076411,0.704864172033,0.341310725305,1.82083519522,-0.240451488501,95.1377639771
21.648707,-0.848291375701,-0.110446616728,0.24812139244,0.401519471229,3.05684021506,-1.16160695163,-0.319834994274,92.6044998169,0.330572859789,-1.28547590025,-0.353199076411,0.707932133609,0.339009754123,1.82045170002,-0.241218478895,95.1377639771
21.658948,-0.848674870898,-0.110830111925,0.247354402047,0.401519471229,3.05645671986,-1.16160695163,-0.319834994274,92.6044998169,0.329805869395,-1.28777687143,-0.353966066805,0.711383590382,0.337475773335,1.81853422404,-0.240451488501,95.1377639771
21.668996,-0.848291375701,-0.111213607122,0.248504887637,0.401519471229,3.05645671986,-1.16199044682,-0.320601984668,92.6044998169,0.331339850183,-1.28892735702,-0.353582571608,0.714451551958,0.336708782941,1.81815072884,-0.240067993304,95.1377639771
21.678988,-0.848674870898,-0.111213607122,0.249271878031,0.400752480835,3.05645671986,-1.16199044682,-0.319834994274,92.6044998169,0.330956354986,-1.29046133781,-0.353582571608,0.71790300873,0.335941792547,1.81738373845,-0.23930100291,95.1377639771
21.689045,-0.849058366095,-0.110446616728,0.248888382834,0.401902966426,3.05568972947,-1.16160695163,-0.319834994274,92.6044998169,0.33172334538,-1.29084483301,-0.352815581214,0.7217379607,0.336708782941,1.81546626246,-0.239684498107,95.1377639771
21.698962,-0.849441861292,-0.109679626334,0.248504887637,0.401519471229,3.05722371026,-1.16160695163,-0.320218489471,92.6044998169,0.331339850183,-1.29276230899,-0.352815581214,0.726339903064,0.335174802153,1.81316529128,-0.239684498107,95.1377639771
21.709091,-0.849058366095,-0.110063121531,0.248504887637,0.401135976032,3.05645671986,-1.16199044682,-0.319451499077,92.6044998169,0.332490335774,-1.29314580419,-0.352432086017,0.73055835023,0.335941792547,1.8112478153,-0.23930100291,95.1377639771
21.718924,-0.849058366095,-0.110063121531,0.247737897243,0.401519471229,3.05684021506,-1.16237394202,-0.319451499077,92.6044998169,0.332873830971,-1.29467978498,-0.352432086017,0.735927282988,0.335941792547,1.8100973297,-0.240067993304,95.1377639771
21.728882,-0.849058366095,-0.110446616728,0.24812139244,0.402286461623,3.05607322466,-1.16237394202,-0.319834994274,92.6044998169,0.333257326168,-1.29544677537,-0.353966066805,0.741296215746,0.337092278138,1.80702936813,-0.239684498107,95.1377639771
21.738832,-0.848674870898,-0.109679626334,0.247737897243,0.401902966426,3.05645671986,-1.16199044682,-0.319834994274,92.6044998169,0.333257326168,-1.29621376576,-0.353199076411,0.746665148503,0.337859268532,1.80357791136,-0.240834983698,95.1377639771
21.748831,-0.847524385307,-0.109679626334,0.247737897243,0.401902966426,3.05607322466,-1.16160695163,-0.320218489471,92.6044998169,0.334791306956,-1.29774774655,-0.35204859082,0.753568062049,0.337859268532,1.79897596899,-0.240067993304,95.1377639771
21.758825,-0.848291375701,-0.109296131137,0.247737897243,0.401135976032,3.05607322466,-1.16160695163,-0.319451499077,92.6044998169,0.334407811759,-1.29736425135,-0.351665095623,0.760854470791,0.33939324932,1.79399053143,-0.24313595488,95.1377639771
21.768770,-0.849058366095,-0.109679626334,0.24812139244,0.401519471229,3.05684021506,-1.16160695163,-0.319834994274,92.6044998169,0.334791306956,-1.29928172734,-0.352815581214,0.76737388914,0.340543734911,1.78862159867,-0.247354402047,95.1377639771
21.778727,-0.848291375701,-0.109679626334,0.248504887637,0.401135976032,3.05645671986,-1.16160695163,-0.319834994274,92.6044998169,0.33555829735,-1.29928172734,-0.352432086017,0.774660297882,0.341694220501,1.78171868513,-0.248888382834,95.1377639771
21.788725,-0.847907880504,-0.109679626334,0.24812139244,0.401519471229,3.05568972947,-1.16160695163,-0.320218489471,92.6044998169,0.335174802153,-1.30043221293,-0.353199076411,0.781946706625,0.342844706092,1.77443227639,-0.249271878031,95.1377639771
21.798701,-0.847524385307,-0.109679626334,0.248504887637,0.402286461623,3.05645671986,-1.16275743722,-0.319834994274,92.6044998169,0.336708782941,-1.30196619372,-0.35204859082,0.790767096155,0.345145677274,1.76752936284,-0.249655373228,95.1377639771
21.808747,-0.848674870898,-0.109679626334,0.24812139244,0.401902966426,3.05607322466,-1.16160695163,-0.319834994274,92.6044998169,0.337092278138,-1.30158269852,-0.352432086017,0.800354476079,0.347446648456,1.7594759637,-0.250422363622,95.1377639771
21.818734,-0.848674870898,-0.109296131137,0.24812139244,0.401519471229,3.05645671986,-1.16160695163,-0.319451499077,92.6044998169,0.336708782941,-1.30234968891,-0.35204859082,0.809941856003,0.350131114835,1.74912159339,-0.25195634441,95.1377639771
21.828704,-0.848291375701,-0.109296131137,0.24812139244,0.401902966426,3.05607322466,-1.16314093241,-0.320218489471,92.6044998169,0.337475773335,-1.3038836697,-0.352432086017,0.819529235928,0.35204859082,1.73915071827,-0.253490325198,95.1377639771
21.838712,-0.848291375701,-0.109296131137,0.248504887637,0.401135976032,3.05645671986,-1.16237394202,-0.319834994274,92.6044998169,0.337475773335,-1.30541765049,-0.35204859082,0.830267101443,0.354349562002,1.72726236716,-0.254257315592,95.1377639771
21.848692,-0.849441861292,-0.108529140743,0.247737897243,0.401519471229,3.05607322466,-1.16275743722,-0.319834994274,92.6044998169,0.33939324932,-1.30695163128,-0.351665095623,0.842155452549,0.357801018774,1.71460702566,-0.25579129638,95.1377639771
21.858757,-0.847907880504,-0.10891263594,0.24812139244,0.402286461623,3.05645671986,-1.16237394202,-0.320218489471,92.6044998169,0.33939324932,-1.30810211687,-0.351281600426,0.854043803655,0.36086898035,1.70233517936,-0.258859257956,95.1377639771
21.868928,-0.848291375701,-0.110063121531,0.248504887637,0.401902966426,3.05568972947,-1.16160695163,-0.31906800388,92.6044998169,0.339776744517,-1.30886910726,-0.351281600426,0.865165164367,0.36470393232,1.69044682825,-0.261160229137,95.1377639771
21.879051,-0.848674870898,-0.109679626334,0.24812139244,0.401902966426,3.05607322466,-1.16237394202,-0.31906800388,92.6044998169,0.339776744517,-1.30963609766,-0.351281600426,0.876670020277,0.368538884289,1.67702449636,-0.264995181107,95.1377639771
21.888965,-0.849441861292,-0.109679626334,0.247737897243,0.402286461623,3.05645671986,-1.16160695163,-0.319451499077,92.6044998169,0.340543734911,-1.31117007845,-0.351665095623,0.88894186658,0.372757331456,1.66321866926,-0.269213628274,95.1377639771
21.898967,-0.849441861292,-0.10891263594,0.248504887637,0.401519471229,3.05645671986,-1.16199044682,-0.319451499077,92.6044998169,0.341694220501,-1.31232056404,-0.35204859082,0.90159720808,0.37735927382,1.64902934698,-0.273048580244,95.1377639771
21.908902,-0.847907880504,-0.109679626334,0.24812139244,0.401135976032,3.05645671986,-1.16275743722,-0.319834994274,92.6044998169,0.342077715698,-1.31308755443,-0.351665095623,0.913102063989,0.381577720986,1.63484002469,-0.27726702741,95.1377639771
21.918832,-0.848291375701,-0.109296131137,0.249271878031,0.401519471229,3.05645671986,-1.16199044682,-0.319451499077,92.6044998169,0.342077715698,-1.31385454482,-0.35204859082,0.925757405489,0.385029177759,1.61988371201,-0.282635960168,95.1377639771
21.928819,-0.849058366095,-0.109679626334,0.248888382834,0.401519471229,3.05607322466,-1.16275743722,-0.319834994274,92.6044998169,0.343228201289,-1.31615551601,-0.351665095623,0.938412746989,0.388097139335,1.60569438972,-0.288388388122,95.1377639771
21.938817,-0.849058366095,-0.110063121531,0.248888382834,0.401135976032,3.05607322466,-1.16237394202,-0.320218489471,92.6044998169,0.34437868688,-1.31615551601,-0.351665095623,0.950301098095,0.390398110517,1.59073807704,-0.294524311274,95.1377639771
21.948803,-0.849441861292,-0.109679626334,0.24812139244,0.401135976032,3.05645671986,-1.16199044682,-0.319451499077,92.6044998169,0.344762182077,-1.31615551601,-0.351281600426,0.962956439595,0.394233062487,1.57501477396,-0.300276739229,95.1377639771
21.958794,-0.849058366095,-0.110063121531,0.248888382834,0.401135976032,3.05607322466,-1.16122345643,-0.319451499077,92.6044998169,0.346296162865,-1.31807299199,-0.351665095623,0.974077800307,0.398068014456,1.56005846128,-0.30641266238,95.1377639771
21.968781,-0.848674870898,-0.109679626334,0.248888382834,0.400752480835,3.05607322466,-1.16160695163,-0.31906800388,92.6044998169,0.345912667668,-1.31845648719,-0.352815581214,0.986733141807,0.403053452017,1.5451021486,-0.313315575926,95.1377639771
21.978703,-0.849825356489,-0.109679626334,0.247737897243,0.400752480835,3.05645671986,-1.16199044682,-0.320218489471,92.6044998169,0.346679658062,-1.31845648719,-0.352815581214,0.998621492913,0.408805879971,1.53091282631,-0.320601984668,95.1377639771
21.988704,-0.849058366095,-0.110063121531,0.247354402047,0.401519471229,3.05684021506,-1.16160695163,-0.319834994274,92.6044998169,0.347063153259,-1.31999046798,-0.353199076411,1.01050984402,0.413407822335,1.51710699922,-0.327888393411,95.1377639771
21.998680,-0.849058366095,-0.110063121531,0.24812139244,0.400368985638,3.05645671986,-1.16237394202,-0.319451499077,92.6044998169,0.347830143653,-1.31999046798,-0.353199076411,1.02201469993,0.418776755093,1.50330117213,-0.334791306956,95.1377639771
22.008753,-0.849441861292,-0.110063121531,0.248504887637,0.400752480835,3.05607322466,-1.16160695163,-0.31906800388,92.6044998169,0.347830143653,-1.32037396317,-0.352815581214,1.03351955584,0.421844716668,1.49026233543,-0.340927230108,95.1377639771
22.018666,-0.848674870898,-0.109296131137,0.24812139244,0.400752480835,3.05530623427,-1.16275743722,-0.319451499077,92.6044998169,0.34821363885,-1.32037396317,-0.352432086017,1.04502441175,0.426063163835,1.47568951795,-0.345912667668,95.1377639771
22.028652,-0.849058366095,-0.110063121531,0.24812139244,0.401135976032,3.05607322466,-1.16160695163,-0.319834994274,92.6044998169,0.348597134047,-1.32075745837,-0.352432086017,1.05576227726,0.430281611002,1.46380116684,-0.350514610032,95.1377639771
22.038667,-0.849058366095,-0.10891263594,0.248888382834,0.401135976032,3.05645671986,-1.16160695163,-0.319451499077,92.6044998169,0.348597134047,-1.32037396317,-0.35204859082,1.06726713317,0.434116562972,1.44999533975,-0.352432086017,95.1377639771
22.048657,-0.849058366095,-0.109679626334,0.248888382834,0.401135976032,3.05607322466,-1.16160695163,-0.319451499077,92.6044998169,0.349364124441,-1.32114095357,-0.352815581214,1.07800499869,0.43680102935,1.43733999825,-0.358568009168,95.1377639771
22.058667,-0.849058366095,-0.109296131137,0.248504887637,0.401135976032,3.05645671986,-1.16083996123,-0.31906800388,92.6044998169,0.349364124441,-1.32152444876,-0.35204859082,1.08797587381,0.441019476517,1.42545164714,-0.365087427517,95.1377639771
22.068730,-0.848674870898,-0.109679626334,0.247737897243,0.401135976032,3.05645671986,-1.16160695163,-0.319451499077,92.6044998169,0.350131114835,-1.32075745837,-0.35204859082,1.09794674893,0.444087438093,1.41317980084,-0.371990341062,95.1377639771
22.078781,-0.849441861292,-0.108529140743,0.248888382834,0.401902966426,3.05568972947,-1.16160695163,-0.319451499077,92.6044998169,0.350898105229,-1.32075745837,-0.352815581214,1.10868461444,0.447538894866,1.40129144973,-0.37735927382,95.1377639771
22.088738,-0.848291375701,-0.109679626334,0.248888382834,0.400752480835,3.05684021506,-1.16122345643,-0.31906800388,92.6044998169,0.350898105229,-1.31960697278,-0.352432086017,1.11750500397,0.450990351638,1.38825261304,-0.385412672956,95.1377639771
22.098775,-0.849058366095,-0.10891263594,0.24812139244,0.401135976032,3.05607322466,-1.16199044682,-0.320218489471,92.6044998169,0.350898105229,-1.31960697278,-0.352815581214,1.1270923839,0.454441808411,1.37751474752,-0.394233062487,95.1377639771
22.108757,-0.849058366095,-0.10891263594,0.247737897243,0.401519471229,3.05607322466,-1.16237394202,-0.319451499077,92.6044998169,0.351281600426,-1.31922347758,-0.35204859082,1.13591277343,0.459427245972,1.36639338681,-0.401135976032,95.1377639771
22.118771,-0.848291375701,-0.10891263594,0.247737897243,0.401135976032,3.05607322466,-1.16160695163,-0.320218489471,92.6044998169,0.350898105229,-1.31845648719,-0.352815581214,1.14511665816,0.463262197941,1.35412154051,-0.407271899184,95.1377639771
22.128736,-0.848291375701,-0.10891263594,0.248504887637,0.401902966426,3.05607322466,-1.16237394202,-0.320601984668,92.6044998169,0.351665095623,-1.31883998238,-0.352432086017,1.15432054288,0.466713654714,1.34338367499,-0.412640831941,95.1377639771
22.138770,-0.848674870898,-0.10891263594,0.248888382834,0.401902966426,3.05645671986,-1.16237394202,-0.319834994274,92.6044998169,0.352432086017,-1.3173060016,-0.352432086017,1.16314093241,0.471315597078,1.33226231428,-0.418009764699,95.1377639771
22.148764,-0.849058366095,-0.108145645546,0.24812139244,0.401902966426,3.05684021506,-1.16160695163,-0.319451499077,92.6044998169,0.353582571608,-1.3165390112,-0.351665095623,1.17234481714,0.474767053851,1.32152444876,-0.423762192653,95.1377639771
22.158859,-0.848291375701,-0.108145645546,0.248504887637,0.401902966426,3.05645671986,-1.16199044682,-0.319451499077,92.6044998169,0.353582571608,-1.31577202081,-0.351281600426,1.18116520667,0.480519481805,1.31001959285,-0.430665106199,95.1377639771
22.168943,-0.848674870898,-0.108529140743,0.248504887637,0.401902966426,3.05645671986,-1.16199044682,-0.320601984668,92.6044998169,0.353582571608,-1.31538852561,-0.351665095623,1.1899855962,0.484354433775,1.29698075616,-0.437951514941,95.1377639771
22.178930,-0.848291375701,-0.109296131137,0.248504887637,0.401135976032,3.05645671986,-1.16314093241,-0.319451499077,92.6044998169,0.354733057199,-1.31462153522,-0.351281600426,1.19880598573,0.488956376138,1.28470890985,-0.444854428487,95.1377639771
22.188886,-0.848291375701,-0.10891263594,0.248888382834,0.401902966426,3.05722371026,-1.16199044682,-0.319834994274,92.6044998169,0.355116552395,-1.31270405923,-0.351281600426,1.20685938487,0.492791328108,1.27205356835,-0.452140837229,95.1377639771
22.198892,-0.847907880504,-0.109296131137,0.24812139244,0.401902966426,3.05568972947,-1.16199044682,-0.319451499077,92.6044998169,0.355500047592,-1.31193706884,-0.351281600426,1.2156797744,0.497776765669,1.25939822685,-0.459043750775,95.1377639771
22.208942,-0.848674870898,-0.109296131137,0.248504887637,0.401519471229,3.05722371026,-1.16199044682,-0.319834994274,92.6044998169,0.356650533183,-1.31078658325,-0.351281600426,1.22411666873,0.501228222442,1.24712638055,-0.465179673926,95.1377639771
22.218976,-0.848291375701,-0.10891263594,0.248888382834,0.401902966426,3.05645671986,-1.16160695163,-0.318684508683,92.6044998169,0.358184513971,-1.30886910726,-0.351281600426,1.23217006787,0.504679679214,1.23485453425,-0.470548606684,95.1377639771
22.228900,-0.848291375701,-0.10891263594,0.24812139244,0.401902966426,3.05607322466,-1.16237394202,-0.320601984668,92.6044998169,0.358184513971,-1.30810211687,-0.350898105229,1.2406069622,0.509281621578,1.22181569755,-0.480135986608,95.1377639771
22.239044,-0.848291375701,-0.108529140743,0.248504887637,0.401135976032,3.05607322466,-1.16199044682,-0.319451499077,92.6044998169,0.359334999562,-1.30771862167,-0.351281600426,1.24981084693,0.512349583154,1.20992734644,-0.48627190976,95.1377639771
22.248915,-0.849058366095,-0.107378655152,0.248504887637,0.401135976032,3.05607322466,-1.16199044682,-0.320601984668,92.6044998169,0.360485485153,-1.30580114569,-0.350514610032,1.25824774126,0.516184535123,1.19880598573,-0.495859289684,95.1377639771
22.258940,-0.848291375701,-0.108145645546,0.248504887637,0.401519471229,3.05530623427,-1.16160695163,-0.319451499077,92.6044998169,0.362402961138,-1.3046506601,-0.350898105229,1.26553415001,0.519252496699,1.18615064423,-0.504679679214,95.1377639771
22.268870,-0.848674870898,-0.10891263594,0.248888382834,0.401135976032,3.05607322466,-1.16237394202,-0.320218489471,92.6044998169,0.363169951532,-1.30311667931,-0.350898105229,1.27435453954,0.522703953472,1.17426229313,-0.513883563942,95.1377639771
22.278863,-0.849058366095,-0.10891263594,0.24812139244,0.401135976032,3.05568972947,-1.16160695163,-0.319834994274,92.6044998169,0.36470393232,-1.30196619372,-0.350898105229,1.28279143387,0.525388419851,1.16275743722,-0.523087448669,95.1377639771
22.288806,-0.847907880504,-0.10891263594,0.248504887637,0.401135976032,3.05568972947,-1.16160695163,-0.319834994274,92.6044998169,0.365854417911,-1.30081570813,-0.350131114835,1.28969434741,0.528456381427,1.15086908611,-0.532674828593,95.1377639771
22.298768,-0.849441861292,-0.108529140743,0.248504887637,0.401519471229,3.05607322466,-1.16160695163,-0.319834994274,92.6044998169,0.367004903502,-1.29889823214,-0.35204859082,1.29774774655,0.530757352608,1.138980735,-0.541495218124,95.1377639771
22.308829,-0.848291375701,-0.109296131137,0.24812139244,0.401519471229,3.05607322466,-1.16314093241,-0.319834994274,92.6044998169,0.370072865077,-1.29813124175,-0.350898105229,1.30503415529,0.53305832379,1.1274758791,-0.551082598048,95.1377639771
22.318749,-0.848291375701,-0.109679626334,0.248504887637,0.401519471229,3.05645671986,-1.16199044682,-0.319834994274,92.6044998169,0.36968936988,-1.29698075616,-0.351665095623,1.31232056404,0.534975799775,1.11635451838,-0.557218521199,95.1377639771
22.328750,-0.848674870898,-0.108145645546,0.248504887637,0.401519471229,3.05645671986,-1.16160695163,-0.319834994274,92.6044998169,0.372373836259,-1.29544677537,-0.350514610032,1.31960697278,0.537276770957,1.10484966247,-0.564504929942,95.1377639771
22.338722,-0.848674870898,-0.108529140743,0.24812139244,0.401519471229,3.05645671986,-1.16275743722,-0.318684508683,92.6044998169,0.373907817047,-1.29429628978,-0.350131114835,1.32612639113,0.538810751745,1.09334480657,-0.572558329078,95.1377639771
22.348696,-0.849058366095,-0.108529140743,0.248504887637,0.401902966426,3.05607322466,-1.16160695163,-0.319451499077,92.6044998169,0.374674807441,-1.2919953186,-0.350131114835,1.33264580948,0.539577742139,1.08068946507,-0.582912699396,95.1377639771
22.358711,-0.849441861292,-0.109679626334,0.248504887637,0.401135976032,3.05645671986,-1.16160695163,-0.320218489471,92.6044998169,0.376592283426,-1.28969434741,-0.350514610032,1.34031571341,0.541111722927,1.06918460916,-0.593267069715,95.1377639771
22.368736,-0.848674870898,-0.109296131137,0.247737897243,0.401135976032,3.05645671986,-1.16083996123,-0.319834994274,92.6044998169,0.378126264214,-1.29007784261,-0.350514610032,1.34683513176,0.541878713321,1.05844674364,-0.600553478457,95.1377639771
22.378819,-0.849441861292,-0.108529140743,0.247737897243,0.401135976032,3.05645671986,-1.16122345643,-0.319834994274,92.6044998169,0.379660245002,-1.28777687143,-0.351281600426,1.3545050357,0.543029198911,1.04694188773,-0.608606877594,95.1377639771
22.388769,-0.849441861292,-0.109296131137,0.248888382834,0.400752480835,3.05645671986,-1.16199044682,-0.320601984668,92.6044998169,0.381577720986,-1.28777687143,-0.350898105229,1.36179144445,0.544179684502,1.03543703182,-0.615509791139,95.1377639771
22.398744,-0.848291375701,-0.109296131137,0.248504887637,0.401902966426,3.05645671986,-1.16160695163,-0.319451499077,92.6044998169,0.383111701774,-1.28470890985,-0.350514610032,1.36869435799,0.544946674896,1.02393217591,-0.622029209488,95.1377639771
22.408762,-0.848674870898,-0.109679626334,0.248504887637,0.400752480835,3.05645671986,-1.16199044682,-0.319451499077,92.6044998169,0.385412672956,-1.28279143387,-0.350898105229,1.37521377634,0.545330170093,1.0128108152,-0.628932123033,95.1377639771
22.418762,-0.848291375701,-0.10891263594,0.248888382834,0.400752480835,3.05607322466,-1.16314093241,-0.320218489471,92.6044998169,0.387713644138,-1.28202444348,-0.351281600426,1.38326717548,0.54571366529,1.00130595929,-0.633917560594,95.1377639771
22.428680,-0.849058366095,-0.10891263594,0.248504887637,0.401519471229,3.05645671986,-1.16160695163,-0.320601984668,92.6044998169,0.388864129729,-1.28087395788,-0.351281600426,1.39093707942,0.546864150881,0.989801103383,-0.63813600776,95.1377639771
22.438656,-0.847907880504,-0.10891263594,0.249271878031,0.401902966426,3.05645671986,-1.16160695163,-0.31906800388,92.6044998169,0.390398110517,-1.27972347229,-0.350514610032,1.39707300257,0.547631141275,0.978679742671,-0.64197095973,95.1377639771
22.448653,-0.849441861292,-0.109679626334,0.24812139244,0.400752480835,3.05684021506,-1.16160695163,-0.320218489471,92.6044998169,0.392315586502,-1.27665551072,-0.350131114835,1.40397591611,0.548398131669,0.966791391565,-0.6458059117,95.1377639771
22.458664,-0.848291375701,-0.109679626334,0.248888382834,0.401135976032,3.05607322466,-1.16237394202,-0.319834994274,92.6044998169,0.394233062487,-1.27703900591,-0.350514610032,1.41011183926,0.548398131669,0.956820516444,-0.648490378079,95.1377639771
22.468742,-0.849058366095,-0.109679626334,0.248888382834,0.401135976032,3.05684021506,-1.16160695163,-0.31906800388,92.6044998169,0.397301024062,-1.27473803473,-0.350514610032,1.41739824801,0.549165122063,0.945315660534,-0.651941834851,95.1377639771
22.478733,-0.849058366095,-0.10891263594,0.24812139244,0.401135976032,3.05607322466,-1.16160695163,-0.319451499077,92.6044998169,0.39883500485,-1.27282055875,-0.350131114835,1.42506815195,0.549165122063,0.934961290216,-0.653859310836,95.1377639771
22.488735,-0.847907880504,-0.109296131137,0.24812139244,0.401902966426,3.05607322466,-1.16083996123,-0.319834994274,92.6044998169,0.400368985638,-1.27243706355,-0.349364124441,1.43235456069,0.549932112457,0.925757405489,-0.655393291624,95.1377639771
22.498731,-0.848674870898,-0.10891263594,0.248504887637,0.401519471229,3.05530623427,-1.16160695163,-0.319451499077,92.6044998169,0.402286461623,-1.26975259717,-0.350131114835,1.43810698864,0.551082598048,0.915786530368,-0.657310767609,95.1377639771
22.508729,-0.848674870898,-0.109296131137,0.248888382834,0.401135976032,3.05607322466,-1.16160695163,-0.319834994274,92.6044998169,0.403436947214,-1.26783512119,-0.350514610032,1.44577689258,0.550699102851,0.907349636034,-0.6584612532,95.1377639771
22.518898,-0.848674870898,-0.109679626334,0.248888382834,0.400752480835,3.05568972947,-1.16199044682,-0.320218489471,92.6044998169,0.40650490879,-1.26706813079,-0.350131114835,1.45191281573,0.551082598048,0.89776225611,-0.661145719579,95.1377639771
22.528933,-0.849058366095,-0.109296131137,0.24812139244,0.401135976032,3.05684021506,-1.16237394202,-0.319451499077,92.6044998169,0.409572870365,-1.26438366441,-0.349747619638,1.45919922448,0.551466093245,0.889325361777,-0.662679700366,95.1377639771
22.539103,-0.847907880504,-0.10891263594,0.248888382834,0.401135976032,3.05607322466,-1.16160695163,-0.320218489471,92.6044998169,0.411106851153,-1.26246618843,-0.349364124441,1.46456815723,0.552233083639,0.881655457837,-0.663830185957,95.1377639771
22.549057,-0.848291375701,-0.10891263594,0.24812139244,0.400752480835,3.05607322466,-1.16199044682,-0.319834994274,92.6044998169,0.413791317532,-1.26016521725,-0.349364124441,1.47070408039,0.552233083639,0.875136039489,-0.665747661942,95.1377639771
22.558949,-0.849058366095,-0.108529140743,0.248504887637,0.401902966426,3.05645671986,-1.16199044682,-0.319451499077,92.6044998169,0.416859279108,-1.25824774126,-0.349364124441,1.47684000354,0.552616578836,0.867082640352,-0.666898147533,95.1377639771
22.568839,-0.849441861292,-0.109679626334,0.247737897243,0.401519471229,3.05568972947,-1.16275743722,-0.319834994274,92.6044998169,0.418393259896,-1.25671376048,-0.348980629244,1.48259243149,0.553767064427,0.860563222004,-0.668048633124,95.1377639771
22.578827,-0.849441861292,-0.10891263594,0.248888382834,0.401135976032,3.05607322466,-1.16122345643,-0.320985479865,92.6044998169,0.421844716668,-1.2540292941,-0.349747619638,1.48872835464,0.554534054821,0.854427298852,-0.668815623518,95.1377639771
22.588822,-0.848674870898,-0.10891263594,0.248504887637,0.401135976032,3.05568972947,-1.16275743722,-0.320218489471,92.6044998169,0.425296173441,-1.25172832291,-0.349747619638,1.4944807826,0.556068035608,0.846757394913,-0.669966109109,95.1377639771
22.598859,-0.848674870898,-0.10891263594,0.248888382834,0.401135976032,3.05684021506,-1.16275743722,-0.319451499077,92.6044998169,0.42798063982,-1.24981084693,-0.349364124441,1.50100020095,0.557218521199,0.840237976564,-0.668432128321,95.1377639771
22.608807,-0.849058366095,-0.109296131137,0.248504887637,0.400752480835,3.05607322466,-1.16199044682,-0.319451499077,92.6044998169,0.431048601396,-1.24789337094,-0.349364124441,1.5067526289,0.557602016396,0.832951567822,-0.669199118715,95.1377639771
22.618779,-0.847907880504,-0.10891263594,0.248504887637,0.402286461623,3.05645671986,-1.16160695163,-0.320218489471,92.6044998169,0.433349572578,-1.24520890457,-0.350131114835,1.51212156166,0.559902987578,0.826432149473,-0.669199118715,95.1377639771
22.628783,-0.848291375701,-0.109296131137,0.248504887637,0.401902966426,3.05607322466,-1.16160695163,-0.319451499077,92.6044998169,0.436034038956,-1.24329142858,-0.349747619638,1.51825748481,0.560669977972,0.819145740731,-0.667665137927,95.1377639771
22.638802,-0.849058366095,-0.109296131137,0.24812139244,0.401902966426,3.05607322466,-1.16122345643,-0.319451499077,92.6044998169,0.439485495729,-1.24022346701,-0.349364124441,1.52400991276,0.56220395876,0.812626322382,-0.669199118715,95.1377639771
22.648767,-0.848291375701,-0.109679626334,0.248888382834,0.402286461623,3.05607322466,-1.16199044682,-0.319451499077,92.6044998169,0.443320447699,-1.23907298141,-0.349747619638,1.52899535032,0.564121434745,0.806106904034,-0.668815623518,95.1377639771
22.658761,-0.848674870898,-0.10891263594,0.247354402047,0.401135976032,3.05607322466,-1.16160695163,-0.319834994274,92.6044998169,0.446004914078,-1.23677201023,-0.350131114835,1.53359729269,0.566422405927,0.799587485685,-0.668048633124,95.1377639771
22.668756,-0.848674870898,-0.108529140743,0.24812139244,0.401135976032,3.05684021506,-1.16237394202,-0.319451499077,92.6044998169,0.448689380456,-1.23523802944,-0.349747619638,1.53934972064,0.568723377109,0.79268457214,-0.668432128321,95.1377639771
22.678787,-0.848291375701,-0.108529140743,0.248504887637,0.401902966426,3.05645671986,-1.16160695163,-0.319451499077,92.6044998169,0.452524332426,-1.23140307748,-0.349364124441,1.5443351582,0.57102434829,0.786548648988,-0.667665137927,95.1377639771
22.688754,-0.849058366095,-0.108145645546,0.24812139244,0.401519471229,3.05645671986,-1.16199044682,-0.319451499077,92.6044998169,0.456359284396,-1.22986909669,-0.34821363885,1.54855360537,0.572941824275,0.779645735443,-0.669199118715,95.1377639771
22.698769,-0.849058366095,-0.10891263594,0.248504887637,0.401135976032,3.05645671986,-1.16160695163,-0.31906800388,92.6044998169,0.458276760381,-1.22718463031,-0.349747619638,1.55392253813,0.575242795457,0.7723593267,-0.669199118715,95.1377639771
22.708908,-0.848291375701,-0.109296131137,0.247737897243,0.401135976032,3.05645671986,-1.16237394202,-0.320218489471,92.6044998169,0.46211171235,-1.22488365913,-0.348597134047,1.55852448049,0.577927261836,0.765456413155,-0.668432128321,95.1377639771
22.719000,-0.848291375701,-0.10891263594,0.248888382834,0.402286461623,3.05607322466,-1.16160695163,-0.319451499077,92.6044998169,0.466330159517,-1.22219919275,-0.349747619638,1.56542739404,0.580995223412,0.757019518821,-0.667665137927,95.1377639771
22.728953,-0.849058366095,-0.10891263594,0.249271878031,0.401902966426,3.05607322466,-1.16199044682,-0.31906800388,92.6044998169,0.467864140305,-1.21989822157,-0.350131114835,1.5696458412,0.582529204199,0.749349614882,-0.667665137927,95.1377639771
22.738949,-0.848291375701,-0.10891263594,0.248504887637,0.401902966426,3.05645671986,-1.16237394202,-0.319451499077,92.6044998169,0.471699092275,-1.21721375519,-0.350131114835,1.57501477396,0.585213670578,0.740912720549,-0.668048633124,95.1377639771
22.748960,-0.849441861292,-0.109296131137,0.248888382834,0.401135976032,3.05645671986,-1.16237394202,-0.320601984668,92.6044998169,0.474767053851,-1.2152962792,-0.350131114835,1.57846623073,0.586747651366,0.734009807003,-0.666898147533,95.1377639771
22.759048,-0.848291375701,-0.10891263594,0.247737897243,0.401135976032,3.05607322466,-1.16160695163,-0.319451499077,92.6044998169,0.478218510623,-1.21261181282,-0.350514610032,1.58421865869,0.589815612942,0.725956407867,-0.668432128321,95.1377639771
22.768901,-0.848674870898,-0.10891263594,0.24812139244,0.400752480835,3.05645671986,-1.16199044682,-0.319451499077,92.6044998169,0.481286472199,-1.21107783204,-0.350514610032,1.58882060105,0.591733088927,0.716369027942,-0.667665137927,95.1377639771
22.778952,-0.848291375701,-0.10891263594,0.248504887637,0.401519471229,3.05568972947,-1.16160695163,-0.319451499077,92.6044998169,0.484737928972,-1.20839336566,-0.350131114835,1.59457302901,0.592883574518,0.708315628806,-0.668432128321,95.1377639771
22.788954,-0.848291375701,-0.109296131137,0.248504887637,0.401135976032,3.05645671986,-1.16237394202,-0.319451499077,92.6044998169,0.487422395351,-1.20647588967,-0.349747619638,1.59994196176,0.594034060109,0.699111744079,-0.66728164273,95.1377639771
22.798926,-0.848291375701,-0.108529140743,0.248504887637,0.401519471229,3.05607322466,-1.16122345643,-0.319451499077,92.6044998169,0.490873852123,-1.2030244329,-0.349364124441,1.60377691373,0.594801050503,0.690674849745,-0.667665137927,95.1377639771
22.808983,-0.848674870898,-0.109296131137,0.247354402047,0.401519471229,3.05645671986,-1.16199044682,-0.31906800388,92.6044998169,0.492791328108,-1.20149045211,-0.350131114835,1.61029633208,0.595951536093,0.682621450609,-0.66728164273,95.1377639771
22.819032,-0.849058366095,-0.109679626334,0.247737897243,0.401135976032,3.05645671986,-1.16275743722,-0.319834994274,92.6044998169,0.495859289684,-1.19995647132,-0.349364124441,1.61413128405,0.597102021684,0.674184556276,-0.668432128321,95.1377639771
22.828873,-0.849058366095,-0.10891263594,0.248504887637,0.401135976032,3.05645671986,-1.16237394202,-0.318684508683,92.6044998169,0.498543756063,-1.19765550014,-0.349747619638,1.61911672161,0.597102021684,0.666514652336,-0.669199118715,95.1377639771
22.838989,-0.848674870898,-0.10891263594,0.248888382834,0.402286461623,3.05645671986,-1.16199044682,-0.31906800388,92.6044998169,0.500844727245,-1.19535452896,-0.350131114835,1.62295167358,0.597485516881,0.659228243594,-0.667665137927,95.1377639771
22.848856,-0.848674870898,-0.10891263594,0.248888382834,0.400752480835,3.05645671986,-1.16122345643,-0.320218489471,92.6044998169,0.504296184017,-1.19267006258,-0.349364124441,1.62640313036,0.597869012078,0.651174844457,-0.66728164273,95.1377639771
22.858904,-0.848674870898,-0.10891263594,0.248504887637,0.401135976032,3.05645671986,-1.16122345643,-0.319834994274,92.6044998169,0.507364145593,-1.19151957699,-0.350131114835,1.63023808233,0.596718526487,0.643888435715,-0.668048633124,95.1377639771
22.868893,-0.848291375701,-0.10891263594,0.248888382834,0.401519471229,3.05607322466,-1.16237394202,-0.318684508683,92.6044998169,0.509665116775,-1.18960210101,-0.350131114835,1.6336895391,0.597485516881,0.636602026972,-0.667665137927,95.1377639771
22.878841,-0.847524385307,-0.10891263594,0.248504887637,0.401519471229,3.05645671986,-1.16160695163,-0.320601984668,92.6044998169,0.512733078351,-1.18730112982,-0.350514610032,1.63714099587,0.59633503129,0.62931561823,-0.668815623518,95.1377639771
22.888741,-0.848291375701,-0.110063121531,0.248504887637,0.402286461623,3.05645671986,-1.16160695163,-0.319834994274,92.6044998169,0.514650554336,-1.18653413943,-0.350131114835,1.64020895745,0.596718526487,0.622796199881,-0.667665137927,95.1377639771
22.898750,-0.848674870898,-0.10891263594,0.24812139244,0.400752480835,3.05607322466,-1.16275743722,-0.319451499077,92.6044998169,0.516951525517,-1.18538365384,-0.349747619638,1.64404390942,0.595951536093,0.617043771927,-0.668048633124,95.1377639771
22.908727,-0.848291375701,-0.109679626334,0.248888382834,0.401135976032,3.05607322466,-1.16199044682,-0.320218489471,92.6044998169,0.519252496699,-1.18461666344,-0.349747619638,1.64672837579,0.594801050503,0.612058334366,-0.66728164273,95.1377639771
22.918781,-0.848291375701,-0.110063121531,0.248888382834,0.401135976032,3.05568972947,-1.16199044682,-0.319834994274,92.6044998169,0.520786477487,-1.18269918746,-0.349364124441,1.64902934698,0.595568040897,0.607072896806,-0.668432128321,95.1377639771
22.928748,-0.848291375701,-0.109679626334,0.24812139244,0.401902966426,3.05645671986,-1.16199044682,-0.320218489471,92.6044998169,0.523087448669,-1.18154870187,-0.349747619638,1.65171381336,0.595568040897,0.602087459245,-0.668048633124,95.1377639771
22.938714,-0.848291375701,-0.108529140743,0.24812139244,0.400752480835,3.05645671986,-1.16160695163,-0.319834994274,92.6044998169,0.52423793426,-1.18078171147,-0.349364124441,1.65478177493,0.594034060109,0.597869012078,-0.668432128321,95.1377639771
22.948727,-0.849058366095,-0.109679626334,0.248504887637,0.401902966426,3.05684021506,-1.16199044682,-0.31906800388,92.6044998169,0.526155410245,-1.18001472108,-0.349747619638,1.65631575572,0.593650564912,0.5951845457,-0.668815623518,95.1377639771
22.958778,-0.848291375701,-0.109296131137,0.248504887637,0.401519471229,3.05607322466,-1.16160695163,-0.320218489471,92.6044998169,0.52807288623,-1.17963122588,-0.350131114835,1.6586167269,0.592883574518,0.592883574518,-0.668432128321,95.1377639771
22.968778,-0.848674870898,-0.109679626334,0.248888382834,0.401519471229,3.05607322466,-1.16275743722,-0.319451499077,92.6044998169,0.52922337182,-1.17924773069,-0.350131114835,1.6593837173,0.591733088927,0.590966098533,-0.669582613912,95.1377639771
22.978716,-0.848674870898,-0.110063121531,0.248888382834,0.401135976032,3.05607322466,-1.16199044682,-0.320218489471,92.6044998169,0.530757352608,-1.1780972451,-0.350514610032,1.66130119328,0.591733088927,0.590199108139,-0.669966109109,95.1377639771
22.988739,-0.848674870898,-0.109679626334,0.248504887637,0.401519471229,3.05568972947,-1.16199044682,-0.319834994274,92.6044998169,0.532291333396,-1.1777137499,-0.350898105229,1.66168468848,0.590966098533,0.589048622548,-0.668815623518,95.1377639771
22.998607,-0.849058366095,-0.109679626334,0.24812139244,0.401902966426,3.05607322466,-1.16122345643,-0.320601984668,92.6044998169,0.533825314184,-1.1777137499,-0.351281600426,1.66283517407,0.589048622548,0.588665127351,-0.668432128321,95.1377639771
23.008599,-0.848674870898,-0.110063121531,0.248888382834,0.401135976032,3.05607322466,-1.16199044682,-0.319451499077,92.6044998169,0.535359294972,-1.1773302547,-0.351281600426,1.66206818367,0.587898136957,0.589815612942,-0.668815623518,95.1377639771
23.018599,-0.849058366095,-0.110063121531,0.248504887637,0.401135976032,3.05607322466,-1.16199044682,-0.319834994274,92.6044998169,0.536509780563,-1.17656326431,-0.352432086017,1.66360216446,0.586364156169,0.590582603336,-0.669199118715,95.1377639771
23.028605,-0.849825356489,-0.109296131137,0.248504887637,0.401519471229,3.05645671986,-1.16199044682,-0.319451499077,92.6044998169,0.537276770957,-1.17617976911,-0.351665095623,1.66283517407,0.584830175381,0.592500079321,-0.669582613912,95.1377639771
23.038632,-0.849058366095,-0.10891263594,0.24812139244,0.401519471229,3.05645671986,-1.16199044682,-0.320218489471,92.6044998169,0.538043761351,-1.17617976911,-0.352815581214,1.66321866926,0.582912699396,0.593267069715,-0.669582613912,95.1377639771
23.048612,-0.848674870898,-0.110446616728,0.24812139244,0.401902966426,3.05568972947,-1.16199044682,-0.320601984668,92.6044998169,0.539577742139,-1.17656326431,-0.353199076411,1.66436915486,0.580995223412,0.594417555306,-0.668815623518,95.1377639771
23.058599,-0.848674870898,-0.109296131137,0.247737897243,0.402286461623,3.05645671986,-1.16275743722,-0.319834994274,92.6044998169,0.539577742139,-1.17579627391,-0.353199076411,1.66321866926,0.579461242624,0.5951845457,-0.668815623518,95.1377639771
23.068599,-0.849058366095,-0.108529140743,0.248504887637,0.401519471229,3.05607322466,-1.16160695163,-0.320218489471,92.6044998169,0.54072822773,-1.17656326431,-0.353582571608,1.66436915486,0.577927261836,0.594801050503,-0.668432128321,95.1377639771
23.078600,-0.849058366095,-0.109679626334,0.248504887637,0.401135976032,3.05568972947,-1.16237394202,-0.320218489471,92.6044998169,0.540344732533,-1.17617976911,-0.352815581214,1.66475265005,0.57869425223,0.595951536093,-0.669199118715,95.1377639771
23.088594,-0.849058366095,-0.109296131137,0.249271878031,0.401519471229,3.05607322466,-1.16160695163,-0.319451499077,92.6044998169,0.54072822773,-1.17617976911,-0.352432086017,1.66590313564,0.577543766639,0.595568040897,-0.669199118715,95.1377639771
23.098596,-0.849441861292,-0.109679626334,0.247737897243,0.401519471229,3.05645671986,-1.16237394202,-0.319451499077,92.6044998169,0.541878713321,-1.17694675951,-0.353199076411,1.66551964045,0.577927261836,0.596718526487,-0.668048633124,95.1377639771
23.108596,-0.849058366095,-0.10891263594,0.24812139244,0.401902966426,3.05645671986,-1.16237394202,-0.320601984668,92.6044998169,0.541111722927,-1.17694675951,-0.353199076411,1.66475265005,0.577160271442,0.59633503129,-0.669199118715,95.1377639771
23.118589,-0.847907880504,-0.109679626334,0.247737897243,0.401519471229,3.05607322466,-1.16160695163,-0.319834994274,92.6044998169,0.541878713321,-1.17694675951,-0.353966066805,1.66551964045,0.578310757033,0.59633503129,-0.668432128321,95.1377639771
23.128592,-0.848674870898,-0.109679626334,0.247737897243,0.401519471229,3.05684021506,-1.16122345643,-0.320218489471,92.6044998169,0.541495218124,-1.17694675951,-0.355116552395,1.66590313564,0.576776776245,0.595951536093,-0.668815623518,95.1377639771
23.138590,-0.848291375701,-0.10891263594,0.247354402047,0.401135976032,3.05684021506,-1.16199044682,-0.31906800388,92.6044998169,0.542645703714,-1.17694675951,-0.353966066805,1.66590313564,0.577927261836,0.595568040897,-0.669582613912,95.1377639771
23.148590,-0.849441861292,-0.109679626334,0.248504887637,0.400752480835,3.05645671986,-1.16199044682,-0.320601984668,92.6044998169,0.541878713321,-1.17694675951,-0.353582571608,1.66590313564,0.577543766639,0.595951536093,-0.669966109109,95.1377639771
23.158590,-0.848291375701,-0.10891263594,0.247737897243,0.401519471229,3.05607322466,-1.16237394202,-0.319451499077,92.6044998169,0.542262208517,-1.17694675951,-0.353966066805,1.66513614525,0.577160271442,0.5951845457,-0.668815623518,95.1377639771
23.168621,-0.847524385307,-0.10891263594,0.248504887637,0.401902966426,3.05684021506,-1.16237394202,-0.319451499077,92.6044998169,0.542645703714,-1.17656326431,-0.354349562002,1.66551964045,0.577160271442,0.5951845457,-0.668815623518,95.1377639771
23.178599,-0.848291375701,-0.110063121531,0.24812139244,0.401135976032,3.05607322466,-1.16122345643,-0.319834994274,92.6044998169,0.543029198911,-1.17617976911,-0.355116552395,1.66590313564,0.577543766639,0.5951845457,-0.670733099503,95.1377639771
23.188631,-0.848291375701,-0.10891263594,0.24812139244,0.401519471229,3.05684021506,-1.16237394202,-0.319834994274,92.6044998169,0.543029198911,-1.1773302547,-0.353966066805,1.66551964045,0.578310757033,0.594801050503,-0.669199118715,95.1377639771
23.198635,-0.84714089011,-0.110063121531,0.248888382834,0.402286461623,3.05607322466,-1.16237394202,-0.319451499077,92.6044998169,0.543029198911,-1.1773302547,-0.355116552395,1.66436915486,0.577543766639,0.595568040897,-0.668815623518,95.1377639771
23.208631,-0.847907880504,-0.109296131137,0.248504887637,0.401902966426,3.05684021506,-1.16199044682,-0.320218489471,92.6044998169,0.543029198911,-1.17656326431,-0.355116552395,1.66551964045,0.577927261836,0.594034060109,-0.668815623518,95.1377639771
23.218636,-0.847524385307,-0.108529140743,0.248504887637,0.401902966426,3.05722371026,-1.16237394202,-0.320218489471,92.6044998169,0.543029198911,-1.17656326431,-0.354733057199,1.66436915486,0.578310757033,0.594801050503,-0.669199118715,95.1377639771
23.228677,-0.847907880504,-0.109679626334,0.248504887637,0.402286461623,3.05645671986,-1.16275743722,-0.320218489471,92.6044998169,0.543029198911,-1.1773302547,-0.354733057199,1.66475265005,0.57869425223,0.594801050503,-0.670733099503,95.1377639771
23.238619,-0.848291375701,-0.10891263594,0.248504887637,0.401902966426,3.05568972947,-1.16160695163,-0.319834994274,92.6044998169,0.543029198911,-1.17694675951,-0.355116552395,1.66513614525,0.577543766639,0.594801050503,-0.669582613912,95.1377639771
23.248606,-0.848291375701,-0.108529140743,0.248504887637,0.401519471229,3.05568972947,-1.16199044682,-0.319834994274,92.6044998169,0.543412694108,-1.17694675951,-0.355116552395,1.66513614525,0.578310757033,0.594801050503,-0.668815623518,95.1377639771
23.258586,-0.848674870898,-0.109679626334,0.24812139244,0.401902966426,3.05645671986,-1.16160695163,-0.319834994274,92.6044998169,0.542645703714,-1.17656326431,-0.355116552395,1.66551964045,0.577927261836,0.594417555306,-0.669199118715,95.1377639771
23.268574,-0.848291375701,-0.109679626334,0.24812139244,0.400752480835,3.05684021506,-1.16160695163,-0.320218489471,92.6044998169,0.543796189305,-1.17502928352,-0.356267037986,1.66513614525,0.577927261836,0.594034060109,-0.668432128321,95.1377639771
23.278574,-0.848674870898,-0.109296131137,0.248504887637,0.401135976032,3.05607322466,-1.16237394202,-0.319834994274,92.6044998169,0.544179684502,-1.17541277872,-0.356267037986,1.66628663084,0.577927261836,0.594417555306,-0.669966109109,95.1377639771
23.288575,-0.849058366095,-0.10891263594,0.248888382834,0.401519471229,3.05645671986,-1.16237394202,-0.320218489471,92.6044998169,0.543796189305,-1.17502928352,-0.356267037986,1.66667012604,0.577927261836,0.594801050503,-0.668432128321,95.1377639771
23.298570,-0.848291375701,-0.10891263594,0.24812139244,0.401135976032,3.05645671986,-1.16275743722,-0.319451499077,92.6044998169,0.543412694108,-1.17541277872,-0.355883542789,1.66628663084,0.577927261836,0.594801050503,-0.668432128321,95.1377639771
23.308573,-0.849441861292,-0.109679626334,0.248504887637,0.401519471229,3.05607322466,-1.16199044682,-0.320218489471,92.6044998169,0.544563179699,-1.17464578832,-0.357417523577,1.66705362123,0.577927261836,0.594801050503,-0.668432128321,95.1377639771
23.318571,-0.849058366095,-0.10891263594,0.248504887637,0.401519471229,3.05645671986,-1.16160695163,-0.319451499077,92.6044998169,0.544179684502,-1.17426229313,-0.355883542789,1.66743711643,0.577927261836,0.595568040897,-0.668432128321,95.1377639771
23.328574,-0.848674870898,-0.110063121531,0.24812139244,0.401519471229,3.05645671986,-1.16199044682,-0.31906800388,92.6044998169,0.544946674896,-1.17387879793,-0.356267037986,1.66667012604,0.578310757033,0.5951845457,-0.668048633124,95.1377639771
23.338589,-0.849058366095,-0.109296131137,0.247737897243,0.401135976032,3.05568972947,-1.16160695163,-0.319834994274,92.6044998169,0.544563179699,-1.17349530273,-0.357417523577,1.66590313564,0.577543766639,0.5951845457,-0.669199118715,95.1377639771
23.348606,-0.848674870898,-0.10891263594,0.24812139244,0.401902966426,3.05645671986,-1.16237394202,-0.319834994274,92.6044998169,0.544179684502,-1.17272831234,-0.356267037986,1.66667012604,0.577927261836,0.5951845457,-0.668815623518,95.1377639771
23.358605,-0.848291375701,-0.109679626334,0.248504887637,0.401135976032,3.05645671986,-1.16160695163,-0.319451499077,92.6044998169,0.544946674896,-1.17349530273,-0.356267037986,1.66667012604,0.577927261836,0.5951845457,-0.668815623518,95.1377639771
23.368602,-0.847907880504,-0.10891263594,0.247737897243,0.401519471229,3.05568972947,-1.16199044682,-0.320601984668,92.6044998169,0.545330170093,-1.17311180754,-0.355883542789,1.66782061163,0.577927261836,0.595951536093,-0.670733099503,95.1377639771
23.378599,-0.847907880504,-0.110063121531,0.24812139244,0.401135976032,3.05568972947,-1.16160695163,-0.31906800388,92.6044998169,0.546097160487,-1.17272831234,-0.356267037986,1.66858760202,0.577543766639,0.5951845457,-0.669582613912,95.1377639771
23.388630,-0.847907880504,-0.109296131137,0.248888382834,0.401135976032,3.05645671986,-1.16160695163,-0.319834994274,92.6044998169,0.54571366529,-1.17234481714,-0.355500047592,1.66782061163,0.57869425223,0.5951845457,-0.668432128321,95.1377639771
23.398599,-0.848291375701,-0.110063121531,0.248504887637,0.401519471229,3.05645671986,-1.16160695163,-0.320218489471,92.6044998169,0.546097160487,-1.17311180754,-0.355500047592,1.66858760202,0.577927261836,0.595951536093,-0.668815623518,95.1377639771
23.408586,-0.848291375701,-0.10891263594,0.24812139244,0.401519471229,3.05607322466,-1.16199044682,-0.320601984668,92.6044998169,0.545330170093,-1.17311180754,-0.355883542789,1.66858760202,0.577927261836,0.595568040897,-0.668815623518,95.1377639771
23.418581,-0.847907880504,-0.109679626334,0.248504887637,0.401902966426,3.05645671986,-1.16160695163,-0.320218489471,92.6044998169,0.546864150881,-1.17196132194,-0.355500047592,1.66820410683,0.578310757033,0.595568040897,-0.668815623518,95.1377639771
23.428636,-0.848291375701,-0.110063121531,0.247737897243,0.401135976032,3.05607322466,-1.16275743722,-0.319451499077,92.6044998169,0.546480655684,-1.17157782675,-0.356650533183,1.66897109722,0.578310757033,0.5951845457,-0.669199118715,95.1377639771
23.438667,-0.848674870898,-0.110063121531,0.248504887637,0.401135976032,3.05645671986,-1.16275743722,-0.320218489471,92.6044998169,0.546864150881,-1.17157782675,-0.356650533183,1.66897109722,0.579077747427,0.5951845457,-0.668432128321,95.1377639771
23.448667,-0.848674870898,-0.109679626334,0.247737897243,0.400752480835,3.05645671986,-1.16160695163,-0.319451499077,92.6044998169,0.547631141275,-1.17234481714,-0.355883542789,1.66973808761,0.57869425223,0.59633503129,-0.668815623518,95.1377639771
23.458647,-0.848291375701,-0.109296131137,0.24812139244,0.400752480835,3.05684021506,-1.16199044682,-0.319451499077,92.6044998169,0.547631141275,-1.17157782675,-0.356267037986,1.67012158281,0.57869425223,0.595951536093,-0.668432128321,95.1377639771
23.468662,-0.848291375701,-0.109679626334,0.247737897243,0.401519471229,3.05607322466,-1.16160695163,-0.31906800388,92.6044998169,0.548398131669,-1.17196132194,-0.356267037986,1.66935459242,0.578310757033,0.5951845457,-0.668432128321,95.1377639771
23.478656,-0.847907880504,-0.10891263594,0.248504887637,0.401519471229,3.05607322466,-1.16199044682,-0.320218489471,92.6044998169,0.549165122063,-1.17196132194,-0.355883542789,1.66935459242,0.57869425223,0.595951536093,-0.668048633124,95.1377639771
23.488651,-0.847524385307,-0.10891263594,0.248504887637,0.400752480835,3.05645671986,-1.16237394202,-0.319451499077,92.6044998169,0.549165122063,-1.17119433155,-0.355883542789,1.6708885732,0.578310757033,0.595568040897,-0.668815623518,95.1377639771
23.498714,-0.849058366095,-0.109296131137,0.247354402047,0.401135976032,3.05645671986,-1.16275743722,-0.319834994274,92.6044998169,0.549932112457,-1.17157782675,-0.355883542789,1.6708885732,0.57869425223,0.5951845457,-0.668815623518,95.1377639771
23.508668,-0.849058366095,-0.109679626334,0.248504887637,0.401519471229,3.05607322466,-1.16199044682,-0.319451499077,92.6044998169,0.54954861726,-1.17196132194,-0.355883542789,1.67012158281,0.57869425223,0.595568040897,-0.668432128321,95.1377639771
23.518641,-0.848674870898,-0.10891263594,0.24812139244,0.402286461623,3.05645671986,-1.16199044682,-0.31906800388,92.6044998169,0.549165122063,-1.17196132194,-0.356650533183,1.6708885732,0.578310757033,0.595951536093,-0.668815623518,95.1377639771
23.528682,-0.847907880504,-0.109679626334,0.248504887637,0.401519471229,3.05607322466,-1.16199044682,-0.319451499077,92.6044998169,0.54954861726,-1.17196132194,-0.355883542789,1.6708885732,0.577543766639,0.59633503129,-0.668815623518,95.1377639771
23.538683,-0.848674870898,-0.109679626334,0.24812139244,0.401519471229,3.05607322466,-1.16237394202,-0.320218489471,92.6044998169,0.549165122063,-1.17196132194,-0.356267037986,1.6712720684,0.578310757033,0.59633503129,-0.669199118715,95.1377639771
23.548680,-0.849441861292,-0.109296131137,0.248504887637,0.401519471229,3.05607322466,-1.16275743722,-0.319834994274,92.6044998169,0.549932112457,-1.17196132194,-0.355500047592,1.6708885732,0.57869425223,0.595568040897,-0.668432128321,95.1377639771
23.558693,-0.849058366095,-0.10891263594,0.24812139244,0.401135976032,3.05645671986,-1.16199044682,-0.319834994274,92.6044998169,0.549932112457,-1.17234481714,-0.355883542789,1.6708885732,0.57869425223,0.5951845457,-0.668815623518,95.1377639771
23.568666,-0.847907880504,-0.109679626334,0.247737897243,0.401519471229,3.05568972947,-1.16275743722,-0.319451499077,92.6044998169,0.550315607654,-1.17272831234,-0.355500047592,1.6708885732,0.578310757033,0.595951536093,-0.668432128321,95.1377639771
23.578685,-0.848674870898,-0.109296131137,0.24812139244,0.401135976032,3.05645671986,-1.16275743722,-0.320601984668,92.6044998169,0.550315607654,-1.17234481714,-0.35703402838,1.6712720684,0.579077747427,0.595568040897,-0.668048633124,95.1377639771
23.588680,-0.848674870898,-0.108529140743,0.248504887637,0.401902966426,3.05607322466,-1.16199044682,-0.320218489471,92.6044998169,0.54954861726,-1.17234481714,-0.355883542789,1.6720390588,0.577927261836,0.5951845457,-0.668048633124,95.1377639771
23.598617,-0.848674870898,-0.109679626334,0.247737897243,0.401902966426,3.05568972947,-1.16199044682,-0.319451499077,92.6044998169,0.550315607654,-1.17196132194,-0.355500047592,1.67242255399,0.57869425223,0.595951536093,-0.669199118715,95.1377639771
23.608604,-0.849441861292,-0.109679626334,0.247737897243,0.401135976032,3.05645671986,-1.16275743722,-0.320218489471,92.6044998169,0.550699102851,-1.17234481714,-0.355883542789,1.6716555636,0.578310757033,0.595951536093,-0.668815623518,95.1377639771
23.618609,-0.848291375701,-0.109296131137,0.248504887637,0.401135976032,3.05607322466,-1.16199044682,-0.319834994274,92.6044998169,0.550315607654,-1.17234481714,-0.356267037986,1.6712720684,0.57869425223,0.595951536093,-0.668815623518,95.1377639771
23.628606,-0.848674870898,-0.109679626334,0.248504887637,0.401135976032,3.05645671986,-1.16160695163,-0.319834994274,92.6044998169,0.550699102851,-1.17234481714,-0.355883542789,1.6708885732,0.57869425223,0.595568040897,-0.668432128321,95.1377639771
23.638621,-0.848674870898,-0.109679626334,0.248504887637,0.401519471229,3.05607322466,-1.16199044682,-0.319834994274,92.6044998169,0.550315607654,-1.17349530273,-0.355500047592,1.6712720684,0.57869425223,0.594801050503,-0.669582613912,95.1377639771
23.648626,-0.848291375701,-0.110063121531,0.24697090685,0.401902966426,3.05684021506,-1.16160695163,-0.319834994274,92.6044998169,0.549932112457,-1.17349530273,-0.356267037986,1.6712720684,0.57869425223,0.595568040897,-0.668815623518,95.1377639771
23.658671,-0.848291375701,-0.110063121531,0.248504887637,0.401135976032,3.05568972947,-1.16199044682,-0.319451499077,92.6044998169,0.549932112457,-1.17234481714,-0.355500047592,1.67012158281,0.579077747427,0.5951845457,-0.669582613912,95.1377639771
23.668637,-0.848674870898,-0.110063121531,0.248504887637,0.402286461623,3.05607322466,-1.16199044682,-0.319834994274,92.6044998169,0.549932112457,-1.17234481714,-0.356650533183,1.6712720684,0.578310757033,0.595568040897,-0.668432128321,95.1377639771
23.678631,-0.848291375701,-0.110063121531,0.248888382834,0.401135976032,3.05645671986,-1.16160695163,-0.319451499077,92.6044998169,0.550699102851,-1.17157782675,-0.355883542789,1.6708885732,0.57869425223,0.595568040897,-0.668432128321,95.1377639771
23.688624,-0.848291375701,-0.109296131137,0.24812139244,0.400752480835,3.05607322466,-1.16237394202,-0.319451499077,92.6044998169,0.550699102851,-1.17272831234,-0.355500047592,1.6708885732,0.57869425223,0.5951845457,-0.668815623518,95.1377639771
23.698636,-0.849058366095,-0.110446616728,0.24812139244,0.401519471229,3.05645671986,-1.16160695163,-0.31906800388,92.6044998169,0.550315607654,-1.17272831234,-0.35703402838,1.6708885732,0.578310757033,0.5951845457,-0.670733099503,95.1377639771
23.708638,-0.848291375701,-0.111213607122,0.248504887637,0.401135976032,3.05607322466,-1.16199044682,-0.319834994274,92.6044998169,0.549932112457,-1.17234481714,-0.356267037986,1.67050507801,0.57869425223,0.5951845457,-0.668815623518,95.1377639771
23.718671,-0.848674870898,-0.110063121531,0.248888382834,0.401135976032,3.05645671986,-1.16160695163,-0.319834994274,92.6044998169,0.549932112457,-1.17234481714,-0.355500047592,1.6716555636,0.57869425223,0.594801050503,-0.669582613912,95.1377639771
23.728672,-0.848674870898,-0.110446616728,0.24812139244,0.401135976032,3.05568972947,-1.16122345643,-0.319834994274,92.6044998169,0.550315607654,-1.17272831234,-0.355883542789,1.6708885732,0.579077747427,0.595568040897,-0.669199118715,95.1377639771
23.738721,-0.848291375701,-0.110446616728,0.248888382834,0.400752480835,3.05645671986,-1.16199044682,-0.31906800388,92.6044998169,0.550315607654,-1.17196132194,-0.355500047592,1.6716555636,0.578310757033,0.596718526487,-0.668815623518,95.1377639771
23.748689,-0.848291375701,-0.110446616728,0.248504887637,0.401519471229,3.05684021506,-1.16199044682,-0.31906800388,92.6044998169,0.549932112457,-1.17234481714,-0.355883542789,1.6708885732,0.578310757033,0.5951845457,-0.669582613912,95.1377639771
23.758637,-0.848674870898,-0.110063121531,0.248504887637,0.401135976032,3.05645671986,-1.16199044682,-0.31906800388,92.6044998169,0.550315607654,-1.17234481714,-0.355500047592,1.6720390588,0.579077747427,0.595568040897,-0.668815623518,95.1377639771
23.768669,-0.848674870898,-0.110063121531,0.248504887637,0.401902966426,3.05645671986,-1.16160695163,-0.319834994274,92.6044998169,0.549165122063,-1.17196132194,-0.355500047592,1.67242255399,0.57869425223,0.595951536093,-0.668815623518,95.1377639771
23.778670,-0.849825356489,-0.110446616728,0.247737897243,0.400752480835,3.05607322466,-1.16199044682,-0.319451499077,92.6044998169,0.550315607654,-1.17196132194,-0.356650533183,1.6716555636,0.57869425223,0.595568040897,-0.668815623518,95.1377639771
23.788679,-0.848291375701,-0.110830111925,0.24812139244,0.400752480835,3.05645671986,-1.16160695163,-0.319834994274,92.6044998169,0.549932112457,-1.17196132194,-0.355500047592,1.6716555636,0.57869425223,0.595568040897,-0.668432128321,95.1377639771
23.798689,-0.849058366095,-0.110446616728,0.247737897243,0.400752480835,3.05645671986,-1.16237394202,-0.319834994274,92.6044998169,0.549932112457,-1.17157782675,-0.356267037986,1.6712720684,0.578310757033,0.5951845457,-0.668432128321,95.1377639771
23.808694,-0.848674870898,-0.111213607122,0.248504887637,0.400368985638,3.05645671986,-1.16237394202,-0.319834994274,92.6044998169,0.54954861726,-1.17196132194,-0.356650533183,1.67242255399,0.579461242624,0.595951536093,-0.669199118715,95.1377639771
23.818713,-0.848674870898,-0.110446616728,0.24812139244,0.400368985638,3.05645671986,-1.16237394202,-0.320985479865,92.6044998169,0.550315607654,-1.17196132194,-0.355500047592,1.6716555636,0.57869425223,0.59633503129,-0.669199118715,95.1377639771
23.828690,-0.849058366095,-0.110830111925,0.248504887637,0.401519471229,3.05645671986,-1.16237394202,-0.320218489471,92.6044998169,0.551082598048,-1.17272831234,-0.355883542789,1.6712720684,0.57869425223,0.595568040897,-0.668815623518,95.1377639771
23.838678,-0.848674870898,-0.110830111925,0.248504887637,0.401519471229,3.05607322466,-1.16199044682,-0.320601984668,92.6044998169,0.550699102851,-1.17234481714,-0.355883542789,1.6720390588,0.579077747427,0.595568040897,-0.668432128321,95.1377639771
23.848669,-0.849058366095,-0.110063121531,0.248504887637,0.401135976032,3.05645671986,-1.16237394202,-0.320218489471,92.6044998169,0.549932112457,-1.17196132194,-0.355116552395,1.6720390588,0.579077747427,0.595568040897,-0.669199118715,95.1377639771
23.858676,-0.848291375701,-0.110446616728,0.247737897243,0.401135976032,3.05645671986,-1.16122345643,-0.320601984668,92.6044998169,0.54954861726,-1.17196132194,-0.355500047592,1.67242255399,0.578310757033,0.5951845457,-0.669199118715,95.1377639771
23.868671,-0.848674870898,-0.109679626334,0.248504887637,0.401135976032,3.05607322466,-1.16237394202,-0.320218489471,92.6044998169,0.550315607654,-1.17234481714,-0.355883542789,1.6716555636,0.578310757033,0.5951845457,-0.668432128321,95.1377639771
23.878675,-0.849058366095,-0.110446616728,0.24812139244,0.400752480835,3.05645671986,-1.16275743722,-0.320218489471,92.6044998169,0.549932112457,-1.17081083635,-0.355116552395,1.6720390588,0.57869425223,0.5951845457,-0.668815623518,95.1377639771
23.888667,-0.849058366095,-0.109296131137,0.247737897243,0.400368985638,3.05568972947,-1.16199044682,-0.31906800388,92.6044998169,0.551082598048,-1.17234481714,-0.355500047592,1.6716555636,0.578310757033,0.595568040897,-0.668048633124,95.1377639771
23.898685,-0.849441861292,-0.110830111925,0.24812139244,0.401135976032,3.05645671986,-1.16199044682,-0.320601984668,92.6044998169,0.549165122063,-1.17196132194,-0.356267037986,1.67242255399,0.579077747427,0.595568040897,-0.668815623518,95.1377639771
23.908742,-0.849058366095,-0.110446616728,0.247354402047,0.401519471229,3.05568972947,-1.16199044682,-0.319451499077,92.6044998169,0.549932112457,-1.17234481714,-0.355500047592,1.6712720684,0.57869425223,0.595951536093,-0.669199118715,95.1377639771
23.918722,-0.849058366095,-0.109679626334,0.247737897243,0.401902966426,3.05645671986,-1.16275743722,-0.319451499077,92.6044998169,0.54954861726,-1.17272831234,-0.356267037986,1.6708885732,0.579077747427,0.595951536093,-0.668815623518,95.1377639771
23.928711,-0.849441861292,-0.109296131137,0.248504887637,0.401519471229,3.05607322466,-1.16237394202,-0.319834994274,92.6044998169,0.551082598048,-1.17234481714,-0.356267037986,1.6712720684,0.579077747427,0.595568040897,-0.668815623518,95.1377639771
23.938722,-0.848674870898,-0.110830111925,0.24812139244,0.401519471229,3.05645671986,-1.16160695163,-0.320218489471,92.6044998169,0.54954861726,-1.17234481714,-0.355500047592,1.6708885732,0.57869425223,0.595568040897,-0.668815623518,95.1377639771
23.948650,-0.849058366095,-0.110446616728,0.24812139244,0.402286461623,3.05607322466,-1.16199044682,-0.320218489471,92.6044998169,0.549932112457,-1.17234481714,-0.355883542789,1.6708885732,0.579077747427,0.595951536093,-0.670733099503,95.1377639771
23.958634,-0.849058366095,-0.110830111925,0.247737897243,0.401902966426,3.05645671986,-1.16199044682,-0.31906800388,92.6044998169,0.54954861726,-1.17196132194,-0.355883542789,1.6720390588,0.57869425223,0.595568040897,-0.668048633124,95.1377639771
23.968671,-0.848674870898,-0.109296131137,0.24812139244,0.401519471229,3.05645671986,-1.16199044682,-0.319451499077,92.6044998169,0.549932112457,-1.17234481714,-0.355500047592,1.6716555636,0.579077747427,0.594801050503,-0.669199118715,95.1377639771
23.978636,-0.849058366095,-0.109679626334,0.248888382834,0.401902966426,3.05645671986,-1.16199044682,-0.319834994274,92.6044998169,0.550315607654,-1.17234481714,-0.355500047592,1.6716555636,0.579077747427,0.5951845457,-0.669199118715,95.1377639771
23.988680,-0.848674870898,-0.109679626334,0.248504887637,0.401519471229,3.05760720545,-1.16122345643,-0.318684508683,92.6044998169,0.550315607654,-1.17311180754,-0.355883542789,1.6716555636,0.57869425223,0.595951536093,-0.669199118715,95.1377639771
23.998686,-0.848674870898,-0.110446616728,0.248504887637,0.401135976032,3.05607322466,-1.16275743722,-0.319834994274,92.6044998169,0.549932112457,-1.17234481714,-0.355500047592,1.6716555636,0.579077747427,0.5951845457,-0.668432128321,95.1377639771
24.008657,-0.848674870898,-0.110446616728,0.248504887637,0.401135976032,3.05684021506,-1.16199044682,-0.31906800388,92.6044998169,0.550315607654,-1.17272831234,-0.355883542789,1.6708885732,0.579077747427,0.5951845457,-0.668815623518,95.1377639771
24.018638,-0.849058366095,-0.110063121531,0.24812139244,0.401519471229,3.05645671986,-1.16160695163,-0.319834994274,92.6044998169,0.550315607654,-1.17272831234,-0.355883542789,1.6720390588,0.579077747427,0.5951845457,-0.6711165947,95.1377639771
24.028651,-0.847907880504,-0.109679626334,0.248504887637,0.401902966426,3.05607322466,-1.16199044682,-0.319451499077,92.6044998169,0.550699102851,-1.17234481714,-0.355883542789,1.6708885732,0.57869425223,0.5951845457,-0.668432128321,95.1377639771
24.038660,-0.847907880504,-0.109679626334,0.248504887637,0.401135976032,3.05645671986,-1.16160695163,-0.320218489471,92.6044998169,0.54954861726,-1.17272831234,-0.355500047592,1.6712720684,0.579461242624,0.594801050503,-0.668815623518,95.1377639771
24.048676,-0.848674870898,-0.109296131137,0.248504887637,0.401135976032,3.05607322466,-1.16199044682,-0.319834994274,92.6044998169,0.551082598048,-1.17272831234,-0.355116552395,1.6716555636,0.579077747427,0.595568040897,-0.669199118715,95.1377639771
24.058733,-0.848291375701,-0.109679626334,0.24812139244,0.401135976032,3.05645671986,-1.16199044682,-0.320218489471,92.6044998169,0.550315607654,-1.17272831234,-0.355500047592,1.6716555636,0.579461242624,0.5951845457,-0.669966109109,95.1377639771
24.068707,-0.847907880504,-0.110063121531,0.248504887637,0.401519471229,3.05607322466,-1.16160695163,-0.319834994274,92.6044998169,0.549932112457,-1.17272831234,-0.356267037986,1.6708885732,0.580228233018,0.595568040897,-0.668815623518,95.1377639771
24.078698,-0.848674870898,-0.110446616728,0.248888382834,0.402286461623,3.05645671986,-1.16160695163,-0.320218489471,92.6044998169,0.550315607654,-1.17196132194,-0.355116552395,1.6716555636,0.579461242624,0.595951536093,-0.668432128321,95.1377639771
24.088683,-0.848674870898,-0.110063121531,0.248504887637,0.401519471229,3.05607322466,-1.16275743722,-0.320218489471,92.6044998169,0.54954861726,-1.17272831234,-0.355883542789,1.6716555636,0.579461242624,0.595568040897,-0.669966109109,95.1377639771
24.098661,-0.848291375701,-0.109679626334,0.24812139244,0.401902966426,3.05607322466,-1.16237394202,-0.319451499077,92.6044998169,0.550315607654,-1.17272831234,-0.355500047592,1.6712720684,0.580228233018,0.595951536093,-0.669582613912,95.1377639771
24.108651,-0.848291375701,-0.110446616728,0.248504887637,0.401519471229,3.05607322466,-1.16122345643,-0.319834994274,92.6044998169,0.54954861726,-1.17272831234,-0.355500047592,1.67050507801,0.580228233018,0.595951536093,-0.669966109109,95.1377639771
24.118662,-0.847907880504,-0.110063121531,0.24812139244,0.401902966426,3.05645671986,-1.16199044682,-0.319451499077,92.6044998169,0.549932112457,-1.17234481714,-0.356650533183,1.67050507801,0.580611728215,0.595568040897,-0.669199118715,95.1377639771
24.128636,-0.849058366095,-0.110446616728,0.248504887637,0.401902966426,3.05607322466,-1.16199044682,-0.319451499077,92.6044998169,0.549932112457,-1.17272831234,-0.356650533183,1.6712720684,0.579844737821,0.595568040897,-0.668815623518,95.1377639771
24.138660,-0.848674870898,-0.110830111925,0.249271878031,0.401902966426,3.05645671986,-1.16199044682,-0.319451499077,92.6044998169,0.549932112457,-1.17311180754,-0.356267037986,1.6716555636,0.580228233018,0.594801050503,-0.668815623518,95.1377639771
24.148628,-0.848291375701,-0.110063121531,0.248504887637,0.402286461623,3.05568972947,-1.16237394202,-0.319451499077,92.6044998169,0.54954861726,-1.17272831234,-0.355883542789,1.6712720684,0.580995223412,0.595951536093,-0.668432128321,95.1377639771
24.158643,-0.849058366095,-0.110446616728,0.248504887637,0.402286461623,3.05645671986,-1.16237394202,-0.319834994274,92.6044998169,0.54954861726,-1.17234481714,-0.355883542789,1.6720390588,0.580228233018,0.595951536093,-0.668432128321,95.1377639771
24.168640,-0.848291375701,-0.110446616728,0.24812139244,0.40266995682,3.05684021506,-1.16199044682,-0.31906800388,92.6044998169,0.549932112457,-1.17272831234,-0.355500047592,1.6712720684,0.580611728215,0.595951536093,-0.669199118715,95.1377639771
24.178624,-0.848674870898,-0.110446616728,0.248504887637,0.401902966426,3.05607322466,-1.16199044682,-0.31906800388,92.6044998169,0.548781626866,-1.17234481714,-0.356267037986,1.6712720684,0.579461242624,0.59633503129,-0.668815623518,95.1377639771
24.188690,-0.848674870898,-0.110446616728,0.248504887637,0.401902966426,3.05684021506,-1.16275743722,-0.320218489471,92.6044998169,0.54954861726,-1.17272831234,-0.355883542789,1.6720390588,0.580228233018,0.595951536093,-0.669582613912,95.1377639771
24.198670,-0.848291375701,-0.110063121531,0.247737897243,0.401135976032,3.05607322466,-1.16160695163,-0.319451499077,92.6044998169,0.549932112457,-1.17196132194,-0.355883542789,1.6720390588,0.580228233018,0.595568040897,-0.669199118715,95.1377639771
24.208666,-0.847907880504,-0.109679626334,0.24812139244,0.401135976032,3.05607322466,-1.16237394202,-0.319451499077,92.6044998169,0.549932112457,-1.17272831234,-0.355500047592,1.67050507801,0.580228233018,0.59633503129,-0.668815623518,95.1377639771
24.218684,-0.849058366095,-0.110063121531,0.24812139244,0.401135976032,3.05645671986,-1.16122345643,-0.319451499077,92.6044998169,0.549165122063,-1.17272831234,-0.355500047592,1.6712720684,0.579844737821,0.595568040897,-0.669199118715,95.1377639771
24.228694,-0.849825356489,-0.110446616728,0.24812139244,0.401135976032,3.05684021506,-1.16275743722,-0.319834994274,92.6044998169,0.548781626866,-1.17234481714,-0.356267037986,1.6720390588,0.580228233018,0.5951845457,-0.668432128321,95.1377639771
24.238651,-0.847907880504,-0.110063121531,0.248504887637,0.401135976032,3.05684021506,-1.16237394202,-0.319834994274,92.6044998169,0.54954861726,-1.17272831234,-0.355883542789,1.6720390588,0.579461242624,0.5951845457,-0.668432128321,95.1377639771
24.248642,-0.848674870898,-0.109679626334,0.248888382834,0.401519471229,3.05568972947,-1.16237394202,-0.319451499077,92.6044998169,0.54954861726,-1.17234481714,-0.355500047592,1.67242255399,0.579844737821,0.595951536093,-0.668815623518,95.1377639771
24.258619,-0.848674870898,-0.110446616728,0.248504887637,0.401135976032,3.05607322466,-1.16199044682,-0.319834994274,92.6044998169,0.548398131669,-1.17272831234,-0.355500047592,1.6712720684,0.580228233018,0.595568040897,-0.668432128321,95.1377639771
24.268631,-0.849058366095,-0.110830111925,0.24812139244,0.401519471229,3.05568972947,-1.16160695163,-0.319451499077,92.6044998169,0.548398131669,-1.17311180754,-0.355116552395,1.6720390588,0.579844737821,0.595951536093,-0.668815623518,95.1377639771
24.278625,-0.848674870898,-0.110446616728,0.247354402047,0.401135976032,3.05645671986,-1.16199044682,-0.319451499077,92.6044998169,0.548014636472,-1.17272831234,-0.355500047592,1.6708885732,0.580995223412,0.5951845457,-0.669582613912,95.1377639771
24.288587,-0.848674870898,-0.110446616728,0.247737897243,0.401519471229,3.05645671986,-1.16160695163,-0.31906800388,92.6044998169,0.548781626866,-1.17272831234,-0.355116552395,1.6708885732,0.580995223412,0.595568040897,-0.669582613912,95.1377639771
24.298585,-0.849058366095,-0.110063121531,0.24812139244,0.401902966426,3.05568972947,-1.16237394202,-0.319451499077,92.6044998169,0.548398131669,-1.17196132194,-0.355500047592,1.6712720684,0.581378718609,0.594801050503,-0.668815623518,95.1377639771
24.308584,-0.849058366095,-0.110063121531,0.24812139244,0.400752480835,3.05607322466,-1.16199044682,-0.320218489471,92.6044998169,0.548014636472,-1.17234481714,-0.355500047592,1.6712720684,0.580228233018,0.595951536093,-0.668432128321,95.1377639771
24.318586,-0.849825356489,-0.109296131137,0.247354402047,0.401519471229,3.05645671986,-1.16199044682,-0.31906800388,92.6044998169,0.547247646078,-1.17196132194,-0.355500047592,1.6716555636,0.580611728215,0.5951845457,-0.668432128321,95.1377639771
24.328583,-0.848674870898,-0.110063121531,0.248504887637,0.400752480835,3.05684021506,-1.16275743722,-0.31906800388,92.6044998169,0.547631141275,-1.17234481714,-0.355500047592,1.67050507801,0.580995223412,0.5951845457,-0.668432128321,95.1377639771
24.338654,-0.849058366095,-0.110063121531,0.247737897243,0.401519471229,3.05684021506,-1.16199044682,-0.320601984668,92.6044998169,0.547631141275,-1.17311180754,-0.355500047592,1.67012158281,0.579461242624,0.595568040897,-0.668815623518,95.1377639771
24.348616,-0.849058366095,-0.110446616728,0.248504887637,0.401902966426,3.05607322466,-1.16160695163,-0.319834994274,92.6044998169,0.547631141275,-1.17234481714,-0.355116552395,1.67012158281,0.580995223412,0.5951845457,-0.668815623518,95.1377639771
24.358590,-0.849058366095,-0.110446616728,0.248504887637,0.401902966426,3.05607322466,-1.16237394202,-0.319451499077,92.6044998169,0.547631141275,-1.17311180754,-0.355883542789,1.6712720684,0.580995223412,0.5951845457,-0.669966109109,95.1377639771
24.368620,-0.849058366095,-0.110063121531,0.248504887637,0.401902966426,3.05607322466,-1.16199044682,-0.31906800388,92.6044998169,0.547247646078,-1.17234481714,-0.355116552395,1.6716555636,0.580995223412,0.595568040897,-0.668815623518,95.1377639771
24.378596,-0.849825356489,-0.110446616728,0.24812139244,0.401519471229,3.05607322466,-1.16199044682,-0.319834994274,92.6044998169,0.547247646078,-1.17272831234,-0.355883542789,1.67050507801,0.581378718609,0.5951845457,-0.668815623518,95.1377639771
24.388592,-0.848674870898,-0.111213607122,0.248504887637,0.401135976032,3.05684021506,-1.16237394202,-0.319451499077,92.6044998169,0.546864150881,-1.17234481714,-0.354733057199,1.6712720684,0.581378718609,0.595951536093,-0.668815623518,95.1377639771
24.398577,-0.849058366095,-0.110446616728,0.24812139244,0.401519471229,3.05645671986,-1.16160695163,-0.320218489471,92.6044998169,0.546864150881,-1.17196132194,-0.355116552395,1.6708885732,0.580995223412,0.594801050503,-0.668432128321,95.1377639771
24.408577,-0.848674870898,-0.110830111925,0.247737897243,0.401135976032,3.05607322466,-1.16275743722,-0.320218489471,92.6044998169,0.546480655684,-1.17272831234,-0.355500047592,1.67012158281,0.580228233018,0.595951536093,-0.669966109109,95.1377639771
24.418576,-0.848674870898,-0.111213607122,0.247737897243,0.401902966426,3.05568972947,-1.16237394202,-0.320601984668,92.6044998169,0.546097160487,-1.17196132194,-0.355116552395,1.6708885732,0.580611728215,0.595568040897,-0.668048633124,95.1377639771
24.428576,-0.848674870898,-0.110446616728,0.248504887637,0.401135976032,3.05607322466,-1.16199044682,-0.320218489471,92.6044998169,0.544946674896,-1.17234481714,-0.355883542789,1.6708885732,0.580995223412,0.594801050503,-0.668048633124,95.1377639771
24.438577,-0.849441861292,-0.110446616728,0.24812139244,0.401902966426,3.05607322466,-1.16199044682,-0.319834994274,92.6044998169,0.54571366529,-1.17234481714,-0.355116552395,1.6712720684,0.580228233018,0.5951845457,-0.669966109109,95.1377639771
24.448575,-0.848291375701,-0.110446616728,0.24812139244,0.402286461623,3.05568972947,-1.16083996123,-0.319451499077,92.6044998169,0.54571366529,-1.17349530273,-0.355883542789,1.6708885732,0.580611728215,0.595951536093,-0.670733099503,95.1377639771
24.458572,-0.847907880504,-0.110830111925,0.248888382834,0.401519471229,3.05645671986,-1.16122345643,-0.31906800388,92.6044998169,0.544563179699,-1.17349530273,-0.354733057199,1.67012158281,0.581378718609,0.5951845457,-0.668815623518,95.1377639771
24.468574,-0.847907880504,-0.110830111925,0.248504887637,0.401135976032,3.05645671986,-1.16237394202,-0.319451499077,92.6044998169,0.545330170093,-1.17234481714,-0.355500047592,1.6708885732,0.580995223412,0.594801050503,-0.668815623518,95.1377639771
24.478579,-0.848291375701,-0.110830111925,0.249271878031,0.401519471229,3.05607322466,-1.16237394202,-0.319834994274,92.6044998169,0.544946674896,-1.17272831234,-0.354349562002,1.67012158281,0.580995223412,0.594801050503,-0.668432128321,95.1377639771
24.488576,-0.849058366095,-0.110063121531,0.248888382834,0.401902966426,3.05645671986,-1.16237394202,-0.320218489471,92.6044998169,0.544563179699,-1.17272831234,-0.355116552395,1.67050507801,0.580995223412,0.595568040897,-0.668815623518,95.1377639771
24.498573,-0.848291375701,-0.111213607122,0.248888382834,0.401519471229,3.05684021506,-1.16199044682,-0.319451499077,92.6044998169,0.544179684502,-1.17272831234,-0.355883542789,1.6712720684,0.580995223412,0.595568040897,-0.669582613912,95.1377639771
24.508574,-0.847524385307,-0.110446616728,0.24812139244,0.401135976032,3.05645671986,-1.16160695163,-0.31906800388,92.6044998169,0.543796189305,-1.17196132194,-0.355500047592,1.6708885732,0.580995223412,0.5951845457,-0.668432128321,95.1377639771
24.518574,-0.848674870898,-0.110446616728,0.248888382834,0.402286461623,3.05684021506,-1.16199044682,-0.31906800388,92.6044998169,0.544179684502,-1.17234481714,-0.355500047592,1.66935459242,0.580611728215,0.594801050503,-0.668432128321,95.1377639771
24.528573,-0.848291375701,-0.110830111925,0.24812139244,0.401902966426,3.05645671986,-1.16199044682,-0.319834994274,92.6044998169,0.543412694108,-1.17234481714,-0.355116552395,1.67050507801,0.580995223412,0.5951845457,-0.669199118715,95.1377639771
24.538585,-0.849058366095,-0.110446616728,0.24812139244,0.401135976032,3.05645671986,-1.16199044682,-0.319834994274,92.6044998169,0.544179684502,-1.17311180754,-0.355500047592,1.67050507801,0.580995223412,0.595568040897,-0.668815623518,95.1377639771
24.548586,-0.848674870898,-0.110446616728,0.248888382834,0.400752480835,3.05607322466,-1.16199044682,-0.319834994274,92.6044998169,0.543412694108,-1.17272831234,-0.356267037986,1.66973808761,0.580995223412,0.594801050503,-0.668815623518,95.1377639771
24.558591,-0.849058366095,-0.110446616728,0.248504887637,0.401135976032,3.05607322466,-1.16237394202,-0.319451499077,92.6044998169,0.543029198911,-1.17234481714,-0.355883542789,1.67012158281,0.580611728215,0.5951845457,-0.670733099503,95.1377639771
24.568594,-0.849825356489,-0.110446616728,0.248504887637,0.400752480835,3.05607322466,-1.16160695163,-0.319834994274,92.6044998169,0.543029198911,-1.17272831234,-0.355883542789,1.67012158281,0.580995223412,0.5951845457,-0.668815623518,95.1377639771
24.578593,-0.849058366095,-0.110063121531,0.24812139244,0.401902966426,3.05607322466,-1.16237394202,-0.31906800388,92.6044998169,0.543029198911,-1.17234481714,-0.354733057199,1.67012158281,0.580995223412,0.595568040897,-0.668815623518,95.1377639771
24.588592,-0.848291375701,-0.110446616728,0.248504887637,0.401902966426,3.05568972947,-1.16314093241,-0.320218489471,92.6044998169,0.543412694108,-1.17311180754,-0.355116552395,1.67012158281,0.580995223412,0.595568040897,-0.668815623518,95.1377639771
24.598617,-0.848674870898,-0.111980597516,0.247737897243,0.400752480835,3.05568972947,-1.16275743722,-0.319451499077,92.6044998169,0.543029198911,-1.17234481714,-0.355116552395,1.67050507801,0.580995223412,0.594417555306,-0.669582613912,95.1377639771
24.608588,-0.848291375701,-0.110446616728,0.248888382834,0.401519471229,3.05645671986,-1.16199044682,-0.320601984668,92.6044998169,0.542262208517,-1.17234481714,-0.355883542789,1.66973808761,0.580995223412,0.5951845457,-0.668048633124,95.1377639771
24.618581,-0.849058366095,-0.110446616728,0.248888382834,0.402286461623,3.05607322466,-1.16160695163,-0.31906800388,92.6044998169,0.543796189305,-1.17272831234,-0.355500047592,1.66935459242,0.580611728215,0.595951536093,-0.668815623518,95.1377639771
24.628576,-0.849441861292,-0.110830111925,0.248888382834,0.401902966426,3.05645671986,-1.16237394202,-0.319834994274,92.6044998169,0.543029198911,-1.17272831234,-0.354349562002,1.67050507801,0.579844737821,0.5951845457,-0.669582613912,95.1377639771
24.638574,-0.848674870898,-0.111213607122,0.247737897243,0.401519471229,3.05645671986,-1.16275743722,-0.319834994274,92.6044998169,0.542645703714,-1.17272831234,-0.355116552395,1.66935459242,0.580228233018,0.594801050503,-0.668815623518,95.1377639771
24.648587,-0.848291375701,-0.111213607122,0.248504887637,0.401902966426,3.05645671986,-1.16237394202,-0.320218489471,92.6044998169,0.542645703714,-1.17349530273,-0.355500047592,1.66935459242,0.580611728215,0.594801050503,-0.668432128321,95.1377639771
24.658593,-0.847907880504,-0.111597102319,0.24812139244,0.401135976032,3.05568972947,-1.16160695163,-0.31906800388,92.6044998169,0.542262208517,-1.17311180754,-0.355500047592,1.66897109722,0.580228233018,0.594801050503,-0.669199118715,95.1377639771
24.668592,-0.849058366095,-0.110830111925,0.24812139244,0.401519471229,3.05607322466,-1.16237394202,-0.319834994274,92.6044998169,0.542645703714,-1.17234481714,-0.355116552395,1.66858760202,0.581378718609,0.594417555306,-0.668432128321,95.1377639771
24.678594,-0.848674870898,-0.111213607122,0.249271878031,0.402286461623,3.05607322466,-1.16160695163,-0.319451499077,92.6044998169,0.542262208517,-1.17272831234,-0.354733057199,1.66858760202,0.580995223412,0.594801050503,-0.669199118715,95.1377639771
24.688585,-0.848291375701,-0.111597102319,0.248888382834,0.401519471229,3.05568972947,-1.16160695163,-0.319834994274,92.6044998169,0.542262208517,-1.17311180754,-0.354733057199,1.66820410683,0.580995223412,0.594801050503,-0.668815623518,95.1377639771
24.698580,-0.848291375701,-0.111597102319,0.248504887637,0.401135976032,3.05645671986,-1.16199044682,-0.319834994274,92.6044998169,0.542645703714,-1.17272831234,-0.353966066805,1.66858760202,0.581378718609,0.594417555306,-0.670733099503,95.1377639771
24.708583,-0.849058366095,-0.111597102319,0.248888382834,0.401135976032,3.05568972947,-1.16160695163,-0.319834994274,92.6044998169,0.542645703714,-1.17349530273,-0.353966066805,1.66897109722,0.580995223412,0.594801050503,-0.669582613912,95.1377639771
24.718583,-0.849058366095,-0.111980597516,0.24812139244,0.402286461623,3.05645671986,-1.16160695163,-0.31906800388,92.6044998169,0.542262208517,-1.17272831234,-0.354733057199,1.66782061163,0.580611728215,0.5951845457,-0.669199118715,95.1377639771
24.728578,-0.848674870898,-0.111980597516,0.24812139244,0.401519471229,3.05645671986,-1.16083996123,-0.320218489471,92.6044998169,0.543029198911,-1.17311180754,-0.354733057199,1.66820410683,0.580611728215,0.593650564912,-0.668432128321,95.1377639771
24.738574,-0.848291375701,-0.111980597516,0.248888382834,0.401519471229,3.05568972947,-1.16199044682,-0.319451499077,92.6044998169,0.542645703714,-1.17311180754,-0.353966066805,1.66858760202,0.580228233018,0.593267069715,-0.669966109109,95.1377639771
24.748583,-0.849058366095,-0.111980597516,0.248504887637,0.401135976032,3.05645671986,-1.16199044682,-0.319451499077,92.6044998169,0.541878713321,-1.17311180754,-0.353966066805,1.66820410683,0.581378718609,0.594034060109,-0.669966109109,95.1377639771
24.758593,-0.849441861292,-0.112364092713,0.24812139244,0.401135976032,3.05607322466,-1.16160695163,-0.319834994274,92.6044998169,0.542645703714,-1.17272831234,-0.353199076411,1.66820410683,0.581378718609,0.593650564912,-0.668432128321,95.1377639771
24.768596,-0.848291375701,-0.11274758791,0.248504887637,0.401135976032,3.05568972947,-1.16122345643,-0.319834994274,92.6044998169,0.541878713321,-1.17311180754,-0.355116552395,1.66897109722,0.582145709003,0.594034060109,-0.669582613912,95.1377639771
24.778589,-0.849058366095,-0.112364092713,0.24812139244,0.400752480835,3.05645671986,-1.16237394202,-0.319834994274,92.6044998169,0.542645703714,-1.17311180754,-0.354349562002,1.66820410683,0.581762213806,0.593650564912,-0.668815623518,95.1377639771
24.788587,-0.848291375701,-0.112364092713,0.248504887637,0.401902966426,3.05645671986,-1.16237394202,-0.31906800388,92.6044998169,0.542262208517,-1.17272831234,-0.354349562002,1.66820410683,0.581378718609,0.593267069715,-0.669199118715,95.1377639771
24.798590,-0.849441861292,-0.11274758791,0.248504887637,0.401135976032,3.05645671986,-1.16237394202,-0.319834994274,92.6044998169,0.541878713321,-1.17272831234,-0.353199076411,1.66973808761,0.581378718609,0.594417555306,-0.668432128321,95.1377639771
24.808601,-0.849058366095,-0.113131083107,0.24812139244,0.401902966426,3.05645671986,-1.16237394202,-0.320601984668,92.6044998169,0.542262208517,-1.17272831234,-0.353582571608,1.66858760202,0.582145709003,0.593650564912,-0.668432128321,95.1377639771
24.818601,-0.848291375701,-0.113131083107,0.248504887637,0.401902966426,3.05645671986,-1.16275743722,-0.319834994274,92.6044998169,0.542262208517,-1.17349530273,-0.353966066805,1.66820410683,0.581762213806,0.594034060109,-0.668432128321,95.1377639771
24.828594,-0.848291375701,-0.11274758791,0.24812139244,0.401135976032,3.05607322466,-1.16199044682,-0.319834994274,92.6044998169,0.542645703714,-1.17426229313,-0.353582571608,1.66782061163,0.581762213806,0.593650564912,-0.668432128321,95.1377639771
24.838591,-0.849825356489,-0.112364092713,0.248888382834,0.400752480835,3.05607322466,-1.16199044682,-0.319451499077,92.6044998169,0.542645703714,-1.17349530273,-0.353199076411,1.66820410683,0.580611728215,0.593650564912,-0.669966109109,95.1377639771
24.848589,-0.848291375701,-0.112364092713,0.248504887637,0.401519471229,3.05684021506,-1.16160695163,-0.319834994274,92.6044998169,0.541878713321,-1.17349530273,-0.353199076411,1.66820410683,0.581378718609,0.594034060109,-0.668815623518,95.1377639771
24.858582,-0.849058366095,-0.113514578304,0.248504887637,0.400368985638,3.05607322466,-1.16160695163,-0.320218489471,92.6044998169,0.541495218124,-1.17387879793,-0.353199076411,1.66858760202,0.582145709003,0.594034060109,-0.669199118715,95.1377639771
24.868580,-0.848674870898,-0.113131083107,0.24812139244,0.400752480835,3.05568972947,-1.16199044682,-0.320218489471,92.6044998169,0.541878713321,-1.17349530273,-0.353582571608,1.66897109722,0.581378718609,0.594034060109,-0.669199118715,95.1377639771
24.878577,-0.848674870898,-0.114281568697,0.248888382834,0.401519471229,3.05607322466,-1.16237394202,-0.320218489471,92.6044998169,0.541495218124,-1.17426229313,-0.352815581214,1.66858760202,0.581762213806,0.594034060109,-0.668815623518,95.1377639771
24.888571,-0.848674870898,-0.113131083107,0.248504887637,0.401135976032,3.05684021506,-1.16160695163,-0.320218489471,92.6044998169,0.542262208517,-1.17387879793,-0.353199076411,1.66743711643,0.581762213806,0.594034060109,-0.668815623518,95.1377639771
24.898573,-0.848291375701,-0.1138980735,0.248888382834,0.401519471229,3.05684021506,-1.16160695163,-0.320218489471,92.6044998169,0.541878713321,-1.17387879793,-0.353199076411,1.66858760202,0.581762213806,0.593650564912,-0.668815623518,95.1377639771
24.908577,-0.848674870898,-0.113514578304,0.24812139244,0.401519471229,3.05645671986,-1.16122345643,-0.320218489471,92.6044998169,0.542262208517,-1.17464578832,-0.353199076411,1.66820410683,0.580995223412,0.593650564912,-0.668815623518,95.1377639771
24.918577,-0.848674870898,-0.1138980735,0.248888382834,0.401519471229,3.05607322466,-1.16275743722,-0.31906800388,92.6044998169,0.542262208517,-1.17349530273,-0.353199076411,1.66820410683,0.582145709003,0.593650564912,-0.668048633124,95.1377639771
24.928573,-0.849058366095,-0.114281568697,0.248888382834,0.401135976032,3.05645671986,-1.16275743722,-0.319451499077,92.6044998169,0.541495218124,-1.17426229313,-0.353199076411,1.66743711643,0.582145709003,0.594417555306,-0.668432128321,95.1377639771
24.938573,-0.848291375701,-0.1138980735,0.24812139244,0.401902966426,3.05607322466,-1.16199044682,-0.31906800388,92.6044998169,0.541495218124,-1.17464578832,-0.353199076411,1.66743711643,0.582145709003,0.593267069715,-0.668815623518,95.1377639771
24.948583,-0.849058366095,-0.114281568697,0.24812139244,0.401519471229,3.05645671986,-1.16237394202,-0.319834994274,92.6044998169,0.541878713321,-1.17502928352,-0.353582571608,1.66782061163,0.581762213806,0.593650564912,-0.669966109109,95.1377639771
24.958595,-0.849058366095,-0.114281568697,0.248888382834,0.401135976032,3.05645671986,-1.16160695163,-0.319834994274,92.6044998169,0.541878713321,-1.17426229313,-0.353966066805,1.66858760202,0.581378718609,0.594034060109,-0.669582613912,95.1377639771
24.968628,-0.848291375701,-0.114665063894,0.24812139244,0.402286461623,3.05645671986,-1.16160695163,-0.319834994274,92.6044998169,0.541111722927,-1.17502928352,-0.353199076411,1.66858760202,0.581762213806,0.594417555306,-0.668048633124,95.1377639771
24.978600,-0.849058366095,-0.1138980735,0.247354402047,0.40266995682,3.05607322466,-1.16199044682,-0.319834994274,92.6044998169,0.54072822773,-1.17541277872,-0.353199076411,1.66897109722,0.581762213806,0.594417555306,-0.668815623518,95.1377639771
24.988631,-0.848291375701,-0.114281568697,0.24812139244,0.401902966426,3.05684021506,-1.16160695163,-0.319834994274,92.6044998169,0.54072822773,-1.17502928352,-0.353582571608,1.66743711643,0.582145709003,0.593650564912,-0.668432128321,95.1377639771
24.998605,-0.849441861292,-0.114281568697,0.247354402047,0.401519471229,3.05684021506,-1.16199044682,-0.319834994274,92.6044998169,0.541495218124,-1.17502928352,-0.354349562002,1.66858760202,0.582145709003,0.594034060109,-0.668815623518,95.1377639771
25.008606,-0.849825356489,-0.1138980735,0.248888382834,0.401902966426,3.05607322466,-1.16160695163,-0.319834994274,92.6044998169,0.54072822773,-1.17541277872,-0.353966066805,1.66897109722,0.581762213806,0.593650564912,-0.669582613912,95.1377639771
25.018585,-0.849441861292,-0.114665063894,0.248888382834,0.401135976032,3.05607322466,-1.16122345643,-0.319834994274,92.6044998169,0.541495218124,-1.17579627391,-0.353966066805,1.66858760202,0.582145709003,0.593267069715,-0.668815623518,95.1377639771
25.028577,-0.849058366095,-0.114665063894,0.248504887637,0.400752480835,3.05645671986,-1.16237394202,-0.319451499077,92.6044998169,0.541111722927,-1.17541277872,-0.353582571608,1.66858760202,0.581762213806,0.593267069715,-0.669582613912,95.1377639771
25.038574,-0.849058366095,-0.114665063894,0.24812139244,0.401902966426,3.05722371026,-1.16237394202,-0.319834994274,92.6044998169,0.541111722927,-1.17541277872,-0.353966066805,1.66820410683,0.582145709003,0.593650564912,-0.669582613912,95.1377639771
25.048575,-0.849058366095,-0.114665063894,0.24812139244,0.401902966426,3.05684021506,-1.16160695163,-0.319451499077,92.6044998169,0.54072822773,-1.17541277872,-0.353966066805,1.66820410683,0.582529204199,0.593650564912,-0.669199118715,95.1377639771
25.058592,-0.848674870898,-0.1138980735,0.248888382834,0.401902966426,3.05645671986,-1.16237394202,-0.320218489471,92.6044998169,0.540344732533,-1.17541277872,-0.353966066805,1.66820410683,0.581762213806,0.592883574518,-0.668815623518,95.1377639771
25.068599,-0.848674870898,-0.114281568697,0.248888382834,0.401902966426,3.05645671986,-1.16275743722,-0.319451499077,92.6044998169,0.54072822773,-1.17502928352,-0.354349562002,1.66743711643,0.581378718609,0.593267069715,-0.668815623518,95.1377639771
25.078582,-0.849825356489,-0.115048559091,0.24812139244,0.401519471229,3.05568972947,-1.16199044682,-0.319451499077,92.6044998169,0.541111722927,-1.17541277872,-0.353966066805,1.66782061163,0.582145709003,0.594417555306,-0.668432128321,95.1377639771
25.088572,-0.848674870898,-0.114665063894,0.248888382834,0.401135976032,3.05645671986,-1.16237394202,-0.319834994274,92.6044998169,0.540344732533,-1.17541277872,-0.354349562002,1.66782061163,0.581762213806,0.594034060109,-0.668432128321,95.1377639771
25.098581,-0.849441861292,-0.115048559091,0.24812139244,0.401902966426,3.05568972947,-1.16083996123,-0.320218489471,92.6044998169,0.540344732533,-1.17617976911,-0.353582571608,1.66820410683,0.582529204199,0.594034060109,-0.669199118715,95.1377639771
25.108579,-0.849058366095,-0.116199044682,0.248888382834,0.401902966426,3.05568972947,-1.16160695163,-0.319451499077,92.6044998169,0.540344732533,-1.17617976911,-0.353966066805,1.66820410683,0.582912699396,0.593650564912,-0.669199118715,95.1377639771
25.118578,-0.849058366095,-0.115048559091,0.24812139244,0.401519471229,3.05645671986,-1.16199044682,-0.319451499077,92.6044998169,0.54072822773,-1.17502928352,-0.353582571608,1.66628663084,0.582912699396,0.593267069715,-0.668815623518,95.1377639771
25.128573,-0.849058366095,-0.114665063894,0.248504887637,0.401519471229,3.05607322466,-1.16199044682,-0.319451499077,92.6044998169,0.54072822773,-1.17541277872,-0.353199076411,1.66705362123,0.582145709003,0.594034060109,-0.668432128321,95.1377639771
25.138576,-0.849825356489,-0.115048559091,0.248888382834,0.401519471229,3.05645671986,-1.16199044682,-0.319834994274,92.6044998169,0.54072822773,-1.17541277872,-0.353582571608,1.66667012604,0.582529204199,0.593267069715,-0.668432128321,95.1377639771
25.148590,-0.849058366095,-0.115432054288,0.248888382834,0.401135976032,3.05645671986,-1.16237394202,-0.320218489471,92.6044998169,0.539961237336,-1.17617976911,-0.353582571608,1.66705362123,0.582145709003,0.593650564912,-0.668815623518,95.1377639771
25.158603,-0.848674870898,-0.115815549485,0.248888382834,0.401519471229,3.05568972947,-1.16160695163,-0.319451499077,92.6044998169,0.541111722927,-1.17541277872,-0.353582571608,1.66628663084,0.582529204199,0.593650564912,-0.668432128321,95.1377639771
25.168603,-0.849058366095,-0.115815549485,0.248504887637,0.401135976032,3.05607322466,-1.16237394202,-0.319834994274,92.6044998169,0.541111722927,-1.17617976911,-0.353582571608,1.66551964045,0.582529204199,0.594034060109,-0.668815623518,95.1377639771
25.178605,-0.849058366095,-0.115432054288,0.248504887637,0.401519471229,3.05607322466,-1.16199044682,-0.319834994274,92.6044998169,0.54072822773,-1.17617976911,-0.353199076411,1.66590313564,0.582529204199,0.594034060109,-0.668815623518,95.1377639771
25.188629,-0.849441861292,-0.115432054288,0.248888382834,0.401519471229,3.05645671986,-1.16199044682,-0.319451499077,92.6044998169,0.54072822773,-1.17617976911,-0.353199076411,1.66513614525,0.582145709003,0.594417555306,-0.669199118715,95.1377639771
25.198600,-0.849058366095,-0.115048559091,0.248888382834,0.400752480835,3.05645671986,-1.16199044682,-0.319834994274,92.6044998169,0.539961237336,-1.17617976911,-0.353199076411,1.66475265005,0.582529204199,0.593267069715,-0.668432128321,95.1377639771
25.208601,-0.848674870898,-0.115432054288,0.248888382834,0.402286461623,3.05645671986,-1.16160695163,-0.320218489471,92.6044998169,0.540344732533,-1.1773302547,-0.352815581214,1.66436915486,0.581762213806,0.594034060109,-0.668815623518,95.1377639771
25.218629,-0.849441861292,-0.115432054288,0.24812139244,0.401519471229,3.05607322466,-1.16199044682,-0.320601984668,92.6044998169,0.540344732533,-1.17617976911,-0.354349562002,1.66513614525,0.582529204199,0.594034060109,-0.669582613912,95.1377639771
25.228604,-0.849058366095,-0.115432054288,0.248888382834,0.401902966426,3.05645671986,-1.16122345643,-0.319834994274,92.6044998169,0.54072822773,-1.17617976911,-0.353966066805,1.66475265005,0.581762213806,0.593650564912,-0.668048633124,95.1377639771
25.238605,-0.849441861292,-0.115048559091,0.247737897243,0.401902966426,3.05645671986,-1.16237394202,-0.319451499077,92.6044998169,0.540344732533,-1.17617976911,-0.353582571608,1.66551964045,0.582529204199,0.593650564912,-0.668432128321,95.1377639771
25.248600,-0.848674870898,-0.115048559091,0.247737897243,0.401902966426,3.05645671986,-1.16199044682,-0.319451499077,92.6044998169,0.541495218124,-1.17694675951,-0.353966066805,1.66475265005,0.582529204199,0.593650564912,-0.668815623518,95.1377639771
25.258593,-0.848674870898,-0.115048559091,0.247737897243,0.401135976032,3.05607322466,-1.16160695163,-0.319834994274,92.6044998169,0.540344732533,-1.17656326431,-0.353199076411,1.66436915486,0.582529204199,0.594034060109,-0.668048633124,95.1377639771
25.268584,-0.849058366095,-0.114281568697,0.248504887637,0.401135976032,3.05645671986,-1.16160695163,-0.319834994274,92.6044998169,0.54072822773,-1.17656326431,-0.353582571608,1.66475265005,0.582145709003,0.594034060109,-0.668432128321,95.1377639771
25.278576,-0.848674870898,-0.114665063894,0.248504887637,0.401519471229,3.05568972947,-1.16160695163,-0.319451499077,92.6044998169,0.541111722927,-1.17694675951,-0.353199076411,1.66513614525,0.582529204199,0.593650564912,-0.668815623518,95.1377639771
25.288579,-0.849441861292,-0.114281568697,0.248504887637,0.401902966426,3.05607322466,-1.16160695163,-0.320218489471,92.6044998169,0.54072822773,-1.17617976911,-0.353582571608,1.66475265005,0.582912699396,0.594801050503,-0.668815623518,95.1377639771
25.298576,-0.848674870898,-0.115815549485,0.249271878031,0.401519471229,3.05645671986,-1.16160695163,-0.319834994274,92.6044998169,0.54072822773,-1.17656326431,-0.353966066805,1.66398565966,0.583296194593,0.594034060109,-0.668432128321,95.1377639771
25.308575,-0.849441861292,-0.115815549485,0.248888382834,0.400752480835,3.05607322466,-1.16199044682,-0.319451499077,92.6044998169,0.540344732533,-1.17617976911,-0.353199076411,1.66398565966,0.583296194593,0.594417555306,-0.668432128321,95.1377639771
25.318580,-0.848674870898,-0.115048559091,0.24812139244,0.401519471229,3.05684021506,-1.16237394202,-0.320218489471,92.6044998169,0.539194246942,-1.17656326431,-0.352815581214,1.66360216446,0.584063184987,0.593650564912,-0.669199118715,95.1377639771
25.328577,-0.849441861292,-0.114281568697,0.24812139244,0.401902966426,3.05645671986,-1.16237394202,-0.319451499077,92.6044998169,0.539961237336,-1.17656326431,-0.353199076411,1.66398565966,0.582529204199,0.593650564912,-0.668815623518,95.1377639771
25.338575,-0.849058366095,-0.115048559091,0.24812139244,0.402286461623,3.05607322466,-1.16237394202,-0.319451499077,92.6044998169,0.539577742139,-1.17579627391,-0.353199076411,1.66436915486,0.583296194593,0.593267069715,-0.668815623518,95.1377639771
25.348593,-0.848291375701,-0.114665063894,0.248504887637,0.401135976032,3.05607322466,-1.16160695163,-0.31906800388,92.6044998169,0.539577742139,-1.17656326431,-0.352815581214,1.66436915486,0.582529204199,0.592883574518,-0.669199118715,95.1377639771
25.358583,-0.848674870898,-0.114665063894,0.24812139244,0.401519471229,3.05607322466,-1.16275743722,-0.320218489471,92.6044998169,0.539577742139,-1.17617976911,-0.352815581214,1.66436915486,0.582912699396,0.592883574518,-0.668432128321,95.1377639771
25.368574,-0.848291375701,-0.115048559091,0.248504887637,0.400752480835,3.05645671986,-1.16160695163,-0.319834994274,92.6044998169,0.538810751745,-1.17579627391,-0.352815581214,1.66360216446,0.583296194593,0.593267069715,-0.668048633124,95.1377639771
25.378576,-0.848291375701,-0.115048559091,0.247737897243,0.401519471229,3.05568972947,-1.16199044682,-0.320218489471,92.6044998169,0.539577742139,-1.17579627391,-0.353199076411,1.66360216446,0.584446680184,0.593650564912,-0.668815623518,95.1377639771
25.388575,-0.848291375701,-0.114665063894,0.248504887637,0.401902966426,3.05684021506,-1.16237394202,-0.319834994274,92.6044998169,0.539961237336,-1.17579627391,-0.353199076411,1.66321866926,0.582529204199,0.594034060109,-0.668432128321,95.1377639771
25.398578,-0.849058366095,-0.114665063894,0.248504887637,0.401902966426,3.05645671986,-1.16199044682,-0.31906800388,92.6044998169,0.539961237336,-1.17541277872,-0.352815581214,1.66436915486,0.58367968979,0.593650564912,-0.668815623518,95.1377639771
25.408577,-0.848674870898,-0.115048559091,0.24812139244,0.401519471229,3.05568972947,-1.16237394202,-0.319834994274,92.6044998169,0.538810751745,-1.17617976911,-0.352432086017,1.66321866926,0.582912699396,0.593650564912,-0.669966109109,95.1377639771
25.418576,-0.848674870898,-0.115048559091,0.248504887637,0.401519471229,3.05607322466,-1.16237394202,-0.320218489471,92.6044998169,0.539194246942,-1.17541277872,-0.353582571608,1.66283517407,0.583296194593,0.593267069715,-0.668815623518,95.1377639771
25.428579,-0.848291375701,-0.114665063894,0.24812139244,0.401135976032,3.05568972947,-1.16160695163,-0.319451499077,92.6044998169,0.539194246942,-1.17617976911,-0.353199076411,1.66360216446,0.583296194593,0.594417555306,-0.669199118715,95.1377639771
25.438577,-0.848674870898,-0.114281568697,0.24812139244,0.400752480835,3.05607322466,-1.16199044682,-0.319834994274,92.6044998169,0.539194246942,-1.17656326431,-0.352432086017,1.66321866926,0.583296194593,0.593650564912,-0.668815623518,95.1377639771
25.448577,-0.849441861292,-0.114665063894,0.24812139244,0.401135976032,3.05568972947,-1.16160695163,-0.320218489471,92.6044998169,0.539577742139,-1.17694675951,-0.352815581214,1.66398565966,0.582529204199,0.593650564912,-0.669199118715,95.1377639771
25.458575,-0.849441861292,-0.114665063894,0.248888382834,0.402286461623,3.05645671986,-1.16199044682,-0.319834994274,92.6044998169,0.538810751745,-1.17656326431,-0.352432086017,1.66360216446,0.584063184987,0.593267069715,-0.668432128321,95.1377639771
25.468576,-0.849058366095,-0.115048559091,0.248888382834,0.401519471229,3.05645671986,-1.16237394202,-0.319451499077,92.6044998169,0.539194246942,-1.17579627391,-0.353199076411,1.66360216446,0.58367968979,0.593267069715,-0.668432128321,95.1377639771
25.478574,-0.848674870898,-0.114665063894,0.247737897243,0.401902966426,3.05645671986,-1.16237394202,-0.31906800388,92.6044998169,0.538427256548,-1.17656326431,-0.352815581214,1.66321866926,0.583296194593,0.593267069715,-0.668048633124,95.1377639771
25.488574,-0.848674870898,-0.114281568697,0.249271878031,0.401519471229,3.05568972947,-1.16275743722,-0.320218489471,92.6044998169,0.538427256548,-1.17617976911,-0.353199076411,1.66321866926,0.58367968979,0.592883574518,-0.668815623518,95.1377639771
25.498574,-0.848291375701,-0.114665063894,0.24812139244,0.400752480835,3.05607322466,-1.16237394202,-0.319834994274,92.6044998169,0.539961237336,-1.17656326431,-0.353199076411,1.66245167887,0.582912699396,0.593267069715,-0.668048633124,95.1377639771
25.508571,-0.848674870898,-0.114665063894,0.24812139244,0.401519471229,3.05645671986,-1.16275743722,-0.319451499077,92.6044998169,0.538427256548,-1.17579627391,-0.352432086017,1.66360216446,0.583296194593,0.593267069715,-0.668815623518,95.1377639771
25.518572,-0.848674870898,-0.115432054288,0.248504887637,0.402286461623,3.05607322466,-1.16122345643,-0.31906800388,92.6044998169,0.539194246942,-1.17579627391,-0.352815581214,1.66360216446,0.583296194593,0.592883574518,-0.669582613912,95.1377639771
25.528571,-0.848674870898,-0.114665063894,0.24812139244,0.401902966426,3.05684021506,-1.16275743722,-0.320601984668,92.6044998169,0.539194246942,-1.17694675951,-0.353199076411,1.66360216446,0.582912699396,0.594034060109,-0.668815623518,95.1377639771
25.538572,-0.849441861292,-0.115815549485,0.248504887637,0.401135976032,3.05568972947,-1.16199044682,-0.319834994274,92.6044998169,0.538427256548,-1.17579627391,-0.352815581214,1.66398565966,0.582912699396,0.594034060109,-0.669199118715,95.1377639771
25.548573,-0.849058366095,-0.114665063894,0.247737897243,0.401135976032,3.05607322466,-1.16160695163,-0.320218489471,92.6044998169,0.539577742139,-1.17694675951,-0.35204859082,1.66360216446,0.583296194593,0.593650564912,-0.668432128321,95.1377639771
25.558572,-0.849441861292,-0.115815549485,0.247354402047,0.401135976032,3.05684021506,-1.16237394202,-0.319834994274,92.6044998169,0.539194246942,-1.17541277872,-0.353199076411,1.66283517407,0.583296194593,0.594034060109,-0.669199118715,95.1377639771
25.568570,-0.849058366095,-0.115048559091,0.24812139244,0.401135976032,3.05568972947,-1.16199044682,-0.31906800388,92.6044998169,0.539194246942,-1.17656326431,-0.353582571608,1.66398565966,0.58367968979,0.593650564912,-0.669582613912,95.1377639771
25.578571,-0.849825356489,-0.114665063894,0.247737897243,0.400752480835,3.05607322466,-1.16083996123,-0.320218489471,92.6044998169,0.539194246942,-1.17617976911,-0.353199076411,1.66398565966,0.583296194593,0.594417555306,-0.668815623518,95.1377639771
25.588576,-0.849058366095,-0.115432054288,0.247737897243,0.401135976032,3.05607322466,-1.16275743722,-0.319451499077,92.6044998169,0.539961237336,-1.17579627391,-0.352432086017,1.66360216446,0.582912699396,0.593267069715,-0.669199118715,95.1377639771
25.598576,-0.849825356489,-0.115048559091,0.248504887637,0.401519471229,3.05645671986,-1.16237394202,-0.319834994274,92.6044998169,0.538810751745,-1.17579627391,-0.352815581214,1.66398565966,0.582912699396,0.594801050503,-0.669199118715,95.1377639771
25.608571,-0.848674870898,-0.116199044682,0.248504887637,0.400752480835,3.05645671986,-1.16237394202,-0.31906800388,92.6044998169,0.538810751745,-1.17617976911,-0.352815581214,1.66360216446,0.582912699396,0.594034060109,-0.668432128321,95.1377639771
25.618571,-0.849441861292,-0.115048559091,0.248888382834,0.401135976032,3.05607322466,-1.16199044682,-0.320218489471,92.6044998169,0.539577742139,-1.17579627391,-0.352815581214,1.66360216446,0.582912699396,0.593650564912,-0.668432128321,95.1377639771
25.628598,-0.848674870898,-0.114665063894,0.24812139244,0.401519471229,3.05607322466,-1.16275743722,-0.319834994274,92.6044998169,0.539194246942,-1.17617976911,-0.352815581214,1.66360216446,0.582912699396,0.593650564912,-0.668815623518,95.1377639771
25.638579,-0.849058366095,-0.115048559091,0.248504887637,0.401519471229,3.05568972947,-1.16237394202,-0.319451499077,92.6044998169,0.538810751745,-1.17617976911,-0.352815581214,1.66398565966,0.58367968979,0.594034060109,-0.668815623518,95.1377639771
25.648576,-0.848674870898,-0.115048559091,0.24812139244,0.401519471229,3.05645671986,-1.16275743722,-0.319834994274,92.6044998169,0.538427256548,-1.17617976911,-0.351665095623,1.66321866926,0.582912699396,0.593650564912,-0.668432128321,95.1377639771
25.658578,-0.849441861292,-0.115048559091,0.248888382834,0.401902966426,3.05607322466,-1.16199044682,-0.320218489471,92.6044998169,0.538810751745,-1.17656326431,-0.352432086017,1.66360216446,0.582912699396,0.594034060109,-0.669199118715,95.1377639771
25.668577,-0.849058366095,-0.115048559091,0.247354402047,0.401135976032,3.05568972947,-1.16237394202,-0.319451499077,92.6044998169,0.538427256548,-1.17656326431,-0.35204859082,1.66283517407,0.58367968979,0.594034060109,-0.668432128321,95.1377639771
25.678576,-0.849825356489,-0.115432054288,0.248888382834,0.400752480835,3.05645671986,-1.16237394202,-0.319451499077,92.6044998169,0.539194246942,-1.17656326431,-0.35204859082,1.66360216446,0.58367968979,0.593267069715,-0.668815623518,95.1377639771
25.688578,-0.847907880504,-0.115048559091,0.248504887637,0.401519471229,3.05645671986,-1.16160695163,-0.31906800388,92.6044998169,0.538810751745,-1.17617976911,-0.351665095623,1.66360216446,0.582912699396,0.592883574518,-0.668815623518,95.1377639771
25.698575,-0.849058366095,-0.116199044682,0.248504887637,0.401519471229,3.05568972947,-1.16237394202,-0.320218489471,92.6044998169,0.538810751745,-1.17656326431,-0.35204859082,1.66245167887,0.582912699396,0.593267069715,-0.668432128321,95.1377639771
25.708571,-0.848674870898,-0.114665063894,0.24812139244,0.401902966426,3.05568972947,-1.16199044682,-0.320218489471,92.6044998169,0.538043761351,-1.17656326431,-0.352432086017,1.66398565966,0.583296194593,0.592883574518,-0.668432128321,95.1377639771
25.718571,-0.848674870898,-0.115048559091,0.247737897243,0.401902966426,3.05645671986,-1.16199044682,-0.319451499077,92.6044998169,0.539961237336,-1.1773302547,-0.352432086017,1.66360216446,0.582912699396,0.594417555306,-0.669199118715,95.1377639771
25.728575,-0.848291375701,-0.115048559091,0.248888382834,0.401519471229,3.05684021506,-1.16199044682,-0.319834994274,92.6044998169,0.539194246942,-1.17694675951,-0.351665095623,1.66321866926,0.583296194593,0.594034060109,-0.669582613912,95.1377639771
25.738574,-0.849058366095,-0.115432054288,0.248504887637,0.401519471229,3.05645671986,-1.16237394202,-0.320218489471,92.6044998169,0.538427256548,-1.17617976911,-0.352432086017,1.66283517407,0.58367968979,0.593650564912,-0.670733099503,95.1377639771
25.748574,-0.848674870898,-0.115048559091,0.24812139244,0.401135976032,3.05645671986,-1.16237394202,-0.319834994274,92.6044998169,0.538810751745,-1.17694675951,-0.351281600426,1.66245167887,0.583296194593,0.592500079321,-0.668432128321,95.1377639771
25.758573,-0.848674870898,-0.115048559091,0.24812139244,0.401519471229,3.05645671986,-1.16199044682,-0.319834994274,92.6044998169,0.538043761351,-1.17694675951,-0.35204859082,1.66283517407,0.584446680184,0.593650564912,-0.668815623518,95.1377639771
25.768573,-0.849058366095,-0.114281568697,0.248888382834,0.401135976032,3.05607322466,-1.16199044682,-0.320218489471,92.6044998169,0.538043761351,-1.17656326431,-0.35204859082,1.66360216446,0.583296194593,0.594034060109,-0.668432128321,95.1377639771
25.778571,-0.848291375701,-0.114281568697,0.248504887637,0.401135976032,3.05607322466,-1.16199044682,-0.319451499077,92.6044998169,0.537660266154,-1.1773302547,-0.352815581214,1.66360216446,0.58367968979,0.593267069715,-0.668815623518,95.1377639771
25.788572,-0.849441861292,-0.114665063894,0.24812139244,0.402286461623,3.05684021506,-1.16237394202,-0.320601984668,92.6044998169,0.538427256548,-1.17656326431,-0.35204859082,1.66321866926,0.58367968979,0.593650564912,-0.668815623518,95.1377639771
25.798575,-0.849058366095,-0.114665063894,0.248504887637,0.401519471229,3.05607322466,-1.16199044682,-0.320218489471,92.6044998169,0.538427256548,-1.17694675951,-0.35204859082,1.66283517407,0.58367968979,0.593267069715,-0.668815623518,95.1377639771
25.808574,-0.849058366095,-0.114665063894,0.247737897243,0.402286461623,3.05645671986,-1.16237394202,-0.320218489471,92.6044998169,0.538427256548,-1.1773302547,-0.351665095623,1.66398565966,0.58367968979,0.594034060109,-0.669199118715,95.1377639771
25.818571,-0.848674870898,-0.115048559091,0.248888382834,0.401902966426,3.05645671986,-1.16237394202,-0.320218489471,92.6044998169,0.538427256548,-1.1777137499,-0.352815581214,1.66321866926,0.583296194593,0.592500079321,-0.668048633124,95.1377639771
25.828573,-0.848291375701,-0.115048559091,0.248504887637,0.40266995682,3.05684021506,-1.16122345643,-0.320218489471,92.6044998169,0.537660266154,-1.1773302547,-0.352432086017,1.66436915486,0.58367968979,0.593650564912,-0.668432128321,95.1377639771
25.838571,-0.848291375701,-0.114281568697,0.24812139244,0.401135976032,3.05568972947,-1.16160695163,-0.320218489471,92.6044998169,0.538043761351,-1.17694675951,-0.351281600426,1.66398565966,0.58367968979,0.593267069715,-0.668432128321,95.1377639771
25.848574,-0.849441861292,-0.115432054288,0.24812139244,0.401135976032,3.05645671986,-1.16160695163,-0.319834994274,92.6044998169,0.538427256548,-1.1777137499,-0.350898105229,1.66398565966,0.58367968979,0.594801050503,-0.668815623518,95.1377639771
25.858572,-0.848291375701,-0.114665063894,0.24812139244,0.402286461623,3.05645671986,-1.16237394202,-0.319834994274,92.6044998169,0.538043761351,-1.1780972451,-0.351665095623,1.66398565966,0.583296194593,0.593650564912,-0.668432128321,95.1377639771
25.868576,-0.848291375701,-0.115432054288,0.248504887637,0.401519471229,3.05645671986,-1.16237394202,-0.320218489471,92.6044998169,0.538043761351,-1.1777137499,-0.351665095623,1.66360216446,0.58367968979,0.594034060109,-0.668048633124,95.1377639771
25.878576,-0.848674870898,-0.114281568697,0.248504887637,0.401902966426,3.05607322466,-1.16237394202,-0.319451499077,92.6044998169,0.537660266154,-1.1773302547,-0.351665095623,1.66360216446,0.58367968979,0.593267069715,-0.668815623518,95.1377639771
25.888577,-0.849825356489,-0.115048559091,0.248504887637,0.401902966426,3.05607322466,-1.16237394202,-0.319451499077,92.6044998169,0.538427256548,-1.1780972451,-0.351281600426,1.66321866926,0.584063184987,0.593650564912,-0.668048633124,95.1377639771
25.898572,-0.848674870898,-0.114665063894,0.24812139244,0.401519471229,3.05607322466,-1.16160695163,-0.320218489471,92.6044998169,0.537660266154,-1.1780972451,-0.351281600426,1.66321866926,0.582912699396,0.593650564912,-0.668815623518,95.1377639771
25.908574,-0.848674870898,-0.114281568697,0.247737897243,0.402286461623,3.05645671986,-1.16237394202,-0.320218489471,92.6044998169,0.537660266154,-1.17848074029,-0.351281600426,1.66321866926,0.583296194593,0.592883574518,-0.668432128321,95.1377639771
25.918573,-0.849441861292,-0.114665063894,0.24812139244,0.401135976032,3.05645671986,-1.16275743722,-0.320218489471,92.6044998169,0.537660266154,-1.17848074029,-0.351665095623,1.66245167887,0.584063184987,0.592883574518,-0.669582613912,95.1377639771
25.928571,-0.849058366095,-0.114665063894,0.248888382834,0.401519471229,3.05645671986,-1.16199044682,-0.319834994274,92.6044998169,0.537660266154,-1.1780972451,-0.35204859082,1.66321866926,0.58367968979,0.592883574518,-0.669199118715,95.1377639771
25.938574,-0.849825356489,-0.114281568697,0.247737897243,0.401519471229,3.05645671986,-1.16199044682,-0.319451499077,92.6044998169,0.538810751745,-1.17848074029,-0.351281600426,1.66283517407,0.58367968979,0.593650564912,-0.669199118715,95.1377639771
25.948571,-0.849441861292,-0.114281568697,0.24812139244,0.401519471229,3.05684021506,-1.16199044682,-0.320218489471,92.6044998169,0.537660266154,-1.17848074029,-0.35204859082,1.66321866926,0.584446680184,0.593267069715,-0.668432128321,95.1377639771
25.958574,-0.848674870898,-0.114665063894,0.24812139244,0.401519471229,3.05645671986,-1.16199044682,-0.319834994274,92.6044998169,0.538043761351,-1.17886423549,-0.351665095623,1.66321866926,0.583296194593,0.592883574518,-0.668815623518,95.1377639771
25.968576,-0.849058366095,-0.114665063894,0.247354402047,0.401519471229,3.05607322466,-1.16199044682,-0.31906800388,92.6044998169,0.538043761351,-1.17886423549,-0.35204859082,1.66360216446,0.58367968979,0.593267069715,-0.668815623518,95.1377639771
25.978572,-0.848674870898,-0.114665063894,0.248504887637,0.401902966426,3.05568972947,-1.16275743722,-0.320218489471,92.6044998169,0.537276770957,-1.17886423549,-0.350514610032,1.66283517407,0.58367968979,0.592500079321,-0.668432128321,95.1377639771
25.988575,-0.848674870898,-0.114281568697,0.24812139244,0.401902966426,3.05607322466,-1.16237394202,-0.319451499077,92.6044998169,0.537660266154,-1.17886423549,-0.351281600426,1.66360216446,0.584446680184,0.592883574518,-0.668815623518,95.1377639771
25.998572,-0.849825356489,-0.114281568697,0.24812139244,0.401902966426,3.05568972947,-1.16122345643,-0.319834994274,92.6044998169,0.538043761351,-1.17848074029,-0.351665095623,1.66321866926,0.584063184987,0.592883574518,-0.669582613912,95.1377639771
26.008572,-0.848674870898,-0.114665063894,0.247737897243,0.401902966426,3.05568972947,-1.16237394202,-0.319834994274,92.6044998169,0.538427256548,-1.17886423549,-0.351281600426,1.66360216446,0.584063184987,0.593267069715,-0.668815623518,95.1377639771
26.018572,-0.848674870898,-0.115048559091,0.248504887637,0.401135976032,3.05607322466,-1.16199044682,-0.319451499077,92.6044998169,0.537660266154,-1.17886423549,-0.351665095623,1.66283517407,0.58367968979,0.592116584124,-0.668048633124,95.1377639771
26.028572,-0.849058366095,-0.114665063894,0.248504887637,0.401519471229,3.05607322466,-1.16160695163,-0.319451499077,92.6044998169,0.537660266154,-1.17886423549,-0.351281600426,1.66245167887,0.584063184987,0.593267069715,-0.668432128321,95.1377639771
26.038573,-0.848674870898,-0.115432054288,0.24812139244,0.401135976032,3.05645671986,-1.16275743722,-0.319834994274,92.6044998169,0.537276770957,-1.17848074029,-0.351665095623,1.66283517407,0.58367968979,0.593267069715,-0.668048633124,95.1377639771
26.048573,-0.848291375701,-0.115432054288,0.248504887637,0.401135976032,3.05607322466,-1.16275743722,-0.320218489471,92.6044998169,0.537660266154,-1.17848074029,-0.351281600426,1.66283517407,0.583296194593,0.593267069715,-0.668432128321,95.1377639771
26.058575,-0.848674870898,-0.114665063894,0.247354402047,0.401519471229,3.05645671986,-1.16275743722,-0.320985479865,92.6044998169,0.538043761351,-1.1780972451,-0.351281600426,1.66283517407,0.583296194593,0.593650564912,-0.668432128321,95.1377639771
26.068574,-0.848674870898,-0.115048559091,0.248504887637,0.401902966426,3.05645671986,-1.16237394202,-0.320218489471,92.6044998169,0.538427256548,-1.17848074029,-0.351281600426,1.66283517407,0.58367968979,0.592883574518,-0.668815623518,95.1377639771
26.078578,-0.848674870898,-0.115048559091,0.247737897243,0.401135976032,3.05722371026,-1.16314093241,-0.320218489471,92.6044998169,0.538043761351,-1.1780972451,-0.351281600426,1.66398565966,0.584063184987,0.592883574518,-0.668815623518,95.1377639771
26.088576,-0.848674870898,-0.115048559091,0.248504887637,0.401519471229,3.05645671986,-1.16199044682,-0.320601984668,92.6044998169,0.537660266154,-1.17848074029,-0.351665095623,1.66321866926,0.58367968979,0.593267069715,-0.668815623518,95.1377639771
26.098573,-0.849825356489,-0.115048559091,0.24812139244,0.401902966426,3.05645671986,-1.16199044682,-0.320218489471,92.6044998169,0.538043761351,-1.1780972451,-0.35204859082,1.66245167887,0.583296194593,0.592500079321,-0.669582613912,95.1377639771
26.108575,-0.849441861292,-0.115048559091,0.24812139244,0.401902966426,3.05568972947,-1.16237394202,-0.319834994274,92.6044998169,0.537660266154,-1.17886423549,-0.351665095623,1.66360216446,0.58367968979,0.593267069715,-0.668815623518,95.1377639771
26.118574,-0.849058366095,-0.114665063894,0.24812139244,0.402286461623,3.05607322466,-1.16237394202,-0.318684508683,92.6044998169,0.538043761351,-1.17848074029,-0.351665095623,1.66398565966,0.58367968979,0.593267069715,-0.668048633124,95.1377639771
26.128575,-0.849058366095,-0.114665063894,0.24812139244,0.401519471229,3.05645671986,-1.16199044682,-0.320218489471,92.6044998169,0.538043761351,-1.1777137499,-0.350514610032,1.66321866926,0.58367968979,0.592500079321,-0.668432128321,95.1377639771
26.138576,-0.848291375701,-0.114665063894,0.248504887637,0.401902966426,3.05607322466,-1.16199044682,-0.319834994274,92.6044998169,0.53689327576,-1.1780972451,-0.351665095623,1.66321866926,0.58367968979,0.593267069715,-0.668432128321,95.1377639771
26.148573,-0.849825356489,-0.114665063894,0.247737897243,0.401519471229,3.05607322466,-1.16237394202,-0.319834994274,92.6044998169,0.537276770957,-1.17848074029,-0.351665095623,1.66283517407,0.584063184987,0.592883574518,-0.668048633124,95.1377639771
26.158575,-0.849441861292,-0.114665063894,0.247737897243,0.401902966426,3.05607322466,-1.16199044682,-0.319834994274,92.6044998169,0.537660266154,-1.1780972451,-0.350898105229,1.66245167887,0.58367968979,0.592883574518,-0.668048633124,95.1377639771
26.168574,-0.849058366095,-0.114665063894,0.248504887637,0.401135976032,3.05607322466,-1.16199044682,-0.320218489471,92.6044998169,0.537276770957,-1.1780972451,-0.351665095623,1.66321866926,0.584063184987,0.592500079321,-0.668432128321,95.1377639771
26.178576,-0.849058366095,-0.115048559091,0.24812139244,0.402286461623,3.05607322466,-1.16199044682,-0.319451499077,92.6044998169,0.538043761351,-1.1773302547,-0.35204859082,1.66436915486,0.583296194593,0.592500079321,-0.668432128321,95.1377639771
26.188575,-0.849058366095,-0.115048559091,0.24812139244,0.401135976032,3.05684021506,-1.16314093241,-0.31906800388,92.6044998169,0.537276770957,-1.1773302547,-0.350514610032,1.66360216446,0.584830175381,0.593267069715,-0.668048633124,95.1377639771
26.198576,-0.848674870898,-0.115048559091,0.24812139244,0.401135976032,3.05645671986,-1.16199044682,-0.320601984668,92.6044998169,0.537660266154,-1.1780972451,-0.352432086017,1.66283517407,0.584063184987,0.594034060109,-0.668815623518,95.1377639771
26.208574,-0.849058366095,-0.115048559091,0.248504887637,0.401135976032,3.05568972947,-1.16199044682,-0.318684508683,92.6044998169,0.538043761351,-1.17848074029,-0.351665095623,1.66360216446,0.58367968979,0.592500079321,-0.668815623518,95.1377639771
26.218574,-0.848674870898,-0.115048559091,0.248888382834,0.401135976032,3.05607322466,-1.16199044682,-0.319834994274,92.6044998169,0.537660266154,-1.1777137499,-0.350898105229,1.66283517407,0.584063184987,0.593267069715,-0.669966109109,95.1377639771
26.228576,-0.849058366095,-0.115048559091,0.248504887637,0.402286461623,3.05568972947,-1.16199044682,-0.319834994274,92.6044998169,0.538043761351,-1.17848074029,-0.352432086017,1.66360216446,0.58367968979,0.593650564912,-0.668815623518,95.1377639771
26.238588,-0.848291375701,-0.115048559091,0.24812139244,0.401519471229,3.05684021506,-1.16199044682,-0.320218489471,92.6044998169,0.538427256548,-1.1780972451,-0.351665095623,1.66360216446,0.584446680184,0.592883574518,-0.668048633124,95.1377639771
26.248577,-0.848674870898,-0.114281568697,0.248504887637,0.401135976032,3.05568972947,-1.16275743722,-0.319834994274,92.6044998169,0.538427256548,-1.1773302547,-0.351665095623,1.66360216446,0.58367968979,0.593267069715,-0.668815623518,95.1377639771
26.258574,-0.849058366095,-0.114281568697,0.24812139244,0.400752480835,3.05607322466,-1.16160695163,-0.319834994274,92.6044998169,0.537660266154,-1.1780972451,-0.350898105229,1.66321866926,0.584446680184,0.592883574518,-0.668432128321,95.1377639771
26.268577,-0.848674870898,-0.1138980735,0.247354402047,0.401135976032,3.05645671986,-1.16199044682,-0.319451499077,92.6044998169,0.538043761351,-1.1780972451,-0.351665095623,1.66245167887,0.58367968979,0.593267069715,-0.669966109109,95.1377639771
26.278574,-0.849058366095,-0.114665063894,0.247737897243,0.401135976032,3.05645671986,-1.16160695163,-0.319834994274,92.6044998169,0.538043761351,-1.1780972451,-0.35204859082,1.66283517407,0.582529204199,0.592883574518,-0.668432128321,95.1377639771
26.288576,-0.848674870898,-0.114665063894,0.248504887637,0.401519471229,3.05684021506,-1.16199044682,-0.319451499077,92.6044998169,0.538043761351,-1.1780972451,-0.351665095623,1.66321866926,0.583296194593,0.593650564912,-0.668432128321,95.1377639771
26.298576,-0.849058366095,-0.115432054288,0.248504887637,0.401135976032,3.05607322466,-1.16122345643,-0.320218489471,92.6044998169,0.538043761351,-1.17848074029,-0.35204859082,1.66398565966,0.58367968979,0.592883574518,-0.668048633124,95.1377639771
26.308574,-0.849825356489,-0.114281568697,0.24812139244,0.401519471229,3.05645671986,-1.16199044682,-0.320218489471,92.6044998169,0.537660266154,-1.1780972451,-0.351665095623,1.66283517407,0.584063184987,0.593267069715,-0.668815623518,95.1377639771
26.318574,-0.848291375701,-0.114281568697,0.247737897243,0.402286461623,3.05607322466,-1.16199044682,-0.319451499077,92.6044998169,0.538043761351,-1.17848074029,-0.351281600426,1.66321866926,0.584063184987,0.593267069715,-0.668048633124,95.1377639771
26.328575,-0.848674870898,-0.113514578304,0.247737897243,0.401902966426,3.05645671986,-1.16275743722,-0.319451499077,92.6044998169,0.537660266154,-1.17848074029,-0.351665095623,1.66321866926,0.584063184987,0.593267069715,-0.668048633124,95.1377639771
26.338576,-0.850208851685,-0.1138980735,0.248888382834,0.402286461623,3.05684021506,-1.16237394202,-0.319834994274,92.6044998169,0.538043761351,-1.17886423549,-0.351665095623,1.66321866926,0.583296194593,0.592883574518,-0.669966109109,95.1377639771
26.348574,-0.849058366095,-0.115048559091,0.248888382834,0.401902966426,3.05607322466,-1.16160695163,-0.320218489471,92.6044998169,0.537660266154,-1.1780972451,-0.35204859082,1.66245167887,0.58367968979,0.593267069715,-0.669582613912,95.1377639771
26.358581,-0.847907880504,-0.114665063894,0.24812139244,0.401902966426,3.05645671986,-1.16275743722,-0.31906800388,92.6044998169,0.538043761351,-1.17848074029,-0.351665095623,1.66360216446,0.58367968979,0.592883574518,-0.668432128321,95.1377639771
26.368578,-0.847907880504,-0.114665063894,0.248504887637,0.401135976032,3.05645671986,-1.16160695163,-0.320218489471,92.6044998169,0.538043761351,-1.17886423549,-0.351665095623,1.66360216446,0.584063184987,0.593267069715,-0.668432128321,95.1377639771
26.378577,-0.848291375701,-0.114665063894,0.248504887637,0.401519471229,3.05645671986,-1.16160695163,-0.319834994274,92.6044998169,0.537660266154,-1.1780972451,-0.351281600426,1.66321866926,0.58367968979,0.593267069715,-0.668432128321,95.1377639771
26.388576,-0.848674870898,-0.114665063894,0.247354402047,0.400752480835,3.05568972947,-1.16199044682,-0.320218489471,92.6044998169,0.537660266154,-1.17848074029,-0.351665095623,1.66245167887,0.58367968979,0.592500079321,-0.668432128321,95.1377639771
26.398575,-0.848291375701,-0.115048559091,0.24812139244,0.401135976032,3.05645671986,-1.16199044682,-0.31906800388,92.6044998169,0.537276770957,-1.17848074029,-0.35204859082,1.66283517407,0.58367968979,0.592883574518,-0.669199118715,95.1377639771
26.408577,-0.848674870898,-0.114665063894,0.24812139244,0.401902966426,3.05645671986,-1.16199044682,-0.319834994274,92.6044998169,0.53689327576,-1.17886423549,-0.351665095623,1.66283517407,0.584446680184,0.592500079321,-0.669199118715,95.1377639771
26.418577,-0.849058366095,-0.114665063894,0.248504887637,0.401519471229,3.05684021506,-1.16199044682,-0.319451499077,92.6044998169,0.538043761351,-1.1777137499,-0.351281600426,1.66283517407,0.584063184987,0.592883574518,-0.668815623518,95.1377639771
26.428577,-0.848291375701,-0.114281568697,0.247737897243,0.400752480835,3.05607322466,-1.16237394202,-0.319834994274,92.6044998169,0.537660266154,-1.1780972451,-0.352432086017,1.66321866926,0.584830175381,0.593267069715,-0.668815623518,95.1377639771
26.438574,-0.849058366095,-0.114665063894,0.248504887637,0.401135976032,3.05607322466,-1.16160695163,-0.320218489471,92.6044998169,0.537276770957,-1.1777137499,-0.352432086017,1.66283517407,0.584063184987,0.593267069715,-0.669199118715,95.1377639771
26.448573,-0.848674870898,-0.114665063894,0.248504887637,0.401519471229,3.05568972947,-1.16237394202,-0.320218489471,92.6044998169,0.537660266154,-1.17848074029,-0.350898105229,1.66321866926,0.584063184987,0.592883574518,-0.668432128321,95.1377639771
26.458571,-0.848674870898,-0.115048559091,0.248504887637,0.401902966426,3.05645671986,-1.16160695163,-0.320218489471,92.6044998169,0.537660266154,-1.1780972451,-0.35204859082,1.66245167887,0.58367968979,0.592883574518,-0.668815623518,95.1377639771
26.468574,-0.849058366095,-0.114281568697,0.248888382834,0.401135976032,3.05645671986,-1.16237394202,-0.319451499077,92.6044998169,0.53689327576,-1.1780972451,-0.352432086017,1.66360216446,0.584063184987,0.593267069715,-0.668048633124,95.1377639771
26.478574,-0.848291375701,-0.114665063894,0.24812139244,0.400368985638,3.05607322466,-1.16237394202,-0.31906800388,92.6044998169,0.538043761351,-1.1777137499,-0.351281600426,1.66321866926,0.58367968979,0.592883574518,-0.669966109109,95.1377639771
26.488574,-0.848674870898,-0.115048559091,0.248888382834,0.401519471229,3.05645671986,-1.16160695163,-0.320601984668,92.6044998169,0.538810751745,-1.1777137499,-0.351281600426,1.66360216446,0.584063184987,0.593650564912,-0.668432128321,95.1377639771
26.498576,-0.849058366095,-0.115048559091,0.24812139244,0.401519471229,3.05645671986,-1.16199044682,-0.319451499077,92.6044998169,0.537660266154,-1.1777137499,-0.351281600426,1.66245167887,0.584446680184,0.593267069715,-0.668815623518,95.1377639771
26.508573,-0.847907880504,-0.115048559091,0.248504887637,0.401519471229,3.05607322466,-1.16275743722,-0.319451499077,92.6044998169,0.537660266154,-1.1773302547,-0.351665095623,1.66360216446,0.58367968979,0.593267069715,-0.668815623518,95.1377639771
26.518573,-0.849058366095,-0.114281568697,0.248504887637,0.402286461623,3.05684021506,-1.16199044682,-0.319834994274,92.6044998169,0.537660266154,-1.1777137499,-0.351281600426,1.66360216446,0.58367968979,0.592883574518,-0.668815623518,95.1377639771
26.528574,-0.848291375701,-0.114281568697,0.248504887637,0.400752480835,3.05645671986,-1.16199044682,-0.320218489471,92.6044998169,0.53689327576,-1.17848074029,-0.35204859082,1.66206818367,0.58367968979,0.594034060109,-0.668815623518,95.1377639771
26.538577,-0.848291375701,-0.115048559091,0.248504887637,0.400752480835,3.05607322466,-1.16160695163,-0.31906800388,92.6044998169,0.536509780563,-1.1777137499,-0.351281600426,1.66321866926,0.583296194593,0.593267069715,-0.669199118715,95.1377639771
26.548575,-0.849058366095,-0.114281568697,0.248888382834,0.401135976032,3.05645671986,-1.16160695163,-0.320218489471,92.6044998169,0.537660266154,-1.1780972451,-0.350514610032,1.66360216446,0.58367968979,0.592500079321,-0.668048633124,95.1377639771
26.558574,-0.848674870898,-0.115432054288,0.248504887637,0.400752480835,3.05645671986,-1.16237394202,-0.319451499077,92.6044998169,0.537276770957,-1.1780972451,-0.351665095623,1.66398565966,0.583296194593,0.593650564912,-0.669199118715,95.1377639771
26.568572,-0.847907880504,-0.114281568697,0.248504887637,0.401519471229,3.05568972947,-1.16237394202,-0.319834994274,92.6044998169,0.53689327576,-1.1777137499,-0.351281600426,1.66321866926,0.58367968979,0.593650564912,-0.668432128321,95.1377639771
26.578591,-0.849441861292,-0.114281568697,0.24812139244,0.402286461623,3.05645671986,-1.16160695163,-0.319834994274,92.6044998169,0.538427256548,-1.1777137499,-0.351281600426,1.66283517407,0.582529204199,0.593267069715,-0.669966109109,95.1377639771
26.588578,-0.848291375701,-0.1138980735,0.248504887637,0.401519471229,3.05607322466,-1.16199044682,-0.320218489471,92.6044998169,0.538043761351,-1.1780972451,-0.35204859082,1.66283517407,0.584063184987,0.592883574518,-0.668048633124,95.1377639771
26.598599,-0.849825356489,-0.114665063894,0.248504887637,0.401902966426,3.05530623427,-1.16199044682,-0.320218489471,92.6044998169,0.538043761351,-1.17848074029,-0.352432086017,1.66283517407,0.584446680184,0.592883574518,-0.668432128321,95.1377639771
26.608577,-0.848291375701,-0.114665063894,0.247737897243,0.401519471229,3.05684021506,-1.16160695163,-0.320218489471,92.6044998169,0.537276770957,-1.17848074029,-0.351665095623,1.66321866926,0.584830175381,0.593650564912,-0.668815623518,95.1377639771
26.618575,-0.848674870898,-0.114665063894,0.247737897243,0.401519471229,3.05568972947,-1.16237394202,-0.320218489471,92.6044998169,0.537660266154,-1.1777137499,-0.351665095623,1.66283517407,0.584446680184,0.592883574518,-0.668815623518,95.1377639771
26.628575,-0.848291375701,-0.115048559091,0.248504887637,0.401902966426,3.05645671986,-1.16237394202,-0.319451499077,92.6044998169,0.537660266154,-1.1780972451,-0.352432086017,1.66321866926,0.58367968979,0.593267069715,-0.668815623518,95.1377639771
26.638576,-0.848674870898,-0.114281568697,0.247737897243,0.402286461623,3.05607322466,-1.16199044682,-0.319834994274,92.6044998169,0.538427256548,-1.17848074029,-0.350898105229,1.66283517407,0.583296194593,0.592500079321,-0.668815623518,95.1377639771
26.648577,-0.848291375701,-0.114281568697,0.248888382834,0.401519471229,3.05684021506,-1.16199044682,-0.319834994274,92.6044998169,0.537660266154,-1.1777137499,-0.351281600426,1.66360216446,0.58367968979,0.593650564912,-0.668815623518,95.1377639771
26.658579,-0.848291375701,-0.1138980735,0.248504887637,0.401135976032,3.05645671986,-1.16199044682,-0.319834994274,92.6044998169,0.537660266154,-1.1777137499,-0.351665095623,1.66360216446,0.58367968979,0.592883574518,-0.668815623518,95.1377639771
26.668598,-0.848291375701,-0.1138980735,0.248504887637,0.401135976032,3.05645671986,-1.16160695163,-0.319451499077,92.6044998169,0.53689327576,-1.17848074029,-0.351665095623,1.66398565966,0.583296194593,0.593267069715,-0.669199118715,95.1377639771
26.678578,-0.849058366095,-0.114665063894,0.248888382834,0.401519471229,3.05645671986,-1.16199044682,-0.31906800388,92.6044998169,0.537660266154,-1.1777137499,-0.351665095623,1.66321866926,0.58367968979,0.592883574518,-0.668432128321,95.1377639771
26.688576,-0.848674870898,-0.113514578304,0.248888382834,0.400752480835,3.05645671986,-1.16237394202,-0.319834994274,92.6044998169,0.53689327576,-1.17848074029,-0.351665095623,1.66283517407,0.582912699396,0.594034060109,-0.668815623518,95.1377639771
26.698574,-0.847907880504,-0.1138980735,0.247737897243,0.401135976032,3.05645671986,-1.16237394202,-0.319451499077,92.6044998169,0.537660266154,-1.1780972451,-0.351665095623,1.66321866926,0.58367968979,0.593267069715,-0.669199118715,95.1377639771
26.708575,-0.848291375701,-0.113514578304,0.248504887637,0.401135976032,3.05645671986,-1.16199044682,-0.320218489471,92.6044998169,0.537276770957,-1.1780972451,-0.351665095623,1.66398565966,0.58367968979,0.593267069715,-0.669199118715,95.1377639771
26.718574,-0.848674870898,-0.1138980735,0.248504887637,0.401519471229,3.05607322466,-1.16199044682,-0.319834994274,92.6044998169,0.538043761351,-1.1777137499,-0.35204859082,1.66321866926,0.58367968979,0.593267069715,-0.669199118715,95.1377639771
26.728574,-0.848674870898,-0.1138980735,0.248888382834,0.400752480835,3.05684021506,-1.16199044682,-0.320218489471,92.6044998169,0.53689327576,-1.1777137499,-0.351281600426,1.66436915486,0.584446680184,0.592883574518,-0.668815623518,95.1377639771
26.738581,-0.849441861292,-0.11274758791,0.24812139244,0.401135976032,3.05645671986,-1.16199044682,-0.320218489471,92.6044998169,0.537276770957,-1.17848074029,-0.350898105229,1.66321866926,0.583296194593,0.592116584124,-0.668432128321,95.1377639771
26.748577,-0.849058366095,-0.1138980735,0.248888382834,0.401135976032,3.05607322466,-1.16275743722,-0.320218489471,92.6044998169,0.537276770957,-1.1777137499,-0.351665095623,1.66360216446,0.584446680184,0.593650564912,-0.668815623518,95.1377639771
26.758580,-0.848674870898,-0.114281568697,0.248888382834,0.401135976032,3.05568972947,-1.16199044682,-0.31906800388,92.6044998169,0.538043761351,-1.1780972451,-0.350898105229,1.66283517407,0.584063184987,0.592883574518,-0.668048633124,95.1377639771
26.768576,-0.848291375701,-0.1138980735,0.248888382834,0.401902966426,3.05607322466,-1.16160695163,-0.319834994274,92.6044998169,0.537276770957,-1.1777137499,-0.35204859082,1.66283517407,0.584446680184,0.592116584124,-0.668815623518,95.1377639771
26.778598,-0.849058366095,-0.1138980735,0.248888382834,0.401519471229,3.05568972947,-1.16275743722,-0.31906800388,92.6044998169,0.537276770957,-1.1780972451,-0.351665095623,1.66321866926,0.584063184987,0.592883574518,-0.668048633124,95.1377639771
26.788578,-0.849058366095,-0.113131083107,0.248888382834,0.401519471229,3.05645671986,-1.16237394202,-0.320601984668,92.6044998169,0.537660266154,-1.17848074029,-0.351665095623,1.66283517407,0.584063184987,0.593650564912,-0.668815623518,95.1377639771
26.798575,-0.849058366095,-0.113514578304,0.248504887637,0.401135976032,3.05645671986,-1.16199044682,-0.319834994274,92.6044998169,0.537660266154,-1.1780972451,-0.351281600426,1.66283517407,0.584063184987,0.593267069715,-0.668815623518,95.1377639771
26.808574,-0.849058366095,-0.113131083107,0.248504887637,0.401519471229,3.05568972947,-1.16160695163,-0.319834994274,92.6044998169,0.537660266154,-1.17848074029,-0.351281600426,1.66283517407,0.584063184987,0.593267069715,-0.669582613912,95.1377639771
26.818574,-0.849825356489,-0.113131083107,0.247737897243,0.401519471229,3.05607322466,-1.16199044682,-0.31906800388,92.6044998169,0.537276770957,-1.17886423549,-0.35204859082,1.66360216446,0.584063184987,0.592883574518,-0.668815623518,95.1377639771
26.828576,-0.849825356489,-0.112364092713,0.248888382834,0.401902966426,3.05607322466,-1.16199044682,-0.319451499077,92.6044998169,0.537660266154,-1.1777137499,-0.350898105229,1.66321866926,0.584830175381,0.593267069715,-0.668815623518,95.1377639771
26.838540,-0.849058366095,-0.112364092713,0.248504887637,0.401519471229,3.05568972947,-1.16160695163,-0.31906800388,92.6044998169,0.537276770957,-1.17848074029,-0.35204859082,1.66321866926,0.58367968979,0.593267069715,-0.668048633124,95.1377639771
26.848573,-0.849058366095,-0.112364092713,0.247737897243,0.401902966426,3.05607322466,-1.16237394202,-0.319451499077,92.6044998169,0.53689327576,-1.1780972451,-0.352432086017,1.66245167887,0.58367968979,0.592883574518,-0.668815623518,95.1377639771
26.858572,-0.848291375701,-0.11274758791,0.248888382834,0.401519471229,3.05607322466,-1.16237394202,-0.319451499077,92.6044998169,0.538043761351,-1.1780972451,-0.351281600426,1.66398565966,0.584446680184,0.593267069715,-0.668815623518,95.1377639771
26.868570,-0.848674870898,-0.112364092713,0.248504887637,0.402286461623,3.05607322466,-1.16199044682,-0.319451499077,92.6044998169,0.537660266154,-1.1780972451,-0.350898105229,1.66245167887,0.58367968979,0.593650564912,-0.668815623518,95.1377639771
26.878571,-0.849058366095,-0.112364092713,0.247737897243,0.40266995682,3.05568972947,-1.16275743722,-0.319451499077,92.6044998169,0.53689327576,-1.1777137499,-0.351665095623,1.66283517407,0.584446680184,0.592883574518,-0.669199118715,95.1377639771
26.888571,-0.848674870898,-0.111213607122,0.24812139244,0.402286461623,3.05645671986,-1.16199044682,-0.31906800388,92.6044998169,0.537660266154,-1.17848074029,-0.351281600426,1.66321866926,0.584063184987,0.593267069715,-0.669966109109,95.1377639771
26.898574,-0.849058366095,-0.111980597516,0.248504887637,0.401135976032,3.05568972947,-1.16237394202,-0.319834994274,92.6044998169,0.538043761351,-1.1777137499,-0.351665095623,1.66245167887,0.584446680184,0.593650564912,-0.669966109109,95.1377639771
26.908579,-0.848674870898,-0.112364092713,0.248504887637,0.401902966426,3.05645671986,-1.16237394202,-0.320218489471,92.6044998169,0.537660266154,-1.17848074029,-0.35204859082,1.66283517407,0.58367968979,0.592500079321,-0.669199118715,95.1377639771
26.918574,-0.849058366095,-0.112364092713,0.248504887637,0.401135976032,3.05607322466,-1.16237394202,-0.319834994274,92.6044998169,0.537660266154,-1.1780972451,-0.350898105229,1.66321866926,0.584063184987,0.593267069715,-0.669199118715,95.1377639771
26.928573,-0.849058366095,-0.111980597516,0.248504887637,0.40266995682,3.05607322466,-1.16199044682,-0.319834994274,92.6044998169,0.537660266154,-1.1777137499,-0.351665095623,1.66283517407,0.58367968979,0.593267069715,-0.668432128321,95.1377639771
26.938571,-0.848674870898,-0.111980597516,0.24812139244,0.401519471229,3.05645671986,-1.16199044682,-0.320218489471,92.6044998169,0.537276770957,-1.17848074029,-0.350898105229,1.66283517407,0.584063184987,0.593267069715,-0.668048633124,95.1377639771
26.948571,-0.848291375701,-0.111213607122,0.24812139244,0.401902966426,3.05645671986,-1.16122345643,-0.320218489471,92.6044998169,0.537276770957,-1.1777137499,-0.351281600426,1.66321866926,0.584063184987,0.594034060109,-0.669199118715,95.1377639771
26.958577,-0.848291375701,-0.111597102319,0.24812139244,0.400752480835,3.05645671986,-1.16199044682,-0.319451499077,92.6044998169,0.538427256548,-1.1780972451,-0.351665095623,1.66360216446,0.584063184987,0.592883574518,-0.669199118715,95.1377639771
26.968571,-0.848674870898,-0.111980597516,0.248888382834,0.401135976032,3.05722371026,-1.16160695163,-0.319451499077,92.6044998169,0.538043761351,-1.1773302547,-0.352432086017,1.66321866926,0.58367968979,0.592883574518,-0.669582613912,95.1377639771
26.978571,-0.849058366095,-0.111597102319,0.248504887637,0.402286461623,3.05607322466,-1.16275743722,-0.319834994274,92.6044998169,0.53689327576,-1.1780972451,-0.351665095623,1.66283517407,0.584446680184,0.592883574518,-0.668815623518,95.1377639771
26.988574,-0.848674870898,-0.111213607122,0.248504887637,0.401902966426,3.05607322466,-1.16199044682,-0.31906800388,92.6044998169,0.537660266154,-1.1780972451,-0.350898105229,1.66283517407,0.584063184987,0.592883574518,-0.668815623518,95.1377639771
26.998572,-0.847907880504,-0.111597102319,0.248888382834,0.401519471229,3.05645671986,-1.16275743722,-0.320218489471,92.6044998169,0.537276770957,-1.1780972451,-0.35204859082,1.66360216446,0.58367968979,0.592116584124,-0.668432128321,95.1377639771
27.008572,-0.848674870898,-0.111213607122,0.24812139244,0.401519471229,3.05607322466,-1.16199044682,-0.320218489471,92.6044998169,0.538427256548,-1.1780972451,-0.351665095623,1.66398565966,0.58367968979,0.593650564912,-0.668815623518,95.1377639771
27.018574,-0.848674870898,-0.111980597516,0.248888382834,0.401902966426,3.05645671986,-1.16199044682,-0.320218489471,92.6044998169,0.537660266154,-1.1777137499,-0.351281600426,1.66360216446,0.584063184987,0.593267069715,-0.669966109109,95.1377639771
27.028572,-0.849441861292,-0.110830111925,0.24812139244,0.401519471229,3.05568972947,-1.16122345643,-0.319451499077,92.6044998169,0.537660266154,-1.17886423549,-0.35204859082,1.66321866926,0.584063184987,0.592883574518,-0.668815623518,95.1377639771
27.038578,-0.848674870898,-0.110830111925,0.248504887637,0.401135976032,3.05645671986,-1.16160695163,-0.319451499077,92.6044998169,0.537660266154,-1.17848074029,-0.352432086017,1.66360216446,0.58367968979,0.592883574518,-0.669199118715,95.1377639771
27.048576,-0.849058366095,-0.112364092713,0.247737897243,0.401135976032,3.05684021506,-1.16160695163,-0.319834994274,92.6044998169,0.538043761351,-1.17848074029,-0.351665095623,1.66283517407,0.584063184987,0.592116584124,-0.668815623518,95.1377639771
27.058574,-0.847907880504,-0.111980597516,0.247737897243,0.400752480835,3.05645671986,-1.16199044682,-0.319834994274,92.6044998169,0.537660266154,-1.1780972451,-0.351281600426,1.66360216446,0.584063184987,0.593267069715,-0.668432128321,95.1377639771
27.068575,-0.847907880504,-0.111597102319,0.247737897243,0.401519471229,3.05568972947,-1.16199044682,-0.319451499077,92.6044998169,0.538043761351,-1.17848074029,-0.350898105229,1.66321866926,0.583296194593,0.592883574518,-0.668815623518,95.1377639771
27.078574,-0.848291375701,-0.111597102319,0.247737897243,0.401902966426,3.05684021506,-1.16275743722,-0.320218489471,92.6044998169,0.538043761351,-1.1777137499,-0.351281600426,1.66360216446,0.584446680184,0.593267069715,-0.669582613912,95.1377639771
27.088572,-0.848291375701,-0.110830111925,0.248888382834,0.401902966426,3.05530623427,-1.16275743722,-0.319834994274,92.6044998169,0.538043761351,-1.1780972451,-0.351281600426,1.66245167887,0.584830175381,0.594417555306,-0.669199118715,95.1377639771
27.098577,-0.848291375701,-0.111213607122,0.248888382834,0.401135976032,3.05645671986,-1.16199044682,-0.319451499077,92.6044998169,0.537276770957,-1.17848074029,-0.351281600426,1.66360216446,0.584063184987,0.592883574518,-0.668432128321,95.1377639771
27.108576,-0.849058366095,-0.111213607122,0.248504887637,0.401519471229,3.05607322466,-1.16199044682,-0.319834994274,92.6044998169,0.538043761351,-1.1773302547,-0.351281600426,1.66206818367,0.58367968979,0.592883574518,-0.669199118715,95.1377639771
27.118571,-0.848291375701,-0.110830111925,0.248888382834,0.401135976032,3.05568972947,-1.16160695163,-0.319834994274,92.6044998169,0.537660266154,-1.1773302547,-0.35204859082,1.66321866926,0.584063184987,0.592883574518,-0.668815623518,95.1377639771
27.128571,-0.847907880504,-0.110830111925,0.248504887637,0.401519471229,3.05645671986,-1.16199044682,-0.319451499077,92.6044998169,0.538427256548,-1.1780972451,-0.35204859082,1.66283517407,0.584063184987,0.592883574518,-0.668815623518,95.1377639771
27.138575,-0.849441861292,-0.111597102319,0.248888382834,0.401902966426,3.05607322466,-1.16237394202,-0.319834994274,92.6044998169,0.537276770957,-1.1780972451,-0.351281600426,1.66321866926,0.584063184987,0.593267069715,-0.668815623518,95.1377639771
27.148572,-0.847907880504,-0.111213607122,0.248888382834,0.401519471229,3.05684021506,-1.16199044682,-0.320218489471,92.6044998169,0.53689327576,-1.1773302547,-0.35204859082,1.66283517407,0.583296194593,0.592883574518,-0.669199118715,95.1377639771
27.158572,-0.848291375701,-0.111213607122,0.248888382834,0.401135976032,3.05645671986,-1.16160695163,-0.319834994274,92.6044998169,0.538427256548,-1.1777137499,-0.351281600426,1.66283517407,0.583296194593,0.592883574518,-0.668432128321,95.1377639771
27.168570,-0.849058366095,-0.111213607122,0.247737897243,0.401135976032,3.05645671986,-1.16199044682,-0.319451499077,92.6044998169,0.538043761351,-1.1773302547,-0.351281600426,1.66283517407,0.584446680184,0.592883574518,-0.669199118715,95.1377639771
27.178570,-0.849058366095,-0.110830111925,0.24812139244,0.401902966426,3.05607322466,-1.16199044682,-0.320218489471,92.6044998169,0.537276770957,-1.1780972451,-0.351665095623,1.66321866926,0.584446680184,0.592500079321,-0.668815623518,95.1377639771
27.188571,-0.848291375701,-0.111597102319,0.248504887637,0.401519471229,3.05607322466,-1.16199044682,-0.31906800388,92.6044998169,0.537660266154,-1.1777137499,-0.35204859082,1.66360216446,0.584063184987,0.592500079321,-0.668432128321,95.1377639771
27.198573,-0.847907880504,-0.110830111925,0.248888382834,0.400752480835,3.05684021506,-1.16237394202,-0.319834994274,92.6044998169,0.538043761351,-1.1780972451,-0.351281600426,1.66398565966,0.584446680184,0.593267069715,-0.669199118715,95.1377639771
27.208571,-0.848291375701,-0.111213607122,0.248504887637,0.401135976032,3.05607322466,-1.16160695163,-0.320218489471,92.6044998169,0.538043761351,-1.1777137499,-0.351281600426,1.66321866926,0.58367968979,0.592883574518,-0.668815623518,95.1377639771
27.218574,-0.848674870898,-0.111213607122,0.24812139244,0.400752480835,3.05607322466,-1.16122345643,-0.320218489471,92.6044998169,0.537660266154,-1.17848074029,-0.351281600426,1.66283517407,0.584446680184,0.592883574518,-0.669582613912,95.1377639771
27.228572,-0.848674870898,-0.110830111925,0.248888382834,0.401135976032,3.05645671986,-1.16199044682,-0.320218489471,92.6044998169,0.536509780563,-1.17848074029,-0.351281600426,1.66283517407,0.584446680184,0.592883574518,-0.669199118715,95.1377639771
27.238571,-0.849058366095,-0.111213607122,0.248888382834,0.401519471229,3.05645671986,-1.16199044682,-0.320218489471,92.6044998169,0.537660266154,-1.17848074029,-0.350898105229,1.66360216446,0.584063184987,0.593650564912,-0.669966109109,95.1377639771
27.248572,-0.848291375701,-0.111213607122,0.248504887637,0.401519471229,3.05684021506,-1.16199044682,-0.320218489471,92.6044998169,0.537660266154,-1.1780972451,-0.35204859082,1.66283517407,0.58367968979,0.592883574518,-0.668432128321,95.1377639771
27.258576,-0.849825356489,-0.111213607122,0.24812139244,0.401135976032,3.05568972947,-1.16160695163,-0.320601984668,92.6044998169,0.537276770957,-1.17848074029,-0.352432086017,1.66321866926,0.584063184987,0.592883574518,-0.668815623518,95.1377639771
27.268583,-0.849441861292,-0.111213607122,0.248504887637,0.401135976032,3.05645671986,-1.16237394202,-0.319834994274,92.6044998169,0.536509780563,-1.1777137499,-0.35204859082,1.66360216446,0.584830175381,0.592500079321,-0.668815623518,95.1377639771
27.278576,-0.849441861292,-0.110830111925,0.248504887637,0.401135976032,3.05607322466,-1.16237394202,-0.31906800388,92.6044998169,0.538043761351,-1.17848074029,-0.351665095623,1.66283517407,0.584446680184,0.593650564912,-0.668815623518,95.1377639771
27.288573,-0.848291375701,-0.111213607122,0.248888382834,0.401519471229,3.05568972947,-1.16122345643,-0.320218489471,92.6044998169,0.537276770957,-1.1777137499,-0.351665095623,1.66206818367,0.584446680184,0.592883574518,-0.669582613912,95.1377639771
27.298573,-0.849441861292,-0.110446616728,0.248888382834,0.400752480835,3.05684021506,-1.16122345643,-0.31906800388,92.6044998169,0.53689327576,-1.1777137499,-0.351281600426,1.66283517407,0.58367968979,0.593267069715,-0.668815623518,95.1377639771
27.308577,-0.849058366095,-0.110830111925,0.248504887637,0.401519471229,3.05645671986,-1.16275743722,-0.320601984668,92.6044998169,0.538043761351,-1.1777137499,-0.351281600426,1.66321866926,0.584446680184,0.592883574518,-0.668815623518,95.1377639771
27.318573,-0.849058366095,-0.110830111925,0.24812139244,0.401135976032,3.05645671986,-1.16237394202,-0.319834994274,92.6044998169,0.538043761351,-1.1777137499,-0.350898105229,1.66360216446,0.584446680184,0.593267069715,-0.668815623518,95.1377639771
27.328571,-0.849058366095,-0.110446616728,0.249271878031,0.401135976032,3.05568972947,-1.16160695163,-0.320218489471,92.6044998169,0.537276770957,-1.1780972451,-0.350898105229,1.66360216446,0.585213670578,0.592883574518,-0.668815623518,95.1377639771
27.338571,-0.848291375701,-0.110446616728,0.248888382834,0.400752480835,3.05568972947,-1.16160695163,-0.319451499077,92.6044998169,0.537660266154,-1.17848074029,-0.352432086017,1.66283517407,0.584446680184,0.592500079321,-0.669199118715,95.1377639771
27.348573,-0.849058366095,-0.111213607122,0.24812139244,0.400752480835,3.05645671986,-1.16199044682,-0.320218489471,92.6044998169,0.538043761351,-1.17886423549,-0.351665095623,1.66398565966,0.584063184987,0.592500079321,-0.668815623518,95.1377639771
27.358575,-0.849058366095,-0.111213607122,0.247354402047,0.401519471229,3.05568972947,-1.16160695163,-0.320218489471,92.6044998169,0.538043761351,-1.17886423549,-0.350514610032,1.66360216446,0.584063184987,0.593650564912,-0.668432128321,95.1377639771
27.368570,-0.849058366095,-0.110446616728,0.24812139244,0.401519471229,3.05530623427,-1.16199044682,-0.319451499077,92.6044998169,0.538427256548,-1.1777137499,-0.351281600426,1.66283517407,0.584063184987,0.593267069715,-0.669199118715,95.1377639771
27.378570,-0.849441861292,-0.110830111925,0.24812139244,0.401519471229,3.05645671986,-1.16160695163,-0.319451499077,92.6044998169,0.537276770957,-1.1777137499,-0.351665095623,1.66360216446,0.584063184987,0.593650564912,-0.668815623518,95.1377639771
