time,left_s0,left_s1,left_e0,left_e1,left_w0,left_w1,left_w2,left_gripper,right_s0,right_s1,right_e0,right_e1,right_w0,right_w1,right_w2,right_gripper
0.518498,-0.25195634441,0.0302961205607,0.0510048611972,1.52247593198,0.586364156169,0.0195582550455,-1.3932380506,100.0,0.631616589412,-0.104310693576,-0.133839823743,1.65094682296,0.742446701337,0.22281070944,0.720587475109,100.0
0.518597,-0.25195634441,0.0302961205607,0.0510048611972,1.52247593198,0.586364156169,0.0195582550455,-1.3932380506,100.0,0.631616589412,-0.104310693576,-0.133839823743,1.65094682296,0.742446701337,0.22281070944,0.720587475109,100.0
0.528657,-0.253106830001,0.0299126253638,0.0506213660002,1.52247593198,0.58751464176,0.0195582550455,-1.39362154579,100.0,0.631616589412,-0.104310693576,-0.133839823743,1.65056332776,0.742446701337,0.223194204637,0.721354465503,100.0
0.538676,-0.252339839607,0.0299126253638,0.0510048611972,1.52285942717,0.587131146563,0.0199417502425,-1.39208756501,100.0,0.631233094215,-0.104310693576,-0.132305842955,1.65094682296,0.742830196534,0.223194204637,0.721354465503,100.0
0.548664,-0.251572849213,0.0302961205607,0.0502378708032,1.52324292237,0.586364156169,0.0195582550455,-1.3932380506,100.0,0.631616589412,-0.104310693576,-0.133072833349,1.65094682296,0.74206320614,0.223961195031,0.7217379607,100.0
0.558661,-0.252723334804,0.0302961205607,0.0506213660002,1.52285942717,0.587131146563,0.0199417502425,-1.3924710602,100.0,0.631616589412,-0.104310693576,-0.133072833349,1.65094682296,0.74206320614,0.223577699834,0.720587475109,100.0
0.568657,-0.253106830001,0.0299126253638,0.0498543756063,1.52324292237,0.588281632154,0.0203252454395,-1.3924710602,100.0,0.632000084609,-0.103927198379,-0.133839823743,1.65056332776,0.74206320614,0.223194204637,0.722121455897,100.0
0.578653,-0.252339839607,0.0299126253638,0.0506213660002,1.52285942717,0.587898136957,0.0207087406365,-1.3928545554,100.0,0.632000084609,-0.104310693576,-0.134606814137,1.65017983257,0.74206320614,0.223194204637,0.7217379607,100.0
0.588656,-0.251189354016,0.0295291301668,0.0506213660002,1.52324292237,0.587131146563,0.0203252454395,-1.39362154579,100.0,0.631616589412,-0.104694188773,-0.133072833349,1.65094682296,0.74206320614,0.22281070944,0.7217379607,100.0
0.598654,-0.25195634441,0.0299126253638,0.0510048611972,1.52285942717,0.587131146563,0.0195582550455,-1.3932380506,100.0,0.632000084609,-0.104694188773,-0.133456328546,1.65094682296,0.74206320614,0.223194204637,0.721354465503,100.0
0.608658,-0.251189354016,0.0310631109547,0.0513883563942,1.52324292237,0.587131146563,0.0195582550455,-1.3928545554,100.0,0.631233094215,-0.105461179167,-0.13422331894,1.65056332776,0.74206320614,0.22281070944,0.720587475109,100.0
0.618657,-0.252723334804,0.0302961205607,0.0510048611972,1.52247593198,0.585980660972,0.0195582550455,-1.39132057461,100.0,0.631233094215,-0.104694188773,-0.133456328546,1.64941284217,0.742830196534,0.223577699834,0.721354465503,100.0
0.628665,-0.252723334804,0.0299126253638,0.0513883563942,1.52324292237,0.587131146563,0.0191747598486,-1.3924710602,100.0,0.631616589412,-0.10507768397,-0.133839823743,1.65056332776,0.74206320614,0.223194204637,0.720970970306,100.0
0.638652,-0.252723334804,0.0299126253638,0.0506213660002,1.52285942717,0.58751464176,0.0195582550455,-1.39132057461,100.0,0.632000084609,-0.104310693576,-0.133839823743,1.64979633737,0.741679710943,0.223577699834,0.7217379607,100.0
0.648652,-0.252339839607,0.0291456349698,0.0510048611972,1.52285942717,0.587131146563,0.0199417502425,-1.39400504099,100.0,0.632000084609,-0.103927198379,-0.133456328546,1.65094682296,0.742446701337,0.223194204637,0.720587475109,100.0
0.658648,-0.252723334804,0.0295291301668,0.0510048611972,1.52247593198,0.585980660972,0.0203252454395,-1.3932380506,100.0,0.631233094215,-0.104310693576,-0.132689338152,1.65017983257,0.74206320614,0.222427214243,0.722121455897,100.0
0.668647,-0.25195634441,0.0295291301668,0.0506213660002,1.52247593198,0.587131146563,0.0195582550455,-1.3928545554,100.0,0.631233094215,-0.10507768397,-0.132689338152,1.65094682296,0.741679710943,0.223577699834,0.721354465503,100.0
0.678659,-0.252339839607,0.0299126253638,0.0506213660002,1.52362641757,0.585597165775,0.0187912646516,-1.3928545554,100.0,0.632383579806,-0.105461179167,-0.132689338152,1.65056332776,0.74206320614,0.223194204637,0.721354465503,100.0
0.688650,-0.253106830001,0.0291456349698,0.0510048611972,1.52285942717,0.586747651366,0.0195582550455,-1.3924710602,100.0,0.632383579806,-0.103927198379,-0.133839823743,1.65094682296,0.74206320614,0.22281070944,0.721354465503,100.0
0.698650,-0.252723334804,0.0295291301668,0.0517718515911,1.52324292237,0.586747651366,0.0199417502425,-1.39132057461,100.0,0.631233094215,-0.104694188773,-0.133456328546,1.65094682296,0.742830196534,0.22281070944,0.721354465503,100.0
0.708652,-0.251572849213,0.0299126253638,0.0510048611972,1.52324292237,0.58751464176,0.0199417502425,-1.39208756501,100.0,0.631233094215,-0.103927198379,-0.13422331894,1.65056332776,0.742830196534,0.223961195031,0.721354465503,100.0
0.718653,-0.251572849213,0.0299126253638,0.0510048611972,1.52324292237,0.58751464176,0.0199417502425,-1.3928545554,100.0,0.631616589412,-0.104694188773,-0.133456328546,1.65133031816,0.741679710943,0.223194204637,0.720587475109,100.0
0.728654,-0.252339839607,0.0291456349698,0.0510048611972,1.52247593198,0.587131146563,0.0199417502425,-1.39170406981,100.0,0.631616589412,-0.104694188773,-0.133456328546,1.65094682296,0.74206320614,0.223577699834,0.720970970306,100.0
0.738655,-0.251572849213,0.0302961205607,0.0510048611972,1.52247593198,0.587131146563,0.0199417502425,-1.3928545554,100.0,0.631233094215,-0.104694188773,-0.132689338152,1.65017983257,0.741679710943,0.224344690228,0.7217379607,100.0
0.748654,-0.252339839607,0.0299126253638,0.0506213660002,1.52285942717,0.586364156169,0.0199417502425,-1.3924710602,100.0,0.632000084609,-0.103927198379,-0.133839823743,1.65133031816,0.74206320614,0.222427214243,0.720970970306,100.0
0.758658,-0.252723334804,0.0299126253638,0.0510048611972,1.52285942717,0.586747651366,0.0203252454395,-1.39170406981,100.0,0.632000084609,-0.104310693576,-0.13422331894,1.65133031816,0.741296215746,0.223194204637,0.720970970306,100.0
0.768651,-0.252339839607,0.0299126253638,0.0502378708032,1.52247593198,0.587131146563,0.0199417502425,-1.39208756501,100.0,0.631616589412,-0.103927198379,-0.133072833349,1.65094682296,0.742830196534,0.223194204637,0.720203979912,100.0
0.778652,-0.253106830001,0.0295291301668,0.0510048611972,1.52285942717,0.58751464176,0.0195582550455,-1.3924710602,100.0,0.631616589412,-0.104310693576,-0.133456328546,1.65056332776,0.741679710943,0.223194204637,0.721354465503,100.0
0.788654,-0.252339839607,0.0295291301668,0.0510048611972,1.52324292237,0.586747651366,0.0203252454395,-1.39362154579,100.0,0.632000084609,-0.103927198379,-0.132305842955,1.65056332776,0.742830196534,0.223194204637,0.720970970306,100.0
0.798653,-0.253490325198,0.0299126253638,0.0513883563942,1.52209243678,0.586747651366,0.0199417502425,-1.3928545554,100.0,0.631233094215,-0.103927198379,-0.133072833349,1.65094682296,0.742446701337,0.223577699834,0.721354465503,100.0
0.808651,-0.252339839607,0.0299126253638,0.0510048611972,1.52324292237,0.586364156169,0.0203252454395,-1.3928545554,100.0,0.631616589412,-0.103927198379,-0.132689338152,1.65056332776,0.74206320614,0.223577699834,0.721354465503,100.0
0.818656,-0.25195634441,0.0299126253638,0.0510048611972,1.52285942717,0.587898136957,0.0199417502425,-1.3928545554,100.0,0.632000084609,-0.10507768397,-0.132689338152,1.65094682296,0.742446701337,0.223194204637,0.722121455897,100.0
0.828652,-0.253106830001,0.0299126253638,0.0506213660002,1.52209243678,0.58751464176,0.0199417502425,-1.3928545554,100.0,0.631233094215,-0.104310693576,-0.133072833349,1.65133031816,0.74206320614,0.22281070944,0.721354465503,100.0
0.838652,-0.25195634441,0.0291456349698,0.0510048611972,1.52362641757,0.586364156169,0.0187912646516,-1.39170406981,100.0,0.631616589412,-0.104694188773,-0.133456328546,1.65056332776,0.742446701337,0.223577699834,0.720970970306,100.0
0.848658,-0.252339839607,0.0302961205607,0.0510048611972,1.52324292237,0.587131146563,0.0191747598486,-1.3928545554,100.0,0.631233094215,-0.104310693576,-0.133839823743,1.65056332776,0.74206320614,0.223577699834,0.721354465503,100.0
0.858686,-0.252339839607,0.0299126253638,0.0510048611972,1.52324292237,0.587131146563,0.0203252454395,-1.3928545554,100.0,0.631616589412,-0.104310693576,-0.133456328546,1.65017983257,0.742446701337,0.223194204637,0.720587475109,100.0
0.868656,-0.252339839607,0.0302961205607,0.0510048611972,1.52285942717,0.587898136957,0.0207087406365,-1.39208756501,100.0,0.630466103821,-0.104310693576,-0.133839823743,1.65094682296,0.742446701337,0.223577699834,0.7217379607,100.0
0.878661,-0.251189354016,0.0302961205607,0.0510048611972,1.52285942717,0.586364156169,0.0203252454395,-1.39362154579,100.0,0.631616589412,-0.104310693576,-0.13422331894,1.65056332776,0.74206320614,0.222427214243,0.721354465503,100.0
0.888657,-0.253106830001,0.0299126253638,0.0513883563942,1.52247593198,0.586364156169,0.0199417502425,-1.39400504099,100.0,0.632000084609,-0.104310693576,-0.133456328546,1.65094682296,0.74206320614,0.223194204637,0.720587475109,100.0
0.898654,-0.25195634441,0.0295291301668,0.0506213660002,1.52324292237,0.58751464176,0.0199417502425,-1.39208756501,100.0,0.631616589412,-0.104694188773,-0.132305842955,1.65094682296,0.74206320614,0.223577699834,0.721354465503,100.0
0.908655,-0.251572849213,0.0310631109547,0.0510048611972,1.52324292237,0.58751464176,0.0199417502425,-1.3932380506,100.0,0.631233094215,-0.10507768397,-0.133072833349,1.65056332776,0.741679710943,0.223194204637,0.722121455897,100.0
0.918652,-0.25195634441,0.0299126253638,0.0510048611972,1.52400991276,0.58751464176,0.0199417502425,-1.39208756501,100.0,0.630466103821,-0.104694188773,-0.13422331894,1.65133031816,0.74206320614,0.223961195031,0.7217379607,100.0
0.928653,-0.253490325198,0.0295291301668,0.0494708804093,1.52285942717,0.586747651366,0.0199417502425,-1.39208756501,100.0,0.630466103821,-0.104694188773,-0.132689338152,1.65056332776,0.741679710943,0.223194204637,0.7217379607,100.0
0.938651,-0.252723334804,0.0295291301668,0.0513883563942,1.52362641757,0.587131146563,0.0199417502425,-1.3924710602,100.0,0.631616589412,-0.104310693576,-0.133839823743,1.65133031816,0.742446701337,0.223194204637,0.720970970306,100.0
0.948653,-0.251572849213,0.0299126253638,0.0502378708032,1.52247593198,0.586747651366,0.0195582550455,-1.3932380506,100.0,0.631233094215,-0.104310693576,-0.133456328546,1.65056332776,0.74206320614,0.223577699834,0.721354465503,100.0
0.958652,-0.252339839607,0.0295291301668,0.0513883563942,1.52324292237,0.585597165775,0.0195582550455,-1.39208756501,100.0,0.631233094215,-0.104694188773,-0.132305842955,1.65133031816,0.74206320614,0.223194204637,0.7217379607,100.0
0.968653,-0.25195634441,0.0299126253638,0.0510048611972,1.52285942717,0.58751464176,0.0191747598486,-1.39093707942,100.0,0.631233094215,-0.10507768397,-0.133839823743,1.65133031816,0.741296215746,0.224344690228,0.721354465503,100.0
0.978654,-0.252723334804,0.0299126253638,0.0506213660002,1.52324292237,0.58751464176,0.0203252454395,-1.39132057461,100.0,0.631233094215,-0.104310693576,-0.133072833349,1.65056332776,0.741679710943,0.223577699834,0.7217379607,100.0
0.988654,-0.25195634441,0.0302961205607,0.0498543756063,1.52285942717,0.58751464176,0.0207087406365,-1.3928545554,100.0,0.631233094215,-0.103927198379,-0.133072833349,1.65017983257,0.741679710943,0.223577699834,0.722121455897,100.0
0.998650,-0.253106830001,0.0299126253638,0.0510048611972,1.52247593198,0.586364156169,0.0195582550455,-1.3924710602,100.0,0.631233094215,-0.104694188773,-0.132689338152,1.65056332776,0.74206320614,0.22281070944,0.720970970306,100.0
1.008650,-0.252339839607,0.0302961205607,0.0506213660002,1.52285942717,0.587131146563,0.0195582550455,-1.39362154579,100.0,0.631233094215,-0.104310693576,-0.133839823743,1.65017983257,0.742446701337,0.223194204637,0.7217379607,100.0
1.018654,-0.25195634441,0.0295291301668,0.0506213660002,1.52285942717,0.587131146563,0.0207087406365,-1.39208756501,100.0,0.631616589412,-0.104310693576,-0.133456328546,1.65056332776,0.74206320614,0.223961195031,0.7217379607,100.0
1.028653,-0.252339839607,0.0299126253638,0.0510048611972,1.52285942717,0.586747651366,0.0195582550455,-1.3932380506,100.0,0.631233094215,-0.104310693576,-0.133456328546,1.65056332776,0.742446701337,0.223194204637,0.7217379607,100.0
1.038666,-0.253873820395,0.0299126253638,0.0506213660002,1.52247593198,0.587131146563,0.0195582550455,-1.3924710602,100.0,0.631616589412,-0.104694188773,-0.133839823743,1.65017983257,0.741679710943,0.22281070944,0.721354465503,100.0
1.048654,-0.252339839607,0.0302961205607,0.0510048611972,1.52324292237,0.587131146563,0.0199417502425,-1.3924710602,100.0,0.632383579806,-0.104310693576,-0.133456328546,1.65094682296,0.74206320614,0.223194204637,0.722121455897,100.0
1.058677,-0.251189354016,0.0299126253638,0.0513883563942,1.52247593198,0.586364156169,0.0203252454395,-1.3924710602,100.0,0.632000084609,-0.104694188773,-0.133456328546,1.65056332776,0.742446701337,0.223194204637,0.7217379607,100.0
1.068656,-0.252723334804,0.0302961205607,0.0502378708032,1.52247593198,0.58751464176,0.0203252454395,-1.39208756501,100.0,0.631233094215,-0.104694188773,-0.132305842955,1.65094682296,0.74206320614,0.22281070944,0.7217379607,100.0
1.078656,-0.252339839607,0.0302961205607,0.0498543756063,1.52362641757,0.586747651366,0.0210922358334,-1.3928545554,100.0,0.631233094215,-0.104310693576,-0.133072833349,1.64979633737,0.742446701337,0.223194204637,0.721354465503,100.0
1.088655,-0.25195634441,0.0299126253638,0.0513883563942,1.52285942717,0.58751464176,0.0199417502425,-1.3924710602,100.0,0.631233094215,-0.104310693576,-0.133456328546,1.65056332776,0.741679710943,0.22281070944,0.721354465503,100.0
1.098650,-0.25195634441,0.0299126253638,0.0510048611972,1.52362641757,0.587131146563,0.0203252454395,-1.39400504099,100.0,0.632000084609,-0.103927198379,-0.133072833349,1.65133031816,0.742446701337,0.223577699834,0.7217379607,100.0
1.108654,-0.25195634441,0.0302961205607,0.0502378708032,1.52285942717,0.587898136957,0.0191747598486,-1.3932380506,100.0,0.631233094215,-0.104694188773,-0.133072833349,1.65094682296,0.742446701337,0.223577699834,0.721354465503,100.0
1.118654,-0.253106830001,0.0295291301668,0.0510048611972,1.52285942717,0.587131146563,0.0207087406365,-1.3924710602,100.0,0.631616589412,-0.104310693576,-0.132689338152,1.65017983257,0.74206320614,0.22281070944,0.720970970306,100.0
1.128651,-0.251189354016,0.0295291301668,0.0502378708032,1.52285942717,0.586747651366,0.0199417502425,-1.39362154579,100.0,0.632000084609,-0.104694188773,-0.133456328546,1.65056332776,0.742446701337,0.223194204637,0.720970970306,100.0
1.138654,-0.252723334804,0.0306796157577,0.0510048611972,1.52362641757,0.586747651366,0.0199417502425,-1.39170406981,100.0,0.632000084609,-0.104310693576,-0.133456328546,1.65094682296,0.741679710943,0.223577699834,0.721354465503,100.0
1.148654,-0.251189354016,0.0302961205607,0.0510048611972,1.52247593198,0.586747651366,0.0191747598486,-1.39208756501,100.0,0.632383579806,-0.104310693576,-0.133456328546,1.65133031816,0.74206320614,0.223577699834,0.720587475109,100.0
1.158676,-0.252723334804,0.0299126253638,0.0521553467881,1.52285942717,0.587898136957,0.0203252454395,-1.39208756501,100.0,0.631616589412,-0.103927198379,-0.13422331894,1.65094682296,0.741679710943,0.223194204637,0.722121455897,100.0
1.169147,-0.253106830001,0.0302961205607,0.0506213660002,1.52209243678,0.586364156169,0.0195582550455,-1.3924710602,100.0,0.632000084609,-0.104694188773,-0.133456328546,1.65094682296,0.741679710943,0.223194204637,0.720587475109,100.0
1.178651,-0.253106830001,0.0302961205607,0.0506213660002,1.52209243678,0.586364156169,0.0195582550455,-1.3924710602,100.0,0.632000084609,-0.104694188773,-0.133456328546,1.65094682296,0.741679710943,0.223194204637,0.720587475109,100.0
1.188651,-0.251572849213,0.0291456349698,0.0506213660002,1.52324292237,0.58751464176,0.0195582550455,-1.3928545554,100.0,0.631616589412,-0.103927198379,-0.133456328546,1.65094682296,0.74206320614,0.223961195031,0.720970970306,100.0
1.198657,-0.251572849213,0.0302961205607,0.0510048611972,1.52285942717,0.586364156169,0.0199417502425,-1.3932380506,100.0,0.631616589412,-0.104310693576,-0.133072833349,1.65133031816,0.741679710943,0.223961195031,0.721354465503,100.0
1.208657,-0.251572849213,0.0299126253638,0.0513883563942,1.52285942717,0.587131146563,0.0203252454395,-1.3928545554,100.0,0.631616589412,-0.103927198379,-0.133072833349,1.65017983257,0.74206320614,0.223577699834,0.7217379607,100.0
1.218659,-0.252339839607,0.0291456349698,0.0510048611972,1.52285942717,0.58751464176,0.0199417502425,-1.39208756501,100.0,0.631616589412,-0.104694188773,-0.133072833349,1.65094682296,0.742446701337,0.223577699834,0.721354465503,100.0
1.228654,-0.25195634441,0.0295291301668,0.0494708804093,1.52324292237,0.586747651366,0.0195582550455,-1.3932380506,100.0,0.631233094215,-0.104694188773,-0.133072833349,1.65133031816,0.74206320614,0.222043719046,0.721354465503,100.0
1.238658,-0.252723334804,0.0299126253638,0.0510048611972,1.52247593198,0.587131146563,0.0191747598486,-1.3924710602,100.0,0.631233094215,-0.103927198379,-0.133456328546,1.65094682296,0.74206320614,0.22281070944,0.721354465503,100.0
1.248658,-0.252723334804,0.0302961205607,0.0502378708032,1.52285942717,0.587131146563,0.0203252454395,-1.3924710602,100.0,0.631616589412,-0.103927198379,-0.132689338152,1.65056332776,0.74206320614,0.22281070944,0.720970970306,100.0
1.258674,-0.251189354016,0.0302961205607,0.0510048611972,1.52324292237,0.586747651366,0.0203252454395,-1.3928545554,100.0,0.632000084609,-0.103927198379,-0.13422331894,1.65094682296,0.74206320614,0.223194204637,0.721354465503,100.0
1.268678,-0.25195634441,0.0299126253638,0.0513883563942,1.52362641757,0.58751464176,0.0203252454395,-1.3924710602,100.0,0.631233094215,-0.104694188773,-0.133072833349,1.65094682296,0.741679710943,0.224344690228,0.721354465503,100.0
1.278677,-0.252339839607,0.0299126253638,0.0502378708032,1.52285942717,0.588281632154,0.0199417502425,-1.3924710602,100.0,0.632000084609,-0.104310693576,-0.133839823743,1.65133031816,0.74206320614,0.223577699834,0.721354465503,100.0
1.288678,-0.252723334804,0.0291456349698,0.0513883563942,1.52324292237,0.587131146563,0.0199417502425,-1.39132057461,100.0,0.630849599018,-0.104310693576,-0.133456328546,1.65056332776,0.742446701337,0.223577699834,0.720970970306,100.0
1.298660,-0.252723334804,0.0295291301668,0.0502378708032,1.52362641757,0.587131146563,0.0191747598486,-1.39208756501,100.0,0.631233094215,-0.104310693576,-0.133072833349,1.65056332776,0.74206320614,0.223577699834,0.721354465503,100.0
1.309045,-0.25195634441,0.0299126253638,0.0506213660002,1.52247593198,0.587898136957,0.0199417502425,-1.3924710602,100.0,0.631233094215,-0.104694188773,-0.133456328546,1.65094682296,0.74206320614,0.223577699834,0.720587475109,100.0
1.318662,-0.253106830001,0.0299126253638,0.0506213660002,1.52209243678,0.586747651366,0.0199417502425,-1.39208756501,100.0,0.631233094215,-0.104694188773,-0.133456328546,1.65094682296,0.74206320614,0.223577699834,0.720587475109,100.0
1.328650,-0.253106830001,0.0299126253638,0.0498543756063,1.52285942717,0.586364156169,0.0199417502425,-1.39208756501,100.0,0.631616589412,-0.103927198379,-0.132689338152,1.65133031816,0.74206320614,0.223194204637,0.721354465503,100.0
1.338650,-0.25195634441,0.0302961205607,0.0517718515911,1.52324292237,0.587131146563,0.0195582550455,-1.3928545554,100.0,0.632383579806,-0.104310693576,-0.132689338152,1.65094682296,0.742446701337,0.22281070944,0.720970970306,100.0
1.348653,-0.253490325198,0.0302961205607,0.0510048611972,1.52285942717,0.587131146563,0.0199417502425,-1.39208756501,100.0,0.631616589412,-0.104310693576,-0.133839823743,1.65133031816,0.741679710943,0.223961195031,0.720970970306,100.0
1.358651,-0.25195634441,0.0302961205607,0.0506213660002,1.52247593198,0.587131146563,0.0199417502425,-1.3928545554,100.0,0.631233094215,-0.104310693576,-0.13422331894,1.65133031816,0.742446701337,0.223577699834,0.721354465503,100.0
1.368652,-0.250805858819,0.0299126253638,0.0498543756063,1.52324292237,0.587898136957,0.0195582550455,-1.3928545554,100.0,0.631616589412,-0.104310693576,-0.13422331894,1.65133031816,0.74206320614,0.223194204637,0.7217379607,100.0
1.378652,-0.252339839607,0.0295291301668,0.0513883563942,1.52285942717,0.587131146563,0.0207087406365,-1.3932380506,100.0,0.631233094215,-0.103927198379,-0.133456328546,1.65094682296,0.742446701337,0.22281070944,0.7217379607,100.0
1.388652,-0.25195634441,0.0295291301668,0.0502378708032,1.52247593198,0.587131146563,0.0195582550455,-1.39362154579,100.0,0.631233094215,-0.103927198379,-0.133839823743,1.65133031816,0.74206320614,0.222427214243,0.721354465503,100.0
1.398651,-0.251572849213,0.0295291301668,0.0513883563942,1.52324292237,0.58751464176,0.0203252454395,-1.3932380506,100.0,0.631616589412,-0.104310693576,-0.133456328546,1.65133031816,0.74206320614,0.223577699834,0.720587475109,100.0
1.408653,-0.251572849213,0.0299126253638,0.0506213660002,1.52285942717,0.585980660972,0.0199417502425,-1.3924710602,100.0,0.632000084609,-0.104694188773,-0.132689338152,1.65133031816,0.74206320614,0.223194204637,0.720970970306,100.0
1.418651,-0.25195634441,0.0299126253638,0.0506213660002,1.52285942717,0.58751464176,0.0207087406365,-1.3924710602,100.0,0.632000084609,-0.103543703182,-0.133456328546,1.65017983257,0.741679710943,0.223194204637,0.722121455897,100.0
1.428649,-0.251572849213,0.0299126253638,0.0502378708032,1.52362641757,0.587898136957,0.0203252454395,-1.39208756501,100.0,0.632000084609,-0.103927198379,-0.133839823743,1.65094682296,0.74206320614,0.22281070944,0.722121455897,100.0
1.438647,-0.252339839607,0.0302961205607,0.0502378708032,1.52324292237,0.587131146563,0.0195582550455,-1.3924710602,100.0,0.632383579806,-0.103927198379,-0.133839823743,1.65094682296,0.74206320614,0.223961195031,0.721354465503,100.0
1.448650,-0.253873820395,0.0302961205607,0.0510048611972,1.52362641757,0.586364156169,0.0191747598486,-1.3928545554,100.0,0.632000084609,-0.103543703182,-0.133456328546,1.65017983257,0.741679710943,0.223194204637,0.721354465503,100.0
1.458650,-0.25195634441,0.0299126253638,0.0506213660002,1.52170894158,0.586747651366,0.0195582550455,-1.39132057461,100.0,0.632000084609,-0.104310693576,-0.133839823743,1.65056332776,0.742446701337,0.223577699834,0.7217379607,100.0
1.468652,-0.252339839607,0.0299126253638,0.0502378708032,1.52285942717,0.587898136957,0.0199417502425,-1.39362154579,100.0,0.631233094215,-0.104310693576,-0.133839823743,1.65094682296,0.74206320614,0.223194204637,0.720587475109,100.0
1.478658,-0.252339839607,0.0291456349698,0.0510048611972,1.52285942717,0.58751464176,0.0199417502425,-1.39170406981,100.0,0.630849599018,-0.104310693576,-0.133839823743,1.65094682296,0.74206320614,0.223194204637,0.720587475109,100.0
1.488656,-0.251572849213,0.0306796157577,0.0498543756063,1.52209243678,0.58751464176,0.0203252454395,-1.3932380506,100.0,0.632000084609,-0.103927198379,-0.133839823743,1.65094682296,0.741679710943,0.22281070944,0.721354465503,100.0
1.498658,-0.251572849213,0.0306796157577,0.0510048611972,1.52285942717,0.586364156169,0.0207087406365,-1.39208756501,100.0,0.631616589412,-0.103543703182,-0.13422331894,1.65094682296,0.74206320614,0.223577699834,0.720970970306,100.0
1.508657,-0.252723334804,0.0306796157577,0.0510048611972,1.52324292237,0.58751464176,0.0199417502425,-1.39208756501,100.0,0.632383579806,-0.104310693576,-0.133456328546,1.65171381336,0.74206320614,0.223194204637,0.720970970306,100.0
1.518655,-0.253106830001,0.0299126253638,0.0506213660002,1.52209243678,0.587131146563,0.0195582550455,-1.39170406981,100.0,0.631233094215,-0.103927198379,-0.133839823743,1.65094682296,0.74206320614,0.223194204637,0.721354465503,100.0
1.528654,-0.251572849213,0.0302961205607,0.0506213660002,1.52324292237,0.587131146563,0.0195582550455,-1.39400504099,100.0,0.630849599018,-0.104310693576,-0.13422331894,1.65133031816,0.741296215746,0.223577699834,0.7217379607,100.0
1.538650,-0.25195634441,0.0299126253638,0.0510048611972,1.52324292237,0.586364156169,0.0191747598486,-1.3928545554,100.0,0.632383579806,-0.103927198379,-0.132689338152,1.65133031816,0.741679710943,0.223577699834,0.720970970306,100.0
1.548666,-0.252339839607,0.0302961205607,0.0506213660002,1.52324292237,0.587131146563,0.0203252454395,-1.3928545554,100.0,0.631616589412,-0.104310693576,-0.133072833349,1.65094682296,0.742830196534,0.223194204637,0.721354465503,100.0
1.558680,-0.25195634441,0.0306796157577,0.0502378708032,1.52324292237,0.586364156169,0.0199417502425,-1.39208756501,100.0,0.631616589412,-0.103543703182,-0.133839823743,1.65171381336,0.74206320614,0.223577699834,0.721354465503,100.0
1.568658,-0.25195634441,0.0299126253638,0.0510048611972,1.52285942717,0.585980660972,0.0195582550455,-1.39208756501,100.0,0.631616589412,-0.103927198379,-0.133456328546,1.65133031816,0.74206320614,0.222427214243,0.721354465503,100.0
1.578649,-0.252339839607,0.0291456349698,0.0498543756063,1.52285942717,0.585980660972,0.0191747598486,-1.3932380506,100.0,0.631233094215,-0.104694188773,-0.13422331894,1.65094682296,0.74206320614,0.223577699834,0.7217379607,100.0
1.588652,-0.253490325198,0.0306796157577,0.0510048611972,1.52324292237,0.587898136957,0.0203252454395,-1.3932380506,100.0,0.632000084609,-0.104694188773,-0.133456328546,1.65017983257,0.74206320614,0.223194204637,0.720970970306,100.0
1.598653,-0.252339839607,0.0299126253638,0.0513883563942,1.52247593198,0.58751464176,0.0195582550455,-1.39208756501,100.0,0.631616589412,-0.103927198379,-0.13422331894,1.65094682296,0.74206320614,0.223194204637,0.721354465503,100.0
1.608650,-0.25195634441,0.0295291301668,0.0506213660002,1.52285942717,0.586747651366,0.0203252454395,-1.39208756501,100.0,0.631616589412,-0.104310693576,-0.133456328546,1.65133031816,0.742830196534,0.223577699834,0.722121455897,100.0
1.618651,-0.25195634441,0.0295291301668,0.0502378708032,1.52285942717,0.587131146563,0.0195582550455,-1.39208756501,100.0,0.632000084609,-0.104310693576,-0.133072833349,1.65094682296,0.741679710943,0.22281070944,0.720970970306,100.0
1.628651,-0.253106830001,0.0299126253638,0.0502378708032,1.52285942717,0.587131146563,0.0199417502425,-1.39208756501,100.0,0.631233094215,-0.104310693576,-0.133072833349,1.65094682296,0.742446701337,0.223961195031,0.721354465503,100.0
1.638649,-0.253106830001,0.0295291301668,0.0502378708032,1.52362641757,0.588281632154,0.0199417502425,-1.3932380506,100.0,0.631616589412,-0.104310693576,-0.133456328546,1.65094682296,0.74206320614,0.223194204637,0.721354465503,100.0
1.648648,-0.252723334804,0.0302961205607,0.0510048611972,1.52285942717,0.587131146563,0.0191747598486,-1.39208756501,100.0,0.632383579806,-0.104694188773,-0.133456328546,1.65171381336,0.74206320614,0.223577699834,0.7217379607,100.0
1.658677,-0.25195634441,0.0302961205607,0.0506213660002,1.52209243678,0.587131146563,0.0195582550455,-1.39208756501,100.0,0.632383579806,-0.104694188773,-0.13422331894,1.65094682296,0.74206320614,0.223194204637,0.721354465503,100.0
1.668676,-0.252339839607,0.0299126253638,0.0513883563942,1.52247593198,0.588665127351,0.0207087406365,-1.39208756501,100.0,0.631616589412,-0.104310693576,-0.13422331894,1.65056332776,0.742446701337,0.223194204637,0.721354465503,100.0
1.678677,-0.25195634441,0.0299126253638,0.0513883563942,1.52209243678,0.58751464176,0.0191747598486,-1.3924710602,100.0,0.632000084609,-0.104310693576,-0.133839823743,1.65094682296,0.74206320614,0.223577699834,0.720970970306,100.0
1.688659,-0.253106830001,0.0295291301668,0.0502378708032,1.52247593198,0.585980660972,0.0187912646516,-1.3924710602,100.0,0.630849599018,-0.105461179167,-0.133456328546,1.65094682296,0.74206320614,0.22281070944,0.720970970306,100.0
1.698655,-0.252339839607,0.0302961205607,0.0498543756063,1.52400991276,0.588665127351,0.0203252454395,-1.3924710602,100.0,0.631616589412,-0.104310693576,-0.13422331894,1.65094682296,0.741679710943,0.223194204637,0.721354465503,100.0
1.708655,-0.251572849213,0.0299126253638,0.0510048611972,1.52285942717,0.587898136957,0.0191747598486,-1.3928545554,100.0,0.631616589412,-0.104310693576,-0.133072833349,1.65094682296,0.742830196534,0.223194204637,0.720587475109,100.0
1.718657,-0.252339839607,0.0302961205607,0.0502378708032,1.52324292237,0.58751464176,0.0203252454395,-1.39208756501,100.0,0.632383579806,-0.103927198379,-0.133456328546,1.65056332776,0.74206320614,0.22281070944,0.722121455897,100.0
1.728655,-0.252723334804,0.0302961205607,0.0506213660002,1.52324292237,0.588281632154,0.0199417502425,-1.39170406981,100.0,0.631616589412,-0.104310693576,-0.133072833349,1.65094682296,0.742446701337,0.22281070944,0.720587475109,100.0
1.738679,-0.251189354016,0.0295291301668,0.0506213660002,1.52247593198,0.587131146563,0.0199417502425,-1.39208756501,100.0,0.632767075003,-0.104310693576,-0.133072833349,1.65017983257,0.74206320614,0.223577699834,0.721354465503,100.0
1.748656,-0.251572849213,0.0302961205607,0.0510048611972,1.52285942717,0.58751464176,0.0191747598486,-1.39362154579,100.0,0.631616589412,-0.104694188773,-0.133839823743,1.65094682296,0.74206320614,0.22281070944,0.721354465503,100.0
1.758652,-0.25195634441,0.0302961205607,0.0513883563942,1.52285942717,0.587131146563,0.0191747598486,-1.39170406981,100.0,0.630849599018,-0.104694188773,-0.132689338152,1.65056332776,0.741679710943,0.222427214243,0.720587475109,100.0
1.768651,-0.253106830001,0.0299126253638,0.0494708804093,1.52324292237,0.586747651366,0.0195582550455,-1.3928545554,100.0,0.630466103821,-0.104310693576,-0.133839823743,1.65094682296,0.74206320614,0.222427214243,0.720587475109,100.0
1.778653,-0.253490325198,0.0299126253638,0.0506213660002,1.52285942717,0.586747651366,0.0207087406365,-1.3928545554,100.0,0.631616589412,-0.104310693576,-0.133839823743,1.65133031816,0.74206320614,0.223194204637,0.720970970306,100.0
1.788657,-0.252723334804,0.0302961205607,0.0517718515911,1.52170894158,0.585597165775,0.0203252454395,-1.39208756501,100.0,0.630849599018,-0.104694188773,-0.133072833349,1.65171381336,0.742446701337,0.22281070944,0.7217379607,100.0
1.798651,-0.252723334804,0.0302961205607,0.0502378708032,1.52247593198,0.58751464176,0.0199417502425,-1.3932380506,100.0,0.631616589412,-0.104310693576,-0.133072833349,1.65133031816,0.741679710943,0.223194204637,0.720587475109,100.0
1.808649,-0.253106830001,0.0295291301668,0.0510048611972,1.52209243678,0.587131146563,0.0191747598486,-1.3928545554,100.0,0.631616589412,-0.103927198379,-0.132689338152,1.65133031816,0.741679710943,0.223577699834,0.721354465503,100.0
1.818658,-0.251572849213,0.0310631109547,0.0502378708032,1.52247593198,0.587898136957,0.0199417502425,-1.39132057461,100.0,0.632383579806,-0.104694188773,-0.133456328546,1.65133031816,0.741679710943,0.223961195031,0.7217379607,100.0
1.828654,-0.253490325198,0.0295291301668,0.0510048611972,1.52324292237,0.586364156169,0.0195582550455,-1.39362154579,100.0,0.631616589412,-0.104694188773,-0.133456328546,1.65133031816,0.74206320614,0.223577699834,0.7217379607,100.0
1.838649,-0.252723334804,0.0299126253638,0.0502378708032,1.52285942717,0.587898136957,0.0203252454395,-1.3932380506,100.0,0.632000084609,-0.104310693576,-0.133456328546,1.65094682296,0.74206320614,0.22281070944,0.720970970306,100.0
1.848651,-0.252339839607,0.0295291301668,0.0502378708032,1.52247593198,0.587898136957,0.0199417502425,-1.3932380506,100.0,0.631233094215,-0.104694188773,-0.133072833349,1.65171381336,0.74206320614,0.224344690228,0.720970970306,100.0
1.858656,-0.252723334804,0.0291456349698,0.0510048611972,1.52285942717,0.587898136957,0.0191747598486,-1.39170406981,100.0,0.631233094215,-0.103927198379,-0.133072833349,1.65133031816,0.741679710943,0.223577699834,0.720970970306,100.0
1.868677,-0.251572849213,0.0295291301668,0.0506213660002,1.52247593198,0.588281632154,0.0195582550455,-1.3928545554,100.0,0.631233094215,-0.103927198379,-0.133456328546,1.65133031816,0.742446701337,0.223194204637,0.721354465503,100.0
1.878658,-0.252723334804,0.0295291301668,0.0506213660002,1.52247593198,0.587131146563,0.0199417502425,-1.39208756501,100.0,0.632383579806,-0.104310693576,-0.13422331894,1.65017983257,0.742446701337,0.22281070944,0.721354465503,100.0
1.888659,-0.251189354016,0.0299126253638,0.0502378708032,1.52209243678,0.587131146563,0.0191747598486,-1.3928545554,100.0,0.630849599018,-0.104694188773,-0.133072833349,1.65056332776,0.74206320614,0.223577699834,0.720970970306,100.0
1.898656,-0.25195634441,0.0302961205607,0.0498543756063,1.52285942717,0.585980660972,0.0207087406365,-1.3924710602,100.0,0.632000084609,-0.104694188773,-0.133456328546,1.65094682296,0.74206320614,0.223577699834,0.7217379607,100.0
1.908651,-0.253490325198,0.0295291301668,0.0510048611972,1.52247593198,0.587131146563,0.0203252454395,-1.3928545554,100.0,0.632000084609,-0.104310693576,-0.133456328546,1.65094682296,0.741679710943,0.223577699834,0.720970970306,100.0
1.918652,-0.253106830001,0.0302961205607,0.0494708804093,1.52324292237,0.587131146563,0.0195582550455,-1.3928545554,100.0,0.631233094215,-0.104694188773,-0.133456328546,1.65171381336,0.74206320614,0.223194204637,0.721354465503,100.0
1.928653,-0.253106830001,0.0299126253638,0.0506213660002,1.52362641757,0.587898136957,0.0195582550455,-1.39208756501,100.0,0.631616589412,-0.104310693576,-0.133456328546,1.65094682296,0.741679710943,0.223194204637,0.7217379607,100.0
1.938648,-0.25195634441,0.0299126253638,0.0502378708032,1.52362641757,0.58751464176,0.0199417502425,-1.3928545554,100.0,0.631233094215,-0.103927198379,-0.133072833349,1.65094682296,0.74206320614,0.223577699834,0.7217379607,100.0
1.948667,-0.252723334804,0.0295291301668,0.0510048611972,1.52285942717,0.587131146563,0.0203252454395,-1.3924710602,100.0,0.631616589412,-0.104694188773,-0.133072833349,1.65094682296,0.74206320614,0.223961195031,0.721354465503,100.0
1.958662,-0.252339839607,0.0295291301668,0.0502378708032,1.52285942717,0.587131146563,0.0207087406365,-1.3928545554,100.0,0.631616589412,-0.104310693576,-0.132305842955,1.65094682296,0.742830196534,0.223961195031,0.721354465503,100.0
1.968653,-0.252723334804,0.0302961205607,0.0506213660002,1.52285942717,0.587131146563,0.0199417502425,-1.3928545554,100.0,0.631616589412,-0.104310693576,-0.133456328546,1.65056332776,0.74206320614,0.223194204637,0.720970970306,100.0
1.978651,-0.253106830001,0.0299126253638,0.0513883563942,1.52247593198,0.58751464176,0.0203252454395,-1.3928545554,100.0,0.632000084609,-0.104310693576,-0.133839823743,1.65133031816,0.741296215746,0.223961195031,0.7217379607,100.0
1.988655,-0.252723334804,0.0295291301668,0.0502378708032,1.52362641757,0.586747651366,0.0199417502425,-1.39208756501,100.0,0.631616589412,-0.104310693576,-0.133839823743,1.65056332776,0.74206320614,0.22281070944,0.720970970306,100.0
1.998658,-0.252339839607,0.0299126253638,0.0498543756063,1.52362641757,0.585980660972,0.0191747598486,-1.3928545554,100.0,0.631233094215,-0.104310693576,-0.13422331894,1.65056332776,0.741679710943,0.224344690228,0.721354465503,100.0
2.008653,-0.25195634441,0.0302961205607,0.0506213660002,1.52247593198,0.586364156169,0.0195582550455,-1.3924710602,100.0,0.632383579806,-0.104694188773,-0.132689338152,1.65094682296,0.742446701337,0.223961195031,0.721354465503,100.0
2.018651,-0.251572849213,0.0299126253638,0.0490873852123,1.52324292237,0.586747651366,0.0191747598486,-1.3924710602,100.0,0.632000084609,-0.104694188773,-0.132689338152,1.65133031816,0.74206320614,0.223194204637,0.720587475109,100.0
2.028651,-0.252723334804,0.0299126253638,0.0502378708032,1.52285942717,0.587131146563,0.0199417502425,-1.39208756501,100.0,0.631616589412,-0.104310693576,-0.132689338152,1.65133031816,0.74206320614,0.223577699834,0.7217379607,100.0
2.038649,-0.253490325198,0.0295291301668,0.0510048611972,1.52324292237,0.58751464176,0.0203252454395,-1.3924710602,100.0,0.630849599018,-0.103927198379,-0.133072833349,1.65017983257,0.74206320614,0.223194204637,0.721354465503,100.0
2.048650,-0.252723334804,0.0302961205607,0.0510048611972,1.52285942717,0.586747651366,0.0195582550455,-1.39208756501,100.0,0.631233094215,-0.104694188773,-0.133839823743,1.65094682296,0.742446701337,0.223577699834,0.720587475109,100.0
2.058650,-0.25195634441,0.0299126253638,0.0506213660002,1.52247593198,0.586747651366,0.0203252454395,-1.3924710602,100.0,0.632000084609,-0.103927198379,-0.133456328546,1.65056332776,0.742830196534,0.223194204637,0.721354465503,100.0
2.068650,-0.25195634441,0.0299126253638,0.0506213660002,1.52247593198,0.587131146563,0.0203252454395,-1.3928545554,100.0,0.632383579806,-0.104310693576,-0.133072833349,1.65171381336,0.74206320614,0.223577699834,0.720970970306,100.0
2.078681,-0.251572849213,0.0299126253638,0.0502378708032,1.52324292237,0.587131146563,0.0191747598486,-1.39362154579,100.0,0.630849599018,-0.104694188773,-0.133456328546,1.65056332776,0.741679710943,0.222427214243,0.7217379607,100.0
2.088683,-0.251572849213,0.0302961205607,0.0506213660002,1.52247593198,0.58751464176,0.0199417502425,-1.39208756501,100.0,0.630849599018,-0.104310693576,-0.133456328546,1.65133031816,0.741296215746,0.22281070944,0.721354465503,100.0
2.098656,-0.253106830001,0.0295291301668,0.0506213660002,1.52209243678,0.58751464176,0.0195582550455,-1.39170406981,100.0,0.632000084609,-0.104310693576,-0.132689338152,1.65133031816,0.742446701337,0.222427214243,0.721354465503,100.0
2.108653,-0.252339839607,0.0299126253638,0.0506213660002,1.52247593198,0.586747651366,0.0203252454395,-1.3928545554,100.0,0.631616589412,-0.104694188773,-0.133839823743,1.65094682296,0.741296215746,0.222427214243,0.721354465503,100.0
2.118654,-0.253106830001,0.0287621397729,0.0506213660002,1.52209243678,0.587131146563,0.0191747598486,-1.39208756501,100.0,0.632000084609,-0.103543703182,-0.133456328546,1.64979633737,0.74206320614,0.223194204637,0.720587475109,100.0
2.128653,-0.252339839607,0.0291456349698,0.0510048611972,1.52170894158,0.587131146563,0.0195582550455,-1.3928545554,100.0,0.632000084609,-0.104694188773,-0.133072833349,1.65133031816,0.741679710943,0.223194204637,0.721354465503,100.0
2.138649,-0.252339839607,0.0299126253638,0.0494708804093,1.52247593198,0.58751464176,0.0195582550455,-1.39208756501,100.0,0.631233094215,-0.103927198379,-0.133456328546,1.65133031816,0.742446701337,0.223194204637,0.720970970306,100.0
2.148651,-0.252723334804,0.0295291301668,0.0510048611972,1.52285942717,0.58751464176,0.0191747598486,-1.39208756501,100.0,0.631233094215,-0.10507768397,-0.13422331894,1.65056332776,0.74206320614,0.22281070944,0.722121455897,100.0
2.158655,-0.252339839607,0.0291456349698,0.0506213660002,1.52324292237,0.58751464176,0.0203252454395,-1.3928545554,100.0,0.631616589412,-0.103927198379,-0.133456328546,1.65056332776,0.742446701337,0.22281070944,0.722121455897,100.0
2.168653,-0.253490325198,0.0306796157577,0.0506213660002,1.52285942717,0.587131146563,0.0195582550455,-1.39362154579,100.0,0.631233094215,-0.10507768397,-0.133456328546,1.65017983257,0.741679710943,0.223577699834,0.7217379607,100.0
2.178656,-0.252723334804,0.0291456349698,0.0510048611972,1.52324292237,0.587898136957,0.0203252454395,-1.3924710602,100.0,0.632000084609,-0.104310693576,-0.13422331894,1.65017983257,0.742446701337,0.223577699834,0.7217379607,100.0
2.188650,-0.252339839607,0.0302961205607,0.0506213660002,1.52285942717,0.587131146563,0.0199417502425,-1.39170406981,100.0,0.631233094215,-0.103543703182,-0.132689338152,1.65133031816,0.741679710943,0.223194204637,0.721354465503,100.0
2.198653,-0.25195634441,0.0299126253638,0.0510048611972,1.52285942717,0.587131146563,0.0195582550455,-1.39170406981,100.0,0.631616589412,-0.104310693576,-0.133456328546,1.65056332776,0.74206320614,0.223194204637,0.720587475109,100.0
2.208649,-0.253490325198,0.0299126253638,0.0506213660002,1.52324292237,0.587131146563,0.0203252454395,-1.3932380506,100.0,0.632000084609,-0.103927198379,-0.133839823743,1.65056332776,0.741679710943,0.223577699834,0.720970970306,100.0
2.218650,-0.251189354016,0.0299126253638,0.0510048611972,1.52209243678,0.58751464176,0.0207087406365,-1.3928545554,100.0,0.632000084609,-0.10507768397,-0.133072833349,1.65133031816,0.742446701337,0.223577699834,0.721354465503,100.0
2.228649,-0.251572849213,0.0306796157577,0.0506213660002,1.52247593198,0.587898136957,0.0203252454395,-1.3932380506,100.0,0.631616589412,-0.10507768397,-0.134606814137,1.65133031816,0.741679710943,0.223194204637,0.720587475109,100.0
2.238651,-0.252339839607,0.0295291301668,0.0502378708032,1.52324292237,0.587131146563,0.0191747598486,-1.39362154579,100.0,0.631233094215,-0.104694188773,-0.133456328546,1.65056332776,0.74206320614,0.223194204637,0.722121455897,100.0
2.248653,-0.252339839607,0.0299126253638,0.0506213660002,1.52362641757,0.587131146563,0.0191747598486,-1.3924710602,100.0,0.631233094215,-0.104310693576,-0.133839823743,1.65094682296,0.742446701337,0.223194204637,0.7217379607,100.0
2.258655,-0.25195634441,0.0302961205607,0.0506213660002,1.52324292237,0.586747651366,0.0199417502425,-1.39208756501,100.0,0.631616589412,-0.104310693576,-0.133456328546,1.65094682296,0.74206320614,0.22281070944,0.721354465503,100.0
2.268658,-0.253490325198,0.0295291301668,0.0498543756063,1.52285942717,0.587131146563,0.0199417502425,-1.39132057461,100.0,0.631616589412,-0.104310693576,-0.133072833349,1.65017983257,0.742446701337,0.22281070944,0.721354465503,100.0
2.278653,-0.25195634441,0.0295291301668,0.0506213660002,1.52247593198,0.586747651366,0.0203252454395,-1.3924710602,100.0,0.631233094215,-0.104310693576,-0.132689338152,1.65056332776,0.741679710943,0.22281070944,0.722121455897,100.0
2.288653,-0.252339839607,0.0302961205607,0.0498543756063,1.52209243678,0.587898136957,0.0207087406365,-1.39208756501,100.0,0.631233094215,-0.104310693576,-0.133456328546,1.65094682296,0.742446701337,0.222427214243,0.720970970306,100.0
2.298674,-0.252723334804,0.0299126253638,0.0510048611972,1.52247593198,0.586747651366,0.0203252454395,-1.39362154579,100.0,0.630849599018,-0.103927198379,-0.133072833349,1.65056332776,0.741296215746,0.22281070944,0.721354465503,100.0
2.308656,-0.253490325198,0.0302961205607,0.0513883563942,1.52362641757,0.587898136957,0.0191747598486,-1.39170406981,100.0,0.631616589412,-0.104310693576,-0.133456328546,1.65056332776,0.741679710943,0.22281070944,0.721354465503,100.0
2.318652,-0.253106830001,0.0299126253638,0.0510048611972,1.52324292237,0.585597165775,0.0199417502425,-1.3924710602,100.0,0.631233094215,-0.103927198379,-0.131922347758,1.65094682296,0.742446701337,0.223577699834,0.721354465503,100.0
2.328651,-0.25195634441,0.0299126253638,0.0513883563942,1.52247593198,0.587131146563,0.0207087406365,-1.3924710602,100.0,0.631616589412,-0.104694188773,-0.133456328546,1.65171381336,0.74321369173,0.223194204637,0.7217379607,100.0
2.338653,-0.252339839607,0.0299126253638,0.0502378708032,1.52285942717,0.58751464176,0.0207087406365,-1.3924710602,100.0,0.632000084609,-0.104310693576,-0.133072833349,1.65094682296,0.741679710943,0.223577699834,0.720970970306,100.0
2.348651,-0.252339839607,0.0291456349698,0.0510048611972,1.52285942717,0.585980660972,0.0203252454395,-1.3924710602,100.0,0.631616589412,-0.104310693576,-0.132689338152,1.65133031816,0.741679710943,0.223577699834,0.7217379607,100.0
2.358652,-0.25195634441,0.0295291301668,0.0510048611972,1.52170894158,0.587898136957,0.0199417502425,-1.3932380506,100.0,0.631233094215,-0.104694188773,-0.133456328546,1.65133031816,0.741679710943,0.222427214243,0.721354465503,100.0
2.368653,-0.252339839607,0.0295291301668,0.0506213660002,1.52285942717,0.587131146563,0.0199417502425,-1.3928545554,100.0,0.632767075003,-0.104310693576,-0.13422331894,1.65056332776,0.742446701337,0.223577699834,0.721354465503,100.0
2.378652,-0.252723334804,0.0299126253638,0.0510048611972,1.52247593198,0.586364156169,0.0203252454395,-1.3924710602,100.0,0.631616589412,-0.10507768397,-0.133072833349,1.65133031816,0.742446701337,0.223194204637,0.720970970306,100.0
2.388652,-0.253873820395,0.0295291301668,0.0502378708032,1.52247593198,0.587131146563,0.0195582550455,-1.3932380506,100.0,0.632000084609,-0.103927198379,-0.133839823743,1.65094682296,0.74206320614,0.22281070944,0.7217379607,100.0
2.398651,-0.251572849213,0.0295291301668,0.0506213660002,1.52285942717,0.587898136957,0.0207087406365,-1.3924710602,100.0,0.631233094215,-0.103543703182,-0.133072833349,1.65017983257,0.74206320614,0.223194204637,0.722504951094,100.0
2.408652,-0.254257315592,0.0299126253638,0.0502378708032,1.52247593198,0.58751464176,0.0203252454395,-1.3932380506,100.0,0.632383579806,-0.104694188773,-0.132689338152,1.65017983257,0.74206320614,0.22281070944,0.720970970306,100.0
2.418652,-0.25195634441,0.0295291301668,0.0506213660002,1.52247593198,0.587131146563,0.0195582550455,-1.3924710602,100.0,0.631616589412,-0.103927198379,-0.133839823743,1.65094682296,0.74206320614,0.223194204637,0.721354465503,100.0
2.428652,-0.252723334804,0.0299126253638,0.0498543756063,1.52362641757,0.587898136957,0.0195582550455,-1.39208756501,100.0,0.631616589412,-0.105461179167,-0.133456328546,1.65094682296,0.74206320614,0.223194204637,0.7217379607,100.0
2.438655,-0.25195634441,0.0306796157577,0.0498543756063,1.52285942717,0.587131146563,0.0199417502425,-1.39208756501,100.0,0.631233094215,-0.104694188773,-0.133456328546,1.65056332776,0.741679710943,0.22281070944,0.720970970306,100.0
2.448666,-0.25195634441,0.0302961205607,0.0517718515911,1.52285942717,0.586747651366,0.0199417502425,-1.3924710602,100.0,0.631233094215,-0.104694188773,-0.133839823743,1.65094682296,0.74206320614,0.222427214243,0.7217379607,100.0
2.458657,-0.252339839607,0.0306796157577,0.0498543756063,1.52209243678,0.587898136957,0.0203252454395,-1.3924710602,100.0,0.632000084609,-0.104310693576,-0.133072833349,1.64979633737,0.742446701337,0.223194204637,0.720587475109,100.0
2.468651,-0.253873820395,0.0299126253638,0.0506213660002,1.52285942717,0.587131146563,0.0199417502425,-1.3928545554,100.0,0.632000084609,-0.104310693576,-0.132689338152,1.65056332776,0.74206320614,0.223577699834,0.720970970306,100.0
2.478677,-0.25195634441,0.0302961205607,0.0506213660002,1.52324292237,0.58751464176,0.0199417502425,-1.3924710602,100.0,0.631616589412,-0.104310693576,-0.133839823743,1.65133031816,0.742446701337,0.223961195031,0.720970970306,100.0
2.488654,-0.250805858819,0.0302961205607,0.0498543756063,1.52285942717,0.587131146563,0.0199417502425,-1.3928545554,100.0,0.631616589412,-0.104310693576,-0.132689338152,1.65056332776,0.74206320614,0.22281070944,0.721354465503,100.0
2.498653,-0.252339839607,0.0291456349698,0.0506213660002,1.52324292237,0.587898136957,0.0199417502425,-1.3932380506,100.0,0.631616589412,-0.103927198379,-0.133072833349,1.65094682296,0.74206320614,0.223194204637,0.722121455897,100.0
2.508651,-0.252339839607,0.0299126253638,0.0506213660002,1.52247593198,0.58751464176,0.0203252454395,-1.3928545554,100.0,0.631616589412,-0.104694188773,-0.13422331894,1.65094682296,0.742446701337,0.223194204637,0.720970970306,100.0
2.518677,-0.252723334804,0.0295291301668,0.0502378708032,1.52324292237,0.58751464176,0.0195582550455,-1.3924710602,100.0,0.631616589412,-0.104310693576,-0.13422331894,1.65094682296,0.742446701337,0.223194204637,0.721354465503,100.0
2.528655,-0.25195634441,0.0299126253638,0.0506213660002,1.52362641757,0.587131146563,0.0191747598486,-1.3932380506,100.0,0.631233094215,-0.103927198379,-0.133072833349,1.65017983257,0.74206320614,0.22281070944,0.7217379607,100.0
2.538652,-0.251189354016,0.0299126253638,0.0494708804093,1.52247593198,0.58751464176,0.0207087406365,-1.3928545554,100.0,0.632000084609,-0.104310693576,-0.133839823743,1.65056332776,0.740912720549,0.223577699834,0.7217379607,100.0
2.548668,-0.253490325198,0.0291456349698,0.0510048611972,1.52324292237,0.586747651366,0.0199417502425,-1.3924710602,100.0,0.631616589412,-0.103927198379,-0.133456328546,1.65056332776,0.742830196534,0.222427214243,0.721354465503,100.0
2.558676,-0.251572849213,0.0291456349698,0.0506213660002,1.52170894158,0.58751464176,0.0199417502425,-1.3924710602,100.0,0.631616589412,-0.104310693576,-0.13422331894,1.65094682296,0.741679710943,0.22281070944,0.720203979912,100.0
2.568671,-0.25195634441,0.0306796157577,0.0506213660002,1.52247593198,0.587131146563,0.0207087406365,-1.3928545554,100.0,0.632000084609,-0.104310693576,-0.13422331894,1.65056332776,0.742446701337,0.223194204637,0.721354465503,100.0
2.578676,-0.252339839607,0.0299126253638,0.0502378708032,1.52285942717,0.587131146563,0.0195582550455,-1.3928545554,100.0,0.631233094215,-0.104310693576,-0.133456328546,1.65094682296,0.741679710943,0.223194204637,0.721354465503,100.0
2.588659,-0.252723334804,0.0295291301668,0.0510048611972,1.52247593198,0.586747651366,0.0199417502425,-1.3932380506,100.0,0.632000084609,-0.104310693576,-0.133456328546,1.64979633737,0.742446701337,0.222427214243,0.7217379607,100.0
2.598652,-0.25195634441,0.0306796157577,0.0510048611972,1.52247593198,0.587131146563,0.0207087406365,-1.3928545554,100.0,0.631616589412,-0.104310693576,-0.133072833349,1.65133031816,0.741679710943,0.223577699834,0.720970970306,100.0
2.608653,-0.252339839607,0.0299126253638,0.0502378708032,1.52285942717,0.587131146563,0.0207087406365,-1.39362154579,100.0,0.631616589412,-0.104310693576,-0.133456328546,1.65171381336,0.741679710943,0.22281070944,0.721354465503,100.0
2.618651,-0.252723334804,0.0299126253638,0.0513883563942,1.52209243678,0.587131146563,0.0187912646516,-1.39208756501,100.0,0.631233094215,-0.104694188773,-0.13422331894,1.65133031816,0.74321369173,0.22281070944,0.720970970306,100.0
2.628653,-0.25195634441,0.0302961205607,0.0498543756063,1.52247593198,0.586747651366,0.0203252454395,-1.3924710602,100.0,0.632000084609,-0.104310693576,-0.133456328546,1.65094682296,0.742446701337,0.22281070944,0.720203979912,100.0
2.638653,-0.25195634441,0.0306796157577,0.0506213660002,1.52209243678,0.587898136957,0.0207087406365,-1.3924710602,100.0,0.631233094215,-0.10507768397,-0.133456328546,1.65171381336,0.741679710943,0.223961195031,0.720970970306,100.0
2.648678,-0.25195634441,0.0302961205607,0.0502378708032,1.52362641757,0.587131146563,0.0203252454395,-1.3924710602,100.0,0.631616589412,-0.103927198379,-0.133456328546,1.65133031816,0.74206320614,0.223577699834,0.720970970306,100.0
2.658659,-0.252339839607,0.0302961205607,0.0513883563942,1.52285942717,0.586364156169,0.0199417502425,-1.39208756501,100.0,0.631616589412,-0.104694188773,-0.133456328546,1.65094682296,0.742446701337,0.223577699834,0.721354465503,100.0
2.668651,-0.253490325198,0.0302961205607,0.0513883563942,1.52324292237,0.586364156169,0.0199417502425,-1.3924710602,100.0,0.632000084609,-0.104310693576,-0.133456328546,1.65094682296,0.74206320614,0.223577699834,0.721354465503,100.0
2.678656,-0.251572849213,0.0299126253638,0.0517718515911,1.52285942717,0.585980660972,0.0203252454395,-1.3924710602,100.0,0.630849599018,-0.104694188773,-0.13422331894,1.65171381336,0.74206320614,0.223194204637,0.721354465503,100.0
2.688660,-0.25195634441,0.0299126253638,0.0510048611972,1.52247593198,0.586747651366,0.0195582550455,-1.39208756501,100.0,0.632000084609,-0.103927198379,-0.133839823743,1.65094682296,0.741679710943,0.223194204637,0.7217379607,100.0
2.698654,-0.25195634441,0.0299126253638,0.0502378708032,1.52285942717,0.58751464176,0.0199417502425,-1.3924710602,100.0,0.632767075003,-0.104310693576,-0.133072833349,1.65094682296,0.742446701337,0.22281070944,0.720203979912,100.0
2.708652,-0.251572849213,0.0299126253638,0.0506213660002,1.52170894158,0.586364156169,0.0199417502425,-1.39208756501,100.0,0.632000084609,-0.105461179167,-0.133456328546,1.65017983257,0.74206320614,0.22281070944,0.721354465503,100.0
2.718648,-0.251572849213,0.0295291301668,0.0498543756063,1.52285942717,0.587131146563,0.0191747598486,-1.39170406981,100.0,0.631233094215,-0.103543703182,-0.133456328546,1.65094682296,0.742446701337,0.22281070944,0.720970970306,100.0
2.728652,-0.253106830001,0.0302961205607,0.0506213660002,1.52285942717,0.587131146563,0.0207087406365,-1.3932380506,100.0,0.631616589412,-0.104694188773,-0.133839823743,1.65094682296,0.741679710943,0.223194204637,0.7217379607,100.0
2.738651,-0.252723334804,0.0299126253638,0.0506213660002,1.52247593198,0.587131146563,0.0191747598486,-1.3924710602,100.0,0.630849599018,-0.104310693576,-0.132689338152,1.65056332776,0.741679710943,0.223577699834,0.7217379607,100.0
2.748653,-0.253106830001,0.0295291301668,0.0510048611972,1.52285942717,0.587131146563,0.0203252454395,-1.3932380506,100.0,0.631616589412,-0.104694188773,-0.133839823743,1.65133031816,0.742446701337,0.223961195031,0.721354465503,100.0
2.758651,-0.252339839607,0.0295291301668,0.0513883563942,1.52285942717,0.586364156169,0.0207087406365,-1.39362154579,100.0,0.632000084609,-0.104310693576,-0.133456328546,1.65133031816,0.741679710943,0.223577699834,0.7217379607,100.0
2.768646,-0.251572849213,0.0295291301668,0.0510048611972,1.52324292237,0.58751464176,0.0199417502425,-1.3928545554,100.0,0.631616589412,-0.104694188773,-0.133456328546,1.65133031816,0.741679710943,0.223194204637,0.7217379607,100.0
2.778653,-0.25195634441,0.0302961205607,0.0506213660002,1.52209243678,0.587898136957,0.0199417502425,-1.3928545554,100.0,0.632000084609,-0.104310693576,-0.133839823743,1.65133031816,0.742446701337,0.22281070944,0.722504951094,100.0
2.788654,-0.251189354016,0.0295291301668,0.0506213660002,1.52285942717,0.586364156169,0.0195582550455,-1.3928545554,100.0,0.631233094215,-0.104694188773,-0.133456328546,1.65094682296,0.741679710943,0.223961195031,0.721354465503,100.0
2.798657,-0.25195634441,0.0299126253638,0.0510048611972,1.52247593198,0.587131146563,0.0199417502425,-1.3924710602,100.0,0.631233094215,-0.104310693576,-0.133839823743,1.65133031816,0.742446701337,0.223577699834,0.7217379607,100.0
2.808653,-0.252723334804,0.0302961205607,0.0502378708032,1.52285942717,0.585597165775,0.0195582550455,-1.39170406981,100.0,0.632000084609,-0.104310693576,-0.133072833349,1.65056332776,0.74321369173,0.223194204637,0.721354465503,100.0
2.818649,-0.253106830001,0.0295291301668,0.0502378708032,1.52247593198,0.586364156169,0.0199417502425,-1.39170406981,100.0,0.632383579806,-0.103927198379,-0.133072833349,1.65056332776,0.742446701337,0.223577699834,0.721354465503,100.0
2.828657,-0.252723334804,0.0295291301668,0.0513883563942,1.52247593198,0.58751464176,0.0203252454395,-1.39208756501,100.0,0.631233094215,-0.104694188773,-0.133456328546,1.65094682296,0.742446701337,0.223577699834,0.721354465503,100.0
2.838657,-0.253106830001,0.0302961205607,0.0510048611972,1.52285942717,0.587131146563,0.0199417502425,-1.3932380506,100.0,0.630849599018,-0.104694188773,-0.133839823743,1.65133031816,0.74206320614,0.223577699834,0.722121455897,100.0
2.848653,-0.252339839607,0.0299126253638,0.0506213660002,1.52247593198,0.587898136957,0.0199417502425,-1.3928545554,100.0,0.631616589412,-0.104694188773,-0.133072833349,1.65133031816,0.74206320614,0.223194204637,0.7217379607,100.0
2.858652,-0.252339839607,0.0295291301668,0.0506213660002,1.52285942717,0.587131146563,0.0207087406365,-1.3928545554,100.0,0.631616589412,-0.104310693576,-0.13422331894,1.65094682296,0.741679710943,0.223577699834,0.720587475109,100.0
2.868651,-0.25195634441,0.0306796157577,0.0510048611972,1.52285942717,0.587898136957,0.0199417502425,-1.3924710602,100.0,0.631616589412,-0.103927198379,-0.133072833349,1.65171381336,0.74206320614,0.22281070944,0.720970970306,100.0
2.878656,-0.251572849213,0.0295291301668,0.0510048611972,1.52285942717,0.586364156169,0.0203252454395,-1.39208756501,100.0,0.632000084609,-0.103543703182,-0.133456328546,1.65094682296,0.742446701337,0.222427214243,0.720587475109,100.0
2.888653,-0.252339839607,0.0299126253638,0.0502378708032,1.52285942717,0.587131146563,0.0195582550455,-1.39208756501,100.0,0.631616589412,-0.104310693576,-0.133072833349,1.65133031816,0.742830196534,0.223961195031,0.720587475109,100.0
2.898652,-0.251572849213,0.0295291301668,0.0502378708032,1.52285942717,0.587131146563,0.0199417502425,-1.3932380506,100.0,0.631616589412,-0.104310693576,-0.134606814137,1.65094682296,0.74206320614,0.223194204637,0.7217379607,100.0
2.908657,-0.252339839607,0.0299126253638,0.0506213660002,1.52247593198,0.587131146563,0.0191747598486,-1.3928545554,100.0,0.631616589412,-0.104310693576,-0.133456328546,1.65017983257,0.74206320614,0.22281070944,0.7217379607,100.0
2.918652,-0.253490325198,0.0302961205607,0.0498543756063,1.52324292237,0.58751464176,0.0207087406365,-1.39400504099,100.0,0.630849599018,-0.104694188773,-0.133072833349,1.65133031816,0.741679710943,0.223577699834,0.7217379607,100.0
2.928655,-0.251572849213,0.0299126253638,0.0498543756063,1.52324292237,0.58751464176,0.0191747598486,-1.3928545554,100.0,0.631233094215,-0.104310693576,-0.13422331894,1.65094682296,0.741296215746,0.223961195031,0.721354465503,100.0
2.938652,-0.25195634441,0.0299126253638,0.0506213660002,1.52285942717,0.58751464176,0.0191747598486,-1.39208756501,100.0,0.631616589412,-0.103927198379,-0.132689338152,1.65133031816,0.74206320614,0.223577699834,0.721354465503,100.0
2.948656,-0.252723334804,0.0302961205607,0.0506213660002,1.52324292237,0.586747651366,0.0207087406365,-1.3928545554,100.0,0.630466103821,-0.103160207985,-0.133456328546,1.65133031816,0.74206320614,0.223194204637,0.7217379607,100.0
2.958652,-0.252723334804,0.0306796157577,0.0517718515911,1.52247593198,0.586747651366,0.0195582550455,-1.3928545554,100.0,0.631616589412,-0.104694188773,-0.133456328546,1.65133031816,0.741679710943,0.223577699834,0.7217379607,100.0
2.968649,-0.252723334804,0.0306796157577,0.0513883563942,1.52209243678,0.58751464176,0.0199417502425,-1.3924710602,100.0,0.630466103821,-0.104694188773,-0.133456328546,1.65133031816,0.741679710943,0.224344690228,0.7217379607,100.0
2.978653,-0.251189354016,0.0302961205607,0.0506213660002,1.52209243678,0.587131146563,0.0203252454395,-1.39170406981,100.0,0.630849599018,-0.104310693576,-0.132305842955,1.65017983257,0.74206320614,0.223577699834,0.721354465503,100.0
2.988653,-0.25195634441,0.0306796157577,0.0506213660002,1.52247593198,0.58751464176,0.0199417502425,-1.3932380506,100.0,0.631616589412,-0.103927198379,-0.133456328546,1.65133031816,0.74206320614,0.223194204637,0.721354465503,100.0
2.998655,-0.253873820395,0.0295291301668,0.0494708804093,1.52247593198,0.587131146563,0.0195582550455,-1.39362154579,100.0,0.632000084609,-0.104694188773,-0.133456328546,1.65094682296,0.742446701337,0.222043719046,0.720970970306,100.0
3.008652,-0.25195634441,0.0299126253638,0.0502378708032,1.52209243678,0.587131146563,0.0195582550455,-1.3932380506,100.0,0.632000084609,-0.104694188773,-0.133839823743,1.65056332776,0.741679710943,0.223577699834,0.720970970306,100.0
3.018648,-0.252339839607,0.0299126253638,0.0510048611972,1.52285942717,0.586747651366,0.0191747598486,-1.39208756501,100.0,0.631616589412,-0.104310693576,-0.133456328546,1.65094682296,0.74206320614,0.222427214243,0.720587475109,100.0
3.028676,-0.252339839607,0.0299126253638,0.0502378708032,1.52209243678,0.586747651366,0.0207087406365,-1.3928545554,100.0,0.632000084609,-0.104310693576,-0.133839823743,1.65056332776,0.74206320614,0.22281070944,0.7217379607,100.0
3.038678,-0.252723334804,0.0299126253638,0.0506213660002,1.52324292237,0.586364156169,0.0195582550455,-1.3924710602,100.0,0.632000084609,-0.10507768397,-0.133456328546,1.65209730855,0.742446701337,0.223961195031,0.721354465503,100.0
3.048676,-0.25195634441,0.0302961205607,0.0506213660002,1.52247593198,0.586364156169,0.0199417502425,-1.39208756501,100.0,0.631616589412,-0.104310693576,-0.133456328546,1.65133031816,0.742446701337,0.223577699834,0.721354465503,100.0
3.058657,-0.251572849213,0.0310631109547,0.0498543756063,1.52209243678,0.588281632154,0.0199417502425,-1.39170406981,100.0,0.632383579806,-0.104694188773,-0.133456328546,1.65094682296,0.742446701337,0.223577699834,0.721354465503,100.0
3.068653,-0.253106830001,0.0302961205607,0.0513883563942,1.52247593198,0.586747651366,0.0195582550455,-1.3932380506,100.0,0.630849599018,-0.103543703182,-0.132689338152,1.65133031816,0.741679710943,0.223577699834,0.720970970306,100.0
3.078657,-0.251572849213,0.0302961205607,0.0506213660002,1.52247593198,0.587131146563,0.0187912646516,-1.39208756501,100.0,0.631233094215,-0.104310693576,-0.133839823743,1.65133031816,0.742446701337,0.22281070944,0.7217379607,100.0
3.088656,-0.252723334804,0.0302961205607,0.0502378708032,1.52285942717,0.585980660972,0.0187912646516,-1.3924710602,100.0,0.631616589412,-0.103927198379,-0.133072833349,1.65056332776,0.74321369173,0.22281070944,0.720587475109,100.0
3.098655,-0.252723334804,0.0299126253638,0.0513883563942,1.52209243678,0.58751464176,0.0195582550455,-1.39132057461,100.0,0.632383579806,-0.103927198379,-0.133456328546,1.65133031816,0.741679710943,0.223577699834,0.7217379607,100.0
3.108653,-0.252339839607,0.0299126253638,0.0502378708032,1.52285942717,0.587131146563,0.0199417502425,-1.3932380506,100.0,0.631616589412,-0.104310693576,-0.133456328546,1.65056332776,0.742446701337,0.222427214243,0.7217379607,100.0
3.118649,-0.253106830001,0.0306796157577,0.0506213660002,1.52324292237,0.58751464176,0.0203252454395,-1.39208756501,100.0,0.631616589412,-0.103927198379,-0.133072833349,1.65056332776,0.742830196534,0.223194204637,0.7217379607,100.0
3.128651,-0.252339839607,0.0306796157577,0.0502378708032,1.52247593198,0.585980660972,0.0195582550455,-1.39132057461,100.0,0.631233094215,-0.103927198379,-0.133456328546,1.65133031816,0.74206320614,0.223961195031,0.7217379607,100.0
3.138678,-0.251189354016,0.0299126253638,0.0502378708032,1.52209243678,0.585597165775,0.0199417502425,-1.3928545554,100.0,0.632000084609,-0.10507768397,-0.132689338152,1.65171381336,0.741679710943,0.22281070944,0.720970970306,100.0
3.148660,-0.253106830001,0.0291456349698,0.0502378708032,1.52209243678,0.587131146563,0.0203252454395,-1.39208756501,100.0,0.631233094215,-0.104694188773,-0.133072833349,1.64979633737,0.74206320614,0.223194204637,0.720970970306,100.0
3.158677,-0.253106830001,0.0299126253638,0.0510048611972,1.52285942717,0.587131146563,0.0203252454395,-1.3928545554,100.0,0.631616589412,-0.104310693576,-0.13422331894,1.65094682296,0.742446701337,0.223577699834,0.721354465503,100.0
3.168662,-0.250038868425,0.0295291301668,0.0498543756063,1.52285942717,0.58751464176,0.0203252454395,-1.3928545554,100.0,0.631616589412,-0.104310693576,-0.133072833349,1.65133031816,0.742446701337,0.223194204637,0.7217379607,100.0
3.178654,-0.253106830001,0.0291456349698,0.0513883563942,1.52209243678,0.586747651366,0.0199417502425,-1.39208756501,100.0,0.632000084609,-0.104694188773,-0.13422331894,1.65133031816,0.741679710943,0.22281070944,0.721354465503,100.0
3.188654,-0.252339839607,0.0299126253638,0.0506213660002,1.52170894158,0.587131146563,0.0195582550455,-1.39170406981,100.0,0.631616589412,-0.104310693576,-0.133072833349,1.65133031816,0.74206320614,0.223577699834,0.720587475109,100.0
3.198655,-0.252723334804,0.0295291301668,0.0502378708032,1.52247593198,0.58751464176,0.0199417502425,-1.3924710602,100.0,0.631616589412,-0.104694188773,-0.133456328546,1.65133031816,0.74206320614,0.223577699834,0.7217379607,100.0
3.208652,-0.25195634441,0.0299126253638,0.0506213660002,1.52209243678,0.586364156169,0.0207087406365,-1.3928545554,100.0,0.631233094215,-0.103543703182,-0.132689338152,1.65056332776,0.741679710943,0.22281070944,0.7217379607,100.0
3.218646,-0.25195634441,0.0291456349698,0.0510048611972,1.52247593198,0.58751464176,0.0199417502425,-1.3928545554,100.0,0.631616589412,-0.104310693576,-0.133456328546,1.65094682296,0.741679710943,0.223194204637,0.720970970306,100.0
3.228675,-0.253490325198,0.0299126253638,0.0513883563942,1.52209243678,0.58751464176,0.0203252454395,-1.39208756501,100.0,0.630849599018,-0.104310693576,-0.133456328546,1.65133031816,0.741679710943,0.223194204637,0.720970970306,100.0
3.238656,-0.252339839607,0.0295291301668,0.0502378708032,1.52324292237,0.58751464176,0.0203252454395,-1.39208756501,100.0,0.632000084609,-0.104310693576,-0.133839823743,1.65133031816,0.741296215746,0.222427214243,0.7217379607,100.0
3.248655,-0.252339839607,0.0299126253638,0.0510048611972,1.52209243678,0.587131146563,0.0199417502425,-1.3928545554,100.0,0.630849599018,-0.103927198379,-0.132305842955,1.65094682296,0.74206320614,0.223577699834,0.721354465503,100.0
3.258652,-0.253490325198,0.0299126253638,0.0506213660002,1.52362641757,0.587898136957,0.0199417502425,-1.39208756501,100.0,0.631616589412,-0.104694188773,-0.132689338152,1.65133031816,0.741679710943,0.223194204637,0.721354465503,100.0
3.268650,-0.253106830001,0.0295291301668,0.0506213660002,1.52247593198,0.587131146563,0.0191747598486,-1.3928545554,100.0,0.631616589412,-0.103927198379,-0.13422331894,1.65094682296,0.74206320614,0.223577699834,0.721354465503,100.0
3.278670,-0.25195634441,0.0299126253638,0.0502378708032,1.52209243678,0.586747651366,0.0195582550455,-1.3932380506,100.0,0.630849599018,-0.104694188773,-0.133072833349,1.65056332776,0.74206320614,0.223577699834,0.721354465503,100.0
3.288689,-0.251572849213,0.0295291301668,0.0506213660002,1.52170894158,0.587131146563,0.0191747598486,-1.3928545554,100.0,0.631616589412,-0.103543703182,-0.13422331894,1.65056332776,0.741679710943,0.22281070944,0.721354465503,100.0
3.298690,-0.253490325198,0.0295291301668,0.0498543756063,1.52209243678,0.587131146563,0.0195582550455,-1.3928545554,100.0,0.631233094215,-0.103927198379,-0.133072833349,1.65094682296,0.74206320614,0.223577699834,0.722121455897,100.0
3.308678,-0.252723334804,0.0295291301668,0.0513883563942,1.52247593198,0.587131146563,0.0199417502425,-1.3924710602,100.0,0.631616589412,-0.104694188773,-0.133072833349,1.65094682296,0.74206320614,0.223961195031,0.721354465503,100.0
3.318661,-0.252339839607,0.0302961205607,0.0513883563942,1.52362641757,0.586747651366,0.0203252454395,-1.3932380506,100.0,0.632383579806,-0.103927198379,-0.133839823743,1.65133031816,0.741296215746,0.22281070944,0.7217379607,100.0
3.328653,-0.253106830001,0.0299126253638,0.0510048611972,1.52285942717,0.587131146563,0.0195582550455,-1.39362154579,100.0,0.631616589412,-0.104694188773,-0.132689338152,1.65056332776,0.741679710943,0.223577699834,0.720970970306,100.0
3.338654,-0.252339839607,0.0295291301668,0.0510048611972,1.52324292237,0.586747651366,0.0207087406365,-1.3932380506,100.0,0.632767075003,-0.103927198379,-0.133456328546,1.65017983257,0.742446701337,0.223194204637,0.720970970306,100.0
3.348652,-0.253106830001,0.0302961205607,0.0513883563942,1.52247593198,0.585980660972,0.0203252454395,-1.39208756501,100.0,0.631616589412,-0.104694188773,-0.133839823743,1.65056332776,0.741679710943,0.223577699834,0.7217379607,100.0
3.358668,-0.252723334804,0.0295291301668,0.0502378708032,1.52324292237,0.58751464176,0.0203252454395,-1.3924710602,100.0,0.631233094215,-0.103543703182,-0.133072833349,1.65133031816,0.741679710943,0.22281070944,0.721354465503,100.0
3.368662,-0.252723334804,0.0302961205607,0.0513883563942,1.52362641757,0.587131146563,0.0199417502425,-1.3924710602,100.0,0.631233094215,-0.103543703182,-0.13422331894,1.64979633737,0.74206320614,0.223194204637,0.720203979912,100.0
3.378653,-0.252339839607,0.0287621397729,0.0502378708032,1.52362641757,0.587131146563,0.0210922358334,-1.39132057461,100.0,0.631616589412,-0.104310693576,-0.13422331894,1.65133031816,0.74206320614,0.22281070944,0.720587475109,100.0
3.388654,-0.253873820395,0.0302961205607,0.0510048611972,1.52285942717,0.586364156169,0.0207087406365,-1.39208756501,100.0,0.632383579806,-0.104310693576,-0.133072833349,1.65094682296,0.742446701337,0.223577699834,0.720970970306,100.0
3.398653,-0.251189354016,0.0302961205607,0.0502378708032,1.52170894158,0.587131146563,0.0203252454395,-1.39438853619,100.0,0.632000084609,-0.104694188773,-0.133839823743,1.65094682296,0.741679710943,0.22281070944,0.721354465503,100.0
3.408649,-0.253490325198,0.0302961205607,0.0510048611972,1.52247593198,0.587898136957,0.0199417502425,-1.3932380506,100.0,0.632000084609,-0.104310693576,-0.133839823743,1.65094682296,0.74206320614,0.223194204637,0.722121455897,100.0
3.418651,-0.25195634441,0.0295291301668,0.0502378708032,1.52209243678,0.587131146563,0.0195582550455,-1.39132057461,100.0,0.632383579806,-0.103543703182,-0.133839823743,1.65133031816,0.74206320614,0.223577699834,0.7217379607,100.0
3.428652,-0.252339839607,0.0295291301668,0.0510048611972,1.52247593198,0.58751464176,0.0191747598486,-1.39208756501,100.0,0.630849599018,-0.103927198379,-0.133456328546,1.65056332776,0.742446701337,0.223194204637,0.721354465503,100.0
3.438650,-0.252723334804,0.0306796157577,0.0498543756063,1.52324292237,0.587131146563,0.0203252454395,-1.39170406981,100.0,0.632000084609,-0.103927198379,-0.133072833349,1.65056332776,0.741679710943,0.223194204637,0.720970970306,100.0
3.448652,-0.252339839607,0.0299126253638,0.0498543756063,1.52209243678,0.587898136957,0.0203252454395,-1.3928545554,100.0,0.632767075003,-0.104694188773,-0.13422331894,1.65133031816,0.742446701337,0.222427214243,0.721354465503,100.0
3.458649,-0.252723334804,0.0302961205607,0.0510048611972,1.52285942717,0.587131146563,0.0199417502425,-1.3924710602,100.0,0.632000084609,-0.103927198379,-0.13422331894,1.65094682296,0.74206320614,0.22281070944,0.721354465503,100.0
3.468652,-0.252339839607,0.0295291301668,0.0502378708032,1.52285942717,0.586747651366,0.0199417502425,-1.3924710602,100.0,0.630849599018,-0.104310693576,-0.132689338152,1.65133031816,0.741679710943,0.222427214243,0.722121455897,100.0
3.478656,-0.252339839607,0.0295291301668,0.0502378708032,1.52324292237,0.587131146563,0.0191747598486,-1.39362154579,100.0,0.631233094215,-0.104310693576,-0.133072833349,1.65094682296,0.74206320614,0.223577699834,0.722121455897,100.0
3.488654,-0.251572849213,0.0299126253638,0.0510048611972,1.52247593198,0.58751464176,0.0203252454395,-1.3932380506,100.0,0.631233094215,-0.104310693576,-0.133072833349,1.65017983257,0.74206320614,0.222043719046,0.720587475109,100.0
3.498652,-0.25195634441,0.0302961205607,0.0510048611972,1.52285942717,0.587131146563,0.0199417502425,-1.3924710602,100.0,0.632000084609,-0.104694188773,-0.13422331894,1.65094682296,0.74206320614,0.223961195031,0.7217379607,100.0
3.508650,-0.251572849213,0.0299126253638,0.0502378708032,1.52362641757,0.588665127351,0.0207087406365,-1.3928545554,100.0,0.631233094215,-0.104694188773,-0.133456328546,1.65171381336,0.74206320614,0.223577699834,0.721354465503,100.0
3.518646,-0.253490325198,0.0291456349698,0.0502378708032,1.52247593198,0.586747651366,0.0203252454395,-1.39400504099,100.0,0.631616589412,-0.104310693576,-0.133456328546,1.65056332776,0.74206320614,0.223194204637,0.721354465503,100.0
3.528651,-0.25195634441,0.0306796157577,0.0510048611972,1.52285942717,0.588665127351,0.0195582550455,-1.3928545554,100.0,0.631233094215,-0.104310693576,-0.133839823743,1.65094682296,0.742446701337,0.223961195031,0.720587475109,100.0
3.538676,-0.253490325198,0.0302961205607,0.0506213660002,1.52209243678,0.587131146563,0.0199417502425,-1.3924710602,100.0,0.631233094215,-0.103927198379,-0.133456328546,1.65094682296,0.741679710943,0.223194204637,0.721354465503,100.0
3.548655,-0.252723334804,0.0295291301668,0.0506213660002,1.52209243678,0.587131146563,0.0187912646516,-1.3932380506,100.0,0.632000084609,-0.104310693576,-0.133072833349,1.65094682296,0.74206320614,0.223961195031,0.720970970306,100.0
3.558677,-0.25195634441,0.0302961205607,0.0498543756063,1.52209243678,0.586364156169,0.0195582550455,-1.39208756501,100.0,0.630849599018,-0.104694188773,-0.133072833349,1.65056332776,0.741679710943,0.223577699834,0.720970970306,100.0
3.568655,-0.252339839607,0.0299126253638,0.0510048611972,1.52285942717,0.588281632154,0.0199417502425,-1.39208756501,100.0,0.631616589412,-0.104694188773,-0.133456328546,1.65094682296,0.742446701337,0.223961195031,0.721354465503,100.0
3.578650,-0.251572849213,0.0295291301668,0.0506213660002,1.52209243678,0.587131146563,0.0199417502425,-1.39208756501,100.0,0.632383579806,-0.104694188773,-0.133456328546,1.65094682296,0.742446701337,0.223577699834,0.720587475109,100.0
3.588651,-0.253490325198,0.0306796157577,0.0510048611972,1.52247593198,0.587131146563,0.0203252454395,-1.39208756501,100.0,0.631233094215,-0.104694188773,-0.133839823743,1.65056332776,0.742830196534,0.22281070944,0.720587475109,100.0
3.598676,-0.251189354016,0.0287621397729,0.0513883563942,1.52285942717,0.58751464176,0.0195582550455,-1.3924710602,100.0,0.632000084609,-0.104310693576,-0.133456328546,1.65056332776,0.74206320614,0.223194204637,0.721354465503,100.0
3.608655,-0.252723334804,0.0299126253638,0.0498543756063,1.52247593198,0.585980660972,0.0195582550455,-1.3928545554,100.0,0.631616589412,-0.103927198379,-0.133072833349,1.65094682296,0.741679710943,0.222043719046,0.721354465503,100.0
3.618652,-0.252339839607,0.0302961205607,0.0513883563942,1.52285942717,0.586747651366,0.0199417502425,-1.39132057461,100.0,0.631233094215,-0.104694188773,-0.133456328546,1.65056332776,0.741679710943,0.22281070944,0.720970970306,100.0
3.628655,-0.252339839607,0.0302961205607,0.0502378708032,1.52247593198,0.588281632154,0.0207087406365,-1.39208756501,100.0,0.632000084609,-0.10507768397,-0.133456328546,1.65094682296,0.741679710943,0.223577699834,0.720203979912,100.0
3.638652,-0.252339839607,0.0295291301668,0.0517718515911,1.52247593198,0.585597165775,0.0207087406365,-1.3924710602,100.0,0.632383579806,-0.104694188773,-0.133456328546,1.65171381336,0.741296215746,0.223194204637,0.720970970306,100.0
3.648656,-0.251189354016,0.0302961205607,0.0506213660002,1.52285942717,0.586747651366,0.0199417502425,-1.39400504099,100.0,0.631616589412,-0.103927198379,-0.133456328546,1.65133031816,0.741679710943,0.223577699834,0.720970970306,100.0
3.658654,-0.251189354016,0.0302961205607,0.0506213660002,1.52247593198,0.585980660972,0.0199417502425,-1.3928545554,100.0,0.632383579806,-0.104694188773,-0.133456328546,1.65094682296,0.74206320614,0.223194204637,0.720970970306,100.0
3.668650,-0.252723334804,0.0299126253638,0.0502378708032,1.52285942717,0.587131146563,0.0199417502425,-1.39362154579,100.0,0.632383579806,-0.103927198379,-0.133456328546,1.65056332776,0.742446701337,0.223577699834,0.721354465503,100.0
3.678653,-0.25195634441,0.0299126253638,0.0513883563942,1.52247593198,0.588281632154,0.0199417502425,-1.3924710602,100.0,0.631233094215,-0.103927198379,-0.133456328546,1.65133031816,0.74206320614,0.22281070944,0.720587475109,100.0
3.688649,-0.253106830001,0.0302961205607,0.0502378708032,1.52362641757,0.586364156169,0.0195582550455,-1.3924710602,100.0,0.631233094215,-0.104694188773,-0.133072833349,1.65133031816,0.742446701337,0.223194204637,0.720970970306,100.0
3.698650,-0.252339839607,0.0291456349698,0.0502378708032,1.52285942717,0.585980660972,0.0199417502425,-1.39208756501,100.0,0.631233094215,-0.10507768397,-0.133072833349,1.65133031816,0.74206320614,0.223194204637,0.720587475109,100.0
3.708652,-0.25195634441,0.0302961205607,0.0502378708032,1.52247593198,0.58751464176,0.0195582550455,-1.39208756501,100.0,0.632383579806,-0.104310693576,-0.133072833349,1.65017983257,0.741679710943,0.22281070944,0.7217379607,100.0
3.718649,-0.252723334804,0.0302961205607,0.0502378708032,1.52247593198,0.587898136957,0.0203252454395,-1.3928545554,100.0,0.632000084609,-0.104694188773,-0.133456328546,1.65133031816,0.742446701337,0.223577699834,0.720970970306,100.0
3.728655,-0.251572849213,0.0291456349698,0.0498543756063,1.52324292237,0.587131146563,0.0207087406365,-1.39208756501,100.0,0.631233094215,-0.103927198379,-0.133072833349,1.65056332776,0.741679710943,0.223194204637,0.7217379607,100.0
3.738652,-0.251572849213,0.0299126253638,0.0517718515911,1.52247593198,0.587898136957,0.0203252454395,-1.39208756501,100.0,0.631616589412,-0.104694188773,-0.132689338152,1.65056332776,0.74206320614,0.22281070944,0.722121455897,100.0
3.748654,-0.250422363622,0.0295291301668,0.0513883563942,1.52170894158,0.587131146563,0.0203252454395,-1.39208756501,100.0,0.631233094215,-0.104694188773,-0.133456328546,1.65056332776,0.742446701337,0.223577699834,0.7217379607,100.0
3.758652,-0.253106830001,0.0299126253638,0.0506213660002,1.52400991276,0.587131146563,0.0199417502425,-1.3928545554,100.0,0.632383579806,-0.103927198379,-0.133456328546,1.65056332776,0.742446701337,0.222427214243,0.7217379607,100.0
3.768649,-0.252723334804,0.0302961205607,0.0506213660002,1.52324292237,0.587131146563,0.0195582550455,-1.39208756501,100.0,0.632767075003,-0.104310693576,-0.133839823743,1.65056332776,0.74206320614,0.22281070944,0.721354465503,100.0
3.778652,-0.252723334804,0.0299126253638,0.0487038900154,1.52247593198,0.587131146563,0.0203252454395,-1.39208756501,100.0,0.632383579806,-0.104694188773,-0.133839823743,1.65133031816,0.74206320614,0.222043719046,0.7217379607,100.0
3.788653,-0.252723334804,0.0299126253638,0.0510048611972,1.52285942717,0.587131146563,0.0199417502425,-1.39208756501,100.0,0.630849599018,-0.104694188773,-0.133456328546,1.65133031816,0.741296215746,0.223961195031,0.7217379607,100.0
3.798653,-0.252339839607,0.0295291301668,0.0494708804093,1.52285942717,0.586747651366,0.0199417502425,-1.39170406981,100.0,0.631233094215,-0.103927198379,-0.133456328546,1.65017983257,0.74206320614,0.223577699834,0.721354465503,100.0
3.808650,-0.251189354016,0.0299126253638,0.0513883563942,1.52324292237,0.58751464176,0.0195582550455,-1.39400504099,100.0,0.631616589412,-0.103543703182,-0.133072833349,1.65133031816,0.74206320614,0.22281070944,0.721354465503,100.0
3.818653,-0.250805858819,0.0302961205607,0.0517718515911,1.52247593198,0.58751464176,0.0195582550455,-1.3924710602,100.0,0.630466103821,-0.103927198379,-0.133456328546,1.65056332776,0.741679710943,0.223577699834,0.721354465503,100.0
3.828652,-0.252339839607,0.0299126253638,0.0510048611972,1.52247593198,0.587131146563,0.0199417502425,-1.3928545554,100.0,0.632383579806,-0.103927198379,-0.133456328546,1.65056332776,0.74206320614,0.22281070944,0.7217379607,100.0
3.838652,-0.251572849213,0.0291456349698,0.0510048611972,1.52247593198,0.586747651366,0.0199417502425,-1.3928545554,100.0,0.631233094215,-0.104694188773,-0.133456328546,1.65094682296,0.74206320614,0.22281070944,0.7217379607,100.0
3.848655,-0.251572849213,0.0302961205607,0.0502378708032,1.52285942717,0.587898136957,0.0203252454395,-1.39208756501,100.0,0.632000084609,-0.104310693576,-0.131922347758,1.65133031816,0.742446701337,0.223194204637,0.721354465503,100.0
3.858653,-0.251572849213,0.0299126253638,0.0506213660002,1.52324292237,0.587898136957,0.0195582550455,-1.39208756501,100.0,0.630849599018,-0.104694188773,-0.133839823743,1.65094682296,0.741679710943,0.223577699834,0.720970970306,100.0
3.868649,-0.252339839607,0.0306796157577,0.0502378708032,1.52247593198,0.587898136957,0.0195582550455,-1.3928545554,100.0,0.631233094215,-0.104310693576,-0.134606814137,1.65056332776,0.741679710943,0.223577699834,0.7217379607,100.0
3.878659,-0.25195634441,0.0295291301668,0.0506213660002,1.52170894158,0.586747651366,0.0203252454395,-1.3924710602,100.0,0.631233094215,-0.104310693576,-0.132689338152,1.65171381336,0.741679710943,0.223194204637,0.7217379607,100.0
3.888651,-0.253873820395,0.0302961205607,0.0506213660002,1.52285942717,0.587131146563,0.0199417502425,-1.39170406981,100.0,0.630849599018,-0.103927198379,-0.133072833349,1.65094682296,0.741679710943,0.223194204637,0.720970970306,100.0
3.898652,-0.252339839607,0.0302961205607,0.0502378708032,1.52247593198,0.587131146563,0.0199417502425,-1.39208756501,100.0,0.631616589412,-0.103927198379,-0.132689338152,1.65056332776,0.741679710943,0.223577699834,0.7217379607,100.0
3.908650,-0.251572849213,0.0299126253638,0.0510048611972,1.52209243678,0.587131146563,0.0203252454395,-1.3924710602,100.0,0.631233094215,-0.103927198379,-0.133456328546,1.65094682296,0.742446701337,0.223194204637,0.7217379607,100.0
3.918648,-0.252339839607,0.0295291301668,0.0498543756063,1.52362641757,0.587131146563,0.0203252454395,-1.39208756501,100.0,0.630466103821,-0.104694188773,-0.133839823743,1.65133031816,0.74206320614,0.223577699834,0.7217379607,100.0
3.928649,-0.253490325198,0.0302961205607,0.0510048611972,1.52285942717,0.588281632154,0.0203252454395,-1.39170406981,100.0,0.630849599018,-0.10507768397,-0.133456328546,1.65056332776,0.741679710943,0.22281070944,0.7217379607,100.0
3.938647,-0.251189354016,0.0302961205607,0.0510048611972,1.52209243678,0.58751464176,0.0199417502425,-1.3928545554,100.0,0.631233094215,-0.104310693576,-0.133072833349,1.65094682296,0.74206320614,0.22281070944,0.7217379607,100.0
3.948652,-0.25195634441,0.0299126253638,0.0498543756063,1.52247593198,0.587131146563,0.0199417502425,-1.39208756501,100.0,0.632767075003,-0.104310693576,-0.133456328546,1.65056332776,0.741679710943,0.223194204637,0.7217379607,100.0
3.958650,-0.253873820395,0.0302961205607,0.0510048611972,1.52247593198,0.587131146563,0.0203252454395,-1.3932380506,100.0,0.631616589412,-0.103927198379,-0.133456328546,1.65017983257,0.741296215746,0.223194204637,0.7217379607,100.0
3.968647,-0.251189354016,0.0295291301668,0.0498543756063,1.52247593198,0.587131146563,0.0199417502425,-1.3928545554,100.0,0.631616589412,-0.103543703182,-0.13422331894,1.65171381336,0.741296215746,0.222427214243,0.721354465503,100.0
3.978650,-0.252723334804,0.0302961205607,0.0506213660002,1.52285942717,0.587898136957,0.0199417502425,-1.39208756501,100.0,0.630849599018,-0.104310693576,-0.133839823743,1.65133031816,0.74206320614,0.22281070944,0.721354465503,100.0
3.988648,-0.253106830001,0.0299126253638,0.0506213660002,1.52285942717,0.587131146563,0.0207087406365,-1.3924710602,100.0,0.630849599018,-0.104310693576,-0.132689338152,1.65056332776,0.741679710943,0.222427214243,0.720970970306,100.0
3.998650,-0.252339839607,0.0295291301668,0.0506213660002,1.52285942717,0.587898136957,0.0199417502425,-1.3932380506,100.0,0.631616589412,-0.104310693576,-0.133456328546,1.65056332776,0.742830196534,0.223194204637,0.720587475109,100.0
4.008649,-0.253106830001,0.0295291301668,0.0506213660002,1.52362641757,0.587898136957,0.0203252454395,-1.3924710602,100.0,0.630849599018,-0.104694188773,-0.133839823743,1.65017983257,0.741679710943,0.223194204637,0.722121455897,100.0
4.018649,-0.252339839607,0.0302961205607,0.0498543756063,1.52247593198,0.58751464176,0.0199417502425,-1.3924710602,100.0,0.630849599018,-0.103927198379,-0.13422331894,1.65056332776,0.742446701337,0.223577699834,0.722121455897,100.0
4.028653,-0.252723334804,0.0299126253638,0.0502378708032,1.52362641757,0.586364156169,0.0207087406365,-1.39208756501,100.0,0.632000084609,-0.103927198379,-0.133456328546,1.65133031816,0.741679710943,0.223194204637,0.721354465503,100.0
4.038648,-0.252339839607,0.0306796157577,0.0494708804093,1.52170894158,0.586747651366,0.0195582550455,-1.3928545554,100.0,0.632000084609,-0.104310693576,-0.133456328546,1.65094682296,0.742446701337,0.223577699834,0.720970970306,100.0
4.048655,-0.251572849213,0.0302961205607,0.0502378708032,1.52209243678,0.58751464176,0.0203252454395,-1.39362154579,100.0,0.631233094215,-0.104310693576,-0.133072833349,1.65094682296,0.742446701337,0.223577699834,0.720970970306,100.0
4.058653,-0.252723334804,0.0310631109547,0.0513883563942,1.52324292237,0.586747651366,0.0199417502425,-1.3928545554,100.0,0.6331505702,-0.104694188773,-0.133456328546,1.65017983257,0.74206320614,0.223961195031,0.7217379607,100.0
4.068651,-0.25195634441,0.0299126253638,0.0502378708032,1.52209243678,0.58751464176,0.0207087406365,-1.39208756501,100.0,0.632383579806,-0.103543703182,-0.133072833349,1.65094682296,0.742446701337,0.223194204637,0.721354465503,100.0
4.078658,-0.251572849213,0.0291456349698,0.0510048611972,1.52170894158,0.588281632154,0.0203252454395,-1.39400504099,100.0,0.631616589412,-0.104310693576,-0.133456328546,1.64979633737,0.741679710943,0.222427214243,0.721354465503,100.0
4.088650,-0.252339839607,0.0295291301668,0.0506213660002,1.52285942717,0.587131146563,0.0199417502425,-1.3932380506,100.0,0.631233094215,-0.104694188773,-0.133072833349,1.65056332776,0.74206320614,0.22281070944,0.721354465503,100.0
4.098655,-0.251572849213,0.0295291301668,0.0510048611972,1.52247593198,0.586747651366,0.0195582550455,-1.39132057461,100.0,0.632000084609,-0.10507768397,-0.133072833349,1.65094682296,0.742830196534,0.224344690228,0.721354465503,100.0
4.108650,-0.251572849213,0.0302961205607,0.0506213660002,1.52285942717,0.587131146563,0.0195582550455,-1.39170406981,100.0,0.631616589412,-0.104310693576,-0.133839823743,1.65094682296,0.74206320614,0.223577699834,0.720970970306,100.0
4.118649,-0.253873820395,0.0295291301668,0.0506213660002,1.52209243678,0.587131146563,0.0199417502425,-1.3924710602,100.0,0.632000084609,-0.103543703182,-0.132689338152,1.65133031816,0.74206320614,0.223577699834,0.7217379607,100.0
4.128650,-0.252339839607,0.0299126253638,0.0506213660002,1.52324292237,0.586747651366,0.0203252454395,-1.39362154579,100.0,0.631616589412,-0.104310693576,-0.133072833349,1.65094682296,0.74206320614,0.223194204637,0.721354465503,100.0
4.138650,-0.252339839607,0.0299126253638,0.0510048611972,1.52247593198,0.587131146563,0.0191747598486,-1.39170406981,100.0,0.631616589412,-0.104694188773,-0.133456328546,1.65133031816,0.74206320614,0.223194204637,0.7217379607,100.0
4.148648,-0.252723334804,0.0302961205607,0.0510048611972,1.52324292237,0.58751464176,0.0203252454395,-1.3928545554,100.0,0.631616589412,-0.104694188773,-0.132689338152,1.65094682296,0.74206320614,0.223577699834,0.7217379607,100.0
4.158648,-0.25195634441,0.0299126253638,0.0494708804093,1.52285942717,0.587898136957,0.0207087406365,-1.39362154579,100.0,0.630466103821,-0.104694188773,-0.132689338152,1.65133031816,0.741296215746,0.223577699834,0.721354465503,100.0
4.168648,-0.252723334804,0.0295291301668,0.0498543756063,1.52247593198,0.58751464176,0.0199417502425,-1.3924710602,100.0,0.632383579806,-0.104310693576,-0.133456328546,1.65056332776,0.742446701337,0.223194204637,0.721354465503,100.0
4.178653,-0.252339839607,0.0291456349698,0.0513883563942,1.52285942717,0.586747651366,0.0199417502425,-1.3924710602,100.0,0.631233094215,-0.104310693576,-0.133456328546,1.65017983257,0.741296215746,0.223194204637,0.721354465503,100.0
4.188652,-0.252339839607,0.0299126253638,0.0506213660002,1.52209243678,0.587131146563,0.0199417502425,-1.3924710602,100.0,0.631233094215,-0.104694188773,-0.133456328546,1.65017983257,0.74206320614,0.223577699834,0.720970970306,100.0
4.198654,-0.252339839607,0.0299126253638,0.0502378708032,1.52285942717,0.58751464176,0.0199417502425,-1.39362154579,100.0,0.631233094215,-0.104694188773,-0.133072833349,1.65133031816,0.742446701337,0.223577699834,0.720203979912,100.0
4.208653,-0.251572849213,0.0295291301668,0.0502378708032,1.52247593198,0.587131146563,0.0203252454395,-1.3928545554,100.0,0.631233094215,-0.104310693576,-0.133456328546,1.65094682296,0.742446701337,0.22281070944,0.720970970306,100.0
4.218650,-0.252339839607,0.0295291301668,0.0498543756063,1.52247593198,0.586364156169,0.0199417502425,-1.3924710602,100.0,0.631233094215,-0.104694188773,-0.133456328546,1.65056332776,0.742830196534,0.22281070944,0.720970970306,100.0
4.228649,-0.251572849213,0.0306796157577,0.0510048611972,1.52247593198,0.58751464176,0.0199417502425,-1.39170406981,100.0,0.631233094215,-0.104310693576,-0.133456328546,1.65133031816,0.74321369173,0.223194204637,0.7217379607,100.0
4.238678,-0.252339839607,0.0299126253638,0.0498543756063,1.52247593198,0.588281632154,0.0195582550455,-1.39208756501,100.0,0.631233094215,-0.10507768397,-0.132689338152,1.65133031816,0.742446701337,0.223577699834,0.7217379607,100.0
4.248654,-0.252723334804,0.0299126253638,0.0498543756063,1.52362641757,0.587131146563,0.0191747598486,-1.3928545554,100.0,0.632383579806,-0.104310693576,-0.13422331894,1.65094682296,0.741679710943,0.22281070944,0.7217379607,100.0
4.258651,-0.252339839607,0.0295291301668,0.0510048611972,1.52362641757,0.587131146563,0.0199417502425,-1.39132057461,100.0,0.630849599018,-0.103927198379,-0.133456328546,1.65017983257,0.742446701337,0.223194204637,0.721354465503,100.0
4.268650,-0.251572849213,0.0306796157577,0.0498543756063,1.52285942717,0.587898136957,0.0195582550455,-1.3928545554,100.0,0.632000084609,-0.104310693576,-0.133839823743,1.65094682296,0.74206320614,0.22281070944,0.721354465503,100.0
4.278649,-0.253106830001,0.0299126253638,0.0502378708032,1.52324292237,0.587131146563,0.0203252454395,-1.3928545554,100.0,0.632000084609,-0.103927198379,-0.132305842955,1.65056332776,0.742446701337,0.223577699834,0.720970970306,100.0
4.288651,-0.253490325198,0.0302961205607,0.0502378708032,1.52209243678,0.585980660972,0.0199417502425,-1.39208756501,100.0,0.632000084609,-0.103927198379,-0.132689338152,1.65094682296,0.742830196534,0.223577699834,0.721354465503,100.0
4.298652,-0.251572849213,0.0299126253638,0.0498543756063,1.52247593198,0.587131146563,0.0207087406365,-1.3924710602,100.0,0.631616589412,-0.104310693576,-0.13422331894,1.65133031816,0.74206320614,0.223194204637,0.7217379607,100.0
4.308651,-0.252339839607,0.0299126253638,0.0510048611972,1.52324292237,0.587131146563,0.0195582550455,-1.39362154579,100.0,0.630849599018,-0.104310693576,-0.133839823743,1.65133031816,0.742830196534,0.223194204637,0.7217379607,100.0
4.318648,-0.25195634441,0.0299126253638,0.0510048611972,1.52209243678,0.586364156169,0.0199417502425,-1.3928545554,100.0,0.631233094215,-0.104310693576,-0.132689338152,1.65056332776,0.74206320614,0.223194204637,0.720970970306,100.0
4.328649,-0.25195634441,0.0302961205607,0.0510048611972,1.52285942717,0.586364156169,0.0199417502425,-1.39208756501,100.0,0.631616589412,-0.104310693576,-0.133839823743,1.65056332776,0.742830196534,0.222427214243,0.721354465503,100.0
4.338650,-0.251572849213,0.0306796157577,0.0506213660002,1.52324292237,0.58751464176,0.0199417502425,-1.39208756501,100.0,0.631616589412,-0.104694188773,-0.133456328546,1.65133031816,0.74206320614,0.22281070944,0.720970970306,100.0
4.348651,-0.252339839607,0.0299126253638,0.0502378708032,1.52324292237,0.585980660972,0.0199417502425,-1.3924710602,100.0,0.631616589412,-0.104310693576,-0.133456328546,1.65017983257,0.742830196534,0.223194204637,0.720970970306,100.0
4.358653,-0.252339839607,0.0299126253638,0.0506213660002,1.52247593198,0.58751464176,0.0203252454395,-1.3924710602,100.0,0.631616589412,-0.104694188773,-0.134606814137,1.65133031816,0.742830196534,0.223194204637,0.722121455897,100.0
4.368648,-0.253490325198,0.0295291301668,0.0510048611972,1.52324292237,0.586747651366,0.0199417502425,-1.3924710602,100.0,0.632000084609,-0.104694188773,-0.133072833349,1.65056332776,0.742446701337,0.223194204637,0.721354465503,100.0
4.378655,-0.251572849213,0.0299126253638,0.0513883563942,1.52324292237,0.588281632154,0.0187912646516,-1.3924710602,100.0,0.631616589412,-0.104694188773,-0.133072833349,1.65094682296,0.741679710943,0.223961195031,0.721354465503,100.0
4.388655,-0.25195634441,0.0302961205607,0.0510048611972,1.52362641757,0.587131146563,0.0187912646516,-1.3924710602,100.0,0.631616589412,-0.104310693576,-0.133072833349,1.65017983257,0.741679710943,0.22281070944,0.722121455897,100.0
4.398654,-0.252339839607,0.0302961205607,0.0506213660002,1.52285942717,0.586364156169,0.0191747598486,-1.3924710602,100.0,0.631616589412,-0.103543703182,-0.133456328546,1.65094682296,0.742446701337,0.223577699834,0.720970970306,100.0
4.408655,-0.25195634441,0.0302961205607,0.0513883563942,1.52400991276,0.587898136957,0.0187912646516,-1.3924710602,100.0,0.630849599018,-0.104310693576,-0.133456328546,1.65056332776,0.74206320614,0.223194204637,0.721354465503,100.0
4.418652,-0.25195634441,0.0299126253638,0.0506213660002,1.52324292237,0.58751464176,0.0187912646516,-1.3928545554,100.0,0.631233094215,-0.104310693576,-0.13422331894,1.65171381336,0.741679710943,0.223961195031,0.721354465503,100.0
4.428652,-0.25195634441,0.0306796157577,0.0494708804093,1.52285942717,0.587898136957,0.0195582550455,-1.3924710602,100.0,0.631233094215,-0.103927198379,-0.133456328546,1.65133031816,0.74206320614,0.223577699834,0.721354465503,100.0
4.438650,-0.250805858819,0.0302961205607,0.0506213660002,1.52362641757,0.587131146563,0.0195582550455,-1.39208756501,100.0,0.631233094215,-0.104310693576,-0.133456328546,1.65056332776,0.74206320614,0.223194204637,0.7217379607,100.0
4.448650,-0.251189354016,0.0299126253638,0.0506213660002,1.52400991276,0.58751464176,0.0199417502425,-1.3932380506,100.0,0.632000084609,-0.10507768397,-0.133072833349,1.65094682296,0.742446701337,0.223194204637,0.721354465503,100.0
4.458648,-0.251572849213,0.0302961205607,0.0510048611972,1.52362641757,0.587898136957,0.0195582550455,-1.39208756501,100.0,0.632383579806,-0.103927198379,-0.133072833349,1.65056332776,0.74206320614,0.223194204637,0.7217379607,100.0
4.468651,-0.250422363622,0.0302961205607,0.0517718515911,1.52324292237,0.587131146563,0.0195582550455,-1.3928545554,100.0,0.631616589412,-0.103543703182,-0.133839823743,1.65017983257,0.741679710943,0.22281070944,0.720970970306,100.0
4.478653,-0.250422363622,0.0302961205607,0.0498543756063,1.52285942717,0.586364156169,0.0195582550455,-1.39208756501,100.0,0.632000084609,-0.104310693576,-0.133456328546,1.65171381336,0.742446701337,0.223577699834,0.721354465503,100.0
4.488650,-0.250805858819,0.0314466061517,0.0517718515911,1.52400991276,0.587131146563,0.0203252454395,-1.39362154579,100.0,0.631616589412,-0.104694188773,-0.133456328546,1.65133031816,0.742446701337,0.223194204637,0.7217379607,100.0
4.498652,-0.249271878031,0.0310631109547,0.0513883563942,1.52400991276,0.586747651366,0.0203252454395,-1.39170406981,100.0,0.631233094215,-0.10507768397,-0.133456328546,1.65171381336,0.742446701337,0.223577699834,0.722121455897,100.0
4.508650,-0.249655373228,0.0318301013486,0.0513883563942,1.52477690316,0.586364156169,0.0199417502425,-1.3928545554,100.0,0.630849599018,-0.103927198379,-0.133072833349,1.65056332776,0.742446701337,0.223577699834,0.7217379607,100.0
4.518649,-0.250422363622,0.0314466061517,0.0510048611972,1.52400991276,0.586747651366,0.0207087406365,-1.3928545554,100.0,0.631616589412,-0.104310693576,-0.133456328546,1.65133031816,0.742446701337,0.224344690228,0.720587475109,100.0
4.528649,-0.250038868425,0.0325970917426,0.0517718515911,1.52362641757,0.587131146563,0.0207087406365,-1.3924710602,100.0,0.631616589412,-0.103927198379,-0.133072833349,1.65094682296,0.74206320614,0.223961195031,0.720970970306,100.0
4.538650,-0.250422363622,0.0322135965456,0.0513883563942,1.52400991276,0.586364156169,0.0207087406365,-1.3928545554,100.0,0.630849599018,-0.10507768397,-0.133839823743,1.65056332776,0.741679710943,0.223194204637,0.720587475109,100.0
4.548654,-0.250038868425,0.0318301013486,0.0517718515911,1.52439340796,0.586364156169,0.0203252454395,-1.39170406981,100.0,0.632383579806,-0.104310693576,-0.133072833349,1.65133031816,0.74206320614,0.223194204637,0.721354465503,100.0
4.558668,-0.248504887637,0.0325970917426,0.0510048611972,1.52400991276,0.58751464176,0.0210922358334,-1.3924710602,100.0,0.631616589412,-0.104310693576,-0.133456328546,1.65056332776,0.741296215746,0.223194204637,0.720970970306,100.0
4.568649,-0.249655373228,0.0322135965456,0.0517718515911,1.52362641757,0.585980660972,0.0210922358334,-1.3924710602,100.0,0.631616589412,-0.103927198379,-0.133456328546,1.65133031816,0.742830196534,0.22281070944,0.720970970306,100.0
4.578650,-0.248888382834,0.0325970917426,0.0517718515911,1.52362641757,0.586747651366,0.0207087406365,-1.3924710602,100.0,0.632000084609,-0.103927198379,-0.133072833349,1.65094682296,0.742446701337,0.223577699834,0.721354465503,100.0
4.588649,-0.249655373228,0.0325970917426,0.0521553467881,1.52324292237,0.586747651366,0.0203252454395,-1.39170406981,100.0,0.631616589412,-0.103543703182,-0.133072833349,1.65133031816,0.742830196534,0.223577699834,0.7217379607,100.0
4.598651,-0.248888382834,0.0325970917426,0.0521553467881,1.52324292237,0.58751464176,0.0203252454395,-1.39362154579,100.0,0.631616589412,-0.103927198379,-0.133839823743,1.65056332776,0.742446701337,0.22281070944,0.7217379607,100.0
4.608651,-0.249655373228,0.0337475773335,0.0506213660002,1.52285942717,0.586364156169,0.0199417502425,-1.39208756501,100.0,0.631233094215,-0.103927198379,-0.132689338152,1.65094682296,0.742446701337,0.223194204637,0.720970970306,100.0
4.618657,-0.248504887637,0.0329805869395,0.0521553467881,1.52285942717,0.58751464176,0.0195582550455,-1.39170406981,100.0,0.631233094215,-0.104310693576,-0.133456328546,1.65094682296,0.741679710943,0.223961195031,0.721354465503,100.0
4.628680,-0.249655373228,0.0329805869395,0.0525388419851,1.52400991276,0.586747651366,0.0199417502425,-1.3924710602,100.0,0.632000084609,-0.104694188773,-0.133456328546,1.65133031816,0.74206320614,0.223194204637,0.720970970306,100.0
4.638655,-0.248504887637,0.0325970917426,0.0517718515911,1.52247593198,0.586364156169,0.0203252454395,-1.3924710602,100.0,0.631616589412,-0.103543703182,-0.13422331894,1.65133031816,0.741679710943,0.223194204637,0.720970970306,100.0
4.648654,-0.248888382834,0.0322135965456,0.0517718515911,1.52285942717,0.587131146563,0.0195582550455,-1.39208756501,100.0,0.632000084609,-0.103927198379,-0.133072833349,1.65133031816,0.74206320614,0.223194204637,0.720970970306,100.0
4.658652,-0.250805858819,0.0329805869395,0.0513883563942,1.52324292237,0.587131146563,0.0203252454395,-1.3928545554,100.0,0.632000084609,-0.104310693576,-0.133456328546,1.65171381336,0.74206320614,0.223194204637,0.720587475109,100.0
4.668650,-0.250422363622,0.0329805869395,0.0517718515911,1.52324292237,0.586747651366,0.0195582550455,-1.39170406981,100.0,0.633534065397,-0.104310693576,-0.133456328546,1.65017983257,0.74206320614,0.223194204637,0.721354465503,100.0
4.678652,-0.250038868425,0.0325970917426,0.0513883563942,1.52362641757,0.587131146563,0.0191747598486,-1.3924710602,100.0,0.632000084609,-0.103927198379,-0.133072833349,1.65133031816,0.74206320614,0.223194204637,0.721354465503,100.0
4.688653,-0.250038868425,0.0329805869395,0.0510048611972,1.52170894158,0.587131146563,0.0199417502425,-1.39208756501,100.0,0.631616589412,-0.104310693576,-0.133072833349,1.65133031816,0.74206320614,0.22281070944,0.720970970306,100.0
4.698651,-0.249655373228,0.0325970917426,0.0517718515911,1.52285942717,0.585980660972,0.0203252454395,-1.3932380506,100.0,0.631616589412,-0.103927198379,-0.133072833349,1.65056332776,0.741679710943,0.222427214243,0.7217379607,100.0
4.708651,-0.251189354016,0.0322135965456,0.0513883563942,1.52285942717,0.586364156169,0.0199417502425,-1.3924710602,100.0,0.631233094215,-0.104310693576,-0.132305842955,1.65133031816,0.741679710943,0.223194204637,0.720587475109,100.0
4.718649,-0.250805858819,0.0318301013486,0.0517718515911,1.52209243678,0.588281632154,0.0210922358334,-1.3928545554,100.0,0.631616589412,-0.10507768397,-0.133839823743,1.65133031816,0.742446701337,0.223961195031,0.721354465503,100.0
4.728655,-0.250805858819,0.0318301013486,0.0513883563942,1.52247593198,0.587131146563,0.0203252454395,-1.3928545554,100.0,0.632383579806,-0.104310693576,-0.133072833349,1.65094682296,0.74206320614,0.22281070944,0.721354465503,100.0
4.738649,-0.250805858819,0.0314466061517,0.0521553467881,1.52209243678,0.587131146563,0.0207087406365,-1.39132057461,100.0,0.632383579806,-0.10507768397,-0.132305842955,1.65094682296,0.741679710943,0.223577699834,0.720587475109,100.0
4.748651,-0.250422363622,0.0318301013486,0.0517718515911,1.52209243678,0.58751464176,0.0203252454395,-1.39208756501,100.0,0.631616589412,-0.10507768397,-0.133839823743,1.65171381336,0.742830196534,0.223577699834,0.7217379607,100.0
4.758650,-0.250805858819,0.0318301013486,0.0506213660002,1.52247593198,0.58751464176,0.0207087406365,-1.3932380506,100.0,0.631616589412,-0.104310693576,-0.133456328546,1.65094682296,0.741296215746,0.221660223849,0.7217379607,100.0
4.768648,-0.251189354016,0.0314466061517,0.0513883563942,1.52247593198,0.58751464176,0.0191747598486,-1.3932380506,100.0,0.631233094215,-0.103927198379,-0.133456328546,1.65017983257,0.74206320614,0.223577699834,0.720970970306,100.0
4.778657,-0.250422363622,0.0325970917426,0.0513883563942,1.52285942717,0.587898136957,0.0184077694546,-1.3928545554,100.0,0.631616589412,-0.103927198379,-0.133839823743,1.65094682296,0.74206320614,0.223194204637,0.721354465503,100.0
4.788652,-0.250422363622,0.0314466061517,0.0510048611972,1.52209243678,0.587898136957,0.0191747598486,-1.3932380506,100.0,0.632000084609,-0.104310693576,-0.133456328546,1.64979633737,0.74206320614,0.222427214243,0.720970970306,100.0
4.798656,-0.251572849213,0.0318301013486,0.0510048611972,1.52247593198,0.587131146563,0.0191747598486,-1.3928545554,100.0,0.631616589412,-0.104310693576,-0.133072833349,1.65094682296,0.74206320614,0.223577699834,0.7217379607,100.0
4.808653,-0.250038868425,0.0314466061517,0.0506213660002,1.52285942717,0.586747651366,0.0187912646516,-1.3924710602,100.0,0.631616589412,-0.103927198379,-0.13422331894,1.65171381336,0.742446701337,0.223577699834,0.721354465503,100.0
4.818650,-0.249655373228,0.0322135965456,0.0510048611972,1.52285942717,0.58751464176,0.0191747598486,-1.39208756501,100.0,0.631233094215,-0.104310693576,-0.133839823743,1.65094682296,0.74206320614,0.22281070944,0.722504951094,100.0
4.828649,-0.251189354016,0.0322135965456,0.0506213660002,1.52324292237,0.586364156169,0.0191747598486,-1.39170406981,100.0,0.632000084609,-0.10507768397,-0.133072833349,1.65133031816,0.742446701337,0.223194204637,0.7217379607,100.0
4.838653,-0.252339839607,0.0318301013486,0.0506213660002,1.52247593198,0.58751464176,0.0191747598486,-1.3932380506,100.0,0.631233094215,-0.10507768397,-0.133839823743,1.65094682296,0.742446701337,0.223961195031,0.720970970306,100.0
4.848650,-0.250805858819,0.0306796157577,0.0510048611972,1.52285942717,0.586747651366,0.0195582550455,-1.3928545554,100.0,0.631616589412,-0.104694188773,-0.133072833349,1.65133031816,0.74206320614,0.223194204637,0.721354465503,100.0
4.858649,-0.250805858819,0.0314466061517,0.0510048611972,1.52209243678,0.586747651366,0.0195582550455,-1.3924710602,100.0,0.632000084609,-0.104310693576,-0.133456328546,1.65094682296,0.741679710943,0.223194204637,0.7217379607,100.0
4.868653,-0.250422363622,0.0310631109547,0.0506213660002,1.52247593198,0.586747651366,0.0195582550455,-1.39362154579,100.0,0.631616589412,-0.104310693576,-0.133839823743,1.65094682296,0.741679710943,0.223577699834,0.7217379607,100.0
4.878651,-0.250422363622,0.0318301013486,0.0506213660002,1.52285942717,0.587131146563,0.0191747598486,-1.39170406981,100.0,0.632000084609,-0.104694188773,-0.133072833349,1.65094682296,0.742446701337,0.22281070944,0.720970970306,100.0
4.888654,-0.250038868425,0.0310631109547,0.0517718515911,1.52362641757,0.587131146563,0.0199417502425,-1.3928545554,100.0,0.631616589412,-0.104310693576,-0.133839823743,1.65133031816,0.74206320614,0.223194204637,0.720970970306,100.0
4.898651,-0.251189354016,0.0310631109547,0.0521553467881,1.52324292237,0.587898136957,0.0203252454395,-1.3924710602,100.0,0.630849599018,-0.104310693576,-0.133072833349,1.65133031816,0.74206320614,0.223577699834,0.721354465503,100.0
4.908652,-0.250038868425,0.0310631109547,0.0521553467881,1.52285942717,0.585980660972,0.0203252454395,-1.39208756501,100.0,0.630849599018,-0.10507768397,-0.133456328546,1.65133031816,0.742446701337,0.223194204637,0.721354465503,100.0
4.918652,-0.252339839607,0.0314466061517,0.0513883563942,1.52285942717,0.586364156169,0.0207087406365,-1.3924710602,100.0,0.632000084609,-0.104694188773,-0.133072833349,1.65094682296,0.742446701337,0.223194204637,0.721354465503,100.0
4.928649,-0.250805858819,0.0310631109547,0.0521553467881,1.52324292237,0.587131146563,0.0210922358334,-1.39132057461,100.0,0.631616589412,-0.104694188773,-0.13422331894,1.65056332776,0.742830196534,0.223194204637,0.722121455897,100.0
4.938648,-0.249271878031,0.0314466061517,0.0525388419851,1.52247593198,0.586364156169,0.0191747598486,-1.39132057461,100.0,0.631616589412,-0.104310693576,-0.133839823743,1.65171381336,0.74206320614,0.22281070944,0.7217379607,100.0
4.948647,-0.250038868425,0.0310631109547,0.0510048611972,1.52324292237,0.585980660972,0.0187912646516,-1.39208756501,100.0,0.631616589412,-0.104310693576,-0.133839823743,1.65094682296,0.741679710943,0.222427214243,0.7217379607,100.0
4.958647,-0.249271878031,0.0314466061517,0.0521553467881,1.52247593198,0.585980660972,0.0184077694546,-1.39170406981,100.0,0.631616589412,-0.103927198379,-0.133456328546,1.65094682296,0.74206320614,0.223961195031,0.720970970306,100.0
4.968649,-0.249271878031,0.0306796157577,0.0521553467881,1.52285942717,0.585213670578,0.0187912646516,-1.39208756501,100.0,0.630849599018,-0.10507768397,-0.133072833349,1.65017983257,0.742446701337,0.224344690228,0.722121455897,100.0
4.978674,-0.250038868425,0.0318301013486,0.0506213660002,1.52324292237,0.585597165775,0.0184077694546,-1.3924710602,100.0,0.631233094215,-0.103927198379,-0.133456328546,1.65094682296,0.741296215746,0.223577699834,0.721354465503,100.0
4.988677,-0.249655373228,0.0314466061517,0.0521553467881,1.52324292237,0.585597165775,0.0187912646516,-1.39170406981,100.0,0.631616589412,-0.103927198379,-0.13422331894,1.65056332776,0.742446701337,0.223577699834,0.721354465503,100.0
4.998654,-0.248888382834,0.0310631109547,0.0521553467881,1.52324292237,0.584446680184,0.0187912646516,-1.39208756501,100.0,0.630849599018,-0.104694188773,-0.13422331894,1.65094682296,0.741296215746,0.223577699834,0.720970970306,100.0
5.008651,-0.24812139244,0.0302961205607,0.0525388419851,1.52285942717,0.585597165775,0.0187912646516,-1.39093707942,100.0,0.631233094215,-0.10507768397,-0.132689338152,1.65094682296,0.741296215746,0.223194204637,0.720587475109,100.0
5.018655,-0.248504887637,0.0306796157577,0.0521553467881,1.52247593198,0.585980660972,0.0195582550455,-1.3924710602,100.0,0.631616589412,-0.104310693576,-0.133456328546,1.65094682296,0.74206320614,0.22281070944,0.721354465503,100.0
5.028649,-0.248504887637,0.0306796157577,0.0525388419851,1.52247593198,0.585980660972,0.0184077694546,-1.3924710602,100.0,0.631616589412,-0.104310693576,-0.133072833349,1.65056332776,0.741679710943,0.223577699834,0.7217379607,100.0
5.038652,-0.247737897243,0.0310631109547,0.0525388419851,1.52400991276,0.585980660972,0.0176407790607,-1.39132057461,100.0,0.631616589412,-0.104310693576,-0.133456328546,1.65133031816,0.742446701337,0.223194204637,0.7217379607,100.0
5.048675,-0.248504887637,0.0310631109547,0.0521553467881,1.52285942717,0.586747651366,0.0180242742577,-1.3928545554,100.0,0.631233094215,-0.104694188773,-0.133456328546,1.65133031816,0.742446701337,0.223194204637,0.721354465503,100.0
5.058652,-0.247737897243,0.0310631109547,0.0521553467881,1.52285942717,0.584830175381,0.0180242742577,-1.39132057461,100.0,0.631616589412,-0.104310693576,-0.133839823743,1.65056332776,0.742446701337,0.222427214243,0.7217379607,100.0
5.068677,-0.248888382834,0.0306796157577,0.0521553467881,1.52209243678,0.585980660972,0.0184077694546,-1.3928545554,100.0,0.632383579806,-0.104310693576,-0.133072833349,1.65056332776,0.74206320614,0.223961195031,0.7217379607,100.0
5.078655,-0.248888382834,0.0325970917426,0.0517718515911,1.52324292237,0.586364156169,0.0184077694546,-1.3932380506,100.0,0.631233094215,-0.104694188773,-0.13422331894,1.65056332776,0.741679710943,0.223961195031,0.720587475109,100.0
5.088658,-0.249271878031,0.0322135965456,0.0525388419851,1.52247593198,0.586364156169,0.0172572838637,-1.39170406981,100.0,0.632000084609,-0.104694188773,-0.13422331894,1.65056332776,0.742446701337,0.223577699834,0.721354465503,100.0
5.098653,-0.248888382834,0.0318301013486,0.0517718515911,1.52170894158,0.585213670578,0.0172572838637,-1.39170406981,100.0,0.631616589412,-0.105461179167,-0.132689338152,1.65017983257,0.742446701337,0.222427214243,0.7217379607,100.0
5.108649,-0.24812139244,0.0314466061517,0.0525388419851,1.52209243678,0.585213670578,0.0184077694546,-1.39208756501,100.0,0.632383579806,-0.104310693576,-0.133456328546,1.65056332776,0.74206320614,0.22281070944,0.720203979912,100.0
5.118653,-0.249271878031,0.0318301013486,0.0517718515911,1.52055845599,0.585980660972,0.0176407790607,-1.3932380506,100.0,0.630849599018,-0.104694188773,-0.132689338152,1.65133031816,0.74206320614,0.223194204637,0.721354465503,100.0
5.128651,-0.24812139244,0.0310631109547,0.0521553467881,1.52094195119,0.584830175381,0.0187912646516,-1.3924710602,100.0,0.632000084609,-0.104310693576,-0.133839823743,1.65056332776,0.742446701337,0.223961195031,0.721354465503,100.0
5.138652,-0.248504887637,0.0306796157577,0.0525388419851,1.52132544639,0.584830175381,0.0180242742577,-1.3928545554,100.0,0.631233094215,-0.103927198379,-0.13422331894,1.65094682296,0.74206320614,0.223577699834,0.721354465503,100.0
5.148649,-0.24812139244,0.0314466061517,0.0506213660002,1.52055845599,0.585213670578,0.0164902934698,-1.3924710602,100.0,0.631233094215,-0.104694188773,-0.133456328546,1.65133031816,0.741679710943,0.223577699834,0.721354465503,100.0
5.158653,-0.24697090685,0.0310631109547,0.0510048611972,1.52055845599,0.584446680184,0.0164902934698,-1.39208756501,100.0,0.632767075003,-0.104694188773,-0.133072833349,1.65171381336,0.741679710943,0.223577699834,0.7217379607,100.0
5.168648,-0.247354402047,0.0310631109547,0.0517718515911,1.52017496079,0.585597165775,0.0161067982728,-1.39400504099,100.0,0.632000084609,-0.104694188773,-0.133456328546,1.65056332776,0.742446701337,0.223577699834,0.720970970306,100.0
5.178653,-0.24697090685,0.0306796157577,0.0525388419851,1.52017496079,0.584830175381,0.0172572838637,-1.3924710602,100.0,0.631616589412,-0.104310693576,-0.133072833349,1.65133031816,0.741679710943,0.22281070944,0.720970970306,100.0
5.188656,-0.247737897243,0.0310631109547,0.0521553467881,1.52094195119,0.584063184987,0.0168737886667,-1.3928545554,100.0,0.631233094215,-0.103543703182,-0.13422331894,1.65056332776,0.74206320614,0.22281070944,0.720587475109,100.0
5.198651,-0.247354402047,0.0310631109547,0.0506213660002,1.5194079704,0.584830175381,0.0180242742577,-1.39093707942,100.0,0.631616589412,-0.103543703182,-0.134606814137,1.65056332776,0.741679710943,0.223577699834,0.721354465503,100.0
5.208652,-0.24812139244,0.0310631109547,0.0521553467881,1.5194079704,0.584446680184,0.0176407790607,-1.39170406981,100.0,0.631616589412,-0.103927198379,-0.132689338152,1.65017983257,0.742446701337,0.22281070944,0.720970970306,100.0
5.218653,-0.247737897243,0.0310631109547,0.0521553467881,1.5194079704,0.584446680184,0.0176407790607,-1.39208756501,100.0,0.631616589412,-0.104310693576,-0.133456328546,1.65133031816,0.741679710943,0.223194204637,0.721354465503,100.0
5.228677,-0.248504887637,0.0306796157577,0.0517718515911,1.5197914656,0.584830175381,0.0184077694546,-1.3932380506,100.0,0.632000084609,-0.104310693576,-0.13422331894,1.65056332776,0.741679710943,0.223577699834,0.7217379607,100.0
5.238658,-0.24812139244,0.0306796157577,0.0517718515911,1.5197914656,0.585213670578,0.0187912646516,-1.3928545554,100.0,0.632000084609,-0.104310693576,-0.133456328546,1.65056332776,0.741679710943,0.223961195031,0.720587475109,100.0
5.248651,-0.24812139244,0.0310631109547,0.0521553467881,1.5197914656,0.585597165775,0.0180242742577,-1.39170406981,100.0,0.632383579806,-0.104310693576,-0.133839823743,1.65094682296,0.742446701337,0.223194204637,0.722121455897,100.0
5.258653,-0.248888382834,0.0310631109547,0.0517718515911,1.51864098001,0.585213670578,0.0184077694546,-1.3924710602,100.0,0.631616589412,-0.103927198379,-0.133456328546,1.65056332776,0.742830196534,0.223194204637,0.721354465503,100.0
5.268652,-0.24812139244,0.0306796157577,0.0521553467881,1.51825748481,0.585980660972,0.0191747598486,-1.3924710602,100.0,0.632767075003,-0.104694188773,-0.133456328546,1.65094682296,0.74206320614,0.223577699834,0.7217379607,100.0
5.278653,-0.247354402047,0.0306796157577,0.0521553467881,1.51749049442,0.585213670578,0.0184077694546,-1.39170406981,100.0,0.631233094215,-0.10507768397,-0.133456328546,1.65056332776,0.742446701337,0.223961195031,0.721354465503,100.0
5.288657,-0.247354402047,0.0310631109547,0.0517718515911,1.51634000882,0.585597165775,0.0187912646516,-1.3932380506,100.0,0.632000084609,-0.103927198379,-0.133456328546,1.65094682296,0.74206320614,0.223194204637,0.720970970306,100.0
5.298659,-0.248504887637,0.0302961205607,0.0513883563942,1.51634000882,0.584446680184,0.0187912646516,-1.39170406981,100.0,0.631233094215,-0.104310693576,-0.133072833349,1.65056332776,0.741679710943,0.223577699834,0.720970970306,100.0
5.308654,-0.247737897243,0.0306796157577,0.0521553467881,1.51557301843,0.585213670578,0.0184077694546,-1.39208756501,100.0,0.631233094215,-0.104310693576,-0.13422331894,1.65056332776,0.74206320614,0.223194204637,0.721354465503,100.0
5.318658,-0.24812139244,0.0310631109547,0.0517718515911,1.51480602804,0.58367968979,0.0180242742577,-1.3924710602,100.0,0.632000084609,-0.104310693576,-0.133839823743,1.65133031816,0.741679710943,0.22281070944,0.7217379607,100.0
5.328652,-0.247354402047,0.0302961205607,0.0525388419851,1.51403903764,0.584063184987,0.0191747598486,-1.39170406981,100.0,0.631616589412,-0.104310693576,-0.133456328546,1.65094682296,0.742446701337,0.222427214243,0.720970970306,100.0
5.338655,-0.246203916456,0.0310631109547,0.0517718515911,1.51288855205,0.585597165775,0.0180242742577,-1.39208756501,100.0,0.631233094215,-0.103927198379,-0.133456328546,1.65094682296,0.741679710943,0.223577699834,0.7217379607,100.0
5.348676,-0.24812139244,0.0302961205607,0.0521553467881,1.51288855205,0.585597165775,0.0195582550455,-1.39208756501,100.0,0.632383579806,-0.104694188773,-0.133839823743,1.65094682296,0.74206320614,0.22281070944,0.721354465503,100.0
5.358657,-0.247737897243,0.0302961205607,0.0521553467881,1.51288855205,0.584830175381,0.0172572838637,-1.39208756501,100.0,0.631616589412,-0.104694188773,-0.133456328546,1.64979633737,0.741679710943,0.22281070944,0.7217379607,100.0
5.368659,-0.24697090685,0.0302961205607,0.052922337182,1.51365554245,0.584446680184,0.0172572838637,-1.3928545554,100.0,0.630849599018,-0.10507768397,-0.133456328546,1.65133031816,0.74206320614,0.22281070944,0.721354465503,100.0
5.378650,-0.24812139244,0.0295291301668,0.0521553467881,1.51365554245,0.585597165775,0.0168737886667,-1.39170406981,100.0,0.631233094215,-0.104310693576,-0.133072833349,1.65133031816,0.74206320614,0.223577699834,0.721354465503,100.0
5.388653,-0.247737897243,0.0287621397729,0.0525388419851,1.51480602804,0.584446680184,0.0176407790607,-1.39170406981,100.0,0.631616589412,-0.103927198379,-0.132689338152,1.65056332776,0.74206320614,0.223961195031,0.720970970306,100.0
5.398655,-0.24812139244,0.0283786445759,0.052922337182,1.51557301843,0.585213670578,0.0184077694546,-1.39170406981,100.0,0.632000084609,-0.104310693576,-0.133072833349,1.65056332776,0.74206320614,0.223577699834,0.720587475109,100.0
5.408657,-0.248504887637,0.0279951493789,0.0517718515911,1.51518952323,0.585213670578,0.0176407790607,-1.39208756501,100.0,0.631233094215,-0.10507768397,-0.133839823743,1.65094682296,0.74206320614,0.223577699834,0.720970970306,100.0
5.418653,-0.246203916456,0.0276116541819,0.0521553467881,1.51595651363,0.585213670578,0.0172572838637,-1.3924710602,100.0,0.631616589412,-0.103543703182,-0.133456328546,1.65094682296,0.742446701337,0.22281070944,0.720970970306,100.0
5.428654,-0.247354402047,0.0276116541819,0.053305832379,1.51595651363,0.584830175381,0.0176407790607,-1.3928545554,100.0,0.632000084609,-0.103927198379,-0.133839823743,1.65094682296,0.741679710943,0.223577699834,0.721354465503,100.0
5.438656,-0.247354402047,0.0276116541819,0.0525388419851,1.51595651363,0.585597165775,0.0180242742577,-1.39208756501,100.0,0.632000084609,-0.104310693576,-0.133456328546,1.65094682296,0.74206320614,0.223194204637,0.720587475109,100.0
5.448675,-0.247737897243,0.0276116541819,0.0525388419851,1.51749049442,0.585980660972,0.0180242742577,-1.39170406981,100.0,0.631233094215,-0.104310693576,-0.133456328546,1.65017983257,0.741679710943,0.223961195031,0.721354465503,100.0
5.458656,-0.24812139244,0.0276116541819,0.0517718515911,1.51710699922,0.584446680184,0.0180242742577,-1.39208756501,100.0,0.631616589412,-0.104310693576,-0.133456328546,1.65094682296,0.742830196534,0.223577699834,0.721354465503,100.0
5.468658,-0.24697090685,0.027228158985,0.0525388419851,1.51787398961,0.584830175381,0.0180242742577,-1.39170406981,100.0,0.631233094215,-0.104310693576,-0.133456328546,1.65017983257,0.74206320614,0.223194204637,0.722121455897,100.0
5.478655,-0.247354402047,0.0276116541819,0.0525388419851,1.51825748481,0.585597165775,0.0180242742577,-1.39208756501,100.0,0.631233094215,-0.104310693576,-0.133072833349,1.65094682296,0.742446701337,0.223577699834,0.7217379607,100.0
5.488656,-0.249271878031,0.027228158985,0.0510048611972,1.51749049442,0.584830175381,0.0176407790607,-1.39208756501,100.0,0.632383579806,-0.104310693576,-0.133839823743,1.65094682296,0.742446701337,0.223961195031,0.7217379607,100.0
5.498650,-0.247737897243,0.0279951493789,0.0513883563942,1.5190244752,0.584830175381,0.0176407790607,-1.3924710602,100.0,0.632000084609,-0.103543703182,-0.133839823743,1.65094682296,0.74206320614,0.22281070944,0.720970970306,100.0
5.508652,-0.248504887637,0.027228158985,0.0510048611972,1.51825748481,0.585213670578,0.0172572838637,-1.39170406981,100.0,0.632000084609,-0.104694188773,-0.13422331894,1.65056332776,0.742446701337,0.223194204637,0.721354465503,100.0
5.518649,-0.247737897243,0.0279951493789,0.0513883563942,1.5194079704,0.585980660972,0.0187912646516,-1.39208756501,100.0,0.631233094215,-0.104310693576,-0.133456328546,1.65056332776,0.741679710943,0.22281070944,0.722121455897,100.0
5.528654,-0.248504887637,0.0276116541819,0.0506213660002,1.52017496079,0.585980660972,0.0180242742577,-1.3932380506,100.0,0.631233094215,-0.104694188773,-0.133456328546,1.65094682296,0.741679710943,0.22281070944,0.721354465503,100.0
5.538655,-0.249271878031,0.027228158985,0.0498543756063,1.52132544639,0.585213670578,0.0172572838637,-1.39208756501,100.0,0.631233094215,-0.103927198379,-0.133072833349,1.65171381336,0.74206320614,0.223961195031,0.720970970306,100.0
5.548649,-0.250038868425,0.0279951493789,0.0506213660002,1.52055845599,0.586364156169,0.0172572838637,-1.39170406981,100.0,0.631616589412,-0.104694188773,-0.13422331894,1.65094682296,0.74206320614,0.22281070944,0.720587475109,100.0
5.558654,-0.250422363622,0.0276116541819,0.0494708804093,1.52170894158,0.585597165775,0.0168737886667,-1.3928545554,100.0,0.631616589412,-0.104694188773,-0.133456328546,1.65094682296,0.742446701337,0.223194204637,0.722121455897,100.0
5.568673,-0.249271878031,0.027228158985,0.0494708804093,1.52209243678,0.585980660972,0.0164902934698,-1.39170406981,100.0,0.631616589412,-0.104310693576,-0.133072833349,1.65017983257,0.74206320614,0.22281070944,0.720970970306,100.0
5.578651,-0.250422363622,0.0276116541819,0.0490873852123,1.52362641757,0.585980660972,0.0161067982728,-1.39170406981,100.0,0.632000084609,-0.104310693576,-0.133456328546,1.65056332776,0.741679710943,0.22281070944,0.721354465503,100.0
5.588655,-0.252339839607,0.0276116541819,0.0490873852123,1.52324292237,0.586364156169,0.0161067982728,-1.39170406981,100.0,0.631616589412,-0.104694188773,-0.132689338152,1.65133031816,0.742446701337,0.223194204637,0.720203979912,100.0
5.598651,-0.250805858819,0.026844663788,0.0475534044244,1.52400991276,0.585980660972,0.0157233030758,-1.39362154579,100.0,0.631616589412,-0.104310693576,-0.133072833349,1.65017983257,0.74206320614,0.223194204637,0.7217379607,100.0
5.608654,-0.252339839607,0.0276116541819,0.0483203948184,1.52362641757,0.585213670578,0.0168737886667,-1.3928545554,100.0,0.631233094215,-0.104694188773,-0.133072833349,1.65094682296,0.741679710943,0.222427214243,0.7217379607,100.0
5.618653,-0.253873820395,0.026461168591,0.0479368996214,1.52439340796,0.584830175381,0.0184077694546,-1.3924710602,100.0,0.631616589412,-0.103927198379,-0.133456328546,1.65133031816,0.742446701337,0.22281070944,0.722121455897,100.0
5.628652,-0.253490325198,0.026844663788,0.0475534044244,1.52362641757,0.585597165775,0.0184077694546,-1.3932380506,100.0,0.631616589412,-0.10507768397,-0.133072833349,1.65094682296,0.74206320614,0.222043719046,0.7217379607,100.0
5.638654,-0.253873820395,0.026461168591,0.0479368996214,1.52439340796,0.585597165775,0.0199417502425,-1.3928545554,100.0,0.632000084609,-0.103927198379,-0.133839823743,1.64979633737,0.742446701337,0.223961195031,0.720203979912,100.0
5.648655,-0.254257315592,0.026461168591,0.0475534044244,1.52285942717,0.586364156169,0.0195582550455,-1.3932380506,100.0,0.631616589412,-0.104694188773,-0.133456328546,1.65133031816,0.742830196534,0.22281070944,0.721354465503,100.0
5.658655,-0.255024305986,0.026844663788,0.0475534044244,1.52362641757,0.585213670578,0.0195582550455,-1.39362154579,100.0,0.632000084609,-0.104694188773,-0.132689338152,1.65133031816,0.74206320614,0.223194204637,0.722121455897,100.0
5.668654,-0.255024305986,0.027228158985,0.0471699092275,1.52285942717,0.586747651366,0.0184077694546,-1.39400504099,100.0,0.631616589412,-0.104310693576,-0.133072833349,1.65094682296,0.741679710943,0.222427214243,0.7217379607,100.0
5.678651,-0.255407801183,0.026844663788,0.0471699092275,1.52285942717,0.585597165775,0.0187912646516,-1.39707300257,100.0,0.631233094215,-0.104694188773,-0.132689338152,1.65133031816,0.742830196534,0.223961195031,0.720970970306,100.0
5.688657,-0.25579129638,0.027228158985,0.0464029188335,1.52247593198,0.585597165775,0.0187912646516,-1.40205844013,100.0,0.632383579806,-0.104694188773,-0.132689338152,1.65133031816,0.74206320614,0.223577699834,0.721354465503,100.0
5.698656,-0.255407801183,0.0260776733941,0.0467864140305,1.52247593198,0.584830175381,0.0184077694546,-1.40205844013,100.0,0.631616589412,-0.104310693576,-0.133456328546,1.65133031816,0.74206320614,0.223577699834,0.7217379607,100.0
5.708651,-0.256174791577,0.027228158985,0.0460194236366,1.52170894158,0.584446680184,0.0187912646516,-1.40167494493,100.0,0.632000084609,-0.104310693576,-0.133839823743,1.65133031816,0.742446701337,0.22281070944,0.721354465503,100.0
5.718654,-0.255407801183,0.026844663788,0.0460194236366,1.52132544639,0.585213670578,0.0199417502425,-1.40052445934,100.0,0.630849599018,-0.104310693576,-0.132689338152,1.65056332776,0.74206320614,0.223194204637,0.7217379607,100.0
5.728652,-0.257708772365,0.0279951493789,0.0467864140305,1.52209243678,0.585213670578,0.0195582550455,-1.39937397375,100.0,0.631616589412,-0.104310693576,-0.132689338152,1.65094682296,0.742446701337,0.223961195031,0.720970970306,100.0
5.738652,-0.257325277168,0.026461168591,0.0448689380456,1.52170894158,0.585213670578,0.0187912646516,-1.39937397375,100.0,0.632000084609,-0.104694188773,-0.133072833349,1.65094682296,0.74206320614,0.223577699834,0.722121455897,100.0
5.748682,-0.256558286774,0.027228158985,0.0464029188335,1.52170894158,0.584830175381,0.0180242742577,-1.39783999296,100.0,0.631233094215,-0.104310693576,-0.133456328546,1.65056332776,0.741679710943,0.223194204637,0.722121455897,100.0
5.758654,-0.256941781971,0.0276116541819,0.0460194236366,1.52170894158,0.584830175381,0.0195582550455,-1.39783999296,100.0,0.632000084609,-0.104310693576,-0.133839823743,1.65094682296,0.742446701337,0.22281070944,0.720970970306,100.0
5.768654,-0.256941781971,0.0276116541819,0.0444854428487,1.52209243678,0.585213670578,0.0191747598486,-1.39822348816,100.0,0.631616589412,-0.104310693576,-0.133072833349,1.65171381336,0.742446701337,0.222427214243,0.7217379607,100.0
5.778654,-0.257708772365,0.026844663788,0.0464029188335,1.52209243678,0.585597165775,0.0199417502425,-1.39630601217,100.0,0.632000084609,-0.104694188773,-0.13422331894,1.65056332776,0.74206320614,0.223577699834,0.721354465503,100.0
5.788655,-0.258475762759,0.026844663788,0.0460194236366,1.52247593198,0.584830175381,0.0191747598486,-1.39822348816,100.0,0.631233094215,-0.104694188773,-0.13422331894,1.65133031816,0.74206320614,0.223577699834,0.721354465503,100.0
5.798654,-0.257708772365,0.0276116541819,0.0452524332426,1.52285942717,0.585213670578,0.0199417502425,-1.39630601217,100.0,0.631616589412,-0.104310693576,-0.133072833349,1.65133031816,0.74206320614,0.223194204637,0.720970970306,100.0
5.808675,-0.258092267562,0.0279951493789,0.0456359284396,1.52209243678,0.585597165775,0.0195582550455,-1.39630601217,100.0,0.632383579806,-0.104694188773,-0.133456328546,1.65056332776,0.741679710943,0.223194204637,0.721354465503,100.0
5.818652,-0.258092267562,0.027228158985,0.0464029188335,1.52324292237,0.585597165775,0.0199417502425,-1.39592251698,100.0,0.632383579806,-0.104310693576,-0.13422331894,1.65094682296,0.74206320614,0.22281070944,0.721354465503,100.0
5.828655,-0.257325277168,0.026844663788,0.0452524332426,1.52285942717,0.585980660972,0.0195582550455,-1.39515552658,100.0,0.631233094215,-0.104310693576,-0.133072833349,1.65094682296,0.741679710943,0.222043719046,0.720970970306,100.0
5.838658,-0.258092267562,0.027228158985,0.0460194236366,1.52285942717,0.585213670578,0.0191747598486,-1.39477203138,100.0,0.631616589412,-0.103927198379,-0.133839823743,1.65056332776,0.742446701337,0.22281070944,0.7217379607,100.0
5.848659,-0.258475762759,0.0283786445759,0.0460194236366,1.52362641757,0.585597165775,0.0195582550455,-1.39400504099,100.0,0.631616589412,-0.104694188773,-0.13422331894,1.65133031816,0.74206320614,0.224344690228,0.7217379607,100.0
5.858653,-0.258092267562,0.0276116541819,0.0460194236366,1.52400991276,0.585213670578,0.0199417502425,-1.3932380506,100.0,0.631616589412,-0.104310693576,-0.133072833349,1.65094682296,0.74206320614,0.223194204637,0.722121455897,100.0
5.868655,-0.257708772365,0.0279951493789,0.0452524332426,1.52247593198,0.585213670578,0.0195582550455,-1.3928545554,100.0,0.631233094215,-0.103543703182,-0.132689338152,1.65017983257,0.74206320614,0.22281070944,0.7217379607,100.0
5.878650,-0.258092267562,0.0295291301668,0.0452524332426,1.52400991276,0.585597165775,0.0195582550455,-1.39170406981,100.0,0.631233094215,-0.103927198379,-0.133072833349,1.65056332776,0.74206320614,0.222427214243,0.720970970306,100.0
5.888654,-0.258092267562,0.0295291301668,0.0456359284396,1.52285942717,0.585597165775,0.0191747598486,-1.3924710602,100.0,0.632383579806,-0.103927198379,-0.133456328546,1.65094682296,0.742446701337,0.22281070944,0.721354465503,100.0
5.898654,-0.258475762759,0.0295291301668,0.0460194236366,1.52400991276,0.585980660972,0.0191747598486,-1.39093707942,100.0,0.631616589412,-0.103927198379,-0.133839823743,1.65094682296,0.742446701337,0.222427214243,0.720970970306,100.0
5.908654,-0.257708772365,0.0299126253638,0.0444854428487,1.52362641757,0.585980660972,0.0195582550455,-1.39170406981,100.0,0.631233094215,-0.103543703182,-0.133456328546,1.65094682296,0.742446701337,0.223194204637,0.720970970306,100.0
5.918655,-0.258475762759,0.0299126253638,0.0456359284396,1.52324292237,0.586364156169,0.0195582550455,-1.39170406981,100.0,0.632000084609,-0.104310693576,-0.133072833349,1.65056332776,0.742446701337,0.223577699834,0.720203979912,100.0
5.928651,-0.257708772365,0.0302961205607,0.0456359284396,1.52324292237,0.585980660972,0.0187912646516,-1.39017008902,100.0,0.631233094215,-0.104310693576,-0.133072833349,1.65171381336,0.742446701337,0.222427214243,0.722121455897,100.0
5.938653,-0.256941781971,0.0302961205607,0.0464029188335,1.52362641757,0.585597165775,0.0195582550455,-1.3928545554,100.0,0.631616589412,-0.104694188773,-0.13422331894,1.65133031816,0.741679710943,0.223194204637,0.721354465503,100.0
5.948650,-0.258092267562,0.0314466061517,0.0464029188335,1.52362641757,0.586747651366,0.0195582550455,-1.39017008902,100.0,0.632000084609,-0.103543703182,-0.132689338152,1.65056332776,0.742830196534,0.223577699834,0.7217379607,100.0
5.958674,-0.258475762759,0.0314466061517,0.0452524332426,1.52362641757,0.587131146563,0.0187912646516,-1.39055358422,100.0,0.631616589412,-0.103927198379,-0.133839823743,1.65133031816,0.74206320614,0.22281070944,0.721354465503,100.0
5.968652,-0.256941781971,0.0310631109547,0.0460194236366,1.52400991276,0.586364156169,0.0191747598486,-1.39208756501,100.0,0.630849599018,-0.103927198379,-0.133839823743,1.64979633737,0.741679710943,0.223961195031,0.721354465503,100.0
5.978650,-0.258475762759,0.0314466061517,0.0452524332426,1.52324292237,0.58751464176,0.0191747598486,-1.39208756501,100.0,0.631616589412,-0.104694188773,-0.13422331894,1.65094682296,0.74206320614,0.223194204637,0.720970970306,100.0
5.988654,-0.257708772365,0.0318301013486,0.0467864140305,1.52362641757,0.585597165775,0.0199417502425,-1.3924710602,100.0,0.631233094215,-0.104310693576,-0.133839823743,1.65056332776,0.742446701337,0.22281070944,0.720970970306,100.0
5.998657,-0.257325277168,0.0314466061517,0.0460194236366,1.52362641757,0.586364156169,0.0195582550455,-1.3924710602,100.0,0.631616589412,-0.104694188773,-0.13422331894,1.65094682296,0.741679710943,0.22281070944,0.720970970306,100.0
6.008654,-0.257325277168,0.0318301013486,0.0452524332426,1.52400991276,0.586364156169,0.0191747598486,-1.39170406981,100.0,0.631233094215,-0.104694188773,-0.133456328546,1.65094682296,0.742830196534,0.223577699834,0.722121455897,100.0
6.018655,-0.257708772365,0.0318301013486,0.0441019476517,1.52324292237,0.586364156169,0.0195582550455,-1.3928545554,100.0,0.631233094215,-0.104310693576,-0.133839823743,1.65094682296,0.742446701337,0.223961195031,0.721354465503,100.0
6.028652,-0.258859257956,0.0322135965456,0.0456359284396,1.52324292237,0.586747651366,0.0203252454395,-1.3924710602,100.0,0.632000084609,-0.104310693576,-0.133456328546,1.65056332776,0.74206320614,0.223961195031,0.7217379607,100.0
6.038652,-0.256941781971,0.0322135965456,0.0456359284396,1.52324292237,0.585597165775,0.0195582550455,-1.39093707942,100.0,0.631233094215,-0.103927198379,-0.133456328546,1.65094682296,0.74206320614,0.223577699834,0.7217379607,100.0
6.048652,-0.257708772365,0.0325970917426,0.0452524332426,1.52285942717,0.586747651366,0.0199417502425,-1.39093707942,100.0,0.632000084609,-0.104310693576,-0.133839823743,1.65171381336,0.74206320614,0.223577699834,0.721354465503,100.0
6.058650,-0.258092267562,0.0333640821365,0.0460194236366,1.52362641757,0.586747651366,0.0195582550455,-1.39208756501,100.0,0.630849599018,-0.104310693576,-0.133072833349,1.65171381336,0.74206320614,0.223961195031,0.720970970306,100.0
6.068653,-0.258092267562,0.0318301013486,0.0464029188335,1.52247593198,0.585980660972,0.0191747598486,-1.39132057461,100.0,0.631233094215,-0.104694188773,-0.132689338152,1.65133031816,0.74206320614,0.223577699834,0.720587475109,100.0
6.078650,-0.258475762759,0.0329805869395,0.0464029188335,1.52285942717,0.586364156169,0.0195582550455,-1.39132057461,100.0,0.632000084609,-0.103927198379,-0.133456328546,1.65094682296,0.74206320614,0.223194204637,0.720970970306,100.0
6.088652,-0.258092267562,0.0329805869395,0.0464029188335,1.52285942717,0.586747651366,0.0199417502425,-1.39170406981,100.0,0.631233094215,-0.104310693576,-0.133456328546,1.65094682296,0.742446701337,0.223961195031,0.720587475109,100.0
6.098649,-0.258092267562,0.0322135965456,0.0464029188335,1.52362641757,0.587131146563,0.0199417502425,-1.3924710602,100.0,0.632000084609,-0.104310693576,-0.133456328546,1.65056332776,0.741679710943,0.223194204637,0.720970970306,100.0
6.108651,-0.258092267562,0.0329805869395,0.0452524332426,1.52209243678,0.587131146563,0.0203252454395,-1.39093707942,100.0,0.631616589412,-0.104694188773,-0.133072833349,1.65094682296,0.74206320614,0.222427214243,0.7217379607,100.0
6.118653,-0.258092267562,0.0325970917426,0.0448689380456,1.52285942717,0.587898136957,0.0191747598486,-1.39093707942,100.0,0.631233094215,-0.104694188773,-0.133456328546,1.65056332776,0.742446701337,0.223577699834,0.720970970306,100.0
6.128650,-0.257708772365,0.0325970917426,0.0467864140305,1.52285942717,0.587131146563,0.0195582550455,-1.39017008902,100.0,0.632000084609,-0.104310693576,-0.133456328546,1.65094682296,0.741679710943,0.224344690228,0.7217379607,100.0
6.138653,-0.258475762759,0.0325970917426,0.0464029188335,1.52285942717,0.587131146563,0.0187912646516,-1.39017008902,100.0,0.631233094215,-0.104694188773,-0.133839823743,1.65094682296,0.741679710943,0.223577699834,0.721354465503,100.0
6.148652,-0.257325277168,0.0325970917426,0.0444854428487,1.52324292237,0.58751464176,0.0187912646516,-1.38978659382,100.0,0.631616589412,-0.104310693576,-0.133839823743,1.65017983257,0.74206320614,0.22281070944,0.720587475109,100.0
6.158653,-0.257708772365,0.0318301013486,0.0452524332426,1.52285942717,0.586747651366,0.0184077694546,-1.39132057461,100.0,0.630849599018,-0.104694188773,-0.13422331894,1.65056332776,0.74206320614,0.22281070944,0.7217379607,100.0
6.168652,-0.258475762759,0.0314466061517,0.0456359284396,1.52285942717,0.587131146563,0.0180242742577,-1.39093707942,100.0,0.631616589412,-0.103927198379,-0.133072833349,1.65094682296,0.742446701337,0.223194204637,0.720587475109,100.0
6.178649,-0.258092267562,0.0322135965456,0.0460194236366,1.52285942717,0.586747651366,0.0184077694546,-1.39055358422,100.0,0.632000084609,-0.104310693576,-0.134606814137,1.65017983257,0.742446701337,0.223577699834,0.7217379607,100.0
6.188676,-0.257708772365,0.0318301013486,0.0456359284396,1.52285942717,0.587131146563,0.0184077694546,-1.39093707942,100.0,0.631233094215,-0.104310693576,-0.132689338152,1.65056332776,0.74206320614,0.223194204637,0.721354465503,100.0
6.198659,-0.258092267562,0.0322135965456,0.0464029188335,1.52285942717,0.587131146563,0.0191747598486,-1.39017008902,100.0,0.632383579806,-0.103543703182,-0.133072833349,1.65056332776,0.742446701337,0.223577699834,0.721354465503,100.0
6.208656,-0.257708772365,0.0322135965456,0.0456359284396,1.52209243678,0.586364156169,0.0187912646516,-1.39208756501,100.0,0.631616589412,-0.103927198379,-0.133456328546,1.65056332776,0.74206320614,0.22281070944,0.720970970306,100.0
6.218665,-0.258475762759,0.0314466061517,0.0460194236366,1.52132544639,0.586747651366,0.0191747598486,-1.39093707942,100.0,0.631233094215,-0.104310693576,-0.133839823743,1.65056332776,0.741679710943,0.22281070944,0.720970970306,100.0
6.228655,-0.257708772365,0.0318301013486,0.0456359284396,1.52132544639,0.587131146563,0.0195582550455,-1.39055358422,100.0,0.631233094215,-0.104310693576,-0.132689338152,1.65133031816,0.742830196534,0.223194204637,0.721354465503,100.0
6.238651,-0.258475762759,0.0318301013486,0.0460194236366,1.52132544639,0.586747651366,0.0195582550455,-1.39093707942,100.0,0.631233094215,-0.104310693576,-0.132305842955,1.65056332776,0.741679710943,0.223194204637,0.721354465503,100.0
6.248654,-0.256941781971,0.0318301013486,0.0464029188335,1.52209243678,0.586747651366,0.0195582550455,-1.39132057461,100.0,0.631233094215,-0.104310693576,-0.133072833349,1.65094682296,0.74206320614,0.223577699834,0.721354465503,100.0
6.258651,-0.258475762759,0.0310631109547,0.0467864140305,1.52247593198,0.586747651366,0.0191747598486,-1.39017008902,100.0,0.631233094215,-0.104694188773,-0.133072833349,1.65133031816,0.74206320614,0.223577699834,0.720970970306,100.0
6.268652,-0.257708772365,0.0318301013486,0.0460194236366,1.52094195119,0.586364156169,0.0191747598486,-1.3928545554,100.0,0.630849599018,-0.103927198379,-0.133839823743,1.65133031816,0.74206320614,0.223577699834,0.721354465503,100.0
6.278653,-0.258092267562,0.0314466061517,0.0467864140305,1.52094195119,0.587131146563,0.0191747598486,-1.39170406981,100.0,0.631616589412,-0.103927198379,-0.133456328546,1.65171381336,0.74206320614,0.223194204637,0.720970970306,100.0
6.288650,-0.257708772365,0.0310631109547,0.0464029188335,1.52055845599,0.585980660972,0.0191747598486,-1.39208756501,100.0,0.631233094215,-0.103927198379,-0.133072833349,1.65094682296,0.741679710943,0.223194204637,0.722121455897,100.0
6.298654,-0.256941781971,0.0314466061517,0.0464029188335,1.52055845599,0.585213670578,0.0199417502425,-1.39093707942,100.0,0.631233094215,-0.104310693576,-0.133456328546,1.65056332776,0.742446701337,0.223194204637,0.722121455897,100.0
6.308676,-0.256941781971,0.0306796157577,0.0467864140305,1.52209243678,0.586747651366,0.0195582550455,-1.38978659382,100.0,0.632767075003,-0.10507768397,-0.133839823743,1.65133031816,0.742446701337,0.223194204637,0.721354465503,100.0
6.318653,-0.256941781971,0.0299126253638,0.0483203948184,1.52055845599,0.586364156169,0.0199417502425,-1.39170406981,100.0,0.632383579806,-0.103927198379,-0.133839823743,1.65133031816,0.74206320614,0.22281070944,0.720970970306,100.0
6.328652,-0.256941781971,0.0306796157577,0.0471699092275,1.52209243678,0.586364156169,0.0195582550455,-1.39093707942,100.0,0.632383579806,-0.103927198379,-0.132305842955,1.65209730855,0.74206320614,0.223577699834,0.7217379607,100.0
6.338652,-0.258092267562,0.0302961205607,0.0483203948184,1.52170894158,0.587131146563,0.0199417502425,-1.38901960343,100.0,0.632383579806,-0.103927198379,-0.133072833349,1.65094682296,0.74206320614,0.222427214243,0.7217379607,100.0
6.348653,-0.256941781971,0.0306796157577,0.0467864140305,1.52170894158,0.58751464176,0.0195582550455,-1.38940309863,100.0,0.631616589412,-0.103927198379,-0.133456328546,1.65094682296,0.742446701337,0.22281070944,0.7217379607,100.0
6.358650,-0.256558286774,0.0302961205607,0.0471699092275,1.52132544639,0.588281632154,0.0199417502425,-1.39017008902,100.0,0.632000084609,-0.104694188773,-0.133072833349,1.65094682296,0.742446701337,0.22281070944,0.720587475109,100.0
6.368653,-0.256941781971,0.0306796157577,0.0483203948184,1.52209243678,0.589048622548,0.0199417502425,-1.38901960343,100.0,0.630466103821,-0.104310693576,-0.133839823743,1.65094682296,0.74206320614,0.22281070944,0.720970970306,100.0
6.378651,-0.25579129638,0.0302961205607,0.0483203948184,1.52170894158,0.588281632154,0.0195582550455,-1.38940309863,100.0,0.631616589412,-0.104310693576,-0.13422331894,1.65094682296,0.741296215746,0.223577699834,0.721354465503,100.0
6.388651,-0.256941781971,0.0302961205607,0.0487038900154,1.52285942717,0.588665127351,0.0203252454395,-1.39017008902,100.0,0.631233094215,-0.104310693576,-0.133839823743,1.65094682296,0.74206320614,0.223577699834,0.721354465503,100.0
6.398654,-0.25579129638,0.0314466061517,0.0487038900154,1.52209243678,0.588281632154,0.0207087406365,-1.39055358422,100.0,0.631616589412,-0.104694188773,-0.133072833349,1.65094682296,0.742446701337,0.223577699834,0.720203979912,100.0
6.408653,-0.256558286774,0.0302961205607,0.0490873852123,1.52285942717,0.588665127351,0.0207087406365,-1.39132057461,100.0,0.632000084609,-0.103927198379,-0.13422331894,1.65094682296,0.741679710943,0.223577699834,0.721354465503,100.0
6.418654,-0.256558286774,0.0302961205607,0.0490873852123,1.52324292237,0.589048622548,0.0214757310304,-1.3924710602,100.0,0.631616589412,-0.104310693576,-0.133839823743,1.65017983257,0.74206320614,0.223961195031,0.721354465503,100.0
6.428656,-0.256558286774,0.0310631109547,0.0490873852123,1.52362641757,0.587898136957,0.0210922358334,-1.39170406981,100.0,0.632000084609,-0.104310693576,-0.133456328546,1.65094682296,0.74206320614,0.223577699834,0.720587475109,100.0
6.438654,-0.256174791577,0.0306796157577,0.0487038900154,1.52400991276,0.588281632154,0.0207087406365,-1.39208756501,100.0,0.631616589412,-0.104310693576,-0.133839823743,1.65056332776,0.74206320614,0.22281070944,0.721354465503,100.0
6.448655,-0.25579129638,0.0306796157577,0.0490873852123,1.52362641757,0.587898136957,0.0203252454395,-1.39208756501,100.0,0.631233094215,-0.104694188773,-0.133839823743,1.65133031816,0.742446701337,0.22281070944,0.722121455897,100.0
6.458651,-0.256558286774,0.0302961205607,0.0490873852123,1.52362641757,0.589048622548,0.0199417502425,-1.3932380506,100.0,0.631616589412,-0.103927198379,-0.132689338152,1.65094682296,0.741679710943,0.223194204637,0.720587475109,100.0
6.468651,-0.256174791577,0.0302961205607,0.0498543756063,1.52362641757,0.587898136957,0.0195582550455,-1.39400504099,100.0,0.631233094215,-0.104694188773,-0.133839823743,1.65094682296,0.74206320614,0.223577699834,0.7217379607,100.0
6.478654,-0.255024305986,0.0306796157577,0.0490873852123,1.52247593198,0.586747651366,0.0191747598486,-1.3924710602,100.0,0.631233094215,-0.104310693576,-0.133456328546,1.65094682296,0.74206320614,0.223577699834,0.7217379607,100.0
6.488654,-0.255024305986,0.0299126253638,0.0494708804093,1.52324292237,0.586364156169,0.0195582550455,-1.3932380506,100.0,0.632000084609,-0.104310693576,-0.133456328546,1.65094682296,0.742446701337,0.223961195031,0.720970970306,100.0
6.498654,-0.255024305986,0.0299126253638,0.0498543756063,1.52400991276,0.58751464176,0.0199417502425,-1.39208756501,100.0,0.630849599018,-0.103543703182,-0.133072833349,1.65133031816,0.741679710943,0.223577699834,0.7217379607,100.0
6.508649,-0.254257315592,0.0299126253638,0.0502378708032,1.52324292237,0.586364156169,0.0191747598486,-1.39362154579,100.0,0.632000084609,-0.104694188773,-0.133072833349,1.65094682296,0.741679710943,0.22281070944,0.7217379607,100.0
6.518651,-0.25579129638,0.0306796157577,0.0490873852123,1.52362641757,0.586364156169,0.0199417502425,-1.3932380506,100.0,0.631233094215,-0.103927198379,-0.133072833349,1.65133031816,0.741679710943,0.223194204637,0.721354465503,100.0
6.528653,-0.255024305986,0.0306796157577,0.0490873852123,1.52247593198,0.586364156169,0.0195582550455,-1.3924710602,100.0,0.6331505702,-0.103543703182,-0.132305842955,1.65133031816,0.74206320614,0.223194204637,0.7217379607,100.0
6.538653,-0.25579129638,0.0291456349698,0.0498543756063,1.52477690316,0.585597165775,0.0199417502425,-1.3924710602,100.0,0.632000084609,-0.103927198379,-0.133839823743,1.65056332776,0.741679710943,0.222427214243,0.720970970306,100.0
6.548652,-0.25579129638,0.0299126253638,0.0494708804093,1.52324292237,0.587131146563,0.0199417502425,-1.3928545554,100.0,0.631233094215,-0.10507768397,-0.133456328546,1.65094682296,0.741679710943,0.22281070944,0.721354465503,100.0
6.558652,-0.25579129638,0.0302961205607,0.0490873852123,1.52324292237,0.586747651366,0.0195582550455,-1.3928545554,100.0,0.630849599018,-0.104310693576,-0.133456328546,1.65094682296,0.742446701337,0.22281070944,0.7217379607,100.0
6.568650,-0.255024305986,0.0291456349698,0.0483203948184,1.52209243678,0.585597165775,0.0207087406365,-1.3924710602,100.0,0.631233094215,-0.104310693576,-0.133839823743,1.65094682296,0.741296215746,0.223194204637,0.7217379607,100.0
6.578654,-0.255407801183,0.0295291301668,0.0498543756063,1.52285942717,0.586747651366,0.0203252454395,-1.3928545554,100.0,0.630466103821,-0.104310693576,-0.134606814137,1.65171381336,0.741679710943,0.223577699834,0.721354465503,100.0
6.588656,-0.255407801183,0.0299126253638,0.0490873852123,1.52477690316,0.586747651366,0.0203252454395,-1.3928545554,100.0,0.631616589412,-0.104310693576,-0.133839823743,1.65094682296,0.742446701337,0.223577699834,0.7217379607,100.0
6.598654,-0.255024305986,0.0295291301668,0.0490873852123,1.52400991276,0.586747651366,0.0203252454395,-1.3928545554,100.0,0.632767075003,-0.104310693576,-0.133072833349,1.65094682296,0.741679710943,0.223961195031,0.721354465503,100.0
6.608652,-0.256941781971,0.0299126253638,0.0490873852123,1.52439340796,0.586364156169,0.0199417502425,-1.39208756501,100.0,0.632383579806,-0.104694188773,-0.133839823743,1.65094682296,0.74206320614,0.223961195031,0.722121455897,100.0
6.618683,-0.255407801183,0.0310631109547,0.0487038900154,1.52400991276,0.585597165775,0.0199417502425,-1.39208756501,100.0,0.632000084609,-0.104310693576,-0.133839823743,1.65171381336,0.74206320614,0.223194204637,0.721354465503,100.0
6.628655,-0.256174791577,0.0306796157577,0.0490873852123,1.52362641757,0.586747651366,0.0207087406365,-1.3932380506,100.0,0.631233094215,-0.103927198379,-0.133839823743,1.65133031816,0.742446701337,0.22281070944,0.720970970306,100.0
6.638650,-0.25579129638,0.0291456349698,0.0494708804093,1.52439340796,0.586747651366,0.0207087406365,-1.3932380506,100.0,0.631233094215,-0.104310693576,-0.133839823743,1.65094682296,0.741679710943,0.223577699834,0.721354465503,100.0
6.648653,-0.25579129638,0.0302961205607,0.0483203948184,1.52324292237,0.586364156169,0.0199417502425,-1.39208756501,100.0,0.632000084609,-0.103927198379,-0.13422331894,1.65056332776,0.74206320614,0.223194204637,0.720587475109,100.0
6.658651,-0.255024305986,0.0302961205607,0.0479368996214,1.52400991276,0.586364156169,0.0195582550455,-1.39208756501,100.0,0.632000084609,-0.104694188773,-0.133456328546,1.65133031816,0.741679710943,0.223577699834,0.721354465503,100.0
6.668651,-0.25579129638,0.0302961205607,0.0494708804093,1.52439340796,0.587131146563,0.0203252454395,-1.39170406981,100.0,0.632000084609,-0.104694188773,-0.133839823743,1.65133031816,0.742830196534,0.223577699834,0.720970970306,100.0
6.678654,-0.255407801183,0.0310631109547,0.0490873852123,1.52439340796,0.586364156169,0.0203252454395,-1.39208756501,100.0,0.632000084609,-0.103543703182,-0.132689338152,1.65133031816,0.74206320614,0.223577699834,0.721354465503,100.0
6.688650,-0.255407801183,0.0306796157577,0.0487038900154,1.52439340796,0.58751464176,0.0207087406365,-1.39132057461,100.0,0.632000084609,-0.103927198379,-0.133839823743,1.65133031816,0.741296215746,0.223194204637,0.721354465503,100.0
6.698652,-0.255024305986,0.0306796157577,0.0490873852123,1.52477690316,0.587898136957,0.0207087406365,-1.39208756501,100.0,0.631616589412,-0.103927198379,-0.133072833349,1.65094682296,0.74206320614,0.223194204637,0.7217379607,100.0
6.708650,-0.25579129638,0.0306796157577,0.0490873852123,1.52362641757,0.589048622548,0.0203252454395,-1.3932380506,100.0,0.631616589412,-0.104694188773,-0.133456328546,1.65094682296,0.741679710943,0.22281070944,0.721354465503,100.0
6.718652,-0.256558286774,0.0310631109547,0.0490873852123,1.52554389355,0.589048622548,0.0210922358334,-1.39208756501,100.0,0.631616589412,-0.103543703182,-0.133072833349,1.65133031816,0.742446701337,0.22281070944,0.720970970306,100.0
6.728652,-0.255407801183,0.0306796157577,0.0483203948184,1.52439340796,0.589432117745,0.0203252454395,-1.39132057461,100.0,0.632000084609,-0.103927198379,-0.133456328546,1.65171381336,0.741679710943,0.223577699834,0.722504951094,100.0
6.738653,-0.255407801183,0.0310631109547,0.0487038900154,1.52477690316,0.589048622548,0.0203252454395,-1.39208756501,100.0,0.632767075003,-0.105461179167,-0.132689338152,1.65094682296,0.741679710943,0.22281070944,0.721354465503,100.0
6.748654,-0.257325277168,0.0306796157577,0.0494708804093,1.52400991276,0.590199108139,0.0207087406365,-1.3928545554,100.0,0.631616589412,-0.104310693576,-0.133072833349,1.65056332776,0.742446701337,0.223961195031,0.720970970306,100.0
6.758653,-0.255407801183,0.0310631109547,0.0494708804093,1.52400991276,0.590966098533,0.0207087406365,-1.3924710602,100.0,0.631616589412,-0.104694188773,-0.132689338152,1.65171381336,0.74206320614,0.223577699834,0.722504951094,100.0
6.768649,-0.25579129638,0.0310631109547,0.0483203948184,1.52439340796,0.590582603336,0.0199417502425,-1.39208756501,100.0,0.631616589412,-0.104310693576,-0.13422331894,1.65133031816,0.74206320614,0.223194204637,0.721354465503,100.0
6.778654,-0.256174791577,0.0314466061517,0.0490873852123,1.52400991276,0.592883574518,0.0199417502425,-1.39093707942,100.0,0.632383579806,-0.103927198379,-0.133456328546,1.65094682296,0.741679710943,0.223194204637,0.7217379607,100.0
6.788652,-0.256174791577,0.0310631109547,0.0494708804093,1.52439340796,0.593650564912,0.0207087406365,-1.39093707942,100.0,0.632000084609,-0.104310693576,-0.133839823743,1.65094682296,0.74206320614,0.223194204637,0.721354465503,100.0
6.798653,-0.255024305986,0.0306796157577,0.0494708804093,1.52400991276,0.592116584124,0.0203252454395,-1.39093707942,100.0,0.631233094215,-0.104310693576,-0.133456328546,1.65133031816,0.74206320614,0.22281070944,0.722121455897,100.0
6.808654,-0.256174791577,0.0306796157577,0.0494708804093,1.52439340796,0.590199108139,0.0203252454395,-1.3928545554,100.0,0.630466103821,-0.10507768397,-0.133456328546,1.64979633737,0.74206320614,0.22281070944,0.7217379607,100.0
6.818656,-0.256174791577,0.0306796157577,0.0502378708032,1.52400991276,0.588281632154,0.0199417502425,-1.39132057461,100.0,0.630849599018,-0.103543703182,-0.133839823743,1.65056332776,0.74206320614,0.223194204637,0.7217379607,100.0
6.828655,-0.25579129638,0.0306796157577,0.0498543756063,1.52400991276,0.588665127351,0.0203252454395,-1.39208756501,100.0,0.632383579806,-0.103927198379,-0.13422331894,1.65171381336,0.74206320614,0.223194204637,0.721354465503,100.0
6.838655,-0.255024305986,0.0299126253638,0.0498543756063,1.52439340796,0.58751464176,0.0203252454395,-1.39132057461,100.0,0.632000084609,-0.103927198379,-0.133456328546,1.65133031816,0.74206320614,0.223194204637,0.720970970306,100.0
6.848653,-0.254257315592,0.0302961205607,0.0498543756063,1.52362641757,0.587131146563,0.0184077694546,-1.39170406981,100.0,0.631233094215,-0.104310693576,-0.133456328546,1.65133031816,0.742446701337,0.223194204637,0.721354465503,100.0
6.858652,-0.25579129638,0.0302961205607,0.0490873852123,1.52362641757,0.586747651366,0.0191747598486,-1.39208756501,100.0,0.631616589412,-0.104694188773,-0.132689338152,1.65133031816,0.74206320614,0.223577699834,0.720970970306,100.0
6.868652,-0.255024305986,0.0299126253638,0.0487038900154,1.52362641757,0.585597165775,0.0195582550455,-1.3928545554,100.0,0.632000084609,-0.10507768397,-0.133072833349,1.65056332776,0.742446701337,0.223577699834,0.721354465503,100.0
6.878655,-0.254257315592,0.0302961205607,0.0494708804093,1.52285942717,0.585213670578,0.0191747598486,-1.39132057461,100.0,0.632383579806,-0.104310693576,-0.133456328546,1.65094682296,0.74206320614,0.223577699834,0.722121455897,100.0
6.888657,-0.255024305986,0.0295291301668,0.0490873852123,1.52285942717,0.585980660972,0.0191747598486,-1.39132057461,100.0,0.631616589412,-0.103543703182,-0.133456328546,1.65133031816,0.741679710943,0.22281070944,0.721354465503,100.0
6.898655,-0.256174791577,0.0299126253638,0.0494708804093,1.52170894158,0.585597165775,0.0199417502425,-1.39170406981,100.0,0.632000084609,-0.103927198379,-0.13422331894,1.65171381336,0.742446701337,0.223577699834,0.721354465503,100.0
6.908654,-0.25579129638,0.0299126253638,0.0487038900154,1.52209243678,0.586364156169,0.0195582550455,-1.39208756501,100.0,0.631616589412,-0.104310693576,-0.13422331894,1.65094682296,0.741679710943,0.223577699834,0.721354465503,100.0
6.918654,-0.256174791577,0.0287621397729,0.0494708804093,1.52209243678,0.585597165775,0.0191747598486,-1.39170406981,100.0,0.631233094215,-0.103543703182,-0.133456328546,1.65094682296,0.742446701337,0.223577699834,0.721354465503,100.0
6.928664,-0.255407801183,0.0299126253638,0.0494708804093,1.52362641757,0.586364156169,0.0187912646516,-1.39208756501,100.0,0.632383579806,-0.104694188773,-0.133072833349,1.65133031816,0.741679710943,0.223194204637,0.722121455897,100.0
6.938651,-0.255024305986,0.0291456349698,0.0498543756063,1.52209243678,0.586364156169,0.0187912646516,-1.3928545554,100.0,0.631616589412,-0.104694188773,-0.133456328546,1.65094682296,0.74206320614,0.22281070944,0.7217379607,100.0
6.948654,-0.256174791577,0.0287621397729,0.0494708804093,1.52285942717,0.585980660972,0.0191747598486,-1.39093707942,100.0,0.631233094215,-0.104694188773,-0.133839823743,1.65133031816,0.74206320614,0.22281070944,0.7217379607,100.0
6.958655,-0.255407801183,0.0287621397729,0.0487038900154,1.52247593198,0.586364156169,0.0191747598486,-1.39170406981,100.0,0.632383579806,-0.103927198379,-0.134606814137,1.65133031816,0.74206320614,0.22281070944,0.720970970306,100.0
6.968651,-0.256558286774,0.0291456349698,0.0502378708032,1.52285942717,0.586747651366,0.0184077694546,-1.3924710602,100.0,0.632383579806,-0.104310693576,-0.133072833349,1.65133031816,0.741679710943,0.22281070944,0.721354465503,100.0
6.978655,-0.256174791577,0.0295291301668,0.0494708804093,1.52324292237,0.586364156169,0.0187912646516,-1.3928545554,100.0,0.631233094215,-0.104310693576,-0.133456328546,1.65171381336,0.741679710943,0.223577699834,0.721354465503,100.0
6.988650,-0.256558286774,0.0291456349698,0.0487038900154,1.52209243678,0.585980660972,0.0180242742577,-1.39170406981,100.0,0.631616589412,-0.103927198379,-0.133456328546,1.65094682296,0.742446701337,0.223577699834,0.720970970306,100.0
6.998718,-0.256174791577,0.0299126253638,0.0494708804093,1.52285942717,0.587131146563,0.0184077694546,-1.39170406981,100.0,0.631616589412,-0.104694188773,-0.13422331894,1.65094682296,0.741296215746,0.223961195031,0.720970970306,100.0
7.008657,-0.256941781971,0.0287621397729,0.0490873852123,1.52247593198,0.587131146563,0.0187912646516,-1.39170406981,100.0,0.632000084609,-0.104694188773,-0.134606814137,1.65133031816,0.741679710943,0.223577699834,0.721354465503,100.0
7.018656,-0.258092267562,0.0287621397729,0.0490873852123,1.52247593198,0.586364156169,0.0199417502425,-1.3924710602,100.0,0.631616589412,-0.104694188773,-0.133839823743,1.65133031816,0.74206320614,0.22281070944,0.721354465503,100.0
7.028655,-0.256174791577,0.0295291301668,0.0494708804093,1.52285942717,0.586364156169,0.0191747598486,-1.39093707942,100.0,0.630849599018,-0.104310693576,-0.133072833349,1.65171381336,0.74206320614,0.22281070944,0.722504951094,100.0
7.038652,-0.256174791577,0.0287621397729,0.0487038900154,1.52285942717,0.586364156169,0.0187912646516,-1.39017008902,100.0,0.631616589412,-0.104310693576,-0.13422331894,1.65133031816,0.741296215746,0.22281070944,0.7217379607,100.0
7.048654,-0.256174791577,0.0283786445759,0.0494708804093,1.52324292237,0.586747651366,0.0180242742577,-1.3924710602,100.0,0.631616589412,-0.104310693576,-0.133456328546,1.65056332776,0.741679710943,0.223577699834,0.7217379607,100.0
7.058774,-0.256941781971,0.0287621397729,0.0487038900154,1.52285942717,0.585213670578,0.0184077694546,-1.39055358422,100.0,0.632000084609,-0.103927198379,-0.133839823743,1.65056332776,0.742446701337,0.223194204637,0.720970970306,100.0
7.068762,-0.256941781971,0.0287621397729,0.0490873852123,1.52362641757,0.586364156169,0.0187912646516,-1.39132057461,100.0,0.631233094215,-0.103927198379,-0.133072833349,1.65094682296,0.74206320614,0.223577699834,0.720970970306,100.0
7.078771,-0.256941781971,0.0283786445759,0.0487038900154,1.52400991276,0.586747651366,0.0187912646516,-1.39132057461,100.0,0.631616589412,-0.103927198379,-0.13422331894,1.65094682296,0.74206320614,0.222427214243,0.722121455897,100.0
7.089279,-0.256174791577,0.0279951493789,0.0490873852123,1.52247593198,0.586747651366,0.0184077694546,-1.39093707942,100.0,0.631616589412,-0.103543703182,-0.133839823743,1.65133031816,0.741679710943,0.223194204637,0.720970970306,100.0
7.098743,-0.256174791577,0.0279951493789,0.0490873852123,1.52247593198,0.586747651366,0.0184077694546,-1.39093707942,100.0,0.631616589412,-0.103543703182,-0.133839823743,1.65133031816,0.741679710943,0.223194204637,0.720970970306,100.0
7.108733,-0.255407801183,0.0283786445759,0.0494708804093,1.52247593198,0.587131146563,0.0184077694546,-1.39132057461,100.0,0.632767075003,-0.104310693576,-0.134606814137,1.65133031816,0.74206320614,0.22281070944,0.720970970306,100.0
7.118749,-0.256174791577,0.027228158985,0.0487038900154,1.52324292237,0.586364156169,0.0184077694546,-1.3924710602,100.0,0.631616589412,-0.104694188773,-0.133839823743,1.65094682296,0.741679710943,0.223577699834,0.720970970306,100.0
7.128748,-0.256174791577,0.027228158985,0.0494708804093,1.52209243678,0.586364156169,0.0180242742577,-1.39170406981,100.0,0.632000084609,-0.103543703182,-0.132689338152,1.65133031816,0.742446701337,0.223577699834,0.7217379607,100.0
7.138768,-0.256558286774,0.0260776733941,0.0487038900154,1.52285942717,0.585980660972,0.0184077694546,-1.39170406981,99.6784591675,0.630849599018,-0.104310693576,-0.133839823743,1.65133031816,0.741679710943,0.223194204637,0.720587475109,100.0
7.148731,-0.254640810789,0.026461168591,0.0494708804093,1.52247593198,0.584830175381,0.0180242742577,-1.3924710602,97.5884246826,0.631233094215,-0.103927198379,-0.13422331894,1.65094682296,0.74206320614,0.222427214243,0.721354465503,100.0
7.158728,-0.255407801183,0.0256941781971,0.0490873852123,1.52324292237,0.585597165775,0.0180242742577,-1.39438853619,93.7299041748,0.631616589412,-0.104310693576,-0.133839823743,1.65133031816,0.741679710943,0.223194204637,0.722121455897,100.0
7.168730,-0.256174791577,0.0253106830001,0.0502378708032,1.52324292237,0.585980660972,0.0180242742577,-1.39362154579,89.067527771,0.632000084609,-0.103543703182,-0.13422331894,1.65056332776,0.741679710943,0.223194204637,0.720587475109,100.0
7.178727,-0.255024305986,0.0245436926062,0.0483203948184,1.52209243678,0.585597165775,0.0172572838637,-1.39822348816,86.3344039917,0.631233094215,-0.103543703182,-0.133839823743,1.65094682296,0.74206320614,0.22281070944,0.720970970306,100.0
7.188729,-0.255024305986,0.0245436926062,0.0502378708032,1.52247593198,0.58367968979,0.0172572838637,-1.40320892572,83.9228286743,0.631616589412,-0.104310693576,-0.133072833349,1.65133031816,0.74206320614,0.223194204637,0.7217379607,100.0
7.198730,-0.255407801183,0.0237767022122,0.0487038900154,1.52209243678,0.582529204199,0.0161067982728,-1.40090795454,80.54662323,0.631616589412,-0.104694188773,-0.133456328546,1.65094682296,0.742446701337,0.223194204637,0.721354465503,100.0
7.208743,-0.254640810789,0.0241601974092,0.0483203948184,1.52209243678,0.579844737821,0.0172572838637,-1.40167494493,76.6881027222,0.631233094215,-0.104310693576,-0.133456328546,1.65133031816,0.742446701337,0.223961195031,0.721354465503,100.0
7.218729,-0.254257315592,0.0245436926062,0.0490873852123,1.52170894158,0.576009785851,0.0164902934698,-1.39975746895,72.9903564453,0.631233094215,-0.104694188773,-0.132689338152,1.65133031816,0.742446701337,0.223194204637,0.7217379607,100.0
7.228741,-0.253873820395,0.0226262166213,0.0498543756063,1.52170894158,0.574475805063,0.0153398078789,-1.40090795454,69.7749176025,0.630849599018,-0.104310693576,-0.133456328546,1.65056332776,0.741679710943,0.223194204637,0.7217379607,100.0
7.238733,-0.253106830001,0.0233932070153,0.0471699092275,1.52132544639,0.572941824275,0.0161067982728,-1.39937397375,66.5594863892,0.632000084609,-0.104694188773,-0.13422331894,1.65094682296,0.742446701337,0.223961195031,0.720970970306,100.0
7.248750,-0.253873820395,0.0218592262274,0.0475534044244,1.52209243678,0.576009785851,0.0161067982728,-1.39937397375,63.0225067139,0.631616589412,-0.103927198379,-0.133839823743,1.65094682296,0.742830196534,0.223961195031,0.721354465503,100.0
7.258779,-0.254257315592,0.0222427214243,0.0483203948184,1.52132544639,0.575242795457,0.0157233030758,-1.39860698335,59.4855308533,0.630466103821,-0.104310693576,-0.133456328546,1.65094682296,0.741679710943,0.223194204637,0.721354465503,100.0
7.268730,-0.253490325198,0.0222427214243,0.0487038900154,1.52094195119,0.575626290654,0.0149563126819,-1.39707300257,56.1093254089,0.631616589412,-0.103543703182,-0.13422331894,1.65056332776,0.74206320614,0.223194204637,0.7217379607,100.0
7.278753,-0.253490325198,0.0218592262274,0.0479368996214,1.52017496079,0.575242795457,0.0149563126819,-1.39899047855,52.8938903809,0.631233094215,-0.104310693576,-0.133456328546,1.65094682296,0.741679710943,0.223194204637,0.7217379607,100.0
7.288755,-0.253490325198,0.0218592262274,0.0487038900154,1.52209243678,0.574475805063,0.0141893222879,-1.39937397375,49.3569145203,0.632000084609,-0.104310693576,-0.133072833349,1.65171381336,0.742830196534,0.223577699834,0.7217379607,100.0
7.298735,-0.254257315592,0.0218592262274,0.0479368996214,1.52170894158,0.575626290654,0.013805827091,-1.39707300257,45.9807090759,0.631616589412,-0.104694188773,-0.133456328546,1.65056332776,0.74206320614,0.223194204637,0.7217379607,100.0
7.308730,-0.253490325198,0.0214757310304,0.0479368996214,1.52209243678,0.576009785851,0.013422331894,-1.39630601217,42.6044998169,0.632767075003,-0.104694188773,-0.133456328546,1.65133031816,0.741679710943,0.223194204637,0.721354465503,100.0
7.318748,-0.253873820395,0.0207087406365,0.0456359284396,1.52170894158,0.576776776245,0.0122718463031,-1.39668950737,39.3890686035,0.632383579806,-0.103927198379,-0.132305842955,1.65133031816,0.742830196534,0.223194204637,0.721354465503,100.0
7.328741,-0.254640810789,0.0207087406365,0.0471699092275,1.52094195119,0.576009785851,0.0122718463031,-1.39745649776,35.8520889282,0.631233094215,-0.104310693576,-0.132305842955,1.65133031816,0.74206320614,0.22281070944,0.721354465503,100.0
7.338743,-0.253490325198,0.0210922358334,0.0464029188335,1.52055845599,0.577160271442,0.0111213607122,-1.39707300257,32.4758834839,0.631233094215,-0.103543703182,-0.133456328546,1.65094682296,0.742446701337,0.22281070944,0.720587475109,100.0
7.348727,-0.254257315592,0.0210922358334,0.0464029188335,1.52209243678,0.577543766639,0.0111213607122,-1.39707300257,29.0996780396,0.632000084609,-0.103927198379,-0.133072833349,1.65094682296,0.741679710943,0.223577699834,0.721354465503,100.0
7.358806,-0.253873820395,0.0203252454395,0.0456359284396,1.52094195119,0.579077747427,0.0107378655152,-1.39592251698,25.7234725952,0.632000084609,-0.104310693576,-0.133839823743,1.65133031816,0.742446701337,0.223194204637,0.722121455897,100.0
7.368805,-0.253490325198,0.0203252454395,0.0460194236366,1.52055845599,0.57869425223,0.0118883511061,-1.39553902178,22.5080394745,0.631233094215,-0.104694188773,-0.133072833349,1.65133031816,0.74206320614,0.223194204637,0.720587475109,100.0
7.378853,-0.254257315592,0.0210922358334,0.0452524332426,1.52017496079,0.579461242624,0.0103543703182,-1.39515552658,18.9710617065,0.631616589412,-0.103927198379,-0.133072833349,1.65017983257,0.74321369173,0.223194204637,0.7217379607,100.0
7.388778,-0.254257315592,0.0214757310304,0.0456359284396,1.51864098001,0.579461242624,0.00997087512126,-1.39553902178,15.7556266785,0.632383579806,-0.104310693576,-0.133456328546,1.65056332776,0.742446701337,0.223577699834,0.720970970306,100.0
7.398807,-0.254257315592,0.0203252454395,0.0444854428487,1.5194079704,0.580611728215,0.0103543703182,-1.39438853619,12.3794212341,0.631616589412,-0.104310693576,-0.133072833349,1.65094682296,0.74206320614,0.223577699834,0.721354465503,100.0
7.408759,-0.254257315592,0.0207087406365,0.0433349572578,1.51825748481,0.580611728215,0.00997087512126,-1.39362154579,9.00321578979,0.632383579806,-0.104694188773,-0.133456328546,1.65094682296,0.742446701337,0.223194204637,0.720970970306,100.0
7.418744,-0.253106830001,0.0207087406365,0.0437184524547,1.51749049442,0.580995223412,0.00920388472731,-1.39400504099,5.94855308533,0.631616589412,-0.104310693576,-0.132689338152,1.65056332776,0.74206320614,0.223194204637,0.721354465503,100.0
7.428742,-0.253873820395,0.0207087406365,0.0444854428487,1.51595651363,0.580611728215,0.00958737992428,-1.39362154579,4.5016078949,0.631233094215,-0.103927198379,-0.133456328546,1.65094682296,0.741296215746,0.22281070944,0.720203979912,100.0
7.438744,-0.253490325198,0.0203252454395,0.0433349572578,1.51634000882,0.579844737821,0.00843689433337,-1.3928545554,4.34083604813,0.632383579806,-0.103543703182,-0.133456328546,1.65094682296,0.74206320614,0.223577699834,0.721354465503,100.0
7.448739,-0.255024305986,0.0195582550455,0.0425679668638,1.51480602804,0.580228233018,0.00766990393943,-1.39400504099,4.34083604813,0.630849599018,-0.103543703182,-0.133456328546,1.65171381336,0.741679710943,0.223194204637,0.721354465503,100.0
7.458745,-0.254640810789,0.0191747598486,0.0429514620608,1.51403903764,0.580228233018,0.00766990393943,-1.3924710602,4.34083604813,0.631616589412,-0.103927198379,-0.13422331894,1.65133031816,0.742446701337,0.223194204637,0.720970970306,100.0
7.468740,-0.254640810789,0.0191747598486,0.0429514620608,1.51403903764,0.580611728215,0.00690291354548,-1.3932380506,4.34083604813,0.632000084609,-0.103927198379,-0.133456328546,1.65133031816,0.742446701337,0.223194204637,0.7217379607,100.0
7.478752,-0.254257315592,0.0180242742577,0.0418009764699,1.51365554245,0.580228233018,0.0053689327576,-1.39477203138,4.34083604813,0.631616589412,-0.104694188773,-0.132689338152,1.65133031816,0.742446701337,0.223577699834,0.7217379607,100.0
7.489138,-0.254640810789,0.0161067982728,0.0421844716668,1.51442253284,0.580611728215,0.00230097118183,-1.39477203138,4.34083604813,0.632383579806,-0.104310693576,-0.133839823743,1.65094682296,0.741296215746,0.223194204637,0.721354465503,100.0
7.498743,-0.254640810789,0.0161067982728,0.0421844716668,1.51442253284,0.580611728215,0.00230097118183,-1.39477203138,4.34083604813,0.632383579806,-0.104310693576,-0.133839823743,1.65094682296,0.741296215746,0.223194204637,0.721354465503,100.0
7.508760,-0.255407801183,0.0153398078789,0.040650490879,1.51327204725,0.580611728215,0.0026844663788,-1.39400504099,4.34083604813,0.631616589412,-0.104310693576,-0.133456328546,1.65094682296,0.741679710943,0.22281070944,0.7217379607,100.0
7.518738,-0.255407801183,0.013805827091,0.040266995682,1.51365554245,0.579461242624,0.00306796157577,-1.3928545554,4.34083604813,0.630849599018,-0.104310693576,-0.133456328546,1.65133031816,0.74206320614,0.223194204637,0.720587475109,100.0
7.528739,-0.255024305986,0.013038836697,0.040266995682,1.51288855205,0.579844737821,0.00230097118183,-1.3932380506,4.34083604813,0.631233094215,-0.103927198379,-0.133456328546,1.65133031816,0.742446701337,0.223577699834,0.720970970306,100.0
7.538743,-0.255024305986,0.0115048559091,0.040650490879,1.51403903764,0.580228233018,0.000766990393943,-1.39400504099,4.34083604813,0.632383579806,-0.103543703182,-0.133839823743,1.65133031816,0.74206320614,0.22281070944,0.7217379607,100.0
7.548730,-0.25579129638,0.00958737992428,0.040650490879,1.51327204725,0.580995223412,0.000383495196971,-1.3932380506,4.34083604813,0.631616589412,-0.104310693576,-0.133072833349,1.65133031816,0.74206320614,0.223194204637,0.721354465503,100.0
7.558735,-0.256558286774,0.00920388472731,0.040266995682,1.51403903764,0.580611728215,0.0,-1.39362154579,4.34083604813,0.631233094215,-0.103927198379,-0.133839823743,1.65133031816,0.742446701337,0.223194204637,0.720587475109,100.0
7.568756,-0.25579129638,0.0080533991364,0.0383495196971,1.51250505686,0.580995223412,0.0,-1.3932380506,4.34083604813,0.631616589412,-0.104310693576,-0.133839823743,1.65056332776,0.742446701337,0.223194204637,0.720970970306,100.0
7.578736,-0.255407801183,0.0080533991364,0.0391165100911,1.51212156166,0.579461242624,0.0,-1.39362154579,4.34083604813,0.631616589412,-0.103927198379,-0.133072833349,1.65171381336,0.742446701337,0.223194204637,0.720970970306,100.0
7.588731,-0.256174791577,0.00690291354548,0.0387330148941,1.51135457126,0.580228233018,-0.000766990393943,-1.3928545554,4.34083604813,0.632383579806,-0.103927198379,-0.133839823743,1.65094682296,0.742446701337,0.223577699834,0.720203979912,100.0
7.598731,-0.256174791577,0.00498543756063,0.0387330148941,1.51058758087,0.580995223412,0.0,-1.39362154579,4.34083604813,0.632000084609,-0.104310693576,-0.133839823743,1.65133031816,0.742446701337,0.223577699834,0.721354465503,100.0
7.608736,-0.256941781971,0.0053689327576,0.0391165100911,1.51097107607,0.580228233018,-0.00191747598486,-1.3932380506,4.34083604813,0.6331505702,-0.104694188773,-0.133072833349,1.65133031816,0.74206320614,0.224344690228,0.721354465503,100.0
7.618733,-0.256941781971,0.00383495196971,0.0387330148941,1.50867010489,0.580995223412,-0.00306796157577,-1.3932380506,4.34083604813,0.632000084609,-0.104310693576,-0.133072833349,1.65133031816,0.741679710943,0.223194204637,0.720970970306,100.0
7.628732,-0.257325277168,0.00383495196971,0.039883500485,1.5071361241,0.580611728215,-0.00345145677274,-1.3928545554,4.34083604813,0.632000084609,-0.103927198379,-0.133072833349,1.65094682296,0.741679710943,0.223194204637,0.720970970306,100.0
7.638730,-0.256941781971,0.00230097118183,0.0391165100911,1.5071361241,0.580611728215,-0.00498543756063,-1.3932380506,4.34083604813,0.632383579806,-0.103543703182,-0.133456328546,1.65094682296,0.741296215746,0.223577699834,0.720587475109,100.0
7.648732,-0.257325277168,0.00153398078789,0.0387330148941,1.5063691337,0.580611728215,-0.00651941834851,-1.3928545554,4.34083604813,0.6331505702,-0.104310693576,-0.133456328546,1.65017983257,0.74206320614,0.222427214243,0.720970970306,100.0
7.658728,-0.257325277168,0.00115048559091,0.039500005288,1.50445165772,0.581378718609,-0.00766990393943,-1.3928545554,4.34083604813,0.631233094215,-0.103927198379,-0.133456328546,1.65056332776,0.741679710943,0.22281070944,0.7217379607,100.0
7.668737,-0.257708772365,0.000383495196971,0.039500005288,1.50406816252,0.579844737821,-0.00920388472731,-1.3932380506,4.34083604813,0.632767075003,-0.104694188773,-0.13422331894,1.65017983257,0.74206320614,0.223577699834,0.721354465503,100.0
7.678733,-0.257708772365,-0.000383495196971,0.0391165100911,1.50330117213,0.579844737821,-0.0103543703182,-1.3932380506,4.34083604813,0.631616589412,-0.104694188773,-0.133456328546,1.65133031816,0.741296215746,0.223194204637,0.7217379607,100.0
7.688730,-0.257708772365,-0.00153398078789,0.0391165100911,1.50291767693,0.580995223412,-0.0118883511061,-1.39400504099,4.34083604813,0.631233094215,-0.104310693576,-0.132689338152,1.65094682296,0.741679710943,0.223577699834,0.720970970306,100.0
7.698745,-0.257325277168,-0.00230097118183,0.0387330148941,1.50061670575,0.579844737821,-0.0126553415001,-1.39170406981,4.34083604813,0.631616589412,-0.104694188773,-0.132689338152,1.65133031816,0.742446701337,0.222427214243,0.720970970306,100.0
7.708738,-0.256941781971,-0.0026844663788,0.0391165100911,1.49984971535,0.580611728215,-0.013422331894,-1.39362154579,4.34083604813,0.631233094215,-0.104310693576,-0.133072833349,1.65056332776,0.741679710943,0.223577699834,0.7217379607,100.0
7.718732,-0.258092267562,-0.00498543756063,0.0391165100911,1.49908272496,0.580228233018,-0.0149563126819,-1.39208756501,4.34083604813,0.631616589412,-0.104694188773,-0.132689338152,1.65056332776,0.742830196534,0.223577699834,0.720970970306,100.0
7.728736,-0.258092267562,-0.00498543756063,0.0391165100911,1.49678175378,0.580611728215,-0.0153398078789,-1.39055358422,4.34083604813,0.631616589412,-0.103927198379,-0.133072833349,1.65056332776,0.74206320614,0.223577699834,0.720203979912,100.0
7.738734,-0.256174791577,-0.00651941834851,0.0383495196971,1.49486427779,0.580228233018,-0.0153398078789,-1.38978659382,4.34083604813,0.632383579806,-0.104310693576,-0.13422331894,1.65094682296,0.742446701337,0.223194204637,0.721354465503,100.0
7.748740,-0.256941781971,-0.00728640874246,0.0383495196971,1.49601476339,0.580995223412,-0.0161067982728,-1.39017008902,4.34083604813,0.632000084609,-0.104694188773,-0.132689338152,1.65017983257,0.741296215746,0.223961195031,0.721354465503,100.0
7.758732,-0.257708772365,-0.00843689433337,0.0371990341062,1.49486427779,0.580995223412,-0.0161067982728,-1.39017008902,4.34083604813,0.632383579806,-0.104310693576,-0.133456328546,1.65094682296,0.742446701337,0.223194204637,0.721354465503,100.0
7.768732,-0.257325277168,-0.00997087512126,0.0383495196971,1.49333029701,0.581762213806,-0.0168737886667,-1.39132057461,4.34083604813,0.631616589412,-0.103543703182,-0.133456328546,1.65133031816,0.74206320614,0.223194204637,0.720970970306,100.0
7.778743,-0.25962624835,-0.0111213607122,0.0375825293032,1.49141282102,0.580611728215,-0.0176407790607,-1.38978659382,4.34083604813,0.631616589412,-0.103927198379,-0.133456328546,1.65133031816,0.742446701337,0.222427214243,0.721354465503,100.0
7.788752,-0.258475762759,-0.0126553415001,0.0379660245002,1.49064583063,0.581378718609,-0.0172572838637,-1.38863610823,4.34083604813,0.632000084609,-0.104694188773,-0.133456328546,1.65094682296,0.742446701337,0.223194204637,0.721354465503,100.0
7.798734,-0.25962624835,-0.0145728174849,0.0368155389092,1.48987884023,0.580995223412,-0.0168737886667,-1.38671863225,4.34083604813,0.632383579806,-0.104310693576,-0.133072833349,1.65056332776,0.74206320614,0.22281070944,0.7217379607,100.0
7.808731,-0.25962624835,-0.0161067982728,0.0360485485153,1.48872835464,0.581378718609,-0.0168737886667,-1.38786911784,4.34083604813,0.632000084609,-0.104310693576,-0.133072833349,1.65094682296,0.742446701337,0.223577699834,0.7217379607,100.0
7.818755,-0.258859257956,-0.0164902934698,0.0356650533183,1.48796136425,0.581378718609,-0.0168737886667,-1.38518465146,4.34083604813,0.632000084609,-0.104310693576,-0.133456328546,1.65094682296,0.741679710943,0.22281070944,0.7217379607,100.0
7.828731,-0.260009743547,-0.0184077694546,0.0360485485153,1.48834485945,0.580995223412,-0.0161067982728,-1.38748562264,4.34083604813,0.631616589412,-0.103927198379,-0.132689338152,1.65094682296,0.741679710943,0.22281070944,0.721354465503,100.0
7.838747,-0.260393238744,-0.0184077694546,0.0356650533183,1.48757786905,0.582145709003,-0.0161067982728,-1.38825261304,4.34083604813,0.631233094215,-0.103927198379,-0.133456328546,1.65171381336,0.74206320614,0.223577699834,0.721354465503,100.0
7.848730,-0.260776733941,-0.0199417502425,0.0345145677274,1.48757786905,0.582145709003,-0.0157233030758,-1.38978659382,4.34083604813,0.631233094215,-0.104694188773,-0.133839823743,1.65056332776,0.74206320614,0.223577699834,0.720587475109,100.0
7.858764,-0.260393238744,-0.0207087406365,0.0333640821365,1.48681087866,0.582912699396,-0.0157233030758,-1.39017008902,4.34083604813,0.631233094215,-0.104310693576,-0.133456328546,1.65094682296,0.74206320614,0.223194204637,0.7217379607,100.0
7.868738,-0.262310714728,-0.0214757310304,0.0337475773335,1.48681087866,0.581378718609,-0.0157233030758,-1.39055358422,4.34083604813,0.632383579806,-0.10507768397,-0.133839823743,1.65056332776,0.74206320614,0.223577699834,0.720970970306,100.0
7.878754,-0.262310714728,-0.0233932070153,0.0318301013486,1.48489340267,0.582145709003,-0.0168737886667,-1.38978659382,4.34083604813,0.631616589412,-0.104694188773,-0.133072833349,1.65094682296,0.74206320614,0.223577699834,0.722121455897,100.0
7.888758,-0.261160229137,-0.0241601974092,0.0325970917426,1.48489340267,0.581378718609,-0.0168737886667,-1.39055358422,4.34083604813,0.631616589412,-0.103927198379,-0.133839823743,1.65133031816,0.74206320614,0.223961195031,0.721354465503,100.0
7.898748,-0.263077705122,-0.0249271878031,0.0337475773335,1.48374291708,0.581378718609,-0.0168737886667,-1.39017008902,4.34083604813,0.632767075003,-0.103927198379,-0.133072833349,1.65056332776,0.742446701337,0.223577699834,0.721354465503,100.0
7.908740,-0.263461200319,-0.026461168591,0.0333640821365,1.48374291708,0.581762213806,-0.0168737886667,-1.39132057461,4.34083604813,0.632383579806,-0.104694188773,-0.133072833349,1.65094682296,0.742446701337,0.223577699834,0.721354465503,100.0
7.918746,-0.264228190713,-0.026461168591,0.0318301013486,1.4818254411,0.581762213806,-0.0172572838637,-1.39170406981,4.34083604813,0.632383579806,-0.103927198379,-0.133072833349,1.65056332776,0.741679710943,0.224728185425,0.721354465503,100.0
7.928747,-0.26461168591,-0.0276116541819,0.0329805869395,1.48220893629,0.582145709003,-0.0180242742577,-1.39132057461,4.34083604813,0.632000084609,-0.104310693576,-0.132689338152,1.65133031816,0.741679710943,0.22281070944,0.7217379607,100.0
7.938732,-0.264995181107,-0.0283786445759,0.0314466061517,1.48029146031,0.582912699396,-0.0184077694546,-1.39208756501,4.34083604813,0.632767075003,-0.104694188773,-0.132689338152,1.65133031816,0.74206320614,0.223194204637,0.720970970306,100.0
7.948744,-0.264995181107,-0.0299126253638,0.0322135965456,1.48067495551,0.581762213806,-0.0184077694546,-1.39055358422,4.34083604813,0.632000084609,-0.103927198379,-0.133456328546,1.65056332776,0.742446701337,0.22281070944,0.721354465503,100.0
7.958745,-0.266145666698,-0.0310631109547,0.0322135965456,1.47875747952,0.582912699396,-0.0184077694546,-1.39093707942,4.34083604813,0.632000084609,-0.104310693576,-0.133839823743,1.65056332776,0.742446701337,0.22281070944,0.721354465503,100.0
7.968732,-0.266529161895,-0.0329805869395,0.0302961205607,1.47990796511,0.582529204199,-0.0176407790607,-1.39170406981,4.34083604813,0.632767075003,-0.103927198379,-0.133072833349,1.65133031816,0.742830196534,0.222427214243,0.721354465503,100.0
7.978743,-0.267679647486,-0.0333640821365,0.0329805869395,1.47799048913,0.582912699396,-0.0176407790607,-1.39208756501,4.34083604813,0.631233094215,-0.103543703182,-0.133456328546,1.65094682296,0.74206320614,0.223194204637,0.721354465503,100.0
7.988732,-0.266912657092,-0.0333640821365,0.0329805869395,1.47722349873,0.582529204199,-0.0176407790607,-1.39093707942,4.34083604813,0.632383579806,-0.104310693576,-0.133072833349,1.65133031816,0.742446701337,0.222427214243,0.721354465503,100.0
7.998745,-0.268830133077,-0.0356650533183,0.0329805869395,1.47684000354,0.582912699396,-0.0184077694546,-1.39208756501,4.34083604813,0.632000084609,-0.103927198379,-0.133456328546,1.65056332776,0.74206320614,0.223194204637,0.720587475109,100.0
8.008745,-0.268063142683,-0.0360485485153,0.0318301013486,1.47799048913,0.582529204199,-0.0180242742577,-1.39170406981,4.34083604813,0.631616589412,-0.103543703182,-0.133456328546,1.65056332776,0.74206320614,0.223194204637,0.720970970306,100.0
8.018742,-0.268063142683,-0.0379660245002,0.0329805869395,1.47568951795,0.582912699396,-0.0180242742577,-1.39093707942,4.34083604813,0.630849599018,-0.103927198379,-0.134606814137,1.65094682296,0.742446701337,0.223577699834,0.720970970306,100.0
8.028739,-0.269213628274,-0.0383495196971,0.0329805869395,1.47453903235,0.582912699396,-0.0184077694546,-1.39170406981,4.34083604813,0.630849599018,-0.104310693576,-0.133839823743,1.65094682296,0.741679710943,0.223194204637,0.720970970306,100.0
8.038731,-0.26844663788,-0.039500005288,0.0318301013486,1.47453903235,0.583296194593,-0.0172572838637,-1.39055358422,4.34083604813,0.631616589412,-0.104310693576,-0.133072833349,1.65133031816,0.741679710943,0.223961195031,0.7217379607,100.0
8.048741,-0.26844663788,-0.040650490879,0.0322135965456,1.47338854676,0.584446680184,-0.0172572838637,-1.39170406981,4.34083604813,0.632383579806,-0.104310693576,-0.13422331894,1.65094682296,0.741679710943,0.223194204637,0.722121455897,100.0
8.058770,-0.268830133077,-0.0418009764699,0.0314466061517,1.47300505157,0.584063184987,-0.0157233030758,-1.39170406981,4.34083604813,0.631233094215,-0.103927198379,-0.132689338152,1.65056332776,0.741679710943,0.223194204637,0.7217379607,100.0
8.068733,-0.268830133077,-0.0429514620608,0.0322135965456,1.47300505157,0.584063184987,-0.0168737886667,-1.39093707942,4.34083604813,0.631233094215,-0.103927198379,-0.133072833349,1.65017983257,0.741296215746,0.22281070944,0.721354465503,100.0
8.079365,-0.270364113865,-0.0441019476517,0.0318301013486,1.47262155637,0.584446680184,-0.0161067982728,-1.3924710602,4.34083604813,0.632000084609,-0.104310693576,-0.133839823743,1.65133031816,0.742446701337,0.22281070944,0.7217379607,100.0
8.088795,-0.270364113865,-0.0441019476517,0.0318301013486,1.47262155637,0.584446680184,-0.0161067982728,-1.3924710602,4.34083604813,0.632000084609,-0.104310693576,-0.133839823743,1.65133031816,0.742446701337,0.22281070944,0.7217379607,100.0
8.098771,-0.269980618668,-0.0448689380456,0.0314466061517,1.47300505157,0.584830175381,-0.0153398078789,-1.39093707942,4.34083604813,0.631233094215,-0.104310693576,-0.133072833349,1.65017983257,0.74206320614,0.223194204637,0.7217379607,100.0
8.108730,-0.270747609062,-0.0456359284396,0.0325970917426,1.47338854676,0.584830175381,-0.0145728174849,-1.39017008902,4.34083604813,0.630849599018,-0.103927198379,-0.133072833349,1.65133031816,0.741679710943,0.223194204637,0.722504951094,100.0
8.118731,-0.271898094653,-0.0464029188335,0.0329805869395,1.47223806117,0.585980660972,-0.013422331894,-1.39132057461,4.34083604813,0.632383579806,-0.103543703182,-0.133072833349,1.65133031816,0.741679710943,0.223961195031,0.721354465503,100.0
8.128746,-0.270747609062,-0.0460194236366,0.0310631109547,1.47338854676,0.585597165775,-0.013038836697,-1.39132057461,4.34083604813,0.631616589412,-0.104310693576,-0.13422331894,1.65133031816,0.742446701337,0.223194204637,0.720203979912,100.0
8.138747,-0.271131104259,-0.0464029188335,0.0322135965456,1.47223806117,0.586747651366,-0.0107378655152,-1.39132057461,4.34083604813,0.632000084609,-0.104310693576,-0.132689338152,1.65133031816,0.74206320614,0.223577699834,0.7217379607,100.0
8.148730,-0.271514599456,-0.0464029188335,0.0322135965456,1.47223806117,0.587131146563,-0.0111213607122,-1.39055358422,4.34083604813,0.631233094215,-0.104310693576,-0.133456328546,1.65056332776,0.741679710943,0.223194204637,0.721354465503,100.0
8.158750,-0.270364113865,-0.0460194236366,0.0314466061517,1.47262155637,0.588665127351,-0.0107378655152,-1.39170406981,4.34083604813,0.630466103821,-0.103927198379,-0.133456328546,1.65094682296,0.742446701337,0.22281070944,0.722504951094,100.0
8.168733,-0.270747609062,-0.0460194236366,0.0329805869395,1.47338854676,0.590582603336,-0.0115048559091,-1.39093707942,4.34083604813,0.631616589412,-0.104310693576,-0.133072833349,1.65017983257,0.742446701337,0.223961195031,0.720587475109,100.0
8.178742,-0.269980618668,-0.0448689380456,0.0322135965456,1.47300505157,0.59134959373,-0.0111213607122,-1.39017008902,4.34083604813,0.630849599018,-0.104310693576,-0.133456328546,1.65133031816,0.74206320614,0.223577699834,0.7217379607,100.0
8.188766,-0.270364113865,-0.0448689380456,0.0314466061517,1.47300505157,0.592116584124,-0.0111213607122,-1.39017008902,4.34083604813,0.631616589412,-0.104310693576,-0.133072833349,1.65094682296,0.742446701337,0.223961195031,0.720587475109,100.0
8.198752,-0.270364113865,-0.0448689380456,0.0325970917426,1.47338854676,0.592883574518,-0.0107378655152,-1.39017008902,4.34083604813,0.630849599018,-0.104310693576,-0.133072833349,1.65017983257,0.742446701337,0.223577699834,0.722121455897,100.0
8.208750,-0.271514599456,-0.0441019476517,0.0337475773335,1.47377204196,0.593267069715,-0.00958737992428,-1.39132057461,4.34083604813,0.631616589412,-0.103543703182,-0.13422331894,1.65094682296,0.741296215746,0.222427214243,0.721354465503,100.0
8.218757,-0.271131104259,-0.0444854428487,0.0325970917426,1.47415553716,0.593267069715,-0.00920388472731,-1.39055358422,4.34083604813,0.631616589412,-0.103927198379,-0.133456328546,1.65094682296,0.742830196534,0.223194204637,0.721354465503,100.0
8.228747,-0.271514599456,-0.0429514620608,0.0333640821365,1.47377204196,0.594034060109,-0.00920388472731,-1.39132057461,4.34083604813,0.631616589412,-0.103927198379,-0.133456328546,1.65094682296,0.742446701337,0.22281070944,0.721354465503,100.0
8.238967,-0.271131104259,-0.0433349572578,0.0329805869395,1.47492252755,0.594801050503,-0.00997087512126,-1.39055358422,4.34083604813,0.631233094215,-0.104310693576,-0.133456328546,1.65094682296,0.74206320614,0.22281070944,0.721354465503,100.0
8.248673,-0.271514599456,-0.0425679668638,0.0329805869395,1.47568951795,0.5951845457,-0.00843689433337,-1.39055358422,4.34083604813,0.631233094215,-0.104694188773,-0.13422331894,1.65094682296,0.741679710943,0.222427214243,0.721354465503,100.0
8.258653,-0.271514599456,-0.0421844716668,0.0325970917426,1.47607301314,0.594801050503,-0.00766990393943,-1.39093707942,4.34083604813,0.631233094215,-0.103927198379,-0.132689338152,1.65094682296,0.742446701337,0.223577699834,0.721354465503,100.0
8.268653,-0.271131104259,-0.0414174812729,0.0322135965456,1.47568951795,0.594417555306,-0.00766990393943,-1.39093707942,4.34083604813,0.632383579806,-0.104310693576,-0.133839823743,1.65133031816,0.741679710943,0.223577699834,0.7217379607,100.0
8.278653,-0.271131104259,-0.040266995682,0.0329805869395,1.47568951795,0.594034060109,-0.00690291354548,-1.39093707942,4.34083604813,0.631233094215,-0.10507768397,-0.133072833349,1.65094682296,0.74206320614,0.22281070944,0.722121455897,100.0
8.288652,-0.270747609062,-0.039500005288,0.0329805869395,1.47684000354,0.594034060109,-0.0053689327576,-1.39132057461,4.34083604813,0.631616589412,-0.10507768397,-0.133456328546,1.65056332776,0.742446701337,0.223194204637,0.720970970306,100.0
8.298654,-0.271514599456,-0.0387330148941,0.0329805869395,1.47684000354,0.592883574518,-0.00498543756063,-1.39017008902,4.34083604813,0.630849599018,-0.103927198379,-0.132689338152,1.65017983257,0.742830196534,0.223961195031,0.720970970306,100.0
8.308655,-0.271514599456,-0.0387330148941,0.0322135965456,1.47722349873,0.594801050503,-0.0053689327576,-1.39017008902,4.34083604813,0.632000084609,-0.104310693576,-0.133839823743,1.65133031816,0.742830196534,0.223194204637,0.721354465503,100.0
8.318653,-0.270364113865,-0.0379660245002,0.0318301013486,1.47799048913,0.594034060109,-0.00383495196971,-1.38978659382,4.34083604813,0.631616589412,-0.104310693576,-0.13422331894,1.65017983257,0.742830196534,0.22281070944,0.720970970306,100.0
8.328660,-0.270747609062,-0.0375825293032,0.0329805869395,1.47875747952,0.594417555306,-0.00306796157577,-1.39017008902,4.34083604813,0.631233094215,-0.103160207985,-0.133072833349,1.65133031816,0.741679710943,0.223577699834,0.722121455897,100.0
8.338657,-0.271131104259,-0.0364320437123,0.0333640821365,1.47875747952,0.593267069715,-0.00383495196971,-1.39055358422,4.34083604813,0.631616589412,-0.104310693576,-0.133072833349,1.65094682296,0.74206320614,0.223577699834,0.7217379607,100.0
8.348654,-0.271514599456,-0.0360485485153,0.0318301013486,1.48067495551,0.594034060109,-0.00345145677274,-1.39093707942,4.34083604813,0.631233094215,-0.104694188773,-0.13422331894,1.65017983257,0.741679710943,0.223194204637,0.721354465503,100.0
8.358651,-0.270364113865,-0.0356650533183,0.0318301013486,1.4818254411,0.594034060109,-0.0026844663788,-1.39017008902,4.34083604813,0.631616589412,-0.104310693576,-0.134606814137,1.65017983257,0.741679710943,0.223194204637,0.720970970306,100.0
8.368665,-0.270747609062,-0.0348980629244,0.0322135965456,1.48259243149,0.593267069715,-0.0026844663788,-1.39055358422,4.34083604813,0.631233094215,-0.103927198379,-0.134606814137,1.65094682296,0.742830196534,0.223194204637,0.720970970306,100.0
8.378653,-0.271514599456,-0.0341310725305,0.0318301013486,1.48335942189,0.594034060109,-0.00345145677274,-1.39017008902,4.34083604813,0.632383579806,-0.103927198379,-0.133456328546,1.65056332776,0.74206320614,0.22281070944,0.722121455897,100.0
8.388649,-0.27228158985,-0.0325970917426,0.0318301013486,1.48297592669,0.594034060109,-0.0026844663788,-1.39017008902,4.34083604813,0.632000084609,-0.103927198379,-0.133456328546,1.65056332776,0.742446701337,0.22281070944,0.720587475109,100.0
8.398653,-0.271898094653,-0.0325970917426,0.0299126253638,1.48450990748,0.593267069715,-0.00306796157577,-1.39093707942,4.34083604813,0.632000084609,-0.10507768397,-0.133072833349,1.65133031816,0.741679710943,0.223194204637,0.721354465503,100.0
8.408650,-0.271898094653,-0.0318301013486,0.0306796157577,1.48489340267,0.594417555306,-0.0026844663788,-1.39017008902,4.34083604813,0.631233094215,-0.104310693576,-0.133839823743,1.65056332776,0.742446701337,0.224344690228,0.7217379607,100.0
8.418652,-0.271898094653,-0.0314466061517,0.0314466061517,1.48566039307,0.593650564912,-0.0026844663788,-1.39093707942,4.34083604813,0.631616589412,-0.104310693576,-0.133456328546,1.65094682296,0.742830196534,0.223577699834,0.721354465503,100.0
8.428652,-0.271898094653,-0.0299126253638,0.0314466061517,1.48604388826,0.592883574518,-0.00306796157577,-1.39017008902,4.34083604813,0.630849599018,-0.104694188773,-0.133072833349,1.65056332776,0.741679710943,0.223194204637,0.721354465503,100.0
8.438656,-0.272665085047,-0.0295291301668,0.0318301013486,1.48642738346,0.594034060109,-0.00383495196971,-1.38978659382,4.34083604813,0.631233094215,-0.103927198379,-0.133839823743,1.65056332776,0.74206320614,0.22281070944,0.721354465503,100.0
8.448675,-0.27228158985,-0.0283786445759,0.0322135965456,1.48642738346,0.594034060109,-0.0026844663788,-1.38978659382,4.34083604813,0.631233094215,-0.103927198379,-0.133456328546,1.65094682296,0.741679710943,0.222427214243,0.7217379607,100.0
8.458658,-0.271898094653,-0.0279951493789,0.0318301013486,1.48796136425,0.594034060109,-0.00191747598486,-1.39017008902,4.34083604813,0.632000084609,-0.104310693576,-0.133072833349,1.65017983257,0.742446701337,0.22281070944,0.7217379607,100.0
8.468657,-0.271898094653,-0.0279951493789,0.0322135965456,1.48796136425,0.593650564912,-0.0026844663788,-1.39017008902,4.34083604813,0.630466103821,-0.104694188773,-0.133072833349,1.65171381336,0.741679710943,0.223577699834,0.722121455897,100.0
8.478654,-0.272665085047,-0.026461168591,0.0314466061517,1.48719437385,0.593650564912,-0.000383495196971,-1.39132057461,4.34083604813,0.632000084609,-0.104310693576,-0.133456328546,1.65017983257,0.74206320614,0.223577699834,0.7217379607,100.0
8.488655,-0.272665085047,-0.0260776733941,0.0302961205607,1.48872835464,0.592883574518,-0.00153398078789,-1.39132057461,4.34083604813,0.631616589412,-0.103927198379,-0.134606814137,1.65133031816,0.741679710943,0.223577699834,0.721354465503,100.0
8.498653,-0.272665085047,-0.0256941781971,0.0314466061517,1.48949534504,0.592116584124,-0.00191747598486,-1.39017008902,4.34083604813,0.631233094215,-0.104310693576,-0.133072833349,1.65094682296,0.741679710943,0.223577699834,0.721354465503,100.0
8.508650,-0.271514599456,-0.0245436926062,0.0314466061517,1.49026233543,0.591733088927,-0.000766990393943,-1.39093707942,4.34083604813,0.631233094215,-0.103927198379,-0.133072833349,1.64979633737,0.74206320614,0.222427214243,0.7217379607,100.0
8.518654,-0.271898094653,-0.0237767022122,0.0306796157577,1.49064583063,0.592500079321,-0.00191747598486,-1.39093707942,4.34083604813,0.631233094215,-0.104310693576,-0.133456328546,1.65133031816,0.742446701337,0.22281070944,0.720970970306,100.0
8.528655,-0.272665085047,-0.0241601974092,0.0310631109547,1.49026233543,0.592116584124,-0.00115048559091,-1.39208756501,4.34083604813,0.632000084609,-0.104310693576,-0.133456328546,1.65133031816,0.742446701337,0.223194204637,0.721354465503,100.0
8.538664,-0.271514599456,-0.0230097118183,0.0314466061517,1.49256330661,0.590966098533,-0.000383495196971,-1.39055358422,4.34083604813,0.630849599018,-0.104694188773,-0.133456328546,1.65094682296,0.74206320614,0.223577699834,0.7217379607,100.0
8.548660,-0.271514599456,-0.0230097118183,0.0318301013486,1.49294680181,0.590199108139,-0.00115048559091,-1.39093707942,4.34083604813,0.630849599018,-0.104310693576,-0.132689338152,1.65133031816,0.741296215746,0.22281070944,0.7217379607,100.0
8.558661,-0.271131104259,-0.0210922358334,0.0310631109547,1.4940972874,0.589815612942,-0.000766990393943,-1.39017008902,4.34083604813,0.631616589412,-0.104310693576,-0.133072833349,1.65056332776,0.74206320614,0.223194204637,0.720970970306,100.0
8.568655,-0.271898094653,-0.0199417502425,0.0314466061517,1.4940972874,0.590199108139,-0.00115048559091,-1.39170406981,4.34083604813,0.631616589412,-0.103927198379,-0.133072833349,1.65017983257,0.742446701337,0.223194204637,0.722121455897,100.0
8.578653,-0.271514599456,-0.0195582550455,0.0314466061517,1.4940972874,0.589432117745,-0.000766990393943,-1.39055358422,4.34083604813,0.632000084609,-0.104310693576,-0.132689338152,1.65171381336,0.742830196534,0.223194204637,0.720970970306,100.0
8.588654,-0.272665085047,-0.0180242742577,0.0306796157577,1.49563126819,0.590199108139,-0.000766990393943,-1.39093707942,4.34083604813,0.631233094215,-0.103927198379,-0.133072833349,1.65056332776,0.74206320614,0.22281070944,0.721354465503,100.0
8.598651,-0.272665085047,-0.0176407790607,0.0318301013486,1.49486427779,0.590966098533,-0.00153398078789,-1.39132057461,4.34083604813,0.631233094215,-0.103927198379,-0.13422331894,1.65094682296,0.74206320614,0.222427214243,0.721354465503,100.0
8.608651,-0.273432075441,-0.0164902934698,0.0302961205607,1.49639825858,0.591733088927,-0.00115048559091,-1.39208756501,4.34083604813,0.631616589412,-0.103543703182,-0.133456328546,1.65094682296,0.74206320614,0.223961195031,0.721354465503,100.0
8.618653,-0.273048580244,-0.0153398078789,0.0314466061517,1.49678175378,0.59134959373,-0.00115048559091,-1.38978659382,4.34083604813,0.630466103821,-0.104310693576,-0.133456328546,1.65171381336,0.74206320614,0.22281070944,0.721354465503,100.0
8.628655,-0.273048580244,-0.0145728174849,0.0322135965456,1.49678175378,0.590966098533,-0.00115048559091,-1.39055358422,4.34083604813,0.632000084609,-0.104694188773,-0.133839823743,1.65133031816,0.742446701337,0.223961195031,0.720970970306,100.0
8.638657,-0.273048580244,-0.013805827091,0.0318301013486,1.49716524898,0.591733088927,-0.00191747598486,-1.39017008902,4.34083604813,0.630849599018,-0.104694188773,-0.133839823743,1.65094682296,0.74206320614,0.223577699834,0.720970970306,100.0
8.648656,-0.27228158985,-0.013038836697,0.0329805869395,1.49678175378,0.59134959373,-0.00153398078789,-1.39017008902,4.34083604813,0.631616589412,-0.103543703182,-0.133456328546,1.65017983257,0.74206320614,0.222043719046,0.720970970306,100.0
8.658656,-0.271898094653,-0.0126553415001,0.0310631109547,1.49639825858,0.59134959373,-0.00191747598486,-1.39017008902,4.34083604813,0.631616589412,-0.103927198379,-0.133072833349,1.65094682296,0.742446701337,0.22281070944,0.7217379607,100.0
8.668657,-0.271898094653,-0.0118883511061,0.0325970917426,1.49754874417,0.59134959373,-0.00153398078789,-1.39017008902,4.34083604813,0.631233094215,-0.104310693576,-0.133456328546,1.65094682296,0.742446701337,0.223577699834,0.721354465503,100.0
8.678669,-0.270747609062,-0.0115048559091,0.0341310725305,1.49601476339,0.59134959373,-0.00153398078789,-1.39017008902,4.34083604813,0.630849599018,-0.104694188773,-0.13422331894,1.65056332776,0.74206320614,0.22281070944,0.720970970306,100.0
8.688663,-0.271514599456,-0.0107378655152,0.0329805869395,1.49639825858,0.59134959373,-0.00115048559091,-1.39093707942,4.34083604813,0.631616589412,-0.105461179167,-0.133072833349,1.65056332776,0.742446701337,0.223577699834,0.7217379607,100.0
8.698773,-0.271131104259,-0.0103543703182,0.0329805869395,1.49639825858,0.59134959373,-0.00115048559091,-1.39093707942,4.34083604813,0.631616589412,-0.104694188773,-0.13422331894,1.65094682296,0.742446701337,0.223577699834,0.721354465503,100.0
8.708752,-0.270747609062,-0.00920388472731,0.0329805869395,1.49639825858,0.59134959373,-0.00153398078789,-1.39055358422,4.34083604813,0.631233094215,-0.104694188773,-0.133456328546,1.65094682296,0.74206320614,0.22281070944,0.721354465503,100.0
8.718760,-0.271898094653,-0.00958737992428,0.0337475773335,1.49754874417,0.590966098533,-0.000766990393943,-1.39132057461,4.34083604813,0.631233094215,-0.103927198379,-0.133839823743,1.65056332776,0.741679710943,0.222427214243,0.720970970306,100.0
8.728760,-0.270747609062,-0.00958737992428,0.0322135965456,1.49754874417,0.591733088927,-0.000766990393943,-1.39017008902,4.34083604813,0.631233094215,-0.104694188773,-0.133072833349,1.65094682296,0.742446701337,0.22281070944,0.721354465503,100.0
8.738757,-0.270364113865,-0.00920388472731,0.0337475773335,1.49793223937,0.591733088927,-0.000383495196971,-1.39017008902,4.5016078949,0.630849599018,-0.103927198379,-0.133456328546,1.65094682296,0.742446701337,0.22281070944,0.720970970306,100.0
8.748748,-0.270364113865,-0.0080533991364,0.0333640821365,1.49831573457,0.592116584124,0.0,-1.39132057461,5.14469432831,0.630849599018,-0.104310693576,-0.133456328546,1.65094682296,0.74206320614,0.223577699834,0.720203979912,100.0
8.758733,-0.270364113865,-0.00766990393943,0.0345145677274,1.49793223937,0.59134959373,0.00153398078789,-1.39170406981,6.1093249321,0.631233094215,-0.103927198379,-0.133839823743,1.65056332776,0.74206320614,0.22281070944,0.7217379607,100.0
8.768752,-0.271131104259,-0.00882038953034,0.0333640821365,1.49869922976,0.590966098533,0.0026844663788,-1.39093707942,7.23472690582,0.632000084609,-0.104310693576,-0.133456328546,1.65017983257,0.741679710943,0.223577699834,0.721354465503,100.0
8.778750,-0.269597123471,-0.0080533991364,0.0341310725305,1.50023321055,0.59134959373,0.00230097118183,-1.39093707942,8.52090072632,0.631233094215,-0.104310693576,-0.133072833349,1.65133031816,0.74206320614,0.22281070944,0.720587475109,100.0
8.788763,-0.268830133077,-0.00766990393943,0.0333640821365,1.49946622016,0.590966098533,0.00345145677274,-1.38978659382,10.1286172867,0.631233094215,-0.103927198379,-0.133456328546,1.65017983257,0.74206320614,0.223194204637,0.722121455897,100.0
8.798770,-0.270364113865,-0.00766990393943,0.0341310725305,1.49946622016,0.590582603336,0.00421844716668,-1.39017008902,12.0578775406,0.631616589412,-0.104310693576,-0.132689338152,1.65133031816,0.741296215746,0.223961195031,0.721354465503,100.0
8.808748,-0.269213628274,-0.00690291354548,0.0348980629244,1.49908272496,0.590582603336,0.00345145677274,-1.39170406981,13.8263664246,0.631233094215,-0.104310693576,-0.133072833349,1.65133031816,0.74206320614,0.223194204637,0.720203979912,100.0
8.818730,-0.269213628274,-0.00766990393943,0.0341310725305,1.50061670575,0.590966098533,0.0,-1.39017008902,16.3987140656,0.632000084609,-0.103927198379,-0.133456328546,1.65094682296,0.741679710943,0.223577699834,0.7217379607,100.0
8.828733,-0.268063142683,-0.00766990393943,0.0345145677274,1.50215068654,0.589048622548,-0.00383495196971,-1.39055358422,20.418006897,0.631233094215,-0.10507768397,-0.133072833349,1.65094682296,0.74206320614,0.223577699834,0.7217379607,100.0
8.838734,-0.268830133077,-0.00882038953034,0.0341310725305,1.50368466732,0.590582603336,-0.0107378655152,-1.39055358422,24.5980701447,0.632000084609,-0.104310693576,-0.132689338152,1.65133031816,0.742446701337,0.223194204637,0.720970970306,100.0
8.848735,-0.269213628274,-0.00920388472731,0.0322135965456,1.50330117213,0.59134959373,-0.0184077694546,-1.39093707942,28.1350479126,0.630849599018,-0.103927198379,-0.133839823743,1.65171381336,0.74206320614,0.223194204637,0.721354465503,100.0
8.858737,-0.269597123471,-0.0103543703182,0.0329805869395,1.50483515292,0.590582603336,-0.0237767022122,-1.39055358422,31.3504829407,0.630466103821,-0.104310693576,-0.133456328546,1.65133031816,0.741679710943,0.224344690228,0.720970970306,100.0
8.868739,-0.270747609062,-0.0118883511061,0.0322135965456,1.50368466732,0.588665127351,-0.0295291301668,-1.39017008902,34.5659179688,0.630849599018,-0.104694188773,-0.133072833349,1.65133031816,0.74206320614,0.223577699834,0.7217379607,100.0
8.878757,-0.271514599456,-0.0122718463031,0.0322135965456,1.50330117213,0.586364156169,-0.0325970917426,-1.39132057461,38.1028938293,0.629699113427,-0.104694188773,-0.133456328546,1.65171381336,0.742446701337,0.222427214243,0.7217379607,100.0
8.888753,-0.270364113865,-0.0126553415001,0.0310631109547,1.50330117213,0.584830175381,-0.040266995682,-1.39017008902,41.6398696899,0.630466103821,-0.103543703182,-0.133839823743,1.65094682296,0.74206320614,0.223194204637,0.721354465503,100.0
8.898748,-0.272665085047,-0.0149563126819,0.0299126253638,1.50253418173,0.581762213806,-0.0498543756063,-1.39055358422,45.016078949,0.629699113427,-0.104310693576,-0.133072833349,1.65094682296,0.741679710943,0.223577699834,0.721354465503,100.0
8.908746,-0.271898094653,-0.0153398078789,0.0299126253638,1.50406816252,0.580995223412,-0.0651941834851,-1.39055358422,48.3922843933,0.631233094215,-0.103160207985,-0.13422331894,1.65017983257,0.741679710943,0.223577699834,0.721354465503,100.0
8.918733,-0.274199065835,-0.0153398078789,0.0287621397729,1.5063691337,0.580228233018,-0.0770825345912,-1.38978659382,51.7684898376,0.630082608624,-0.104310693576,-0.133456328546,1.65056332776,0.742446701337,0.223194204637,0.721354465503,100.0
8.928736,-0.273048580244,-0.0164902934698,0.026844663788,1.50330117213,0.580611728215,-0.0839854481367,-1.39170406981,55.144695282,0.630849599018,-0.104310693576,-0.133839823743,1.65017983257,0.74206320614,0.223194204637,0.7217379607,100.0
8.938735,-0.274966056228,-0.0172572838637,0.0260776733941,1.50253418173,0.581378718609,-0.0878204001064,-1.39055358422,58.6816711426,0.630849599018,-0.103927198379,-0.132689338152,1.65017983257,0.74206320614,0.22281070944,0.721354465503,100.0
8.948739,-0.273048580244,-0.0184077694546,0.0241601974092,1.50023321055,0.582529204199,-0.0878204001064,-1.39055358422,62.0578765869,0.630082608624,-0.103927198379,-0.133839823743,1.64979633737,0.74206320614,0.223194204637,0.721354465503,100.0
8.958731,-0.275349551425,-0.0187912646516,0.0214757310304,1.49869922976,0.584063184987,-0.0916553520762,-1.39208756501,65.2733154297,0.631233094215,-0.103927198379,-0.133839823743,1.65017983257,0.742446701337,0.223194204637,0.721354465503,100.0
8.968753,-0.276883532213,-0.0195582550455,0.0214757310304,1.49716524898,0.584063184987,-0.0951068088489,-1.38978659382,68.8102874756,0.632000084609,-0.104310693576,-0.133072833349,1.64979633737,0.74206320614,0.221660223849,0.720970970306,100.0
8.978741,-0.277650522607,-0.0207087406365,0.0203252454395,1.49601476339,0.582145709003,-0.0977912752277,-1.39017008902,72.1864929199,0.632383579806,-0.104694188773,-0.133839823743,1.65094682296,0.742446701337,0.223194204637,0.721354465503,100.0
8.988753,-0.279567998592,-0.0210922358334,0.0191747598486,1.4937137922,0.581378718609,-0.100859236803,-1.39017008902,75.5626983643,0.632383579806,-0.104310693576,-0.133839823743,1.65094682296,0.742446701337,0.224344690228,0.721354465503,100.0
8.998766,-0.280718484183,-0.0226262166213,0.0176407790607,1.49179631622,0.580228233018,-0.101242732,-1.39132057461,78.9389038086,0.632383579806,-0.104310693576,-0.133072833349,1.65133031816,0.742446701337,0.224344690228,0.720970970306,100.0
9.008733,-0.281868969774,-0.0237767022122,0.0176407790607,1.49026233543,0.579077747427,-0.101626227197,-1.39093707942,82.1543426514,0.6331505702,-0.104694188773,-0.133072833349,1.65248080375,0.742830196534,0.224344690228,0.721354465503,100.0
9.018745,-0.285320426547,-0.0256941781971,0.0164902934698,1.48949534504,0.577927261836,-0.103543703182,-1.3924710602,85.5305480957,0.632000084609,-0.104310693576,-0.133072833349,1.65171381336,0.74206320614,0.223577699834,0.721354465503,100.0
9.028740,-0.288388388122,-0.027228158985,0.0176407790607,1.49064583063,0.577543766639,-0.105844674364,-1.39975746895,88.90675354,0.632000084609,-0.103927198379,-0.132689338152,1.65094682296,0.742446701337,0.224344690228,0.7217379607,100.0
9.038737,-0.291072854501,-0.0295291301668,0.0164902934698,1.48987884023,0.57485930026,-0.106228169561,-1.40167494493,92.2829589844,0.632000084609,-0.104694188773,-0.132689338152,1.65171381336,0.74206320614,0.224344690228,0.7217379607,100.0
9.048763,-0.292606835289,-0.0310631109547,0.0157233030758,1.48987884023,0.573325319472,-0.105461179167,-1.40052445934,95.0160751343,0.632383579806,-0.10507768397,-0.133839823743,1.65171381336,0.74206320614,0.223194204637,0.722504951094,100.0
9.058747,-0.294140816077,-0.0337475773335,0.0153398078789,1.48987884023,0.57102434829,-0.104694188773,-1.40090795454,95.6591644287,0.6331505702,-0.103927198379,-0.133839823743,1.65209730855,0.74206320614,0.223194204637,0.721354465503,100.0
9.068746,-0.295674796865,-0.0364320437123,0.013422331894,1.49026233543,0.567572891518,-0.104694188773,-1.39975746895,95.6591644287,0.632000084609,-0.104694188773,-0.133456328546,1.65056332776,0.742830196534,0.22281070944,0.7217379607,100.0
9.078737,-0.296441787259,-0.0383495196971,0.0126553415001,1.49102932582,0.565655415533,-0.103160207985,-1.40090795454,95.6591644287,0.6331505702,-0.104310693576,-0.133839823743,1.65056332776,0.74206320614,0.223194204637,0.720970970306,100.0
9.088748,-0.29759227285,-0.0410339860759,0.013038836697,1.48987884023,0.564888425139,-0.103543703182,-1.39937397375,95.6591644287,0.632767075003,-0.104310693576,-0.133072833349,1.64979633737,0.74206320614,0.223577699834,0.721354465503,100.0
9.098750,-0.298742758441,-0.0429514620608,0.0118883511061,1.49064583063,0.56603891073,-0.103543703182,-1.39975746895,95.6591644287,0.632767075003,-0.103160207985,-0.132689338152,1.65017983257,0.74206320614,0.22281070944,0.722121455897,100.0
9.108754,-0.297975768047,-0.0452524332426,0.0107378655152,1.49026233543,0.565271920336,-0.103160207985,-1.39899047855,95.6591644287,0.632767075003,-0.103543703182,-0.133072833349,1.65017983257,0.74206320614,0.22281070944,0.721354465503,100.0
9.118784,-0.299509748835,-0.0464029188335,0.00843689433337,1.49102932582,0.564888425139,-0.103160207985,-1.39937397375,95.6591644287,0.632383579806,-0.103543703182,-0.133839823743,1.65017983257,0.74206320614,0.223194204637,0.722121455897,100.0
9.128748,-0.300276739229,-0.0479368996214,0.00651941834851,1.48987884023,0.565655415533,-0.102776712788,-1.39975746895,95.6591644287,0.632767075003,-0.103927198379,-0.133072833349,1.64979633737,0.742830196534,0.223961195031,0.721354465503,100.0
9.138783,-0.299509748835,-0.0502378708032,0.00651941834851,1.48949534504,0.565271920336,-0.102776712788,-1.39899047855,95.6591644287,0.632383579806,-0.104310693576,-0.133839823743,1.65017983257,0.742446701337,0.223194204637,0.720970970306,100.0
9.148756,-0.301427224819,-0.0510048611972,0.00728640874246,1.48872835464,0.565271920336,-0.104694188773,-1.40014096414,95.6591644287,0.632383579806,-0.103927198379,-0.133072833349,1.65017983257,0.74206320614,0.223194204637,0.721354465503,100.0
9.158799,-0.300660234426,-0.0525388419851,0.00766990393943,1.48949534504,0.565655415533,-0.10507768397,-1.40014096414,95.6591644287,0.632383579806,-0.103927198379,-0.133456328546,1.64979633737,0.74206320614,0.223577699834,0.720587475109,100.0
9.168880,-0.301043729623,-0.0544563179699,0.00728640874246,1.48911184984,0.564504929942,-0.105461179167,-1.39975746895,95.6591644287,0.632767075003,-0.103927198379,-0.133072833349,1.64941284217,0.742446701337,0.22281070944,0.721354465503,100.0
9.178756,-0.301810720016,-0.0544563179699,0.00766990393943,1.48757786905,0.565271920336,-0.106228169561,-1.39975746895,95.6591644287,0.632000084609,-0.103543703182,-0.133072833349,1.64979633737,0.741679710943,0.223194204637,0.721354465503,100.0
9.188759,-0.301427224819,-0.0563737939548,0.00613592315154,1.48796136425,0.565271920336,-0.104694188773,-1.39937397375,95.6591644287,0.6331505702,-0.103543703182,-0.133072833349,1.65017983257,0.74206320614,0.223194204637,0.721354465503,100.0
9.198745,-0.302961205607,-0.0579077747427,0.00766990393943,1.48757786905,0.564888425139,-0.10507768397,-1.39975746895,95.6591644287,0.632383579806,-0.10507768397,-0.132689338152,1.65017983257,0.74206320614,0.22281070944,0.720587475109,100.0
9.208737,-0.303344700804,-0.0586747651366,0.0080533991364,1.48681087866,0.565271920336,-0.10507768397,-1.39899047855,95.6591644287,0.632000084609,-0.103927198379,-0.133072833349,1.65094682296,0.74206320614,0.223194204637,0.721354465503,100.0
9.218752,-0.303728196001,-0.0602087459245,0.00728640874246,1.48719437385,0.564504929942,-0.107378655152,-1.39975746895,95.6591644287,0.631616589412,-0.104310693576,-0.132689338152,1.65056332776,0.74206320614,0.22281070944,0.721354465503,100.0
9.228815,-0.303728196001,-0.0605922411215,0.00728640874246,1.48489340267,0.564121434745,-0.107762150349,-1.39975746895,95.6591644287,0.631233094215,-0.103927198379,-0.133839823743,1.65056332776,0.741296215746,0.223577699834,0.720970970306,100.0
9.238778,-0.303344700804,-0.0625097171063,0.00766990393943,1.48527689787,0.565655415533,-0.107378655152,-1.39937397375,95.6591644287,0.630466103821,-0.103927198379,-0.133072833349,1.65056332776,0.742446701337,0.22281070944,0.720970970306,100.0
9.248771,-0.304111691198,-0.0632767075003,0.00766990393943,1.48374291708,0.564888425139,-0.107378655152,-1.39937397375,95.6591644287,0.630849599018,-0.104310693576,-0.133456328546,1.65133031816,0.74206320614,0.223194204637,0.721354465503,100.0
9.258865,-0.304111691198,-0.0640436978942,0.00651941834851,1.48297592669,0.565655415533,-0.107762150349,-1.39975746895,95.6591644287,0.630849599018,-0.104694188773,-0.13422331894,1.65094682296,0.742446701337,0.222043719046,0.720203979912,100.0
9.268801,-0.302961205607,-0.0655776786821,0.00882038953034,1.48220893629,0.565271920336,-0.10891263594,-1.39937397375,95.6591644287,0.630466103821,-0.104310693576,-0.133456328546,1.65094682296,0.741679710943,0.223577699834,0.721354465503,100.0
9.278755,-0.304111691198,-0.066728164273,0.00651941834851,1.4818254411,0.565655415533,-0.110446616728,-1.39860698335,95.6591644287,0.629699113427,-0.104694188773,-0.133839823743,1.65133031816,0.74206320614,0.223194204637,0.720970970306,100.0
9.288747,-0.303344700804,-0.0682621450609,0.00920388472731,1.4810584507,0.565655415533,-0.111213607122,-1.39860698335,95.6591644287,0.628932123033,-0.104310693576,-0.133456328546,1.65133031816,0.74206320614,0.223577699834,0.720970970306,100.0
9.298851,-0.302194215213,-0.0697961258488,0.0080533991364,1.47990796511,0.565655415533,-0.111213607122,-1.39899047855,95.6591644287,0.628548627836,-0.104694188773,-0.133839823743,1.65094682296,0.741679710943,0.223194204637,0.721354465503,100.0
9.308756,-0.302194215213,-0.0709466114397,0.0080533991364,1.47990796511,0.565655415533,-0.11274758791,-1.39937397375,95.6591644287,0.628165132639,-0.104694188773,-0.133072833349,1.65056332776,0.741679710943,0.223194204637,0.720970970306,100.0
9.318759,-0.301810720016,-0.0724805922276,0.00651941834851,1.47952446992,0.566422405927,-0.113514578304,-1.39899047855,95.6591644287,0.628548627836,-0.103160207985,-0.132689338152,1.65094682296,0.741679710943,0.223194204637,0.720970970306,100.0
9.328741,-0.300276739229,-0.0728640874246,0.00651941834851,1.47799048913,0.565655415533,-0.115432054288,-1.39822348816,95.6591644287,0.627781637442,-0.103543703182,-0.133456328546,1.65094682296,0.742446701337,0.222427214243,0.720587475109,100.0
9.338756,-0.301427224819,-0.0743980682124,0.00766990393943,1.47645650834,0.566805901124,-0.116966035076,-1.39822348816,95.6591644287,0.627014647048,-0.103927198379,-0.133456328546,1.65133031816,0.741679710943,0.223194204637,0.7217379607,100.0
9.348743,-0.300660234426,-0.0755485538034,0.00766990393943,1.47568951795,0.566422405927,-0.11773302547,-1.39822348816,95.6591644287,0.628165132639,-0.104310693576,-0.133456328546,1.65171381336,0.741679710943,0.222427214243,0.721354465503,100.0
9.358739,-0.299893244032,-0.0770825345912,0.00766990393943,1.47492252755,0.566422405927,-0.118883511061,-1.39822348816,95.6591644287,0.628165132639,-0.103927198379,-0.133456328546,1.65209730855,0.741296215746,0.223194204637,0.7217379607,100.0
9.368743,-0.300276739229,-0.0774660297882,0.00766990393943,1.47415553716,0.56603891073,-0.121184482243,-1.39822348816,95.6591644287,0.627781637442,-0.103927198379,-0.133072833349,1.65209730855,0.74206320614,0.223194204637,0.721354465503,100.0
9.378757,-0.299893244032,-0.0793835057731,0.0080533991364,1.47338854676,0.566422405927,-0.12156797744,-1.39822348816,95.6591644287,0.627398142245,-0.103927198379,-0.133072833349,1.65209730855,0.74206320614,0.223194204637,0.720970970306,100.0
9.388752,-0.297975768047,-0.080533991364,0.0080533991364,1.47300505157,0.56603891073,-0.122334967834,-1.39707300257,95.6591644287,0.627398142245,-0.104310693576,-0.133839823743,1.65094682296,0.741679710943,0.223961195031,0.721354465503,100.0
9.398748,-0.299126253638,-0.0824514673488,0.00728640874246,1.47108757558,0.566805901124,-0.124252443819,-1.39860698335,95.6591644287,0.627781637442,-0.104310693576,-0.133839823743,1.65133031816,0.742446701337,0.22281070944,0.7217379607,100.0
9.409232,-0.297975768047,-0.0839854481367,0.00728640874246,1.46801961401,0.566805901124,-0.124252443819,-1.39745649776,95.6591644287,0.627398142245,-0.103543703182,-0.133839823743,1.65209730855,0.74206320614,0.223194204637,0.722121455897,100.0
9.418744,-0.297975768047,-0.0839854481367,0.00728640874246,1.46801961401,0.566805901124,-0.124252443819,-1.39745649776,95.6591644287,0.627398142245,-0.103543703182,-0.133839823743,1.65209730855,0.74206320614,0.223194204637,0.722121455897,100.0
9.428750,-0.29759227285,-0.0855194289246,0.00690291354548,1.46725262361,0.567572891518,-0.124252443819,-1.39745649776,95.6591644287,0.628165132639,-0.103927198379,-0.133456328546,1.65094682296,0.741296215746,0.222427214243,0.7217379607,100.0
9.438743,-0.29759227285,-0.0874369049095,0.00728640874246,1.46571864282,0.566805901124,-0.125786424607,-1.39783999296,95.6591644287,0.628548627836,-0.103927198379,-0.133839823743,1.65094682296,0.74206320614,0.223961195031,0.720587475109,100.0
9.448776,-0.296441787259,-0.0882038953034,0.00575242795457,1.46571864282,0.566805901124,-0.12540292941,-1.39745649776,95.6591644287,0.628548627836,-0.104694188773,-0.133456328546,1.65171381336,0.741679710943,0.223194204637,0.721354465503,100.0
9.458753,-0.297208777653,-0.0897378760913,0.00575242795457,1.46341767164,0.566422405927,-0.127320405394,-1.39860698335,95.6591644287,0.628548627836,-0.103543703182,-0.133456328546,1.65094682296,0.74206320614,0.223194204637,0.720203979912,100.0
9.468736,-0.296825282456,-0.0912718568792,0.00651941834851,1.46380116684,0.567572891518,-0.128087395788,-1.39860698335,95.6591644287,0.627398142245,-0.103543703182,-0.13422331894,1.65094682296,0.741679710943,0.223577699834,0.721354465503,100.0
9.478734,-0.297208777653,-0.0924223424701,0.00575242795457,1.46188369085,0.56603891073,-0.128087395788,-1.39707300257,95.6591644287,0.628165132639,-0.104310693576,-0.133072833349,1.65056332776,0.74206320614,0.223577699834,0.720970970306,100.0
9.488731,-0.296825282456,-0.093956323258,0.00575242795457,1.46188369085,0.566805901124,-0.128470890985,-1.39860698335,95.6591644287,0.628932123033,-0.103927198379,-0.133839823743,1.65056332776,0.741679710943,0.223194204637,0.721354465503,100.0
9.498779,-0.297975768047,-0.0958737992428,0.0053689327576,1.46073320526,0.566805901124,-0.129621376576,-1.39745649776,95.6591644287,0.628932123033,-0.103543703182,-0.133072833349,1.65094682296,0.74206320614,0.22281070944,0.721354465503,100.0
9.508782,-0.296825282456,-0.0981747704247,0.00575242795457,1.46111670046,0.567189396321,-0.13038836697,-1.39783999296,95.6591644287,0.628932123033,-0.103543703182,-0.133072833349,1.65056332776,0.74206320614,0.223577699834,0.720587475109,100.0
9.518743,-0.297208777653,-0.0997087512126,0.00575242795457,1.45881572928,0.565655415533,-0.131155357364,-1.39783999296,95.6591644287,0.628548627836,-0.103927198379,-0.133456328546,1.65056332776,0.74206320614,0.223194204637,0.721354465503,100.0
9.528752,-0.297208777653,-0.10009224641,0.00613592315154,1.45843223408,0.56603891073,-0.131155357364,-1.39745649776,95.6591644287,0.628932123033,-0.104310693576,-0.132689338152,1.65017983257,0.742830196534,0.223961195031,0.7217379607,100.0
9.538741,-0.296825282456,-0.102776712788,0.00575242795457,1.45728174849,0.56603891073,-0.132689338152,-1.39783999296,95.6591644287,0.630082608624,-0.103543703182,-0.133839823743,1.65133031816,0.742830196534,0.223194204637,0.7217379607,100.0
9.548775,-0.297975768047,-0.103927198379,0.0053689327576,1.4557477677,0.56603891073,-0.132689338152,-1.39860698335,95.6591644287,0.628932123033,-0.104310693576,-0.133072833349,1.65094682296,0.74206320614,0.223577699834,0.7217379607,100.0
9.558738,-0.297208777653,-0.105461179167,0.00345145677274,1.45536427251,0.565271920336,-0.13422331894,-1.39937397375,95.6591644287,0.629699113427,-0.104310693576,-0.133839823743,1.65094682296,0.74206320614,0.22281070944,0.7217379607,100.0
9.568757,-0.296825282456,-0.107378655152,0.00383495196971,1.45498077731,0.565271920336,-0.134606814137,-1.39860698335,95.6591644287,0.630082608624,-0.103927198379,-0.133456328546,1.65017983257,0.74206320614,0.22281070944,0.721354465503,100.0
9.578753,-0.29759227285,-0.10891263594,0.00383495196971,1.45306330132,0.565655415533,-0.136524290122,-1.39975746895,95.6591644287,0.630082608624,-0.103927198379,-0.133456328546,1.65056332776,0.741679710943,0.223577699834,0.720970970306,100.0
9.588745,-0.297208777653,-0.110063121531,0.00383495196971,1.45191281573,0.564504929942,-0.136907785319,-1.39899047855,95.6591644287,0.630849599018,-0.104310693576,-0.13422331894,1.65056332776,0.74206320614,0.22281070944,0.7217379607,100.0
9.598728,-0.296441787259,-0.111213607122,0.00191747598486,1.45152932054,0.564888425139,-0.13805827091,-1.39975746895,95.6591644287,0.630849599018,-0.104694188773,-0.133839823743,1.65017983257,0.741296215746,0.22281070944,0.7217379607,100.0
9.608747,-0.298359263244,-0.11274758791,0.00383495196971,1.45037883495,0.564888425139,-0.139592251698,-1.39937397375,95.6591644287,0.630466103821,-0.103927198379,-0.133456328546,1.65133031816,0.74206320614,0.223194204637,0.720970970306,100.0
9.618742,-0.296825282456,-0.1138980735,0.00191747598486,1.44884485416,0.565655415533,-0.140359242092,-1.39899047855,95.6591644287,0.629699113427,-0.104694188773,-0.133839823743,1.65094682296,0.742446701337,0.223194204637,0.720587475109,100.0
9.628740,-0.297975768047,-0.115815549485,0.00383495196971,1.44807786376,0.565655415533,-0.141509727682,-1.39783999296,95.6591644287,0.630466103821,-0.104310693576,-0.133456328546,1.65133031816,0.74206320614,0.223961195031,0.720587475109,100.0
9.638743,-0.29759227285,-0.118116520667,0.00230097118183,1.44769436857,0.565655415533,-0.142660213273,-1.39860698335,95.6591644287,0.630082608624,-0.104310693576,-0.133456328546,1.65133031816,0.741679710943,0.223194204637,0.720587475109,100.0
9.648742,-0.298359263244,-0.119267006258,0.00191747598486,1.44577689258,0.565655415533,-0.143427203667,-1.39822348816,95.6591644287,0.631233094215,-0.104310693576,-0.133072833349,1.65133031816,0.741679710943,0.223577699834,0.721354465503,100.0
9.658726,-0.298359263244,-0.121184482243,0.0,1.44462640699,0.565655415533,-0.144194194061,-1.39860698335,95.6591644287,0.629699113427,-0.104310693576,-0.133839823743,1.65133031816,0.74206320614,0.222427214243,0.7217379607,100.0
9.668735,-0.298359263244,-0.124635939016,0.000383495196971,1.44424291179,0.562970949154,-0.149946622016,-1.40090795454,95.6591644287,0.629699113427,-0.10507768397,-0.133456328546,1.65133031816,0.742446701337,0.223194204637,0.7217379607,100.0
9.678732,-0.298742758441,-0.126169919804,-0.000383495196971,1.44424291179,0.557602016396,-0.161067982728,-1.40397591611,95.6591644287,0.629699113427,-0.104310693576,-0.134606814137,1.65133031816,0.74206320614,0.223577699834,0.7217379607,100.0
9.688729,-0.299893244032,-0.128470890985,0.00153398078789,1.44194194061,0.554534054821,-0.176407790607,-1.40666038249,95.6591644287,0.630082608624,-0.104694188773,-0.133072833349,1.65094682296,0.742446701337,0.223194204637,0.720970970306,100.0
9.698745,-0.299126253638,-0.130004871773,0.000766990393943,1.44002446463,0.550315607654,-0.190213617698,-1.40972834407,95.6591644287,0.62931561823,-0.103543703182,-0.132689338152,1.65171381336,0.741296215746,0.223577699834,0.720587475109,100.0
9.708760,-0.298359263244,-0.131155357364,-0.00230097118183,1.43695650305,0.54954861726,-0.202101968804,-1.41164582005,95.6591644287,0.62931561823,-0.104310693576,-0.133072833349,1.65133031816,0.742446701337,0.224344690228,0.7217379607,100.0
9.718745,-0.298359263244,-0.133839823743,-0.00651941834851,1.43388854148,0.546097160487,-0.209771872743,-1.41394679123,95.6591644287,0.628932123033,-0.104694188773,-0.133456328546,1.65171381336,0.741679710943,0.223961195031,0.721354465503,100.0
9.728742,-0.297208777653,-0.135373804531,-0.00920388472731,1.42967009431,0.541495218124,-0.218975757471,-1.41586426722,95.6591644287,0.628548627836,-0.104310693576,-0.133456328546,1.65171381336,0.74206320614,0.223577699834,0.721354465503,100.0
9.738750,-0.296825282456,-0.136524290122,-0.0126553415001,1.42660213273,0.537660266154,-0.227412651804,-1.41739824801,95.6591644287,0.628932123033,-0.103927198379,-0.13422331894,1.65133031816,0.741679710943,0.22281070944,0.720970970306,100.0
9.748738,-0.29759227285,-0.138441766107,-0.0153398078789,1.42084970478,0.537660266154,-0.238150517319,-1.41969921919,95.6591644287,0.628548627836,-0.103927198379,-0.133839823743,1.65171381336,0.741296215746,0.223194204637,0.721354465503,100.0
9.758737,-0.298359263244,-0.141893222879,-0.0184077694546,1.41586426722,0.535359294972,-0.24812139244,-1.42161669517,95.6591644287,0.628548627836,-0.103927198379,-0.133456328546,1.65094682296,0.741679710943,0.223194204637,0.7217379607,100.0
9.768735,-0.299509748835,-0.144577689258,-0.0187912646516,1.41241281045,0.53305832379,-0.25579129638,-1.42161669517,95.6591644287,0.628548627836,-0.103160207985,-0.13422331894,1.65094682296,0.74206320614,0.223194204637,0.721354465503,100.0
9.778738,-0.300660234426,-0.147645650834,-0.0214757310304,1.40857785848,0.532674828593,-0.263461200319,-1.42315067596,95.6591644287,0.628165132639,-0.103160207985,-0.133456328546,1.65056332776,0.742446701337,0.223194204637,0.721354465503,100.0
9.788740,-0.302194215213,-0.151480602804,-0.0233932070153,1.40627688729,0.531140847805,-0.269597123471,-1.42238368557,95.6591644287,0.62931561823,-0.102776712788,-0.133839823743,1.65133031816,0.742446701337,0.22281070944,0.720587475109,100.0
9.798753,-0.304495186395,-0.154932059576,-0.0249271878031,1.40320892572,0.530757352608,-0.274199065835,-1.42353417116,95.6591644287,0.62931561823,-0.102776712788,-0.133839823743,1.65094682296,0.74206320614,0.222427214243,0.7217379607,100.0
9.808783,-0.306029167183,-0.159150506743,-0.0260776733941,1.40244193532,0.530373857411,-0.278801008198,-1.42200019037,95.6591644287,0.62931561823,-0.103160207985,-0.133839823743,1.64979633737,0.742830196534,0.222043719046,0.722121455897,100.0
9.818745,-0.308713633562,-0.162985458713,-0.0256941781971,1.40014096414,0.531140847805,-0.28110197938,-1.42161669517,95.6591644287,0.62931561823,-0.103543703182,-0.133839823743,1.65056332776,0.74206320614,0.223577699834,0.722121455897,100.0
9.828750,-0.312165090335,-0.16835439147,-0.026844663788,1.39975746895,0.531524343002,-0.281485474577,-1.42161669517,95.6591644287,0.62931561823,-0.103160207985,-0.133072833349,1.64979633737,0.742446701337,0.223194204637,0.722121455897,100.0
9.838742,-0.314849556713,-0.17218934344,-0.0279951493789,1.39975746895,0.531140847805,-0.28110197938,-1.42161669517,95.6591644287,0.629699113427,-0.104310693576,-0.134606814137,1.65017983257,0.741679710943,0.223194204637,0.7217379607,100.0
9.849260,-0.31906800388,-0.182160218561,-0.0291456349698,1.39937397375,0.529990362214,-0.278034017804,-1.42238368557,95.6591644287,0.631233094215,-0.10507768397,-0.133456328546,1.65171381336,0.74206320614,0.222427214243,0.721354465503,100.0
9.858733,-0.31906800388,-0.182160218561,-0.0291456349698,1.39937397375,0.529990362214,-0.278034017804,-1.42238368557,95.6591644287,0.631233094215,-0.10507768397,-0.133456328546,1.65171381336,0.74206320614,0.222427214243,0.721354465503,100.0
9.868755,-0.320985479865,-0.186762160925,-0.0306796157577,1.39822348816,0.529990362214,-0.27726702741,-1.42238368557,95.6591644287,0.632000084609,-0.104694188773,-0.133072833349,1.65209730855,0.741679710943,0.223577699834,0.721354465503,100.0
9.878728,-0.321368975062,-0.190597112895,-0.0325970917426,1.39668950737,0.529606867017,-0.276883532213,-1.42238368557,95.6591644287,0.632767075003,-0.10507768397,-0.13422331894,1.65209730855,0.742830196534,0.223961195031,0.7217379607,100.0
9.888785,-0.321752470259,-0.194432064864,-0.0345145677274,1.39592251698,0.52807288623,-0.277650522607,-1.42353417116,95.6591644287,0.633917560594,-0.105461179167,-0.133456328546,1.65171381336,0.741679710943,0.223961195031,0.7217379607,100.0
9.898736,-0.323669946244,-0.198267016834,-0.0356650533183,1.39400504099,0.528839876623,-0.274966056228,-1.42238368557,95.6591644287,0.635068046185,-0.104694188773,-0.13422331894,1.65248080375,0.74206320614,0.224344690228,0.721354465503,100.0
9.908728,-0.324820431835,-0.20133497841,-0.0371990341062,1.3924710602,0.52807288623,-0.276116541819,-1.42353417116,95.6591644287,0.636218531775,-0.104694188773,-0.13422331894,1.65209730855,0.741679710943,0.22281070944,0.7217379607,100.0
9.918728,-0.324820431835,-0.204402939986,-0.0375825293032,1.39017008902,0.527305895836,-0.275733046622,-1.42468465675,95.6591644287,0.636602026972,-0.104310693576,-0.133456328546,1.65209730855,0.741679710943,0.22281070944,0.7217379607,100.0
9.928729,-0.325970917426,-0.207470901562,-0.0368155389092,1.38901960343,0.526538905442,-0.276883532213,-1.42545164714,95.6591644287,0.637369017366,-0.104694188773,-0.133456328546,1.65133031816,0.741679710943,0.223194204637,0.720970970306,100.0
9.938749,-0.327504898214,-0.209771872743,-0.0379660245002,1.38671863225,0.525004924654,-0.276883532213,-1.42468465675,95.6591644287,0.636985522169,-0.103927198379,-0.133456328546,1.65171381336,0.742830196534,0.223194204637,0.721354465503,100.0
9.948743,-0.328655383804,-0.212839834319,-0.0387330148941,1.38441766107,0.525388419851,-0.278034017804,-1.42468465675,95.6591644287,0.637369017366,-0.103927198379,-0.133839823743,1.65133031816,0.74206320614,0.223194204637,0.7217379607,100.0
9.958754,-0.329038879001,-0.214757310304,-0.039500005288,1.38326717548,0.525388419851,-0.278801008198,-1.42468465675,95.6591644287,0.638519502957,-0.103543703182,-0.133072833349,1.65056332776,0.74206320614,0.223961195031,0.720587475109,100.0
9.968763,-0.329805869395,-0.217058281486,-0.040650490879,1.38173319469,0.525004924654,-0.279567998592,-1.42468465675,95.6591644287,0.63813600776,-0.104310693576,-0.132689338152,1.65056332776,0.741296215746,0.223194204637,0.721354465503,100.0
9.978781,-0.331339850183,-0.221276728652,-0.0410339860759,1.38096620429,0.525388419851,-0.280334988986,-1.42583514234,95.6591644287,0.637752512563,-0.103927198379,-0.131922347758,1.64979633737,0.74206320614,0.223194204637,0.720970970306,100.0
9.988764,-0.332490335774,-0.22281070944,-0.040266995682,1.37943222351,0.525388419851,-0.28110197938,-1.42545164714,95.6591644287,0.637369017366,-0.103927198379,-0.131922347758,1.64941284217,0.74206320614,0.223577699834,0.7217379607,100.0
9.998753,-0.333640821365,-0.226262166213,-0.040650490879,1.37828173792,0.525388419851,-0.282252464971,-1.42621863754,95.6591644287,0.63813600776,-0.103927198379,-0.13038836697,1.64902934698,0.74206320614,0.224728185425,0.721354465503,100.0
10.008748,-0.334024316562,-0.228946632592,-0.040266995682,1.37751474752,0.525771915048,-0.281868969774,-1.42545164714,95.6591644287,0.637369017366,-0.104310693576,-0.131155357364,1.64826235658,0.74206320614,0.224344690228,0.721354465503,100.0
10.018745,-0.33555829735,-0.23048061338,-0.0410339860759,1.37598076673,0.525388419851,-0.283019455365,-1.42468465675,95.6591644287,0.636985522169,-0.103927198379,-0.131538852561,1.64826235658,0.741679710943,0.223961195031,0.7217379607,100.0
10.028744,-0.335941792547,-0.232781584562,-0.0410339860759,1.37367979555,0.525388419851,-0.28110197938,-1.42468465675,95.6591644287,0.636602026972,-0.103160207985,-0.131538852561,1.64787886139,0.741679710943,0.223577699834,0.720587475109,100.0
10.038732,-0.337092278138,-0.235082555743,-0.0410339860759,1.37291280516,0.525004924654,-0.279567998592,-1.42430116155,95.6591644287,0.636602026972,-0.103160207985,-0.131538852561,1.64826235658,0.74206320614,0.223194204637,0.7217379607,100.0
10.048747,-0.337475773335,-0.237383526925,-0.0414174812729,1.37176231957,0.525004924654,-0.282252464971,-1.42621863754,95.6591644287,0.636218531775,-0.103160207985,-0.131922347758,1.64672837579,0.742446701337,0.22281070944,0.721354465503,100.0
10.058741,-0.338626258926,-0.23930100291,-0.0414174812729,1.37291280516,0.526155410245,-0.282252464971,-1.42621863754,95.6591644287,0.635835036579,-0.102393217591,-0.131538852561,1.64672837579,0.74206320614,0.222043719046,0.720970970306,100.0
10.068728,-0.339009754123,-0.241601974092,-0.0414174812729,1.37137882437,0.525004924654,-0.28493693135,-1.42545164714,95.6591644287,0.635835036579,-0.103160207985,-0.131538852561,1.64672837579,0.742446701337,0.222427214243,0.721354465503,100.0
10.078736,-0.339009754123,-0.243519450077,-0.0437184524547,1.37022833878,0.526538905442,-0.284169940956,-1.42545164714,95.6591644287,0.635451541382,-0.103160207985,-0.132305842955,1.64711187099,0.741679710943,0.222427214243,0.721354465503,100.0
10.088750,-0.338626258926,-0.245436926062,-0.0429514620608,1.36984484358,0.525004924654,-0.286470912138,-1.42468465675,95.6591644287,0.635068046185,-0.103160207985,-0.132305842955,1.64787886139,0.741679710943,0.221660223849,0.720970970306,100.0
10.098758,-0.339009754123,-0.246587411653,-0.0425679668638,1.3679273676,0.525771915048,-0.285703921744,-1.42506815195,95.6591644287,0.634301055791,-0.103543703182,-0.132689338152,1.64787886139,0.742446701337,0.220893233455,0.721354465503,100.0
10.108750,-0.338626258926,-0.248888382834,-0.0433349572578,1.3675438724,0.525388419851,-0.285320426547,-1.42468465675,95.6591644287,0.633917560594,-0.103543703182,-0.132689338152,1.64864585178,0.741679710943,0.221276728652,0.722121455897,100.0
10.118732,-0.33939324932,-0.251572849213,-0.0441019476517,1.36677688201,0.526538905442,-0.287621397729,-1.42391766635,95.6591644287,0.633534065397,-0.103927198379,-0.131922347758,1.64864585178,0.741679710943,0.221660223849,0.720587475109,100.0
10.128738,-0.337859268532,-0.252339839607,-0.0437184524547,1.36639338681,0.526155410245,-0.288004892925,-1.42545164714,95.6591644287,0.632767075003,-0.103927198379,-0.132305842955,1.64902934698,0.74206320614,0.220126243062,0.720587475109,100.0
10.138728,-0.339009754123,-0.255024305986,-0.0444854428487,1.3671603772,0.526155410245,-0.288388388122,-1.42468465675,95.6591644287,0.632000084609,-0.104694188773,-0.132305842955,1.64941284217,0.742830196534,0.219742747865,0.720970970306,100.0
10.148751,-0.338626258926,-0.25579129638,-0.0441019476517,1.36639338681,0.527305895836,-0.287621397729,-1.42391766635,95.6591644287,0.633534065397,-0.103927198379,-0.132305842955,1.65094682296,0.741296215746,0.219742747865,0.720203979912,100.0
10.158757,-0.338242763729,-0.257325277168,-0.0441019476517,1.36562639641,0.526922400639,-0.288004892925,-1.42353417116,95.6591644287,0.631233094215,-0.105461179167,-0.132689338152,1.65133031816,0.742446701337,0.218975757471,0.721354465503,100.0
10.168730,-0.338242763729,-0.257325277168,-0.0452524332426,1.36524290122,0.527689391033,-0.287237902532,-1.42430116155,95.6591644287,0.632000084609,-0.104694188773,-0.132305842955,1.65209730855,0.74206320614,0.218208767077,0.7217379607,100.0
10.178728,-0.338626258926,-0.260009743547,-0.0444854428487,1.36409241563,0.527305895836,-0.291839844895,-1.42506815195,95.6591644287,0.632383579806,-0.105461179167,-0.132305842955,1.65209730855,0.741679710943,0.217441776683,0.721354465503,100.0
10.188733,-0.336708782941,-0.261543724334,-0.0444854428487,1.36370892043,0.524621429457,-0.302194215213,-1.42775261832,95.6591644287,0.632000084609,-0.105461179167,-0.132689338152,1.65286429895,0.741679710943,0.216674786289,0.720970970306,100.0
10.198800,-0.337475773335,-0.261543724334,-0.0437184524547,1.36370892043,0.521169972684,-0.313315575926,-1.42967009431,95.6591644287,0.631233094215,-0.104310693576,-0.132689338152,1.65286429895,0.741296215746,0.215140805501,0.720587475109,100.0
10.209230,-0.336325287744,-0.263461200319,-0.0460194236366,1.36140794925,0.52040298229,-0.333640821365,-1.43158757029,95.6591644287,0.632000084609,-0.10507768397,-0.132305842955,1.65363128934,0.741679710943,0.216674786289,0.722121455897,100.0
10.218743,-0.336325287744,-0.263461200319,-0.0460194236366,1.36140794925,0.52040298229,-0.333640821365,-1.43158757029,95.6591644287,0.632000084609,-0.10507768397,-0.132305842955,1.65363128934,0.741679710943,0.216674786289,0.722121455897,100.0
10.228755,-0.336325287744,-0.263461200319,-0.0490873852123,1.35872348287,0.517335020714,-0.340543734911,-1.43235456069,95.6591644287,0.631616589412,-0.103927198379,-0.133072833349,1.65324779414,0.741296215746,0.21782527188,0.721354465503,100.0
10.238738,-0.335941792547,-0.263844695516,-0.0506213660002,1.35565552129,0.514267059139,-0.347830143653,-1.43465553187,95.6591644287,0.630466103821,-0.103927198379,-0.132689338152,1.65286429895,0.741679710943,0.217058281486,0.7217379607,100.0
10.248791,-0.335174802153,-0.265378676304,-0.0525388419851,1.35373804531,0.512733078351,-0.357417523577,-1.43695650305,95.6591644287,0.631616589412,-0.104310693576,-0.133072833349,1.65324779414,0.741296215746,0.215907795895,0.721354465503,100.0
10.258775,-0.33555829735,-0.266912657092,-0.054072822773,1.35220406452,0.511199097563,-0.368155389092,-1.43849048384,95.6591644287,0.632000084609,-0.103543703182,-0.132305842955,1.65248080375,0.74206320614,0.217058281486,0.720970970306,100.0
10.268744,-0.335174802153,-0.26844663788,-0.0559902987578,1.35182056932,0.509281621578,-0.376592283426,-1.43964096943,95.6591644287,0.631616589412,-0.103543703182,-0.132305842955,1.65209730855,0.742830196534,0.216674786289,0.722121455897,100.0
10.278773,-0.335174802153,-0.270364113865,-0.0563737939548,1.34913610295,0.507364145593,-0.385029177759,-1.44155844542,95.6591644287,0.632000084609,-0.103160207985,-0.131922347758,1.65171381336,0.742446701337,0.21782527188,0.720587475109,100.0
10.288755,-0.336708782941,-0.271514599456,-0.0590582603336,1.34836911255,0.507364145593,-0.390781605714,-1.44117495022,95.6591644287,0.630466103821,-0.103543703182,-0.132305842955,1.65133031816,0.74206320614,0.217058281486,0.720587475109,100.0
10.298765,-0.337092278138,-0.274966056228,-0.0605922411215,1.34645163657,0.505446669608,-0.394616557684,-1.44155844542,95.6591644287,0.630849599018,-0.102776712788,-0.132305842955,1.65094682296,0.740912720549,0.217058281486,0.7217379607,100.0
10.308749,-0.339009754123,-0.277650522607,-0.0617427267124,1.34530115098,0.505063174411,-0.395767043274,-1.44232543581,95.6591644287,0.632000084609,-0.102776712788,-0.132689338152,1.65056332776,0.74206320614,0.215524300698,0.720970970306,100.0
10.318747,-0.339776744517,-0.28110197938,-0.0632767075003,1.34453416058,0.504679679214,-0.39883500485,-1.44117495022,95.6591644287,0.630849599018,-0.102393217591,-0.131922347758,1.65056332776,0.742446701337,0.216674786289,0.720970970306,100.0
10.328744,-0.341310725305,-0.283402950562,-0.0636602026972,1.34300017979,0.505446669608,-0.399601995244,-1.44194194061,95.6591644287,0.632000084609,-0.102393217591,-0.133072833349,1.65171381336,0.742446701337,0.215907795895,0.7217379607,100.0
10.338743,-0.342844706092,-0.286470912138,-0.0636602026972,1.34031571341,0.504296184017,-0.400752480835,-1.44194194061,95.6591644287,0.6331505702,-0.102009722394,-0.132305842955,1.65133031816,0.741679710943,0.216291291092,0.720587475109,100.0
10.348736,-0.344762182077,-0.289155378516,-0.0644271930912,1.33993221822,0.503529193623,-0.399985490441,-1.44155844542,95.6591644287,0.632383579806,-0.102393217591,-0.131922347758,1.65133031816,0.74206320614,0.216674786289,0.720970970306,100.0
10.358777,-0.347063153259,-0.292990330486,-0.0640436978942,1.33801474223,0.504296184017,-0.399985490441,-1.44155844542,95.6591644287,0.632383579806,-0.103543703182,-0.132305842955,1.65171381336,0.741679710943,0.216674786289,0.7217379607,100.0
10.368747,-0.34821363885,-0.294907806471,-0.0659611738791,1.33648076145,0.50391268882,-0.399985490441,-1.4430924262,95.6591644287,0.632383579806,-0.102776712788,-0.132305842955,1.65248080375,0.74206320614,0.215907795895,0.7217379607,100.0
10.378745,-0.350131114835,-0.298359263244,-0.0651941834851,1.33456328546,0.502762203229,-0.397301024062,-1.44194194061,95.6591644287,0.633534065397,-0.102776712788,-0.132689338152,1.65286429895,0.741296215746,0.215907795895,0.721354465503,100.0
10.388734,-0.351665095623,-0.301810720016,-0.066344669076,1.33226231428,0.501611717639,-0.397301024062,-1.44155844542,95.6591644287,0.634301055791,-0.104310693576,-0.132689338152,1.65248080375,0.741679710943,0.217441776683,0.721354465503,100.0
10.398790,-0.352815581214,-0.303344700804,-0.066728164273,1.33111182869,0.501611717639,-0.396917528865,-1.44270893101,95.6591644287,0.634301055791,-0.103160207985,-0.132305842955,1.65286429895,0.741296215746,0.21782527188,0.721354465503,100.0
10.408745,-0.353966066805,-0.30641266238,-0.0686456402579,1.32804386711,0.500461232048,-0.396534033668,-1.44232543581,95.6591644287,0.634684550988,-0.103543703182,-0.132305842955,1.65363128934,0.741296215746,0.218208767077,0.720203979912,100.0
10.418733,-0.354733057199,-0.308330138365,-0.0682621450609,1.32727687672,0.500844727245,-0.396917528865,-1.44232543581,95.6591644287,0.635835036579,-0.104310693576,-0.132689338152,1.65363128934,0.741679710943,0.218975757471,0.7217379607,100.0
10.428743,-0.356267037986,-0.311014604744,-0.0701796210458,1.32535940073,0.501611717639,-0.399218500047,-1.4434759214,95.6591644287,0.633917560594,-0.103543703182,-0.132689338152,1.65209730855,0.741296215746,0.21782527188,0.7217379607,100.0
10.438744,-0.356267037986,-0.312932080729,-0.0717136018336,1.32535940073,0.500077736851,-0.400752480835,-1.4438594166,95.6591644287,0.635068046185,-0.103927198379,-0.132305842955,1.65209730855,0.74206320614,0.217058281486,0.722121455897,100.0
10.448754,-0.357417523577,-0.316000042304,-0.0732475826215,1.32420891514,0.499694241654,-0.401902966426,-1.44270893101,95.6591644287,0.635068046185,-0.103543703182,-0.132305842955,1.65209730855,0.741679710943,0.218208767077,0.721354465503,100.0
10.458760,-0.357801018774,-0.318301013486,-0.0736310778185,1.32267493435,0.499694241654,-0.40266995682,-1.44232543581,95.6591644287,0.635835036579,-0.103927198379,-0.132689338152,1.65133031816,0.74206320614,0.218208767077,0.720970970306,100.0
10.468774,-0.358568009168,-0.320985479865,-0.0743980682124,1.32344192475,0.500461232048,-0.403820442411,-1.4430924262,95.6591644287,0.635451541382,-0.103160207985,-0.131538852561,1.65133031816,0.741679710943,0.218592262274,0.722504951094,100.0
10.478756,-0.36086898035,-0.324053441441,-0.0747815634094,1.32190794396,0.499694241654,-0.403053452017,-1.44232543581,95.6591644287,0.634684550988,-0.103543703182,-0.131922347758,1.65094682296,0.742446701337,0.218592262274,0.720970970306,100.0
10.489422,-0.362786456335,-0.328271888607,-0.0759320490003,1.31960697278,0.499310746457,-0.406121413593,-1.44194194061,95.6591644287,0.634684550988,-0.103160207985,-0.131538852561,1.65056332776,0.741679710943,0.21782527188,0.721354465503,100.0
10.498726,-0.362786456335,-0.328271888607,-0.0759320490003,1.31960697278,0.499310746457,-0.406121413593,-1.44194194061,95.6591644287,0.634684550988,-0.103160207985,-0.131538852561,1.65056332776,0.741679710943,0.21782527188,0.721354465503,100.0
10.508743,-0.363936941926,-0.330189364592,-0.0759320490003,1.31883998238,0.500077736851,-0.405737918396,-1.44232543581,95.6591644287,0.634684550988,-0.103160207985,-0.131922347758,1.65017983257,0.74206320614,0.21782527188,0.7217379607,100.0
10.518744,-0.36470393232,-0.333640821365,-0.0770825345912,1.31845648719,0.499694241654,-0.404587432805,-1.4430924262,95.6591644287,0.634301055791,-0.102776712788,-0.131538852561,1.64864585178,0.741679710943,0.216674786289,0.720970970306,100.0
10.528727,-0.365854417911,-0.33555829735,-0.0770825345912,1.31615551601,0.500077736851,-0.403820442411,-1.44194194061,95.6591644287,0.635068046185,-0.102776712788,-0.131922347758,1.64826235658,0.74206320614,0.217441776683,0.720970970306,100.0
10.538726,-0.366621408305,-0.337859268532,-0.0763155441973,1.31423804002,0.499310746457,-0.403053452017,-1.44270893101,95.6591644287,0.634684550988,-0.102776712788,-0.132305842955,1.64864585178,0.741296215746,0.217441776683,0.7217379607,100.0
10.548755,-0.367771893896,-0.340927230108,-0.0751650586064,1.31347104963,0.500077736851,-0.403820442411,-1.4434759214,95.6591644287,0.633917560594,-0.102776712788,-0.131922347758,1.64826235658,0.741679710943,0.216291291092,0.722121455897,100.0
10.558745,-0.368155389092,-0.343228201289,-0.0770825345912,1.31193706884,0.500077736851,-0.404587432805,-1.44117495022,95.6591644287,0.633534065397,-0.103160207985,-0.131538852561,1.64864585178,0.74206320614,0.217058281486,0.7217379607,100.0
10.568728,-0.368922379486,-0.346296162865,-0.0770825345912,1.31117007845,0.500461232048,-0.405354423199,-1.44232543581,95.6591644287,0.632767075003,-0.102776712788,-0.131538852561,1.64787886139,0.741679710943,0.218208767077,0.7217379607,100.0
10.578740,-0.370072865077,-0.34821363885,-0.0770825345912,1.30848561207,0.500077736851,-0.405354423199,-1.44232543581,95.6591644287,0.6331505702,-0.102776712788,-0.131155357364,1.64826235658,0.741679710943,0.217441776683,0.7217379607,100.0
10.588729,-0.371223350668,-0.349364124441,-0.0778495249852,1.30848561207,0.500461232048,-0.407655394381,-1.44155844542,95.6591644287,0.632767075003,-0.102776712788,-0.131922347758,1.64864585178,0.741296215746,0.217058281486,0.720203979912,100.0
10.598734,-0.370839855471,-0.352432086017,-0.0790000105761,1.30695163128,0.500844727245,-0.408038889578,-1.44155844542,95.6591644287,0.632000084609,-0.102393217591,-0.132305842955,1.64864585178,0.74206320614,0.216674786289,0.721354465503,100.0
10.608743,-0.371223350668,-0.355116552395,-0.0786165153791,1.3046506601,0.500844727245,-0.409189375168,-1.44117495022,95.6591644287,0.632000084609,-0.103927198379,-0.132305842955,1.64941284217,0.74206320614,0.217058281486,0.720970970306,100.0
10.618743,-0.371606845865,-0.35703402838,-0.0793835057731,1.30311667931,0.501228222442,-0.408805879971,-1.44194194061,95.6591644287,0.631233094215,-0.103927198379,-0.132305842955,1.64902934698,0.741296215746,0.217058281486,0.720970970306,100.0
10.628741,-0.371606845865,-0.359718494759,-0.0790000105761,1.30234968891,0.501611717639,-0.410723355956,-1.44194194061,95.6591644287,0.632000084609,-0.104310693576,-0.132305842955,1.65017983257,0.741679710943,0.21782527188,0.7217379607,100.0
10.638737,-0.372757331456,-0.362402961138,-0.07976700097,1.30119920332,0.501228222442,-0.409572870365,-1.44079145502,95.6591644287,0.631233094215,-0.104694188773,-0.133072833349,1.65017983257,0.741679710943,0.217058281486,0.720970970306,100.0
10.649093,-0.373140826653,-0.365854417911,-0.080150496167,1.29928172734,0.501611717639,-0.411106851153,-1.44002446463,95.6591644287,0.631233094215,-0.103927198379,-0.131922347758,1.65056332776,0.742446701337,0.217441776683,0.721354465503,100.0
10.658732,-0.373140826653,-0.365854417911,-0.080150496167,1.29928172734,0.501611717639,-0.411106851153,-1.44002446463,95.6591644287,0.631233094215,-0.103927198379,-0.131922347758,1.65056332776,0.742446701337,0.217441776683,0.721354465503,100.0
10.668731,-0.372373836259,-0.368922379486,-0.080150496167,1.29736425135,0.501995212836,-0.411106851153,-1.43887397904,95.6591644287,0.630849599018,-0.104310693576,-0.132305842955,1.65171381336,0.741296215746,0.217441776683,0.721354465503,100.0
10.678729,-0.371223350668,-0.370839855471,-0.080917486561,1.29621376576,0.502762203229,-0.409572870365,-1.43964096943,95.6591644287,0.631233094215,-0.10507768397,-0.133072833349,1.65209730855,0.742446701337,0.217058281486,0.721354465503,100.0
10.688732,-0.371606845865,-0.373140826653,-0.07976700097,1.29544677537,0.503145698426,-0.411106851153,-1.44002446463,95.6591644287,0.630466103821,-0.104694188773,-0.132305842955,1.65171381336,0.74206320614,0.217441776683,0.721354465503,100.0
10.698743,-0.372373836259,-0.375825293032,-0.080533991364,1.29391279458,0.503145698426,-0.411106851153,-1.43964096943,95.6591644287,0.631616589412,-0.104694188773,-0.133072833349,1.65171381336,0.742446701337,0.218208767077,0.720970970306,100.0
10.708728,-0.372757331456,-0.377742769017,-0.0813009817579,1.29314580419,0.502378708032,-0.410339860759,-1.43964096943,95.6591644287,0.630466103821,-0.104694188773,-0.132689338152,1.65248080375,0.741296215746,0.217441776683,0.722504951094,100.0
10.718726,-0.372373836259,-0.380043740199,-0.080150496167,1.2916118234,0.503145698426,-0.411106851153,-1.43964096943,95.6591644287,0.630082608624,-0.103160207985,-0.131922347758,1.65248080375,0.74206320614,0.217058281486,0.721354465503,100.0
10.728737,-0.372373836259,-0.380810730593,-0.080533991364,1.29046133781,0.504296184017,-0.411106851153,-1.43887397904,95.6591644287,0.631233094215,-0.103543703182,-0.131922347758,1.65209730855,0.74206320614,0.217441776683,0.7217379607,100.0
10.738731,-0.371606845865,-0.381961216183,-0.080533991364,1.28854386182,0.504679679214,-0.412640831941,-1.43925747423,95.6591644287,0.631616589412,-0.103543703182,-0.132305842955,1.65248080375,0.742830196534,0.217441776683,0.7217379607,100.0
10.748743,-0.371990341062,-0.383878692168,-0.080150496167,1.28700988104,0.504679679214,-0.411873841547,-1.44040795982,95.6591644287,0.631233094215,-0.103927198379,-0.132305842955,1.65171381336,0.74206320614,0.217058281486,0.7217379607,100.0
10.758727,-0.372373836259,-0.384645682562,-0.080150496167,1.28394191946,0.504296184017,-0.41149034635,-1.43964096943,95.6591644287,0.631233094215,-0.103543703182,-0.132305842955,1.65286429895,0.741296215746,0.218592262274,0.7217379607,100.0
10.768733,-0.372373836259,-0.385796168153,-0.080917486561,1.28279143387,0.505063174411,-0.411106851153,-1.44040795982,95.6591644287,0.632000084609,-0.103543703182,-0.132689338152,1.65286429895,0.741679710943,0.218208767077,0.7217379607,100.0
10.778734,-0.371990341062,-0.385412672956,-0.0813009817579,1.27972347229,0.504679679214,-0.41149034635,-1.43925747423,95.6591644287,0.631233094215,-0.103160207985,-0.132305842955,1.65324779414,0.741679710943,0.218208767077,0.721354465503,100.0
10.788732,-0.371606845865,-0.386563158547,-0.07976700097,1.27703900591,0.50391268882,-0.41149034635,-1.43925747423,95.6591644287,0.631616589412,-0.103160207985,-0.132305842955,1.65324779414,0.74206320614,0.217441776683,0.722121455897,100.0
10.798744,-0.371223350668,-0.387330148941,-0.080533991364,1.27550502513,0.504679679214,-0.412640831941,-1.43964096943,95.6591644287,0.631233094215,-0.103160207985,-0.132689338152,1.65286429895,0.741296215746,0.21782527188,0.721354465503,100.0
10.808729,-0.371990341062,-0.388097139335,-0.0813009817579,1.27282055875,0.504296184017,-0.41532529832,-1.43849048384,95.6591644287,0.632000084609,-0.102393217591,-0.132305842955,1.65286429895,0.742446701337,0.218208767077,0.7217379607,100.0
10.818730,-0.372373836259,-0.389247624926,-0.080533991364,1.27320405394,0.503145698426,-0.418009764699,-1.43964096943,95.6591644287,0.632383579806,-0.103160207985,-0.131922347758,1.65324779414,0.74206320614,0.21782527188,0.721354465503,100.0
10.828729,-0.372373836259,-0.390398110517,-0.080533991364,1.27167007316,0.503529193623,-0.420310735881,-1.43887397904,95.6591644287,0.632000084609,-0.102776712788,-0.131922347758,1.65401478454,0.74206320614,0.218592262274,0.721354465503,100.0
10.838725,-0.370839855471,-0.391165100911,-0.080150496167,1.27282055875,0.502378708032,-0.419927240684,-1.43925747423,95.6591644287,0.632767075003,-0.103543703182,-0.133072833349,1.65324779414,0.74206320614,0.217058281486,0.720970970306,100.0
10.848746,-0.371223350668,-0.393082576896,-0.0793835057731,1.27358754914,0.503145698426,-0.420310735881,-1.43849048384,95.6591644287,0.632000084609,-0.103927198379,-0.132305842955,1.65324779414,0.740912720549,0.218208767077,0.7217379607,100.0
10.858730,-0.370839855471,-0.394233062487,-0.080917486561,1.27282055875,0.503145698426,-0.420694231078,-1.43964096943,95.6591644287,0.631616589412,-0.102776712788,-0.133456328546,1.65324779414,0.74206320614,0.218208767077,0.721354465503,100.0
10.868729,-0.370839855471,-0.395383548077,-0.0786165153791,1.27397104434,0.502378708032,-0.419543745487,-1.43964096943,95.6591644287,0.632383579806,-0.103543703182,-0.131922347758,1.65363128934,0.742446701337,0.218592262274,0.721354465503,100.0
10.878727,-0.370839855471,-0.396534033668,-0.080150496167,1.27320405394,0.503145698426,-0.420310735881,-1.43925747423,95.6591644287,0.631233094215,-0.103160207985,-0.132689338152,1.65324779414,0.74206320614,0.217441776683,0.721354465503,100.0
10.888732,-0.370072865077,-0.396534033668,-0.080533991364,1.27320405394,0.50391268882,-0.419543745487,-1.43887397904,95.6591644287,0.630849599018,-0.102393217591,-0.132305842955,1.65248080375,0.74206320614,0.218208767077,0.7217379607,100.0
10.898744,-0.36968936988,-0.397301024062,-0.080150496167,1.27358754914,0.50391268882,-0.419927240684,-1.43772349345,95.6591644287,0.630849599018,-0.102776712788,-0.132305842955,1.65286429895,0.741296215746,0.218208767077,0.7217379607,100.0
10.908725,-0.368922379486,-0.398068014456,-0.07976700097,1.27320405394,0.503529193623,-0.418393259896,-1.43849048384,95.6591644287,0.630849599018,-0.102776712788,-0.132305842955,1.65209730855,0.74206320614,0.217058281486,0.721354465503,100.0
10.918728,-0.369305874683,-0.398068014456,-0.080917486561,1.27090308276,0.503529193623,-0.41916025029,-1.43849048384,95.6591644287,0.630849599018,-0.103927198379,-0.132305842955,1.65209730855,0.742446701337,0.217441776683,0.721354465503,100.0
10.928725,-0.368155389092,-0.39883500485,-0.080917486561,1.27167007316,0.503145698426,-0.419543745487,-1.43772349345,95.6591644287,0.632000084609,-0.103543703182,-0.133456328546,1.65209730855,0.74206320614,0.21782527188,0.720587475109,100.0
10.938729,-0.367771893896,-0.399218500047,-0.0790000105761,1.27167007316,0.50391268882,-0.41916025029,-1.43695650305,95.6591644287,0.631233094215,-0.103543703182,-0.13422331894,1.65324779414,0.741679710943,0.218208767077,0.721354465503,100.0
10.948726,-0.367388398699,-0.399985490441,-0.0790000105761,1.27090308276,0.504296184017,-0.41916025029,-1.43849048384,95.6591644287,0.632000084609,-0.102776712788,-0.133072833349,1.65248080375,0.741679710943,0.217441776683,0.720587475109,100.0
10.958729,-0.366621408305,-0.399601995244,-0.0790000105761,1.27051958757,0.503529193623,-0.418776755093,-1.43772349345,95.6591644287,0.630849599018,-0.104310693576,-0.133072833349,1.65248080375,0.741679710943,0.217441776683,0.7217379607,100.0
10.968729,-0.367004903502,-0.400368985638,-0.0786165153791,1.27128657796,0.503529193623,-0.418776755093,-1.43733999825,95.6591644287,0.630849599018,-0.103543703182,-0.133456328546,1.65209730855,0.741296215746,0.218208767077,0.721354465503,100.0
10.978731,-0.367004903502,-0.400368985638,-0.080150496167,1.27051958757,0.503529193623,-0.421844716668,-1.43733999825,95.6591644287,0.631233094215,-0.102776712788,-0.131922347758,1.65209730855,0.74206320614,0.218592262274,0.7217379607,100.0
10.988728,-0.366621408305,-0.401135976032,-0.080150496167,1.27090308276,0.501995212836,-0.430281611002,-1.43849048384,95.6591644287,0.630466103821,-0.103543703182,-0.132689338152,1.65171381336,0.74206320614,0.218208767077,0.720970970306,100.0
10.998747,-0.366237913108,-0.400368985638,-0.0770825345912,1.27090308276,0.49892725126,-0.444087438093,-1.43925747423,95.6591644287,0.630849599018,-0.103160207985,-0.133456328546,1.65248080375,0.741679710943,0.217441776683,0.721354465503,100.0
11.008847,-0.365470922714,-0.401135976032,-0.0778495249852,1.26898560678,0.498160260866,-0.455975789199,-1.44117495022,95.6591644287,0.630849599018,-0.103927198379,-0.133072833349,1.65171381336,0.741679710943,0.21782527188,0.721354465503,100.0
11.018738,-0.365854417911,-0.400752480835,-0.0782330201822,1.26783512119,0.501995212836,-0.465179673926,-1.44040795982,95.6591644287,0.629699113427,-0.104310693576,-0.133456328546,1.65209730855,0.741296215746,0.218208767077,0.7217379607,100.0
11.028735,-0.365854417911,-0.399985490441,-0.0790000105761,1.26438366441,0.502762203229,-0.470548606684,-1.44194194061,95.6591644287,0.630082608624,-0.103927198379,-0.133072833349,1.65209730855,0.741296215746,0.21782527188,0.721354465503,100.0
11.038724,-0.364320437123,-0.399985490441,-0.0793835057731,1.26054871244,0.501611717639,-0.477068025032,-1.4430924262,95.6591644287,0.630466103821,-0.103160207985,-0.132689338152,1.65248080375,0.74206320614,0.218592262274,0.721354465503,100.0
11.048754,-0.365087427517,-0.401135976032,-0.0816844769549,1.25863123646,0.500077736851,-0.483970938578,-1.44462640699,95.6591644287,0.630082608624,-0.104310693576,-0.132305842955,1.65248080375,0.741296215746,0.21782527188,0.720587475109,100.0
11.058745,-0.365470922714,-0.401135976032,-0.0832184577428,1.25748075087,0.497009775275,-0.492791328108,-1.44616038778,95.6591644287,0.630466103821,-0.103927198379,-0.132305842955,1.65209730855,0.74206320614,0.217441776683,0.721354465503,100.0
11.068985,-0.365854417911,-0.402286461623,-0.0847524385307,1.25594677008,0.494708804093,-0.501228222442,-1.44654388298,95.6591644287,0.62931561823,-0.103543703182,-0.133456328546,1.65133031816,0.741296215746,0.218592262274,0.720970970306,100.0
11.078760,-0.367004903502,-0.403436947214,-0.0866699145155,1.25556327488,0.491640842517,-0.510048611972,-1.44807786376,95.6591644287,0.628548627836,-0.102776712788,-0.133456328546,1.65094682296,0.741679710943,0.218592262274,0.7217379607,100.0
11.088733,-0.366621408305,-0.405354423199,-0.0882038953034,1.2536457989,0.489339871335,-0.516184535123,-1.44922834935,95.6591644287,0.628548627836,-0.103543703182,-0.133456328546,1.65133031816,0.741679710943,0.21782527188,0.721354465503,100.0
11.098755,-0.367771893896,-0.407271899184,-0.0893543808943,1.25134482772,0.487805890548,-0.520786477487,-1.44961184455,95.6591644287,0.62931561823,-0.102776712788,-0.133456328546,1.65094682296,0.741296215746,0.217058281486,0.720203979912,100.0
11.108789,-0.368922379486,-0.409572870365,-0.0924223424701,1.25057783732,0.487422395351,-0.522703953472,-1.44884485416,95.6591644287,0.62931561823,-0.102776712788,-0.133456328546,1.65056332776,0.742446701337,0.217441776683,0.721354465503,100.0
11.118792,-0.370072865077,-0.411106851153,-0.093189332864,1.24866036134,0.48627190976,-0.523854439063,-1.44999533975,95.6591644287,0.62931561823,-0.102776712788,-0.133072833349,1.65133031816,0.741679710943,0.217058281486,0.721354465503,100.0
11.128760,-0.370839855471,-0.413791317532,-0.094339818455,1.24712638055,0.487805890548,-0.52423793426,-1.44999533975,95.6591644287,0.629699113427,-0.102393217591,-0.13422331894,1.65209730855,0.741679710943,0.217441776683,0.720970970306,100.0
11.138782,-0.371606845865,-0.416475783911,-0.0951068088489,1.24482540937,0.488572880942,-0.525388419851,-1.44961184455,95.6591644287,0.629699113427,-0.103160207985,-0.13422331894,1.65133031816,0.741679710943,0.217058281486,0.721354465503,100.0
11.148746,-0.372373836259,-0.418393259896,-0.0962572944398,1.24329142858,0.488956376138,-0.526922400639,-1.44961184455,95.6591644287,0.630082608624,-0.103160207985,-0.133072833349,1.65209730855,0.741679710943,0.21782527188,0.720587475109,100.0
11.158749,-0.373907817047,-0.421461221472,-0.0951068088489,1.24175744779,0.490106861729,-0.52807288623,-1.45152932054,95.6591644287,0.631233094215,-0.102776712788,-0.133456328546,1.65209730855,0.740912720549,0.217441776683,0.720203979912,100.0
11.169325,-0.376592283426,-0.426063163835,-0.0993252560156,1.23868948622,0.488572880942,-0.526922400639,-1.44999533975,95.6591644287,0.631616589412,-0.103543703182,-0.133839823743,1.65209730855,0.741679710943,0.21782527188,0.721354465503,100.0
11.178741,-0.376592283426,-0.426063163835,-0.0993252560156,1.23868948622,0.488572880942,-0.526922400639,-1.44999533975,95.6591644287,0.631616589412,-0.103543703182,-0.133839823743,1.65209730855,0.741679710943,0.21782527188,0.721354465503,100.0
11.188746,-0.377742769017,-0.430665106199,-0.0985582656216,1.23868948622,0.488956376138,-0.526922400639,-1.45152932054,95.6591644287,0.632000084609,-0.103543703182,-0.133072833349,1.65171381336,0.741679710943,0.218208767077,0.721354465503,100.0
11.198744,-0.380043740199,-0.432966077381,-0.0993252560156,1.23753900063,0.488572880942,-0.526922400639,-1.45076233014,95.6591644287,0.632000084609,-0.103927198379,-0.132689338152,1.65209730855,0.741296215746,0.218208767077,0.720587475109,100.0
11.208747,-0.38234471138,-0.434500058169,-0.0989417608186,1.23562152464,0.488956376138,-0.52423793426,-1.45076233014,95.6591644287,0.633534065397,-0.103160207985,-0.132689338152,1.65209730855,0.74206320614,0.218975757471,0.720970970306,100.0
11.218746,-0.383495196971,-0.437184524547,-0.0985582656216,1.23447103905,0.487422395351,-0.522703953472,-1.45076233014,95.6591644287,0.633534065397,-0.103927198379,-0.133072833349,1.65094682296,0.741679710943,0.218208767077,0.721354465503,100.0
11.228740,-0.385412672956,-0.439485495729,-0.0989417608186,1.23293705826,0.488956376138,-0.521169972684,-1.45037883495,95.6591644287,0.633917560594,-0.103543703182,-0.133072833349,1.65094682296,0.741296215746,0.218208767077,0.720587475109,100.0
11.238745,-0.386563158547,-0.441786466911,-0.100475741606,1.23140307748,0.488572880942,-0.521169972684,-1.45037883495,95.6591644287,0.634301055791,-0.103160207985,-0.132305842955,1.65017983257,0.741679710943,0.218592262274,0.720587475109,100.0
11.248729,-0.387713644138,-0.443703942896,-0.101626227197,1.22910210629,0.487805890548,-0.521936963078,-1.45076233014,95.6591644287,0.634684550988,-0.104310693576,-0.131922347758,1.65209730855,0.74206320614,0.21782527188,0.7217379607,100.0
11.258728,-0.388480634532,-0.445237923684,-0.100475741606,1.22910210629,0.486655404957,-0.52423793426,-1.44999533975,95.6591644287,0.634684550988,-0.104694188773,-0.131922347758,1.65133031816,0.741679710943,0.218208767077,0.720970970306,100.0
11.268740,-0.389631120123,-0.447155399669,-0.102776712788,1.2279516207,0.488189385745,-0.525771915048,-1.45037883495,95.6591644287,0.634684550988,-0.103927198379,-0.132305842955,1.65056332776,0.74206320614,0.218975757471,0.720970970306,100.0
11.278790,-0.391548596108,-0.44945637085,-0.102393217591,1.22526715432,0.488572880942,-0.529606867017,-1.45114582534,95.6591644287,0.635068046185,-0.104310693576,-0.132689338152,1.65133031816,0.742830196534,0.218592262274,0.721354465503,100.0
11.288742,-0.393082576896,-0.451757342032,-0.103543703182,1.22373317354,0.489339871335,-0.530757352608,-1.45076233014,95.6591644287,0.634301055791,-0.103543703182,-0.132689338152,1.65056332776,0.74206320614,0.218975757471,0.721354465503,100.0
11.298751,-0.39384956729,-0.45329132282,-0.103543703182,1.22334967834,0.489339871335,-0.532291333396,-1.45037883495,95.6591644287,0.634301055791,-0.103543703182,-0.132689338152,1.65017983257,0.742446701337,0.218592262274,0.720970970306,100.0
11.308752,-0.396150538471,-0.456742779593,-0.103543703182,1.22334967834,0.488956376138,-0.531524343002,-1.44961184455,95.6591644287,0.634684550988,-0.103927198379,-0.132305842955,1.64979633737,0.74206320614,0.218975757471,0.7217379607,100.0
11.318727,-0.397301024062,-0.460577731563,-0.103543703182,1.22296618314,0.487805890548,-0.530757352608,-1.44999533975,95.6591644287,0.634301055791,-0.102776712788,-0.133072833349,1.64902934698,0.74206320614,0.218975757471,0.721354465503,100.0
11.328731,-0.398068014456,-0.461344721957,-0.105461179167,1.22258268794,0.487805890548,-0.529990362214,-1.45037883495,95.6591644287,0.633917560594,-0.102776712788,-0.132689338152,1.64826235658,0.741296215746,0.218975757471,0.720970970306,100.0
11.338731,-0.400752480835,-0.464029188335,-0.105844674364,1.22181569755,0.488189385745,-0.530373857411,-1.44999533975,95.6591644287,0.633534065397,-0.102776712788,-0.131922347758,1.64826235658,0.74206320614,0.220126243062,0.721354465503,100.0
11.348731,-0.401519471229,-0.467097149911,-0.105844674364,1.22104870716,0.488189385745,-0.530757352608,-1.44999533975,95.6591644287,0.6331505702,-0.102009722394,-0.133072833349,1.64711187099,0.741679710943,0.218975757471,0.7217379607,100.0
11.358743,-0.40266995682,-0.468631130699,-0.106611664758,1.21989822157,0.488956376138,-0.531140847805,-1.45037883495,95.6591644287,0.632767075003,-0.102776712788,-0.132689338152,1.64787886139,0.741679710943,0.218592262274,0.721354465503,100.0
11.368749,-0.404587432805,-0.472082587472,-0.107378655152,1.21874773597,0.488189385745,-0.531524343002,-1.45037883495,95.6591644287,0.632383579806,-0.103160207985,-0.132689338152,1.64749536619,0.74206320614,0.218592262274,0.720970970306,100.0
11.378730,-0.404970928002,-0.472082587472,-0.106995159955,1.21798074558,0.487422395351,-0.531524343002,-1.45076233014,95.6591644287,0.632383579806,-0.102776712788,-0.132689338152,1.64826235658,0.74321369173,0.218208767077,0.721354465503,100.0
11.388748,-0.405737918396,-0.475150549048,-0.106995159955,1.21759725038,0.488956376138,-0.532674828593,-1.45037883495,95.6591644287,0.631616589412,-0.103160207985,-0.132689338152,1.64826235658,0.74206320614,0.218975757471,0.720970970306,100.0
11.398751,-0.407655394381,-0.477451520229,-0.109296131137,1.2160632696,0.487422395351,-0.532291333396,-1.44999533975,95.6591644287,0.630849599018,-0.103160207985,-0.133072833349,1.64826235658,0.74206320614,0.218975757471,0.721354465503,100.0
11.408743,-0.407655394381,-0.47860200582,-0.109679626334,1.21414579361,0.487805890548,-0.53305832379,-1.45037883495,95.6591644287,0.631233094215,-0.103160207985,-0.133456328546,1.64826235658,0.74206320614,0.218208767077,0.721354465503,100.0
11.418747,-0.408038889578,-0.480135986608,-0.110830111925,1.21337880322,0.487805890548,-0.532291333396,-1.45037883495,95.6591644287,0.631233094215,-0.103160207985,-0.133072833349,1.64902934698,0.742446701337,0.218208767077,0.7217379607,100.0
11.428762,-0.409956365562,-0.481669967396,-0.110446616728,1.21299530802,0.488189385745,-0.533825314184,-1.44999533975,95.6591644287,0.630466103821,-0.103160207985,-0.133456328546,1.65017983257,0.74206320614,0.218592262274,0.720203979912,100.0
11.438748,-0.410723355956,-0.485888414563,-0.111980597516,1.21261181282,0.488956376138,-0.534208809381,-1.45076233014,95.6591644287,0.630082608624,-0.103543703182,-0.133072833349,1.64979633737,0.741296215746,0.218208767077,0.720970970306,100.0
11.448744,-0.411106851153,-0.487422395351,-0.111980597516,1.21299530802,0.487422395351,-0.534208809381,-1.45037883495,95.6591644287,0.62931561823,-0.103927198379,-0.133839823743,1.65017983257,0.74206320614,0.218208767077,0.721354465503,100.0
11.458747,-0.411873841547,-0.487422395351,-0.113514578304,1.21146132723,0.488956376138,-0.534975799775,-1.44961184455,95.6591644287,0.628548627836,-0.104694188773,-0.133456328546,1.65056332776,0.74206320614,0.218208767077,0.7217379607,100.0
11.468747,-0.41149034635,-0.490490356926,-0.113131083107,1.21107783204,0.488189385745,-0.533825314184,-1.44999533975,95.6591644287,0.628932123033,-0.104310693576,-0.133839823743,1.65133031816,0.741679710943,0.21782527188,0.721354465503,100.0
11.478734,-0.412640831941,-0.490873852123,-0.113131083107,1.21031084164,0.487805890548,-0.534592304578,-1.44922834935,95.6591644287,0.628548627836,-0.104310693576,-0.133072833349,1.65171381336,0.741679710943,0.218208767077,0.721354465503,100.0
11.488747,-0.412257336744,-0.493174823305,-0.114281568697,1.20954385125,0.488956376138,-0.533825314184,-1.44961184455,95.6591644287,0.628932123033,-0.104310693576,-0.133456328546,1.65171381336,0.741679710943,0.218975757471,0.721354465503,100.0
11.498728,-0.412640831941,-0.492791328108,-0.113514578304,1.20839336566,0.488572880942,-0.534208809381,-1.44807786376,95.6591644287,0.62931561823,-0.104310693576,-0.133839823743,1.65248080375,0.741679710943,0.218208767077,0.721354465503,100.0
11.508758,-0.413024327138,-0.493941813699,-0.114281568697,1.20800987046,0.489723366532,-0.535742790169,-1.44922834935,95.6591644287,0.62931561823,-0.104694188773,-0.133456328546,1.65209730855,0.74206320614,0.218208767077,0.721354465503,100.0
11.518743,-0.413407822335,-0.495475794487,-0.113514578304,1.20685938487,0.488572880942,-0.536509780563,-1.44999533975,95.6591644287,0.628165132639,-0.104310693576,-0.13422331894,1.65324779414,0.741679710943,0.218208767077,0.721354465503,100.0
11.528747,-0.413024327138,-0.497009775275,-0.114281568697,1.20685938487,0.488572880942,-0.53689327576,-1.44884485416,95.6591644287,0.628548627836,-0.104310693576,-0.132689338152,1.65248080375,0.741296215746,0.218975757471,0.7217379607,100.0
11.538728,-0.413407822335,-0.497776765669,-0.112364092713,1.20609239447,0.487805890548,-0.536509780563,-1.44999533975,95.6591644287,0.628932123033,-0.103543703182,-0.133072833349,1.65324779414,0.74206320614,0.218592262274,0.720587475109,100.0
11.548730,-0.413024327138,-0.498160260866,-0.1138980735,1.20494190888,0.488189385745,-0.534592304578,-1.44999533975,95.6591644287,0.62931561823,-0.103543703182,-0.133456328546,1.65286429895,0.741679710943,0.219742747865,0.7217379607,100.0
11.558747,-0.413024327138,-0.498543756063,-0.113514578304,1.20417491849,0.488189385745,-0.537276770957,-1.44884485416,95.6591644287,0.62931561823,-0.103543703182,-0.132305842955,1.65171381336,0.74206320614,0.219742747865,0.720970970306,100.0
11.568728,-0.412257336744,-0.499310746457,-0.114281568697,1.20417491849,0.487805890548,-0.537660266154,-1.44999533975,95.6591644287,0.62931561823,-0.103927198379,-0.13422331894,1.65209730855,0.741296215746,0.218592262274,0.720970970306,100.0
11.578731,-0.412257336744,-0.500461232048,-0.11274758791,1.20417491849,0.487805890548,-0.538043761351,-1.44922834935,95.6591644287,0.628932123033,-0.103543703182,-0.133456328546,1.65209730855,0.741679710943,0.219359252668,0.721354465503,100.0
11.588729,-0.412257336744,-0.501228222442,-0.112364092713,1.20417491849,0.487805890548,-0.538810751745,-1.44922834935,95.6591644287,0.628548627836,-0.103543703182,-0.133072833349,1.65171381336,0.741679710943,0.218592262274,0.721354465503,100.0
11.598735,-0.411873841547,-0.502378708032,-0.113131083107,1.2034079281,0.487422395351,-0.538043761351,-1.44961184455,95.6591644287,0.62931561823,-0.103543703182,-0.133072833349,1.65133031816,0.741679710943,0.219359252668,0.721354465503,100.0
11.608733,-0.411873841547,-0.50391268882,-0.113131083107,1.2026409377,0.488189385745,-0.537276770957,-1.44922834935,95.6591644287,0.629699113427,-0.103543703182,-0.133839823743,1.65133031816,0.741679710943,0.219742747865,0.7217379607,100.0
11.618725,-0.411106851153,-0.505063174411,-0.113514578304,1.20225744251,0.487805890548,-0.537660266154,-1.44884485416,95.6591644287,0.628932123033,-0.103160207985,-0.133839823743,1.65171381336,0.741679710943,0.219359252668,0.722121455897,100.0
11.628728,-0.411873841547,-0.505446669608,-0.113131083107,1.20225744251,0.488189385745,-0.538427256548,-1.44884485416,95.6591644287,0.628165132639,-0.103160207985,-0.133456328546,1.65094682296,0.741296215746,0.218592262274,0.721354465503,100.0
11.638730,-0.41149034635,-0.505830164805,-0.114281568697,1.20225744251,0.488572880942,-0.538427256548,-1.44961184455,95.6591644287,0.62931561823,-0.103927198379,-0.133456328546,1.65171381336,0.741679710943,0.218592262274,0.7217379607,100.0
11.648729,-0.411106851153,-0.507364145593,-0.11274758791,1.20187394731,0.488572880942,-0.538810751745,-1.44846135896,95.6591644287,0.628548627836,-0.102776712788,-0.133456328546,1.65094682296,0.741296215746,0.219359252668,0.721354465503,100.0
11.658734,-0.411106851153,-0.507364145593,-0.111980597516,1.20187394731,0.487805890548,-0.539577742139,-1.44884485416,95.6591644287,0.629699113427,-0.102776712788,-0.13422331894,1.65171381336,0.74206320614,0.218975757471,0.7217379607,100.0
11.668730,-0.410723355956,-0.508131135987,-0.113514578304,1.20149045211,0.488572880942,-0.539194246942,-1.44846135896,95.6591644287,0.628932123033,-0.103927198379,-0.133456328546,1.65017983257,0.74206320614,0.218975757471,0.7217379607,100.0
11.678731,-0.410723355956,-0.509665116775,-0.11274758791,1.20149045211,0.487805890548,-0.539194246942,-1.45076233014,95.6591644287,0.62931561823,-0.103543703182,-0.133839823743,1.65133031816,0.742446701337,0.218592262274,0.7217379607,100.0
11.688730,-0.409572870365,-0.510815602366,-0.1138980735,1.20072346172,0.488572880942,-0.539194246942,-1.44846135896,95.6591644287,0.628932123033,-0.103543703182,-0.133072833349,1.65133031816,0.74206320614,0.218592262274,0.720970970306,100.0
11.698740,-0.410339860759,-0.511199097563,-0.11274758791,1.20110695691,0.488572880942,-0.541111722927,-1.44961184455,95.6591644287,0.628932123033,-0.103543703182,-0.133839823743,1.65133031816,0.74206320614,0.218592262274,0.720587475109,100.0
11.708729,-0.41149034635,-0.512733078351,-0.113514578304,1.19957297613,0.487038900154,-0.543029198911,-1.45037883495,95.6591644287,0.628932123033,-0.103160207985,-0.133456328546,1.65133031816,0.74206320614,0.218592262274,0.721354465503,100.0
11.718728,-0.410723355956,-0.513883563942,-0.113131083107,1.19803899534,0.48627190976,-0.544563179699,-1.45114582534,95.6591644287,0.628165132639,-0.103927198379,-0.133456328546,1.65133031816,0.742446701337,0.218208767077,0.7217379607,100.0
11.728749,-0.411873841547,-0.514267059139,-0.11274758791,1.19535452896,0.486655404957,-0.54571366529,-1.45306330132,95.6591644287,0.62931561823,-0.103543703182,-0.133072833349,1.65133031816,0.741296215746,0.218592262274,0.722121455897,100.0
11.738744,-0.412257336744,-0.516951525517,-0.112364092713,1.19267006258,0.488956376138,-0.548781626866,-1.45498077731,95.6591644287,0.627781637442,-0.103927198379,-0.13422331894,1.65094682296,0.740912720549,0.219359252668,0.721354465503,100.0
11.748744,-0.413407822335,-0.518869001502,-0.110830111925,1.19190307219,0.487805890548,-0.554534054821,-1.45804873889,95.6591644287,0.627014647048,-0.103927198379,-0.133456328546,1.65133031816,0.74206320614,0.218208767077,0.721354465503,100.0
11.758746,-0.414174812729,-0.52040298229,-0.111980597516,1.1903690914,0.487422395351,-0.561436968366,-1.45958271967,95.6591644287,0.627014647048,-0.104310693576,-0.132689338152,1.65171381336,0.741679710943,0.219359252668,0.721354465503,100.0
11.768742,-0.413407822335,-0.521936963078,-0.114281568697,1.18960210101,0.485121424169,-0.567572891518,-1.46111670046,95.6591644287,0.626631151851,-0.103927198379,-0.133072833349,1.65133031816,0.741679710943,0.219742747865,0.722121455897,100.0
11.778749,-0.414941803123,-0.524621429457,-0.116199044682,1.18806812022,0.48243695779,-0.572558329078,-1.46380116684,95.6591644287,0.627014647048,-0.103927198379,-0.133456328546,1.65094682296,0.742446701337,0.218592262274,0.722121455897,100.0
11.788773,-0.415708793517,-0.526922400639,-0.11773302547,1.18730112982,0.479752491411,-0.574092309866,-1.46533514763,95.6591644287,0.626247656654,-0.103160207985,-0.133839823743,1.65094682296,0.742446701337,0.219359252668,0.721354465503,100.0
11.798754,-0.41532529832,-0.528839876623,-0.120800987046,1.18691763463,0.477068025032,-0.576009785851,-1.46763611881,95.6591644287,0.625864161457,-0.103543703182,-0.133839823743,1.65133031816,0.74206320614,0.219359252668,0.721354465503,100.0
11.808743,-0.416859279108,-0.532674828593,-0.12156797744,1.18576714904,0.475534044244,-0.577927261836,-1.46763611881,95.6591644287,0.62548066626,-0.103927198379,-0.133839823743,1.65133031816,0.741679710943,0.218975757471,0.721354465503,100.0
11.818756,-0.416859279108,-0.534592304578,-0.124252443819,1.18500015864,0.474000063457,-0.580995223412,-1.4691700996,95.6591644287,0.62548066626,-0.103543703182,-0.134990309334,1.65017983257,0.741296215746,0.220126243062,0.720970970306,100.0
11.828752,-0.418009764699,-0.538043761351,-0.125019434213,1.18384967305,0.473233073063,-0.583296194593,-1.47032058519,95.6591644287,0.627014647048,-0.103160207985,-0.134990309334,1.65094682296,0.741679710943,0.219742747865,0.720970970306,100.0
11.838735,-0.418393259896,-0.539194246942,-0.126936910198,1.18269918746,0.472849577866,-0.585980660972,-1.46955359479,95.6591644287,0.626247656654,-0.103160207985,-0.134990309334,1.64979633737,0.74206320614,0.218592262274,0.720587475109,100.0
11.848744,-0.419927240684,-0.543029198911,-0.128854386182,1.18193219707,0.47361656826,-0.587898136957,-1.46993708999,95.6591644287,0.627398142245,-0.103543703182,-0.134606814137,1.65094682296,0.741679710943,0.218975757471,0.721354465503,100.0
11.858743,-0.422228211865,-0.545330170093,-0.130004871773,1.18039821628,0.472849577866,-0.589815612942,-1.47032058519,95.6591644287,0.62931561823,-0.102776712788,-0.135373804531,1.65056332776,0.741679710943,0.219359252668,0.721354465503,100.0
11.868726,-0.422228211865,-0.548781626866,-0.130004871773,1.17924773069,0.473233073063,-0.591733088927,-1.47108757558,95.6591644287,0.628932123033,-0.103160207985,-0.135373804531,1.65133031816,0.741296215746,0.219359252668,0.721354465503,100.0
11.878769,-0.422995202259,-0.550315607654,-0.131922347758,1.17848074029,0.473233073063,-0.592500079321,-1.47108757558,95.6591644287,0.629699113427,-0.103543703182,-0.134990309334,1.65094682296,0.74206320614,0.218975757471,0.7217379607,100.0
11.888764,-0.424529183047,-0.55338356923,-0.132305842955,1.1780972451,0.472082587472,-0.592116584124,-1.47147107078,95.6591644287,0.630082608624,-0.102393217591,-0.133839823743,1.65133031816,0.741296215746,0.219742747865,0.720970970306,100.0
11.898751,-0.426830154229,-0.556451530805,-0.133456328546,1.17617976911,0.471699092275,-0.592500079321,-1.47108757558,95.6591644287,0.631233094215,-0.104310693576,-0.134990309334,1.65133031816,0.741679710943,0.219742747865,0.720970970306,100.0
11.908817,-0.428747630214,-0.557985511593,-0.133456328546,1.17502928352,0.471699092275,-0.592500079321,-1.47147107078,95.6591644287,0.6331505702,-0.103543703182,-0.133839823743,1.65133031816,0.74206320614,0.220509738259,0.7217379607,100.0
11.918762,-0.429898115805,-0.561053473169,-0.133072833349,1.17311180754,0.471699092275,-0.593267069715,-1.47223806117,95.6591644287,0.632767075003,-0.103543703182,-0.13422331894,1.65171381336,0.741679710943,0.220509738259,0.720587475109,100.0
11.928752,-0.43181559179,-0.565271920336,-0.132689338152,1.17196132194,0.470548606684,-0.594034060109,-1.47185456598,95.6591644287,0.633534065397,-0.104694188773,-0.134606814137,1.65133031816,0.741679710943,0.220893233455,0.721354465503,100.0
11.938756,-0.434116562972,-0.566805901124,-0.133839823743,1.17081083635,0.470548606684,-0.594034060109,-1.47185456598,95.6591644287,0.634684550988,-0.103927198379,-0.135373804531,1.65248080375,0.741296215746,0.220126243062,0.7217379607,100.0
11.948750,-0.435267048562,-0.568723377109,-0.134606814137,1.16850986517,0.470165111487,-0.5951845457,-1.47223806117,95.6591644287,0.634301055791,-0.104310693576,-0.134606814137,1.65248080375,0.741296215746,0.220509738259,0.722121455897,100.0
11.958841,-0.43680102935,-0.571407843487,-0.136524290122,1.16774287478,0.470932101881,-0.594417555306,-1.47185456598,95.6591644287,0.635068046185,-0.10507768397,-0.135373804531,1.65171381336,0.741679710943,0.220893233455,0.7217379607,100.0
11.969332,-0.438718505335,-0.574475805063,-0.137291280516,1.1646749132,0.470165111487,-0.595951536093,-1.47108757558,95.6591644287,0.635451541382,-0.103543703182,-0.134606814137,1.65056332776,0.741296215746,0.221276728652,0.7217379607,100.0
11.978748,-0.438718505335,-0.574475805063,-0.137291280516,1.1646749132,0.470165111487,-0.595951536093,-1.47108757558,95.6591644287,0.635451541382,-0.103543703182,-0.134606814137,1.65056332776,0.741296215746,0.221276728652,0.7217379607,100.0
11.988730,-0.44063598132,-0.576776776245,-0.138441766107,1.16314093241,0.46978161629,-0.598252507275,-1.47262155637,95.6591644287,0.635835036579,-0.103927198379,-0.13422331894,1.65094682296,0.741296215746,0.221276728652,0.721354465503,100.0
11.998752,-0.442169962108,-0.580228233018,-0.138441766107,1.16352442761,0.46978161629,-0.598252507275,-1.47185456598,95.6591644287,0.636985522169,-0.104310693576,-0.13422331894,1.65017983257,0.741679710943,0.220893233455,0.721354465503,100.0
12.008752,-0.443320447699,-0.582912699396,-0.139592251698,1.16160695163,0.469014625896,-0.599402992866,-1.47185456598,95.6591644287,0.635835036579,-0.103160207985,-0.133456328546,1.65017983257,0.741679710943,0.220509738259,0.721354465503,100.0
12.018815,-0.444854428487,-0.584830175381,-0.140359242092,1.16083996123,0.46978161629,-0.600553478457,-1.47185456598,95.6591644287,0.636218531775,-0.102776712788,-0.133839823743,1.65017983257,0.741679710943,0.221660223849,0.7217379607,100.0
12.029194,-0.447922390063,-0.589048622548,-0.139975746895,1.15892248525,0.468247635502,-0.602087459245,-1.47185456598,95.6591644287,0.635451541382,-0.103160207985,-0.133072833349,1.64864585178,0.74206320614,0.222427214243,0.7217379607,100.0
12.038735,-0.447922390063,-0.589048622548,-0.139975746895,1.15892248525,0.468247635502,-0.602087459245,-1.47185456598,95.6591644287,0.635451541382,-0.103160207985,-0.133072833349,1.64864585178,0.74206320614,0.222427214243,0.7217379607,100.0
12.048753,-0.449072875653,-0.591733088927,-0.140359242092,1.15738850446,0.468247635502,-0.601703964048,-1.47185456598,95.6591644287,0.635835036579,-0.103543703182,-0.133072833349,1.64864585178,0.741679710943,0.221660223849,0.722121455897,100.0
12.058725,-0.44945637085,-0.593267069715,-0.140359242092,1.15623801887,0.468247635502,-0.603237944836,-1.47108757558,95.6591644287,0.635451541382,-0.103160207985,-0.133072833349,1.64864585178,0.741679710943,0.220893233455,0.7217379607,100.0
12.068735,-0.452140837229,-0.594801050503,-0.141509727682,1.15547102847,0.467864140305,-0.605538916018,-1.47108757558,95.6591644287,0.636218531775,-0.103543703182,-0.133456328546,1.64941284217,0.74206320614,0.220509738259,0.721354465503,100.0
12.078748,-0.452140837229,-0.597102021684,-0.142276718076,1.15432054288,0.468631130699,-0.606689401609,-1.47108757558,95.6591644287,0.635451541382,-0.102776712788,-0.13422331894,1.64826235658,0.741296215746,0.219359252668,0.7217379607,100.0
12.088741,-0.452907827623,-0.597869012078,-0.14304370847,1.15355355249,0.468631130699,-0.608990372791,-1.47108757558,95.6591644287,0.635835036579,-0.103927198379,-0.13422331894,1.64902934698,0.742446701337,0.220126243062,0.720970970306,100.0
12.098747,-0.454058313214,-0.599786488063,-0.143810698864,1.1524030669,0.468631130699,-0.611291343972,-1.47223806117,95.6591644287,0.635451541382,-0.103160207985,-0.134606814137,1.64902934698,0.74206320614,0.220509738259,0.720587475109,100.0
12.108742,-0.455208798805,-0.602470954442,-0.144194194061,1.1520195717,0.469014625896,-0.61282532476,-1.47108757558,95.6591644287,0.635835036579,-0.102776712788,-0.133839823743,1.64902934698,0.741679710943,0.220509738259,0.7217379607,100.0
12.118742,-0.455975789199,-0.60400493523,-0.143810698864,1.1516360765,0.469014625896,-0.61666027673,-1.47108757558,95.6591644287,0.634684550988,-0.103160207985,-0.13422331894,1.64864585178,0.74206320614,0.220893233455,0.720587475109,100.0
12.128741,-0.456359284396,-0.605538916018,-0.144577689258,1.15125258131,0.469398121093,-0.618194257518,-1.47108757558,95.6591644287,0.634684550988,-0.103927198379,-0.134606814137,1.64979633737,0.741679710943,0.220509738259,0.7217379607,100.0
12.138736,-0.458276760381,-0.607072896806,-0.144961184455,1.15010209572,0.469014625896,-0.618577752715,-1.47147107078,95.6591644287,0.634684550988,-0.103543703182,-0.13422331894,1.65017983257,0.74206320614,0.221660223849,0.720970970306,100.0
12.148739,-0.457893265184,-0.608990372791,-0.145344679652,1.14933510532,0.469398121093,-0.617810762321,-1.47070408039,95.6591644287,0.633917560594,-0.103927198379,-0.134606814137,1.65094682296,0.74206320614,0.221276728652,0.720970970306,100.0
12.158748,-0.459427245972,-0.610524353578,-0.146495165243,1.14780112454,0.468631130699,-0.617043771927,-1.47108757558,95.6591644287,0.635068046185,-0.104694188773,-0.13422331894,1.65017983257,0.74206320614,0.220509738259,0.721354465503,100.0
12.168743,-0.46096122676,-0.61282532476,-0.148029146031,1.14818461973,0.46978161629,-0.617427267124,-1.47108757558,95.6591644287,0.634301055791,-0.103927198379,-0.135373804531,1.65094682296,0.741679710943,0.221276728652,0.720970970306,100.0
12.178746,-0.46096122676,-0.613592315154,-0.148029146031,1.14665063894,0.468631130699,-0.61666027673,-1.47108757558,95.6591644287,0.634301055791,-0.103927198379,-0.134990309334,1.65171381336,0.741679710943,0.221660223849,0.722121455897,100.0
12.188739,-0.460577731563,-0.615893286336,-0.148796136425,1.14511665816,0.469398121093,-0.61666027673,-1.47070408039,95.6591644287,0.633917560594,-0.103543703182,-0.135373804531,1.65171381336,0.741679710943,0.221660223849,0.721354465503,100.0
12.198741,-0.461344721957,-0.616276781533,-0.148412641228,1.14473316296,0.468631130699,-0.61666027673,-1.46993708999,95.6591644287,0.633534065397,-0.104310693576,-0.134606814137,1.65209730855,0.741679710943,0.221276728652,0.720587475109,100.0
12.208740,-0.46211171235,-0.618194257518,-0.147645650834,1.14473316296,0.469014625896,-0.615893286336,-1.47032058519,95.6591644287,0.635068046185,-0.104310693576,-0.134990309334,1.65094682296,0.741679710943,0.220893233455,0.720587475109,100.0
12.218744,-0.462495207547,-0.619728238306,-0.148029146031,1.14358267737,0.469398121093,-0.616276781533,-1.47108757558,95.6591644287,0.634301055791,-0.104694188773,-0.13422331894,1.65133031816,0.741679710943,0.220893233455,0.7217379607,100.0
12.228741,-0.462878702744,-0.621645714291,-0.148796136425,1.14319918217,0.46978161629,-0.615509791139,-1.47108757558,95.6591644287,0.634684550988,-0.104310693576,-0.133456328546,1.65171381336,0.74206320614,0.220509738259,0.721354465503,100.0
12.238737,-0.462878702744,-0.619728238306,-0.149179631622,1.14319918217,0.467864140305,-0.615509791139,-1.47032058519,95.6591644287,0.633534065397,-0.103927198379,-0.134606814137,1.65094682296,0.741679710943,0.220893233455,0.722121455897,100.0
12.248742,-0.463645693138,-0.622029209488,-0.149179631622,1.14243219178,0.469014625896,-0.614742800745,-1.47108757558,95.6591644287,0.634684550988,-0.103543703182,-0.133839823743,1.64979633737,0.741679710943,0.221660223849,0.721354465503,100.0
12.258739,-0.463262197941,-0.622412704685,-0.150330117213,1.14204869658,0.468631130699,-0.615126295942,-1.47070408039,95.6591644287,0.635068046185,-0.103543703182,-0.13422331894,1.65094682296,0.742446701337,0.221660223849,0.7217379607,100.0
12.268742,-0.464029188335,-0.623946685472,-0.150330117213,1.14128170619,0.469398121093,-0.616276781533,-1.47070408039,95.6591644287,0.635451541382,-0.103543703182,-0.133839823743,1.65017983257,0.742446701337,0.221660223849,0.7217379607,100.0
12.278735,-0.464029188335,-0.624713675866,-0.149563126819,1.14051471579,0.469014625896,-0.616276781533,-1.46993708999,95.6591644287,0.634301055791,-0.103927198379,-0.134606814137,1.65133031816,0.741679710943,0.221276728652,0.721354465503,100.0
12.288741,-0.464412683532,-0.625097171063,-0.149179631622,1.138980735,0.469398121093,-0.616276781533,-1.47108757558,95.6591644287,0.634684550988,-0.103927198379,-0.134606814137,1.65094682296,0.741679710943,0.220509738259,0.720970970306,100.0
12.298752,-0.463645693138,-0.624330180669,-0.149179631622,1.138980735,0.468247635502,-0.616276781533,-1.4691700996,95.6591644287,0.634301055791,-0.104310693576,-0.134606814137,1.65017983257,0.74206320614,0.221276728652,0.720970970306,100.0
12.308807,-0.464412683532,-0.626247656654,-0.150330117213,1.13821374461,0.468631130699,-0.618194257518,-1.46993708999,95.6591644287,0.634684550988,-0.103927198379,-0.134606814137,1.65133031816,0.74206320614,0.221276728652,0.721354465503,100.0
12.318754,-0.464029188335,-0.624330180669,-0.15071361241,1.13783024941,0.468631130699,-0.617810762321,-1.4691700996,95.6591644287,0.634684550988,-0.103927198379,-0.133456328546,1.65017983257,0.741679710943,0.222043719046,0.720970970306,100.0
12.328748,-0.463262197941,-0.625864161457,-0.150330117213,1.13821374461,0.469398121093,-0.618194257518,-1.4687866044,95.6591644287,0.633534065397,-0.104310693576,-0.133839823743,1.65056332776,0.741296215746,0.220893233455,0.721354465503,100.0
12.338767,-0.463262197941,-0.625864161457,-0.149563126819,1.13667976382,0.46978161629,-0.617810762321,-1.4691700996,95.6591644287,0.633917560594,-0.103927198379,-0.134606814137,1.65017983257,0.741296215746,0.221660223849,0.721354465503,100.0
12.348779,-0.463645693138,-0.627014647048,-0.151097107607,1.13783024941,0.46978161629,-0.618194257518,-1.46955359479,95.6591644287,0.633534065397,-0.103927198379,-0.134606814137,1.65017983257,0.74206320614,0.220126243062,0.721354465503,100.0
12.359194,-0.463645693138,-0.627781637442,-0.151097107607,1.13591277343,0.469014625896,-0.617043771927,-1.46955359479,95.6591644287,0.6331505702,-0.103160207985,-0.134606814137,1.65133031816,0.741296215746,0.220126243062,0.720587475109,100.0
12.368772,-0.464029188335,-0.627014647048,-0.150330117213,1.13667976382,0.469398121093,-0.618577752715,-1.4691700996,95.6591644287,0.633534065397,-0.103927198379,-0.134606814137,1.65094682296,0.741679710943,0.221660223849,0.720970970306,100.0
12.378774,-0.463645693138,-0.628932123033,-0.149563126819,1.13667976382,0.46978161629,-0.618194257518,-1.4691700996,95.6591644287,0.632767075003,-0.103543703182,-0.134606814137,1.65056332776,0.741679710943,0.221660223849,0.7217379607,100.0
12.388752,-0.463645693138,-0.628932123033,-0.149946622016,1.13629626863,0.46978161629,-0.618577752715,-1.46955359479,95.6591644287,0.633534065397,-0.103543703182,-0.133839823743,1.65056332776,0.741679710943,0.222043719046,0.7217379607,100.0
12.398795,-0.463645693138,-0.628932123033,-0.150330117213,1.13552927823,0.468631130699,-0.618194257518,-1.4691700996,95.6591644287,0.632383579806,-0.103160207985,-0.13422331894,1.65133031816,0.741679710943,0.220126243062,0.721354465503,100.0
12.408758,-0.463645693138,-0.62931561823,-0.149946622016,1.13552927823,0.469014625896,-0.617427267124,-1.4687866044,95.6591644287,0.632383579806,-0.103543703182,-0.134606814137,1.65017983257,0.74206320614,0.220893233455,0.721354465503,100.0
12.418747,-0.463262197941,-0.629699113427,-0.15071361241,1.13476228784,0.469398121093,-0.618194257518,-1.4691700996,95.6591644287,0.631616589412,-0.103927198379,-0.134606814137,1.65133031816,0.74206320614,0.220893233455,0.720970970306,100.0
12.428761,-0.463645693138,-0.628932123033,-0.150330117213,1.13476228784,0.469014625896,-0.618577752715,-1.4687866044,95.6591644287,0.631616589412,-0.103927198379,-0.134606814137,1.65133031816,0.74206320614,0.221276728652,0.722121455897,100.0
12.438752,-0.462878702744,-0.628932123033,-0.150330117213,1.13476228784,0.469014625896,-0.617810762321,-1.4684031092,95.6591644287,0.631233094215,-0.103160207985,-0.13422331894,1.65171381336,0.741679710943,0.220893233455,0.7217379607,100.0
12.448752,-0.462495207547,-0.62931561823,-0.150330117213,1.13476228784,0.469398121093,-0.619344743109,-1.46801961401,95.6591644287,0.632000084609,-0.103543703182,-0.133839823743,1.65094682296,0.741679710943,0.221660223849,0.720970970306,100.0
12.458751,-0.463262197941,-0.628548627836,-0.150330117213,1.13437879264,0.46978161629,-0.619344743109,-1.46686912842,95.6591644287,0.630849599018,-0.103927198379,-0.134606814137,1.65133031816,0.742446701337,0.221276728652,0.722121455897,100.0
12.468759,-0.46211171235,-0.630849599018,-0.150330117213,1.13437879264,0.469398121093,-0.618961247912,-1.46763611881,95.6591644287,0.630849599018,-0.103543703182,-0.134990309334,1.65094682296,0.74206320614,0.222043719046,0.720203979912,100.0
12.478772,-0.462495207547,-0.629699113427,-0.149179631622,1.13437879264,0.469014625896,-0.619344743109,-1.46763611881,95.6591644287,0.630849599018,-0.103927198379,-0.134606814137,1.65171381336,0.741679710943,0.220509738259,0.7217379607,100.0
12.488733,-0.461344721957,-0.630849599018,-0.149563126819,1.13437879264,0.46978161629,-0.618961247912,-1.46648563322,95.6591644287,0.631233094215,-0.103543703182,-0.134606814137,1.65171381336,0.741679710943,0.220126243062,0.721354465503,100.0
12.498736,-0.461344721957,-0.630082608624,-0.149946622016,1.13361180225,0.46978161629,-0.618961247912,-1.46610213802,95.6591644287,0.631616589412,-0.103543703182,-0.133839823743,1.65209730855,0.74206320614,0.220126243062,0.721354465503,100.0
12.508732,-0.460194236366,-0.630082608624,-0.15071361241,1.13361180225,0.470165111487,-0.618961247912,-1.46610213802,95.6591644287,0.630849599018,-0.103927198379,-0.133839823743,1.65133031816,0.74206320614,0.220893233455,0.721354465503,100.0
12.518733,-0.459810741169,-0.628548627836,-0.149179631622,1.13284481185,0.46978161629,-0.618194257518,-1.46571864282,95.6591644287,0.632383579806,-0.104694188773,-0.134990309334,1.65094682296,0.741296215746,0.221660223849,0.719820484715,100.0
12.528727,-0.460194236366,-0.629699113427,-0.150330117213,1.13284481185,0.46978161629,-0.619344743109,-1.46610213802,95.6591644287,0.631233094215,-0.104694188773,-0.135373804531,1.65094682296,0.741679710943,0.220509738259,0.720970970306,100.0
12.538729,-0.459810741169,-0.62931561823,-0.149179631622,1.13322830705,0.470932101881,-0.618577752715,-1.46648563322,95.6591644287,0.630466103821,-0.104310693576,-0.135373804531,1.65094682296,0.741296215746,0.221276728652,0.720970970306,100.0
12.548742,-0.458660255578,-0.628932123033,-0.149179631622,1.13284481185,0.470548606684,-0.618961247912,-1.46610213802,95.6591644287,0.630849599018,-0.104310693576,-0.134606814137,1.65133031816,0.741679710943,0.221276728652,0.720970970306,100.0
12.558741,-0.458276760381,-0.628932123033,-0.150330117213,1.13284481185,0.470932101881,-0.618961247912,-1.46533514763,95.6591644287,0.631233094215,-0.104310693576,-0.134606814137,1.65171381336,0.741679710943,0.220893233455,0.721354465503,100.0
12.568732,-0.457509769987,-0.630082608624,-0.149946622016,1.13284481185,0.470932101881,-0.618961247912,-1.46610213802,95.6591644287,0.630849599018,-0.103927198379,-0.13422331894,1.65171381336,0.741679710943,0.221276728652,0.721354465503,100.0
12.579033,-0.456359284396,-0.628932123033,-0.148412641228,1.13284481185,0.471315597078,-0.617427267124,-1.46571864282,95.6591644287,0.630849599018,-0.103160207985,-0.134606814137,1.65209730855,0.742446701337,0.222043719046,0.721354465503,100.0
12.588753,-0.456359284396,-0.628932123033,-0.148412641228,1.13284481185,0.471315597078,-0.617427267124,-1.46571864282,95.6591644287,0.630849599018,-0.103160207985,-0.134606814137,1.65209730855,0.742446701337,0.222043719046,0.721354465503,100.0
12.598749,-0.455975789199,-0.62931561823,-0.147645650834,1.13322830705,0.471315597078,-0.61666027673,-1.46533514763,95.6591644287,0.632000084609,-0.103543703182,-0.134606814137,1.65094682296,0.741679710943,0.221660223849,0.7217379607,100.0
12.608759,-0.455975789199,-0.62931561823,-0.147262155637,1.13322830705,0.471315597078,-0.615126295942,-1.46495165243,95.6591644287,0.632383579806,-0.103543703182,-0.134606814137,1.65133031816,0.741679710943,0.221276728652,0.7217379607,100.0
12.618801,-0.455592294002,-0.62931561823,-0.148412641228,1.13322830705,0.471315597078,-0.615893286336,-1.46495165243,95.6591644287,0.632000084609,-0.103927198379,-0.134606814137,1.65209730855,0.741679710943,0.221660223849,0.721354465503,100.0
12.628754,-0.455208798805,-0.628932123033,-0.14687866044,1.13284481185,0.471315597078,-0.615126295942,-1.46686912842,95.6591644287,0.631233094215,-0.103543703182,-0.134606814137,1.65133031816,0.741296215746,0.220509738259,0.721354465503,100.0
12.638742,-0.454441808411,-0.627781637442,-0.146111670046,1.13361180225,0.471315597078,-0.613975810351,-1.46610213802,95.6591644287,0.631616589412,-0.103160207985,-0.134990309334,1.65133031816,0.742446701337,0.220509738259,0.7217379607,100.0
12.648741,-0.454058313214,-0.62931561823,-0.145728174849,1.13322830705,0.470932101881,-0.613975810351,-1.46571864282,95.6591644287,0.631616589412,-0.104310693576,-0.134606814137,1.65056332776,0.74206320614,0.221276728652,0.720970970306,100.0
12.658740,-0.45329132282,-0.628548627836,-0.14687866044,1.13322830705,0.470548606684,-0.613208819957,-1.46571864282,95.6591644287,0.632383579806,-0.103160207985,-0.133456328546,1.65133031816,0.74206320614,0.220893233455,0.721354465503,100.0
12.668744,-0.45329132282,-0.628548627836,-0.145344679652,1.13322830705,0.470932101881,-0.613592315154,-1.46533514763,95.6591644287,0.631233094215,-0.103927198379,-0.134606814137,1.65094682296,0.741679710943,0.221660223849,0.721354465503,100.0
12.678738,-0.452907827623,-0.630849599018,-0.144961184455,1.13284481185,0.470165111487,-0.614742800745,-1.46686912842,95.6591644287,0.631616589412,-0.103927198379,-0.133839823743,1.65133031816,0.741679710943,0.221276728652,0.7217379607,100.0
12.688742,-0.453674818017,-0.631233094215,-0.144577689258,1.13016034547,0.468247635502,-0.616276781533,-1.46648563322,95.6591644287,0.631616589412,-0.103543703182,-0.134606814137,1.65209730855,0.741296215746,0.221276728652,0.720970970306,100.0
12.698740,-0.454058313214,-0.631616589412,-0.144577689258,1.12785937429,0.46978161629,-0.617043771927,-1.46955359479,95.6591644287,0.630082608624,-0.104310693576,-0.133839823743,1.65094682296,0.741679710943,0.221276728652,0.721354465503,100.0
12.708741,-0.454825303608,-0.632000084609,-0.144961184455,1.12555840311,0.470548606684,-0.621262219094,-1.47108757558,95.6591644287,0.630849599018,-0.103927198379,-0.134606814137,1.65133031816,0.74206320614,0.221660223849,0.721354465503,100.0
12.718738,-0.455208798805,-0.6331505702,-0.143810698864,1.12249044154,0.469398121093,-0.628548627836,-1.47377204196,95.6591644287,0.630082608624,-0.104310693576,-0.134606814137,1.65094682296,0.741679710943,0.221276728652,0.721354465503,100.0
12.728738,-0.455592294002,-0.632767075003,-0.144194194061,1.12057296555,0.466330159517,-0.637752512563,-1.47530602275,95.6591644287,0.629699113427,-0.104694188773,-0.13422331894,1.65133031816,0.741679710943,0.222043719046,0.7217379607,100.0
12.738742,-0.455592294002,-0.633534065397,-0.147645650834,1.11788849917,0.46211171235,-0.6458059117,-1.47760699393,95.6591644287,0.629699113427,-0.104310693576,-0.134606814137,1.65171381336,0.740912720549,0.222043719046,0.721354465503,100.0
12.748748,-0.455208798805,-0.635835036579,-0.149179631622,1.11712150878,0.458276760381,-0.652325330048,-1.47875747952,95.6591644287,0.627781637442,-0.103927198379,-0.135373804531,1.65133031816,0.741296215746,0.222043719046,0.721354465503,100.0
12.758745,-0.455592294002,-0.63813600776,-0.152247593198,1.11558752799,0.455975789199,-0.656543777215,-1.4810584507,95.6591644287,0.627398142245,-0.103543703182,-0.133456328546,1.65133031816,0.741296215746,0.220509738259,0.721354465503,100.0
12.768740,-0.456742779593,-0.640436978942,-0.153781573986,1.1148205376,0.454058313214,-0.657310767609,-1.48297592669,95.6591644287,0.626247656654,-0.103927198379,-0.134606814137,1.65133031816,0.74206320614,0.220893233455,0.7217379607,100.0
12.778739,-0.458276760381,-0.643121445321,-0.155315554773,1.1144370424,0.454058313214,-0.6584612532,-1.48527689787,95.6591644287,0.627014647048,-0.103543703182,-0.134606814137,1.65171381336,0.74206320614,0.220509738259,0.7217379607,100.0
12.788737,-0.458660255578,-0.646189406897,-0.156082545167,1.11328655681,0.452907827623,-0.659611738791,-1.48604388826,95.6591644287,0.626247656654,-0.103160207985,-0.13422331894,1.65056332776,0.74206320614,0.221660223849,0.721354465503,100.0
12.798737,-0.460577731563,-0.647723387685,-0.156466040364,1.11251956641,0.452524332426,-0.66344669076,-1.48719437385,95.6591644287,0.62548066626,-0.103160207985,-0.134606814137,1.64979633737,0.741296215746,0.220893233455,0.720587475109,100.0
12.808736,-0.462495207547,-0.650407854063,-0.15569904997,1.11175257602,0.452524332426,-0.666898147533,-1.48796136425,95.6591644287,0.626247656654,-0.103160207985,-0.135757299728,1.65094682296,0.74206320614,0.220893233455,0.7217379607,100.0
12.818739,-0.464029188335,-0.653092320442,-0.15569904997,1.11060209043,0.451373846835,-0.670733099503,-1.48872835464,95.6591644287,0.626631151851,-0.103160207985,-0.134606814137,1.65056332776,0.741679710943,0.220893233455,0.721354465503,100.0
12.828738,-0.465563169123,-0.65462630123,-0.156466040364,1.10868461444,0.451373846835,-0.674184556276,-1.48987884023,95.6591644287,0.627398142245,-0.103160207985,-0.134990309334,1.65017983257,0.741679710943,0.220893233455,0.720587475109,100.0
12.838737,-0.466330159517,-0.656543777215,-0.156466040364,1.10676713846,0.450223361244,-0.674184556276,-1.48949534504,95.6591644287,0.627781637442,-0.102776712788,-0.135373804531,1.65094682296,0.741679710943,0.220126243062,0.722121455897,100.0
12.848739,-0.468247635502,-0.659611738791,-0.156466040364,1.10523315767,0.44830588526,-0.674184556276,-1.48872835464,95.6591644287,0.628932123033,-0.103543703182,-0.135757299728,1.65056332776,0.740912720549,0.220509738259,0.720970970306,100.0
12.858736,-0.469014625896,-0.66229620517,-0.158000021152,1.10408267208,0.445237923684,-0.673801061079,-1.48987884023,95.6591644287,0.628165132639,-0.103160207985,-0.134606814137,1.65056332776,0.741679710943,0.220893233455,0.721354465503,100.0
12.868737,-0.470165111487,-0.663830185957,-0.159150506743,1.1021651961,0.441786466911,-0.674568051473,-1.49026233543,95.6591644287,0.630082608624,-0.104310693576,-0.134990309334,1.65209730855,0.741679710943,0.221660223849,0.721354465503,100.0
12.878741,-0.470165111487,-0.666514652336,-0.160300992334,1.10024772011,0.439485495729,-0.67610203226,-1.49026233543,95.6591644287,0.630849599018,-0.104694188773,-0.134606814137,1.65017983257,0.741679710943,0.221660223849,0.7217379607,100.0
12.888747,-0.470932101881,-0.668432128321,-0.161451477925,1.09948072972,0.439102000532,-0.675718537064,-1.48949534504,95.6591644287,0.631616589412,-0.104694188773,-0.134990309334,1.65094682296,0.741679710943,0.222427214243,0.721354465503,100.0
12.898750,-0.472082587472,-0.668815623518,-0.162218468319,1.09679626334,0.438335010138,-0.676869022654,-1.49102932582,95.6591644287,0.632000084609,-0.104310693576,-0.134990309334,1.65171381336,0.74206320614,0.220893233455,0.721354465503,100.0
12.908751,-0.472849577866,-0.670349604306,-0.162218468319,1.09526228255,0.439102000532,-0.677252517851,-1.49026233543,95.6591644287,0.6331505702,-0.10507768397,-0.134990309334,1.65133031816,0.742446701337,0.221276728652,0.721354465503,100.0
12.918775,-0.474383558654,-0.674184556276,-0.162985458713,1.09449529216,0.438335010138,-0.677636013048,-1.49026233543,95.6591644287,0.6331505702,-0.105461179167,-0.13422331894,1.65286429895,0.740912720549,0.221276728652,0.720970970306,100.0
12.928759,-0.475150549048,-0.676869022654,-0.162985458713,1.09411179696,0.438335010138,-0.678403003442,-1.49102932582,95.6591644287,0.633534065397,-0.105461179167,-0.133839823743,1.65171381336,0.741679710943,0.221276728652,0.721354465503,100.0
12.938763,-0.475917539441,-0.676869022654,-0.162218468319,1.09257781617,0.438718505335,-0.67993698423,-1.49179631622,95.6591644287,0.633534065397,-0.10507768397,-0.134606814137,1.65171381336,0.74206320614,0.221276728652,0.721354465503,100.0
12.948742,-0.477835015426,-0.680320479427,-0.164135944304,1.09219432097,0.439102000532,-0.679553489033,-1.49102932582,95.6591644287,0.6331505702,-0.104694188773,-0.134606814137,1.65133031816,0.741296215746,0.222427214243,0.721354465503,100.0
12.958749,-0.477835015426,-0.682621450609,-0.164135944304,1.09027684499,0.439485495729,-0.67993698423,-1.48987884023,95.6591644287,0.634301055791,-0.103927198379,-0.13422331894,1.65017983257,0.741679710943,0.222427214243,0.720970970306,100.0
12.968789,-0.479752491411,-0.684155431397,-0.164902934698,1.08989334979,0.438718505335,-0.680320479427,-1.49102932582,95.6591644287,0.633534065397,-0.104310693576,-0.133839823743,1.65017983257,0.741296215746,0.221276728652,0.7217379607,100.0
12.979357,-0.482053462593,-0.688757373761,-0.166436915486,1.08759237861,0.439102000532,-0.680703974624,-1.49179631622,95.6591644287,0.632767075003,-0.104694188773,-0.133839823743,1.64941284217,0.742446701337,0.221276728652,0.721354465503,100.0
12.988735,-0.482053462593,-0.688757373761,-0.166436915486,1.08759237861,0.439102000532,-0.680703974624,-1.49179631622,95.6591644287,0.632767075003,-0.104694188773,-0.133839823743,1.64941284217,0.742446701337,0.221276728652,0.721354465503,100.0
12.998735,-0.482053462593,-0.689907859351,-0.166436915486,1.08682538822,0.438718505335,-0.67993698423,-1.49064583063,95.6591644287,0.632383579806,-0.104694188773,-0.133839823743,1.64941284217,0.741679710943,0.222427214243,0.721354465503,100.0
13.008732,-0.483203948184,-0.692208830533,-0.16835439147,1.08529140743,0.438335010138,-0.67993698423,-1.49179631622,95.6591644287,0.632383579806,-0.103927198379,-0.132689338152,1.64864585178,0.74206320614,0.222427214243,0.7217379607,100.0
13.018732,-0.483203948184,-0.694509801715,-0.169504877061,1.08490791223,0.438335010138,-0.680703974624,-1.48987884023,95.6591644287,0.632767075003,-0.103543703182,-0.13422331894,1.64787886139,0.74206320614,0.221660223849,0.722121455897,100.0
13.028731,-0.484737928972,-0.695276792109,-0.171422353046,1.08375742664,0.438718505335,-0.681470965018,-1.49141282102,95.6591644287,0.632383579806,-0.103543703182,-0.133456328546,1.64711187099,0.74206320614,0.220509738259,0.720970970306,100.0
13.038776,-0.485121424169,-0.696810772897,-0.17218934344,1.08222344585,0.438335010138,-0.681470965018,-1.49102932582,95.6591644287,0.632000084609,-0.103160207985,-0.133839823743,1.64711187099,0.741679710943,0.221276728652,0.7217379607,100.0
13.048766,-0.485504919366,-0.698728248882,-0.171805848243,1.08145645546,0.439102000532,-0.682621450609,-1.49026233543,95.6591644287,0.631616589412,-0.103160207985,-0.133839823743,1.6463448806,0.74206320614,0.220893233455,0.720970970306,100.0
13.058779,-0.485504919366,-0.701412715261,-0.174873809819,1.08107296026,0.439102000532,-0.682237955412,-1.49026233543,95.6591644287,0.631616589412,-0.103543703182,-0.133839823743,1.64711187099,0.742446701337,0.220893233455,0.722121455897,100.0
13.068749,-0.485504919366,-0.702179705655,-0.177174781001,1.08068946507,0.439102000532,-0.684155431397,-1.48987884023,95.6591644287,0.630082608624,-0.103543703182,-0.13422331894,1.64672837579,0.741679710943,0.221276728652,0.720970970306,100.0
13.078738,-0.485888414563,-0.70524766723,-0.178325266592,1.07992247467,0.439102000532,-0.6837719362,-1.49026233543,95.6591644287,0.630466103821,-0.104310693576,-0.134606814137,1.64672837579,0.741679710943,0.220893233455,0.7217379607,100.0
13.088792,-0.486655404957,-0.706781648018,-0.177174781001,1.07992247467,0.439102000532,-0.682621450609,-1.49026233543,95.6591644287,0.630466103821,-0.103160207985,-0.133456328546,1.64711187099,0.74206320614,0.220893233455,0.721354465503,100.0
13.098776,-0.487805890548,-0.707932133609,-0.177174781001,1.07915548428,0.439485495729,-0.6837719362,-1.48949534504,95.6591644287,0.62931561823,-0.103927198379,-0.13422331894,1.64749536619,0.74206320614,0.221660223849,0.7217379607,100.0
13.108756,-0.487422395351,-0.710233104791,-0.177941771395,1.07838849388,0.439868990926,-0.684155431397,-1.48987884023,95.6591644287,0.629699113427,-0.103543703182,-0.133456328546,1.64787886139,0.741679710943,0.221276728652,0.721354465503,100.0
13.119100,-0.489339871335,-0.711383590382,-0.178325266592,1.07800499869,0.441402971714,-0.685305916988,-1.49026233543,95.6591644287,0.629699113427,-0.104694188773,-0.13422331894,1.64979633737,0.741296215746,0.221660223849,0.7217379607,100.0
13.128736,-0.489339871335,-0.713684561564,-0.17602429541,1.07800499869,0.441402971714,-0.687223392973,-1.49026233543,95.6591644287,0.62931561823,-0.103927198379,-0.134990309334,1.64941284217,0.741296215746,0.221660223849,0.7217379607,100.0
13.138747,-0.490106861729,-0.714835047155,-0.177174781001,1.0768545131,0.441786466911,-0.688757373761,-1.48987884023,95.6591644287,0.62931561823,-0.105844674364,-0.135373804531,1.64941284217,0.741679710943,0.221660223849,0.721354465503,100.0
13.148738,-0.489339871335,-0.714451551958,-0.178708761789,1.0760875227,0.441402971714,-0.690674849745,-1.48987884023,95.6591644287,0.629699113427,-0.10507768397,-0.135373804531,1.65017983257,0.742446701337,0.221660223849,0.7217379607,100.0
13.158739,-0.490873852123,-0.714451551958,-0.178708761789,1.07532053231,0.44063598132,-0.69259232573,-1.48949534504,95.6591644287,0.629699113427,-0.105844674364,-0.133839823743,1.65017983257,0.741679710943,0.220509738259,0.721354465503,100.0
13.168743,-0.490106861729,-0.715985532746,-0.179092256986,1.07493703711,0.441786466911,-0.695660287306,-1.48949534504,95.6591644287,0.630082608624,-0.105844674364,-0.134606814137,1.65171381336,0.74206320614,0.221276728652,0.720970970306,100.0
13.178745,-0.490106861729,-0.715602037549,-0.177174781001,1.07455354191,0.442169962108,-0.697194268094,-1.48949534504,95.6591644287,0.628548627836,-0.106228169561,-0.134990309334,1.65209730855,0.741679710943,0.220893233455,0.721354465503,100.0
13.188755,-0.489723366532,-0.716369027942,-0.177174781001,1.07417004672,0.442553457305,-0.698728248882,-1.48872835464,95.6591644287,0.630082608624,-0.106611664758,-0.135373804531,1.65324779414,0.741679710943,0.221660223849,0.7217379607,100.0
13.198737,-0.490873852123,-0.71790300873,-0.179092256986,1.07301956113,0.442169962108,-0.699111744079,-1.48796136425,95.6591644287,0.630082608624,-0.106228169561,-0.134990309334,1.65209730855,0.741679710943,0.221660223849,0.721354465503,100.0
13.208753,-0.490106861729,-0.716752523139,-0.178325266592,1.07225257073,0.442936952502,-0.698344753685,-1.48834485945,95.6591644287,0.630466103821,-0.106228169561,-0.135757299728,1.65401478454,0.741679710943,0.22281070944,0.720970970306,100.0
13.218744,-0.490106861729,-0.718669999124,-0.177941771395,1.07148558034,0.442553457305,-0.697194268094,-1.48796136425,95.6591644287,0.630849599018,-0.105461179167,-0.134606814137,1.65248080375,0.74206320614,0.222043719046,0.7217379607,100.0
13.228774,-0.490490356926,-0.718286503927,-0.179092256986,1.07110208514,0.442553457305,-0.6964272777,-1.48681087866,95.6591644287,0.631233094215,-0.105844674364,-0.135757299728,1.65248080375,0.741296215746,0.22281070944,0.7217379607,100.0
13.238744,-0.490106861729,-0.718286503927,-0.177941771395,1.07071858994,0.442553457305,-0.696043782503,-1.48642738346,95.6591644287,0.630849599018,-0.105461179167,-0.133839823743,1.65209730855,0.741679710943,0.22281070944,0.7217379607,100.0
13.248736,-0.489723366532,-0.719820484715,-0.178708761789,1.07033509475,0.442169962108,-0.694509801715,-1.48642738346,95.6591644287,0.631616589412,-0.10507768397,-0.134990309334,1.65248080375,0.741679710943,0.221276728652,0.721354465503,100.0
13.258740,-0.489723366532,-0.719820484715,-0.177558276198,1.07033509475,0.442936952502,-0.694509801715,-1.48604388826,95.6591644287,0.630849599018,-0.104310693576,-0.134606814137,1.65286429895,0.741679710943,0.221660223849,0.721354465503,100.0
13.268762,-0.489723366532,-0.720970970306,-0.178325266592,1.07033509475,0.442936952502,-0.694509801715,-1.48566039307,95.6591644287,0.630466103821,-0.104310693576,-0.133839823743,1.65248080375,0.74206320614,0.222043719046,0.720970970306,100.0
13.278741,-0.490490356926,-0.720587475109,-0.177941771395,1.06995159955,0.443320447699,-0.692975820927,-1.48489340267,95.6591644287,0.631233094215,-0.104310693576,-0.13422331894,1.65171381336,0.741679710943,0.221660223849,0.720970970306,100.0
13.288782,-0.489723366532,-0.720970970306,-0.178325266592,1.06956810435,0.442553457305,-0.691825335336,-1.48489340267,95.6591644287,0.630466103821,-0.103927198379,-0.13422331894,1.65133031816,0.74206320614,0.221660223849,0.7217379607,100.0
13.298750,-0.490106861729,-0.7217379607,-0.177941771395,1.06841761876,0.442936952502,-0.692208830533,-1.48450990748,95.6591644287,0.632383579806,-0.103927198379,-0.133839823743,1.65209730855,0.741296215746,0.221660223849,0.721354465503,100.0
13.308747,-0.489723366532,-0.722504951094,-0.177174781001,1.06841761876,0.442936952502,-0.692208830533,-1.48566039307,95.6591644287,0.631616589412,-0.103927198379,-0.134990309334,1.65133031816,0.741296215746,0.221660223849,0.720970970306,100.0
13.318745,-0.490106861729,-0.722888446291,-0.17602429541,1.06841761876,0.442169962108,-0.692208830533,-1.48527689787,95.6591644287,0.631233094215,-0.103543703182,-0.134990309334,1.65171381336,0.741679710943,0.221660223849,0.7217379607,100.0
13.328745,-0.490106861729,-0.722504951094,-0.177174781001,1.06726713317,0.442169962108,-0.69259232573,-1.48489340267,95.6591644287,0.630082608624,-0.103543703182,-0.134990309334,1.65133031816,0.74206320614,0.221660223849,0.7217379607,100.0
13.338748,-0.489339871335,-0.723655436685,-0.178325266592,1.06765062837,0.442936952502,-0.693742811321,-1.48527689787,95.6591644287,0.631616589412,-0.103543703182,-0.134990309334,1.65094682296,0.741296215746,0.222043719046,0.721354465503,100.0
13.348775,-0.489339871335,-0.723655436685,-0.177558276198,1.06765062837,0.442553457305,-0.693359316124,-1.48566039307,95.6591644287,0.630849599018,-0.103543703182,-0.13422331894,1.65133031816,0.741679710943,0.221276728652,0.721354465503,100.0
13.358749,-0.488956376138,-0.723655436685,-0.178708761789,1.06726713317,0.442169962108,-0.694126306518,-1.48489340267,95.6591644287,0.630466103821,-0.103160207985,-0.13422331894,1.65209730855,0.741296215746,0.221276728652,0.721354465503,100.0
13.368738,-0.488956376138,-0.723655436685,-0.178325266592,1.06688363797,0.443320447699,-0.693742811321,-1.48489340267,95.6591644287,0.630849599018,-0.103160207985,-0.13422331894,1.65171381336,0.74206320614,0.221276728652,0.720970970306,100.0
13.378772,-0.489339871335,-0.724038931882,-0.178325266592,1.06650014278,0.443703942896,-0.693359316124,-1.48489340267,95.6591644287,0.631616589412,-0.103927198379,-0.134606814137,1.65171381336,0.74206320614,0.221276728652,0.720970970306,100.0
13.389415,-0.488572880942,-0.724805922276,-0.177174781001,1.06573315238,0.443320447699,-0.692975820927,-1.48527689787,95.6591644287,0.630849599018,-0.103543703182,-0.13422331894,1.65171381336,0.741679710943,0.220509738259,0.721354465503,100.0
13.398726,-0.488572880942,-0.724805922276,-0.177174781001,1.06573315238,0.443320447699,-0.692975820927,-1.48527689787,95.6591644287,0.630849599018,-0.103543703182,-0.13422331894,1.65171381336,0.741679710943,0.220509738259,0.721354465503,100.0
13.408734,-0.488956376138,-0.724422427079,-0.177558276198,1.06688363797,0.44447093329,-0.693742811321,-1.48489340267,95.6591644287,0.630466103821,-0.104310693576,-0.134990309334,1.65209730855,0.741679710943,0.221660223849,0.721354465503,100.0
13.418740,-0.488189385745,-0.724805922276,-0.178325266592,1.06650014278,0.444854428487,-0.693742811321,-1.48450990748,95.6591644287,0.629699113427,-0.104310693576,-0.134606814137,1.65209730855,0.741296215746,0.220893233455,0.721354465503,100.0
13.428745,-0.488572880942,-0.724805922276,-0.177558276198,1.06611664758,0.444854428487,-0.694509801715,-1.48489340267,95.6591644287,0.631233094215,-0.103927198379,-0.134990309334,1.65209730855,0.741679710943,0.220509738259,0.721354465503,100.0
13.438747,-0.488572880942,-0.724422427079,-0.177941771395,1.06688363797,0.444854428487,-0.694509801715,-1.48450990748,95.6591644287,0.629699113427,-0.103927198379,-0.134990309334,1.65209730855,0.741296215746,0.221660223849,0.720970970306,100.0
13.448738,-0.488572880942,-0.724805922276,-0.177941771395,1.06611664758,0.445621418881,-0.694893296912,-1.48489340267,95.6591644287,0.631233094215,-0.10507768397,-0.135373804531,1.65209730855,0.741296215746,0.222427214243,0.720970970306,100.0
13.458762,-0.488956376138,-0.724422427079,-0.178325266592,1.06688363797,0.445621418881,-0.694126306518,-1.48527689787,95.6591644287,0.629699113427,-0.103543703182,-0.135373804531,1.65248080375,0.741679710943,0.220893233455,0.721354465503,100.0
13.468741,-0.488956376138,-0.725189417473,-0.177558276198,1.06650014278,0.445237923684,-0.694509801715,-1.48450990748,95.6591644287,0.630082608624,-0.103543703182,-0.134606814137,1.65171381336,0.74206320614,0.221276728652,0.720970970306,100.0
13.478736,-0.488956376138,-0.724422427079,-0.177558276198,1.06611664758,0.446004914078,-0.693359316124,-1.48412641228,95.6591644287,0.631233094215,-0.104310693576,-0.134606814137,1.65056332776,0.741679710943,0.222043719046,0.721354465503,100.0
13.488744,-0.488572880942,-0.724805922276,-0.178325266592,1.06611664758,0.446388409275,-0.695276792109,-1.48527689787,95.6591644287,0.630849599018,-0.103927198379,-0.134990309334,1.65171381336,0.741679710943,0.221660223849,0.720970970306,100.0
13.498740,-0.488572880942,-0.725189417473,-0.176791285804,1.06650014278,0.446004914078,-0.695276792109,-1.48489340267,95.6591644287,0.630466103821,-0.104310693576,-0.134990309334,1.65094682296,0.74206320614,0.221660223849,0.720970970306,100.0
13.508734,-0.488189385745,-0.724805922276,-0.177941771395,1.06573315238,0.445621418881,-0.695660287306,-1.48412641228,95.6591644287,0.630849599018,-0.104310693576,-0.134606814137,1.65171381336,0.741679710943,0.221276728652,0.721354465503,100.0
13.518729,-0.488189385745,-0.725189417473,-0.177941771395,1.06573315238,0.446004914078,-0.695660287306,-1.48412641228,95.6591644287,0.630849599018,-0.104310693576,-0.134990309334,1.65133031816,0.74206320614,0.221660223849,0.720970970306,100.0
13.528733,-0.488189385745,-0.72557291267,-0.177558276198,1.06611664758,0.445621418881,-0.694893296912,-1.48450990748,95.6591644287,0.631616589412,-0.103543703182,-0.135373804531,1.65133031816,0.74206320614,0.222043719046,0.7217379607,100.0
13.538762,-0.488956376138,-0.724805922276,-0.177558276198,1.06534965719,0.446004914078,-0.694893296912,-1.48412641228,95.6591644287,0.631233094215,-0.103543703182,-0.134606814137,1.65094682296,0.741679710943,0.221660223849,0.7217379607,100.0
13.548746,-0.488189385745,-0.725189417473,-0.178325266592,1.06611664758,0.446004914078,-0.695276792109,-1.48412641228,95.6591644287,0.631233094215,-0.103927198379,-0.134606814137,1.65017983257,0.741296215746,0.222043719046,0.722121455897,100.0
13.558734,-0.488189385745,-0.725956407867,-0.177174781001,1.06534965719,0.445621418881,-0.695660287306,-1.48489340267,95.6591644287,0.631233094215,-0.104310693576,-0.135373804531,1.65094682296,0.741296215746,0.222043719046,0.7217379607,100.0
13.568733,-0.487422395351,-0.725956407867,-0.177174781001,1.06573315238,0.446388409275,-0.695660287306,-1.48450990748,95.6591644287,0.630849599018,-0.103543703182,-0.134606814137,1.65133031816,0.741679710943,0.221276728652,0.7217379607,100.0
13.579448,-0.487805890548,-0.726723398261,-0.178708761789,1.06496616199,0.445621418881,-0.694893296912,-1.48450990748,95.6591644287,0.632000084609,-0.104310693576,-0.134606814137,1.65094682296,0.742830196534,0.221660223849,0.7217379607,100.0
13.588728,-0.487805890548,-0.726723398261,-0.178708761789,1.06496616199,0.445621418881,-0.694893296912,-1.48450990748,95.6591644287,0.632000084609,-0.104310693576,-0.134606814137,1.65094682296,0.742830196534,0.221660223849,0.7217379607,100.0
13.598751,-0.488189385745,-0.726723398261,-0.17602429541,1.06496616199,0.446388409275,-0.695276792109,-1.48489340267,95.6591644287,0.631616589412,-0.103543703182,-0.134606814137,1.65133031816,0.74206320614,0.221660223849,0.7217379607,100.0
13.608753,-0.487805890548,-0.726723398261,-0.177558276198,1.06573315238,0.446388409275,-0.695660287306,-1.48489340267,95.6591644287,0.632000084609,-0.103543703182,-0.133839823743,1.65056332776,0.74206320614,0.221660223849,0.7217379607,100.0
13.618750,-0.487422395351,-0.726339903064,-0.177558276198,1.06534965719,0.446004914078,-0.696043782503,-1.48489340267,95.6591644287,0.631233094215,-0.103927198379,-0.13422331894,1.65094682296,0.741296215746,0.221276728652,0.7217379607,100.0
13.628737,-0.487805890548,-0.726723398261,-0.178325266592,1.06611664758,0.446771904472,-0.695276792109,-1.48412641228,95.6591644287,0.631616589412,-0.103543703182,-0.134990309334,1.65133031816,0.742446701337,0.221276728652,0.721354465503,100.0
13.638756,-0.488189385745,-0.726723398261,-0.177558276198,1.06573315238,0.446004914078,-0.695660287306,-1.48450990748,95.6591644287,0.631616589412,-0.103160207985,-0.134990309334,1.65094682296,0.741679710943,0.221660223849,0.7217379607,100.0
13.648752,-0.487422395351,-0.727490388655,-0.177174781001,1.06458266679,0.445621418881,-0.694893296912,-1.48489340267,95.6591644287,0.630466103821,-0.104310693576,-0.134606814137,1.65133031816,0.74206320614,0.220893233455,0.722121455897,100.0
13.658748,-0.487805890548,-0.727873883852,-0.177558276198,1.06573315238,0.445621418881,-0.695276792109,-1.48527689787,95.6591644287,0.631233094215,-0.103160207985,-0.134606814137,1.65133031816,0.741679710943,0.221660223849,0.7217379607,100.0
13.668739,-0.488189385745,-0.726723398261,-0.178325266592,1.06534965719,0.446004914078,-0.695276792109,-1.48566039307,95.6591644287,0.631233094215,-0.104694188773,-0.133839823743,1.65171381336,0.741679710943,0.222043719046,0.721354465503,100.0
13.678763,-0.487805890548,-0.726723398261,-0.175640800213,1.06534965719,0.446004914078,-0.694893296912,-1.48450990748,95.6591644287,0.630849599018,-0.103927198379,-0.133072833349,1.65133031816,0.741679710943,0.220509738259,0.7217379607,100.0
13.688763,-0.487805890548,-0.727873883852,-0.177941771395,1.06534965719,0.445621418881,-0.696043782503,-1.48412641228,95.6591644287,0.631233094215,-0.103543703182,-0.13422331894,1.65209730855,0.741679710943,0.221276728652,0.721354465503,100.0
13.699044,-0.487038900154,-0.727106893458,-0.176791285804,1.06496616199,0.445621418881,-0.695276792109,-1.48489340267,95.6591644287,0.630466103821,-0.103927198379,-0.134606814137,1.65209730855,0.740912720549,0.221660223849,0.721354465503,100.0
13.708734,-0.487422395351,-0.727106893458,-0.176407790607,1.06534965719,0.446004914078,-0.695276792109,-1.48374291708,95.6591644287,0.630849599018,-0.104694188773,-0.13422331894,1.65171381336,0.741296215746,0.222427214243,0.7217379607,100.0
13.718743,-0.487805890548,-0.727490388655,-0.176791285804,1.06496616199,0.446388409275,-0.695276792109,-1.48489340267,95.6591644287,0.630849599018,-0.104310693576,-0.135373804531,1.65133031816,0.74206320614,0.222043719046,0.7217379607,100.0
13.728729,-0.488189385745,-0.727106893458,-0.176407790607,1.06611664758,0.446388409275,-0.694893296912,-1.48374291708,95.6591644287,0.631233094215,-0.103927198379,-0.135373804531,1.65133031816,0.74206320614,0.222427214243,0.722121455897,100.0
13.738758,-0.486655404957,-0.727490388655,-0.176407790607,1.06611664758,0.446004914078,-0.694126306518,-1.48450990748,95.6591644287,0.631233094215,-0.102776712788,-0.134606814137,1.65056332776,0.741679710943,0.221660223849,0.721354465503,100.0
13.748965,-0.486655404957,-0.726723398261,-0.177558276198,1.06611664758,0.446388409275,-0.694126306518,-1.48412641228,95.6591644287,0.631233094215,-0.103543703182,-0.134606814137,1.65171381336,0.741679710943,0.221660223849,0.7217379607,100.0
13.758749,-0.486655404957,-0.726723398261,-0.177558276198,1.06611664758,0.446388409275,-0.694126306518,-1.48412641228,95.6591644287,0.631233094215,-0.103543703182,-0.134606814137,1.65171381336,0.741679710943,0.221660223849,0.7217379607,100.0
13.768745,-0.487038900154,-0.726339903064,-0.175640800213,1.06611664758,0.445621418881,-0.694126306518,-1.48489340267,95.6591644287,0.630849599018,-0.103543703182,-0.134606814137,1.65171381336,0.741679710943,0.222043719046,0.7217379607,100.0
13.778778,-0.487422395351,-0.727106893458,-0.177174781001,1.06573315238,0.446004914078,-0.693742811321,-1.48450990748,95.6591644287,0.630849599018,-0.103160207985,-0.13422331894,1.65133031816,0.742446701337,0.222043719046,0.720970970306,100.0
13.788783,-0.48627190976,-0.726339903064,-0.175257305016,1.06688363797,0.446388409275,-0.694126306518,-1.48374291708,95.6591644287,0.631233094215,-0.103160207985,-0.133839823743,1.65133031816,0.741679710943,0.222043719046,0.721354465503,100.0
13.798753,-0.486655404957,-0.726339903064,-0.17602429541,1.06688363797,0.446388409275,-0.69259232573,-1.48450990748,95.6591644287,0.631233094215,-0.103160207985,-0.134606814137,1.65171381336,0.741679710943,0.222043719046,0.720587475109,100.0
13.808755,-0.485121424169,-0.72557291267,-0.17602429541,1.06726713317,0.445621418881,-0.692208830533,-1.48412641228,95.6591644287,0.631616589412,-0.103160207985,-0.134990309334,1.65094682296,0.742446701337,0.222043719046,0.722121455897,100.0
13.818751,-0.485504919366,-0.72557291267,-0.17602429541,1.06803412357,0.446388409275,-0.691825335336,-1.48374291708,95.6591644287,0.631233094215,-0.103927198379,-0.13422331894,1.65133031816,0.741679710943,0.221660223849,0.721354465503,100.0
13.828781,-0.485504919366,-0.72557291267,-0.174873809819,1.06726713317,0.446004914078,-0.690674849745,-1.48450990748,95.6591644287,0.631233094215,-0.103927198379,-0.135373804531,1.65133031816,0.742446701337,0.221276728652,0.720587475109,100.0
13.838741,-0.484354433775,-0.726723398261,-0.175640800213,1.06803412357,0.446388409275,-0.689524364154,-1.48374291708,95.6591644287,0.630082608624,-0.103543703182,-0.134606814137,1.65133031816,0.742446701337,0.221660223849,0.7217379607,100.0
13.848738,-0.484737928972,-0.726723398261,-0.17602429541,1.06841761876,0.446004914078,-0.689907859351,-1.48412641228,95.6591644287,0.631233094215,-0.103543703182,-0.134990309334,1.65094682296,0.741679710943,0.221660223849,0.720970970306,100.0
13.858975,-0.485121424169,-0.727106893458,-0.174490314622,1.06956810435,0.446388409275,-0.688757373761,-1.48450990748,95.6591644287,0.631233094215,-0.104694188773,-0.134990309334,1.65094682296,0.741679710943,0.221276728652,0.721354465503,100.0
13.868765,-0.484354433775,-0.72557291267,-0.174106819425,1.06918460916,0.445621418881,-0.689524364154,-1.48374291708,95.6591644287,0.631616589412,-0.103543703182,-0.13422331894,1.65133031816,0.741679710943,0.222043719046,0.721354465503,100.0
13.878754,-0.484354433775,-0.726723398261,-0.172956333834,1.06995159955,0.446004914078,-0.688757373761,-1.48412641228,95.6591644287,0.630466103821,-0.103543703182,-0.13422331894,1.65094682296,0.74206320614,0.222427214243,0.721354465503,100.0
13.888737,-0.483587443381,-0.72557291267,-0.173723324228,1.07033509475,0.445237923684,-0.689140868958,-1.48297592669,95.6591644287,0.631233094215,-0.103543703182,-0.134990309334,1.65133031816,0.742446701337,0.222427214243,0.721354465503,100.0
13.898733,-0.483203948184,-0.725956407867,-0.174873809819,1.07071858994,0.446771904472,-0.687990383367,-1.48335942189,95.6591644287,0.630849599018,-0.103927198379,-0.13422331894,1.65133031816,0.74206320614,0.221660223849,0.721354465503,100.0
13.908734,-0.482820452987,-0.725956407867,-0.174106819425,1.07071858994,0.446004914078,-0.688373878564,-1.48335942189,95.6591644287,0.630849599018,-0.103543703182,-0.134990309334,1.65171381336,0.74206320614,0.222427214243,0.720970970306,100.0
13.918777,-0.483203948184,-0.725956407867,-0.174106819425,1.07110208514,0.446388409275,-0.688757373761,-1.48374291708,95.6591644287,0.630849599018,-0.103927198379,-0.133839823743,1.65094682296,0.741679710943,0.222043719046,0.720587475109,100.0
13.928757,-0.483203948184,-0.726723398261,-0.173723324228,1.07148558034,0.446771904472,-0.687990383367,-1.48374291708,95.6591644287,0.630849599018,-0.104310693576,-0.133839823743,1.65133031816,0.741296215746,0.222043719046,0.7217379607,100.0
13.938747,-0.482820452987,-0.726339903064,-0.174106819425,1.07225257073,0.446004914078,-0.688373878564,-1.48259243149,95.6591644287,0.632000084609,-0.104310693576,-0.134606814137,1.65133031816,0.74206320614,0.221276728652,0.720970970306,100.0
13.948734,-0.482820452987,-0.725956407867,-0.174106819425,1.07301956113,0.446771904472,-0.688757373761,-1.48297592669,95.6591644287,0.631616589412,-0.103543703182,-0.13422331894,1.65094682296,0.74206320614,0.221276728652,0.7217379607,100.0
13.958747,-0.48243695779,-0.726339903064,-0.173339829031,1.07340305632,0.446771904472,-0.689524364154,-1.48297592669,95.6591644287,0.630849599018,-0.104310693576,-0.134990309334,1.65209730855,0.742446701337,0.221660223849,0.720970970306,100.0
13.968745,-0.481669967396,-0.72557291267,-0.171805848243,1.07378655152,0.447155399669,-0.689140868958,-1.48335942189,95.6591644287,0.630849599018,-0.104694188773,-0.133839823743,1.65209730855,0.741679710943,0.221660223849,0.721354465503,100.0
13.978743,-0.481669967396,-0.725956407867,-0.172572838637,1.07340305632,0.447538894866,-0.689524364154,-1.48335942189,95.6591644287,0.631233094215,-0.103543703182,-0.134990309334,1.65209730855,0.74206320614,0.221276728652,0.720970970306,100.0
13.988734,-0.482053462593,-0.725956407867,-0.172572838637,1.07378655152,0.446771904472,-0.689140868958,-1.48374291708,95.6591644287,0.630849599018,-0.103160207985,-0.134990309334,1.65094682296,0.741679710943,0.222043719046,0.720970970306,100.0
13.998733,-0.481286472199,-0.726339903064,-0.173723324228,1.07455354191,0.447155399669,-0.688373878564,-1.48297592669,95.6591644287,0.630466103821,-0.103927198379,-0.134990309334,1.65171381336,0.742446701337,0.222043719046,0.720587475109,100.0
14.008734,-0.481669967396,-0.726723398261,-0.172956333834,1.07378655152,0.447155399669,-0.689524364154,-1.48335942189,95.6591644287,0.631616589412,-0.103927198379,-0.133839823743,1.65171381336,0.741679710943,0.222043719046,0.7217379607,100.0
14.018734,-0.481286472199,-0.725956407867,-0.171805848243,1.07532053231,0.446771904472,-0.688757373761,-1.48374291708,95.6591644287,0.630849599018,-0.103927198379,-0.133839823743,1.65056332776,0.741679710943,0.221276728652,0.721354465503,100.0
14.028744,-0.480902977002,-0.726723398261,-0.173339829031,1.07532053231,0.447922390063,-0.689140868958,-1.48259243149,95.6591644287,0.630466103821,-0.103927198379,-0.133839823743,1.65094682296,0.741679710943,0.222043719046,0.721354465503,100.0
14.038795,-0.480519481805,-0.726723398261,-0.170271867455,1.07532053231,0.447538894866,-0.688757373761,-1.48374291708,95.6591644287,0.631616589412,-0.103543703182,-0.133839823743,1.65171381336,0.741296215746,0.222043719046,0.722121455897,100.0
14.048749,-0.480519481805,-0.726723398261,-0.171038857849,1.07532053231,0.447922390063,-0.687990383367,-1.48220893629,95.6591644287,0.631233094215,-0.103543703182,-0.133839823743,1.65133031816,0.74206320614,0.221660223849,0.721354465503,100.0
14.058755,-0.480135986608,-0.726339903064,-0.171805848243,1.0760875227,0.447155399669,-0.687990383367,-1.48259243149,95.6591644287,0.631233094215,-0.103543703182,-0.134606814137,1.65171381336,0.74206320614,0.221660223849,0.721354465503,100.0
14.068769,-0.480519481805,-0.72557291267,-0.171038857849,1.0764710179,0.447538894866,-0.686839897776,-1.48335942189,95.6591644287,0.631233094215,-0.103927198379,-0.134990309334,1.65171381336,0.741296215746,0.222043719046,0.721354465503,100.0
14.078749,-0.479752491411,-0.725956407867,-0.170655362652,1.0764710179,0.447922390063,-0.68760688817,-1.48259243149,95.6591644287,0.631233094215,-0.103927198379,-0.135373804531,1.65209730855,0.742446701337,0.221660223849,0.720970970306,100.0
14.088745,-0.480135986608,-0.726339903064,-0.171422353046,1.07723800829,0.44830588526,-0.687223392973,-1.48259243149,95.6591644287,0.631233094215,-0.103543703182,-0.13422331894,1.65171381336,0.741296215746,0.222427214243,0.721354465503,100.0
14.098734,-0.479752491411,-0.726723398261,-0.170655362652,1.07723800829,0.448689380456,-0.686456402579,-1.48297592669,95.6591644287,0.630466103821,-0.103543703182,-0.134606814137,1.65286429895,0.741679710943,0.22281070944,0.721354465503,100.0
14.108739,-0.479752491411,-0.726723398261,-0.171422353046,1.07723800829,0.44945637085,-0.686456402579,-1.48297592669,95.6591644287,0.630082608624,-0.103927198379,-0.135373804531,1.65133031816,0.741679710943,0.221660223849,0.721354465503,100.0
14.118755,-0.479752491411,-0.726723398261,-0.171038857849,1.07800499869,0.449072875653,-0.684155431397,-1.48335942189,95.6591644287,0.631233094215,-0.103543703182,-0.133839823743,1.65133031816,0.741679710943,0.221276728652,0.721354465503,100.0
14.128749,-0.479752491411,-0.724422427079,-0.170271867455,1.07838849388,0.449839866047,-0.682621450609,-1.48297592669,95.6591644287,0.630082608624,-0.103927198379,-0.134606814137,1.65133031816,0.741679710943,0.222043719046,0.7217379607,100.0
14.138763,-0.480135986608,-0.726339903064,-0.171038857849,1.07915548428,0.449839866047,-0.681470965018,-1.48259243149,95.6591644287,0.630849599018,-0.103927198379,-0.13422331894,1.65171381336,0.741679710943,0.222043719046,0.720970970306,100.0
14.148780,-0.479752491411,-0.726723398261,-0.170271867455,1.08068946507,0.44945637085,-0.680320479427,-1.48297592669,95.6591644287,0.631233094215,-0.103927198379,-0.134990309334,1.65133031816,0.741296215746,0.220893233455,0.7217379607,100.0
14.158741,-0.480135986608,-0.72557291267,-0.170655362652,1.08107296026,0.449072875653,-0.678403003442,-1.48259243149,95.6591644287,0.630849599018,-0.103927198379,-0.134606814137,1.65171381336,0.74206320614,0.221276728652,0.721354465503,100.0
14.168737,-0.479752491411,-0.72557291267,-0.171038857849,1.08222344585,0.44945637085,-0.677252517851,-1.48335942189,95.6591644287,0.630849599018,-0.103927198379,-0.134990309334,1.65094682296,0.741679710943,0.222043719046,0.7217379607,100.0
14.178744,-0.479368996214,-0.724038931882,-0.169888372258,1.08260694105,0.450223361244,-0.675335041867,-1.48220893629,95.6591644287,0.631233094215,-0.103543703182,-0.13422331894,1.65133031816,0.740912720549,0.221660223849,0.7217379607,100.0
14.188731,-0.478985501017,-0.725189417473,-0.169121381864,1.08337393144,0.449839866047,-0.675335041867,-1.48220893629,95.6591644287,0.630466103821,-0.103543703182,-0.134606814137,1.65094682296,0.741679710943,0.221660223849,0.721354465503,100.0
14.198736,-0.479368996214,-0.724038931882,-0.169888372258,1.08452441703,0.44945637085,-0.674184556276,-1.4818254411,95.6591644287,0.630466103821,-0.103927198379,-0.134990309334,1.65171381336,0.74206320614,0.221660223849,0.720970970306,100.0
14.208736,-0.478985501017,-0.724038931882,-0.169504877061,1.08567490263,0.450606856441,-0.673801061079,-1.48220893629,95.6591644287,0.630849599018,-0.103927198379,-0.134990309334,1.65209730855,0.741679710943,0.221276728652,0.720970970306,100.0
14.218727,-0.47860200582,-0.723271941488,-0.169888372258,1.08682538822,0.449839866047,-0.673801061079,-1.48259243149,95.6591644287,0.631233094215,-0.104310693576,-0.134990309334,1.65094682296,0.741296215746,0.222043719046,0.720203979912,100.0
14.228731,-0.47860200582,-0.7217379607,-0.169121381864,1.08797587381,0.450223361244,-0.672267080291,-1.48297592669,95.6591644287,0.630849599018,-0.103927198379,-0.134990309334,1.65133031816,0.741679710943,0.221660223849,0.7217379607,100.0
14.238729,-0.47860200582,-0.722121455897,-0.166820410683,1.0887428642,0.449839866047,-0.672650575488,-1.48220893629,95.6591644287,0.631616589412,-0.103543703182,-0.134606814137,1.65171381336,0.741679710943,0.222043719046,0.721354465503,100.0
14.248736,-0.47860200582,-0.720970970306,-0.169121381864,1.0891263594,0.450606856441,-0.672650575488,-1.48259243149,95.6591644287,0.630849599018,-0.104310693576,-0.134990309334,1.65133031816,0.741679710943,0.222043719046,0.720970970306,100.0
14.258727,-0.478218510623,-0.719820484715,-0.16835439147,1.09066034019,0.450990351638,-0.672650575488,-1.48297592669,95.6591644287,0.632000084609,-0.103543703182,-0.133839823743,1.65094682296,0.74206320614,0.221660223849,0.720970970306,100.0
14.268748,-0.477835015426,-0.719436989518,-0.167970896273,1.09296131137,0.450223361244,-0.672267080291,-1.4818254411,95.6591644287,0.630849599018,-0.103160207985,-0.134606814137,1.65133031816,0.74206320614,0.220893233455,0.721354465503,100.0
14.278751,-0.476301034638,-0.71790300873,-0.167587401076,1.09411179696,0.450990351638,-0.672650575488,-1.48220893629,95.6591644287,0.630849599018,-0.103927198379,-0.13422331894,1.65133031816,0.741679710943,0.222043719046,0.7217379607,100.0
14.288732,-0.477451520229,-0.717136018336,-0.166436915486,1.09526228255,0.450606856441,-0.673034070685,-1.48259243149,95.6591644287,0.631233094215,-0.103543703182,-0.134990309334,1.65094682296,0.741296215746,0.221660223849,0.720970970306,100.0
14.298739,-0.477068025032,-0.716752523139,-0.166436915486,1.09564577775,0.450606856441,-0.671883585094,-1.48259243149,95.6591644287,0.630466103821,-0.103543703182,-0.134990309334,1.65171381336,0.741296215746,0.222043719046,0.7217379607,100.0
14.308746,-0.476301034638,-0.715985532746,-0.166820410683,1.09641276814,0.452140837229,-0.671883585094,-1.48259243149,95.6591644287,0.631233094215,-0.103543703182,-0.13422331894,1.65209730855,0.741679710943,0.222043719046,0.721354465503,100.0
14.318744,-0.475534044244,-0.714835047155,-0.164902934698,1.09794674893,0.451757342032,-0.671500089897,-1.48220893629,95.6591644287,0.630466103821,-0.104310693576,-0.134990309334,1.65094682296,0.741679710943,0.221276728652,0.721354465503,100.0
14.328743,-0.475534044244,-0.714068056761,-0.166053420289,1.09909723452,0.451757342032,-0.6711165947,-1.48259243149,95.6591644287,0.631233094215,-0.103927198379,-0.134990309334,1.65133031816,0.741679710943,0.221660223849,0.722121455897,100.0
14.338747,-0.475534044244,-0.712150580776,-0.165286429895,1.10063121531,0.451373846835,-0.6711165947,-1.48259243149,95.6591644287,0.630849599018,-0.103927198379,-0.133839823743,1.65133031816,0.74206320614,0.221660223849,0.722121455897,100.0
14.348742,-0.474000063457,-0.711383590382,-0.164135944304,1.1017817009,0.451373846835,-0.669966109109,-1.48297592669,95.6591644287,0.631233094215,-0.104310693576,-0.134606814137,1.65171381336,0.741679710943,0.222427214243,0.720970970306,100.0
14.358740,-0.474000063457,-0.708699124003,-0.164519439501,1.10293218649,0.451757342032,-0.669966109109,-1.48297592669,95.6591644287,0.630849599018,-0.104310693576,-0.134606814137,1.65056332776,0.742446701337,0.222043719046,0.721354465503,100.0
14.368730,-0.47361656826,-0.708315628806,-0.163752449107,1.10331568169,0.452140837229,-0.668432128321,-1.48259243149,95.6591644287,0.631233094215,-0.103160207985,-0.134990309334,1.65133031816,0.742446701337,0.221276728652,0.720970970306,100.0
14.378756,-0.472849577866,-0.706781648018,-0.16336895391,1.10484966247,0.451757342032,-0.66728164273,-1.4814419459,95.6591644287,0.630849599018,-0.104310693576,-0.135373804531,1.65171381336,0.742446701337,0.222043719046,0.721354465503,100.0
14.388738,-0.472849577866,-0.706014657624,-0.16336895391,1.10484966247,0.452140837229,-0.666898147533,-1.4814419459,95.6591644287,0.631233094215,-0.104310693576,-0.134606814137,1.65171381336,0.741296215746,0.221276728652,0.7217379607,100.0
14.398750,-0.473233073063,-0.704097181639,-0.164135944304,1.10638364326,0.451757342032,-0.666514652336,-1.48220893629,95.6591644287,0.631233094215,-0.103927198379,-0.134990309334,1.65171381336,0.74206320614,0.222427214243,0.7217379607,100.0
14.408747,-0.471315597078,-0.702563200852,-0.162218468319,1.10715063366,0.450990351638,-0.665747661942,-1.48220893629,95.6591644287,0.630082608624,-0.103927198379,-0.135373804531,1.65094682296,0.741679710943,0.222043719046,0.7217379607,100.0
14.418744,-0.470932101881,-0.701412715261,-0.162218468319,1.10868461444,0.451757342032,-0.664980671548,-1.48259243149,95.6591644287,0.631233094215,-0.104694188773,-0.134990309334,1.65094682296,0.742446701337,0.222043719046,0.720587475109,100.0
14.428778,-0.470548606684,-0.699495239276,-0.161067982728,1.10945160484,0.451373846835,-0.663830185957,-1.48220893629,95.6591644287,0.630849599018,-0.103543703182,-0.13422331894,1.65133031816,0.74206320614,0.220509738259,0.721354465503,100.0
14.438782,-0.470165111487,-0.698344753685,-0.160684487531,1.10983510004,0.451373846835,-0.66344669076,-1.48259243149,95.6591644287,0.630466103821,-0.104310693576,-0.134606814137,1.65248080375,0.741679710943,0.221276728652,0.7217379607,100.0
14.448776,-0.470165111487,-0.697194268094,-0.160300992334,1.11136908082,0.452140837229,-0.662679700366,-1.4818254411,95.6591644287,0.630849599018,-0.103927198379,-0.134606814137,1.65171381336,0.741679710943,0.222043719046,0.721354465503,100.0
14.458778,-0.470165111487,-0.695660287306,-0.159150506743,1.11251956641,0.452524332426,-0.663063195563,-1.4814419459,95.6591644287,0.630849599018,-0.104310693576,-0.134606814137,1.65171381336,0.74206320614,0.222427214243,0.720970970306,100.0
14.468753,-0.469398121093,-0.693742811321,-0.157616525955,1.11251956641,0.451757342032,-0.661529214776,-1.48220893629,95.6591644287,0.631233094215,-0.104310693576,-0.133839823743,1.65056332776,0.74206320614,0.222427214243,0.721354465503,100.0
14.478751,-0.467864140305,-0.69259232573,-0.157233030758,1.1140535472,0.45329132282,-0.661145719579,-1.4818254411,95.6591644287,0.630849599018,-0.103927198379,-0.13422331894,1.65209730855,0.741296215746,0.222427214243,0.7217379607,100.0
14.488743,-0.467480645108,-0.69259232573,-0.158000021152,1.1140535472,0.452907827623,-0.659995233988,-1.48220893629,95.6591644287,0.630849599018,-0.104310693576,-0.134606814137,1.65171381336,0.74206320614,0.222043719046,0.720970970306,100.0
14.498748,-0.467097149911,-0.690291354548,-0.159150506743,1.11520403279,0.45329132282,-0.659611738791,-1.4818254411,95.6591644287,0.632000084609,-0.103543703182,-0.134606814137,1.65017983257,0.741679710943,0.222043719046,0.7217379607,100.0
14.508736,-0.466330159517,-0.689524364154,-0.156849535561,1.1148205376,0.453674818017,-0.658077758003,-1.4818254411,95.6591644287,0.631233094215,-0.103543703182,-0.134606814137,1.65056332776,0.741296215746,0.220893233455,0.720587475109,100.0
14.518741,-0.465563169123,-0.687990383367,-0.157233030758,1.11635451838,0.45329132282,-0.657694262806,-1.48220893629,95.6591644287,0.630082608624,-0.104310693576,-0.133839823743,1.65209730855,0.741296215746,0.221276728652,0.7217379607,100.0
14.528749,-0.464796178729,-0.687223392973,-0.156849535561,1.11712150878,0.454825303608,-0.657310767609,-1.4814419459,95.6591644287,0.631233094215,-0.104310693576,-0.134606814137,1.65133031816,0.741296215746,0.221660223849,0.721354465503,100.0
14.538795,-0.465563169123,-0.685305916988,-0.154932059576,1.11750500397,0.455975789199,-0.656543777215,-1.4818254411,95.6591644287,0.630849599018,-0.104310693576,-0.135757299728,1.65171381336,0.74206320614,0.22281070944,0.722121455897,100.0
14.548779,-0.464796178729,-0.6837719362,-0.15569904997,1.11827199437,0.455208798805,-0.655776786821,-1.48220893629,95.6591644287,0.631233094215,-0.103927198379,-0.134606814137,1.65171381336,0.741679710943,0.222043719046,0.720587475109,100.0
14.558738,-0.464796178729,-0.683388441003,-0.153781573986,1.11942247996,0.455208798805,-0.653475815639,-1.48259243149,95.6591644287,0.630849599018,-0.103543703182,-0.13422331894,1.65133031816,0.741679710943,0.221660223849,0.720970970306,100.0
14.568755,-0.464029188335,-0.682621450609,-0.153781573986,1.11942247996,0.454825303608,-0.651941834851,-1.4814419459,95.6591644287,0.632383579806,-0.103927198379,-0.133839823743,1.65133031816,0.741679710943,0.222043719046,0.721354465503,100.0
14.578768,-0.463262197941,-0.67993698423,-0.154548564379,1.11980597516,0.455975789199,-0.649257368473,-1.4814419459,95.6591644287,0.631233094215,-0.103927198379,-0.134606814137,1.65056332776,0.741296215746,0.221660223849,0.721354465503,100.0
14.588940,-0.463645693138,-0.679553489033,-0.153398078789,1.12057296555,0.455975789199,-0.647723387685,-1.4810584507,95.6591644287,0.630466103821,-0.103927198379,-0.134990309334,1.65094682296,0.74206320614,0.222427214243,0.721354465503,100.0
14.598751,-0.46211171235,-0.678403003442,-0.154548564379,1.12095646075,0.456359284396,-0.646189406897,-1.4814419459,95.6591644287,0.630849599018,-0.103927198379,-0.133839823743,1.65133031816,0.741679710943,0.222043719046,0.721354465503,100.0
14.608742,-0.462495207547,-0.676869022654,-0.153398078789,1.12172345114,0.456359284396,-0.645422416503,-1.4814419459,95.6591644287,0.631233094215,-0.103543703182,-0.134606814137,1.65094682296,0.741296215746,0.222043719046,0.7217379607,100.0
14.618759,-0.462878702744,-0.675335041867,-0.151480602804,1.12287393673,0.456359284396,-0.645422416503,-1.4818254411,95.6591644287,0.630466103821,-0.103927198379,-0.133839823743,1.65133031816,0.74206320614,0.222043719046,0.7217379607,100.0
14.628752,-0.461728217154,-0.67495154667,-0.152631088395,1.12402442232,0.456359284396,-0.645422416503,-1.4814419459,95.6591644287,0.632383579806,-0.103927198379,-0.134990309334,1.65171381336,0.74206320614,0.222043719046,0.720587475109,100.0
14.638750,-0.461728217154,-0.674568051473,-0.151864098001,1.12479141272,0.457509769987,-0.646956397291,-1.48067495551,95.6591644287,0.631233094215,-0.103927198379,-0.134990309334,1.65133031816,0.74206320614,0.220893233455,0.721354465503,100.0
14.648729,-0.460577731563,-0.671883585094,-0.151097107607,1.12517490791,0.456742779593,-0.646572902094,-1.48067495551,95.6591644287,0.631233094215,-0.103543703182,-0.13422331894,1.65133031816,0.741679710943,0.221660223849,0.721354465503,100.0
14.658729,-0.460194236366,-0.670733099503,-0.151864098001,1.12555840311,0.457893265184,-0.646189406897,-1.4814419459,95.6591644287,0.631233094215,-0.103160207985,-0.13422331894,1.65094682296,0.74206320614,0.221276728652,0.720970970306,100.0
14.668728,-0.459427245972,-0.6711165947,-0.151097107607,1.1267088887,0.457893265184,-0.646189406897,-1.4814419459,95.6591644287,0.631616589412,-0.103160207985,-0.134606814137,1.65133031816,0.741679710943,0.221660223849,0.721354465503,100.0
14.678729,-0.459810741169,-0.669966109109,-0.149563126819,1.1270923839,0.459043750775,-0.6458059117,-1.4814419459,95.6591644287,0.631616589412,-0.103543703182,-0.134606814137,1.65171381336,0.74206320614,0.222043719046,0.721354465503,100.0
14.688728,-0.458660255578,-0.668432128321,-0.151097107607,1.12785937429,0.459043750775,-0.645422416503,-1.4810584507,95.6591644287,0.630849599018,-0.103927198379,-0.133456328546,1.65094682296,0.741296215746,0.222427214243,0.721354465503,100.0
14.698751,-0.459810741169,-0.667665137927,-0.149946622016,1.12862636469,0.460194236366,-0.645422416503,-1.4810584507,95.6591644287,0.630466103821,-0.104310693576,-0.13422331894,1.65133031816,0.741679710943,0.222427214243,0.720970970306,100.0
14.708747,-0.458660255578,-0.666514652336,-0.149946622016,1.12939335508,0.460577731563,-0.644271930912,-1.4810584507,95.6591644287,0.630849599018,-0.104310693576,-0.13422331894,1.65133031816,0.741679710943,0.222043719046,0.720970970306,100.0
14.718730,-0.458276760381,-0.664213681154,-0.150330117213,1.13016034547,0.461344721957,-0.643504940518,-1.4810584507,95.6591644287,0.631233094215,-0.103927198379,-0.134990309334,1.65094682296,0.74206320614,0.222043719046,0.720587475109,100.0
14.728758,-0.456742779593,-0.664597176351,-0.149563126819,1.13016034547,0.46211171235,-0.644655426109,-1.4810584507,95.6591644287,0.631233094215,-0.103927198379,-0.134990309334,1.65133031816,0.742446701337,0.222427214243,0.721354465503,100.0
14.738740,-0.457509769987,-0.66344669076,-0.149946622016,1.13131083107,0.463262197941,-0.643888435715,-1.4814419459,95.6591644287,0.631233094215,-0.104310693576,-0.134606814137,1.65171381336,0.741296215746,0.222427214243,0.721354465503,100.0
14.748729,-0.45712627479,-0.662679700366,-0.149179631622,1.13207782146,0.464412683532,-0.643504940518,-1.4810584507,95.6591644287,0.630466103821,-0.103927198379,-0.13422331894,1.65133031816,0.741679710943,0.222427214243,0.7217379607,100.0
14.758730,-0.456742779593,-0.661529214776,-0.148029146031,1.13246131666,0.464412683532,-0.643121445321,-1.47990796511,95.6591644287,0.631616589412,-0.103543703182,-0.134606814137,1.65094682296,0.74206320614,0.222427214243,0.720587475109,100.0
14.768742,-0.456359284396,-0.661145719579,-0.148796136425,1.13284481185,0.464796178729,-0.643504940518,-1.48067495551,95.6591644287,0.631233094215,-0.103160207985,-0.13422331894,1.65094682296,0.74206320614,0.222427214243,0.7217379607,100.0
14.778747,-0.455975789199,-0.660378729185,-0.148412641228,1.13361180225,0.464412683532,-0.643121445321,-1.4810584507,95.6591644287,0.630849599018,-0.104310693576,-0.134606814137,1.65017983257,0.742446701337,0.221660223849,0.720970970306,100.0
14.788798,-0.455975789199,-0.659611738791,-0.147645650834,1.13437879264,0.464412683532,-0.641203969336,-1.4810584507,95.6591644287,0.630849599018,-0.103927198379,-0.13422331894,1.65094682296,0.74206320614,0.222043719046,0.7217379607,100.0
14.798734,-0.455975789199,-0.659228243594,-0.14687866044,1.13514578304,0.465179673926,-0.640053483745,-1.4810584507,95.6591644287,0.631233094215,-0.103160207985,-0.13422331894,1.65133031816,0.742830196534,0.222427214243,0.720970970306,100.0
14.808735,-0.455592294002,-0.658077758003,-0.14687866044,1.13552927823,0.464796178729,-0.639286493351,-1.48067495551,95.6591644287,0.632000084609,-0.104694188773,-0.133456328546,1.65094682296,0.742446701337,0.222043719046,0.722504951094,100.0
14.818743,-0.455592294002,-0.656927272412,-0.144961184455,1.13591277343,0.464796178729,-0.638519502957,-1.48029146031,95.6591644287,0.631616589412,-0.103543703182,-0.134990309334,1.65171381336,0.74206320614,0.222427214243,0.720970970306,100.0
14.828748,-0.455592294002,-0.655776786821,-0.145728174849,1.13744675422,0.464412683532,-0.636985522169,-1.4810584507,95.6591644287,0.630849599018,-0.104310693576,-0.134606814137,1.65133031816,0.74206320614,0.223577699834,0.721354465503,100.0
14.838725,-0.455592294002,-0.655009796427,-0.143810698864,1.13783024941,0.464029188335,-0.636602026972,-1.48029146031,95.6591644287,0.630466103821,-0.104310693576,-0.13422331894,1.65056332776,0.74206320614,0.22281070944,0.720587475109,100.0
14.848743,-0.455975789199,-0.654242806033,-0.144194194061,1.13859723981,0.464796178729,-0.634684550988,-1.48029146031,95.6591644287,0.631233094215,-0.103543703182,-0.133839823743,1.65094682296,0.741679710943,0.22281070944,0.7217379607,100.0
14.858744,-0.454825303608,-0.653475815639,-0.142660213273,1.138980735,0.464796178729,-0.634301055791,-1.47990796511,95.6591644287,0.631233094215,-0.103543703182,-0.13422331894,1.65056332776,0.74206320614,0.222427214243,0.720203979912,100.0
14.868729,-0.455592294002,-0.652325330048,-0.14304370847,1.1397477254,0.464796178729,-0.632383579806,-1.47990796511,95.6591644287,0.630849599018,-0.103927198379,-0.133839823743,1.65094682296,0.74206320614,0.221660223849,0.721354465503,100.0
14.878728,-0.455592294002,-0.651941834851,-0.141509727682,1.1401312206,0.464796178729,-0.632767075003,-1.48067495551,95.6591644287,0.631233094215,-0.103927198379,-0.13422331894,1.65133031816,0.742830196534,0.22281070944,0.7217379607,100.0
14.888744,-0.455592294002,-0.651174844457,-0.140359242092,1.14089821099,0.464412683532,-0.631616589412,-1.48067495551,95.6591644287,0.630849599018,-0.104310693576,-0.133839823743,1.65094682296,0.741679710943,0.223194204637,0.720970970306,100.0
14.898742,-0.455592294002,-0.650024358866,-0.141509727682,1.14128170619,0.464796178729,-0.630849599018,-1.47952446992,95.6591644287,0.631233094215,-0.103927198379,-0.13422331894,1.65171381336,0.74206320614,0.22281070944,0.720587475109,100.0
14.908727,-0.455208798805,-0.649257368473,-0.140742737288,1.14319918217,0.464796178729,-0.629699113427,-1.48029146031,95.6591644287,0.631233094215,-0.103927198379,-0.13422331894,1.65133031816,0.741679710943,0.223194204637,0.721354465503,100.0
14.918727,-0.454825303608,-0.648106882882,-0.141126232485,1.14319918217,0.465179673926,-0.628932123033,-1.47990796511,95.6591644287,0.631616589412,-0.104310693576,-0.13422331894,1.65133031816,0.741679710943,0.22281070944,0.7217379607,100.0
14.928726,-0.454441808411,-0.646956397291,-0.141509727682,1.14358267737,0.464412683532,-0.628548627836,-1.47952446992,95.6591644287,0.631616589412,-0.103927198379,-0.13422331894,1.65133031816,0.741679710943,0.223577699834,0.7217379607,100.0
14.938728,-0.454058313214,-0.645038921306,-0.141126232485,1.14434966776,0.465563169123,-0.628165132639,-1.47990796511,95.6591644287,0.632383579806,-0.103543703182,-0.13422331894,1.65056332776,0.741679710943,0.223577699834,0.720970970306,100.0
14.948765,-0.452524332426,-0.644271930912,-0.141509727682,1.14434966776,0.464796178729,-0.62931561823,-1.47952446992,95.6591644287,0.631616589412,-0.103927198379,-0.133839823743,1.65133031816,0.74206320614,0.223961195031,0.720970970306,100.0
14.958754,-0.453674818017,-0.642737950124,-0.140359242092,1.14550015335,0.464796178729,-0.629699113427,-1.48029146031,95.6591644287,0.631616589412,-0.103927198379,-0.135373804531,1.65094682296,0.741679710943,0.224344690228,0.721354465503,100.0
14.968755,-0.452524332426,-0.641203969336,-0.139975746895,1.14626714375,0.464796178729,-0.628932123033,-1.48029146031,95.6591644287,0.630466103821,-0.103927198379,-0.13422331894,1.65094682296,0.741679710943,0.223194204637,0.7217379607,100.0
14.978756,-0.452140837229,-0.641203969336,-0.140359242092,1.14703413414,0.465179673926,-0.629699113427,-1.47990796511,95.6591644287,0.631233094215,-0.104310693576,-0.133839823743,1.65094682296,0.74206320614,0.22281070944,0.720587475109,100.0
14.988729,-0.452140837229,-0.640053483745,-0.139975746895,1.14818461973,0.465179673926,-0.628932123033,-1.47990796511,95.6591644287,0.630849599018,-0.103543703182,-0.13422331894,1.65133031816,0.741296215746,0.223961195031,0.7217379607,100.0
14.998730,-0.452524332426,-0.637369017366,-0.139975746895,1.14818461973,0.46594666432,-0.628165132639,-1.48029146031,95.6591644287,0.630849599018,-0.103160207985,-0.134606814137,1.65094682296,0.74206320614,0.22281070944,0.7217379607,100.0
15.008747,-0.451373846835,-0.636602026972,-0.140359242092,1.14856811493,0.465179673926,-0.628165132639,-1.47952446992,95.6591644287,0.630466103821,-0.103927198379,-0.133839823743,1.65094682296,0.74206320614,0.222427214243,0.7217379607,100.0
15.018738,-0.451373846835,-0.636602026972,-0.139592251698,1.14895161013,0.465563169123,-0.627014647048,-1.47990796511,95.6591644287,0.630082608624,-0.104310693576,-0.135373804531,1.65094682296,0.741679710943,0.223194204637,0.721354465503,100.0
15.028730,-0.450990351638,-0.634301055791,-0.139975746895,1.15048559091,0.464412683532,-0.627398142245,-1.47914097472,95.6591644287,0.631616589412,-0.104310693576,-0.134606814137,1.65094682296,0.74206320614,0.223577699834,0.720970970306,100.0
15.038729,-0.450606856441,-0.6331505702,-0.139592251698,1.15125258131,0.465563169123,-0.627398142245,-1.47990796511,95.6591644287,0.631616589412,-0.103543703182,-0.134606814137,1.65133031816,0.741679710943,0.223194204637,0.7217379607,100.0
15.048750,-0.450223361244,-0.632383579806,-0.139208756501,1.1516360765,0.465179673926,-0.627014647048,-1.47952446992,95.6591644287,0.630849599018,-0.103160207985,-0.133456328546,1.65056332776,0.741296215746,0.223577699834,0.721354465503,100.0
15.058730,-0.44945637085,-0.630849599018,-0.139208756501,1.1527865621,0.465563169123,-0.627014647048,-1.47990796511,95.6591644287,0.630466103821,-0.104310693576,-0.134990309334,1.65056332776,0.741679710943,0.223961195031,0.720970970306,100.0
15.068729,-0.44945637085,-0.628932123033,-0.140359242092,1.1524030669,0.464796178729,-0.625864161457,-1.47952446992,95.6591644287,0.630849599018,-0.104310693576,-0.134606814137,1.64979633737,0.741679710943,0.223577699834,0.722121455897,100.0
15.078761,-0.447922390063,-0.627781637442,-0.139592251698,1.1527865621,0.465179673926,-0.625097171063,-1.47875747952,95.6591644287,0.630849599018,-0.103927198379,-0.133456328546,1.65133031816,0.741296215746,0.222043719046,0.7217379607,100.0
15.088729,-0.44830588526,-0.627014647048,-0.138825261304,1.15355355249,0.465563169123,-0.62548066626,-1.47952446992,95.6591644287,0.631233094215,-0.104310693576,-0.133456328546,1.65094682296,0.74206320614,0.22281070944,0.7217379607,100.0
15.098746,-0.447922390063,-0.625864161457,-0.139208756501,1.15432054288,0.464796178729,-0.624713675866,-1.47990796511,95.6591644287,0.630849599018,-0.103543703182,-0.13422331894,1.65094682296,0.742446701337,0.223961195031,0.721354465503,100.0
15.108727,-0.447155399669,-0.625097171063,-0.138441766107,1.15547102847,0.465179673926,-0.625864161457,-1.47990796511,95.6591644287,0.631233094215,-0.103543703182,-0.133072833349,1.65094682296,0.74206320614,0.223577699834,0.7217379607,100.0
15.118726,-0.447538894866,-0.623563190275,-0.138825261304,1.15547102847,0.465179673926,-0.625864161457,-1.47914097472,95.6591644287,0.631616589412,-0.103160207985,-0.133456328546,1.65094682296,0.741679710943,0.22281070944,0.721354465503,100.0
15.128727,-0.446771904472,-0.622796199881,-0.13805827091,1.15585452367,0.464796178729,-0.626247656654,-1.48029146031,95.6591644287,0.631233094215,-0.103927198379,-0.133456328546,1.65133031816,0.741679710943,0.223194204637,0.721354465503,100.0
15.138730,-0.447538894866,-0.621262219094,-0.138825261304,1.15700500926,0.465563169123,-0.625097171063,-1.48067495551,95.6591644287,0.632000084609,-0.104310693576,-0.133839823743,1.65094682296,0.742830196534,0.223961195031,0.721354465503,100.0
15.148735,-0.446004914078,-0.618961247912,-0.138825261304,1.15738850446,0.46594666432,-0.623179695078,-1.47990796511,95.6591644287,0.631616589412,-0.104310693576,-0.133839823743,1.65133031816,0.74206320614,0.223577699834,0.721354465503,100.0
15.158746,-0.446004914078,-0.617043771927,-0.13805827091,1.15777199966,0.465179673926,-0.623179695078,-1.47952446992,95.6591644287,0.630466103821,-0.103927198379,-0.134990309334,1.65133031816,0.741679710943,0.223577699834,0.7217379607,100.0
15.168746,-0.445621418881,-0.617427267124,-0.139592251698,1.15777199966,0.465563169123,-0.622796199881,-1.47990796511,95.6591644287,0.630466103821,-0.104694188773,-0.13422331894,1.65056332776,0.741296215746,0.223577699834,0.721354465503,100.0
15.178745,-0.444854428487,-0.614742800745,-0.137674775713,1.15853899005,0.465179673926,-0.622796199881,-1.47914097472,95.6591644287,0.631616589412,-0.103543703182,-0.133456328546,1.65133031816,0.741296215746,0.223577699834,0.720970970306,100.0
15.188745,-0.444854428487,-0.613592315154,-0.137674775713,1.15853899005,0.465563169123,-0.622029209488,-1.47914097472,95.6591644287,0.631233094215,-0.103543703182,-0.133456328546,1.65133031816,0.741679710943,0.223194204637,0.720970970306,100.0
15.198755,-0.44447093329,-0.612441829563,-0.13805827091,1.15968947564,0.465563169123,-0.6204952287,-1.47952446992,95.6591644287,0.631233094215,-0.103927198379,-0.133839823743,1.65056332776,0.741296215746,0.223577699834,0.722121455897,100.0
15.208757,-0.444087438093,-0.610907848775,-0.137674775713,1.16007297084,0.465563169123,-0.620111733503,-1.47990796511,95.6591644287,0.631616589412,-0.103543703182,-0.133072833349,1.65094682296,0.741296215746,0.223194204637,0.7217379607,100.0
15.218737,-0.444087438093,-0.609757363184,-0.13805827091,1.16083996123,0.465179673926,-0.619728238306,-1.47952446992,95.6591644287,0.632000084609,-0.103927198379,-0.133456328546,1.65133031816,0.741296215746,0.223194204637,0.7217379607,100.0
15.228754,-0.443320447699,-0.609373867987,-0.137674775713,1.16122345643,0.465563169123,-0.618961247912,-1.47952446992,95.6591644287,0.631233094215,-0.103543703182,-0.134606814137,1.65133031816,0.741679710943,0.223194204637,0.722121455897,100.0
15.238734,-0.443703942896,-0.6078398872,-0.137674775713,1.16199044682,0.465179673926,-0.618194257518,-1.47990796511,95.6591644287,0.630849599018,-0.103543703182,-0.13422331894,1.65056332776,0.741296215746,0.22281070944,0.7217379607,100.0
15.248747,-0.442936952502,-0.605922411215,-0.136524290122,1.16237394202,0.465179673926,-0.618194257518,-1.47914097472,95.6591644287,0.632000084609,-0.104310693576,-0.133839823743,1.65056332776,0.742446701337,0.222427214243,0.7217379607,100.0
15.258767,-0.443703942896,-0.603621440033,-0.135757299728,1.16237394202,0.464796178729,-0.619344743109,-1.47990796511,95.6591644287,0.632000084609,-0.103927198379,-0.133456328546,1.65133031816,0.74206320614,0.223577699834,0.7217379607,100.0
15.268764,-0.442936952502,-0.60400493523,-0.137291280516,1.16352442761,0.465179673926,-0.618961247912,-1.48029146031,95.6591644287,0.630849599018,-0.104310693576,-0.133456328546,1.65094682296,0.742446701337,0.223194204637,0.721354465503,100.0
15.278753,-0.442936952502,-0.602470954442,-0.136907785319,1.1646749132,0.465563169123,-0.618194257518,-1.47875747952,95.6591644287,0.631616589412,-0.103543703182,-0.133072833349,1.65056332776,0.74206320614,0.223961195031,0.721354465503,100.0
15.288748,-0.443320447699,-0.60016998326,-0.136140794925,1.1646749132,0.465563169123,-0.617427267124,-1.47952446992,95.6591644287,0.631616589412,-0.103543703182,-0.133839823743,1.65171381336,0.741679710943,0.22281070944,0.721354465503,100.0
15.298747,-0.442553457305,-0.599786488063,-0.136140794925,1.1654419036,0.465179673926,-0.616276781533,-1.47952446992,95.6591644287,0.632000084609,-0.103927198379,-0.134990309334,1.65094682296,0.74206320614,0.22281070944,0.7217379607,100.0
15.308729,-0.442553457305,-0.598252507275,-0.135757299728,1.16582539879,0.464796178729,-0.615509791139,-1.47990796511,95.6591644287,0.631616589412,-0.103927198379,-0.133456328546,1.65017983257,0.741679710943,0.223194204637,0.7217379607,100.0
15.318757,-0.441786466911,-0.597102021684,-0.135757299728,1.16582539879,0.465563169123,-0.614359305548,-1.47952446992,95.6591644287,0.630849599018,-0.103160207985,-0.13422331894,1.65017983257,0.741679710943,0.223194204637,0.720970970306,100.0
15.328732,-0.442169962108,-0.594801050503,-0.134990309334,1.16620889399,0.465563169123,-0.614359305548,-1.47914097472,95.6591644287,0.630849599018,-0.104310693576,-0.133839823743,1.65056332776,0.74206320614,0.223961195031,0.7217379607,100.0
15.338728,-0.442553457305,-0.594417555306,-0.135373804531,1.16697588438,0.465563169123,-0.613975810351,-1.47990796511,95.6591644287,0.631233094215,-0.103927198379,-0.13422331894,1.65094682296,0.74206320614,0.223577699834,0.7217379607,100.0
15.348731,-0.441402971714,-0.593267069715,-0.135757299728,1.16774287478,0.464796178729,-0.615126295942,-1.47952446992,95.6591644287,0.630849599018,-0.103927198379,-0.133072833349,1.65056332776,0.741679710943,0.223577699834,0.721354465503,100.0
15.358727,-0.441402971714,-0.592116584124,-0.134606814137,1.16812636997,0.465563169123,-0.613592315154,-1.47875747952,95.6591644287,0.630849599018,-0.104310693576,-0.133456328546,1.64979633737,0.741296215746,0.223194204637,0.720970970306,100.0
15.368749,-0.441402971714,-0.589815612942,-0.134606814137,1.16927685557,0.465563169123,-0.614359305548,-1.47952446992,95.6591644287,0.632383579806,-0.104310693576,-0.132689338152,1.65133031816,0.742446701337,0.22281070944,0.720587475109,100.0
15.378750,-0.441402971714,-0.589815612942,-0.13422331894,1.16966035076,0.465563169123,-0.614359305548,-1.48029146031,95.6591644287,0.632000084609,-0.103543703182,-0.134990309334,1.65056332776,0.741679710943,0.223194204637,0.720970970306,100.0
15.388755,-0.44063598132,-0.588665127351,-0.134990309334,1.16966035076,0.465563169123,-0.613208819957,-1.47914097472,95.6591644287,0.631616589412,-0.103927198379,-0.133839823743,1.65094682296,0.741296215746,0.22281070944,0.7217379607,100.0
15.398750,-0.441019476517,-0.586747651366,-0.13422331894,1.17004384596,0.46594666432,-0.613975810351,-1.47990796511,95.6591644287,0.631233094215,-0.103927198379,-0.133456328546,1.65094682296,0.741679710943,0.223194204637,0.721354465503,100.0
15.408735,-0.441019476517,-0.585213670578,-0.135373804531,1.17157782675,0.466330159517,-0.61282532476,-1.47914097472,95.6591644287,0.630849599018,-0.104310693576,-0.133072833349,1.65133031816,0.742446701337,0.223961195031,0.721354465503,100.0
15.418755,-0.441019476517,-0.585213670578,-0.13422331894,1.17119433155,0.465179673926,-0.613592315154,-1.47914097472,95.6591644287,0.631616589412,-0.103927198379,-0.133072833349,1.65056332776,0.742830196534,0.223577699834,0.7217379607,100.0
15.428746,-0.44063598132,-0.58367968979,-0.134606814137,1.17157782675,0.46594666432,-0.613592315154,-1.47952446992,95.6591644287,0.632000084609,-0.104310693576,-0.133839823743,1.65094682296,0.741679710943,0.223194204637,0.7217379607,100.0
15.438743,-0.44063598132,-0.583296194593,-0.134990309334,1.17196132194,0.46594666432,-0.613975810351,-1.47990796511,95.6591644287,0.631233094215,-0.103927198379,-0.13422331894,1.65133031816,0.741679710943,0.22281070944,0.720970970306,100.0
15.448751,-0.441402971714,-0.580995223412,-0.133839823743,1.17196132194,0.465563169123,-0.613975810351,-1.47952446992,95.6591644287,0.630082608624,-0.103927198379,-0.133456328546,1.65094682296,0.74206320614,0.223577699834,0.722121455897,100.0
15.458734,-0.439868990926,-0.580228233018,-0.135373804531,1.17234481714,0.46594666432,-0.613975810351,-1.48029146031,95.6591644287,0.631233094215,-0.103927198379,-0.133072833349,1.65133031816,0.741296215746,0.224728185425,0.720587475109,100.0
15.468752,-0.441402971714,-0.579844737821,-0.134990309334,1.17234481714,0.46594666432,-0.613592315154,-1.47952446992,95.6591644287,0.631616589412,-0.103543703182,-0.133456328546,1.65017983257,0.742446701337,0.223577699834,0.720970970306,100.0
15.479413,-0.44063598132,-0.577927261836,-0.134606814137,1.17311180754,0.46594666432,-0.613975810351,-1.48029146031,95.6591644287,0.631616589412,-0.104310693576,-0.133456328546,1.65133031816,0.741679710943,0.223194204637,0.720970970306,100.0
15.488741,-0.44063598132,-0.577927261836,-0.134606814137,1.17311180754,0.46594666432,-0.613975810351,-1.48029146031,95.6591644287,0.631616589412,-0.104310693576,-0.133456328546,1.65133031816,0.741679710943,0.223194204637,0.720970970306,100.0
15.498750,-0.441019476517,-0.577160271442,-0.135757299728,1.17349530273,0.465563169123,-0.613975810351,-1.47990796511,95.6591644287,0.631233094215,-0.103927198379,-0.133839823743,1.65094682296,0.74206320614,0.223577699834,0.721354465503,100.0
15.508730,-0.441019476517,-0.575626290654,-0.134606814137,1.17272831234,0.46594666432,-0.614359305548,-1.47990796511,95.6591644287,0.632000084609,-0.103927198379,-0.133072833349,1.65017983257,0.74206320614,0.223194204637,0.720970970306,100.0
15.518733,-0.442169962108,-0.575242795457,-0.133839823743,1.17272831234,0.466330159517,-0.615126295942,-1.48029146031,95.6591644287,0.632383579806,-0.103927198379,-0.13422331894,1.65133031816,0.74206320614,0.223961195031,0.7217379607,100.0
15.528746,-0.441786466911,-0.575626290654,-0.135373804531,1.17311180754,0.466330159517,-0.615509791139,-1.47952446992,95.6591644287,0.632000084609,-0.103543703182,-0.133839823743,1.65017983257,0.741679710943,0.223194204637,0.721354465503,100.0
15.538740,-0.441786466911,-0.575626290654,-0.134990309334,1.17272831234,0.466330159517,-0.615126295942,-1.47990796511,95.6591644287,0.631233094215,-0.104310693576,-0.133839823743,1.65094682296,0.741679710943,0.223194204637,0.720970970306,100.0
15.548737,-0.441019476517,-0.57485930026,-0.134990309334,1.17272831234,0.465563169123,-0.615893286336,-1.48029146031,95.6591644287,0.632383579806,-0.103927198379,-0.133839823743,1.65056332776,0.741296215746,0.22281070944,0.721354465503,100.0
15.558772,-0.442553457305,-0.575242795457,-0.134606814137,1.17311180754,0.465563169123,-0.615893286336,-1.48067495551,95.6591644287,0.631616589412,-0.103543703182,-0.133072833349,1.65094682296,0.742830196534,0.223194204637,0.721354465503,100.0
15.568730,-0.441786466911,-0.575626290654,-0.135373804531,1.17272831234,0.465563169123,-0.615509791139,-1.4810584507,95.6591644287,0.632000084609,-0.103927198379,-0.13422331894,1.65017983257,0.74206320614,0.223577699834,0.720587475109,100.0
15.578745,-0.442553457305,-0.575626290654,-0.134606814137,1.17234481714,0.465563169123,-0.615893286336,-1.4810584507,95.6591644287,0.631616589412,-0.103543703182,-0.133456328546,1.65133031816,0.741679710943,0.223194204637,0.721354465503,100.0
15.588740,-0.441786466911,-0.576393281048,-0.134606814137,1.17311180754,0.464796178729,-0.615893286336,-1.4818254411,95.6591644287,0.630849599018,-0.104310693576,-0.133456328546,1.65133031816,0.741296215746,0.223194204637,0.721354465503,100.0
15.598739,-0.442553457305,-0.575242795457,-0.135373804531,1.17234481714,0.464796178729,-0.614742800745,-1.48220893629,95.6591644287,0.631616589412,-0.103160207985,-0.133839823743,1.65056332776,0.741296215746,0.223577699834,0.7217379607,100.0
15.608750,-0.442553457305,-0.575626290654,-0.135373804531,1.17272831234,0.464796178729,-0.615126295942,-1.48259243149,95.6591644287,0.632000084609,-0.103160207985,-0.133072833349,1.65094682296,0.741679710943,0.223577699834,0.721354465503,100.0
15.618749,-0.443320447699,-0.576009785851,-0.135757299728,1.17196132194,0.464029188335,-0.614742800745,-1.48297592669,95.6591644287,0.631616589412,-0.103927198379,-0.133072833349,1.65056332776,0.741679710943,0.223577699834,0.721354465503,100.0
15.628763,-0.443320447699,-0.57485930026,-0.13422331894,1.17234481714,0.463645693138,-0.615126295942,-1.48297592669,95.6591644287,0.631233094215,-0.103543703182,-0.133839823743,1.65017983257,0.741679710943,0.223961195031,0.720970970306,100.0
15.638761,-0.443320447699,-0.576009785851,-0.136524290122,1.17196132194,0.462878702744,-0.616276781533,-1.48335942189,95.6591644287,0.632383579806,-0.103543703182,-0.133839823743,1.65017983257,0.741296215746,0.223194204637,0.721354465503,100.0
15.648743,-0.44447093329,-0.576776776245,-0.134606814137,1.17196132194,0.461344721957,-0.61666027673,-1.48335942189,95.6591644287,0.632000084609,-0.104310693576,-0.133839823743,1.65056332776,0.74206320614,0.223577699834,0.721354465503,100.0
15.658732,-0.44447093329,-0.576776776245,-0.136524290122,1.17157782675,0.461344721957,-0.61666027673,-1.48297592669,95.6591644287,0.631616589412,-0.103927198379,-0.133072833349,1.64979633737,0.742446701337,0.22281070944,0.721354465503,100.0
15.668733,-0.444854428487,-0.577160271442,-0.136524290122,1.17119433155,0.460577731563,-0.61666027673,-1.48297592669,95.6591644287,0.631616589412,-0.104310693576,-0.133072833349,1.65171381336,0.74206320614,0.223194204637,0.720587475109,100.0
15.678732,-0.445621418881,-0.576776776245,-0.13805827091,1.17081083635,0.460194236366,-0.618194257518,-1.48374291708,95.6591644287,0.631616589412,-0.104310693576,-0.13422331894,1.65094682296,0.74206320614,0.223577699834,0.7217379607,100.0
15.688730,-0.446004914078,-0.577160271442,-0.137291280516,1.17042734116,0.459427245972,-0.618961247912,-1.48335942189,95.6591644287,0.631233094215,-0.104694188773,-0.133839823743,1.65133031816,0.741679710943,0.22281070944,0.720587475109,100.0
15.698743,-0.446004914078,-0.576776776245,-0.137291280516,1.17081083635,0.459427245972,-0.620878723897,-1.48335942189,95.6591644287,0.631616589412,-0.103927198379,-0.13422331894,1.65017983257,0.741679710943,0.223961195031,0.721354465503,100.0
15.708750,-0.446771904472,-0.577160271442,-0.137291280516,1.17042734116,0.460194236366,-0.622412704685,-1.48374291708,95.6591644287,0.631233094215,-0.103927198379,-0.133839823743,1.65133031816,0.741679710943,0.22281070944,0.721354465503,100.0
15.718731,-0.445621418881,-0.578310757033,-0.136524290122,1.17042734116,0.460577731563,-0.623946685472,-1.48412641228,95.6591644287,0.632000084609,-0.103543703182,-0.133839823743,1.65017983257,0.742446701337,0.223577699834,0.7217379607,100.0
15.728751,-0.446388409275,-0.579077747427,-0.137291280516,1.17042734116,0.460194236366,-0.62548066626,-1.48374291708,95.6591644287,0.631233094215,-0.103927198379,-0.133456328546,1.65056332776,0.741679710943,0.223577699834,0.7217379607,100.0
15.738736,-0.447155399669,-0.579077747427,-0.13805827091,1.17004384596,0.459810741169,-0.627014647048,-1.48259243149,95.6591644287,0.632000084609,-0.104310693576,-0.133456328546,1.65094682296,0.74206320614,0.222427214243,0.722121455897,100.0
15.748765,-0.447155399669,-0.577927261836,-0.138825261304,1.16966035076,0.459427245972,-0.628548627836,-1.48335942189,95.6591644287,0.630466103821,-0.103543703182,-0.133072833349,1.64979633737,0.741296215746,0.223194204637,0.7217379607,100.0
15.758738,-0.446771904472,-0.577543766639,-0.137291280516,1.16889336037,0.459810741169,-0.62931561823,-1.48374291708,95.6591644287,0.630849599018,-0.103543703182,-0.133456328546,1.65017983257,0.74206320614,0.223961195031,0.721354465503,100.0
15.768737,-0.447538894866,-0.580228233018,-0.138441766107,1.16850986517,0.459427245972,-0.630082608624,-1.48412641228,95.6591644287,0.631233094215,-0.103543703182,-0.133456328546,1.65056332776,0.741679710943,0.22281070944,0.722121455897,100.0
15.778754,-0.447922390063,-0.580611728215,-0.137674775713,1.16812636997,0.460194236366,-0.631233094215,-1.48335942189,95.6591644287,0.632383579806,-0.103543703182,-0.132689338152,1.65017983257,0.742446701337,0.223194204637,0.7217379607,100.0
15.788764,-0.447922390063,-0.582145709003,-0.139592251698,1.16774287478,0.459427245972,-0.631233094215,-1.48297592669,95.6591644287,0.631233094215,-0.103927198379,-0.133839823743,1.65094682296,0.74206320614,0.223194204637,0.720970970306,100.0
15.798741,-0.448689380456,-0.582145709003,-0.139208756501,1.16659238919,0.460194236366,-0.630849599018,-1.48297592669,95.6591644287,0.631616589412,-0.103927198379,-0.133456328546,1.65056332776,0.742446701337,0.223961195031,0.720587475109,100.0
15.808754,-0.449072875653,-0.582912699396,-0.138825261304,1.16620889399,0.459810741169,-0.630082608624,-1.48335942189,95.6591644287,0.631616589412,-0.103543703182,-0.133456328546,1.65056332776,0.741296215746,0.224344690228,0.721354465503,100.0
15.818734,-0.44945637085,-0.584063184987,-0.139592251698,1.1654419036,0.459810741169,-0.630082608624,-1.48335942189,95.6591644287,0.631616589412,-0.104310693576,-0.133072833349,1.65094682296,0.740912720549,0.223194204637,0.721354465503,100.0
15.828750,-0.449072875653,-0.584830175381,-0.139592251698,1.1654419036,0.460194236366,-0.630466103821,-1.48297592669,95.6591644287,0.631233094215,-0.104310693576,-0.133072833349,1.65133031816,0.740912720549,0.223577699834,0.7217379607,100.0
15.838750,-0.449072875653,-0.585597165775,-0.140742737288,1.16314093241,0.460194236366,-0.630849599018,-1.48259243149,95.6591644287,0.631616589412,-0.103927198379,-0.134990309334,1.65056332776,0.741296215746,0.223194204637,0.721354465503,100.0
15.848746,-0.450606856441,-0.586364156169,-0.139592251698,1.16275743722,0.460194236366,-0.631233094215,-1.48297592669,95.6591644287,0.631616589412,-0.103927198379,-0.133839823743,1.65056332776,0.74206320614,0.223577699834,0.720970970306,100.0
15.858731,-0.450606856441,-0.585980660972,-0.141509727682,1.16237394202,0.460577731563,-0.632000084609,-1.48412641228,95.6591644287,0.632000084609,-0.103927198379,-0.133839823743,1.65017983257,0.741679710943,0.223577699834,0.722504951094,100.0
15.868735,-0.451373846835,-0.587131146563,-0.141126232485,1.16122345643,0.460577731563,-0.632000084609,-1.48297592669,95.6591644287,0.631616589412,-0.103543703182,-0.133456328546,1.65056332776,0.742446701337,0.223194204637,0.720203979912,100.0
15.878768,-0.451373846835,-0.587131146563,-0.142660213273,1.16045646604,0.460577731563,-0.631616589412,-1.48259243149,95.6591644287,0.631233094215,-0.103543703182,-0.133072833349,1.65133031816,0.74206320614,0.223961195031,0.721354465503,100.0
15.888761,-0.451373846835,-0.589815612942,-0.142660213273,1.15853899005,0.460194236366,-0.632000084609,-1.48335942189,95.6591644287,0.631233094215,-0.103160207985,-0.133456328546,1.65094682296,0.740912720549,0.223577699834,0.721354465503,100.0
15.898754,-0.452140837229,-0.589815612942,-0.141126232485,1.15815549485,0.460194236366,-0.631616589412,-1.48297592669,95.6591644287,0.631616589412,-0.103160207985,-0.133839823743,1.65133031816,0.741296215746,0.223961195031,0.7217379607,100.0
15.908761,-0.452907827623,-0.591733088927,-0.143427203667,1.15815549485,0.460577731563,-0.631616589412,-1.48220893629,95.6591644287,0.631233094215,-0.104694188773,-0.133456328546,1.65094682296,0.741679710943,0.223961195031,0.7217379607,100.0
15.918751,-0.452524332426,-0.592883574518,-0.143427203667,1.15700500926,0.459427245972,-0.632767075003,-1.48297592669,95.6591644287,0.632000084609,-0.104310693576,-0.133072833349,1.65094682296,0.74206320614,0.223577699834,0.720970970306,100.0
15.928735,-0.45329132282,-0.593267069715,-0.142660213273,1.15547102847,0.459810741169,-0.632000084609,-1.48259243149,95.6591644287,0.632767075003,-0.103543703182,-0.133839823743,1.65094682296,0.741679710943,0.223577699834,0.722121455897,100.0
15.938751,-0.452907827623,-0.594801050503,-0.14304370847,1.15432054288,0.460194236366,-0.632383579806,-1.48259243149,95.6591644287,0.630849599018,-0.104310693576,-0.134606814137,1.65056332776,0.741679710943,0.222427214243,0.722121455897,100.0
15.948751,-0.453674818017,-0.5951845457,-0.143427203667,1.15355355249,0.459810741169,-0.6331505702,-1.48259243149,95.6591644287,0.630849599018,-0.103927198379,-0.13422331894,1.65056332776,0.741296215746,0.223961195031,0.7217379607,100.0
15.958778,-0.453674818017,-0.59633503129,-0.143427203667,1.1524030669,0.460194236366,-0.634301055791,-1.48259243149,95.6591644287,0.632000084609,-0.103543703182,-0.133839823743,1.65094682296,0.74206320614,0.223577699834,0.7217379607,100.0
15.968754,-0.454058313214,-0.597485516881,-0.144194194061,1.15125258131,0.459810741169,-0.634684550988,-1.48297592669,95.6591644287,0.632767075003,-0.103927198379,-0.13422331894,1.65094682296,0.74206320614,0.222427214243,0.722121455897,100.0
15.978758,-0.454058313214,-0.598636002472,-0.144961184455,1.15010209572,0.459810741169,-0.635451541382,-1.48259243149,95.6591644287,0.632000084609,-0.103543703182,-0.13422331894,1.65017983257,0.74206320614,0.22281070944,0.720970970306,100.0
15.988756,-0.454058313214,-0.599402992866,-0.144577689258,1.14971860052,0.459810741169,-0.635451541382,-1.48297592669,95.6591644287,0.631233094215,-0.103927198379,-0.13422331894,1.65094682296,0.741679710943,0.223194204637,0.721354465503,100.0
15.998758,-0.454058313214,-0.601320468851,-0.145344679652,1.14895161013,0.459427245972,-0.635835036579,-1.48297592669,95.6591644287,0.631616589412,-0.103927198379,-0.133456328546,1.65133031816,0.741679710943,0.223194204637,0.722504951094,100.0
16.009431,-0.455208798805,-0.603621440033,-0.144961184455,1.14703413414,0.459810741169,-0.636985522169,-1.48220893629,95.6591644287,0.632767075003,-0.103543703182,-0.134606814137,1.65133031816,0.741679710943,0.223194204637,0.720587475109,100.0
16.018742,-0.455208798805,-0.603621440033,-0.144961184455,1.14703413414,0.459810741169,-0.636985522169,-1.48220893629,95.6591644287,0.632767075003,-0.103543703182,-0.134606814137,1.65133031816,0.741679710943,0.223194204637,0.720587475109,100.0
16.028747,-0.455208798805,-0.604771925624,-0.146495165243,1.14626714375,0.460194236366,-0.63813600776,-1.48259243149,95.6591644287,0.632000084609,-0.103927198379,-0.132689338152,1.65133031816,0.74206320614,0.223961195031,0.7217379607,100.0
16.038746,-0.455208798805,-0.605538916018,-0.146111670046,1.14550015335,0.459810741169,-0.638519502957,-1.48259243149,95.6591644287,0.631233094215,-0.103927198379,-0.133839823743,1.65056332776,0.741296215746,0.223961195031,0.7217379607,100.0
16.048738,-0.455592294002,-0.605538916018,-0.146111670046,1.14396617257,0.460194236366,-0.639669988548,-1.48259243149,95.6591644287,0.631233094215,-0.103543703182,-0.133839823743,1.65171381336,0.741679710943,0.223194204637,0.7217379607,100.0
16.059006,-0.454825303608,-0.6078398872,-0.145728174849,1.14358267737,0.459810741169,-0.639669988548,-1.48297592669,95.6591644287,0.632383579806,-0.103927198379,-0.133839823743,1.65017983257,0.74206320614,0.22281070944,0.720587475109,100.0
16.068762,-0.456359284396,-0.608990372791,-0.14687866044,1.14166520138,0.460577731563,-0.639286493351,-1.48259243149,95.6591644287,0.632000084609,-0.103543703182,-0.134606814137,1.65094682296,0.74206320614,0.22281070944,0.720587475109,100.0
16.078731,-0.456359284396,-0.609757363184,-0.146495165243,1.14089821099,0.460194236366,-0.639286493351,-1.48335942189,95.6591644287,0.632000084609,-0.103160207985,-0.133456328546,1.65171381336,0.741296215746,0.222427214243,0.720970970306,100.0
16.088729,-0.455975789199,-0.612058334366,-0.147645650834,1.1397477254,0.459810741169,-0.639669988548,-1.48374291708,95.6591644287,0.631233094215,-0.104310693576,-0.133456328546,1.65171381336,0.741679710943,0.224344690228,0.722121455897,100.0
16.098748,-0.455975789199,-0.610907848775,-0.148029146031,1.1397477254,0.460194236366,-0.639286493351,-1.48374291708,95.6591644287,0.632000084609,-0.103543703182,-0.133456328546,1.65133031816,0.74206320614,0.223194204637,0.720970970306,100.0
16.108732,-0.455975789199,-0.613975810351,-0.147645650834,1.1393642302,0.460577731563,-0.639669988548,-1.48335942189,95.6591644287,0.631233094215,-0.104310693576,-0.133839823743,1.65094682296,0.74206320614,0.223194204637,0.721354465503,100.0
16.119414,-0.45712627479,-0.615893286336,-0.148412641228,1.13629626863,0.460194236366,-0.639286493351,-1.48335942189,95.6591644287,0.632383579806,-0.103927198379,-0.13422331894,1.65056332776,0.74206320614,0.22281070944,0.720587475109,100.0
16.128725,-0.45712627479,-0.615893286336,-0.148412641228,1.13629626863,0.460194236366,-0.639286493351,-1.48335942189,95.6591644287,0.632383579806,-0.103927198379,-0.13422331894,1.65056332776,0.74206320614,0.22281070944,0.720587475109,100.0
16.138750,-0.45712627479,-0.61666027673,-0.147645650834,1.13591277343,0.460194236366,-0.640053483745,-1.48297592669,95.6591644287,0.631616589412,-0.103927198379,-0.134606814137,1.65056332776,0.742446701337,0.22281070944,0.721354465503,100.0
16.148730,-0.45712627479,-0.617810762321,-0.148412641228,1.13514578304,0.460577731563,-0.639669988548,-1.48297592669,95.6591644287,0.632383579806,-0.104694188773,-0.133072833349,1.65017983257,0.741679710943,0.22281070944,0.720203979912,100.0
16.158752,-0.45712627479,-0.617427267124,-0.149946622016,1.13399529744,0.460194236366,-0.640436978942,-1.48335942189,95.6591644287,0.632383579806,-0.104694188773,-0.133456328546,1.65017983257,0.741679710943,0.223194204637,0.720970970306,100.0
16.168774,-0.457509769987,-0.6204952287,-0.149563126819,1.13322830705,0.460577731563,-0.640053483745,-1.48220893629,95.6591644287,0.632000084609,-0.104310693576,-0.13422331894,1.65094682296,0.742446701337,0.22281070944,0.720587475109,100.0
16.178738,-0.457893265184,-0.620878723897,-0.149179631622,1.13284481185,0.459810741169,-0.640436978942,-1.48259243149,95.6591644287,0.630849599018,-0.104310693576,-0.133839823743,1.65094682296,0.741679710943,0.223577699834,0.721354465503,100.0
16.188799,-0.457509769987,-0.623179695078,-0.149179631622,1.13169432626,0.460194236366,-0.640053483745,-1.48220893629,95.6591644287,0.631616589412,-0.103927198379,-0.133839823743,1.65094682296,0.74206320614,0.223194204637,0.721354465503,100.0
16.198810,-0.457893265184,-0.623946685472,-0.149563126819,1.13092733587,0.460194236366,-0.639286493351,-1.48297592669,95.6591644287,0.632767075003,-0.103543703182,-0.13422331894,1.65133031816,0.74206320614,0.223194204637,0.7217379607,100.0
16.208853,-0.457509769987,-0.624330180669,-0.15071361241,1.12939335508,0.460194236366,-0.640436978942,-1.48297592669,95.6591644287,0.631616589412,-0.102776712788,-0.133456328546,1.65017983257,0.741679710943,0.223961195031,0.722121455897,100.0
16.218899,-0.458276760381,-0.623563190275,-0.149179631622,1.12900985988,0.460194236366,-0.640053483745,-1.48297592669,95.6591644287,0.630849599018,-0.103927198379,-0.133456328546,1.65094682296,0.741296215746,0.223961195031,0.7217379607,100.0
16.229369,-0.458276760381,-0.625864161457,-0.149946622016,1.12785937429,0.459810741169,-0.640820474139,-1.48297592669,95.6591644287,0.632383579806,-0.104310693576,-0.133072833349,1.65056332776,0.741679710943,0.22281070944,0.721354465503,100.0
16.238740,-0.458276760381,-0.625864161457,-0.149946622016,1.12785937429,0.459810741169,-0.640820474139,-1.48297592669,95.6591644287,0.632383579806,-0.104310693576,-0.133072833349,1.65056332776,0.741679710943,0.22281070944,0.721354465503,100.0
16.248741,-0.457509769987,-0.628548627836,-0.15071361241,1.1270923839,0.460577731563,-0.641203969336,-1.48220893629,95.6591644287,0.631616589412,-0.103543703182,-0.133839823743,1.65056332776,0.74206320614,0.223194204637,0.7217379607,100.0
16.258727,-0.458660255578,-0.628548627836,-0.149563126819,1.1263253935,0.460577731563,-0.641587464533,-1.4814419459,95.6591644287,0.632000084609,-0.104310693576,-0.13422331894,1.65094682296,0.741679710943,0.22281070944,0.721354465503,100.0
16.268746,-0.457893265184,-0.629699113427,-0.150330117213,1.12517490791,0.46096122676,-0.64197095973,-1.48259243149,95.6591644287,0.632000084609,-0.103927198379,-0.133839823743,1.65056332776,0.741679710943,0.223961195031,0.720970970306,100.0
16.278767,-0.459427245972,-0.629699113427,-0.151864098001,1.12479141272,0.460577731563,-0.642737950124,-1.48259243149,95.6591644287,0.632383579806,-0.104310693576,-0.133839823743,1.65133031816,0.74206320614,0.224344690228,0.721354465503,100.0
16.288744,-0.457893265184,-0.631233094215,-0.15071361241,1.12402442232,0.459810741169,-0.644271930912,-1.48220893629,95.6591644287,0.632383579806,-0.103543703182,-0.133456328546,1.65094682296,0.742446701337,0.223577699834,0.721354465503,100.0
16.298780,-0.457893265184,-0.631233094215,-0.15071361241,1.12364092713,0.460577731563,-0.645422416503,-1.4818254411,95.6591644287,0.631233094215,-0.103927198379,-0.133456328546,1.65094682296,0.74206320614,0.222427214243,0.7217379607,100.0
16.308784,-0.458660255578,-0.633534065397,-0.15071361241,1.12325743193,0.459810741169,-0.647723387685,-1.4818254411,95.6591644287,0.631616589412,-0.104694188773,-0.133072833349,1.65094682296,0.74206320614,0.223577699834,0.7217379607,100.0
16.318744,-0.458276760381,-0.6331505702,-0.151097107607,1.12364092713,0.459810741169,-0.648490378079,-1.4818254411,95.6591644287,0.632000084609,-0.103927198379,-0.133456328546,1.65094682296,0.741679710943,0.223577699834,0.721354465503,100.0
16.328724,-0.459043750775,-0.634301055791,-0.151480602804,1.12287393673,0.459810741169,-0.649257368473,-1.48220893629,95.6591644287,0.631616589412,-0.103927198379,-0.133839823743,1.65094682296,0.741296215746,0.223577699834,0.721354465503,100.0
16.338743,-0.458276760381,-0.634684550988,-0.151480602804,1.12210694634,0.459810741169,-0.650024358866,-1.4818254411,95.6591644287,0.632000084609,-0.104310693576,-0.133456328546,1.65094682296,0.741679710943,0.223194204637,0.722121455897,100.0
16.348746,-0.458660255578,-0.634301055791,-0.150330117213,1.12057296555,0.459810741169,-0.65079134926,-1.48259243149,95.6591644287,0.631616589412,-0.103543703182,-0.133072833349,1.65056332776,0.741679710943,0.223194204637,0.720970970306,100.0
16.358741,-0.458660255578,-0.634301055791,-0.151480602804,1.12095646075,0.459043750775,-0.651174844457,-1.4818254411,95.6591644287,0.631616589412,-0.104310693576,-0.133456328546,1.65171381336,0.74206320614,0.223961195031,0.720970970306,100.0
16.368744,-0.457893265184,-0.636218531775,-0.151097107607,1.12057296555,0.459810741169,-0.652325330048,-1.48259243149,95.6591644287,0.631616589412,-0.104310693576,-0.133839823743,1.65094682296,0.741679710943,0.223194204637,0.721354465503,100.0
16.378743,-0.459427245972,-0.637369017366,-0.151480602804,1.12018947035,0.459810741169,-0.651941834851,-1.48259243149,95.6591644287,0.632000084609,-0.103543703182,-0.133072833349,1.65094682296,0.741679710943,0.223577699834,0.720587475109,100.0
16.388749,-0.458660255578,-0.637752512563,-0.151480602804,1.11942247996,0.458660255578,-0.651174844457,-1.48259243149,95.6591644287,0.631616589412,-0.104310693576,-0.133072833349,1.65056332776,0.741296215746,0.223577699834,0.721354465503,100.0
16.398777,-0.458276760381,-0.639286493351,-0.151480602804,1.11827199437,0.459043750775,-0.651558339654,-1.48220893629,95.6591644287,0.631616589412,-0.103543703182,-0.133456328546,1.65056332776,0.742446701337,0.22281070944,0.721354465503,100.0
16.408752,-0.458660255578,-0.637369017366,-0.15071361241,1.11673801358,0.458276760381,-0.651174844457,-1.48259243149,95.6591644287,0.631616589412,-0.104310693576,-0.133839823743,1.65094682296,0.742446701337,0.223194204637,0.722121455897,100.0
16.418751,-0.458276760381,-0.638519502957,-0.151864098001,1.11750500397,0.457893265184,-0.65079134926,-1.48220893629,95.6591644287,0.632000084609,-0.103927198379,-0.132689338152,1.65056332776,0.741679710943,0.223577699834,0.721354465503,100.0
16.428751,-0.458276760381,-0.640436978942,-0.151864098001,1.11750500397,0.457893265184,-0.651941834851,-1.48220893629,95.6591644287,0.631616589412,-0.103927198379,-0.133456328546,1.65171381336,0.74206320614,0.223577699834,0.7217379607,100.0
16.438751,-0.457893265184,-0.641203969336,-0.151097107607,1.11673801358,0.457509769987,-0.652325330048,-1.48259243149,95.6591644287,0.632383579806,-0.104310693576,-0.13422331894,1.65171381336,0.741679710943,0.22281070944,0.722504951094,100.0
16.448756,-0.458660255578,-0.64197095973,-0.151864098001,1.11558752799,0.457509769987,-0.652325330048,-1.48220893629,95.6591644287,0.631616589412,-0.104310693576,-0.13422331894,1.65133031816,0.74206320614,0.22281070944,0.720970970306,100.0
16.458744,-0.457509769987,-0.641587464533,-0.151097107607,1.11673801358,0.45712627479,-0.651558339654,-1.48259243149,95.6591644287,0.631233094215,-0.103543703182,-0.133456328546,1.65094682296,0.741679710943,0.223577699834,0.721354465503,100.0
16.468751,-0.459043750775,-0.642354454927,-0.152247593198,1.11558752799,0.457509769987,-0.652325330048,-1.4818254411,95.6591644287,0.631616589412,-0.104310693576,-0.133839823743,1.65094682296,0.742446701337,0.223961195031,0.720970970306,100.0
16.478733,-0.458276760381,-0.643121445321,-0.151097107607,1.11558752799,0.457509769987,-0.651558339654,-1.48220893629,95.6591644287,0.632000084609,-0.103927198379,-0.13422331894,1.65094682296,0.74206320614,0.223194204637,0.721354465503,100.0
16.488747,-0.458276760381,-0.644271930912,-0.151864098001,1.11520403279,0.457509769987,-0.651558339654,-1.48297592669,95.6591644287,0.631616589412,-0.103543703182,-0.133839823743,1.65017983257,0.74206320614,0.223577699834,0.7217379607,100.0
16.498739,-0.458276760381,-0.644655426109,-0.15071361241,1.1148205376,0.457509769987,-0.652325330048,-1.48259243149,95.6591644287,0.632383579806,-0.103927198379,-0.133839823743,1.65094682296,0.74206320614,0.223194204637,0.7217379607,100.0
16.508731,-0.458276760381,-0.6458059117,-0.151097107607,1.1140535472,0.458276760381,-0.651558339654,-1.48297592669,95.6591644287,0.631233094215,-0.103927198379,-0.133839823743,1.65056332776,0.742446701337,0.223194204637,0.720970970306,100.0
16.518730,-0.457509769987,-0.645422416503,-0.15071361241,1.11328655681,0.458276760381,-0.651941834851,-1.48220893629,95.6591644287,0.631233094215,-0.104310693576,-0.133839823743,1.65171381336,0.741296215746,0.223961195031,0.721354465503,100.0
16.528750,-0.457893265184,-0.646572902094,-0.151097107607,1.1144370424,0.457509769987,-0.652708825245,-1.48259243149,95.6591644287,0.631233094215,-0.103927198379,-0.13422331894,1.65056332776,0.741296215746,0.22281070944,0.721354465503,100.0
16.538746,-0.457893265184,-0.646956397291,-0.152631088395,1.11290306161,0.457509769987,-0.653475815639,-1.48220893629,95.6591644287,0.632383579806,-0.103543703182,-0.133839823743,1.65094682296,0.74206320614,0.223577699834,0.720203979912,100.0
16.548733,-0.459043750775,-0.646572902094,-0.151864098001,1.11251956641,0.457893265184,-0.653859310836,-1.48335942189,95.6591644287,0.631233094215,-0.104310693576,-0.133456328546,1.65056332776,0.741679710943,0.222427214243,0.721354465503,100.0
16.558730,-0.457893265184,-0.646956397291,-0.151480602804,1.11213607122,0.458276760381,-0.653092320442,-1.48259243149,95.6591644287,0.632383579806,-0.103927198379,-0.133456328546,1.65017983257,0.74206320614,0.223577699834,0.720587475109,100.0
16.568731,-0.458276760381,-0.647723387685,-0.151864098001,1.11175257602,0.457509769987,-0.654242806033,-1.48220893629,95.6591644287,0.631616589412,-0.104310693576,-0.13422331894,1.65056332776,0.74206320614,0.223577699834,0.720970970306,100.0
16.578733,-0.457893265184,-0.648106882882,-0.152247593198,1.11175257602,0.457893265184,-0.653092320442,-1.48259243149,95.6591644287,0.632000084609,-0.103543703182,-0.133839823743,1.65133031816,0.741296215746,0.223961195031,0.720970970306,100.0
16.588757,-0.457509769987,-0.647723387685,-0.151864098001,1.11175257602,0.457509769987,-0.65462630123,-1.4814419459,95.6591644287,0.631233094215,-0.103543703182,-0.133839823743,1.65094682296,0.741296215746,0.223577699834,0.720970970306,100.0
16.598734,-0.458276760381,-0.647723387685,-0.152247593198,1.11060209043,0.458276760381,-0.655009796427,-1.4818254411,95.6591644287,0.632383579806,-0.103927198379,-0.133072833349,1.65094682296,0.742446701337,0.223194204637,0.722121455897,100.0
16.608731,-0.458276760381,-0.646956397291,-0.15071361241,1.11098558563,0.45712627479,-0.655009796427,-1.48220893629,95.6591644287,0.632000084609,-0.104310693576,-0.133072833349,1.65094682296,0.741679710943,0.223961195031,0.720970970306,100.0
16.618738,-0.457509769987,-0.649257368473,-0.152247593198,1.11098558563,0.45712627479,-0.656160282018,-1.4814419459,95.6591644287,0.632767075003,-0.103927198379,-0.133456328546,1.65094682296,0.74206320614,0.223194204637,0.7217379607,100.0
16.628733,-0.458276760381,-0.649257368473,-0.151480602804,1.10983510004,0.457509769987,-0.657694262806,-1.4818254411,95.6591644287,0.631616589412,-0.104310693576,-0.133456328546,1.65133031816,0.742446701337,0.22281070944,0.721354465503,100.0
16.638730,-0.458276760381,-0.649257368473,-0.152631088395,1.10983510004,0.457893265184,-0.659228243594,-1.4818254411,95.6591644287,0.631616589412,-0.103927198379,-0.133456328546,1.65133031816,0.74206320614,0.223961195031,0.7217379607,100.0
16.648731,-0.458660255578,-0.649640863669,-0.152631088395,1.10906810964,0.457509769987,-0.660762224382,-1.48220893629,95.6591644287,0.632000084609,-0.103543703182,-0.133839823743,1.65056332776,0.741679710943,0.224344690228,0.7217379607,100.0
16.658739,-0.457893265184,-0.65079134926,-0.151097107607,1.10830111925,0.457893265184,-0.661912709973,-1.4814419459,95.6591644287,0.632000084609,-0.103160207985,-0.133456328546,1.65209730855,0.741679710943,0.224344690228,0.7217379607,100.0
16.668751,-0.457893265184,-0.651174844457,-0.151864098001,1.10830111925,0.457509769987,-0.663830185957,-1.4818254411,95.6591644287,0.631616589412,-0.103543703182,-0.134606814137,1.65056332776,0.74206320614,0.223194204637,0.720587475109,100.0
16.678733,-0.457893265184,-0.650024358866,-0.152631088395,1.10715063366,0.45712627479,-0.665747661942,-1.4818254411,95.6591644287,0.631616589412,-0.103927198379,-0.134606814137,1.65094682296,0.741679710943,0.223577699834,0.721354465503,100.0
16.688730,-0.457509769987,-0.651174844457,-0.152631088395,1.10600014807,0.457509769987,-0.668048633124,-1.48220893629,95.6591644287,0.632000084609,-0.104310693576,-0.132689338152,1.65133031816,0.74206320614,0.223961195031,0.7217379607,100.0
16.698733,-0.457509769987,-0.652325330048,-0.152247593198,1.10561665287,0.457893265184,-0.668815623518,-1.4814419459,95.6591644287,0.631616589412,-0.103543703182,-0.133839823743,1.65094682296,0.74206320614,0.223577699834,0.720587475109,100.0
16.708768,-0.457893265184,-0.652325330048,-0.152247593198,1.10446616728,0.458276760381,-0.669966109109,-1.48220893629,95.6591644287,0.631616589412,-0.104310693576,-0.133072833349,1.65094682296,0.741679710943,0.223194204637,0.720970970306,100.0
16.718760,-0.45712627479,-0.654242806033,-0.151480602804,1.10369917688,0.457893265184,-0.6711165947,-1.4818254411,95.6591644287,0.631233094215,-0.104694188773,-0.13422331894,1.65094682296,0.741296215746,0.224344690228,0.722121455897,100.0
16.728732,-0.456359284396,-0.655776786821,-0.151864098001,1.10254869129,0.457509769987,-0.672267080291,-1.4818254411,95.6591644287,0.632000084609,-0.104310693576,-0.13422331894,1.65017983257,0.741679710943,0.222427214243,0.721354465503,100.0
16.738734,-0.457509769987,-0.657310767609,-0.152631088395,1.10254869129,0.457509769987,-0.673034070685,-1.4818254411,95.6591644287,0.631233094215,-0.103927198379,-0.13422331894,1.65094682296,0.741679710943,0.22281070944,0.722121455897,100.0
16.748733,-0.45712627479,-0.657694262806,-0.152631088395,1.1013982057,0.457509769987,-0.673801061079,-1.48220893629,95.6591644287,0.6331505702,-0.103927198379,-0.13422331894,1.65133031816,0.740912720549,0.223194204637,0.722121455897,100.0
16.758731,-0.457509769987,-0.6584612532,-0.152631088395,1.09986422491,0.457509769987,-0.673801061079,-1.48220893629,95.6591644287,0.631616589412,-0.103927198379,-0.133839823743,1.65094682296,0.741679710943,0.223194204637,0.7217379607,100.0
16.768737,-0.457509769987,-0.660762224382,-0.153781573986,1.09948072972,0.457509769987,-0.673417565882,-1.48220893629,95.6591644287,0.632767075003,-0.104310693576,-0.133456328546,1.65094682296,0.741679710943,0.22281070944,0.721354465503,100.0
16.778732,-0.457509769987,-0.661912709973,-0.153398078789,1.09948072972,0.457893265184,-0.673801061079,-1.48220893629,95.6591644287,0.631616589412,-0.103927198379,-0.133456328546,1.65133031816,0.74206320614,0.223194204637,0.7217379607,100.0
16.788729,-0.457509769987,-0.662679700366,-0.154548564379,1.09794674893,0.457509769987,-0.673801061079,-1.48220893629,95.6591644287,0.631233094215,-0.103543703182,-0.133456328546,1.65133031816,0.74206320614,0.22281070944,0.7217379607,100.0
16.798727,-0.457893265184,-0.664980671548,-0.154548564379,1.09641276814,0.45712627479,-0.674568051473,-1.48259243149,95.6591644287,0.632383579806,-0.103927198379,-0.133456328546,1.65056332776,0.741296215746,0.223577699834,0.721354465503,100.0
16.808728,-0.457509769987,-0.664980671548,-0.154548564379,1.09602927294,0.457893265184,-0.673801061079,-1.4818254411,95.6591644287,0.631616589412,-0.104694188773,-0.133456328546,1.65133031816,0.741296215746,0.22281070944,0.721354465503,100.0
16.818738,-0.457509769987,-0.668815623518,-0.155315554773,1.09449529216,0.457509769987,-0.673801061079,-1.4818254411,95.6591644287,0.631616589412,-0.103927198379,-0.133456328546,1.65094682296,0.741679710943,0.223577699834,0.721354465503,100.0
16.828737,-0.459043750775,-0.668432128321,-0.154932059576,1.09372830176,0.457509769987,-0.674568051473,-1.48220893629,95.6591644287,0.631616589412,-0.104694188773,-0.13422331894,1.65133031816,0.74206320614,0.223961195031,0.722121455897,100.0
16.838735,-0.458276760381,-0.671883585094,-0.156466040364,1.09334480657,0.45712627479,-0.674568051473,-1.48220893629,95.6591644287,0.632383579806,-0.103927198379,-0.133456328546,1.65133031816,0.74206320614,0.223577699834,0.7217379607,100.0
16.848738,-0.458660255578,-0.672267080291,-0.156466040364,1.09142733058,0.457509769987,-0.67495154667,-1.4818254411,95.6591644287,0.632383579806,-0.103543703182,-0.133072833349,1.65056332776,0.741679710943,0.223194204637,0.7217379607,100.0
16.858736,-0.458276760381,-0.674568051473,-0.156849535561,1.09066034019,0.456742779593,-0.675335041867,-1.48259243149,95.6591644287,0.632000084609,-0.104310693576,-0.133839823743,1.65056332776,0.741679710943,0.223194204637,0.720587475109,100.0
16.868740,-0.458276760381,-0.674184556276,-0.158383516349,1.0895098546,0.457893265184,-0.676485527457,-1.48259243149,95.6591644287,0.632000084609,-0.104310693576,-0.133072833349,1.65133031816,0.741296215746,0.223577699834,0.721354465503,100.0
16.878747,-0.458660255578,-0.675335041867,-0.158000021152,1.0887428642,0.457509769987,-0.67610203226,-1.48259243149,95.6591644287,0.632767075003,-0.104310693576,-0.133072833349,1.65017983257,0.741679710943,0.223577699834,0.720970970306,100.0
16.888754,-0.459810741169,-0.678786498639,-0.157233030758,1.08797587381,0.45712627479,-0.678019508245,-1.48220893629,95.6591644287,0.632000084609,-0.104310693576,-0.133839823743,1.65017983257,0.741679710943,0.224728185425,0.721354465503,100.0
16.898756,-0.459427245972,-0.680703974624,-0.158000021152,1.08720888341,0.45712627479,-0.677636013048,-1.4818254411,95.6591644287,0.632000084609,-0.103927198379,-0.133456328546,1.65133031816,0.74206320614,0.223194204637,0.7217379607,100.0
16.908754,-0.459427245972,-0.681470965018,-0.158000021152,1.08605839782,0.456742779593,-0.678019508245,-1.48259243149,95.6591644287,0.632000084609,-0.104310693576,-0.133456328546,1.65056332776,0.74206320614,0.223961195031,0.722121455897,100.0
16.918745,-0.459043750775,-0.682621450609,-0.15953400194,1.08567490263,0.456742779593,-0.679169993836,-1.48220893629,95.6591644287,0.632767075003,-0.103927198379,-0.133456328546,1.65094682296,0.74206320614,0.22281070944,0.7217379607,100.0
16.928748,-0.459427245972,-0.685305916988,-0.15953400194,1.08452441703,0.456359284396,-0.679169993836,-1.48335942189,95.6591644287,0.631616589412,-0.104310693576,-0.133072833349,1.65133031816,0.741296215746,0.22281070944,0.7217379607,100.0
16.938735,-0.459427245972,-0.685689412185,-0.15953400194,1.08375742664,0.456742779593,-0.680320479427,-1.48297592669,95.6591644287,0.631616589412,-0.103160207985,-0.133839823743,1.65133031816,0.74206320614,0.223577699834,0.720587475109,100.0
16.948752,-0.460194236366,-0.687990383367,-0.15953400194,1.08260694105,0.456742779593,-0.680703974624,-1.48297592669,95.6591644287,0.632383579806,-0.103160207985,-0.132689338152,1.65171381336,0.74206320614,0.223194204637,0.720970970306,100.0
16.958747,-0.459810741169,-0.689524364154,-0.158383516349,1.08260694105,0.456359284396,-0.680703974624,-1.48297592669,95.6591644287,0.632383579806,-0.103543703182,-0.133456328546,1.65094682296,0.74206320614,0.223194204637,0.7217379607,100.0
16.968744,-0.459810741169,-0.690291354548,-0.15953400194,1.08222344585,0.456742779593,-0.681470965018,-1.48220893629,95.6591644287,0.631616589412,-0.104310693576,-0.133456328546,1.65133031816,0.74206320614,0.223577699834,0.720970970306,100.0
16.978747,-0.460577731563,-0.69259232573,-0.159917497137,1.08145645546,0.456359284396,-0.681854460215,-1.48259243149,95.6591644287,0.631616589412,-0.104310693576,-0.133072833349,1.65056332776,0.741679710943,0.222427214243,0.721354465503,100.0
16.988747,-0.459427245972,-0.693742811321,-0.159917497137,1.08068946507,0.455975789199,-0.682621450609,-1.48220893629,95.6591644287,0.632000084609,-0.104310693576,-0.133456328546,1.65133031816,0.741679710943,0.223194204637,0.7217379607,100.0
16.998727,-0.460194236366,-0.695660287306,-0.162218468319,1.07992247467,0.456359284396,-0.684155431397,-1.48297592669,95.6591644287,0.632000084609,-0.103927198379,-0.133072833349,1.65094682296,0.741296215746,0.222427214243,0.7217379607,100.0
17.008733,-0.460577731563,-0.695660287306,-0.162601963516,1.07915548428,0.456742779593,-0.685689412185,-1.4818254411,95.6591644287,0.631233094215,-0.103543703182,-0.133839823743,1.65094682296,0.741679710943,0.223194204637,0.720970970306,100.0
17.018747,-0.460577731563,-0.697577763291,-0.163752449107,1.07915548428,0.455975789199,-0.68760688817,-1.48220893629,95.6591644287,0.631616589412,-0.104694188773,-0.133072833349,1.65094682296,0.741296215746,0.223577699834,0.720970970306,100.0
17.028746,-0.460194236366,-0.698344753685,-0.16336895391,1.07877198908,0.456359284396,-0.691825335336,-1.48220893629,95.6591644287,0.631616589412,-0.103543703182,-0.13422331894,1.65094682296,0.741679710943,0.223577699834,0.721354465503,100.0
17.038732,-0.460194236366,-0.700645724867,-0.164519439501,1.07800499869,0.455592294002,-0.696043782503,-1.48220893629,95.6591644287,0.631616589412,-0.103160207985,-0.133456328546,1.65094682296,0.74206320614,0.22281070944,0.720970970306,100.0
17.048748,-0.46096122676,-0.702179705655,-0.165286429895,1.0768545131,0.455975789199,-0.698344753685,-1.48297592669,95.6591644287,0.631233094215,-0.104694188773,-0.133839823743,1.65133031816,0.741296215746,0.223577699834,0.720203979912,100.0
17.058744,-0.459810741169,-0.703713686442,-0.166436915486,1.0760875227,0.456742779593,-0.698728248882,-1.48259243149,95.6591644287,0.631233094215,-0.104310693576,-0.133456328546,1.65133031816,0.741296215746,0.223577699834,0.720587475109,100.0
17.068748,-0.460194236366,-0.703713686442,-0.16720390588,1.07493703711,0.456359284396,-0.698728248882,-1.48259243149,95.6591644287,0.631616589412,-0.104310693576,-0.13422331894,1.65094682296,0.741679710943,0.223194204637,0.7217379607,100.0
17.078741,-0.459810741169,-0.706781648018,-0.169504877061,1.07417004672,0.456359284396,-0.697961258488,-1.48259243149,95.6591644287,0.630849599018,-0.103927198379,-0.132305842955,1.65017983257,0.741679710943,0.223194204637,0.721354465503,100.0
17.088747,-0.46096122676,-0.707165143215,-0.169121381864,1.07301956113,0.455975789199,-0.697577763291,-1.48259243149,95.6591644287,0.631616589412,-0.104310693576,-0.133839823743,1.65056332776,0.742446701337,0.223194204637,0.720970970306,100.0
17.098744,-0.461344721957,-0.709849609594,-0.169121381864,1.07148558034,0.456742779593,-0.698344753685,-1.48259243149,95.6591644287,0.632000084609,-0.103927198379,-0.133456328546,1.65094682296,0.741296215746,0.223577699834,0.721354465503,100.0
17.108731,-0.461344721957,-0.711383590382,-0.168737886667,1.07071858994,0.456742779593,-0.699495239276,-1.48335942189,95.6591644287,0.632383579806,-0.103927198379,-0.133456328546,1.65133031816,0.741679710943,0.223577699834,0.720587475109,100.0
17.118778,-0.462878702744,-0.712150580776,-0.169121381864,1.06956810435,0.45712627479,-0.699495239276,-1.48220893629,95.6591644287,0.632767075003,-0.103927198379,-0.133839823743,1.65133031816,0.741679710943,0.223577699834,0.720587475109,100.0
17.128756,-0.462495207547,-0.713301066367,-0.168737886667,1.06956810435,0.456742779593,-0.70026222967,-1.4814419459,95.6591644287,0.632000084609,-0.104310693576,-0.13422331894,1.65056332776,0.741296215746,0.223194204637,0.721354465503,100.0
17.138733,-0.463645693138,-0.715218542352,-0.169121381864,1.06841761876,0.456359284396,-0.70026222967,-1.48297592669,95.6591644287,0.632383579806,-0.103927198379,-0.133072833349,1.65171381336,0.74206320614,0.223194204637,0.7217379607,100.0
17.148745,-0.464029188335,-0.714835047155,-0.169121381864,1.06803412357,0.456359284396,-0.700645724867,-1.48259243149,95.6591644287,0.632383579806,-0.103543703182,-0.133072833349,1.65171381336,0.741296215746,0.223577699834,0.721354465503,100.0
17.158729,-0.464029188335,-0.71790300873,-0.171038857849,1.06688363797,0.456742779593,-0.699878734473,-1.48259243149,95.6591644287,0.632767075003,-0.104310693576,-0.133839823743,1.65171381336,0.741679710943,0.22281070944,0.720970970306,100.0
17.168740,-0.464796178729,-0.718669999124,-0.171422353046,1.06534965719,0.456359284396,-0.699878734473,-1.48259243149,95.6591644287,0.631233094215,-0.103927198379,-0.133072833349,1.65171381336,0.742446701337,0.223577699834,0.720970970306,100.0
17.178747,-0.465563169123,-0.719436989518,-0.170655362652,1.06458266679,0.456359284396,-0.699878734473,-1.48259243149,95.6591644287,0.631616589412,-0.104310693576,-0.133456328546,1.65094682296,0.741296215746,0.223577699834,0.7217379607,100.0
17.188751,-0.465563169123,-0.720587475109,-0.171805848243,1.06458266679,0.456742779593,-0.701412715261,-1.4818254411,95.6591644287,0.632383579806,-0.103927198379,-0.133456328546,1.65017983257,0.741296215746,0.223194204637,0.7217379607,100.0
17.198730,-0.46594666432,-0.721354465503,-0.169888372258,1.0638156764,0.455975789199,-0.701029220064,-1.48297592669,95.6591644287,0.632000084609,-0.104694188773,-0.133072833349,1.65133031816,0.741679710943,0.223577699834,0.721354465503,100.0
17.208733,-0.467097149911,-0.722121455897,-0.171805848243,1.0641991716,0.456359284396,-0.702563200852,-1.48259243149,95.6591644287,0.632383579806,-0.104310693576,-0.133072833349,1.65056332776,0.74206320614,0.223577699834,0.721354465503,100.0
17.218727,-0.467864140305,-0.723655436685,-0.171422353046,1.063048686,0.456742779593,-0.702946696048,-1.48297592669,95.6591644287,0.632767075003,-0.103927198379,-0.133456328546,1.65094682296,0.74206320614,0.223577699834,0.720970970306,100.0
17.228733,-0.468247635502,-0.723655436685,-0.171038857849,1.063048686,0.455208798805,-0.702563200852,-1.48335942189,95.6591644287,0.632383579806,-0.10507768397,-0.132305842955,1.65056332776,0.74206320614,0.223961195031,0.721354465503,100.0
17.238757,-0.469014625896,-0.725189417473,-0.17218934344,1.06151470522,0.455592294002,-0.702563200852,-1.48259243149,95.6591644287,0.6331505702,-0.103927198379,-0.132689338152,1.65133031816,0.74206320614,0.223577699834,0.720970970306,100.0
17.248734,-0.470548606684,-0.725956407867,-0.171805848243,1.06074771482,0.455592294002,-0.702563200852,-1.48259243149,95.6591644287,0.6331505702,-0.103927198379,-0.133072833349,1.65056332776,0.741679710943,0.223194204637,0.721354465503,100.0
17.258735,-0.470932101881,-0.727106893458,-0.17218934344,1.05998072443,0.455208798805,-0.702946696048,-1.48259243149,95.6591644287,0.633534065397,-0.104310693576,-0.133072833349,1.65056332776,0.741296215746,0.222427214243,0.721354465503,100.0
17.268790,-0.470932101881,-0.726723398261,-0.171805848243,1.06036421963,0.454825303608,-0.703713686442,-1.48297592669,95.6591644287,0.632383579806,-0.104310693576,-0.132689338152,1.65056332776,0.74206320614,0.22281070944,0.721354465503,100.0
17.278752,-0.470548606684,-0.727873883852,-0.171422353046,1.05921373403,0.454058313214,-0.704480676836,-1.48259243149,95.6591644287,0.632000084609,-0.104310693576,-0.132689338152,1.65133031816,0.742446701337,0.223194204637,0.721354465503,100.0
17.288743,-0.470932101881,-0.72940786464,-0.171805848243,1.05921373403,0.454441808411,-0.706398152821,-1.48220893629,95.6591644287,0.632000084609,-0.103543703182,-0.132689338152,1.65017983257,0.741679710943,0.22281070944,0.720970970306,100.0
17.298748,-0.471699092275,-0.729024369443,-0.17218934344,1.05883023884,0.453674818017,-0.706398152821,-1.48297592669,95.6591644287,0.632000084609,-0.103927198379,-0.133072833349,1.65017983257,0.74206320614,0.22281070944,0.7217379607,100.0
17.308734,-0.471699092275,-0.729791359836,-0.171805848243,1.05806324844,0.45329132282,-0.706781648018,-1.48220893629,95.6591644287,0.632767075003,-0.104694188773,-0.133839823743,1.65056332776,0.74206320614,0.22281070944,0.721354465503,100.0
17.318787,-0.472466082669,-0.72940786464,-0.170655362652,1.05729625805,0.453674818017,-0.706781648018,-1.48220893629,95.6591644287,0.632383579806,-0.104694188773,-0.133456328546,1.65017983257,0.741679710943,0.223961195031,0.721354465503,100.0
17.328735,-0.472082587472,-0.731708835821,-0.172572838637,1.05691276285,0.454825303608,-0.706398152821,-1.4818254411,95.6591644287,0.632000084609,-0.104694188773,-0.133072833349,1.65056332776,0.741296215746,0.223194204637,0.721354465503,100.0
17.338737,-0.472849577866,-0.732092331018,-0.172572838637,1.05691276285,0.454058313214,-0.706398152821,-1.48220893629,95.6591644287,0.631616589412,-0.104310693576,-0.132689338152,1.65017983257,0.74206320614,0.223194204637,0.720970970306,100.0
17.348750,-0.474000063457,-0.733242816609,-0.173339829031,1.05729625805,0.453674818017,-0.706781648018,-1.48220893629,95.6591644287,0.631616589412,-0.103543703182,-0.133072833349,1.65133031816,0.742446701337,0.22281070944,0.721354465503,100.0
17.358738,-0.47361656826,-0.733626311806,-0.173723324228,1.05767975325,0.454058313214,-0.706014657624,-1.48220893629,95.6591644287,0.631233094215,-0.103927198379,-0.133839823743,1.65094682296,0.741679710943,0.222427214243,0.721354465503,100.0
17.368734,-0.47361656826,-0.734009807003,-0.173339829031,1.05691276285,0.453674818017,-0.706781648018,-1.48259243149,95.6591644287,0.632383579806,-0.104310693576,-0.132689338152,1.65094682296,0.742446701337,0.223194204637,0.7217379607,100.0
17.378735,-0.475150549048,-0.734776797397,-0.172572838637,1.05576227726,0.454441808411,-0.707165143215,-1.48259243149,95.6591644287,0.632000084609,-0.104310693576,-0.133072833349,1.65094682296,0.74206320614,0.223194204637,0.721354465503,100.0
17.388730,-0.474000063457,-0.734776797397,-0.171805848243,1.05614577246,0.454441808411,-0.706398152821,-1.48259243149,95.6591644287,0.632383579806,-0.104310693576,-0.133456328546,1.65094682296,0.74206320614,0.223194204637,0.721354465503,100.0
17.398731,-0.474767053851,-0.735160292594,-0.172572838637,1.05576227726,0.454058313214,-0.705631162427,-1.4818254411,95.6591644287,0.632000084609,-0.10507768397,-0.132689338152,1.65133031816,0.742446701337,0.223194204637,0.722888446291,100.0
17.408730,-0.475150549048,-0.735927282988,-0.174873809819,1.05576227726,0.454058313214,-0.70524766723,-1.4818254411,95.6591644287,0.631616589412,-0.104310693576,-0.133456328546,1.65094682296,0.74206320614,0.223961195031,0.7217379607,100.0
17.418729,-0.475917539441,-0.736310778185,-0.174490314622,1.05499528687,0.454058313214,-0.705631162427,-1.48297592669,95.6591644287,0.631616589412,-0.103927198379,-0.132305842955,1.65171381336,0.74206320614,0.223194204637,0.7217379607,100.0
17.428736,-0.475917539441,-0.737077768579,-0.174106819425,1.05576227726,0.454441808411,-0.706014657624,-1.48259243149,95.6591644287,0.631233094215,-0.103543703182,-0.133072833349,1.65171381336,0.741679710943,0.223194204637,0.721354465503,100.0
17.438731,-0.476301034638,-0.737461263776,-0.174873809819,1.05537878207,0.454441808411,-0.706398152821,-1.48259243149,95.6591644287,0.632000084609,-0.103543703182,-0.133839823743,1.65171381336,0.74206320614,0.223961195031,0.722121455897,100.0
17.448766,-0.476684529835,-0.737844758973,-0.174106819425,1.05499528687,0.454058313214,-0.705631162427,-1.48259243149,95.6591644287,0.631616589412,-0.104310693576,-0.133456328546,1.65133031816,0.741679710943,0.223194204637,0.7217379607,100.0
17.458762,-0.477451520229,-0.737461263776,-0.174490314622,1.05576227726,0.454058313214,-0.704864172033,-1.48259243149,95.6591644287,0.631616589412,-0.104310693576,-0.133839823743,1.65094682296,0.741679710943,0.223577699834,0.722504951094,100.0
17.468766,-0.477451520229,-0.736694273382,-0.174490314622,1.05576227726,0.454441808411,-0.704097181639,-1.48259243149,95.6591644287,0.630849599018,-0.103927198379,-0.133072833349,1.65171381336,0.74206320614,0.223194204637,0.721354465503,100.0
17.478736,-0.477835015426,-0.735927282988,-0.173339829031,1.05652926766,0.455208798805,-0.702946696048,-1.48259243149,95.6591644287,0.632000084609,-0.103927198379,-0.133839823743,1.65133031816,0.74206320614,0.222427214243,0.722121455897,100.0
17.488733,-0.477835015426,-0.736694273382,-0.174490314622,1.05652926766,0.455208798805,-0.701029220064,-1.48297592669,95.6591644287,0.632000084609,-0.103927198379,-0.133072833349,1.65094682296,0.74206320614,0.22281070944,0.720970970306,100.0
17.498764,-0.478218510623,-0.736310778185,-0.173339829031,1.05806324844,0.455592294002,-0.699495239276,-1.48259243149,95.6591644287,0.630849599018,-0.103927198379,-0.133072833349,1.65133031816,0.742446701337,0.22281070944,0.720587475109,100.0
17.508738,-0.477835015426,-0.7343933022,-0.174106819425,1.05806324844,0.455592294002,-0.697577763291,-1.4810584507,95.6591644287,0.632383579806,-0.104694188773,-0.133456328546,1.65171381336,0.741679710943,0.222427214243,0.720970970306,100.0
17.518736,-0.478985501017,-0.734776797397,-0.174490314622,1.05921373403,0.455208798805,-0.694893296912,-1.48220893629,95.6591644287,0.632383579806,-0.103543703182,-0.133456328546,1.65133031816,0.741679710943,0.223961195031,0.7217379607,100.0
17.528734,-0.47860200582,-0.733626311806,-0.173723324228,1.06036421963,0.454825303608,-0.691441840139,-1.48220893629,95.6591644287,0.632000084609,-0.103927198379,-0.132305842955,1.65133031816,0.74206320614,0.223577699834,0.721354465503,100.0
17.538746,-0.47860200582,-0.733242816609,-0.173723324228,1.06074771482,0.454441808411,-0.68760688817,-1.4814419459,95.6591644287,0.632000084609,-0.103543703182,-0.132305842955,1.65171381336,0.74206320614,0.22281070944,0.721354465503,100.0
17.548779,-0.480135986608,-0.731708835821,-0.174106819425,1.06228169561,0.455592294002,-0.684922421791,-1.4810584507,95.6591644287,0.632000084609,-0.104310693576,-0.133839823743,1.65094682296,0.741296215746,0.223194204637,0.720203979912,100.0
17.558759,-0.480135986608,-0.73055835023,-0.173723324228,1.0641991716,0.455592294002,-0.682621450609,-1.4810584507,95.6591644287,0.632000084609,-0.104310693576,-0.133072833349,1.65094682296,0.741679710943,0.22281070944,0.721354465503,100.0
17.568734,-0.479752491411,-0.728640874246,-0.173339829031,1.06534965719,0.455592294002,-0.680703974624,-1.48220893629,95.6591644287,0.631616589412,-0.104310693576,-0.133456328546,1.65056332776,0.741679710943,0.223194204637,0.721354465503,100.0
17.578732,-0.479752491411,-0.727490388655,-0.172572838637,1.06650014278,0.455208798805,-0.679553489033,-1.4814419459,95.6591644287,0.631233094215,-0.104310693576,-0.133456328546,1.65017983257,0.741679710943,0.22281070944,0.7217379607,100.0
17.588733,-0.479752491411,-0.725956407867,-0.174106819425,1.06880111396,0.455592294002,-0.677636013048,-1.4814419459,95.6591644287,0.631616589412,-0.103927198379,-0.133072833349,1.65017983257,0.741679710943,0.223194204637,0.721354465503,100.0
17.598732,-0.480519481805,-0.724038931882,-0.173339829031,1.07110208514,0.455208798805,-0.675335041867,-1.4810584507,95.6591644287,0.632000084609,-0.104310693576,-0.133072833349,1.65133031816,0.74206320614,0.223194204637,0.720970970306,100.0
17.608736,-0.480135986608,-0.7217379607,-0.174106819425,1.07263606593,0.455208798805,-0.674184556276,-1.48029146031,95.6591644287,0.632000084609,-0.104694188773,-0.133456328546,1.65056332776,0.74206320614,0.223577699834,0.720970970306,100.0
17.618736,-0.480135986608,-0.719436989518,-0.17218934344,1.07493703711,0.455592294002,-0.673417565882,-1.4810584507,95.6591644287,0.630849599018,-0.104694188773,-0.133839823743,1.65056332776,0.742446701337,0.223577699834,0.720970970306,100.0
17.628732,-0.480135986608,-0.716752523139,-0.171805848243,1.0757040275,0.455975789199,-0.670733099503,-1.4814419459,95.6591644287,0.631616589412,-0.104310693576,-0.133456328546,1.65133031816,0.742446701337,0.223577699834,0.7217379607,100.0
17.638731,-0.479752491411,-0.714451551958,-0.171805848243,1.07877198908,0.455208798805,-0.669199118715,-1.4810584507,95.6591644287,0.631233094215,-0.104694188773,-0.133839823743,1.65017983257,0.74206320614,0.223194204637,0.7217379607,100.0
17.648738,-0.479752491411,-0.712150580776,-0.171805848243,1.08030596987,0.455592294002,-0.668432128321,-1.4810584507,95.6591644287,0.630849599018,-0.103543703182,-0.133456328546,1.65094682296,0.740912720549,0.22281070944,0.721354465503,100.0
17.658732,-0.480519481805,-0.7090826192,-0.170655362652,1.08375742664,0.455208798805,-0.666898147533,-1.48067495551,95.6591644287,0.631616589412,-0.103927198379,-0.133456328546,1.65133031816,0.741679710943,0.223194204637,0.720970970306,100.0
17.668738,-0.479368996214,-0.70524766723,-0.171038857849,1.08529140743,0.455592294002,-0.666898147533,-1.48067495551,95.6591644287,0.632000084609,-0.103927198379,-0.133072833349,1.65056332776,0.74206320614,0.222427214243,0.720970970306,100.0
17.678732,-0.479368996214,-0.702946696048,-0.169504877061,1.08720888341,0.456359284396,-0.665364166745,-1.47990796511,95.6591644287,0.631616589412,-0.104310693576,-0.132689338152,1.65133031816,0.741679710943,0.223194204637,0.720970970306,100.0
17.688738,-0.47860200582,-0.699495239276,-0.169121381864,1.09104383538,0.455975789199,-0.664597176351,-1.47952446992,95.6591644287,0.631233094215,-0.104694188773,-0.133456328546,1.65056332776,0.741679710943,0.223194204637,0.721354465503,100.0
17.698757,-0.478985501017,-0.696043782503,-0.168737886667,1.09296131137,0.455975789199,-0.663063195563,-1.47914097472,95.6591644287,0.630849599018,-0.103927198379,-0.133072833349,1.65017983257,0.742446701337,0.223577699834,0.7217379607,100.0
17.708737,-0.47860200582,-0.691825335336,-0.16720390588,1.09487878735,0.455975789199,-0.660762224382,-1.47990796511,95.6591644287,0.631616589412,-0.10507768397,-0.132305842955,1.65133031816,0.741296215746,0.222043719046,0.720970970306,100.0
17.718730,-0.47860200582,-0.690674849745,-0.166820410683,1.09756325373,0.455592294002,-0.659611738791,-1.47952446992,95.6591644287,0.631616589412,-0.104310693576,-0.133072833349,1.65171381336,0.741679710943,0.223577699834,0.722121455897,100.0
17.728732,-0.478218510623,-0.68760688817,-0.164519439501,1.10024772011,0.455975789199,-0.656543777215,-1.47875747952,95.6591644287,0.631233094215,-0.104310693576,-0.133072833349,1.65094682296,0.742446701337,0.223961195031,0.7217379607,100.0
17.738713,-0.477451520229,-0.683004945806,-0.165286429895,1.1021651961,0.455592294002,-0.653475815639,-1.47799048913,95.6591644287,0.631233094215,-0.103160207985,-0.132689338152,1.65133031816,0.741296215746,0.22281070944,0.7217379607,100.0
17.748743,-0.477451520229,-0.683004945806,-0.165286429895,1.10523315767,0.455975789199,-0.650407854063,-1.47722349873,95.6591644287,0.631616589412,-0.103927198379,-0.133839823743,1.65094682296,0.741679710943,0.223194204637,0.722121455897,100.0
17.758737,-0.477451520229,-0.678403003442,-0.164135944304,1.10830111925,0.456359284396,-0.650024358866,-1.47722349873,95.6591644287,0.631233094215,-0.103927198379,-0.132689338152,1.65133031816,0.741679710943,0.223194204637,0.720970970306,100.0
17.768737,-0.476684529835,-0.677252517851,-0.163752449107,1.11136908082,0.455592294002,-0.648873873276,-1.47722349873,95.6591644287,0.631616589412,-0.103927198379,-0.133839823743,1.65133031816,0.741679710943,0.22281070944,0.7217379607,100.0
17.778746,-0.475534044244,-0.672650575488,-0.161451477925,1.11290306161,0.456359284396,-0.650024358866,-1.47760699393,95.6591644287,0.631233094215,-0.103927198379,-0.133072833349,1.65133031816,0.741679710943,0.223194204637,0.7217379607,100.0
17.788740,-0.475917539441,-0.670733099503,-0.161451477925,1.11558752799,0.455975789199,-0.65079134926,-1.47837398432,95.6591644287,0.631233094215,-0.103543703182,-0.133072833349,1.65133031816,0.740912720549,0.223194204637,0.720970970306,100.0
17.798742,-0.474383558654,-0.668048633124,-0.160684487531,1.11827199437,0.456359284396,-0.651941834851,-1.47760699393,95.6591644287,0.631233094215,-0.104310693576,-0.133456328546,1.65017983257,0.741679710943,0.22281070944,0.721354465503,100.0
17.808739,-0.474000063457,-0.665364166745,-0.15953400194,1.12018947035,0.455975789199,-0.651558339654,-1.47722349873,95.6591644287,0.630849599018,-0.104310693576,-0.133456328546,1.65094682296,0.741679710943,0.223194204637,0.721354465503,100.0
17.818739,-0.472466082669,-0.66229620517,-0.158383516349,1.12172345114,0.456742779593,-0.65079134926,-1.47760699393,95.6591644287,0.632000084609,-0.103543703182,-0.133839823743,1.65094682296,0.74206320614,0.223194204637,0.7217379607,100.0
17.828737,-0.471699092275,-0.661145719579,-0.158767011546,1.12364092713,0.456359284396,-0.650024358866,-1.47799048913,95.6591644287,0.631233094215,-0.104310693576,-0.132689338152,1.65133031816,0.741679710943,0.223194204637,0.721354465503,100.0
17.838743,-0.470932101881,-0.658077758003,-0.157616525955,1.12594189831,0.456742779593,-0.649257368473,-1.47875747952,95.6591644287,0.632000084609,-0.104310693576,-0.133072833349,1.65094682296,0.74206320614,0.224344690228,0.720970970306,100.0
17.848736,-0.470165111487,-0.655393291624,-0.157616525955,1.1270923839,0.457509769987,-0.649640863669,-1.47875747952,95.6591644287,0.632383579806,-0.104310693576,-0.132689338152,1.65056332776,0.74206320614,0.224728185425,0.721354465503,100.0
17.858739,-0.469398121093,-0.653859310836,-0.157233030758,1.12977685028,0.456742779593,-0.649257368473,-1.47875747952,95.6591644287,0.632000084609,-0.104310693576,-0.133072833349,1.65056332776,0.741679710943,0.223961195031,0.720587475109,100.0
17.868740,-0.469014625896,-0.651558339654,-0.156849535561,1.13092733587,0.456359284396,-0.648490378079,-1.47875747952,95.6591644287,0.632000084609,-0.104694188773,-0.132305842955,1.65133031816,0.74206320614,0.223194204637,0.721354465503,100.0
17.878742,-0.467864140305,-0.650407854063,-0.154932059576,1.13284481185,0.455975789199,-0.647723387685,-1.47837398432,95.6591644287,0.630849599018,-0.103927198379,-0.132689338152,1.65056332776,0.741679710943,0.22281070944,0.722121455897,100.0
17.888735,-0.467864140305,-0.647723387685,-0.15569904997,1.13399529744,0.456359284396,-0.646572902094,-1.47837398432,95.6591644287,0.632000084609,-0.103927198379,-0.133072833349,1.64979633737,0.741679710943,0.223577699834,0.720970970306,100.0
17.898738,-0.467864140305,-0.646956397291,-0.155315554773,1.13514578304,0.456359284396,-0.646956397291,-1.47914097472,95.6591644287,0.631616589412,-0.104310693576,-0.133072833349,1.65094682296,0.74206320614,0.223194204637,0.720970970306,100.0
17.908735,-0.466713654714,-0.645038921306,-0.154932059576,1.13629626863,0.456359284396,-0.646956397291,-1.47875747952,95.6591644287,0.631233094215,-0.103543703182,-0.133456328546,1.65056332776,0.741679710943,0.222427214243,0.7217379607,100.0
17.918737,-0.465563169123,-0.643121445321,-0.154548564379,1.13783024941,0.455592294002,-0.6458059117,-1.47914097472,95.6591644287,0.631616589412,-0.104310693576,-0.133072833349,1.65056332776,0.741296215746,0.223194204637,0.721354465503,100.0
17.928738,-0.466330159517,-0.641203969336,-0.152631088395,1.13859723981,0.455975789199,-0.646572902094,-1.47914097472,95.6591644287,0.631616589412,-0.104310693576,-0.133072833349,1.65056332776,0.741679710943,0.223194204637,0.720587475109,100.0
17.938737,-0.464412683532,-0.639669988548,-0.153781573986,1.1401312206,0.456359284396,-0.646572902094,-1.47875747952,95.6591644287,0.631233094215,-0.104694188773,-0.133072833349,1.65056332776,0.74206320614,0.223577699834,0.7217379607,100.0
17.948737,-0.464029188335,-0.637369017366,-0.153014583592,1.14051471579,0.456742779593,-0.646572902094,-1.47875747952,95.6591644287,0.632000084609,-0.104310693576,-0.132689338152,1.65094682296,0.74206320614,0.223961195031,0.721354465503,100.0
17.958737,-0.463262197941,-0.635451541382,-0.151097107607,1.1397477254,0.455975789199,-0.646572902094,-1.47837398432,95.6591644287,0.632000084609,-0.103927198379,-0.133072833349,1.65094682296,0.742446701337,0.223577699834,0.7217379607,100.0
17.968736,-0.463262197941,-0.635068046185,-0.151864098001,1.14051471579,0.455975789199,-0.646572902094,-1.47914097472,95.6591644287,0.631233094215,-0.104694188773,-0.132305842955,1.65017983257,0.74206320614,0.223961195031,0.720970970306,100.0
17.978737,-0.462495207547,-0.631233094215,-0.152631088395,1.14089821099,0.455975789199,-0.646572902094,-1.47952446992,95.6591644287,0.631233094215,-0.103927198379,-0.132305842955,1.65133031816,0.741679710943,0.22281070944,0.720203979912,100.0
17.988734,-0.46096122676,-0.630849599018,-0.152631088395,1.14051471579,0.456359284396,-0.646956397291,-1.47875747952,95.6591644287,0.632383579806,-0.104694188773,-0.133072833349,1.65094682296,0.741296215746,0.22281070944,0.721354465503,100.0
17.998739,-0.460577731563,-0.630849599018,-0.151864098001,1.14051471579,0.456359284396,-0.647723387685,-1.47875747952,95.6591644287,0.631233094215,-0.104310693576,-0.132689338152,1.65056332776,0.741679710943,0.223194204637,0.720970970306,100.0
18.008744,-0.459043750775,-0.629699113427,-0.151864098001,1.14128170619,0.456359284396,-0.647339892488,-1.47837398432,95.6591644287,0.632767075003,-0.104310693576,-0.133456328546,1.65133031816,0.741679710943,0.223961195031,0.7217379607,100.0
18.018743,-0.459427245972,-0.628165132639,-0.15071361241,1.14051471579,0.455975789199,-0.648106882882,-1.47875747952,95.6591644287,0.631616589412,-0.103927198379,-0.133456328546,1.65094682296,0.741679710943,0.223961195031,0.721354465503,100.0
18.028735,-0.458276760381,-0.626631151851,-0.150330117213,1.14128170619,0.455592294002,-0.647723387685,-1.47837398432,95.6591644287,0.631616589412,-0.104310693576,-0.132689338152,1.65171381336,0.741296215746,0.223577699834,0.722121455897,100.0
18.038742,-0.459043750775,-0.628165132639,-0.151097107607,1.1401312206,0.456359284396,-0.646572902094,-1.47837398432,95.6591644287,0.632000084609,-0.104310693576,-0.133456328546,1.65056332776,0.741679710943,0.22281070944,0.7217379607,100.0
18.048747,-0.458660255578,-0.626247656654,-0.149563126819,1.14166520138,0.456359284396,-0.646189406897,-1.47952446992,95.6591644287,0.632000084609,-0.103543703182,-0.131922347758,1.65056332776,0.741296215746,0.223577699834,0.721354465503,100.0
18.058736,-0.457893265184,-0.626247656654,-0.150330117213,1.14051471579,0.455208798805,-0.646189406897,-1.47914097472,95.6591644287,0.632000084609,-0.104310693576,-0.133456328546,1.65017983257,0.741679710943,0.223577699834,0.7217379607,100.0
18.068739,-0.457509769987,-0.626247656654,-0.150330117213,1.14051471579,0.456359284396,-0.646572902094,-1.47875747952,95.6591644287,0.631233094215,-0.103927198379,-0.132305842955,1.65171381336,0.742446701337,0.223577699834,0.720203979912,100.0
18.078738,-0.456742779593,-0.625864161457,-0.149179631622,1.14051471579,0.455975789199,-0.646572902094,-1.47952446992,95.6591644287,0.630849599018,-0.104310693576,-0.133456328546,1.65133031816,0.741679710943,0.223577699834,0.720203979912,100.0
18.088738,-0.457509769987,-0.624713675866,-0.149563126819,1.14051471579,0.456359284396,-0.646956397291,-1.47952446992,95.6591644287,0.630849599018,-0.104310693576,-0.132305842955,1.65056332776,0.742446701337,0.223961195031,0.721354465503,100.0
18.098734,-0.456742779593,-0.624330180669,-0.149563126819,1.1401312206,0.456359284396,-0.647723387685,-1.47952446992,95.6591644287,0.631616589412,-0.104310693576,-0.133456328546,1.65017983257,0.741679710943,0.223577699834,0.721354465503,100.0
18.108740,-0.456359284396,-0.624713675866,-0.149563126819,1.14051471579,0.455592294002,-0.647723387685,-1.47952446992,95.6591644287,0.632000084609,-0.104694188773,-0.133456328546,1.65133031816,0.741296215746,0.223577699834,0.720587475109,100.0
18.118732,-0.456359284396,-0.624330180669,-0.149179631622,1.1401312206,0.455592294002,-0.646956397291,-1.47990796511,95.6591644287,0.632000084609,-0.103927198379,-0.133456328546,1.65133031816,0.74206320614,0.223961195031,0.721354465503,100.0
18.128740,-0.455592294002,-0.626247656654,-0.149179631622,1.1401312206,0.456359284396,-0.647339892488,-1.47875747952,95.6591644287,0.631233094215,-0.103927198379,-0.133456328546,1.65094682296,0.741296215746,0.223194204637,0.720970970306,100.0
18.138742,-0.455975789199,-0.626631151851,-0.150330117213,1.1401312206,0.455975789199,-0.646956397291,-1.47952446992,95.6591644287,0.632000084609,-0.103543703182,-0.133456328546,1.65133031816,0.74206320614,0.22281070944,0.721354465503,100.0
18.148744,-0.455592294002,-0.627398142245,-0.150330117213,1.1393642302,0.456359284396,-0.647339892488,-1.47914097472,95.6591644287,0.632000084609,-0.103927198379,-0.133072833349,1.65133031816,0.742446701337,0.223194204637,0.7217379607,100.0
18.158741,-0.455208798805,-0.627014647048,-0.149179631622,1.1401312206,0.455208798805,-0.647723387685,-1.47990796511,95.6591644287,0.631233094215,-0.103927198379,-0.133456328546,1.65133031816,0.742446701337,0.223961195031,0.7217379607,100.0
18.168741,-0.454825303608,-0.628165132639,-0.150330117213,1.1397477254,0.455592294002,-0.647723387685,-1.47952446992,95.6591644287,0.630466103821,-0.104310693576,-0.133072833349,1.65094682296,0.741679710943,0.223194204637,0.720970970306,100.0
18.178738,-0.455592294002,-0.627398142245,-0.149946622016,1.1393642302,0.456742779593,-0.647723387685,-1.47990796511,95.6591644287,0.631616589412,-0.103927198379,-0.132689338152,1.65094682296,0.74206320614,0.223194204637,0.722121455897,100.0
18.188762,-0.455208798805,-0.628165132639,-0.149946622016,1.13859723981,0.455592294002,-0.647339892488,-1.47914097472,95.6591644287,0.630849599018,-0.104310693576,-0.132305842955,1.65094682296,0.741679710943,0.223577699834,0.721354465503,100.0
18.198739,-0.455975789199,-0.62931561823,-0.150330117213,1.1393642302,0.455592294002,-0.648490378079,-1.47875747952,95.6591644287,0.632000084609,-0.104310693576,-0.133456328546,1.65056332776,0.742446701337,0.223194204637,0.721354465503,100.0
18.208736,-0.456742779593,-0.628932123033,-0.149179631622,1.138980735,0.455592294002,-0.648106882882,-1.47875747952,95.6591644287,0.632000084609,-0.103927198379,-0.132689338152,1.65133031816,0.741296215746,0.22281070944,0.722121455897,100.0
18.218739,-0.455208798805,-0.62931561823,-0.150330117213,1.13821374461,0.455975789199,-0.648490378079,-1.47914097472,95.6591644287,0.631233094215,-0.104310693576,-0.133072833349,1.65171381336,0.741679710943,0.22281070944,0.721354465503,100.0
18.228737,-0.456359284396,-0.629699113427,-0.149946622016,1.13821374461,0.455975789199,-0.649257368473,-1.47990796511,95.6591644287,0.632767075003,-0.104694188773,-0.132305842955,1.65056332776,0.741679710943,0.22281070944,0.721354465503,100.0
18.238744,-0.455975789199,-0.629699113427,-0.149563126819,1.13744675422,0.455592294002,-0.649257368473,-1.47914097472,95.6591644287,0.631616589412,-0.104310693576,-0.133456328546,1.65094682296,0.741679710943,0.22281070944,0.721354465503,100.0
18.248735,-0.455975789199,-0.631233094215,-0.149946622016,1.13744675422,0.456359284396,-0.649257368473,-1.47952446992,95.6591644287,0.632383579806,-0.104694188773,-0.133072833349,1.65017983257,0.74206320614,0.22281070944,0.721354465503,100.0
18.258737,-0.456359284396,-0.632000084609,-0.149946622016,1.13744675422,0.456359284396,-0.649257368473,-1.47952446992,95.6591644287,0.631233094215,-0.10507768397,-0.132689338152,1.65094682296,0.741296215746,0.223577699834,0.721354465503,100.0
18.268737,-0.455975789199,-0.631233094215,-0.149179631622,1.13591277343,0.455975789199,-0.650407854063,-1.47875747952,95.6591644287,0.632383579806,-0.104310693576,-0.133072833349,1.65133031816,0.74206320614,0.223577699834,0.721354465503,100.0
18.278739,-0.456359284396,-0.632000084609,-0.15071361241,1.13667976382,0.455975789199,-0.650024358866,-1.47952446992,95.6591644287,0.632383579806,-0.104310693576,-0.132689338152,1.65133031816,0.741679710943,0.223961195031,0.720970970306,100.0
18.288740,-0.456359284396,-0.632383579806,-0.149946622016,1.13591277343,0.456359284396,-0.650407854063,-1.47952446992,95.6591644287,0.631616589412,-0.103160207985,-0.133072833349,1.65094682296,0.741679710943,0.223194204637,0.721354465503,100.0
18.298736,-0.456359284396,-0.633534065397,-0.15071361241,1.13552927823,0.456359284396,-0.650024358866,-1.47875747952,95.6591644287,0.632767075003,-0.104310693576,-0.133072833349,1.65056332776,0.741296215746,0.22281070944,0.720587475109,100.0
18.308738,-0.456359284396,-0.632000084609,-0.150330117213,1.13552927823,0.455975789199,-0.650024358866,-1.47722349873,95.6591644287,0.631616589412,-0.103927198379,-0.133072833349,1.64979633737,0.74206320614,0.223194204637,0.7217379607,100.0
18.318739,-0.456742779593,-0.6331505702,-0.149946622016,1.13476228784,0.456359284396,-0.65079134926,-1.47837398432,95.6591644287,0.632000084609,-0.104310693576,-0.132305842955,1.65094682296,0.74206320614,0.223577699834,0.721354465503,100.0
18.328739,-0.456359284396,-0.633534065397,-0.149563126819,1.13437879264,0.456359284396,-0.651941834851,-1.47837398432,95.6591644287,0.630849599018,-0.104694188773,-0.132305842955,1.65056332776,0.742446701337,0.223194204637,0.721354465503,100.0
18.338741,-0.45712627479,-0.633534065397,-0.149946622016,1.13476228784,0.455592294002,-0.651941834851,-1.47875747952,95.6591644287,0.630849599018,-0.104694188773,-0.133072833349,1.65133031816,0.742446701337,0.223577699834,0.720970970306,100.0
18.348737,-0.456742779593,-0.635068046185,-0.149563126819,1.13437879264,0.456359284396,-0.652325330048,-1.47799048913,95.6591644287,0.631233094215,-0.103927198379,-0.132689338152,1.65133031816,0.741679710943,0.22281070944,0.7217379607,100.0
18.358758,-0.457893265184,-0.635068046185,-0.151097107607,1.13399529744,0.456359284396,-0.652708825245,-1.47837398432,95.6591644287,0.631616589412,-0.104694188773,-0.132689338152,1.65171381336,0.74206320614,0.223194204637,0.7217379607,100.0
18.368745,-0.45712627479,-0.635835036579,-0.150330117213,1.13361180225,0.456742779593,-0.654242806033,-1.47799048913,95.6591644287,0.631616589412,-0.103927198379,-0.132689338152,1.65017983257,0.74206320614,0.223577699834,0.7217379607,100.0
18.378740,-0.457509769987,-0.636985522169,-0.151480602804,1.13284481185,0.456742779593,-0.65462630123,-1.47837398432,95.6591644287,0.631616589412,-0.104694188773,-0.132689338152,1.65133031816,0.74206320614,0.22281070944,0.721354465503,100.0
18.388742,-0.457509769987,-0.636602026972,-0.151097107607,1.13207782146,0.45712627479,-0.65462630123,-1.47799048913,95.6591644287,0.632000084609,-0.103543703182,-0.133072833349,1.65017983257,0.742446701337,0.22281070944,0.720970970306,100.0
18.398738,-0.457509769987,-0.637752512563,-0.151480602804,1.13207782146,0.457509769987,-0.655393291624,-1.47875747952,95.6591644287,0.631233094215,-0.104310693576,-0.133072833349,1.64979633737,0.74206320614,0.223577699834,0.721354465503,100.0
18.408741,-0.457509769987,-0.637752512563,-0.151480602804,1.13207782146,0.457509769987,-0.655393291624,-1.47837398432,95.6591644287,0.631616589412,-0.104310693576,-0.132689338152,1.65094682296,0.741679710943,0.22281070944,0.720970970306,100.0
18.418739,-0.457509769987,-0.638902998154,-0.151864098001,1.13092733587,0.457509769987,-0.656160282018,-1.47875747952,95.6591644287,0.631616589412,-0.103543703182,-0.132689338152,1.65133031816,0.74206320614,0.223194204637,0.7217379607,100.0
18.428739,-0.457893265184,-0.640436978942,-0.15071361241,1.13054384067,0.45712627479,-0.655393291624,-1.47914097472,95.6591644287,0.631233094215,-0.104310693576,-0.132689338152,1.65133031816,0.741679710943,0.223577699834,0.721354465503,100.0
18.438742,-0.458660255578,-0.640436978942,-0.151097107607,1.13092733587,0.457509769987,-0.655776786821,-1.47837398432,95.6591644287,0.631233094215,-0.104694188773,-0.133072833349,1.65094682296,0.74206320614,0.22281070944,0.720970970306,100.0
18.448741,-0.458276760381,-0.640436978942,-0.151097107607,1.13016034547,0.457509769987,-0.656160282018,-1.47837398432,95.6591644287,0.631233094215,-0.103543703182,-0.133072833349,1.65133031816,0.74206320614,0.223194204637,0.7217379607,100.0
18.458738,-0.458276760381,-0.641203969336,-0.151480602804,1.12900985988,0.457509769987,-0.656927272412,-1.47837398432,95.6591644287,0.631616589412,-0.103927198379,-0.132689338152,1.65133031816,0.741679710943,0.223577699834,0.720970970306,100.0
18.468739,-0.459810741169,-0.641587464533,-0.151864098001,1.12824286949,0.456742779593,-0.655776786821,-1.47914097472,95.6591644287,0.631616589412,-0.103927198379,-0.133072833349,1.65056332776,0.741679710943,0.223194204637,0.721354465503,100.0
18.478737,-0.458276760381,-0.643121445321,-0.149946622016,1.1267088887,0.457509769987,-0.655776786821,-1.47837398432,95.6591644287,0.630849599018,-0.103543703182,-0.131922347758,1.65171381336,0.741679710943,0.223961195031,0.721354465503,100.0
18.488739,-0.459427245972,-0.643121445321,-0.152247593198,1.1267088887,0.45712627479,-0.655776786821,-1.47875747952,95.6591644287,0.631233094215,-0.103160207985,-0.133839823743,1.65094682296,0.74206320614,0.223194204637,0.721354465503,100.0
18.498740,-0.458660255578,-0.643888435715,-0.151480602804,1.1263253935,0.457509769987,-0.656543777215,-1.47914097472,95.6591644287,0.631233094215,-0.103927198379,-0.133072833349,1.65056332776,0.742446701337,0.223194204637,0.720587475109,100.0
18.508743,-0.459427245972,-0.644271930912,-0.152247593198,1.12555840311,0.458660255578,-0.656543777215,-1.47914097472,95.6591644287,0.631233094215,-0.103927198379,-0.132305842955,1.65133031816,0.740912720549,0.223577699834,0.7217379607,100.0
18.518738,-0.460577731563,-0.644655426109,-0.151864098001,1.12517490791,0.45712627479,-0.656543777215,-1.47914097472,95.6591644287,0.631616589412,-0.104310693576,-0.133072833349,1.65056332776,0.742446701337,0.223194204637,0.7217379607,100.0
18.528738,-0.459810741169,-0.644271930912,-0.151480602804,1.12517490791,0.45712627479,-0.656160282018,-1.47914097472,95.6591644287,0.631233094215,-0.103927198379,-0.132689338152,1.65133031816,0.74206320614,0.223961195031,0.721354465503,100.0
18.538763,-0.459810741169,-0.6458059117,-0.152631088395,1.12325743193,0.456742779593,-0.656160282018,-1.47875747952,95.6591644287,0.631616589412,-0.103927198379,-0.13422331894,1.65094682296,0.741679710943,0.223577699834,0.722121455897,100.0
18.548737,-0.459427245972,-0.646956397291,-0.153014583592,1.12364092713,0.456742779593,-0.655009796427,-1.47914097472,95.6591644287,0.631233094215,-0.104310693576,-0.13422331894,1.65056332776,0.74206320614,0.22281070944,0.720587475109,100.0
18.558741,-0.460577731563,-0.646189406897,-0.152247593198,1.12249044154,0.45712627479,-0.655776786821,-1.47875747952,95.6591644287,0.631616589412,-0.104694188773,-0.133072833349,1.65094682296,0.74206320614,0.223577699834,0.721354465503,100.0
18.568737,-0.460577731563,-0.646956397291,-0.151480602804,1.12172345114,0.456742779593,-0.655393291624,-1.47914097472,95.6591644287,0.631616589412,-0.104310693576,-0.132305842955,1.65171381336,0.74206320614,0.22281070944,0.721354465503,100.0
18.578739,-0.461344721957,-0.648106882882,-0.152247593198,1.12249044154,0.45712627479,-0.656927272412,-1.47875747952,95.6591644287,0.632383579806,-0.104310693576,-0.132689338152,1.65056332776,0.741296215746,0.222427214243,0.721354465503,100.0
18.588664,-0.461728217154,-0.647339892488,-0.151480602804,1.12210694634,0.456359284396,-0.656543777215,-1.47914097472,95.6591644287,0.631233094215,-0.104694188773,-0.132689338152,1.65133031816,0.741679710943,0.223194204637,0.721354465503,100.0
18.598652,-0.460194236366,-0.648873873276,-0.151097107607,1.12095646075,0.456359284396,-0.655776786821,-1.47875747952,95.6591644287,0.630849599018,-0.103927198379,-0.133072833349,1.65094682296,0.74206320614,0.22281070944,0.721354465503,100.0
18.608650,-0.460577731563,-0.648873873276,-0.152247593198,1.12095646075,0.456742779593,-0.656543777215,-1.47837398432,95.6591644287,0.631616589412,-0.103927198379,-0.133072833349,1.65017983257,0.74206320614,0.223194204637,0.7217379607,100.0
18.618649,-0.461728217154,-0.648873873276,-0.152631088395,1.12057296555,0.456359284396,-0.656160282018,-1.47875747952,95.6591644287,0.631616589412,-0.104694188773,-0.132305842955,1.65094682296,0.741679710943,0.223577699834,0.721354465503,100.0
18.628738,-0.46096122676,-0.65079134926,-0.153398078789,1.11980597516,0.45712627479,-0.655393291624,-1.47952446992,95.6591644287,0.631233094215,-0.104310693576,-0.132689338152,1.65094682296,0.742446701337,0.223194204637,0.722121455897,100.0
18.638745,-0.461344721957,-0.651174844457,-0.152247593198,1.11980597516,0.457509769987,-0.655776786821,-1.47914097472,95.6591644287,0.630849599018,-0.103543703182,-0.133072833349,1.65017983257,0.741679710943,0.223577699834,0.7217379607,100.0
18.648744,-0.46211171235,-0.651174844457,-0.153398078789,1.11942247996,0.45712627479,-0.656543777215,-1.47914097472,95.6591644287,0.631233094215,-0.103927198379,-0.133456328546,1.65133031816,0.742446701337,0.223194204637,0.720970970306,100.0
18.658741,-0.46211171235,-0.650407854063,-0.154165069182,1.11980597516,0.456742779593,-0.656160282018,-1.47914097472,95.6591644287,0.632000084609,-0.104694188773,-0.133072833349,1.65094682296,0.741679710943,0.223194204637,0.7217379607,100.0
18.668744,-0.461344721957,-0.652325330048,-0.153014583592,1.11942247996,0.456742779593,-0.656927272412,-1.47837398432,95.6591644287,0.631616589412,-0.104310693576,-0.132689338152,1.65094682296,0.741296215746,0.223194204637,0.720970970306,100.0
18.678742,-0.46211171235,-0.652325330048,-0.153398078789,1.11903898476,0.456742779593,-0.657310767609,-1.47914097472,95.6591644287,0.630466103821,-0.103927198379,-0.133072833349,1.65056332776,0.741679710943,0.22281070944,0.720970970306,100.0
18.688740,-0.46211171235,-0.652708825245,-0.154165069182,1.11903898476,0.45712627479,-0.656927272412,-1.47875747952,95.6591644287,0.631233094215,-0.103927198379,-0.133456328546,1.65017983257,0.74206320614,0.223194204637,0.721354465503,100.0
18.698743,-0.463262197941,-0.653092320442,-0.153781573986,1.11865548957,0.45712627479,-0.657310767609,-1.47875747952,95.6591644287,0.631233094215,-0.104694188773,-0.133072833349,1.65094682296,0.74206320614,0.223194204637,0.721354465503,100.0
18.708744,-0.463645693138,-0.653475815639,-0.153398078789,1.11827199437,0.456742779593,-0.656160282018,-1.47914097472,95.6591644287,0.630849599018,-0.103927198379,-0.133072833349,1.65017983257,0.74206320614,0.22281070944,0.722121455897,100.0
18.718737,-0.463645693138,-0.653859310836,-0.154165069182,1.11788849917,0.456359284396,-0.656160282018,-1.47837398432,95.6591644287,0.632383579806,-0.104310693576,-0.133072833349,1.65094682296,0.74206320614,0.223577699834,0.722121455897,100.0
18.728734,-0.463645693138,-0.65462630123,-0.153781573986,1.11750500397,0.456359284396,-0.656543777215,-1.47875747952,95.6591644287,0.632000084609,-0.103927198379,-0.133072833349,1.65017983257,0.74206320614,0.22281070944,0.721354465503,100.0
18.738743,-0.464796178729,-0.654242806033,-0.153398078789,1.11788849917,0.456742779593,-0.657310767609,-1.47875747952,95.6591644287,0.631233094215,-0.104694188773,-0.133072833349,1.65094682296,0.74206320614,0.22281070944,0.722121455897,100.0
18.748740,-0.463645693138,-0.65462630123,-0.154548564379,1.11788849917,0.456359284396,-0.6584612532,-1.47875747952,95.6591644287,0.631616589412,-0.103927198379,-0.132689338152,1.65056332776,0.74206320614,0.222043719046,0.721354465503,100.0
18.758739,-0.464796178729,-0.656160282018,-0.154165069182,1.11827199437,0.45712627479,-0.659228243594,-1.47914097472,95.6591644287,0.630849599018,-0.104310693576,-0.132689338152,1.65056332776,0.741679710943,0.22281070944,0.721354465503,100.0
18.768743,-0.464029188335,-0.655776786821,-0.153781573986,1.11635451838,0.457509769987,-0.659228243594,-1.47875747952,95.6591644287,0.631616589412,-0.104310693576,-0.133072833349,1.64979633737,0.741679710943,0.223577699834,0.720970970306,100.0
18.778741,-0.464796178729,-0.655393291624,-0.153014583592,1.11635451838,0.456742779593,-0.659228243594,-1.47914097472,95.6591644287,0.630849599018,-0.103927198379,-0.133072833349,1.65094682296,0.74206320614,0.223577699834,0.721354465503,100.0
18.788741,-0.464412683532,-0.656543777215,-0.154548564379,1.11635451838,0.457509769987,-0.659995233988,-1.47875747952,95.6591644287,0.630849599018,-0.103927198379,-0.133456328546,1.65056332776,0.74206320614,0.22281070944,0.7217379607,100.0
18.798753,-0.465563169123,-0.6584612532,-0.155315554773,1.11712150878,0.457509769987,-0.659611738791,-1.47875747952,95.6591644287,0.631233094215,-0.103543703182,-0.133072833349,1.65056332776,0.741296215746,0.223577699834,0.721354465503,100.0
18.808731,-0.465179673926,-0.659228243594,-0.15569904997,1.11558752799,0.457509769987,-0.660762224382,-1.47837398432,95.6591644287,0.631233094215,-0.104694188773,-0.133072833349,1.65017983257,0.741296215746,0.222043719046,0.720587475109,100.0
18.818728,-0.465563169123,-0.658844748397,-0.156082545167,1.11597102319,0.45712627479,-0.661145719579,-1.47952446992,95.6591644287,0.630849599018,-0.104310693576,-0.133072833349,1.65056332776,0.74206320614,0.223577699834,0.721354465503,100.0
18.828733,-0.465179673926,-0.660378729185,-0.156466040364,1.1148205376,0.457893265184,-0.659995233988,-1.47914097472,95.6591644287,0.631233094215,-0.103543703182,-0.132689338152,1.65017983257,0.740912720549,0.223194204637,0.721354465503,100.0
18.838730,-0.46594666432,-0.660762224382,-0.156466040364,1.1140535472,0.456742779593,-0.661912709973,-1.47837398432,95.6591644287,0.630849599018,-0.10507768397,-0.131922347758,1.64941284217,0.741296215746,0.223577699834,0.7217379607,100.0
18.848731,-0.46594666432,-0.660378729185,-0.156082545167,1.1140535472,0.45712627479,-0.661529214776,-1.47914097472,95.6591644287,0.632000084609,-0.104694188773,-0.132689338152,1.65056332776,0.741679710943,0.223194204637,0.720587475109,100.0
18.858745,-0.466713654714,-0.661912709973,-0.156849535561,1.1140535472,0.457509769987,-0.661912709973,-1.47952446992,95.6591644287,0.630849599018,-0.104694188773,-0.132305842955,1.65133031816,0.741296215746,0.222427214243,0.722121455897,100.0
18.868752,-0.466713654714,-0.662679700366,-0.158000021152,1.113670052,0.456742779593,-0.661912709973,-1.47914097472,95.6591644287,0.631233094215,-0.104694188773,-0.133072833349,1.65094682296,0.741679710943,0.22281070944,0.7217379607,100.0
18.878796,-0.467864140305,-0.663063195563,-0.156849535561,1.113670052,0.457509769987,-0.66229620517,-1.47875747952,95.6591644287,0.632383579806,-0.104310693576,-0.132689338152,1.65017983257,0.742446701337,0.223194204637,0.721354465503,100.0
18.888755,-0.467097149911,-0.66229620517,-0.158383516349,1.11251956641,0.456742779593,-0.66229620517,-1.47914097472,95.6591644287,0.632000084609,-0.104694188773,-0.133072833349,1.65056332776,0.74206320614,0.223577699834,0.721354465503,100.0
18.898744,-0.467864140305,-0.663830185957,-0.158383516349,1.11213607122,0.456742779593,-0.66229620517,-1.47952446992,95.6591644287,0.632383579806,-0.104310693576,-0.132689338152,1.65094682296,0.741679710943,0.223961195031,0.721354465503,100.0
18.908729,-0.468247635502,-0.664980671548,-0.158767011546,1.11175257602,0.456742779593,-0.663063195563,-1.47952446992,95.6591644287,0.632000084609,-0.103927198379,-0.132305842955,1.65056332776,0.741296215746,0.22281070944,0.720970970306,100.0
18.918733,-0.468247635502,-0.666131157139,-0.158767011546,1.11175257602,0.45712627479,-0.66344669076,-1.47914097472,95.6591644287,0.632000084609,-0.103927198379,-0.133839823743,1.65056332776,0.741679710943,0.223577699834,0.720970970306,100.0
18.928756,-0.468631130699,-0.666514652336,-0.158383516349,1.11136908082,0.45712627479,-0.664213681154,-1.47990796511,95.6591644287,0.631616589412,-0.103927198379,-0.132689338152,1.65056332776,0.74206320614,0.223577699834,0.721354465503,100.0
18.938735,-0.468247635502,-0.666514652336,-0.159150506743,1.11136908082,0.45712627479,-0.663830185957,-1.47875747952,95.6591644287,0.631233094215,-0.103927198379,-0.132689338152,1.65133031816,0.74206320614,0.223194204637,0.720970970306,100.0
18.948749,-0.469398121093,-0.666514652336,-0.15953400194,1.11136908082,0.456359284396,-0.664213681154,-1.47952446992,95.6591644287,0.631233094215,-0.104694188773,-0.133839823743,1.65056332776,0.741679710943,0.223194204637,0.721354465503,100.0
18.958752,-0.46978161629,-0.66728164273,-0.159917497137,1.11060209043,0.45712627479,-0.663830185957,-1.47952446992,95.6591644287,0.632383579806,-0.104310693576,-0.132305842955,1.65056332776,0.741679710943,0.22281070944,0.721354465503,100.0
18.968730,-0.470548606684,-0.668432128321,-0.159917497137,1.11136908082,0.456742779593,-0.665364166745,-1.47952446992,95.6591644287,0.631616589412,-0.104310693576,-0.133072833349,1.65017983257,0.74206320614,0.223961195031,0.721354465503,100.0
18.978747,-0.46978161629,-0.669582613912,-0.160684487531,1.11060209043,0.457893265184,-0.665364166745,-1.47952446992,95.6591644287,0.631616589412,-0.104694188773,-0.133072833349,1.65017983257,0.74206320614,0.223577699834,0.721354465503,100.0
18.988746,-0.471699092275,-0.669966109109,-0.160684487531,1.11060209043,0.45712627479,-0.666898147533,-1.47952446992,95.6591644287,0.631233094215,-0.104310693576,-0.132305842955,1.65017983257,0.741679710943,0.223194204637,0.7217379607,100.0
18.998742,-0.471699092275,-0.669966109109,-0.15953400194,1.11021859523,0.45712627479,-0.668048633124,-1.47990796511,95.6591644287,0.632000084609,-0.104694188773,-0.132689338152,1.65056332776,0.741296215746,0.223577699834,0.721354465503,100.0
19.008728,-0.471699092275,-0.6711165947,-0.161834973122,1.10983510004,0.45712627479,-0.670349604306,-1.48067495551,95.6591644287,0.631616589412,-0.103927198379,-0.133456328546,1.65094682296,0.741679710943,0.223194204637,0.7217379607,100.0
19.018733,-0.472849577866,-0.671500089897,-0.160684487531,1.10983510004,0.456742779593,-0.671883585094,-1.47990796511,95.6591644287,0.630082608624,-0.103927198379,-0.133072833349,1.65017983257,0.741679710943,0.22281070944,0.721354465503,100.0
19.028728,-0.47361656826,-0.670349604306,-0.162601963516,1.11060209043,0.456742779593,-0.674184556276,-1.47990796511,95.6591644287,0.631616589412,-0.103543703182,-0.133456328546,1.65056332776,0.742446701337,0.223194204637,0.7217379607,100.0
19.038730,-0.473233073063,-0.671883585094,-0.162218468319,1.10983510004,0.457509769987,-0.674184556276,-1.48029146031,95.6591644287,0.630082608624,-0.104694188773,-0.132305842955,1.65017983257,0.74206320614,0.223194204637,0.720970970306,100.0
19.048744,-0.474000063457,-0.672267080291,-0.162601963516,1.10983510004,0.456742779593,-0.675335041867,-1.4810584507,95.6591644287,0.630849599018,-0.104310693576,-0.132689338152,1.65171381336,0.741679710943,0.223194204637,0.720587475109,100.0
19.058726,-0.474767053851,-0.673801061079,-0.161834973122,1.10945160484,0.45712627479,-0.67610203226,-1.48067495551,95.6591644287,0.632000084609,-0.103543703182,-0.132689338152,1.65017983257,0.74206320614,0.223577699834,0.7217379607,100.0
19.068727,-0.475150549048,-0.673417565882,-0.164135944304,1.10906810964,0.45712627479,-0.676485527457,-1.48029146031,95.6591644287,0.631233094215,-0.103927198379,-0.132689338152,1.65017983257,0.74206320614,0.223961195031,0.7217379607,100.0
19.078730,-0.475534044244,-0.673034070685,-0.163752449107,1.10868461444,0.457509769987,-0.67610203226,-1.48029146031,95.6591644287,0.632000084609,-0.103927198379,-0.133456328546,1.65056332776,0.741679710943,0.223194204637,0.720970970306,100.0
19.088733,-0.475534044244,-0.67495154667,-0.164519439501,1.10906810964,0.457509769987,-0.675718537064,-1.47990796511,95.6591644287,0.632000084609,-0.103160207985,-0.133072833349,1.65094682296,0.741296215746,0.22281070944,0.720970970306,100.0
19.098725,-0.476301034638,-0.67610203226,-0.164135944304,1.10906810964,0.456359284396,-0.675335041867,-1.48067495551,95.6591644287,0.631233094215,-0.103927198379,-0.132689338152,1.65017983257,0.741679710943,0.223194204637,0.720970970306,100.0
19.108725,-0.477835015426,-0.67610203226,-0.164519439501,1.10868461444,0.456742779593,-0.674568051473,-1.4810584507,95.6591644287,0.631616589412,-0.104310693576,-0.133072833349,1.65056332776,0.741296215746,0.22281070944,0.721354465503,100.0
19.118733,-0.478218510623,-0.677252517851,-0.165286429895,1.10868461444,0.456359284396,-0.674184556276,-1.4810584507,95.6591644287,0.630849599018,-0.103543703182,-0.133072833349,1.65056332776,0.742446701337,0.223577699834,0.721354465503,100.0
19.128729,-0.478985501017,-0.677252517851,-0.165669925092,1.10868461444,0.457509769987,-0.674184556276,-1.4814419459,95.6591644287,0.630849599018,-0.103543703182,-0.133072833349,1.65133031816,0.742446701337,0.22281070944,0.720970970306,100.0
19.138724,-0.47860200582,-0.678019508245,-0.164902934698,1.10830111925,0.45712627479,-0.673034070685,-1.48067495551,95.6591644287,0.631616589412,-0.103927198379,-0.133456328546,1.65056332776,0.741679710943,0.223194204637,0.720970970306,100.0
19.148724,-0.479368996214,-0.678786498639,-0.166820410683,1.10830111925,0.456742779593,-0.671883585094,-1.48067495551,95.6591644287,0.631616589412,-0.104694188773,-0.132689338152,1.65056332776,0.741679710943,0.223194204637,0.7217379607,100.0
19.158745,-0.479752491411,-0.677636013048,-0.16720390588,1.10830111925,0.456742779593,-0.6711165947,-1.48067495551,95.6591644287,0.630849599018,-0.103927198379,-0.132689338152,1.65133031816,0.742446701337,0.223194204637,0.722121455897,100.0
19.168762,-0.479752491411,-0.679553489033,-0.166820410683,1.10830111925,0.456742779593,-0.670349604306,-1.48067495551,95.6591644287,0.631233094215,-0.104694188773,-0.133072833349,1.65056332776,0.741679710943,0.223961195031,0.720970970306,100.0
19.178735,-0.481669967396,-0.679553489033,-0.166053420289,1.10791762405,0.456742779593,-0.669582613912,-1.4810584507,95.6591644287,0.631233094215,-0.103927198379,-0.133072833349,1.65017983257,0.742446701337,0.22281070944,0.720970970306,100.0
19.188750,-0.482053462593,-0.678786498639,-0.167587401076,1.10715063366,0.45712627479,-0.668815623518,-1.4814419459,95.6591644287,0.631233094215,-0.103927198379,-0.133072833349,1.65056332776,0.741679710943,0.223577699834,0.720587475109,100.0
19.198751,-0.48243695779,-0.680320479427,-0.16835439147,1.10830111925,0.457893265184,-0.669582613912,-1.4810584507,95.6591644287,0.630466103821,-0.104310693576,-0.133456328546,1.65017983257,0.741679710943,0.222427214243,0.721354465503,100.0
19.208659,-0.483587443381,-0.680703974624,-0.166820410683,1.10868461444,0.456359284396,-0.669199118715,-1.4814419459,95.6591644287,0.631616589412,-0.104310693576,-0.133072833349,1.65056332776,0.741296215746,0.22281070944,0.7217379607,100.0
19.218654,-0.483203948184,-0.680320479427,-0.167970896273,1.10791762405,0.456742779593,-0.668815623518,-1.4814419459,95.6591644287,0.631233094215,-0.104694188773,-0.133456328546,1.65017983257,0.741296215746,0.223961195031,0.721354465503,100.0
19.228651,-0.483970938578,-0.681087469821,-0.167587401076,1.10868461444,0.456742779593,-0.668815623518,-1.4810584507,95.6591644287,0.631233094215,-0.104310693576,-0.132305842955,1.64941284217,0.74206320614,0.223194204637,0.721354465503,100.0
19.238649,-0.484737928972,-0.681087469821,-0.167970896273,1.10906810964,0.45712627479,-0.669966109109,-1.4818254411,95.6591644287,0.632000084609,-0.104694188773,-0.131922347758,1.65017983257,0.741679710943,0.22281070944,0.720203979912,100.0
19.248653,-0.485504919366,-0.682237955412,-0.16835439147,1.10906810964,0.45712627479,-0.669582613912,-1.48259243149,95.6591644287,0.632000084609,-0.104310693576,-0.133072833349,1.65056332776,0.74206320614,0.22281070944,0.7217379607,100.0
19.258652,-0.485888414563,-0.680703974624,-0.168737886667,1.10868461444,0.457509769987,-0.669582613912,-1.4814419459,95.6591644287,0.631616589412,-0.104310693576,-0.132689338152,1.65056332776,0.741679710943,0.223577699834,0.720970970306,100.0
19.268653,-0.48627190976,-0.681087469821,-0.16835439147,1.10906810964,0.457509769987,-0.669582613912,-1.48259243149,95.6591644287,0.631616589412,-0.104694188773,-0.133072833349,1.65133031816,0.74206320614,0.22281070944,0.721354465503,100.0
19.278650,-0.487038900154,-0.681087469821,-0.16835439147,1.10830111925,0.45712627479,-0.669966109109,-1.48297592669,95.6591644287,0.631616589412,-0.103927198379,-0.133072833349,1.65094682296,0.741679710943,0.223961195031,0.7217379607,100.0
19.288677,-0.487038900154,-0.681087469821,-0.169504877061,1.10906810964,0.45712627479,-0.669199118715,-1.48374291708,95.6591644287,0.631233094215,-0.103543703182,-0.133072833349,1.65133031816,0.74206320614,0.223194204637,0.720970970306,100.0
19.298658,-0.487805890548,-0.681854460215,-0.169888372258,1.10983510004,0.45712627479,-0.669199118715,-1.48335942189,95.6591644287,0.631616589412,-0.104310693576,-0.133456328546,1.65017983257,0.741679710943,0.223577699834,0.721354465503,100.0
19.308661,-0.488189385745,-0.681087469821,-0.169888372258,1.10983510004,0.457509769987,-0.669582613912,-1.48297592669,95.6591644287,0.631233094215,-0.104310693576,-0.133072833349,1.64979633737,0.741296215746,0.22281070944,0.720587475109,100.0
19.318652,-0.488572880942,-0.680320479427,-0.170655362652,1.10906810964,0.457509769987,-0.669966109109,-1.48335942189,95.6591644287,0.631233094215,-0.103927198379,-0.132305842955,1.65094682296,0.74206320614,0.223577699834,0.720970970306,100.0
19.328653,-0.489339871335,-0.680320479427,-0.170271867455,1.10945160484,0.457509769987,-0.669582613912,-1.48297592669,95.6591644287,0.631233094215,-0.103927198379,-0.132689338152,1.65017983257,0.741679710943,0.223194204637,0.7217379607,100.0
19.338651,-0.488956376138,-0.67993698423,-0.169504877061,1.10830111925,0.45712627479,-0.669582613912,-1.48297592669,95.6591644287,0.632767075003,-0.103543703182,-0.132689338152,1.64979633737,0.741679710943,0.223194204637,0.7217379607,100.0
19.348655,-0.490106861729,-0.681087469821,-0.170655362652,1.10945160484,0.457509769987,-0.669966109109,-1.48335942189,95.6591644287,0.632000084609,-0.104694188773,-0.132305842955,1.65133031816,0.74206320614,0.223577699834,0.720970970306,100.0
19.358659,-0.49125734732,-0.679169993836,-0.169121381864,1.10945160484,0.457509769987,-0.669199118715,-1.48297592669,95.6591644287,0.631233094215,-0.104694188773,-0.133456328546,1.65017983257,0.74206320614,0.223577699834,0.720970970306,100.0
19.368656,-0.49125734732,-0.679553489033,-0.171038857849,1.10945160484,0.458276760381,-0.669582613912,-1.48297592669,95.6591644287,0.631233094215,-0.104694188773,-0.133072833349,1.65056332776,0.741296215746,0.222427214243,0.720970970306,100.0
19.378653,-0.49125734732,-0.67993698423,-0.171422353046,1.10906810964,0.458276760381,-0.669582613912,-1.48335942189,95.6591644287,0.632000084609,-0.104694188773,-0.133072833349,1.64941284217,0.741679710943,0.222427214243,0.722121455897,100.0
19.388649,-0.492024337714,-0.67993698423,-0.170655362652,1.10906810964,0.459043750775,-0.668815623518,-1.48335942189,95.6591644287,0.630849599018,-0.103927198379,-0.133072833349,1.64979633737,0.741296215746,0.22281070944,0.721354465503,100.0
19.398650,-0.492024337714,-0.67993698423,-0.170655362652,1.10945160484,0.459043750775,-0.668432128321,-1.48259243149,95.6591644287,0.631616589412,-0.104694188773,-0.133072833349,1.65094682296,0.74206320614,0.222427214243,0.7217379607,100.0
19.408705,-0.492791328108,-0.679553489033,-0.17218934344,1.10945160484,0.459043750775,-0.669582613912,-1.48297592669,95.6591644287,0.631616589412,-0.103927198379,-0.133456328546,1.65056332776,0.74206320614,0.22281070944,0.7217379607,100.0
19.418655,-0.492791328108,-0.67993698423,-0.172572838637,1.11021859523,0.459427245972,-0.669199118715,-1.48335942189,95.6591644287,0.631233094215,-0.104694188773,-0.133456328546,1.65094682296,0.74206320614,0.223194204637,0.720970970306,100.0
19.428652,-0.494325308896,-0.679169993836,-0.17218934344,1.11098558563,0.460194236366,-0.669199118715,-1.48335942189,95.6591644287,0.630849599018,-0.103927198379,-0.133072833349,1.65094682296,0.741296215746,0.222427214243,0.721354465503,100.0
19.438649,-0.493941813699,-0.678786498639,-0.173339829031,1.11136908082,0.461344721957,-0.668432128321,-1.48259243149,95.6591644287,0.631616589412,-0.104310693576,-0.132689338152,1.65094682296,0.741679710943,0.222427214243,0.721354465503,100.0
19.448748,-0.495475794487,-0.678786498639,-0.171805848243,1.11175257602,0.461728217154,-0.667665137927,-1.48297592669,95.6591644287,0.632000084609,-0.104310693576,-0.132689338152,1.65133031816,0.742446701337,0.223194204637,0.721354465503,100.0
19.458747,-0.49509229929,-0.678786498639,-0.172572838637,1.11175257602,0.462878702744,-0.668815623518,-1.48335942189,95.6591644287,0.632000084609,-0.104310693576,-0.133072833349,1.65171381336,0.742446701337,0.22281070944,0.721354465503,100.0
19.468739,-0.496626280078,-0.677252517851,-0.171805848243,1.11136908082,0.462878702744,-0.666898147533,-1.48259243149,95.6591644287,0.630849599018,-0.103543703182,-0.132689338152,1.65056332776,0.740912720549,0.223577699834,0.720970970306,100.0
19.478756,-0.496626280078,-0.677636013048,-0.171038857849,1.11213607122,0.463645693138,-0.666898147533,-1.48297592669,95.6591644287,0.630849599018,-0.103927198379,-0.133072833349,1.65171381336,0.742446701337,0.223961195031,0.7217379607,100.0
19.488661,-0.497776765669,-0.678019508245,-0.172572838637,1.11175257602,0.464029188335,-0.666131157139,-1.48259243149,95.6591644287,0.632000084609,-0.104310693576,-0.133839823743,1.65171381336,0.74206320614,0.223194204637,0.721354465503,100.0
19.498652,-0.499694241654,-0.677636013048,-0.17218934344,1.11175257602,0.463645693138,-0.666898147533,-1.48259243149,95.6591644287,0.631616589412,-0.104310693576,-0.133456328546,1.65133031816,0.741296215746,0.22281070944,0.721354465503,100.0
19.508654,-0.497776765669,-0.676485527457,-0.173339829031,1.11213607122,0.464029188335,-0.666131157139,-1.48374291708,95.6591644287,0.631233094215,-0.103927198379,-0.133456328546,1.65133031816,0.74206320614,0.223194204637,0.720970970306,100.0
19.518652,-0.499694241654,-0.675718537064,-0.17218934344,1.11251956641,0.464412683532,-0.665747661942,-1.48297592669,95.6591644287,0.632000084609,-0.104694188773,-0.133839823743,1.65056332776,0.742446701337,0.223577699834,0.721354465503,100.0
19.528655,-0.500077736851,-0.67610203226,-0.173339829031,1.113670052,0.464796178729,-0.666514652336,-1.48259243149,95.6591644287,0.632383579806,-0.103927198379,-0.133839823743,1.65056332776,0.74206320614,0.223194204637,0.722121455897,100.0
19.538655,-0.500461232048,-0.67610203226,-0.174106819425,1.113670052,0.464029188335,-0.664980671548,-1.48412641228,95.6591644287,0.632767075003,-0.104694188773,-0.133456328546,1.65171381336,0.742446701337,0.223577699834,0.720970970306,100.0
19.548655,-0.501228222442,-0.675718537064,-0.174873809819,1.1140535472,0.464029188335,-0.664597176351,-1.48335942189,95.6591644287,0.631616589412,-0.103543703182,-0.133072833349,1.65133031816,0.741296215746,0.223961195031,0.721354465503,100.0
19.558654,-0.500461232048,-0.67495154667,-0.174106819425,1.1148205376,0.464029188335,-0.664597176351,-1.48374291708,95.6591644287,0.632000084609,-0.104694188773,-0.133072833349,1.65171381336,0.74206320614,0.223961195031,0.720970970306,100.0
19.568650,-0.502762203229,-0.673801061079,-0.173723324228,1.11597102319,0.463645693138,-0.66344669076,-1.48412641228,95.6591644287,0.631233094215,-0.104310693576,-0.133072833349,1.65133031816,0.742446701337,0.223577699834,0.722121455897,100.0
19.578650,-0.503529193623,-0.673801061079,-0.173339829031,1.11673801358,0.463645693138,-0.663830185957,-1.48374291708,95.6591644287,0.631233094215,-0.104310693576,-0.133839823743,1.65171381336,0.74206320614,0.223194204637,0.720587475109,100.0
19.588650,-0.503529193623,-0.673034070685,-0.173723324228,1.11635451838,0.464029188335,-0.664213681154,-1.48335942189,95.6591644287,0.630466103821,-0.103927198379,-0.133072833349,1.65171381336,0.741679710943,0.223961195031,0.721354465503,100.0
19.598650,-0.503529193623,-0.672650575488,-0.174490314622,1.11712150878,0.463262197941,-0.664213681154,-1.48297592669,95.6591644287,0.632000084609,-0.104310693576,-0.133072833349,1.65171381336,0.741679710943,0.22281070944,0.7217379607,100.0
19.608650,-0.50391268882,-0.6711165947,-0.172956333834,1.11673801358,0.463645693138,-0.664980671548,-1.48335942189,95.6591644287,0.631233094215,-0.104694188773,-0.133839823743,1.65133031816,0.74206320614,0.223194204637,0.721354465503,100.0
19.618647,-0.504679679214,-0.671883585094,-0.174490314622,1.11827199437,0.464029188335,-0.664213681154,-1.48335942189,95.6591644287,0.630849599018,-0.103927198379,-0.133839823743,1.65094682296,0.74206320614,0.223577699834,0.720970970306,100.0
19.628676,-0.506213660002,-0.671883585094,-0.174873809819,1.11827199437,0.463262197941,-0.664597176351,-1.48297592669,95.6591644287,0.631233094215,-0.104694188773,-0.131922347758,1.65133031816,0.741296215746,0.223194204637,0.721354465503,100.0
19.638652,-0.506597155199,-0.671500089897,-0.174490314622,1.11903898476,0.463645693138,-0.663830185957,-1.48297592669,95.6591644287,0.631233094215,-0.103927198379,-0.133456328546,1.65133031816,0.74206320614,0.224344690228,0.720970970306,100.0
19.648657,-0.506597155199,-0.670349604306,-0.174490314622,1.11942247996,0.464412683532,-0.663830185957,-1.48412641228,95.6591644287,0.630849599018,-0.104310693576,-0.133456328546,1.65133031816,0.742446701337,0.223194204637,0.721354465503,100.0
19.658652,-0.507364145593,-0.669582613912,-0.174106819425,1.11865548957,0.464412683532,-0.66229620517,-1.48374291708,95.6591644287,0.631233094215,-0.104310693576,-0.133072833349,1.65133031816,0.741679710943,0.223194204637,0.720970970306,100.0
19.668677,-0.508131135987,-0.669966109109,-0.174490314622,1.11980597516,0.463645693138,-0.663063195563,-1.48297592669,95.6591644287,0.631233094215,-0.104310693576,-0.133072833349,1.65133031816,0.74206320614,0.22281070944,0.721354465503,100.0
19.678657,-0.508898126381,-0.668432128321,-0.174106819425,1.12018947035,0.463645693138,-0.663063195563,-1.48374291708,95.6591644287,0.631616589412,-0.103543703182,-0.133839823743,1.65094682296,0.742830196534,0.223577699834,0.7217379607,100.0
19.688654,-0.509281621578,-0.66728164273,-0.175640800213,1.12057296555,0.463262197941,-0.662679700366,-1.48335942189,95.6591644287,0.631616589412,-0.103543703182,-0.132689338152,1.65133031816,0.74206320614,0.223194204637,0.720970970306,100.0
19.698656,-0.510815602366,-0.666131157139,-0.174106819425,1.12095646075,0.464029188335,-0.663063195563,-1.48297592669,95.6591644287,0.632000084609,-0.104310693576,-0.133072833349,1.65133031816,0.74206320614,0.223194204637,0.720970970306,100.0
19.708677,-0.508898126381,-0.66728164273,-0.175640800213,1.12133995594,0.464796178729,-0.66229620517,-1.48335942189,95.6591644287,0.631233094215,-0.103927198379,-0.133072833349,1.65209730855,0.742446701337,0.223577699834,0.7217379607,100.0
19.718656,-0.510432107169,-0.666898147533,-0.174873809819,1.12210694634,0.464029188335,-0.661912709973,-1.48335942189,95.6591644287,0.630849599018,-0.103927198379,-0.132689338152,1.65171381336,0.741679710943,0.223194204637,0.721354465503,100.0
19.728653,-0.511199097563,-0.664980671548,-0.175640800213,1.12210694634,0.464796178729,-0.661529214776,-1.48412641228,95.6591644287,0.631233094215,-0.104310693576,-0.133072833349,1.65171381336,0.74206320614,0.223194204637,0.720970970306,100.0
19.738754,-0.512349583154,-0.665747661942,-0.175257305016,1.12364092713,0.464796178729,-0.660762224382,-1.48335942189,95.6591644287,0.632000084609,-0.104310693576,-0.133456328546,1.65286429895,0.74206320614,0.223961195031,0.7217379607,100.0
19.748752,-0.511966087957,-0.665364166745,-0.175640800213,1.12210694634,0.465179673926,-0.6584612532,-1.48297592669,95.6591644287,0.631233094215,-0.104310693576,-0.133072833349,1.65133031816,0.741679710943,0.22281070944,0.7217379607,100.0
19.758728,-0.513116573548,-0.665364166745,-0.175640800213,1.12325743193,0.465563169123,-0.657310767609,-1.48297592669,95.6591644287,0.632000084609,-0.104310693576,-0.132689338152,1.65056332776,0.741296215746,0.223577699834,0.720970970306,100.0
19.768739,-0.513116573548,-0.664213681154,-0.175257305016,1.12402442232,0.466330159517,-0.655009796427,-1.48335942189,95.6591644287,0.632383579806,-0.103927198379,-0.133456328546,1.65171381336,0.741679710943,0.223194204637,0.721354465503,100.0
19.778741,-0.513500068745,-0.663063195563,-0.174106819425,1.12517490791,0.466330159517,-0.653092320442,-1.48220893629,95.6591644287,0.631616589412,-0.104310693576,-0.133072833349,1.65133031816,0.741296215746,0.22281070944,0.722121455897,100.0
19.788750,-0.514267059139,-0.663063195563,-0.175640800213,1.12517490791,0.466330159517,-0.651941834851,-1.48297592669,95.6591644287,0.631233094215,-0.103543703182,-0.133072833349,1.65094682296,0.741679710943,0.223194204637,0.722121455897,100.0
19.798746,-0.514650554336,-0.663063195563,-0.175640800213,1.12517490791,0.466330159517,-0.649640863669,-1.4818254411,95.6591644287,0.631233094215,-0.103927198379,-0.132689338152,1.65171381336,0.74206320614,0.223194204637,0.720970970306,100.0
19.808760,-0.515417544729,-0.663063195563,-0.174106819425,1.12594189831,0.467864140305,-0.650407854063,-1.4818254411,95.6591644287,0.631233094215,-0.103927198379,-0.133456328546,1.65133031816,0.741679710943,0.223194204637,0.721354465503,100.0
19.818744,-0.515034049533,-0.661912709973,-0.175640800213,1.1263253935,0.467864140305,-0.649640863669,-1.4814419459,95.6591644287,0.631233094215,-0.103927198379,-0.133456328546,1.65133031816,0.741679710943,0.223194204637,0.7217379607,100.0
19.828784,-0.515801039926,-0.660378729185,-0.174490314622,1.1274758791,0.467864140305,-0.650024358866,-1.48220893629,95.6591644287,0.630849599018,-0.103543703182,-0.133839823743,1.65209730855,0.74206320614,0.223194204637,0.721354465503,100.0
19.838780,-0.516184535123,-0.659228243594,-0.176407790607,1.12900985988,0.467480645108,-0.650024358866,-1.4810584507,95.6591644287,0.631616589412,-0.103927198379,-0.133072833349,1.65209730855,0.74206320614,0.22281070944,0.720970970306,100.0
19.848753,-0.515801039926,-0.6584612532,-0.176407790607,1.12977685028,0.467864140305,-0.651174844457,-1.48067495551,95.6591644287,0.631233094215,-0.104310693576,-0.132689338152,1.65209730855,0.74206320614,0.223577699834,0.721354465503,100.0
19.858774,-0.51656803032,-0.658077758003,-0.174873809819,1.12939335508,0.468631130699,-0.651941834851,-1.4810584507,95.6591644287,0.632383579806,-0.104310693576,-0.133456328546,1.65017983257,0.741679710943,0.223194204637,0.721354465503,100.0
19.868758,-0.516951525517,-0.658077758003,-0.17602429541,1.12862636469,0.468631130699,-0.651941834851,-1.48067495551,95.6591644287,0.632383579806,-0.104310693576,-0.132689338152,1.65133031816,0.74206320614,0.223577699834,0.720970970306,100.0
19.878751,-0.517718515911,-0.655776786821,-0.175257305016,1.12977685028,0.469014625896,-0.651558339654,-1.48029146031,95.6591644287,0.632000084609,-0.104694188773,-0.133072833349,1.65171381336,0.74206320614,0.223961195031,0.720970970306,100.0
19.888746,-0.516951525517,-0.656543777215,-0.174490314622,1.12977685028,0.46978161629,-0.651558339654,-1.48029146031,95.6591644287,0.631233094215,-0.103543703182,-0.133456328546,1.65094682296,0.74206320614,0.223577699834,0.721354465503,100.0
19.898758,-0.518102011108,-0.655776786821,-0.175640800213,1.13016034547,0.470165111487,-0.65079134926,-1.47952446992,95.6591644287,0.630849599018,-0.103927198379,-0.133456328546,1.65133031816,0.741679710943,0.22281070944,0.7217379607,100.0
19.908774,-0.518102011108,-0.653859310836,-0.175640800213,1.13092733587,0.469398121093,-0.651174844457,-1.48067495551,95.6591644287,0.631616589412,-0.103927198379,-0.132689338152,1.65094682296,0.741679710943,0.223577699834,0.720587475109,100.0
19.918750,-0.518102011108,-0.653475815639,-0.17602429541,1.13131083107,0.470932101881,-0.651941834851,-1.48067495551,95.6591644287,0.631233094215,-0.103927198379,-0.133456328546,1.65056332776,0.741679710943,0.223577699834,0.720970970306,100.0
19.928744,-0.518102011108,-0.651941834851,-0.175640800213,1.13207782146,0.471315597078,-0.651941834851,-1.47875747952,95.6591644287,0.631616589412,-0.104310693576,-0.133072833349,1.65133031816,0.741296215746,0.223194204637,0.720970970306,100.0
19.938745,-0.518485506305,-0.652325330048,-0.174873809819,1.13207782146,0.471699092275,-0.650407854063,-1.47875747952,95.6591644287,0.630082608624,-0.103927198379,-0.132689338152,1.65094682296,0.74206320614,0.223194204637,0.721354465503,100.0
19.948746,-0.518869001502,-0.651174844457,-0.175257305016,1.13246131666,0.471699092275,-0.651174844457,-1.47799048913,95.6591644287,0.630849599018,-0.103927198379,-0.132305842955,1.65209730855,0.74206320614,0.223961195031,0.721354465503,100.0
19.958753,-0.518485506305,-0.650407854063,-0.174873809819,1.13284481185,0.472466082669,-0.65079134926,-1.47837398432,95.6591644287,0.630082608624,-0.104310693576,-0.133072833349,1.65094682296,0.74206320614,0.223577699834,0.7217379607,100.0
19.968740,-0.518869001502,-0.648873873276,-0.174873809819,1.13284481185,0.472849577866,-0.650407854063,-1.47837398432,95.6591644287,0.631233094215,-0.104310693576,-0.132689338152,1.65133031816,0.741296215746,0.223961195031,0.7217379607,100.0
19.978747,-0.517718515911,-0.648490378079,-0.173339829031,1.13361180225,0.473233073063,-0.650024358866,-1.47684000354,95.6591644287,0.632000084609,-0.103927198379,-0.133072833349,1.65171381336,0.741296215746,0.223961195031,0.7217379607,100.0
19.988748,-0.518485506305,-0.648490378079,-0.175640800213,1.13361180225,0.472849577866,-0.65079134926,-1.47722349873,95.6591644287,0.631233094215,-0.103927198379,-0.133839823743,1.65056332776,0.74206320614,0.22281070944,0.720970970306,100.0
19.998774,-0.518869001502,-0.6458059117,-0.174490314622,1.13476228784,0.474000063457,-0.65079134926,-1.47722349873,95.6591644287,0.631233094215,-0.104310693576,-0.132305842955,1.65094682296,0.741679710943,0.223577699834,0.721354465503,100.0
20.008750,-0.518102011108,-0.6458059117,-0.174106819425,1.13399529744,0.473233073063,-0.650024358866,-1.47722349873,95.6591644287,0.631616589412,-0.104310693576,-0.133839823743,1.65056332776,0.742446701337,0.22281070944,0.721354465503,100.0
20.018753,-0.518485506305,-0.645038921306,-0.173723324228,1.13476228784,0.47361656826,-0.650407854063,-1.47684000354,95.6591644287,0.631233094215,-0.104694188773,-0.133839823743,1.65056332776,0.741296215746,0.223194204637,0.721354465503,100.0
20.028761,-0.518869001502,-0.644655426109,-0.17218934344,1.13514578304,0.47361656826,-0.649257368473,-1.47760699393,95.6591644287,0.632000084609,-0.103927198379,-0.132689338152,1.65094682296,0.74206320614,0.223194204637,0.720203979912,100.0
20.038748,-0.517718515911,-0.643888435715,-0.173339829031,1.13437879264,0.474000063457,-0.648490378079,-1.47645650834,95.6591644287,0.632000084609,-0.103927198379,-0.133839823743,1.65171381336,0.741679710943,0.223194204637,0.7217379607,100.0
20.048764,-0.518485506305,-0.643121445321,-0.172572838637,1.13437879264,0.473233073063,-0.649257368473,-1.47722349873,95.6591644287,0.630849599018,-0.103927198379,-0.133072833349,1.65209730855,0.741679710943,0.22281070944,0.7217379607,100.0
20.058751,-0.518102011108,-0.64197095973,-0.173339829031,1.13476228784,0.47361656826,-0.648873873276,-1.47607301314,95.6591644287,0.631233094215,-0.103927198379,-0.132305842955,1.65133031816,0.741679710943,0.22281070944,0.720970970306,100.0
20.068777,-0.518485506305,-0.640053483745,-0.170655362652,1.13514578304,0.472849577866,-0.648106882882,-1.47684000354,95.6591644287,0.630849599018,-0.104310693576,-0.133456328546,1.65094682296,0.74206320614,0.223577699834,0.721354465503,100.0
20.078776,-0.517718515911,-0.638519502957,-0.17218934344,1.13552927823,0.47361656826,-0.647339892488,-1.47645650834,95.6591644287,0.631233094215,-0.104310693576,-0.133456328546,1.65133031816,0.742446701337,0.223194204637,0.722121455897,100.0
20.088752,-0.518485506305,-0.639286493351,-0.169888372258,1.13629626863,0.474000063457,-0.646956397291,-1.47684000354,95.6591644287,0.632000084609,-0.104310693576,-0.133456328546,1.65133031816,0.74206320614,0.22281070944,0.720587475109,100.0
20.098780,-0.518102011108,-0.63813600776,-0.169121381864,1.13591277343,0.474000063457,-0.646572902094,-1.47607301314,95.6591644287,0.631616589412,-0.104694188773,-0.133072833349,1.65171381336,0.741679710943,0.222427214243,0.722121455897,100.0
20.108743,-0.517718515911,-0.637752512563,-0.168737886667,1.13514578304,0.474383558654,-0.645038921306,-1.47645650834,95.6591644287,0.631233094215,-0.10507768397,-0.13422331894,1.65094682296,0.74206320614,0.22281070944,0.721354465503,100.0
20.118777,-0.516951525517,-0.634301055791,-0.167587401076,1.13591277343,0.474000063457,-0.644271930912,-1.47684000354,95.6591644287,0.631616589412,-0.104694188773,-0.133072833349,1.65133031816,0.74206320614,0.223194204637,0.721354465503,100.0
20.128752,-0.518102011108,-0.635451541382,-0.168737886667,1.13514578304,0.474000063457,-0.644271930912,-1.47607301314,95.6591644287,0.630849599018,-0.104694188773,-0.133072833349,1.65133031816,0.741679710943,0.223961195031,0.720970970306,100.0
20.138745,-0.517718515911,-0.635068046185,-0.16720390588,1.13629626863,0.474000063457,-0.643121445321,-1.47645650834,95.6591644287,0.631233094215,-0.103543703182,-0.133072833349,1.65056332776,0.742446701337,0.223194204637,0.721354465503,100.0
20.148776,-0.517718515911,-0.634301055791,-0.165286429895,1.13667976382,0.474000063457,-0.643121445321,-1.47645650834,95.6591644287,0.632000084609,-0.103927198379,-0.133072833349,1.65056332776,0.74206320614,0.22281070944,0.7217379607,100.0
20.158749,-0.51656803032,-0.6331505702,-0.165669925092,1.13706325902,0.474000063457,-0.642354454927,-1.47607301314,95.6591644287,0.631233094215,-0.103160207985,-0.133839823743,1.65171381336,0.741679710943,0.223194204637,0.721354465503,100.0
20.168747,-0.51656803032,-0.632000084609,-0.164519439501,1.13744675422,0.473233073063,-0.642354454927,-1.47645650834,95.6591644287,0.631616589412,-0.104310693576,-0.133456328546,1.65133031816,0.741679710943,0.223194204637,0.721354465503,100.0
20.178732,-0.516184535123,-0.630466103821,-0.162601963516,1.13706325902,0.47361656826,-0.641203969336,-1.47684000354,95.6591644287,0.631233094215,-0.104310693576,-0.133456328546,1.65094682296,0.742830196534,0.223577699834,0.720587475109,100.0
20.188780,-0.515801039926,-0.629699113427,-0.162985458713,1.13706325902,0.472082587472,-0.640436978942,-1.47722349873,95.6591644287,0.632000084609,-0.103927198379,-0.133456328546,1.65171381336,0.74206320614,0.223577699834,0.7217379607,100.0
20.198750,-0.515034049533,-0.62931561823,-0.161451477925,1.13783024941,0.471315597078,-0.640436978942,-1.47684000354,95.6591644287,0.632000084609,-0.103927198379,-0.133072833349,1.65171381336,0.74206320614,0.222427214243,0.721354465503,100.0
20.208749,-0.514650554336,-0.627781637442,-0.161451477925,1.13706325902,0.472082587472,-0.639669988548,-1.47722349873,95.6591644287,0.630849599018,-0.104694188773,-0.133072833349,1.65171381336,0.741679710943,0.223194204637,0.7217379607,100.0
20.218753,-0.513883563942,-0.626247656654,-0.159917497137,1.13783024941,0.470165111487,-0.640053483745,-1.47760699393,95.6591644287,0.631233094215,-0.104310693576,-0.132689338152,1.65133031816,0.742830196534,0.22281070944,0.7217379607,100.0
20.228748,-0.512349583154,-0.627398142245,-0.158383516349,1.13783024941,0.469398121093,-0.641203969336,-1.47645650834,95.6591644287,0.631233094215,-0.104694188773,-0.133456328546,1.65171381336,0.742446701337,0.22281070944,0.721354465503,100.0
20.238744,-0.511966087957,-0.625864161457,-0.158000021152,1.13821374461,0.468631130699,-0.640053483745,-1.47722349873,95.6591644287,0.630849599018,-0.103927198379,-0.133072833349,1.65171381336,0.741679710943,0.223194204637,0.722121455897,100.0
20.248777,-0.51158259276,-0.623563190275,-0.156849535561,1.13706325902,0.468247635502,-0.640053483745,-1.47568951795,95.6591644287,0.631616589412,-0.104694188773,-0.133456328546,1.65133031816,0.74206320614,0.223194204637,0.721354465503,100.0
20.258753,-0.510432107169,-0.624330180669,-0.154932059576,1.13783024941,0.46594666432,-0.638902998154,-1.47684000354,95.6591644287,0.631233094215,-0.104310693576,-0.132689338152,1.65094682296,0.74206320614,0.223194204637,0.721354465503,100.0
20.268751,-0.509281621578,-0.623179695078,-0.15569904997,1.13783024941,0.465179673926,-0.638519502957,-1.47645650834,95.6591644287,0.630849599018,-0.104310693576,-0.133456328546,1.65094682296,0.74206320614,0.223194204637,0.720970970306,100.0
20.278742,-0.508514631184,-0.622412704685,-0.154932059576,1.13744675422,0.465179673926,-0.638902998154,-1.47722349873,95.6591644287,0.631233094215,-0.104310693576,-0.13422331894,1.65133031816,0.741679710943,0.223961195031,0.721354465503,100.0
20.288750,-0.50774764079,-0.622412704685,-0.153781573986,1.13859723981,0.463645693138,-0.638519502957,-1.47760699393,95.6591644287,0.631233094215,-0.103927198379,-0.132689338152,1.65094682296,0.742446701337,0.222427214243,0.7217379607,100.0
20.298752,-0.506213660002,-0.621645714291,-0.151864098001,1.13744675422,0.463645693138,-0.63813600776,-1.47760699393,95.6591644287,0.631233094215,-0.103927198379,-0.132305842955,1.65133031816,0.74206320614,0.223194204637,0.7217379607,100.0
20.308742,-0.505446669608,-0.621645714291,-0.151480602804,1.13744675422,0.463645693138,-0.637369017366,-1.47722349873,95.6591644287,0.631616589412,-0.103927198379,-0.133072833349,1.65094682296,0.741296215746,0.223194204637,0.722121455897,100.0
20.318741,-0.504679679214,-0.619728238306,-0.15071361241,1.13744675422,0.463262197941,-0.636985522169,-1.47722349873,95.6591644287,0.631233094215,-0.103927198379,-0.133456328546,1.65171381336,0.741679710943,0.222427214243,0.7217379607,100.0
20.328743,-0.503145698426,-0.619728238306,-0.150330117213,1.13744675422,0.464029188335,-0.636602026972,-1.47722349873,95.6591644287,0.632000084609,-0.103927198379,-0.133839823743,1.65133031816,0.741679710943,0.22281070944,0.7217379607,100.0
20.338747,-0.503145698426,-0.619728238306,-0.148796136425,1.13783024941,0.463262197941,-0.635835036579,-1.47760699393,95.6591644287,0.631616589412,-0.10507768397,-0.133072833349,1.65056332776,0.741679710943,0.223577699834,0.721354465503,100.0
20.348748,-0.500461232048,-0.618961247912,-0.148796136425,1.13706325902,0.464029188335,-0.635068046185,-1.47799048913,95.6591644287,0.631233094215,-0.103927198379,-0.133456328546,1.65171381336,0.74206320614,0.223961195031,0.720970970306,100.0
20.358743,-0.49892725126,-0.617810762321,-0.147645650834,1.13706325902,0.463262197941,-0.635068046185,-1.47837398432,95.6591644287,0.632000084609,-0.103927198379,-0.133456328546,1.65133031816,0.74206320614,0.223961195031,0.722121455897,100.0
20.368746,-0.497776765669,-0.618577752715,-0.147262155637,1.13783024941,0.462878702744,-0.634684550988,-1.47837398432,95.6591644287,0.631616589412,-0.104310693576,-0.133072833349,1.65171381336,0.741296215746,0.22281070944,0.7217379607,100.0
20.378745,-0.497393270472,-0.617810762321,-0.147645650834,1.13821374461,0.462495207547,-0.633917560594,-1.47799048913,95.6591644287,0.631233094215,-0.104310693576,-0.133072833349,1.65133031816,0.741679710943,0.223194204637,0.721354465503,100.0
20.388748,-0.496242784881,-0.617810762321,-0.147262155637,1.13821374461,0.461344721957,-0.6331505702,-1.47837398432,95.6591644287,0.631616589412,-0.103543703182,-0.133839823743,1.65094682296,0.74206320614,0.223194204637,0.721354465503,100.0
20.398746,-0.493174823305,-0.617043771927,-0.146111670046,1.13783024941,0.46211171235,-0.632767075003,-1.47837398432,95.6591644287,0.631233094215,-0.104694188773,-0.132689338152,1.65209730855,0.741679710943,0.223577699834,0.722121455897,100.0
20.408752,-0.492407832911,-0.616276781533,-0.145344679652,1.13821374461,0.461728217154,-0.633534065397,-1.47914097472,95.6591644287,0.631616589412,-0.103927198379,-0.133072833349,1.65171381336,0.741679710943,0.223194204637,0.721354465503,100.0
20.418779,-0.490873852123,-0.616276781533,-0.144961184455,1.13783024941,0.461344721957,-0.633534065397,-1.47837398432,95.6591644287,0.631616589412,-0.103927198379,-0.132689338152,1.65094682296,0.74206320614,0.22281070944,0.7217379607,100.0
20.428750,-0.490106861729,-0.616276781533,-0.143810698864,1.13783024941,0.46096122676,-0.6331505702,-1.47952446992,95.6591644287,0.631233094215,-0.104310693576,-0.133072833349,1.65133031816,0.74206320614,0.223194204637,0.721354465503,100.0
20.438745,-0.488956376138,-0.615126295942,-0.143427203667,1.13783024941,0.460577731563,-0.633534065397,-1.47875747952,95.6591644287,0.631616589412,-0.103927198379,-0.132689338152,1.65133031816,0.741679710943,0.223577699834,0.7217379607,100.0
20.448753,-0.486655404957,-0.615893286336,-0.141893222879,1.13706325902,0.459810741169,-0.632767075003,-1.47952446992,95.6591644287,0.631616589412,-0.104310693576,-0.133072833349,1.65133031816,0.74206320614,0.223194204637,0.720970970306,100.0
20.458731,-0.485888414563,-0.614742800745,-0.142276718076,1.13744675422,0.459043750775,-0.632383579806,-1.47875747952,95.6591644287,0.631233094215,-0.104310693576,-0.133072833349,1.65056332776,0.74206320614,0.223961195031,0.721354465503,100.0
20.468752,-0.483203948184,-0.614359305548,-0.141893222879,1.13783024941,0.458660255578,-0.632000084609,-1.47952446992,95.6591644287,0.632000084609,-0.104694188773,-0.133456328546,1.65094682296,0.74206320614,0.223577699834,0.721354465503,100.0
20.478741,-0.482053462593,-0.613592315154,-0.140742737288,1.13744675422,0.457509769987,-0.632767075003,-1.47914097472,95.6591644287,0.631233094215,-0.104310693576,-0.133839823743,1.65056332776,0.74206320614,0.223194204637,0.720587475109,100.0
20.488748,-0.480519481805,-0.614742800745,-0.140359242092,1.13783024941,0.457509769987,-0.632767075003,-1.47875747952,95.6591644287,0.632383579806,-0.103927198379,-0.133839823743,1.65133031816,0.74206320614,0.22281070944,0.720970970306,100.0
20.498745,-0.479368996214,-0.613975810351,-0.139592251698,1.13744675422,0.456359284396,-0.632767075003,-1.47875747952,95.6591644287,0.632000084609,-0.103927198379,-0.133456328546,1.65133031816,0.74206320614,0.222427214243,0.720587475109,100.0
20.508742,-0.477835015426,-0.61282532476,-0.13805827091,1.13821374461,0.455975789199,-0.632767075003,-1.47837398432,95.6591644287,0.632000084609,-0.103927198379,-0.132689338152,1.65094682296,0.741296215746,0.222043719046,0.721354465503,100.0
20.518729,-0.475917539441,-0.613208819957,-0.137291280516,1.13821374461,0.455975789199,-0.632383579806,-1.47799048913,95.6591644287,0.631616589412,-0.103927198379,-0.133072833349,1.65171381336,0.74206320614,0.223577699834,0.721354465503,100.0
20.528752,-0.474000063457,-0.61282532476,-0.136907785319,1.13859723981,0.456359284396,-0.631616589412,-1.47952446992,95.6591644287,0.631233094215,-0.103927198379,-0.132689338152,1.65094682296,0.742830196534,0.223194204637,0.721354465503,100.0
20.538746,-0.472082587472,-0.613208819957,-0.136524290122,1.13821374461,0.456359284396,-0.632000084609,-1.47914097472,95.6591644287,0.632000084609,-0.103927198379,-0.132305842955,1.65133031816,0.74206320614,0.22281070944,0.720970970306,100.0
20.548747,-0.470932101881,-0.612441829563,-0.134990309334,1.13783024941,0.456742779593,-0.631233094215,-1.47990796511,95.6591644287,0.630466103821,-0.104310693576,-0.133072833349,1.65094682296,0.741679710943,0.22281070944,0.721354465503,100.0
20.558745,-0.46978161629,-0.613592315154,-0.133072833349,1.13783024941,0.456742779593,-0.631616589412,-1.47875747952,95.6591644287,0.631233094215,-0.104310693576,-0.133456328546,1.65094682296,0.741679710943,0.223194204637,0.722121455897,100.0
20.568751,-0.467864140305,-0.610907848775,-0.134606814137,1.13821374461,0.455975789199,-0.632000084609,-1.47914097472,95.6591644287,0.630466103821,-0.103543703182,-0.133456328546,1.65133031816,0.741679710943,0.223194204637,0.720970970306,100.0
20.578749,-0.46594666432,-0.61282532476,-0.132305842955,1.13859723981,0.455975789199,-0.632383579806,-1.47875747952,95.6591644287,0.631233094215,-0.104310693576,-0.133456328546,1.65133031816,0.740912720549,0.223577699834,0.721354465503,100.0
20.588759,-0.464029188335,-0.612058334366,-0.131922347758,1.13821374461,0.456359284396,-0.631616589412,-1.47914097472,95.6591644287,0.631616589412,-0.104310693576,-0.133072833349,1.65094682296,0.741679710943,0.223577699834,0.720970970306,100.0
20.598744,-0.463262197941,-0.612058334366,-0.13038836697,1.13783024941,0.455975789199,-0.632000084609,-1.47875747952,95.6591644287,0.632383579806,-0.103927198379,-0.132689338152,1.65094682296,0.741679710943,0.223577699834,0.720970970306,100.0
20.608730,-0.46096122676,-0.611674839169,-0.131155357364,1.13821374461,0.455975789199,-0.631233094215,-1.47914097472,95.6591644287,0.631616589412,-0.104310693576,-0.133072833349,1.65056332776,0.74206320614,0.223577699834,0.720587475109,100.0
20.618747,-0.459427245972,-0.610524353578,-0.129237881379,1.13821374461,0.456359284396,-0.631616589412,-1.47914097472,95.6591644287,0.630849599018,-0.104694188773,-0.133072833349,1.65171381336,0.741679710943,0.224344690228,0.721354465503,100.0
20.628741,-0.458276760381,-0.611291343972,-0.129237881379,1.13706325902,0.45712627479,-0.632000084609,-1.47914097472,95.6591644287,0.630849599018,-0.104694188773,-0.132689338152,1.65133031816,0.74206320614,0.223194204637,0.7217379607,100.0
20.638730,-0.455592294002,-0.611674839169,-0.126553415001,1.13859723981,0.455975789199,-0.631616589412,-1.47875747952,95.6591644287,0.632000084609,-0.104694188773,-0.133072833349,1.65094682296,0.741679710943,0.223577699834,0.721354465503,100.0
20.648740,-0.455208798805,-0.610524353578,-0.126936910198,1.13783024941,0.455208798805,-0.632383579806,-1.47875747952,95.6591644287,0.630849599018,-0.103927198379,-0.132305842955,1.65094682296,0.742446701337,0.223194204637,0.721354465503,100.0
20.658741,-0.454058313214,-0.610524353578,-0.124635939016,1.13783024941,0.455592294002,-0.631233094215,-1.47952446992,95.6591644287,0.630466103821,-0.103927198379,-0.132305842955,1.65171381336,0.74206320614,0.223194204637,0.720970970306,100.0
20.668746,-0.452524332426,-0.610907848775,-0.124635939016,1.13783024941,0.454825303608,-0.632383579806,-1.47952446992,95.6591644287,0.631233094215,-0.104310693576,-0.133072833349,1.65171381336,0.741679710943,0.223577699834,0.7217379607,100.0
20.678744,-0.450990351638,-0.611291343972,-0.121184482243,1.13821374461,0.455208798805,-0.631616589412,-1.47875747952,95.6591644287,0.631616589412,-0.10507768397,-0.133072833349,1.65056332776,0.741679710943,0.22281070944,0.722504951094,100.0
20.688743,-0.449072875653,-0.610907848775,-0.121951472637,1.13783024941,0.455208798805,-0.631616589412,-1.47914097472,95.6591644287,0.631233094215,-0.103927198379,-0.132305842955,1.65209730855,0.741679710943,0.223194204637,0.721354465503,100.0
20.698741,-0.447922390063,-0.610140858381,-0.122334967834,1.13821374461,0.455208798805,-0.630849599018,-1.47914097472,95.6591644287,0.632000084609,-0.104310693576,-0.133456328546,1.65094682296,0.741679710943,0.223194204637,0.721354465503,100.0
20.708742,-0.444854428487,-0.610907848775,-0.120800987046,1.13744675422,0.454058313214,-0.630466103821,-1.47837398432,95.6591644287,0.631233094215,-0.103927198379,-0.133456328546,1.65209730855,0.741679710943,0.222043719046,0.720970970306,100.0
20.718744,-0.444087438093,-0.610140858381,-0.12156797744,1.13783024941,0.452907827623,-0.630082608624,-1.47914097472,95.6591644287,0.632000084609,-0.104310693576,-0.133839823743,1.65094682296,0.74206320614,0.22281070944,0.721354465503,100.0
20.728739,-0.442169962108,-0.610140858381,-0.121184482243,1.13667976382,0.452907827623,-0.630849599018,-1.47875747952,95.6591644287,0.631616589412,-0.104694188773,-0.133072833349,1.65209730855,0.74206320614,0.223194204637,0.7217379607,100.0
20.738746,-0.440252486123,-0.610140858381,-0.119650501455,1.13667976382,0.453674818017,-0.632000084609,-1.47952446992,95.6591644287,0.631233094215,-0.104694188773,-0.132689338152,1.65133031816,0.741679710943,0.223577699834,0.720970970306,100.0
20.748747,-0.439102000532,-0.610140858381,-0.119267006258,1.13706325902,0.452140837229,-0.632000084609,-1.47837398432,95.6591644287,0.630849599018,-0.103927198379,-0.133456328546,1.65094682296,0.74206320614,0.223961195031,0.720587475109,100.0
20.758745,-0.43680102935,-0.609757363184,-0.120033996652,1.13667976382,0.452140837229,-0.6331505702,-1.47952446992,95.6591644287,0.632383579806,-0.104310693576,-0.132689338152,1.65094682296,0.74206320614,0.224344690228,0.7217379607,100.0
20.768735,-0.434500058169,-0.608990372791,-0.120800987046,1.13591277343,0.450990351638,-0.632000084609,-1.47952446992,95.6591644287,0.631233094215,-0.104310693576,-0.133456328546,1.65133031816,0.74206320614,0.223577699834,0.720587475109,100.0
20.778750,-0.433733067775,-0.609373867987,-0.120417491849,1.13591277343,0.450990351638,-0.632383579806,-1.47875747952,95.6591644287,0.631233094215,-0.104694188773,-0.133839823743,1.65133031816,0.741296215746,0.22281070944,0.722121455897,100.0
20.788776,-0.432199086987,-0.609757363184,-0.119650501455,1.13706325902,0.449839866047,-0.631233094215,-1.47875747952,95.6591644287,0.631233094215,-0.103543703182,-0.132689338152,1.65056332776,0.74206320614,0.223194204637,0.721354465503,100.0
20.798737,-0.430281611002,-0.610907848775,-0.118500015864,1.13667976382,0.450223361244,-0.631616589412,-1.47914097472,95.6591644287,0.632000084609,-0.103927198379,-0.133839823743,1.65094682296,0.741679710943,0.223194204637,0.720970970306,100.0
20.808746,-0.429131125411,-0.609757363184,-0.11773302547,1.13667976382,0.449839866047,-0.631233094215,-1.47914097472,95.6591644287,0.632000084609,-0.104310693576,-0.133072833349,1.65056332776,0.741679710943,0.22281070944,0.721354465503,100.0
20.818776,-0.427597144623,-0.609757363184,-0.11773302547,1.13629626863,0.450223361244,-0.630082608624,-1.47837398432,95.6591644287,0.630849599018,-0.104694188773,-0.133456328546,1.65133031816,0.742446701337,0.223194204637,0.7217379607,100.0
20.828738,-0.426063163835,-0.610524353578,-0.11773302547,1.13667976382,0.450223361244,-0.630082608624,-1.47875747952,95.6591644287,0.631616589412,-0.104694188773,-0.132305842955,1.65094682296,0.741679710943,0.22281070944,0.721354465503,100.0
20.838744,-0.423378697456,-0.610524353578,-0.11773302547,1.13591277343,0.449839866047,-0.630466103821,-1.47875747952,95.6591644287,0.631616589412,-0.104310693576,-0.132689338152,1.65056332776,0.742446701337,0.223577699834,0.721354465503,100.0
20.848747,-0.421844716668,-0.610907848775,-0.117349530273,1.13591277343,0.449839866047,-0.630849599018,-1.47952446992,95.6591644287,0.632000084609,-0.104310693576,-0.133072833349,1.64979633737,0.741679710943,0.223194204637,0.721354465503,100.0
20.858778,-0.420310735881,-0.609757363184,-0.115048559091,1.13514578304,0.449839866047,-0.630849599018,-1.47875747952,95.6591644287,0.6331505702,-0.104310693576,-0.132689338152,1.65056332776,0.741296215746,0.22281070944,0.721354465503,100.0
20.868767,-0.418393259896,-0.608990372791,-0.116966035076,1.13514578304,0.44945637085,-0.630082608624,-1.47875747952,95.6591644287,0.632000084609,-0.103160207985,-0.132305842955,1.65133031816,0.74206320614,0.22281070944,0.7217379607,100.0
20.878747,-0.416859279108,-0.608606877594,-0.116582539879,1.13552927823,0.44945637085,-0.631616589412,-1.47875747952,95.6591644287,0.631616589412,-0.104310693576,-0.131538852561,1.65133031816,0.74206320614,0.223194204637,0.7217379607,100.0
20.888750,-0.41532529832,-0.608606877594,-0.116199044682,1.13437879264,0.449839866047,-0.630849599018,-1.47837398432,95.6591644287,0.631616589412,-0.104310693576,-0.132689338152,1.65133031816,0.742446701337,0.22281070944,0.722121455897,100.0
20.898748,-0.413407822335,-0.609757363184,-0.115432054288,1.13399529744,0.44945637085,-0.62931561823,-1.47837398432,95.6591644287,0.631616589412,-0.104694188773,-0.132689338152,1.65094682296,0.742830196534,0.223194204637,0.721354465503,100.0
20.908747,-0.412257336744,-0.609373867987,-0.115048559091,1.13514578304,0.449839866047,-0.628548627836,-1.47875747952,95.6591644287,0.630849599018,-0.104310693576,-0.132689338152,1.65017983257,0.74206320614,0.223194204637,0.720970970306,100.0
20.918743,-0.41149034635,-0.609757363184,-0.114665063894,1.13361180225,0.44945637085,-0.628932123033,-1.47837398432,95.6591644287,0.630466103821,-0.104310693576,-0.133072833349,1.64979633737,0.742446701337,0.223194204637,0.721354465503,100.0
20.928752,-0.409956365562,-0.610140858381,-0.111980597516,1.13322830705,0.448689380456,-0.630082608624,-1.47875747952,95.6591644287,0.631233094215,-0.104694188773,-0.133072833349,1.65133031816,0.74206320614,0.223194204637,0.720970970306,100.0
20.938780,-0.409189375168,-0.610140858381,-0.112364092713,1.13284481185,0.447538894866,-0.62931561823,-1.47837398432,95.6591644287,0.630849599018,-0.104310693576,-0.132689338152,1.65017983257,0.74206320614,0.223577699834,0.721354465503,100.0
20.948747,-0.408805879971,-0.610140858381,-0.111213607122,1.13322830705,0.445237923684,-0.629699113427,-1.47914097472,95.6591644287,0.631616589412,-0.103927198379,-0.133839823743,1.65056332776,0.74206320614,0.223194204637,0.7217379607,100.0
20.958746,-0.407655394381,-0.610140858381,-0.111213607122,1.13361180225,0.442936952502,-0.630082608624,-1.47799048913,95.6591644287,0.631233094215,-0.104694188773,-0.133072833349,1.65133031816,0.741679710943,0.223194204637,0.722121455897,100.0
20.968767,-0.406121413593,-0.610907848775,-0.110446616728,1.13284481185,0.439868990926,-0.628932123033,-1.47875747952,95.6591644287,0.631616589412,-0.104694188773,-0.133072833349,1.65017983257,0.741679710943,0.223961195031,0.722121455897,100.0
20.978736,-0.404970928002,-0.610140858381,-0.110063121531,1.13284481185,0.438335010138,-0.629699113427,-1.47875747952,95.6591644287,0.631233094215,-0.104310693576,-0.132689338152,1.65171381336,0.742446701337,0.223194204637,0.721354465503,100.0
20.988750,-0.403820442411,-0.609757363184,-0.110063121531,1.13207782146,0.438335010138,-0.628932123033,-1.47837398432,95.6591644287,0.632000084609,-0.10507768397,-0.133456328546,1.65056332776,0.741296215746,0.22281070944,0.721354465503,100.0
20.998742,-0.402286461623,-0.610140858381,-0.10891263594,1.13207782146,0.438335010138,-0.62931561823,-1.47799048913,95.6591644287,0.632000084609,-0.103543703182,-0.132689338152,1.65094682296,0.741296215746,0.22281070944,0.720970970306,100.0
21.008745,-0.400752480835,-0.610524353578,-0.108145645546,1.13169432626,0.437951514941,-0.62931561823,-1.47799048913,95.6591644287,0.632383579806,-0.103543703182,-0.132689338152,1.65133031816,0.74206320614,0.22281070944,0.7217379607,100.0
21.018745,-0.400368985638,-0.609757363184,-0.108145645546,1.13054384067,0.438718505335,-0.630082608624,-1.47837398432,95.6591644287,0.632000084609,-0.103543703182,-0.133072833349,1.65056332776,0.74206320614,0.22281070944,0.721354465503,100.0
21.028744,-0.399985490441,-0.609373867987,-0.107762150349,1.13092733587,0.438718505335,-0.630082608624,-1.47722349873,95.6591644287,0.631616589412,-0.103927198379,-0.133839823743,1.65017983257,0.742446701337,0.223577699834,0.721354465503,100.0
21.038744,-0.398068014456,-0.610140858381,-0.106228169561,1.12977685028,0.439485495729,-0.630466103821,-1.47722349873,95.6591644287,0.631616589412,-0.103927198379,-0.133456328546,1.65017983257,0.74206320614,0.223961195031,0.7217379607,100.0
21.048730,-0.396917528865,-0.609373867987,-0.10507768397,1.13016034547,0.439485495729,-0.631233094215,-1.47760699393,95.6591644287,0.631616589412,-0.103927198379,-0.132689338152,1.65056332776,0.74206320614,0.223577699834,0.722121455897,100.0
21.058739,-0.396534033668,-0.609757363184,-0.105461179167,1.13016034547,0.439485495729,-0.631616589412,-1.47760699393,95.6591644287,0.630466103821,-0.103543703182,-0.133072833349,1.65056332776,0.74206320614,0.223194204637,0.720970970306,100.0
21.068749,-0.395767043274,-0.610524353578,-0.105461179167,1.12977685028,0.439485495729,-0.631233094215,-1.47799048913,95.6591644287,0.631616589412,-0.103543703182,-0.133839823743,1.65056332776,0.741679710943,0.223961195031,0.721354465503,100.0
21.078749,-0.39384956729,-0.610524353578,-0.10507768397,1.12900985988,0.44063598132,-0.630466103821,-1.47722349873,95.6591644287,0.631233094215,-0.104310693576,-0.133072833349,1.65017983257,0.741679710943,0.223194204637,0.721354465503,100.0
21.088777,-0.39384956729,-0.610140858381,-0.10507768397,1.12900985988,0.44063598132,-0.631616589412,-1.47799048913,95.6591644287,0.632000084609,-0.104310693576,-0.133072833349,1.65171381336,0.741679710943,0.223194204637,0.7217379607,100.0
21.098744,-0.393466072093,-0.611291343972,-0.10507768397,1.12939335508,0.441402971714,-0.631616589412,-1.47722349873,95.6591644287,0.631616589412,-0.104694188773,-0.132305842955,1.65171381336,0.74206320614,0.223194204637,0.720587475109,100.0
21.108780,-0.393082576896,-0.612058334366,-0.105461179167,1.12900985988,0.441786466911,-0.631616589412,-1.47722349873,95.6591644287,0.631616589412,-0.104310693576,-0.132689338152,1.65056332776,0.741679710943,0.222427214243,0.720970970306,100.0
21.118745,-0.391932091305,-0.611291343972,-0.103927198379,1.12824286949,0.442936952502,-0.632000084609,-1.47799048913,95.6591644287,0.631616589412,-0.103927198379,-0.132689338152,1.65094682296,0.74206320614,0.222043719046,0.722121455897,100.0
21.128747,-0.391548596108,-0.610524353578,-0.102776712788,1.12785937429,0.442936952502,-0.632383579806,-1.47722349873,95.6591644287,0.631233094215,-0.104310693576,-0.132689338152,1.65056332776,0.741296215746,0.223194204637,0.720970970306,100.0
21.138752,-0.391165100911,-0.611291343972,-0.103927198379,1.12785937429,0.442936952502,-0.631616589412,-1.47722349873,95.6591644287,0.632000084609,-0.103927198379,-0.133456328546,1.65017983257,0.74206320614,0.223194204637,0.720587475109,100.0
21.148748,-0.391932091305,-0.612441829563,-0.104694188773,1.1274758791,0.442169962108,-0.632383579806,-1.47722349873,95.6591644287,0.631233094215,-0.104310693576,-0.133456328546,1.65056332776,0.74206320614,0.223961195031,0.722121455897,100.0
21.158748,-0.391932091305,-0.612058334366,-0.10507768397,1.1274758791,0.442169962108,-0.632383579806,-1.47760699393,95.6591644287,0.630849599018,-0.103927198379,-0.132689338152,1.65133031816,0.741679710943,0.223577699834,0.721354465503,100.0
21.168747,-0.391165100911,-0.612058334366,-0.104310693576,1.1263253935,0.442936952502,-0.632000084609,-1.47722349873,95.6591644287,0.631233094215,-0.103927198379,-0.132305842955,1.65094682296,0.741679710943,0.223961195031,0.721354465503,100.0
21.178746,-0.391548596108,-0.613208819957,-0.104310693576,1.1270923839,0.442553457305,-0.632000084609,-1.47799048913,95.6591644287,0.631233094215,-0.103927198379,-0.132689338152,1.65017983257,0.74206320614,0.223961195031,0.720970970306,100.0
21.188746,-0.391548596108,-0.613208819957,-0.103927198379,1.1263253935,0.442169962108,-0.631616589412,-1.47799048913,95.6591644287,0.631616589412,-0.104694188773,-0.133456328546,1.65056332776,0.741679710943,0.223961195031,0.721354465503,100.0
21.198749,-0.390398110517,-0.613592315154,-0.103543703182,1.12517490791,0.442936952502,-0.632000084609,-1.47799048913,95.6591644287,0.631616589412,-0.104310693576,-0.132305842955,1.65056332776,0.741296215746,0.22281070944,0.722121455897,100.0
21.208748,-0.390781605714,-0.613592315154,-0.103543703182,1.12479141272,0.442553457305,-0.632383579806,-1.47799048913,95.6591644287,0.632000084609,-0.104310693576,-0.133072833349,1.65017983257,0.742446701337,0.223194204637,0.7217379607,100.0
21.218741,-0.390398110517,-0.614359305548,-0.104310693576,1.12594189831,0.442936952502,-0.632000084609,-1.47799048913,95.6591644287,0.632000084609,-0.104694188773,-0.133072833349,1.65094682296,0.741679710943,0.223577699834,0.720970970306,100.0
21.228750,-0.390781605714,-0.615126295942,-0.104310693576,1.12594189831,0.442553457305,-0.6331505702,-1.47760699393,95.6591644287,0.631233094215,-0.103927198379,-0.133456328546,1.65056332776,0.741296215746,0.223194204637,0.722121455897,100.0
21.238742,-0.390781605714,-0.614359305548,-0.103543703182,1.12517490791,0.442936952502,-0.633534065397,-1.47722349873,95.6591644287,0.632000084609,-0.104694188773,-0.132689338152,1.65017983257,0.741679710943,0.223961195031,0.720587475109,100.0
21.248740,-0.391165100911,-0.615893286336,-0.104694188773,1.12555840311,0.442553457305,-0.634301055791,-1.47837398432,95.6591644287,0.632383579806,-0.10507768397,-0.133456328546,1.65094682296,0.741679710943,0.223194204637,0.7217379607,100.0
21.258741,-0.390781605714,-0.616276781533,-0.103543703182,1.12517490791,0.443320447699,-0.634684550988,-1.47760699393,95.6591644287,0.631616589412,-0.103160207985,-0.132689338152,1.65056332776,0.74206320614,0.223194204637,0.721354465503,100.0
21.268743,-0.390781605714,-0.616276781533,-0.103543703182,1.12517490791,0.443320447699,-0.633917560594,-1.47760699393,95.6591644287,0.631616589412,-0.103927198379,-0.133072833349,1.65017983257,0.741296215746,0.22281070944,0.720587475109,100.0
21.278748,-0.391165100911,-0.61666027673,-0.10507768397,1.12440791752,0.444087438093,-0.635451541382,-1.47799048913,95.6591644287,0.631616589412,-0.103543703182,-0.133839823743,1.65094682296,0.74206320614,0.22281070944,0.721354465503,100.0
21.288744,-0.391548596108,-0.617427267124,-0.104310693576,1.12364092713,0.444087438093,-0.635068046185,-1.47799048913,95.6591644287,0.631233094215,-0.104310693576,-0.133456328546,1.65017983257,0.741679710943,0.223577699834,0.721354465503,100.0
21.298748,-0.391932091305,-0.61666027673,-0.103927198379,1.12402442232,0.444854428487,-0.635451541382,-1.47799048913,95.6591644287,0.631233094215,-0.104694188773,-0.133456328546,1.65017983257,0.74206320614,0.22281070944,0.7217379607,100.0
21.308747,-0.392699081699,-0.617043771927,-0.105461179167,1.12325743193,0.444854428487,-0.635068046185,-1.47760699393,95.6591644287,0.631233094215,-0.104310693576,-0.133072833349,1.65017983257,0.74206320614,0.223194204637,0.721354465503,100.0
21.318734,-0.39384956729,-0.616276781533,-0.104694188773,1.12364092713,0.446004914078,-0.634684550988,-1.47799048913,95.6591644287,0.631233094215,-0.103927198379,-0.133839823743,1.65017983257,0.741679710943,0.223577699834,0.720587475109,100.0
21.328747,-0.39384956729,-0.618194257518,-0.104694188773,1.12402442232,0.447155399669,-0.635835036579,-1.47914097472,95.6591644287,0.630849599018,-0.103543703182,-0.132689338152,1.64979633737,0.741679710943,0.223194204637,0.720587475109,100.0
21.338728,-0.395383548077,-0.61666027673,-0.104694188773,1.12364092713,0.447538894866,-0.635451541382,-1.47875747952,95.6591644287,0.631233094215,-0.104694188773,-0.133456328546,1.65017983257,0.741679710943,0.22281070944,0.721354465503,100.0
21.348728,-0.395767043274,-0.617043771927,-0.104310693576,1.12402442232,0.446388409275,-0.635835036579,-1.47837398432,95.6591644287,0.632383579806,-0.104310693576,-0.133456328546,1.65017983257,0.741679710943,0.223194204637,0.721354465503,100.0
21.358726,-0.396534033668,-0.618577752715,-0.105461179167,1.12364092713,0.447155399669,-0.634301055791,-1.47875747952,95.6591644287,0.630849599018,-0.103927198379,-0.133839823743,1.65017983257,0.741679710943,0.223194204637,0.721354465503,100.0
21.368744,-0.396917528865,-0.618194257518,-0.106611664758,1.12440791752,0.447155399669,-0.634684550988,-1.47875747952,95.6591644287,0.631616589412,-0.103927198379,-0.133456328546,1.65056332776,0.74206320614,0.222427214243,0.720203979912,100.0
21.378729,-0.397684519259,-0.615893286336,-0.105461179167,1.12402442232,0.446771904472,-0.633917560594,-1.47799048913,95.6591644287,0.631616589412,-0.104310693576,-0.133456328546,1.65133031816,0.74206320614,0.223194204637,0.720203979912,100.0
21.388747,-0.39883500485,-0.617043771927,-0.106228169561,1.12364092713,0.447155399669,-0.633534065397,-1.48029146031,95.6591644287,0.632383579806,-0.104310693576,-0.132305842955,1.65056332776,0.741679710943,0.223577699834,0.721354465503,100.0
21.398744,-0.399601995244,-0.616276781533,-0.105461179167,1.12325743193,0.449839866047,-0.6331505702,-1.4814419459,95.6591644287,0.631233094215,-0.10507768397,-0.133456328546,1.65017983257,0.741296215746,0.223577699834,0.721354465503,100.0
21.408778,-0.400752480835,-0.618194257518,-0.10507768397,1.12287393673,0.454058313214,-0.632767075003,-1.48297592669,95.6591644287,0.632000084609,-0.103927198379,-0.133072833349,1.65056332776,0.742446701337,0.223194204637,0.7217379607,100.0
21.418786,-0.40266995682,-0.615509791139,-0.105844674364,1.12172345114,0.455592294002,-0.631233094215,-1.48489340267,95.6591644287,0.631616589412,-0.104310693576,-0.133072833349,1.65056332776,0.742446701337,0.223577699834,0.721354465503,100.0
21.428766,-0.40266995682,-0.61666027673,-0.106228169561,1.12095646075,0.455208798805,-0.631233094215,-1.48681087866,95.6591644287,0.631233094215,-0.10507768397,-0.132689338152,1.65056332776,0.74206320614,0.223577699834,0.721354465503,100.0
21.438726,-0.404203937608,-0.617427267124,-0.107762150349,1.12018947035,0.45329132282,-0.630082608624,-1.49064583063,95.6591644287,0.631233094215,-0.104310693576,-0.133072833349,1.65056332776,0.74206320614,0.223577699834,0.7217379607,100.0
21.448729,-0.406121413593,-0.615893286336,-0.108145645546,1.11980597516,0.451757342032,-0.629699113427,-1.4937137922,95.6591644287,0.631616589412,-0.103927198379,-0.133839823743,1.65094682296,0.741679710943,0.223194204637,0.7217379607,100.0
21.458746,-0.407655394381,-0.615126295942,-0.109296131137,1.11865548957,0.450990351638,-0.630082608624,-1.49716524898,95.6591644287,0.631233094215,-0.104310693576,-0.133456328546,1.65094682296,0.741296215746,0.223961195031,0.7217379607,100.0
21.468733,-0.408422384774,-0.615893286336,-0.109296131137,1.11827199437,0.450990351638,-0.629699113427,-1.50138369614,95.6591644287,0.632000084609,-0.104310693576,-0.133072833349,1.65017983257,0.741296215746,0.223961195031,0.722121455897,100.0
21.478748,-0.41149034635,-0.615893286336,-0.108145645546,1.11827199437,0.450990351638,-0.628932123033,-1.50560214331,95.6591644287,0.631616589412,-0.104310693576,-0.132689338152,1.65056332776,0.74206320614,0.223577699834,0.721354465503,100.0
21.488731,-0.412257336744,-0.615893286336,-0.107378655152,1.11712150878,0.451373846835,-0.62931561823,-1.50905360008,95.6591644287,0.630849599018,-0.104694188773,-0.133839823743,1.65017983257,0.742446701337,0.223577699834,0.7217379607,100.0
21.498748,-0.414174812729,-0.614742800745,-0.106995159955,1.11635451838,0.451373846835,-0.628165132639,-1.51403903764,95.6591644287,0.631233094215,-0.104310693576,-0.133072833349,1.65056332776,0.74206320614,0.222427214243,0.722121455897,100.0
21.508744,-0.415708793517,-0.615126295942,-0.108529140743,1.1148205376,0.451373846835,-0.628165132639,-1.51634000882,95.6591644287,0.631616589412,-0.103927198379,-0.133456328546,1.65056332776,0.74206320614,0.222427214243,0.7217379607,100.0
21.518729,-0.417242774305,-0.613975810351,-0.109679626334,1.1144370424,0.452524332426,-0.628548627836,-1.5190244752,95.6591644287,0.631233094215,-0.104310693576,-0.133072833349,1.64979633737,0.74206320614,0.222043719046,0.721354465503,100.0
21.528741,-0.420310735881,-0.614359305548,-0.110446616728,1.113670052,0.451757342032,-0.62931561823,-1.52132544639,95.6591644287,0.632767075003,-0.104310693576,-0.133072833349,1.65017983257,0.741296215746,0.22281070944,0.720970970306,100.0
21.538755,-0.421077726275,-0.615509791139,-0.110063121531,1.1140535472,0.452524332426,-0.630466103821,-1.52400991276,95.6591644287,0.631616589412,-0.103927198379,-0.132689338152,1.65017983257,0.741679710943,0.223194204637,0.721354465503,100.0
21.548746,-0.423378697456,-0.614742800745,-0.111980597516,1.11328655681,0.45329132282,-0.630849599018,-1.52439340796,95.6591644287,0.631616589412,-0.104310693576,-0.133456328546,1.65017983257,0.74206320614,0.223194204637,0.722121455897,100.0
21.558744,-0.426063163835,-0.61666027673,-0.111213607122,1.11290306161,0.452524332426,-0.632000084609,-1.52439340796,95.6591644287,0.631616589412,-0.104310693576,-0.133839823743,1.65056332776,0.74206320614,0.223194204637,0.721354465503,100.0
21.568730,-0.427597144623,-0.61666027673,-0.113514578304,1.11136908082,0.452907827623,-0.632383579806,-1.52400991276,95.6591644287,0.631233094215,-0.104310693576,-0.132305842955,1.65056332776,0.741679710943,0.223961195031,0.721354465503,100.0
21.578730,-0.429514620608,-0.617427267124,-0.113514578304,1.11136908082,0.452907827623,-0.6331505702,-1.52439340796,95.6591644287,0.632000084609,-0.103927198379,-0.133456328546,1.64979633737,0.74206320614,0.223577699834,0.721354465503,100.0
21.588731,-0.432199086987,-0.61666027673,-0.112364092713,1.11175257602,0.452140837229,-0.633534065397,-1.52477690316,95.6591644287,0.631233094215,-0.104310693576,-0.133456328546,1.65017983257,0.741679710943,0.223194204637,0.720970970306,100.0
21.598731,-0.434116562972,-0.617810762321,-0.113514578304,1.11060209043,0.452524332426,-0.634684550988,-1.52477690316,95.6591644287,0.632000084609,-0.103543703182,-0.133456328546,1.65094682296,0.74206320614,0.223194204637,0.7217379607,100.0
21.608727,-0.437184524547,-0.618194257518,-0.114665063894,1.11098558563,0.452524332426,-0.635451541382,-1.52477690316,95.6591644287,0.631616589412,-0.103927198379,-0.133456328546,1.65056332776,0.741296215746,0.222427214243,0.721354465503,100.0
21.618747,-0.439485495729,-0.618577752715,-0.115048559091,1.11136908082,0.451373846835,-0.635835036579,-1.52439340796,95.6591644287,0.632383579806,-0.104310693576,-0.133839823743,1.65017983257,0.742446701337,0.22281070944,0.721354465503,100.0
21.628730,-0.441786466911,-0.619344743109,-0.115815549485,1.11021859523,0.450990351638,-0.635068046185,-1.52554389355,95.6591644287,0.631616589412,-0.104310693576,-0.133456328546,1.65056332776,0.741296215746,0.223194204637,0.721354465503,100.0
21.638745,-0.443703942896,-0.620111733503,-0.117349530273,1.10983510004,0.450990351638,-0.635068046185,-1.52477690316,95.6591644287,0.632000084609,-0.104310693576,-0.133072833349,1.64979633737,0.74206320614,0.223577699834,0.722121455897,100.0
21.648737,-0.444854428487,-0.619728238306,-0.119650501455,1.10906810964,0.450990351638,-0.635835036579,-1.52477690316,95.6591644287,0.6331505702,-0.104694188773,-0.133456328546,1.65056332776,0.74206320614,0.22281070944,0.7217379607,100.0
21.658750,-0.445621418881,-0.620111733503,-0.121951472637,1.10868461444,0.450990351638,-0.636602026972,-1.52439340796,95.6591644287,0.632383579806,-0.103927198379,-0.133839823743,1.65056332776,0.741296215746,0.222427214243,0.721354465503,100.0
21.668766,-0.446771904472,-0.618577752715,-0.126169919804,1.10791762405,0.450990351638,-0.637369017366,-1.52477690316,95.6591644287,0.633534065397,-0.103927198379,-0.133456328546,1.65017983257,0.741296215746,0.22281070944,0.721354465503,100.0
21.678737,-0.447922390063,-0.620878723897,-0.127703900591,1.10676713846,0.450990351638,-0.637752512563,-1.52477690316,95.6591644287,0.632383579806,-0.104694188773,-0.132689338152,1.64979633737,0.742446701337,0.223577699834,0.7217379607,100.0
21.688755,-0.450223361244,-0.620111733503,-0.132305842955,1.10638364326,0.450606856441,-0.636985522169,-1.52477690316,95.6591644287,0.6331505702,-0.104310693576,-0.133072833349,1.64979633737,0.741679710943,0.223577699834,0.720587475109,100.0
21.698735,-0.452140837229,-0.620878723897,-0.133839823743,1.10638364326,0.450606856441,-0.638519502957,-1.52631088395,95.6591644287,0.631616589412,-0.103927198379,-0.133456328546,1.64979633737,0.74206320614,0.223577699834,0.721354465503,100.0
21.708732,-0.454825303608,-0.622029209488,-0.134606814137,1.10600014807,0.450606856441,-0.639669988548,-1.52861185513,95.6591644287,0.631616589412,-0.104694188773,-0.132689338152,1.65056332776,0.741679710943,0.223577699834,0.721354465503,100.0
21.718763,-0.456742779593,-0.621645714291,-0.136140794925,1.10484966247,0.450990351638,-0.640436978942,-1.52899535032,95.6591644287,0.632383579806,-0.104694188773,-0.133072833349,1.65017983257,0.74206320614,0.224344690228,0.7217379607,100.0
21.728738,-0.460577731563,-0.622029209488,-0.136140794925,1.10369917688,0.451373846835,-0.643121445321,-1.5320633119,95.6591644287,0.632000084609,-0.104694188773,-0.132689338152,1.65056332776,0.74206320614,0.22281070944,0.720970970306,100.0
21.738738,-0.464412683532,-0.622412704685,-0.134990309334,1.10293218649,0.450606856441,-0.6458059117,-1.53474777828,95.6591644287,0.631233094215,-0.104694188773,-0.133456328546,1.65056332776,0.742446701337,0.222427214243,0.721354465503,100.0
21.748737,-0.467480645108,-0.622796199881,-0.136140794925,1.1013982057,0.451373846835,-0.647339892488,-1.53973321584,95.6591644287,0.631233094215,-0.104310693576,-0.133072833349,1.65017983257,0.742446701337,0.223194204637,0.7217379607,100.0
21.758749,-0.46978161629,-0.623179695078,-0.137291280516,1.09948072972,0.450990351638,-0.649257368473,-1.54395166301,95.6591644287,0.631616589412,-0.104310693576,-0.133456328546,1.65017983257,0.741296215746,0.223577699834,0.720587475109,100.0
21.768779,-0.472082587472,-0.623563190275,-0.140742737288,1.09717975854,0.447155399669,-0.649640863669,-1.54701962458,95.6591644287,0.630849599018,-0.104694188773,-0.132305842955,1.65094682296,0.742446701337,0.223194204637,0.720587475109,100.0
21.778734,-0.473233073063,-0.623179695078,-0.143427203667,1.09526228255,0.442553457305,-0.651558339654,-1.54855360537,95.6591644287,0.631233094215,-0.103543703182,-0.132689338152,1.65017983257,0.741679710943,0.222043719046,0.721354465503,100.0
21.788748,-0.475917539441,-0.623946685472,-0.145344679652,1.09449529216,0.437951514941,-0.655393291624,-1.54970409096,95.6591644287,0.630466103821,-0.103927198379,-0.133072833349,1.65056332776,0.742446701337,0.223194204637,0.720970970306,100.0
21.798737,-0.478985501017,-0.623179695078,-0.147645650834,1.09372830176,0.436417534153,-0.659228243594,-1.55085457655,95.6591644287,0.629699113427,-0.103927198379,-0.133072833349,1.65056332776,0.74206320614,0.223961195031,0.721354465503,100.0
21.808750,-0.482053462593,-0.623563190275,-0.148029146031,1.09257781617,0.436417534153,-0.661912709973,-1.55162156695,95.6591644287,0.630466103821,-0.103927198379,-0.133072833349,1.64979633737,0.74206320614,0.22281070944,0.720587475109,100.0
21.818752,-0.485888414563,-0.625864161457,-0.149179631622,1.09181082578,0.436034038956,-0.663063195563,-1.55277205254,95.6591644287,0.630466103821,-0.104310693576,-0.133456328546,1.64979633737,0.742446701337,0.223577699834,0.721354465503,100.0
21.828781,-0.488956376138,-0.625097171063,-0.149179631622,1.09219432097,0.437568019744,-0.664597176351,-1.55430603332,95.6591644287,0.630082608624,-0.104310693576,-0.132689338152,1.64979633737,0.741679710943,0.223577699834,0.7217379607,100.0
21.838731,-0.492024337714,-0.627398142245,-0.149563126819,1.09142733058,0.438335010138,-0.664980671548,-1.55507302372,95.6591644287,0.630082608624,-0.104310693576,-0.133072833349,1.65017983257,0.742446701337,0.223577699834,0.721354465503,100.0
21.848731,-0.495859289684,-0.628165132639,-0.149946622016,1.09066034019,0.440252486123,-0.665364166745,-1.55622350931,95.6591644287,0.630466103821,-0.104310693576,-0.133072833349,1.65094682296,0.74206320614,0.22281070944,0.720587475109,100.0
21.858732,-0.499310746457,-0.628932123033,-0.151097107607,1.08989334979,0.439485495729,-0.66728164273,-1.55814098529,95.6591644287,0.630849599018,-0.104694188773,-0.132689338152,1.65017983257,0.741296215746,0.223577699834,0.721354465503,100.0
21.868763,-0.500844727245,-0.630849599018,-0.151864098001,1.0887428642,0.439102000532,-0.669582613912,-1.56159244207,95.6591644287,0.631233094215,-0.104310693576,-0.133072833349,1.65056332776,0.74206320614,0.223194204637,0.720970970306,100.0
21.878733,-0.503145698426,-0.630082608624,-0.156466040364,1.08644189302,0.437951514941,-0.6711165947,-1.56581088923,95.6591644287,0.632000084609,-0.104310693576,-0.133456328546,1.65017983257,0.741679710943,0.22281070944,0.721354465503,100.0
21.888734,-0.505830164805,-0.632000084609,-0.157616525955,1.08414092184,0.434116562972,-0.674184556276,-1.57156331719,95.6591644287,0.632383579806,-0.104310693576,-0.132305842955,1.64979633737,0.74206320614,0.223961195031,0.721354465503,100.0
21.898741,-0.511199097563,-0.632383579806,-0.159917497137,1.08183995066,0.431048601396,-0.676869022654,-1.57693224995,95.6591644287,0.630849599018,-0.103927198379,-0.133072833349,1.65094682296,0.741679710943,0.223194204637,0.721354465503,100.0
21.908734,-0.515034049533,-0.6331505702,-0.160684487531,1.07953897947,0.427213649426,-0.67993698423,-1.58345166829,95.6591644287,0.630849599018,-0.103927198379,-0.133456328546,1.65056332776,0.74206320614,0.22281070944,0.7217379607,100.0
21.918744,-0.518869001502,-0.633534065397,-0.162218468319,1.07723800829,0.423378697456,-0.682621450609,-1.59112157223,95.6591644287,0.631233094215,-0.104694188773,-0.133072833349,1.65017983257,0.74206320614,0.223961195031,0.720203979912,100.0
21.928733,-0.521936963078,-0.633917560594,-0.162601963516,1.07532053231,0.41916025029,-0.685689412185,-1.59917497137,95.6591644287,0.631616589412,-0.104694188773,-0.133456328546,1.65056332776,0.74206320614,0.223961195031,0.7217379607,100.0
21.938738,-0.526922400639,-0.634301055791,-0.162601963516,1.07186907553,0.41532529832,-0.686839897776,-1.6076118657,95.6591644287,0.630466103821,-0.104694188773,-0.133072833349,1.65056332776,0.74206320614,0.222427214243,0.7217379607,100.0
21.948729,-0.531140847805,-0.634684550988,-0.162601963516,1.06880111396,0.411873841547,-0.690291354548,-1.61259730326,95.6591644287,0.630849599018,-0.103927198379,-0.133072833349,1.65017983257,0.74206320614,0.223577699834,0.721354465503,100.0
21.958728,-0.534208809381,-0.635451541382,-0.164135944304,1.06650014278,0.408038889578,-0.693359316124,-1.61950021681,95.6591644287,0.631233094215,-0.104694188773,-0.132689338152,1.65094682296,0.74206320614,0.222427214243,0.721354465503,100.0
21.968730,-0.538427256548,-0.636602026972,-0.166436915486,1.0638156764,0.404587432805,-0.697194268094,-1.62678662555,95.6591644287,0.631233094215,-0.103927198379,-0.13422331894,1.64979633737,0.74206320614,0.222427214243,0.720970970306,100.0
21.978729,-0.541878713321,-0.637369017366,-0.166820410683,1.06113121002,0.400752480835,-0.701412715261,-1.63445652949,95.6591644287,0.630849599018,-0.103927198379,-0.133456328546,1.65017983257,0.741679710943,0.222427214243,0.720970970306,100.0
21.988735,-0.546864150881,-0.637369017366,-0.16720390588,1.05729625805,0.398068014456,-0.704480676836,-1.64250992863,95.6591644287,0.632767075003,-0.10507768397,-0.132689338152,1.65017983257,0.741679710943,0.222427214243,0.720587475109,100.0
21.998736,-0.550699102851,-0.637752512563,-0.166436915486,1.05346130608,0.394616557684,-0.706781648018,-1.64979633737,95.6591644287,0.632767075003,-0.104310693576,-0.133456328546,1.64941284217,0.741679710943,0.223577699834,0.721354465503,100.0
22.008734,-0.555301045215,-0.637752512563,-0.169121381864,1.04962635411,0.391165100911,-0.711000095185,-1.6590002221,95.6591644287,0.632000084609,-0.104694188773,-0.133072833349,1.65017983257,0.741679710943,0.223194204637,0.720970970306,100.0
22.018733,-0.559902987578,-0.63813600776,-0.167970896273,1.04502441175,0.387330148941,-0.715218542352,-1.66667012604,95.6591644287,0.6331505702,-0.104694188773,-0.133072833349,1.64979633737,0.741296215746,0.221660223849,0.7217379607,100.0
22.028738,-0.565271920336,-0.638902998154,-0.167587401076,1.04080596458,0.383111701774,-0.720587475109,-1.67510702037,95.6591644287,0.632000084609,-0.10507768397,-0.132689338152,1.65017983257,0.741679710943,0.223194204637,0.720587475109,100.0
22.038732,-0.570257357896,-0.640053483745,-0.168737886667,1.03735450781,0.379276749805,-0.725189417473,-1.67932546754,95.6591644287,0.632383579806,-0.104310693576,-0.132305842955,1.65017983257,0.74206320614,0.223961195031,0.720587475109,100.0
22.048750,-0.57485930026,-0.639669988548,-0.169121381864,1.03428654623,0.375058302638,-0.727873883852,-1.68124294352,95.6591644287,0.6331505702,-0.10507768397,-0.132689338152,1.64979633737,0.74206320614,0.223577699834,0.720587475109,100.0
22.058728,-0.579461242624,-0.642737950124,-0.168737886667,1.03236907025,0.370456360274,-0.731708835821,-1.6835439147,95.6591644287,0.632000084609,-0.10507768397,-0.132689338152,1.64979633737,0.741679710943,0.224728185425,0.720587475109,100.0
22.068762,-0.582912699396,-0.644271930912,-0.169888372258,1.02930110867,0.366621408305,-0.735160292594,-1.68661187628,95.6591644287,0.632767075003,-0.105461179167,-0.133456328546,1.64979633737,0.741679710943,0.22281070944,0.720587475109,100.0
22.078737,-0.588665127351,-0.644271930912,-0.170655362652,1.0258496519,0.363553446729,-0.736694273382,-1.69044682825,95.6591644287,0.633917560594,-0.10507768397,-0.132689338152,1.65094682296,0.741679710943,0.22281070944,0.721354465503,100.0
22.088732,-0.592116584124,-0.645038921306,-0.170271867455,1.02163120473,0.362402961138,-0.738995244564,-1.69428178022,95.6591644287,0.632000084609,-0.104694188773,-0.133072833349,1.65017983257,0.742446701337,0.222043719046,0.720587475109,100.0
22.098774,-0.596718526487,-0.647339892488,-0.169888372258,1.01741275757,0.361635970744,-0.741679710943,-1.69773323699,95.6591644287,0.632383579806,-0.104310693576,-0.133456328546,1.65094682296,0.741296215746,0.223577699834,0.7217379607,100.0
22.108746,-0.602087459245,-0.648106882882,-0.170655362652,1.01204382481,0.361252475547,-0.745514662912,-1.70156818896,95.6591644287,0.6331505702,-0.104310693576,-0.133839823743,1.65017983257,0.741679710943,0.223961195031,0.7217379607,100.0
22.118745,-0.606305906412,-0.648873873276,-0.171038857849,1.00782537764,0.358568009168,-0.749349614882,-1.70540314093,95.6591644287,0.6331505702,-0.104694188773,-0.133839823743,1.65094682296,0.741679710943,0.223961195031,0.721354465503,100.0
22.128730,-0.610524353578,-0.649257368473,-0.170271867455,1.00360693047,0.355500047592,-0.753951557246,-1.71038857849,95.6591644287,0.632383579806,-0.104694188773,-0.132689338152,1.65056332776,0.741296215746,0.22281070944,0.7217379607,100.0
22.138869,-0.615509791139,-0.649257368473,-0.171038857849,0.99900498811,0.350898105229,-0.756252528428,-1.71575751125,95.6591644287,0.632383579806,-0.104310693576,-0.133456328546,1.65094682296,0.741679710943,0.223194204637,0.720587475109,100.0
22.148798,-0.619344743109,-0.650407854063,-0.170271867455,0.99401955055,0.347063153259,-0.755485538034,-1.7215099392,95.6591644287,0.6331505702,-0.103927198379,-0.132689338152,1.64979633737,0.741679710943,0.223961195031,0.720970970306,100.0
22.158781,-0.624713675866,-0.651941834851,-0.170271867455,0.987500132201,0.342077715698,-0.755102042837,-1.72726236716,95.6591644287,0.632767075003,-0.104694188773,-0.132689338152,1.64979633737,0.741679710943,0.223194204637,0.722121455897,100.0
22.168763,-0.630466103821,-0.651941834851,-0.168737886667,0.982514694641,0.336325287744,-0.755869033231,-1.73378178551,95.6591644287,0.632383579806,-0.103927198379,-0.133072833349,1.65017983257,0.742446701337,0.223194204637,0.722121455897,100.0
22.178734,-0.634684550988,-0.653092320442,-0.169888372258,0.97752925708,0.328655383804,-0.758553499609,-1.74183518464,95.6591644287,0.631616589412,-0.104694188773,-0.132689338152,1.65094682296,0.741679710943,0.223194204637,0.720970970306,100.0
22.188732,-0.640053483745,-0.653092320442,-0.170655362652,0.971009838731,0.32290295585,-0.7597039852,-1.74835460299,95.6591644287,0.632000084609,-0.104694188773,-0.132689338152,1.65017983257,0.741296215746,0.223194204637,0.720970970306,100.0
22.198746,-0.644271930912,-0.653092320442,-0.170271867455,0.966024401171,0.316000042304,-0.759320490003,-1.75487402134,95.6591644287,0.632383579806,-0.104310693576,-0.133456328546,1.64979633737,0.74206320614,0.22281070944,0.7217379607,100.0
22.208748,-0.648873873276,-0.653859310836,-0.169888372258,0.958737992428,0.311781595138,-0.758170004412,-1.7602429541,95.6591644287,0.632767075003,-0.103927198379,-0.133072833349,1.65056332776,0.740912720549,0.223577699834,0.721354465503,100.0
22.218730,-0.653475815639,-0.654242806033,-0.168737886667,0.952602069277,0.306796157577,-0.758170004412,-1.76484489646,95.6591644287,0.632383579806,-0.104694188773,-0.133072833349,1.64979633737,0.741296215746,0.223194204637,0.720970970306,100.0
22.228725,-0.659611738791,-0.655009796427,-0.169121381864,0.946082650928,0.299893244032,-0.757019518821,-1.76829635323,95.6591644287,0.632383579806,-0.104694188773,-0.133072833349,1.64979633737,0.741679710943,0.222427214243,0.720970970306,100.0
22.238731,-0.664213681154,-0.655393291624,-0.167587401076,0.939946727777,0.293373825683,-0.757019518821,-1.7728982956,95.6591644287,0.632767075003,-0.104310693576,-0.132689338152,1.65133031816,0.741679710943,0.223961195031,0.7217379607,100.0
22.248728,-0.668815623518,-0.654242806033,-0.16835439147,0.93189332864,0.285703921744,-0.757403014018,-1.77711674277,95.6591644287,0.632767075003,-0.10507768397,-0.132689338152,1.65056332776,0.74206320614,0.223961195031,0.7217379607,100.0
22.258727,-0.673034070685,-0.655776786821,-0.167587401076,0.924606919898,0.277650522607,-0.756252528428,-1.78325266592,95.6591644287,0.632383579806,-0.10507768397,-0.132689338152,1.65094682296,0.741679710943,0.223194204637,0.720587475109,100.0
22.268732,-0.678019508245,-0.655009796427,-0.167970896273,0.916170025565,0.270747609062,-0.756252528428,-1.78785460828,95.6591644287,0.632383579806,-0.10507768397,-0.132689338152,1.65056332776,0.741679710943,0.223194204637,0.720970970306,100.0
22.278748,-0.683004945806,-0.655009796427,-0.16720390588,0.908500121625,0.263077705122,-0.75471854764,-1.79284004584,95.6591644287,0.631616589412,-0.104310693576,-0.131922347758,1.65056332776,0.74206320614,0.223194204637,0.720587475109,100.0
22.288745,-0.687990383367,-0.655393291624,-0.166436915486,0.900446722489,0.255024305986,-0.752417576458,-1.7978254834,95.6591644287,0.632383579806,-0.10507768397,-0.133072833349,1.64979633737,0.741679710943,0.222427214243,0.722121455897,100.0
22.298736,-0.692975820927,-0.655393291624,-0.165669925092,0.892776818549,0.246203916456,-0.751267090867,-1.80204393057,95.6591644287,0.632000084609,-0.105461179167,-0.131922347758,1.65056332776,0.741679710943,0.22281070944,0.721354465503,100.0
22.308770,-0.697194268094,-0.655393291624,-0.165669925092,0.885490409807,0.236233041334,-0.750116605276,-1.80511189214,95.6591644287,0.631616589412,-0.104694188773,-0.133456328546,1.65056332776,0.74206320614,0.223194204637,0.7217379607,100.0
22.318746,-0.701796210458,-0.656543777215,-0.164135944304,0.87628652508,0.225878671016,-0.747432138897,-1.80702936813,95.6591644287,0.631616589412,-0.104694188773,-0.133839823743,1.65017983257,0.742446701337,0.223961195031,0.721354465503,100.0
22.328782,-0.706014657624,-0.656160282018,-0.164135944304,0.868233125943,0.215140805501,-0.746281653306,-1.80971383451,95.6591644287,0.632383579806,-0.104694188773,-0.133456328546,1.65017983257,0.741296215746,0.223194204637,0.722121455897,100.0
22.338759,-0.710616599988,-0.656543777215,-0.164135944304,0.860946717201,0.203635949592,-0.743980682124,-1.81163131049,95.6591644287,0.632000084609,-0.104310693576,-0.132305842955,1.64941284217,0.74206320614,0.223194204637,0.721354465503,100.0
22.348749,-0.714835047155,-0.656927272412,-0.163752449107,0.85212632767,0.193281579274,-0.742830196534,-1.81278179608,95.6591644287,0.632383579806,-0.104694188773,-0.133072833349,1.64979633737,0.74206320614,0.222427214243,0.720587475109,100.0
22.358738,-0.718669999124,-0.656927272412,-0.162985458713,0.844072928534,0.182160218561,-0.741296215746,-1.81431577687,95.6591644287,0.632383579806,-0.104694188773,-0.132305842955,1.65056332776,0.742446701337,0.22281070944,0.720970970306,100.0
22.368728,-0.723655436685,-0.657310767609,-0.162218468319,0.834869043807,0.172572838637,-0.73822825417,-1.81508276727,95.6591644287,0.632383579806,-0.104694188773,-0.133072833349,1.65017983257,0.741679710943,0.223577699834,0.7217379607,100.0
22.378766,-0.728640874246,-0.656927272412,-0.161451477925,0.826048654276,0.161451477925,-0.736694273382,-1.81431577687,95.6591644287,0.631616589412,-0.104694188773,-0.133456328546,1.65017983257,0.742446701337,0.22281070944,0.7217379607,100.0
22.388823,-0.732475826215,-0.656543777215,-0.160684487531,0.81799525514,0.150330117213,-0.732859321412,-1.81393228167,95.6591644287,0.631616589412,-0.104310693576,-0.132305842955,1.65017983257,0.742446701337,0.223577699834,0.720587475109,100.0
22.398746,-0.737077768579,-0.656160282018,-0.161067982728,0.808024380019,0.139975746895,-0.73055835023,-1.81431577687,95.6591644287,0.632383579806,-0.104694188773,-0.132689338152,1.65056332776,0.74206320614,0.223194204637,0.720970970306,100.0
22.408750,-0.741296215746,-0.657694262806,-0.161451477925,0.799203990488,0.129621376576,-0.726723398261,-1.81393228167,95.6591644287,0.631616589412,-0.10507768397,-0.131922347758,1.65056332776,0.742446701337,0.223577699834,0.7217379607,100.0
22.418747,-0.744747672518,-0.6584612532,-0.160684487531,0.789616610564,0.119650501455,-0.723271941488,-1.81469927207,95.6591644287,0.632383579806,-0.105461179167,-0.133456328546,1.65094682296,0.741679710943,0.223577699834,0.721354465503,100.0
22.428725,-0.748199129291,-0.658844748397,-0.158767011546,0.780796221034,0.108529140743,-0.718669999124,-1.81354878648,95.6591644287,0.631616589412,-0.10507768397,-0.133456328546,1.65017983257,0.741679710943,0.22281070944,0.720970970306,100.0
22.438752,-0.753184566852,-0.658077758003,-0.159150506743,0.771208841109,0.100859236803,-0.714068056761,-1.81469927207,95.6591644287,0.632383579806,-0.104694188773,-0.133839823743,1.65056332776,0.741679710943,0.223961195031,0.720587475109,100.0
22.448755,-0.757786509215,-0.658844748397,-0.15953400194,0.761621461185,0.0905048664852,-0.706014657624,-1.81316529128,95.6591644287,0.632000084609,-0.104694188773,-0.133072833349,1.65094682296,0.74206320614,0.223194204637,0.7217379607,100.0
22.458737,-0.760854470791,-0.659228243594,-0.157616525955,0.752417576458,0.080150496167,-0.699878734473,-1.81278179608,95.6591644287,0.632000084609,-0.104694188773,-0.133456328546,1.65056332776,0.740912720549,0.22281070944,0.720587475109,100.0
22.468776,-0.764689422761,-0.659611738791,-0.157233030758,0.74321369173,0.0686456402579,-0.692208830533,-1.81316529128,95.6591644287,0.632000084609,-0.104310693576,-0.133456328546,1.65017983257,0.741679710943,0.223194204637,0.721354465503,100.0
22.478755,-0.768140879534,-0.6584612532,-0.156082545167,0.734009807003,0.0586747651366,-0.684155431397,-1.81278179608,95.6591644287,0.631616589412,-0.104694188773,-0.132305842955,1.65094682296,0.74206320614,0.223194204637,0.721354465503,100.0
22.488750,-0.771208841109,-0.660378729185,-0.156466040364,0.723655436685,0.0479368996214,-0.675335041867,-1.8112478153,95.6591644287,0.632383579806,-0.104310693576,-0.133456328546,1.65056332776,0.74206320614,0.223194204637,0.721354465503,100.0
22.498731,-0.775043793079,-0.659611738791,-0.156082545167,0.715218542352,0.0379660245002,-0.665747661942,-1.8104808249,95.6591644287,0.631616589412,-0.104310693576,-0.133072833349,1.65094682296,0.741296215746,0.222427214243,0.721354465503,100.0
22.508745,-0.779262240246,-0.659995233988,-0.154548564379,0.704480676836,0.0276116541819,-0.655776786821,-1.80894684411,95.6591644287,0.632383579806,-0.105461179167,-0.133072833349,1.65056332776,0.742830196534,0.223577699834,0.722121455897,100.0
22.518743,-0.782330201822,-0.660762224382,-0.155315554773,0.694509801715,0.0176407790607,-0.644271930912,-1.80664587293,95.6591644287,0.632383579806,-0.104694188773,-0.133072833349,1.65094682296,0.741679710943,0.223577699834,0.7217379607,100.0
22.528732,-0.784631173003,-0.659228243594,-0.152247593198,0.684922421791,0.00766990393943,-0.632383579806,-1.80396140655,95.6591644287,0.631616589412,-0.104694188773,-0.133456328546,1.65056332776,0.742446701337,0.223194204637,0.721354465503,100.0
22.538751,-0.787315639382,-0.660762224382,-0.151864098001,0.678403003442,-0.00383495196971,-0.622412704685,-1.80242742577,95.6591644287,0.632383579806,-0.104310693576,-0.133456328546,1.65056332776,0.74206320614,0.223577699834,0.7217379607,100.0
22.548749,-0.790000105761,-0.66344669076,-0.153781573986,0.675335041867,-0.0107378655152,-0.619344743109,-1.80319441616,95.6591644287,0.632767075003,-0.104694188773,-0.133456328546,1.65056332776,0.741679710943,0.223577699834,0.720203979912,100.0
22.558749,-0.791150591352,-0.666898147533,-0.154165069182,0.677252517851,-0.0115048559091,-0.623563190275,-1.80242742577,95.6591644287,0.632383579806,-0.104310693576,-0.132689338152,1.65017983257,0.741679710943,0.223577699834,0.721354465503,100.0
22.568745,-0.792301076943,-0.669966109109,-0.153781573986,0.680703974624,-0.00920388472731,-0.630082608624,-1.80357791136,95.6591644287,0.632383579806,-0.10507768397,-0.133072833349,1.65017983257,0.74206320614,0.223577699834,0.720970970306,100.0
22.578742,-0.792301076943,-0.673417565882,-0.15569904997,0.684538926594,-0.00498543756063,-0.634301055791,-1.80396140655,95.6591644287,0.6331505702,-0.104694188773,-0.133072833349,1.65056332776,0.741679710943,0.223961195031,0.721354465503,100.0
22.588745,-0.79268457214,-0.67495154667,-0.154165069182,0.686456402579,0.0,-0.634301055791,-1.80511189214,95.6591644287,0.633534065397,-0.105461179167,-0.133072833349,1.65056332776,0.741679710943,0.22281070944,0.7217379607,100.0
22.598749,-0.794985543322,-0.678403003442,-0.154548564379,0.686072907382,0.00153398078789,-0.630466103821,-1.80511189214,95.6591644287,0.6331505702,-0.10507768397,-0.132305842955,1.64902934698,0.741679710943,0.223577699834,0.720970970306,100.0
22.608738,-0.794985543322,-0.680320479427,-0.153781573986,0.686072907382,0.00306796157577,-0.62931561823,-1.80587888254,95.6591644287,0.632383579806,-0.104310693576,-0.133456328546,1.65056332776,0.74206320614,0.223577699834,0.7217379607,100.0
22.618743,-0.797286514503,-0.6837719362,-0.153781573986,0.686456402579,0.00345145677274,-0.628932123033,-1.80817985372,95.6591644287,0.632383579806,-0.10507768397,-0.133072833349,1.65017983257,0.742446701337,0.223194204637,0.720587475109,100.0
22.628772,-0.7976700097,-0.685305916988,-0.153781573986,0.686456402579,0.0053689327576,-0.630466103821,-1.8112478153,95.6591644287,0.632000084609,-0.104310693576,-0.133456328546,1.65056332776,0.741296215746,0.223194204637,0.721354465503,100.0
22.638754,-0.799203990488,-0.686456402579,-0.152631088395,0.686072907382,0.00651941834851,-0.628932123033,-1.81393228167,95.6591644287,0.632000084609,-0.104310693576,-0.133839823743,1.65056332776,0.741679710943,0.223194204637,0.7217379607,100.0
22.648734,-0.799970980882,-0.68760688817,-0.151480602804,0.687223392973,0.00766990393943,-0.627014647048,-1.81239830089,95.6591644287,0.632383579806,-0.104694188773,-0.132689338152,1.65017983257,0.741679710943,0.224728185425,0.7217379607,100.0
22.658745,-0.800354476079,-0.689907859351,-0.149946622016,0.686839897776,0.00843689433337,-0.623563190275,-1.8112478153,95.6591644287,0.632767075003,-0.10507768397,-0.131538852561,1.65017983257,0.741679710943,0.223961195031,0.721354465503,100.0
22.668737,-0.80150496167,-0.689907859351,-0.150330117213,0.685305916988,0.0080533991364,-0.618194257518,-1.80817985372,95.6591644287,0.632000084609,-0.104310693576,-0.132689338152,1.64979633737,0.74206320614,0.223577699834,0.7217379607,100.0
22.678730,-0.801888456867,-0.691825335336,-0.149946622016,0.686072907382,0.00766990393943,-0.611674839169,-1.80587888254,95.6591644287,0.632000084609,-0.104310693576,-0.133839823743,1.64941284217,0.74206320614,0.22281070944,0.720587475109,100.0
22.688744,-0.801888456867,-0.694126306518,-0.149179631622,0.685689412185,0.00766990393943,-0.606305906412,-1.80511189214,95.6591644287,0.631616589412,-0.104694188773,-0.133072833349,1.65056332776,0.74206320614,0.222043719046,0.720970970306,100.0
22.698747,-0.803805932852,-0.694509801715,-0.148412641228,0.686072907382,0.0080533991364,-0.601320468851,-1.80357791136,95.6591644287,0.631616589412,-0.104694188773,-0.132689338152,1.65056332776,0.741296215746,0.222043719046,0.722121455897,100.0
22.708749,-0.804572923246,-0.696043782503,-0.147262155637,0.684922421791,0.00766990393943,-0.593267069715,-1.80357791136,95.6591644287,0.631616589412,-0.104310693576,-0.133072833349,1.64902934698,0.74206320614,0.223194204637,0.720587475109,100.0
22.718777,-0.80533991364,-0.696810772897,-0.146495165243,0.684538926594,0.0080533991364,-0.584446680184,-1.80434490175,95.6591644287,0.630849599018,-0.103927198379,-0.132689338152,1.64979633737,0.741679710943,0.223194204637,0.7217379607,100.0
22.728750,-0.806490399231,-0.6964272777,-0.14687866044,0.684155431397,0.00766990393943,-0.576009785851,-1.80434490175,95.6591644287,0.630849599018,-0.103543703182,-0.133072833349,1.64941284217,0.74206320614,0.22281070944,0.720970970306,100.0
22.738751,-0.806106904034,-0.697194268094,-0.144961184455,0.684155431397,0.00690291354548,-0.56603891073,-1.80396140655,95.6591644287,0.631233094215,-0.103927198379,-0.133456328546,1.64941284217,0.741679710943,0.221660223849,0.720970970306,100.0
22.748744,-0.807257389625,-0.699111744079,-0.145728174849,0.684155431397,0.0053689327576,-0.554917550018,-1.80204393057,95.6591644287,0.631233094215,-0.103927198379,-0.133072833349,1.64979633737,0.74206320614,0.220893233455,0.7217379607,100.0
22.758753,-0.807257389625,-0.70026222967,-0.144194194061,0.684155431397,0.00460194236366,-0.546097160487,-1.80242742577,95.6591644287,0.631233094215,-0.10507768397,-0.132689338152,1.65094682296,0.74206320614,0.220893233455,0.720970970306,100.0
22.768731,-0.806106904034,-0.700645724867,-0.14304370847,0.684538926594,0.00306796157577,-0.534975799775,-1.80050994978,95.6591644287,0.631616589412,-0.10507768397,-0.132689338152,1.65017983257,0.742446701337,0.221660223849,0.7217379607,100.0
22.778729,-0.806490399231,-0.701796210458,-0.14304370847,0.682237955412,0.00230097118183,-0.522320458275,-1.80012645458,95.6591644287,0.630849599018,-0.103927198379,-0.133456328546,1.65133031816,0.741296215746,0.221660223849,0.7217379607,100.0
22.788744,-0.805723408837,-0.702179705655,-0.142276718076,0.682621450609,0.00115048559091,-0.510048611972,-1.7978254834,95.6591644287,0.630466103821,-0.10507768397,-0.133072833349,1.65133031816,0.741679710943,0.221276728652,0.721354465503,100.0
22.798733,-0.805723408837,-0.703330191245,-0.141509727682,0.682237955412,-0.000766990393943,-0.500844727245,-1.79667499781,95.6591644287,0.631616589412,-0.105461179167,-0.133072833349,1.65133031816,0.742446701337,0.221276728652,0.721354465503,100.0
22.808746,-0.805723408837,-0.70524766723,-0.140359242092,0.681470965018,-0.00230097118183,-0.488956376138,-1.79475752183,95.6591644287,0.632000084609,-0.10507768397,-0.133072833349,1.65133031816,0.74206320614,0.22281070944,0.720970970306,100.0
22.818761,-0.804189428049,-0.705631162427,-0.138825261304,0.680703974624,-0.00345145677274,-0.475917539441,-1.79360703624,95.6591644287,0.632383579806,-0.10507768397,-0.133456328546,1.65171381336,0.74206320614,0.222043719046,0.721354465503,100.0
22.828748,-0.804572923246,-0.705631162427,-0.137674775713,0.680320479427,-0.00498543756063,-0.465179673926,-1.79207305545,95.6591644287,0.632000084609,-0.105461179167,-0.133456328546,1.65171381336,0.74206320614,0.222043719046,0.7217379607,100.0
22.838756,-0.803422437655,-0.706014657624,-0.136140794925,0.678786498639,-0.00498543756063,-0.452907827623,-1.79092256986,95.6591644287,0.631616589412,-0.105461179167,-0.133839823743,1.65209730855,0.741296215746,0.221660223849,0.720970970306,100.0
22.848749,-0.803038942458,-0.707548638412,-0.135757299728,0.679169993836,-0.00690291354548,-0.439485495729,-1.79053907466,95.6591644287,0.631233094215,-0.10507768397,-0.133072833349,1.65209730855,0.741679710943,0.221660223849,0.722121455897,100.0
22.858746,-0.801888456867,-0.707932133609,-0.13422331894,0.678019508245,-0.00728640874246,-0.429131125411,-1.79015557946,95.6591644287,0.632000084609,-0.104694188773,-0.132689338152,1.65133031816,0.741679710943,0.222427214243,0.720970970306,100.0
22.868745,-0.80150496167,-0.7090826192,-0.134606814137,0.677252517851,-0.00958737992428,-0.416475783911,-1.79092256986,95.6591644287,0.631616589412,-0.104694188773,-0.132689338152,1.65094682296,0.74206320614,0.221660223849,0.721354465503,100.0
22.878747,-0.800354476079,-0.7090826192,-0.132305842955,0.677636013048,-0.0103543703182,-0.404587432805,-1.79092256986,95.6591644287,0.631616589412,-0.10507768397,-0.132689338152,1.65171381336,0.741296215746,0.221276728652,0.720970970306,100.0
22.888755,-0.799587485685,-0.710616599988,-0.132305842955,0.676869022654,-0.0118883511061,-0.391548596108,-1.78977208427,95.6591644287,0.631616589412,-0.103927198379,-0.132689338152,1.65171381336,0.741296215746,0.220893233455,0.721354465503,100.0
22.898755,-0.798820495291,-0.709466114397,-0.13038836697,0.675335041867,-0.0141893222879,-0.380427235396,-1.78670412269,95.6591644287,0.631233094215,-0.10507768397,-0.133072833349,1.65133031816,0.741679710943,0.221660223849,0.720970970306,100.0
22.908736,-0.798437000094,-0.710233104791,-0.129621376576,0.675718537064,-0.0149563126819,-0.366621408305,-1.7859371323,95.6591644287,0.632000084609,-0.105461179167,-0.133456328546,1.65171381336,0.741296215746,0.222043719046,0.720970970306,100.0
22.918742,-0.797286514503,-0.709849609594,-0.130004871773,0.673801061079,-0.0164902934698,-0.355500047592,-1.78363616111,95.6591644287,0.632383579806,-0.10507768397,-0.133072833349,1.65133031816,0.74206320614,0.220893233455,0.722121455897,100.0
22.928739,-0.797286514503,-0.710233104791,-0.127703900591,0.673801061079,-0.0180242742577,-0.341694220501,-1.78095169473,95.6591644287,0.630849599018,-0.104310693576,-0.133072833349,1.65056332776,0.741296215746,0.222043719046,0.720970970306,100.0
22.938730,-0.794985543322,-0.709849609594,-0.126553415001,0.673034070685,-0.0191747598486,-0.327888393411,-1.77941771395,95.6591644287,0.630466103821,-0.104694188773,-0.133072833349,1.65056332776,0.74206320614,0.220893233455,0.721354465503,100.0
22.948745,-0.795369038519,-0.709466114397,-0.126169919804,0.671883585094,-0.0207087406365,-0.31523305191,-1.77673324757,95.6591644287,0.631233094215,-0.104310693576,-0.133072833349,1.65133031816,0.741679710943,0.221660223849,0.720970970306,100.0
22.958748,-0.794602048125,-0.709849609594,-0.123868948622,0.6711165947,-0.0218592262274,-0.30257771041,-1.7732817908,95.6591644287,0.631233094215,-0.104310693576,-0.133072833349,1.65056332776,0.742446701337,0.221276728652,0.721354465503,100.0
22.968771,-0.793451562534,-0.709849609594,-0.123868948622,0.669966109109,-0.0230097118183,-0.289538873713,-1.76944683883,95.6591644287,0.631616589412,-0.104694188773,-0.132305842955,1.65056332776,0.742446701337,0.221660223849,0.720203979912,100.0
22.978764,-0.791534086549,-0.708315628806,-0.122718463031,0.669582613912,-0.0253106830001,-0.278034017804,-1.76637887725,95.6591644287,0.630466103821,-0.103543703182,-0.133072833349,1.65056332776,0.741679710943,0.221276728652,0.7217379607,100.0
22.988751,-0.790767096155,-0.707932133609,-0.12156797744,0.668432128321,-0.026844663788,-0.264228190713,-1.76446140127,95.6591644287,0.631233094215,-0.10507768397,-0.133072833349,1.65017983257,0.741296215746,0.222427214243,0.720970970306,100.0
22.998746,-0.790000105761,-0.707548638412,-0.118500015864,0.668048633124,-0.0299126253638,-0.251189354016,-1.76407790607,95.6591644287,0.631233094215,-0.103927198379,-0.133072833349,1.65094682296,0.74206320614,0.221276728652,0.721354465503,100.0
23.008752,-0.78884962017,-0.708699124003,-0.117349530273,0.66728164273,-0.0302961205607,-0.238917507713,-1.76254392528,95.6591644287,0.631233094215,-0.104310693576,-0.133456328546,1.65133031816,0.741296215746,0.221276728652,0.7217379607,100.0
23.018745,-0.787699134579,-0.707932133609,-0.117349530273,0.66728164273,-0.0329805869395,-0.227029156607,-1.76177693489,95.6591644287,0.631616589412,-0.104694188773,-0.133456328546,1.65133031816,0.741679710943,0.221276728652,0.720970970306,100.0
23.028743,-0.786548648988,-0.708315628806,-0.115432054288,0.66728164273,-0.0329805869395,-0.21399031991,-1.7602429541,95.6591644287,0.630849599018,-0.104694188773,-0.133072833349,1.65133031816,0.74206320614,0.221276728652,0.720970970306,100.0
23.038750,-0.785398163397,-0.707165143215,-0.113514578304,0.666131157139,-0.0329805869395,-0.202485464001,-1.7598594589,95.6591644287,0.632383579806,-0.104310693576,-0.133456328546,1.65209730855,0.741679710943,0.222043719046,0.7217379607,100.0
23.048753,-0.782330201822,-0.706781648018,-0.113514578304,0.668048633124,-0.0322135965456,-0.189830122501,-1.7594759637,95.6591644287,0.631233094215,-0.104310693576,-0.133072833349,1.65094682296,0.741296215746,0.221276728652,0.7217379607,100.0
23.058753,-0.782330201822,-0.706014657624,-0.110830111925,0.667665137927,-0.0329805869395,-0.177941771395,-1.75832547811,95.6591644287,0.631233094215,-0.104310693576,-0.133072833349,1.65133031816,0.74206320614,0.220509738259,0.7217379607,100.0
23.068744,-0.780796221034,-0.706781648018,-0.10891263594,0.666131157139,-0.0329805869395,-0.166436915486,-1.75832547811,95.6591644287,0.631233094215,-0.104310693576,-0.133456328546,1.65171381336,0.741679710943,0.222043719046,0.720587475109,100.0
23.078746,-0.778111754655,-0.706781648018,-0.109679626334,0.666898147533,-0.0329805869395,-0.154165069182,-1.75794198292,95.6591644287,0.631616589412,-0.10507768397,-0.132305842955,1.65209730855,0.741296215746,0.222043719046,0.7217379607,100.0
23.088744,-0.776961269064,-0.707165143215,-0.106228169561,0.666898147533,-0.0329805869395,-0.141509727682,-1.75909246851,95.6591644287,0.631233094215,-0.104694188773,-0.133456328546,1.65133031816,0.741296215746,0.220893233455,0.7217379607,100.0
23.098752,-0.774660297882,-0.706781648018,-0.106995159955,0.66728164273,-0.0329805869395,-0.129237881379,-1.75832547811,95.6591644287,0.632383579806,-0.10507768397,-0.133456328546,1.65171381336,0.742446701337,0.221276728652,0.721354465503,100.0
23.108736,-0.773893307488,-0.706398152821,-0.10507768397,0.66728164273,-0.0325970917426,-0.11773302547,-1.75909246851,95.6591644287,0.632000084609,-0.104694188773,-0.133456328546,1.65209730855,0.74206320614,0.221276728652,0.722504951094,100.0
23.118771,-0.7723593267,-0.70524766723,-0.103160207985,0.66728164273,-0.0345145677274,-0.106228169561,-1.75870897331,95.6591644287,0.632000084609,-0.10507768397,-0.132689338152,1.65094682296,0.741679710943,0.221276728652,0.720970970306,100.0
23.128736,-0.770825345912,-0.704097181639,-0.102776712788,0.668048633124,-0.0360485485153,-0.093572828061,-1.75870897331,95.6591644287,0.631616589412,-0.104694188773,-0.132689338152,1.65133031816,0.742446701337,0.220893233455,0.7217379607,100.0
23.138752,-0.769291365125,-0.702946696048,-0.101626227197,0.667665137927,-0.0360485485153,-0.080150496167,-1.75832547811,95.6591644287,0.631233094215,-0.104694188773,-0.13422331894,1.65133031816,0.742446701337,0.220893233455,0.721354465503,100.0
23.148731,-0.766990393943,-0.703713686442,-0.0997087512126,0.666898147533,-0.0368155389092,-0.0682621450609,-1.75870897331,95.6591644287,0.632383579806,-0.104694188773,-0.133456328546,1.65133031816,0.741679710943,0.221660223849,0.720970970306,100.0
23.158726,-0.765456413155,-0.703713686442,-0.10009224641,0.666898147533,-0.0368155389092,-0.0548398131669,-1.75909246851,95.6591644287,0.631233094215,-0.104694188773,-0.132305842955,1.65133031816,0.742446701337,0.221276728652,0.7217379607,100.0
23.168733,-0.763922432367,-0.702946696048,-0.0997087512126,0.66728164273,-0.0371990341062,-0.0421844716668,-1.75832547811,95.6591644287,0.631616589412,-0.10507768397,-0.133072833349,1.65133031816,0.741296215746,0.221660223849,0.720970970306,100.0
23.178724,-0.762388451579,-0.702563200852,-0.0981747704247,0.666898147533,-0.0379660245002,-0.0299126253638,-1.75909246851,95.6591644287,0.630466103821,-0.104310693576,-0.132305842955,1.65133031816,0.741679710943,0.221660223849,0.721354465503,100.0
23.188744,-0.761237965988,-0.703330191245,-0.0977912752277,0.66728164273,-0.0379660245002,-0.0168737886667,-1.7598594589,95.6591644287,0.631233094215,-0.104694188773,-0.133072833349,1.65133031816,0.741296215746,0.221276728652,0.721354465503,100.0
23.198723,-0.759320490003,-0.702179705655,-0.0970242848338,0.66728164273,-0.0375825293032,-0.0026844663788,-1.75909246851,95.6591644287,0.630849599018,-0.10507768397,-0.132689338152,1.65133031816,0.74206320614,0.220893233455,0.720970970306,100.0
23.208740,-0.756636023624,-0.701029220064,-0.093956323258,0.666514652336,-0.0364320437123,0.0111213607122,-1.75870897331,95.6591644287,0.631233094215,-0.104310693576,-0.132689338152,1.65133031816,0.741296215746,0.221276728652,0.721354465503,100.0
23.218736,-0.755869033231,-0.701029220064,-0.0951068088489,0.66728164273,-0.0379660245002,0.0253106830001,-1.75909246851,95.6591644287,0.630849599018,-0.104310693576,-0.133072833349,1.65171381336,0.742446701337,0.221660223849,0.720970970306,100.0
23.228747,-0.752801071655,-0.698728248882,-0.094339818455,0.667665137927,-0.0371990341062,0.0387330148941,-1.75909246851,95.6591644287,0.632383579806,-0.104310693576,-0.133072833349,1.65133031816,0.74206320614,0.221276728652,0.7217379607,100.0
23.238729,-0.751650586064,-0.699878734473,-0.093189332864,0.666898147533,-0.0379660245002,0.0521553467881,-1.75909246851,95.6591644287,0.630849599018,-0.104310693576,-0.133456328546,1.65209730855,0.741679710943,0.222043719046,0.721354465503,100.0
23.248728,-0.748966119685,-0.699878734473,-0.0920388472731,0.666514652336,-0.0375825293032,0.066728164273,-1.7594759637,95.6591644287,0.630849599018,-0.104310693576,-0.133456328546,1.65133031816,0.74206320614,0.220126243062,0.721354465503,100.0
23.258728,-0.748199129291,-0.698728248882,-0.0908883616822,0.666898147533,-0.0375825293032,0.07976700097,-1.75832547811,95.6591644287,0.631616589412,-0.104310693576,-0.133072833349,1.65094682296,0.741679710943,0.221660223849,0.721354465503,100.0
23.268737,-0.744364177321,-0.697194268094,-0.0916553520762,0.66728164273,-0.0383495196971,0.094339818455,-1.7594759637,95.6591644287,0.630849599018,-0.104694188773,-0.133072833349,1.65094682296,0.74206320614,0.221276728652,0.7217379607,100.0
23.278753,-0.74321369173,-0.697577763291,-0.0885873905004,0.666898147533,-0.0368155389092,0.107378655152,-1.7594759637,95.6591644287,0.631233094215,-0.104694188773,-0.133072833349,1.65094682296,0.742446701337,0.221276728652,0.722504951094,100.0
23.288733,-0.740912720549,-0.6964272777,-0.0889708856974,0.666514652336,-0.0375825293032,0.121951472637,-1.7598594589,95.6591644287,0.631616589412,-0.104694188773,-0.132689338152,1.65094682296,0.74206320614,0.221660223849,0.720970970306,100.0
23.298745,-0.738611749367,-0.695660287306,-0.0901213712883,0.666131157139,-0.0371990341062,0.13422331894,-1.7598594589,95.6591644287,0.631233094215,-0.104310693576,-0.131922347758,1.65133031816,0.741679710943,0.220893233455,0.720970970306,100.0
23.308744,-0.737461263776,-0.695276792109,-0.0874369049095,0.666898147533,-0.0371990341062,0.146495165243,-1.75909246851,95.6591644287,0.632000084609,-0.103927198379,-0.133072833349,1.65171381336,0.741296215746,0.220509738259,0.7217379607,100.0
23.318775,-0.734009807003,-0.694509801715,-0.0897378760913,0.665747661942,-0.0379660245002,0.160300992334,-1.7602429541,95.6591644287,0.631616589412,-0.104310693576,-0.133839823743,1.65056332776,0.74206320614,0.221660223849,0.720970970306,100.0
23.328753,-0.732859321412,-0.694126306518,-0.0897378760913,0.666514652336,-0.0368155389092,0.172956333834,-1.75909246851,95.6591644287,0.631233094215,-0.104694188773,-0.133072833349,1.65094682296,0.741679710943,0.221276728652,0.7217379607,100.0
23.338747,-0.73055835023,-0.693359316124,-0.0882038953034,0.666131157139,-0.0371990341062,0.18484468494,-1.7594759637,95.6591644287,0.631233094215,-0.104310693576,-0.132305842955,1.65209730855,0.74206320614,0.221276728652,0.721354465503,100.0
23.348745,-0.729024369443,-0.69259232573,-0.0874369049095,0.66728164273,-0.0375825293032,0.194815560061,-1.7594759637,95.6591644287,0.630849599018,-0.10507768397,-0.133456328546,1.65171381336,0.741679710943,0.222043719046,0.7217379607,100.0
23.358749,-0.727106893458,-0.692208830533,-0.0882038953034,0.669199118715,-0.0375825293032,0.199417502425,-1.7598594589,95.6591644287,0.631616589412,-0.104694188773,-0.133072833349,1.65171381336,0.74206320614,0.221276728652,0.720970970306,100.0
23.368731,-0.72557291267,-0.691441840139,-0.0874369049095,0.670733099503,-0.0379660245002,0.202485464001,-1.7606264493,95.6591644287,0.630849599018,-0.10507768397,-0.132689338152,1.65171381336,0.742446701337,0.221276728652,0.7217379607,100.0
23.378730,-0.723271941488,-0.688757373761,-0.0855194289246,0.670733099503,-0.0379660245002,0.207854396758,-1.76100994449,95.6591644287,0.631616589412,-0.104694188773,-0.132305842955,1.65171381336,0.741679710943,0.221276728652,0.721354465503,100.0
23.388744,-0.721354465503,-0.68760688817,-0.0862864193186,0.669582613912,-0.0383495196971,0.216291291092,-1.7606264493,95.6591644287,0.631233094215,-0.104694188773,-0.132689338152,1.65133031816,0.74206320614,0.221660223849,0.722121455897,100.0
23.398731,-0.719053494321,-0.68760688817,-0.0847524385307,0.668432128321,-0.0383495196971,0.222427214243,-1.76177693489,95.6591644287,0.631616589412,-0.104310693576,-0.133456328546,1.65133031816,0.741679710943,0.221660223849,0.720587475109,100.0
23.408746,-0.71790300873,-0.685305916988,-0.0839854481367,0.668432128321,-0.0391165100911,0.225878671016,-1.76177693489,95.6591644287,0.631616589412,-0.10507768397,-0.133072833349,1.65133031816,0.741679710943,0.220509738259,0.720970970306,100.0
23.418772,-0.716369027942,-0.684155431397,-0.0851359337276,0.66728164273,-0.0383495196971,0.230097118183,-1.76139343969,95.6591644287,0.632000084609,-0.104694188773,-0.133456328546,1.65171381336,0.741296215746,0.220126243062,0.721354465503,100.0
23.428757,-0.714068056761,-0.682237955412,-0.0843689433337,0.667665137927,-0.039500005288,0.234315565349,-1.76177693489,95.6591644287,0.632767075003,-0.10507768397,-0.132305842955,1.65094682296,0.741679710943,0.220893233455,0.7217379607,100.0
23.438746,-0.71291757117,-0.679169993836,-0.0832184577428,0.666898147533,-0.0391165100911,0.239684498107,-1.7602429541,95.6591644287,0.630849599018,-0.104310693576,-0.133839823743,1.65094682296,0.741679710943,0.220893233455,0.720970970306,100.0
23.448745,-0.712150580776,-0.679169993836,-0.0839854481367,0.665747661942,-0.040650490879,0.242368964486,-1.76139343969,95.6591644287,0.631616589412,-0.104310693576,-0.133072833349,1.65171381336,0.741679710943,0.220893233455,0.720970970306,100.0
23.458742,-0.709466114397,-0.677636013048,-0.0824514673488,0.665364166745,-0.0410339860759,0.241601974092,-1.76139343969,95.6591644287,0.630849599018,-0.104694188773,-0.133456328546,1.65133031816,0.742446701337,0.220893233455,0.721354465503,100.0
23.468745,-0.7090826192,-0.677636013048,-0.0820679721519,0.66728164273,-0.0410339860759,0.23930100291,-1.76177693489,95.6591644287,0.632000084609,-0.10507768397,-0.132689338152,1.65133031816,0.741679710943,0.221660223849,0.7217379607,100.0
23.478724,-0.707548638412,-0.675335041867,-0.080533991364,0.668432128321,-0.0410339860759,0.238917507713,-1.76139343969,95.6591644287,0.630849599018,-0.104694188773,-0.132689338152,1.65056332776,0.741679710943,0.220893233455,0.721354465503,100.0
23.488743,-0.706781648018,-0.67495154667,-0.080533991364,0.668432128321,-0.040266995682,0.238534012516,-1.76177693489,95.6591644287,0.630849599018,-0.105461179167,-0.132689338152,1.65171381336,0.742446701337,0.221660223849,0.721354465503,100.0
23.498732,-0.70524766723,-0.674184556276,-0.07976700097,0.667665137927,-0.039883500485,0.23930100291,-1.76100994449,95.6591644287,0.631233094215,-0.104694188773,-0.133456328546,1.65094682296,0.741296215746,0.221276728652,0.722121455897,100.0
23.508740,-0.704864172033,-0.672267080291,-0.0790000105761,0.668815623518,-0.040266995682,0.238917507713,-1.76100994449,95.6591644287,0.632383579806,-0.10507768397,-0.13422331894,1.65171381336,0.742446701337,0.221276728652,0.720587475109,100.0
23.518746,-0.703713686442,-0.671500089897,-0.0782330201822,0.668432128321,-0.039883500485,0.237767022122,-1.76100994449,95.6591644287,0.631233094215,-0.10507768397,-0.133456328546,1.65209730855,0.741296215746,0.221276728652,0.720587475109,100.0
23.528739,-0.703713686442,-0.670733099503,-0.0782330201822,0.668432128321,-0.040266995682,0.234699060546,-1.76139343969,95.6591644287,0.631233094215,-0.104694188773,-0.133456328546,1.65248080375,0.741296215746,0.220893233455,0.722121455897,100.0
23.538732,-0.702179705655,-0.669199118715,-0.080150496167,0.668432128321,-0.039883500485,0.234315565349,-1.76177693489,95.6591644287,0.632000084609,-0.104694188773,-0.133839823743,1.65171381336,0.741296215746,0.221660223849,0.721354465503,100.0
23.548725,-0.701412715261,-0.669199118715,-0.0790000105761,0.668048633124,-0.040266995682,0.233548574956,-1.7606264493,95.6591644287,0.632383579806,-0.10507768397,-0.133456328546,1.65056332776,0.74206320614,0.222043719046,0.7217379607,100.0
23.558728,-0.701029220064,-0.668048633124,-0.0782330201822,0.667665137927,-0.040266995682,0.232398089365,-1.76100994449,95.6591644287,0.631233094215,-0.103927198379,-0.133839823743,1.65094682296,0.74206320614,0.221276728652,0.721354465503,100.0
23.568727,-0.70026222967,-0.667665137927,-0.0770825345912,0.666514652336,-0.039883500485,0.230864108577,-1.7606264493,95.6591644287,0.631233094215,-0.103927198379,-0.132689338152,1.65133031816,0.741679710943,0.221660223849,0.7217379607,100.0
23.578741,-0.699495239276,-0.665747661942,-0.0778495249852,0.666898147533,-0.0410339860759,0.228179642198,-1.76177693489,95.6591644287,0.631616589412,-0.103927198379,-0.133456328546,1.65171381336,0.742446701337,0.220893233455,0.7217379607,100.0
23.588727,-0.699495239276,-0.66728164273,-0.0774660297882,0.666514652336,-0.039883500485,0.22664566141,-1.76139343969,95.6591644287,0.632383579806,-0.10507768397,-0.133456328546,1.65056332776,0.741679710943,0.222043719046,0.720203979912,100.0
23.598720,-0.698728248882,-0.666514652336,-0.0770825345912,0.666898147533,-0.040266995682,0.225495175819,-1.76177693489,95.6591644287,0.631233094215,-0.103160207985,-0.133456328546,1.65133031816,0.742446701337,0.222043719046,0.720970970306,100.0
23.608723,-0.698344753685,-0.665364166745,-0.0747815634094,0.666514652336,-0.040266995682,0.224728185425,-1.76177693489,95.6591644287,0.631233094215,-0.104310693576,-0.133839823743,1.65094682296,0.741679710943,0.220893233455,0.722121455897,100.0
23.618738,-0.698344753685,-0.667665137927,-0.0763155441973,0.666514652336,-0.039883500485,0.222043719046,-1.76139343969,95.6591644287,0.631616589412,-0.104694188773,-0.132689338152,1.65133031816,0.741679710943,0.221660223849,0.721354465503,100.0
23.628726,-0.696810772897,-0.66728164273,-0.0766990393943,0.666131157139,-0.040650490879,0.221660223849,-1.76177693489,95.6591644287,0.632000084609,-0.10507768397,-0.133072833349,1.65171381336,0.741679710943,0.222043719046,0.721354465503,100.0
23.638742,-0.697194268094,-0.666514652336,-0.0766990393943,0.666131157139,-0.040266995682,0.221276728652,-1.76216043008,95.6591644287,0.632000084609,-0.104694188773,-0.133072833349,1.65094682296,0.74206320614,0.220893233455,0.7217379607,100.0
23.648742,-0.697194268094,-0.667665137927,-0.0763155441973,0.666131157139,-0.040650490879,0.220893233455,-1.76177693489,95.6591644287,0.631233094215,-0.10507768397,-0.131922347758,1.65094682296,0.741296215746,0.220893233455,0.7217379607,100.0
23.658750,-0.695660287306,-0.667665137927,-0.0743980682124,0.666131157139,-0.040650490879,0.220126243062,-1.76446140127,95.6591644287,0.630849599018,-0.104310693576,-0.132689338152,1.65094682296,0.741296215746,0.222043719046,0.720970970306,100.0
23.668778,-0.696043782503,-0.668432128321,-0.0747815634094,0.664597176351,-0.040266995682,0.220893233455,-1.76331091567,95.6591644287,0.631616589412,-0.103927198379,-0.13422331894,1.65133031816,0.742830196534,0.221276728652,0.720587475109,100.0
23.678756,-0.696043782503,-0.668815623518,-0.0747815634094,0.664597176351,-0.0410339860759,0.222043719046,-1.76254392528,95.6591644287,0.632000084609,-0.104694188773,-0.132689338152,1.65171381336,0.741679710943,0.221276728652,0.721354465503,100.0
23.688744,-0.6964272777,-0.669966109109,-0.0766990393943,0.663830185957,-0.040650490879,0.220893233455,-1.76331091567,95.6591644287,0.631233094215,-0.103927198379,-0.133839823743,1.65171381336,0.742446701337,0.220893233455,0.721354465503,100.0
23.698750,-0.696043782503,-0.669966109109,-0.0766990393943,0.663063195563,-0.0414174812729,0.220893233455,-1.76446140127,95.6591644287,0.631233094215,-0.104310693576,-0.133456328546,1.65171381336,0.74206320614,0.221660223849,0.722121455897,100.0
23.708747,-0.6964272777,-0.671500089897,-0.0766990393943,0.66344669076,-0.0414174812729,0.220893233455,-1.76446140127,95.6591644287,0.631616589412,-0.104694188773,-0.133456328546,1.65094682296,0.741679710943,0.222043719046,0.720587475109,100.0
23.718744,-0.695660287306,-0.671500089897,-0.0755485538034,0.663063195563,-0.0418009764699,0.220509738259,-1.76484489646,95.6591644287,0.632383579806,-0.104310693576,-0.132689338152,1.65017983257,0.74206320614,0.221660223849,0.7217379607,100.0
23.728729,-0.6964272777,-0.671500089897,-0.0751650586064,0.66229620517,-0.0421844716668,0.219742747865,-1.76369441087,95.6591644287,0.632383579806,-0.104310693576,-0.133072833349,1.65094682296,0.742446701337,0.221276728652,0.720970970306,100.0
23.738758,-0.694509801715,-0.673417565882,-0.0747815634094,0.661529214776,-0.0441019476517,0.220126243062,-1.76407790607,95.6591644287,0.630849599018,-0.10507768397,-0.132305842955,1.65056332776,0.741679710943,0.222427214243,0.7217379607,100.0
23.748747,-0.6964272777,-0.674568051473,-0.0766990393943,0.660762224382,-0.0444854428487,0.219742747865,-1.76446140127,95.6591644287,0.632383579806,-0.104694188773,-0.132689338152,1.65133031816,0.74206320614,0.222427214243,0.721354465503,100.0
23.758773,-0.6964272777,-0.67495154667,-0.0770825345912,0.659611738791,-0.0467864140305,0.218975757471,-1.76446140127,95.6591644287,0.632000084609,-0.104694188773,-0.132689338152,1.65094682296,0.74206320614,0.222043719046,0.7217379607,100.0
23.768754,-0.6964272777,-0.677252517851,-0.0755485538034,0.659228243594,-0.0490873852123,0.218975757471,-1.76522839166,95.6591644287,0.632000084609,-0.104694188773,-0.133072833349,1.65017983257,0.741679710943,0.221660223849,0.7217379607,100.0
23.778735,-0.697194268094,-0.677636013048,-0.0751650586064,0.657694262806,-0.0521553467881,0.218592262274,-1.76446140127,95.6591644287,0.632000084609,-0.104310693576,-0.133072833349,1.65056332776,0.74206320614,0.222043719046,0.720970970306,100.0
23.788779,-0.696810772897,-0.678786498639,-0.0766990393943,0.657310767609,-0.052922337182,0.218592262274,-1.76484489646,95.6591644287,0.631616589412,-0.104694188773,-0.132305842955,1.65094682296,0.74206320614,0.221660223849,0.7217379607,100.0
23.798750,-0.697194268094,-0.67993698423,-0.0766990393943,0.655393291624,-0.0521553467881,0.21782527188,-1.76484489646,95.6591644287,0.631233094215,-0.103927198379,-0.133456328546,1.65133031816,0.741679710943,0.222427214243,0.720970970306,100.0
23.808742,-0.697961258488,-0.680703974624,-0.0778495249852,0.655393291624,-0.0513883563942,0.218975757471,-1.76484489646,95.6591644287,0.631233094215,-0.104310693576,-0.133072833349,1.65133031816,0.74206320614,0.222043719046,0.7217379607,100.0
23.818746,-0.698344753685,-0.681087469821,-0.0778495249852,0.653859310836,-0.0513883563942,0.217441776683,-1.76407790607,95.6591644287,0.630849599018,-0.104310693576,-0.133072833349,1.65171381336,0.741679710943,0.222427214243,0.721354465503,100.0
23.828740,-0.699495239276,-0.683004945806,-0.0782330201822,0.653859310836,-0.0521553467881,0.217058281486,-1.76484489646,95.6591644287,0.630849599018,-0.104694188773,-0.132689338152,1.65209730855,0.741679710943,0.221276728652,0.721354465503,100.0
23.838728,-0.699495239276,-0.684922421791,-0.0774660297882,0.652708825245,-0.0517718515911,0.216674786289,-1.76484489646,95.6591644287,0.632383579806,-0.104694188773,-0.133072833349,1.65171381336,0.741679710943,0.221276728652,0.7217379607,100.0
23.848748,-0.700645724867,-0.68760688817,-0.0774660297882,0.651174844457,-0.0521553467881,0.215524300698,-1.76522839166,95.6591644287,0.631616589412,-0.104310693576,-0.133839823743,1.65094682296,0.741296215746,0.220893233455,0.720970970306,100.0
23.858746,-0.701796210458,-0.688757373761,-0.0774660297882,0.650024358866,-0.0517718515911,0.21399031991,-1.76484489646,95.6591644287,0.630849599018,-0.104694188773,-0.133072833349,1.65133031816,0.741679710943,0.222043719046,0.7217379607,100.0
23.868741,-0.701796210458,-0.689907859351,-0.0793835057731,0.649257368473,-0.0517718515911,0.213223329516,-1.76599538205,95.6591644287,0.630849599018,-0.104694188773,-0.132689338152,1.65094682296,0.741679710943,0.220893233455,0.7217379607,100.0
23.878750,-0.703330191245,-0.691058344942,-0.0790000105761,0.648490378079,-0.052922337182,0.212839834319,-1.76561188686,95.6591644287,0.630849599018,-0.104694188773,-0.133456328546,1.65094682296,0.74206320614,0.221276728652,0.7217379607,100.0
23.888744,-0.704097181639,-0.692975820927,-0.07976700097,0.647339892488,-0.0525388419851,0.210922358334,-1.76561188686,95.6591644287,0.630849599018,-0.103927198379,-0.133072833349,1.65017983257,0.741296215746,0.220893233455,0.7217379607,100.0
23.898755,-0.704097181639,-0.694893296912,-0.080917486561,0.6458059117,-0.0521553467881,0.209388377546,-1.76561188686,95.6591644287,0.631233094215,-0.103927198379,-0.133072833349,1.65171381336,0.741679710943,0.220893233455,0.720587475109,100.0
23.908743,-0.706398152821,-0.696043782503,-0.07976700097,0.644271930912,-0.0521553467881,0.208621387152,-1.76599538205,95.6591644287,0.631233094215,-0.104310693576,-0.132689338152,1.65171381336,0.742446701337,0.222043719046,0.721354465503,100.0
23.918738,-0.706781648018,-0.696810772897,-0.0813009817579,0.643121445321,-0.052922337182,0.208237891955,-1.76676237245,95.6591644287,0.631233094215,-0.104694188773,-0.13422331894,1.65209730855,0.74206320614,0.222043719046,0.7217379607,100.0
23.928726,-0.708315628806,-0.699878734473,-0.0820679721519,0.641587464533,-0.053305832379,0.207470901562,-1.76599538205,95.6591644287,0.631616589412,-0.104310693576,-0.133072833349,1.65171381336,0.741679710943,0.222043719046,0.7217379607,100.0
23.938749,-0.709466114397,-0.701796210458,-0.0824514673488,0.641587464533,-0.053689327576,0.206320415971,-1.76637887725,95.6591644287,0.632000084609,-0.103927198379,-0.133072833349,1.65209730855,0.741679710943,0.221660223849,0.7217379607,100.0
23.948753,-0.710233104791,-0.703713686442,-0.0839854481367,0.640436978942,-0.0525388419851,0.206703911168,-1.76599538205,95.6591644287,0.631616589412,-0.104310693576,-0.133456328546,1.65094682296,0.74206320614,0.221276728652,0.7217379607,100.0
23.958751,-0.711767085579,-0.706398152821,-0.0843689433337,0.63813600776,-0.052922337182,0.206703911168,-1.76637887725,95.6591644287,0.630849599018,-0.103927198379,-0.13422331894,1.65171381336,0.741679710943,0.220893233455,0.7217379607,100.0
23.968728,-0.713301066367,-0.707932133609,-0.0843689433337,0.636985522169,-0.053305832379,0.205936920774,-1.76637887725,95.6591644287,0.630849599018,-0.104694188773,-0.13422331894,1.65133031816,0.742446701337,0.221276728652,0.721354465503,100.0
23.978749,-0.714835047155,-0.708315628806,-0.0836019529398,0.635451541382,-0.052922337182,0.207087406365,-1.76561188686,95.6591644287,0.630849599018,-0.104694188773,-0.132305842955,1.65133031816,0.74206320614,0.222043719046,0.7217379607,100.0
23.988748,-0.715218542352,-0.711767085579,-0.0855194289246,0.633917560594,-0.052922337182,0.206703911168,-1.76599538205,95.6591644287,0.631616589412,-0.105461179167,-0.133072833349,1.65094682296,0.74206320614,0.221660223849,0.720970970306,100.0
23.998742,-0.716369027942,-0.714068056761,-0.0862864193186,0.6331505702,-0.053689327576,0.205553425577,-1.76637887725,95.6591644287,0.631233094215,-0.103927198379,-0.133456328546,1.65133031816,0.74206320614,0.221276728652,0.721354465503,100.0
24.008734,-0.718286503927,-0.714835047155,-0.0878204001064,0.632383579806,-0.052922337182,0.20516993038,-1.76676237245,95.6591644287,0.632000084609,-0.104694188773,-0.133072833349,1.65133031816,0.742446701337,0.221660223849,0.720587475109,100.0
24.018739,-0.719436989518,-0.717136018336,-0.0862864193186,0.630849599018,-0.053305832379,0.202868959198,-1.76676237245,95.6591644287,0.631616589412,-0.104310693576,-0.133456328546,1.65094682296,0.74206320614,0.222427214243,0.7217379607,100.0
24.028743,-0.722121455897,-0.719053494321,-0.0862864193186,0.628932123033,-0.0552233083639,0.201718473607,-1.76714586764,95.6591644287,0.632383579806,-0.104694188773,-0.132689338152,1.65094682296,0.74206320614,0.221660223849,0.722121455897,100.0
24.038739,-0.722888446291,-0.719820484715,-0.0878204001064,0.624713675866,-0.0575242795457,0.200951483213,-1.76829635323,95.6591644287,0.631233094215,-0.10507768397,-0.133072833349,1.65056332776,0.741296215746,0.221660223849,0.7217379607,100.0
24.048743,-0.724038931882,-0.720587475109,-0.0870534097125,0.621645714291,-0.0582912699396,0.198650512031,-1.76829635323,95.6591644287,0.631616589412,-0.104310693576,-0.133456328546,1.65171381336,0.742446701337,0.222427214243,0.720587475109,100.0
24.058744,-0.72557291267,-0.7217379607,-0.0874369049095,0.620878723897,-0.0590582603336,0.192898084077,-1.76983033402,95.6591644287,0.632000084609,-0.104694188773,-0.132689338152,1.65094682296,0.741679710943,0.222043719046,0.721354465503,100.0
24.068730,-0.727106893458,-0.724422427079,-0.0893543808943,0.617810762321,-0.0625097171063,0.186378665728,-1.77174781001,95.6591644287,0.632383579806,-0.10507768397,-0.133072833349,1.65094682296,0.741296215746,0.221660223849,0.7217379607,100.0
24.078730,-0.728640874246,-0.724805922276,-0.0874369049095,0.613208819957,-0.0659611738791,0.184077694546,-1.7725148004,95.6591644287,0.632383579806,-0.103927198379,-0.133456328546,1.65017983257,0.74206320614,0.221660223849,0.720587475109,100.0
24.088750,-0.72940786464,-0.72557291267,-0.0874369049095,0.6078398872,-0.0694126306518,0.182927208955,-1.77443227639,95.6591644287,0.632383579806,-0.104694188773,-0.132689338152,1.65094682296,0.74206320614,0.220893233455,0.7217379607,100.0
24.098755,-0.732092331018,-0.727106893458,-0.0878204001064,0.602470954442,-0.0732475826215,0.179475752183,-1.77634975237,95.6591644287,0.631233094215,-0.103927198379,-0.133072833349,1.64979633737,0.742446701337,0.221276728652,0.720970970306,100.0
24.108744,-0.732475826215,-0.727873883852,-0.0878204001064,0.599402992866,-0.0774660297882,0.173723324228,-1.77788373316,95.6591644287,0.632000084609,-0.104310693576,-0.133072833349,1.65094682296,0.741679710943,0.221276728652,0.721354465503,100.0
24.118728,-0.734009807003,-0.729791359836,-0.0878204001064,0.597102021684,-0.080533991364,0.164902934698,-1.77865072355,95.6591644287,0.631616589412,-0.104694188773,-0.133456328546,1.65133031816,0.74206320614,0.221660223849,0.722121455897,100.0
24.128730,-0.734776797397,-0.732092331018,-0.0885873905004,0.59633503129,-0.0813009817579,0.157616525955,-1.77941771395,95.6591644287,0.631233094215,-0.10507768397,-0.133456328546,1.65056332776,0.74206320614,0.221276728652,0.721354465503,100.0
24.138741,-0.735543787791,-0.733626311806,-0.0882038953034,0.594801050503,-0.0828349625458,0.153781573986,-1.77903421875,95.6591644287,0.632000084609,-0.104310693576,-0.132689338152,1.65171381336,0.741296215746,0.221276728652,0.721354465503,100.0
24.148775,-0.735543787791,-0.735543787791,-0.0901213712883,0.594034060109,-0.0836019529398,0.154932059576,-1.77865072355,95.6591644287,0.632000084609,-0.104694188773,-0.133839823743,1.65133031816,0.741296215746,0.221276728652,0.7217379607,100.0
24.158753,-0.73822825417,-0.738611749367,-0.0905048664852,0.59134959373,-0.0836019529398,0.156849535561,-1.77865072355,95.6591644287,0.631616589412,-0.104694188773,-0.133456328546,1.65056332776,0.741679710943,0.220509738259,0.7217379607,100.0
24.168733,-0.738995244564,-0.741296215746,-0.0905048664852,0.590582603336,-0.0836019529398,0.158383516349,-1.77865072355,95.6591644287,0.631616589412,-0.104694188773,-0.133456328546,1.65094682296,0.741679710943,0.221276728652,0.721354465503,100.0
24.178746,-0.738995244564,-0.743980682124,-0.0893543808943,0.589815612942,-0.0832184577428,0.156466040364,-1.77865072355,95.6591644287,0.632000084609,-0.104310693576,-0.133072833349,1.65056332776,0.741296215746,0.221660223849,0.7217379607,100.0
24.188726,-0.740529225352,-0.746281653306,-0.0908883616822,0.589432117745,-0.0836019529398,0.15569904997,-1.77826722836,95.6591644287,0.631616589412,-0.104310693576,-0.133072833349,1.65133031816,0.741679710943,0.222043719046,0.721354465503,100.0
24.198744,-0.741679710943,-0.747432138897,-0.0905048664852,0.588281632154,-0.0843689433337,0.15569904997,-1.77865072355,95.6591644287,0.631616589412,-0.104310693576,-0.133456328546,1.65171381336,0.742446701337,0.222043719046,0.721354465503,100.0
24.208742,-0.742830196534,-0.748966119685,-0.0908883616822,0.586364156169,-0.0832184577428,0.156849535561,-1.77788373316,95.6591644287,0.631616589412,-0.104310693576,-0.133456328546,1.65094682296,0.741679710943,0.222043719046,0.720970970306,100.0
24.218741,-0.743980682124,-0.75088359567,-0.0901213712883,0.584446680184,-0.0832184577428,0.156849535561,-1.77826722836,95.6591644287,0.632383579806,-0.103927198379,-0.133072833349,1.65094682296,0.741679710943,0.222043719046,0.720203979912,100.0
24.228728,-0.744364177321,-0.752801071655,-0.0912718568792,0.58367968979,-0.0828349625458,0.156466040364,-1.77903421875,95.6591644287,0.632383579806,-0.104694188773,-0.133456328546,1.65171381336,0.74206320614,0.221276728652,0.721354465503,100.0
24.238728,-0.745898158109,-0.753951557246,-0.0905048664852,0.582145709003,-0.0836019529398,0.156849535561,-1.77865072355,95.6591644287,0.632383579806,-0.104694188773,-0.133456328546,1.65171381336,0.74206320614,0.220893233455,0.720203979912,100.0
24.248740,-0.745898158109,-0.755869033231,-0.0897378760913,0.580228233018,-0.0836019529398,0.158767011546,-1.77865072355,95.6591644287,0.631233094215,-0.10507768397,-0.132689338152,1.65133031816,0.74206320614,0.221276728652,0.721354465503,100.0
24.258742,-0.747815634094,-0.757403014018,-0.0908883616822,0.579461242624,-0.0839854481367,0.161067982728,-1.77980120914,95.6591644287,0.631233094215,-0.10507768397,-0.133072833349,1.65133031816,0.74206320614,0.221660223849,0.720970970306,100.0
24.268741,-0.747815634094,-0.758170004412,-0.0908883616822,0.57869425223,-0.0843689433337,0.161067982728,-1.78018470434,95.6591644287,0.631616589412,-0.103927198379,-0.133072833349,1.65056332776,0.74206320614,0.222043719046,0.7217379607,100.0
24.278732,-0.748582624488,-0.7597039852,-0.0912718568792,0.577927261836,-0.0855194289246,0.160684487531,-1.78133518993,95.6591644287,0.632000084609,-0.104694188773,-0.133456328546,1.65094682296,0.74206320614,0.222043719046,0.7217379607,100.0
24.288745,-0.749733110079,-0.762004956382,-0.0920388472731,0.576776776245,-0.0874369049095,0.161067982728,-1.78171868513,95.6591644287,0.630849599018,-0.10507768397,-0.133072833349,1.65056332776,0.742446701337,0.222043719046,0.720203979912,100.0
24.298776,-0.750116605276,-0.762771946776,-0.0928058376671,0.572558329078,-0.0905048664852,0.163752449107,-1.78286917072,95.6591644287,0.631233094215,-0.104310693576,-0.133072833349,1.65094682296,0.741679710943,0.222043719046,0.720970970306,100.0
24.308774,-0.75088359567,-0.76353893717,-0.0912718568792,0.568723377109,-0.0916553520762,0.16720390588,-1.7851701419,95.6591644287,0.630849599018,-0.104310693576,-0.132689338152,1.65133031816,0.742446701337,0.222043719046,0.720587475109,100.0
24.318737,-0.752034081261,-0.763922432367,-0.0905048664852,0.567189396321,-0.0958737992428,0.165286429895,-1.78747111308,95.6591644287,0.630466103821,-0.104310693576,-0.133072833349,1.65133031816,0.74206320614,0.222043719046,0.720970970306,100.0
24.328752,-0.752801071655,-0.765072917958,-0.0901213712883,0.563737939548,-0.0997087512126,0.162601963516,-1.79130606505,95.6591644287,0.630466103821,-0.104310693576,-0.133456328546,1.65017983257,0.741679710943,0.221660223849,0.721354465503,100.0
24.338734,-0.753951557246,-0.765072917958,-0.0893543808943,0.561436968366,-0.102776712788,0.161067982728,-1.79168956025,95.6591644287,0.631233094215,-0.104310693576,-0.133456328546,1.65056332776,0.741679710943,0.221660223849,0.721354465503,100.0
24.348730,-0.753951557246,-0.766606898746,-0.0901213712883,0.558752501987,-0.105844674364,0.161451477925,-1.79399053143,95.6591644287,0.630082608624,-0.104310693576,-0.132689338152,1.64979633737,0.74206320614,0.221660223849,0.721354465503,100.0
24.358728,-0.754335052443,-0.768140879534,-0.0897378760913,0.557985511593,-0.107762150349,0.159917497137,-1.79437402663,95.6591644287,0.630082608624,-0.103927198379,-0.133072833349,1.65094682296,0.742446701337,0.220893233455,0.720970970306,100.0
24.368745,-0.753951557246,-0.768907869928,-0.0905048664852,0.557602016396,-0.10891263594,0.158767011546,-1.79514101702,95.6591644287,0.629699113427,-0.104310693576,-0.132305842955,1.65133031816,0.741679710943,0.221660223849,0.721354465503,100.0
24.378746,-0.754335052443,-0.770441850715,-0.0889708856974,0.55836900679,-0.11274758791,0.156082545167,-1.79552451222,95.6591644287,0.62931561823,-0.104694188773,-0.133839823743,1.65094682296,0.742446701337,0.221276728652,0.7217379607,100.0
24.388729,-0.753568062049,-0.7723593267,-0.0908883616822,0.557985511593,-0.114665063894,0.156082545167,-1.79475752183,95.6591644287,0.630466103821,-0.104694188773,-0.132305842955,1.65094682296,0.74206320614,0.221660223849,0.722121455897,100.0
24.398722,-0.755102042837,-0.774276802685,-0.0908883616822,0.557602016396,-0.115432054288,0.158000021152,-1.79552451222,95.6591644287,0.630849599018,-0.103927198379,-0.132689338152,1.65056332776,0.741296215746,0.222043719046,0.719820484715,100.0
24.408747,-0.754335052443,-0.775043793079,-0.0908883616822,0.556068035608,-0.1138980735,0.157233030758,-1.79514101702,95.6591644287,0.630082608624,-0.103927198379,-0.133072833349,1.65094682296,0.74206320614,0.221276728652,0.720970970306,100.0
24.418729,-0.755102042837,-0.775427288276,-0.0889708856974,0.555301045215,-0.114281568697,0.156849535561,-1.79552451222,95.6591644287,0.630082608624,-0.103927198379,-0.132689338152,1.65094682296,0.74206320614,0.221660223849,0.721354465503,100.0
24.428741,-0.755485538034,-0.775810783473,-0.0912718568792,0.555301045215,-0.114665063894,0.15569904997,-1.79590800742,95.6591644287,0.631233094215,-0.104310693576,-0.132689338152,1.65133031816,0.741679710943,0.221276728652,0.7217379607,100.0
24.438723,-0.756252528428,-0.77619427867,-0.0916553520762,0.554150559624,-0.114665063894,0.155315554773,-1.79437402663,95.6591644287,0.630082608624,-0.104310693576,-0.131922347758,1.65133031816,0.741679710943,0.221660223849,0.7217379607,100.0
24.448756,-0.755869033231,-0.777728259458,-0.0897378760913,0.553000074033,-0.114665063894,0.155315554773,-1.79629150261,95.6591644287,0.630082608624,-0.104310693576,-0.133072833349,1.65133031816,0.741679710943,0.221660223849,0.721354465503,100.0
24.458724,-0.755869033231,-0.777728259458,-0.0908883616822,0.553000074033,-0.115432054288,0.155315554773,-1.79552451222,95.6591644287,0.630849599018,-0.104694188773,-0.132689338152,1.65094682296,0.74206320614,0.221660223849,0.721354465503,100.0
24.468763,-0.757019518821,-0.778111754655,-0.0912718568792,0.552233083639,-0.114665063894,0.154548564379,-1.79629150261,95.6591644287,0.631616589412,-0.104310693576,-0.133456328546,1.65133031816,0.742446701337,0.222427214243,0.721354465503,100.0
24.478737,-0.756252528428,-0.778111754655,-0.0897378760913,0.551466093245,-0.114665063894,0.15569904997,-1.79552451222,95.6591644287,0.630466103821,-0.104694188773,-0.133072833349,1.65133031816,0.741679710943,0.221276728652,0.721354465503,100.0
24.488779,-0.756636023624,-0.778111754655,-0.0908883616822,0.550699102851,-0.115048559091,0.156466040364,-1.79629150261,95.6591644287,0.632000084609,-0.104694188773,-0.133456328546,1.65133031816,0.741679710943,0.220893233455,0.721354465503,100.0
24.498737,-0.756252528428,-0.778495249852,-0.0912718568792,0.550699102851,-0.114281568697,0.158000021152,-1.79552451222,95.6591644287,0.632000084609,-0.104310693576,-0.133072833349,1.65133031816,0.74206320614,0.221276728652,0.722121455897,100.0
24.508746,-0.756252528428,-0.778495249852,-0.0893543808943,0.550315607654,-0.114665063894,0.158767011546,-1.79590800742,95.6591644287,0.631233094215,-0.103927198379,-0.133072833349,1.65133031816,0.741679710943,0.223194204637,0.7217379607,100.0
24.518725,-0.756252528428,-0.778495249852,-0.0905048664852,0.551082598048,-0.115048559091,0.156849535561,-1.79590800742,95.6591644287,0.631233094215,-0.104310693576,-0.133456328546,1.65056332776,0.741296215746,0.22281070944,0.721354465503,100.0
24.528729,-0.755869033231,-0.778111754655,-0.0901213712883,0.550315607654,-0.1138980735,0.156849535561,-1.79590800742,95.6591644287,0.631233094215,-0.104310693576,-0.133456328546,1.65094682296,0.741679710943,0.222043719046,0.720970970306,100.0
24.538727,-0.756252528428,-0.777728259458,-0.0901213712883,0.550699102851,-0.114281568697,0.157616525955,-1.79590800742,95.6591644287,0.631233094215,-0.104310693576,-0.133456328546,1.65094682296,0.742446701337,0.221276728652,0.720970970306,100.0
24.548732,-0.756252528428,-0.777344764261,-0.0885873905004,0.551466093245,-0.114281568697,0.158000021152,-1.79552451222,95.6591644287,0.631616589412,-0.104310693576,-0.133072833349,1.64979633737,0.741679710943,0.222043719046,0.7217379607,100.0
24.558729,-0.755485538034,-0.777728259458,-0.0908883616822,0.551466093245,-0.114281568697,0.157616525955,-1.79629150261,95.6591644287,0.632383579806,-0.104310693576,-0.133456328546,1.65017983257,0.741679710943,0.222427214243,0.721354465503,100.0
24.568736,-0.756636023624,-0.776961269064,-0.0905048664852,0.551082598048,-0.114281568697,0.158000021152,-1.79437402663,95.6591644287,0.631616589412,-0.104694188773,-0.133456328546,1.65171381336,0.741296215746,0.221276728652,0.7217379607,100.0
24.578732,-0.756252528428,-0.776961269064,-0.0901213712883,0.551466093245,-0.114281568697,0.158767011546,-1.79514101702,95.6591644287,0.631616589412,-0.104694188773,-0.131922347758,1.65056332776,0.741679710943,0.222427214243,0.722121455897,100.0
24.588737,-0.755869033231,-0.776577773867,-0.0885873905004,0.551082598048,-0.113514578304,0.15953400194,-1.79514101702,95.6591644287,0.632000084609,-0.103927198379,-0.132689338152,1.65133031816,0.741679710943,0.222043719046,0.7217379607,100.0
24.598769,-0.755869033231,-0.775810783473,-0.0885873905004,0.551082598048,-0.113514578304,0.15953400194,-1.79514101702,95.6591644287,0.631616589412,-0.103543703182,-0.133072833349,1.65056332776,0.742446701337,0.221660223849,0.720970970306,100.0
24.608751,-0.755485538034,-0.775043793079,-0.0889708856974,0.551466093245,-0.114665063894,0.160300992334,-1.79552451222,95.6591644287,0.631233094215,-0.104310693576,-0.132689338152,1.65171381336,0.741679710943,0.221660223849,0.7217379607,100.0
24.618756,-0.755869033231,-0.774660297882,-0.0889708856974,0.552616578836,-0.1138980735,0.160300992334,-1.79437402663,95.6591644287,0.631233094215,-0.104694188773,-0.132305842955,1.65133031816,0.741296215746,0.221660223849,0.721354465503,100.0
24.628730,-0.755485538034,-0.774660297882,-0.0893543808943,0.553000074033,-0.113131083107,0.161451477925,-1.79552451222,95.6591644287,0.631616589412,-0.103927198379,-0.13422331894,1.65171381336,0.741679710943,0.221276728652,0.720970970306,100.0
24.638750,-0.755869033231,-0.773509812291,-0.0893543808943,0.55338356923,-0.113131083107,0.162601963516,-1.79552451222,95.6591644287,0.631233094215,-0.103927198379,-0.133456328546,1.65094682296,0.741679710943,0.222427214243,0.721354465503,100.0
24.648733,-0.755102042837,-0.773509812291,-0.0893543808943,0.553000074033,-0.113131083107,0.16336895391,-1.79514101702,95.6591644287,0.629699113427,-0.104694188773,-0.133072833349,1.65133031816,0.741296215746,0.221660223849,0.722121455897,100.0
24.658731,-0.75471854764,-0.773126317094,-0.0870534097125,0.55338356923,-0.113131083107,0.166053420289,-1.79475752183,95.6591644287,0.630849599018,-0.10507768397,-0.132305842955,1.65133031816,0.741679710943,0.221660223849,0.7217379607,100.0
24.668747,-0.754335052443,-0.771975831503,-0.0866699145155,0.552616578836,-0.11274758791,0.167970896273,-1.79475752183,95.6591644287,0.629699113427,-0.104310693576,-0.133456328546,1.65094682296,0.741679710943,0.222043719046,0.721354465503,100.0
24.678749,-0.753184566852,-0.771208841109,-0.0866699145155,0.552616578836,-0.113131083107,0.170655362652,-1.79590800742,95.6591644287,0.630849599018,-0.104310693576,-0.13422331894,1.65133031816,0.741679710943,0.222043719046,0.721354465503,100.0
24.688750,-0.753568062049,-0.770825345912,-0.0851359337276,0.552616578836,-0.113514578304,0.174490314622,-1.79590800742,95.6591644287,0.630849599018,-0.104694188773,-0.133456328546,1.65133031816,0.741679710943,0.221660223849,0.721354465503,100.0
24.698751,-0.752801071655,-0.769674860322,-0.0862864193186,0.552233083639,-0.1138980735,0.178325266592,-1.79552451222,95.6591644287,0.631233094215,-0.103927198379,-0.133839823743,1.65171381336,0.741679710943,0.222043719046,0.7217379607,100.0
24.708738,-0.752417576458,-0.769291365125,-0.0836019529398,0.552233083639,-0.1138980735,0.183310704152,-1.79590800742,95.6591644287,0.630466103821,-0.104310693576,-0.133072833349,1.65133031816,0.741679710943,0.222043719046,0.721354465503,100.0
24.718729,-0.752034081261,-0.768140879534,-0.0843689433337,0.551849588442,-0.113514578304,0.189063132107,-1.79514101702,95.6591644287,0.631233094215,-0.104310693576,-0.132689338152,1.65171381336,0.741679710943,0.221276728652,0.721354465503,100.0
24.728728,-0.750116605276,-0.76737388914,-0.0824514673488,0.552233083639,-0.113514578304,0.194048569668,-1.79552451222,95.6591644287,0.630849599018,-0.104694188773,-0.133072833349,1.65056332776,0.741679710943,0.222427214243,0.721354465503,100.0
24.738729,-0.750116605276,-0.766990393943,-0.0828349625458,0.552616578836,-0.1138980735,0.202485464001,-1.79590800742,95.6591644287,0.631233094215,-0.104694188773,-0.133839823743,1.65171381336,0.741296215746,0.222043719046,0.722121455897,100.0
24.748747,-0.748582624488,-0.766223403549,-0.0813009817579,0.552616578836,-0.113131083107,0.209004882349,-1.79514101702,95.6591644287,0.630849599018,-0.104694188773,-0.133072833349,1.65133031816,0.741679710943,0.222427214243,0.720970970306,100.0
24.758727,-0.749733110079,-0.765456413155,-0.0816844769549,0.553767064427,-0.114281568697,0.218208767077,-1.79552451222,95.6591644287,0.631233094215,-0.10507768397,-0.133072833349,1.65209730855,0.742446701337,0.221660223849,0.7217379607,100.0
24.768739,-0.748199129291,-0.764305927564,-0.0793835057731,0.553000074033,-0.116582539879,0.227412651804,-1.79552451222,95.6591644287,0.630849599018,-0.104694188773,-0.133072833349,1.65133031816,0.74206320614,0.222043719046,0.720587475109,100.0
24.778728,-0.7470486437,-0.763922432367,-0.0793835057731,0.553000074033,-0.118500015864,0.236616536531,-1.79590800742,95.6591644287,0.630849599018,-0.10507768397,-0.133072833349,1.65133031816,0.741679710943,0.222043719046,0.720970970306,100.0
24.788741,-0.746665148503,-0.762771946776,-0.0778495249852,0.553000074033,-0.119267006258,0.247737897243,-1.79590800742,95.6591644287,0.631233094215,-0.104694188773,-0.133072833349,1.65171381336,0.741679710943,0.221660223849,0.721354465503,100.0
24.798729,-0.745898158109,-0.760854470791,-0.0759320490003,0.551849588442,-0.121184482243,0.260009743547,-1.79590800742,95.6591644287,0.631233094215,-0.103927198379,-0.133456328546,1.65094682296,0.741296215746,0.221660223849,0.7217379607,100.0
24.808744,-0.744364177321,-0.760854470791,-0.0751650586064,0.551849588442,-0.120800987046,0.271898094653,-1.79590800742,95.6591644287,0.631616589412,-0.104694188773,-0.132305842955,1.65017983257,0.74206320614,0.221660223849,0.7217379607,100.0
24.818725,-0.74321369173,-0.7597039852,-0.0751650586064,0.552233083639,-0.122334967834,0.285320426547,-1.79552451222,95.6591644287,0.631233094215,-0.103927198379,-0.133072833349,1.65094682296,0.741679710943,0.222427214243,0.721354465503,100.0
24.828730,-0.742446701337,-0.758553499609,-0.0732475826215,0.551849588442,-0.122334967834,0.296825282456,-1.79552451222,95.6591644287,0.632000084609,-0.104310693576,-0.133456328546,1.65094682296,0.741296215746,0.222427214243,0.721354465503,100.0
24.838740,-0.74206320614,-0.757786509215,-0.0728640874246,0.551849588442,-0.122334967834,0.311781595138,-1.79514101702,95.6591644287,0.632000084609,-0.104310693576,-0.133456328546,1.65017983257,0.741679710943,0.222043719046,0.721354465503,100.0
24.848727,-0.740529225352,-0.756252528428,-0.0713301066367,0.552233083639,-0.121951472637,0.325587422229,-1.79514101702,95.6591644287,0.631233094215,-0.10507768397,-0.133072833349,1.65094682296,0.741679710943,0.221660223849,0.720587475109,100.0
24.858742,-0.739378739761,-0.755485538034,-0.0720970970306,0.551849588442,-0.122718463031,0.339776744517,-1.79552451222,95.6591644287,0.632383579806,-0.104694188773,-0.13422331894,1.65094682296,0.741679710943,0.222043719046,0.720203979912,100.0
24.868789,-0.73822825417,-0.754335052443,-0.0709466114397,0.551466093245,-0.123101958228,0.355116552395,-1.79475752183,95.6591644287,0.632383579806,-0.104310693576,-0.133456328546,1.65056332776,0.741679710943,0.221660223849,0.720970970306,100.0
24.878731,-0.737461263776,-0.753184566852,-0.0682621450609,0.551466093245,-0.121951472637,0.371223350668,-1.79552451222,95.6591644287,0.632000084609,-0.10507768397,-0.133072833349,1.65094682296,0.74206320614,0.222427214243,0.7217379607,100.0
24.888752,-0.736310778185,-0.751267090867,-0.067495154667,0.551466093245,-0.122334967834,0.386946653744,-1.79514101702,95.6591644287,0.632383579806,-0.104694188773,-0.133072833349,1.65171381336,0.742446701337,0.222427214243,0.722121455897,100.0
24.898746,-0.735543787791,-0.750116605276,-0.0651941834851,0.552616578836,-0.122334967834,0.403436947214,-1.79514101702,95.6591644287,0.632000084609,-0.104694188773,-0.133072833349,1.65133031816,0.741679710943,0.222043719046,0.720587475109,100.0
24.908778,-0.735160292594,-0.749733110079,-0.0651941834851,0.551849588442,-0.121951472637,0.419543745487,-1.79514101702,95.6591644287,0.632383579806,-0.104310693576,-0.133456328546,1.65094682296,0.741679710943,0.222427214243,0.720970970306,100.0
24.918746,-0.733626311806,-0.746665148503,-0.0640436978942,0.552233083639,-0.122718463031,0.437568019744,-1.79552451222,95.6591644287,0.632383579806,-0.103927198379,-0.133839823743,1.65017983257,0.74206320614,0.22281070944,0.7217379607,100.0
24.928748,-0.732859321412,-0.745514662912,-0.0636602026972,0.552233083639,-0.12156797744,0.455208798805,-1.79552451222,95.6591644287,0.632000084609,-0.104310693576,-0.133456328546,1.64979633737,0.74206320614,0.221660223849,0.721354465503,100.0
24.938740,-0.731708835821,-0.743597186927,-0.0617427267124,0.551849588442,-0.12156797744,0.472849577866,-1.79475752183,95.6591644287,0.631616589412,-0.104694188773,-0.133072833349,1.65094682296,0.741679710943,0.22281070944,0.720587475109,100.0
24.948743,-0.73055835023,-0.741296215746,-0.0609757363184,0.551466093245,-0.121951472637,0.490490356926,-1.79552451222,95.6591644287,0.632000084609,-0.103927198379,-0.132689338152,1.65056332776,0.741679710943,0.221276728652,0.721354465503,100.0
24.958730,-0.728257379049,-0.740145730155,-0.0582912699396,0.550699102851,-0.12156797744,0.508131135987,-1.79590800742,95.6591644287,0.630466103821,-0.103927198379,-0.13422331894,1.65094682296,0.741679710943,0.222043719046,0.721354465503,100.0
24.968742,-0.727490388655,-0.737844758973,-0.0571407843487,0.550699102851,-0.12156797744,0.526155410245,-1.79514101702,95.6591644287,0.631616589412,-0.10507768397,-0.133839823743,1.65133031816,0.741679710943,0.222427214243,0.721354465503,100.0
24.978738,-0.726723398261,-0.735927282988,-0.0559902987578,0.551466093245,-0.12156797744,0.543796189305,-1.79437402663,95.6591644287,0.631233094215,-0.104310693576,-0.133839823743,1.65056332776,0.741679710943,0.222043719046,0.721354465503,100.0
24.988742,-0.725189417473,-0.733626311806,-0.0552233083639,0.551082598048,-0.121184482243,0.561820463563,-1.79552451222,95.6591644287,0.630466103821,-0.104310693576,-0.133456328546,1.65133031816,0.741679710943,0.221276728652,0.722121455897,100.0
24.998738,-0.723271941488,-0.732092331018,-0.054072822773,0.551082598048,-0.12156797744,0.579077747427,-1.79552451222,95.6591644287,0.631616589412,-0.104694188773,-0.133456328546,1.65133031816,0.742446701337,0.221660223849,0.721354465503,100.0
25.008742,-0.722504951094,-0.729791359836,-0.052922337182,0.550699102851,-0.121184482243,0.5951845457,-1.79514101702,95.6591644287,0.631233094215,-0.103927198379,-0.131922347758,1.65056332776,0.741296215746,0.221660223849,0.720587475109,100.0
25.018740,-0.720970970306,-0.727490388655,-0.0521553467881,0.551466093245,-0.12156797744,0.612441829563,-1.79514101702,95.6591644287,0.632000084609,-0.104310693576,-0.133072833349,1.65133031816,0.74206320614,0.222043719046,0.720970970306,100.0
25.028740,-0.719436989518,-0.724805922276,-0.0510048611972,0.551466093245,-0.120800987046,0.628548627836,-1.79514101702,95.6591644287,0.631616589412,-0.104694188773,-0.133839823743,1.65017983257,0.741679710943,0.221660223849,0.720970970306,100.0
25.038740,-0.718286503927,-0.722888446291,-0.0487038900154,0.551849588442,-0.121184482243,0.644655426109,-1.79552451222,95.6591644287,0.632383579806,-0.104310693576,-0.132305842955,1.65094682296,0.741679710943,0.222427214243,0.720970970306,100.0
25.048730,-0.716752523139,-0.720587475109,-0.0506213660002,0.551082598048,-0.12156797744,0.661529214776,-1.79552451222,95.6591644287,0.632767075003,-0.104310693576,-0.132689338152,1.65133031816,0.74206320614,0.222427214243,0.721354465503,100.0
25.058739,-0.715602037549,-0.717519513533,-0.0483203948184,0.551466093245,-0.12156797744,0.675335041867,-1.79590800742,95.6591644287,0.632000084609,-0.104694188773,-0.133072833349,1.65094682296,0.741296215746,0.222043719046,0.721354465503,100.0
25.068750,-0.713684561564,-0.715985532746,-0.0467864140305,0.551466093245,-0.121184482243,0.691058344942,-1.79552451222,95.6591644287,0.632000084609,-0.103927198379,-0.132689338152,1.65094682296,0.741679710943,0.221660223849,0.720970970306,100.0
25.078744,-0.712150580776,-0.71291757117,-0.0452524332426,0.551466093245,-0.121951472637,0.704097181639,-1.79514101702,95.6591644287,0.632383579806,-0.104310693576,-0.132689338152,1.65017983257,0.74206320614,0.222427214243,0.721354465503,100.0
25.088750,-0.711767085579,-0.711383590382,-0.0441019476517,0.550699102851,-0.122334967834,0.71790300873,-1.79552451222,95.6591644287,0.632767075003,-0.103543703182,-0.132305842955,1.64979633737,0.741679710943,0.221276728652,0.721354465503,100.0
25.098746,-0.709466114397,-0.707165143215,-0.0448689380456,0.551082598048,-0.12156797744,0.72940786464,-1.79552451222,95.6591644287,0.632000084609,-0.104310693576,-0.132689338152,1.65133031816,0.741679710943,0.221276728652,0.722121455897,100.0
25.108742,-0.707548638412,-0.704480676836,-0.0421844716668,0.551466093245,-0.120800987046,0.74206320614,-1.79629150261,95.6591644287,0.632000084609,-0.103927198379,-0.133839823743,1.65094682296,0.741679710943,0.222427214243,0.720587475109,100.0
25.118737,-0.706781648018,-0.701796210458,-0.0418009764699,0.551466093245,-0.12156797744,0.753568062049,-1.79475752183,95.6591644287,0.631233094215,-0.103927198379,-0.133456328546,1.65094682296,0.741679710943,0.222427214243,0.721354465503,100.0
25.128734,-0.704864172033,-0.699495239276,-0.0414174812729,0.551466093245,-0.121951472637,0.763922432367,-1.79475752183,95.6591644287,0.631616589412,-0.104310693576,-0.133456328546,1.65094682296,0.742446701337,0.222427214243,0.7217379607,100.0
25.138741,-0.703713686442,-0.696043782503,-0.040650490879,0.550699102851,-0.121184482243,0.773509812291,-1.79514101702,95.6591644287,0.6331505702,-0.103927198379,-0.133456328546,1.65133031816,0.74206320614,0.221276728652,0.720970970306,100.0
25.148773,-0.701796210458,-0.693359316124,-0.040650490879,0.551849588442,-0.12156797744,0.783480687412,-1.79552451222,95.6591644287,0.631616589412,-0.104310693576,-0.133072833349,1.65094682296,0.741296215746,0.222043719046,0.7217379607,100.0
25.158760,-0.701029220064,-0.690674849745,-0.040266995682,0.550699102851,-0.121184482243,0.791534086549,-1.79590800742,95.6591644287,0.631616589412,-0.104310693576,-0.133456328546,1.65133031816,0.74206320614,0.222043719046,0.7217379607,100.0
25.168739,-0.698344753685,-0.689524364154,-0.0391165100911,0.550699102851,-0.120800987046,0.799203990488,-1.79552451222,95.6591644287,0.631233094215,-0.104310693576,-0.131922347758,1.65133031816,0.741679710943,0.22281070944,0.722121455897,100.0
25.178749,-0.697194268094,-0.686072907382,-0.0387330148941,0.551082598048,-0.120800987046,0.806106904034,-1.79514101702,95.6591644287,0.631616589412,-0.105461179167,-0.133456328546,1.65133031816,0.74206320614,0.221660223849,0.722504951094,100.0
25.188745,-0.695276792109,-0.681854460215,-0.0391165100911,0.551466093245,-0.12156797744,0.813009817579,-1.79437402663,95.6591644287,0.631616589412,-0.104310693576,-0.133839823743,1.65056332776,0.741296215746,0.221276728652,0.721354465503,100.0
25.198742,-0.694893296912,-0.67993698423,-0.0375825293032,0.551466093245,-0.120800987046,0.81799525514,-1.79514101702,95.6591644287,0.632767075003,-0.104310693576,-0.132305842955,1.65094682296,0.741679710943,0.221660223849,0.721354465503,100.0
25.208750,-0.692975820927,-0.67610203226,-0.0371990341062,0.550315607654,-0.121184482243,0.823364187897,-1.79475752183,95.6591644287,0.632383579806,-0.104694188773,-0.133072833349,1.65094682296,0.741296215746,0.222427214243,0.721354465503,100.0
25.218740,-0.692208830533,-0.672650575488,-0.0364320437123,0.550699102851,-0.120800987046,0.827199139867,-1.79437402663,95.6591644287,0.632000084609,-0.104310693576,-0.133072833349,1.65094682296,0.741679710943,0.222043719046,0.721354465503,100.0
25.228745,-0.689524364154,-0.669582613912,-0.0364320437123,0.551849588442,-0.120800987046,0.830267101443,-1.79399053143,95.6591644287,0.632383579806,-0.103927198379,-0.133072833349,1.65017983257,0.741679710943,0.221276728652,0.721354465503,100.0
25.238739,-0.68760688817,-0.666898147533,-0.0364320437123,0.552616578836,-0.120417491849,0.834102053413,-1.79437402663,95.6591644287,0.631233094215,-0.104310693576,-0.133456328546,1.65133031816,0.742830196534,0.222043719046,0.7217379607,100.0
25.248773,-0.686839897776,-0.66344669076,-0.0352815581214,0.551466093245,-0.120417491849,0.836786519791,-1.79360703624,95.6591644287,0.632000084609,-0.104310693576,-0.133456328546,1.65094682296,0.74206320614,0.222427214243,0.720587475109,100.0
25.258762,-0.685305916988,-0.659611738791,-0.0345145677274,0.551849588442,-0.120033996652,0.839087490973,-1.79399053143,95.6591644287,0.631616589412,-0.10507768397,-0.133456328546,1.65017983257,0.74206320614,0.222043719046,0.7217379607,100.0
25.268761,-0.684155431397,-0.655393291624,-0.0345145677274,0.551466093245,-0.118883511061,0.83947098617,-1.79475752183,95.6591644287,0.631233094215,-0.104310693576,-0.133072833349,1.65056332776,0.741679710943,0.222043719046,0.721354465503,100.0
25.278777,-0.683388441003,-0.653475815639,-0.0337475773335,0.552616578836,-0.119650501455,0.840621471761,-1.79437402663,95.6591644287,0.631233094215,-0.104694188773,-0.133839823743,1.65094682296,0.742446701337,0.222043719046,0.7217379607,100.0
25.288748,-0.680320479427,-0.649640863669,-0.0341310725305,0.552233083639,-0.119267006258,0.839854481367,-1.79360703624,95.6591644287,0.632383579806,-0.10507768397,-0.132305842955,1.65056332776,0.741679710943,0.221276728652,0.721354465503,100.0
25.298751,-0.680320479427,-0.646189406897,-0.0322135965456,0.553000074033,-0.118116520667,0.841388462155,-1.79207305545,95.6591644287,0.632383579806,-0.104310693576,-0.132689338152,1.65133031816,0.74206320614,0.222043719046,0.721354465503,100.0
25.308745,-0.678019508245,-0.64197095973,-0.0329805869395,0.552616578836,-0.119267006258,0.841004966958,-1.78977208427,95.6591644287,0.632000084609,-0.104310693576,-0.133072833349,1.65171381336,0.741296215746,0.222427214243,0.721354465503,100.0
25.318730,-0.67610203226,-0.638519502957,-0.0314466061517,0.552616578836,-0.118500015864,0.840621471761,-1.78900509387,95.6591644287,0.631233094215,-0.104694188773,-0.133072833349,1.65056332776,0.741679710943,0.222427214243,0.720970970306,100.0
25.328743,-0.675335041867,-0.635068046185,-0.0302961205607,0.551849588442,-0.118500015864,0.840237976564,-1.7851701419,95.6591644287,0.631233094215,-0.104694188773,-0.133072833349,1.65209730855,0.74206320614,0.222043719046,0.7217379607,100.0
25.338741,-0.674184556276,-0.630466103821,-0.0291456349698,0.552233083639,-0.117349530273,0.840237976564,-1.78401965631,95.6591644287,0.630849599018,-0.103927198379,-0.133072833349,1.65017983257,0.74206320614,0.222427214243,0.720970970306,100.0
25.348730,-0.671883585094,-0.626631151851,-0.0287621397729,0.552616578836,-0.116199044682,0.83947098617,-1.78363616111,95.6591644287,0.632383579806,-0.104310693576,-0.132689338152,1.65209730855,0.741679710943,0.222427214243,0.721354465503,100.0
25.358738,-0.670349604306,-0.622796199881,-0.026461168591,0.551082598048,-0.115815549485,0.839087490973,-1.78325266592,95.6591644287,0.631233094215,-0.104310693576,-0.133072833349,1.65133031816,0.74206320614,0.221276728652,0.7217379607,100.0
25.368739,-0.668048633124,-0.618961247912,-0.0253106830001,0.551849588442,-0.114281568697,0.837937005382,-1.78248567552,95.6591644287,0.632000084609,-0.104694188773,-0.133456328546,1.65056332776,0.74206320614,0.221660223849,0.7217379607,100.0
25.378744,-0.666898147533,-0.614359305548,-0.0249271878031,0.550315607654,-0.113514578304,0.837937005382,-1.78171868513,95.6591644287,0.631616589412,-0.10507768397,-0.133456328546,1.65133031816,0.741296215746,0.222043719046,0.721354465503,100.0
25.388742,-0.666131157139,-0.610140858381,-0.0226262166213,0.551466093245,-0.111980597516,0.837170014988,-1.78171868513,95.6591644287,0.632000084609,-0.104310693576,-0.132689338152,1.65094682296,0.741679710943,0.221660223849,0.721354465503,100.0
25.398747,-0.664213681154,-0.608606877594,-0.0233932070153,0.553767064427,-0.109296131137,0.835636034201,-1.78133518993,95.6591644287,0.630849599018,-0.10507768397,-0.133072833349,1.65017983257,0.74206320614,0.222427214243,0.720970970306,100.0
25.408776,-0.663063195563,-0.605922411215,-0.0214757310304,0.554917550018,-0.107378655152,0.835252539004,-1.78018470434,95.6591644287,0.631233094215,-0.103927198379,-0.133456328546,1.65056332776,0.74206320614,0.221660223849,0.721354465503,100.0
25.418750,-0.663063195563,-0.602470954442,-0.0207087406365,0.555684540411,-0.104694188773,0.835636034201,-1.78133518993,95.6591644287,0.632383579806,-0.104694188773,-0.133072833349,1.65171381336,0.74206320614,0.221660223849,0.7217379607,100.0
25.428731,-0.659995233988,-0.599402992866,-0.0199417502425,0.556068035608,-0.103927198379,0.836019529398,-1.78210218033,95.6591644287,0.630849599018,-0.104694188773,-0.133072833349,1.65133031816,0.741679710943,0.22281070944,0.7217379607,100.0
25.438743,-0.659995233988,-0.597869012078,-0.0184077694546,0.557218521199,-0.102776712788,0.837553510185,-1.78133518993,95.6591644287,0.631233094215,-0.103927198379,-0.133072833349,1.65017983257,0.741679710943,0.222043719046,0.721354465503,100.0
25.448743,-0.658844748397,-0.594417555306,-0.0176407790607,0.557985511593,-0.102009722394,0.838320500579,-1.78095169473,95.6591644287,0.631233094215,-0.104310693576,-0.133839823743,1.65094682296,0.74206320614,0.222427214243,0.721354465503,100.0
25.458748,-0.657310767609,-0.592500079321,-0.0164902934698,0.559135997184,-0.100859236803,0.839854481367,-1.78095169473,95.6591644287,0.630849599018,-0.104310693576,-0.132689338152,1.65056332776,0.741679710943,0.222427214243,0.720970970306,100.0
25.468733,-0.656927272412,-0.589815612942,-0.0157233030758,0.560286482775,-0.100859236803,0.839854481367,-1.78171868513,95.6591644287,0.631233094215,-0.104694188773,-0.133072833349,1.65094682296,0.74206320614,0.221660223849,0.721354465503,100.0
25.478732,-0.65462630123,-0.588281632154,-0.0149563126819,0.561820463563,-0.101626227197,0.839087490973,-1.77980120914,95.6591644287,0.630849599018,-0.104310693576,-0.132689338152,1.65133031816,0.742446701337,0.222043719046,0.720970970306,100.0
25.488745,-0.651941834851,-0.585980660972,-0.013805827091,0.562970949154,-0.101242732,0.839854481367,-1.78095169473,95.6591644287,0.630849599018,-0.104310693576,-0.133456328546,1.65094682296,0.741296215746,0.221660223849,0.721354465503,100.0
25.498729,-0.651558339654,-0.58367968979,-0.0122718463031,0.564121434745,-0.100475741606,0.839087490973,-1.78095169473,95.6591644287,0.630849599018,-0.104310693576,-0.133456328546,1.65133031816,0.74206320614,0.221660223849,0.722121455897,100.0
25.508741,-0.650407854063,-0.582529204199,-0.0122718463031,0.565271920336,-0.101242732,0.839854481367,-1.78095169473,95.6591644287,0.630466103821,-0.103927198379,-0.133456328546,1.65094682296,0.741296215746,0.221660223849,0.7217379607,100.0
25.518724,-0.648873873276,-0.581378718609,-0.0115048559091,0.566805901124,-0.100859236803,0.841004966958,-1.78133518993,95.6591644287,0.630466103821,-0.104310693576,-0.133839823743,1.65094682296,0.742446701337,0.222427214243,0.721354465503,100.0
25.528723,-0.646956397291,-0.579461242624,-0.00997087512126,0.567956386715,-0.100859236803,0.841388462155,-1.78095169473,95.6591644287,0.631233094215,-0.103927198379,-0.133072833349,1.65094682296,0.74206320614,0.221276728652,0.7217379607,100.0
25.538730,-0.646572902094,-0.578310757033,-0.0103543703182,0.568339881912,-0.100859236803,0.842155452549,-1.78133518993,95.6591644287,0.630466103821,-0.104694188773,-0.133456328546,1.65056332776,0.741679710943,0.221276728652,0.7217379607,100.0
25.548728,-0.644271930912,-0.575626290654,-0.00958737992428,0.568339881912,-0.10009224641,0.84330593814,-1.78095169473,95.6591644287,0.630849599018,-0.103543703182,-0.132689338152,1.65017983257,0.741679710943,0.221660223849,0.721354465503,100.0
25.558732,-0.643888435715,-0.57485930026,-0.0080533991364,0.569106872305,-0.100475741606,0.842155452549,-1.78018470434,95.6591644287,0.630849599018,-0.104310693576,-0.133456328546,1.65094682296,0.741679710943,0.222043719046,0.721354465503,100.0
25.568720,-0.64197095973,-0.573708814669,-0.0080533991364,0.569873862699,-0.100475741606,0.841004966958,-1.78171868513,95.6591644287,0.631233094215,-0.104694188773,-0.132689338152,1.65094682296,0.741679710943,0.221660223849,0.722121455897,100.0
25.578735,-0.641203969336,-0.572558329078,-0.00728640874246,0.569490367502,-0.101242732,0.841388462155,-1.78095169473,95.6591644287,0.632000084609,-0.104310693576,-0.133072833349,1.65017983257,0.742446701337,0.222427214243,0.721354465503,100.0
25.588779,-0.639669988548,-0.572174833881,-0.00843689433337,0.570640853093,-0.100859236803,0.841388462155,-1.78133518993,95.6591644287,0.631233094215,-0.104694188773,-0.133072833349,1.65133031816,0.74206320614,0.222043719046,0.721354465503,100.0
25.598746,-0.639286493351,-0.570257357896,-0.00690291354548,0.570640853093,-0.100859236803,0.841771957352,-1.78095169473,95.6591644287,0.631616589412,-0.104694188773,-0.13422331894,1.65056332776,0.741296215746,0.221276728652,0.722121455897,100.0
25.608749,-0.637369017366,-0.568723377109,-0.00690291354548,0.571791338684,-0.100859236803,0.842538947746,-1.78018470434,95.6591644287,0.632000084609,-0.104310693576,-0.132689338152,1.65094682296,0.741679710943,0.222427214243,0.722121455897,100.0
25.618739,-0.636985522169,-0.568723377109,-0.0053689327576,0.572558329078,-0.100859236803,0.841388462155,-1.78056819954,95.6591644287,0.632383579806,-0.103927198379,-0.133456328546,1.65133031816,0.74206320614,0.221660223849,0.720970970306,100.0
25.628743,-0.635451541382,-0.569106872305,-0.00613592315154,0.572941824275,-0.100475741606,0.842922442943,-1.78018470434,95.6591644287,0.632767075003,-0.104694188773,-0.132689338152,1.65056332776,0.74206320614,0.222043719046,0.720587475109,100.0
25.638749,-0.634301055791,-0.568339881912,-0.00575242795457,0.573325319472,-0.100859236803,0.84330593814,-1.78133518993,95.6591644287,0.632767075003,-0.10507768397,-0.133839823743,1.64941284217,0.742446701337,0.222043719046,0.721354465503,100.0
25.648731,-0.634301055791,-0.567572891518,-0.0053689327576,0.573708814669,-0.100859236803,0.84330593814,-1.78095169473,95.6591644287,0.632383579806,-0.104694188773,-0.132689338152,1.65017983257,0.74206320614,0.222043719046,0.720970970306,100.0
25.658738,-0.632767075003,-0.566805901124,-0.00498543756063,0.574475805063,-0.101626227197,0.844072928534,-1.78133518993,95.6591644287,0.6331505702,-0.104310693576,-0.133072833349,1.65133031816,0.741679710943,0.222043719046,0.720587475109,100.0
25.668737,-0.632000084609,-0.566422405927,-0.00383495196971,0.575242795457,-0.101242732,0.844456423731,-1.78133518993,95.6591644287,0.632383579806,-0.10507768397,-0.133456328546,1.65094682296,0.74206320614,0.221660223849,0.721354465503,100.0
25.678732,-0.632000084609,-0.567572891518,-0.00498543756063,0.575626290654,-0.101242732,0.844839918928,-1.78133518993,95.6591644287,0.632767075003,-0.104694188773,-0.132689338152,1.65056332776,0.74206320614,0.222043719046,0.7217379607,100.0
25.688733,-0.630849599018,-0.56603891073,-0.00421844716668,0.576776776245,-0.100859236803,0.845223414125,-1.78286917072,95.6591644287,0.633917560594,-0.10507768397,-0.132689338152,1.65017983257,0.741296215746,0.22281070944,0.7217379607,100.0
25.698731,-0.630849599018,-0.566422405927,-0.00383495196971,0.577543766639,-0.101626227197,0.845606909322,-1.78171868513,95.6591644287,0.632767075003,-0.104310693576,-0.132305842955,1.65133031816,0.74206320614,0.223194204637,0.721354465503,100.0
25.708732,-0.630466103821,-0.566805901124,-0.00383495196971,0.577543766639,-0.100859236803,0.845606909322,-1.78171868513,95.6591644287,0.6331505702,-0.103543703182,-0.132689338152,1.65133031816,0.74206320614,0.22281070944,0.722121455897,100.0
25.718727,-0.630466103821,-0.566805901124,-0.00383495196971,0.578310757033,-0.101242732,0.846373899716,-1.78210218033,95.6591644287,0.632383579806,-0.104310693576,-0.133072833349,1.65094682296,0.741296215746,0.222043719046,0.7217379607,100.0
25.728723,-0.628932123033,-0.566422405927,-0.00383495196971,0.579077747427,-0.100859236803,0.845606909322,-1.78210218033,95.6591644287,0.632383579806,-0.103927198379,-0.133456328546,1.65056332776,0.74206320614,0.223194204637,0.7217379607,100.0
25.738776,-0.62931561823,-0.565655415533,-0.00306796157577,0.579461242624,-0.101242732,0.845606909322,-1.78248567552,95.6591644287,0.631233094215,-0.104694188773,-0.133456328546,1.65017983257,0.742446701337,0.223194204637,0.721354465503,100.0
25.748756,-0.628548627836,-0.566422405927,-0.00345145677274,0.579461242624,-0.101242732,0.845606909322,-1.78248567552,95.6591644287,0.632383579806,-0.104694188773,-0.133456328546,1.65056332776,0.74206320614,0.222427214243,0.721354465503,100.0
25.758732,-0.628548627836,-0.566422405927,-0.00383495196971,0.579077747427,-0.102009722394,0.846373899716,-1.78248567552,95.6591644287,0.631233094215,-0.104310693576,-0.132689338152,1.65133031816,0.74206320614,0.22281070944,0.722121455897,100.0
25.768744,-0.628932123033,-0.56603891073,-0.00230097118183,0.579461242624,-0.102009722394,0.845990404519,-1.78286917072,95.6591644287,0.632000084609,-0.10507768397,-0.133839823743,1.65133031816,0.742446701337,0.22281070944,0.722121455897,100.0
25.778727,-0.628932123033,-0.565655415533,-0.00345145677274,0.579844737821,-0.102393217591,0.845990404519,-1.78325266592,95.6591644287,0.6331505702,-0.104310693576,-0.132305842955,1.65171381336,0.74206320614,0.222043719046,0.721354465503,100.0
25.788760,-0.628548627836,-0.565655415533,-0.00383495196971,0.579461242624,-0.103543703182,0.845223414125,-1.78363616111,95.6591644287,0.6331505702,-0.104694188773,-0.132689338152,1.65171381336,0.741296215746,0.223961195031,0.720587475109,100.0
25.798732,-0.62931561823,-0.565655415533,-0.0026844663788,0.579077747427,-0.103927198379,0.844456423731,-1.78363616111,95.6591644287,0.631616589412,-0.104310693576,-0.133072833349,1.65056332776,0.741296215746,0.22281070944,0.721354465503,100.0
25.808729,-0.628548627836,-0.566422405927,-0.0026844663788,0.57869425223,-0.103927198379,0.844839918928,-1.78363616111,95.6591644287,0.631616589412,-0.104310693576,-0.133456328546,1.65133031816,0.741679710943,0.223577699834,0.721354465503,100.0
25.818724,-0.628548627836,-0.566805901124,-0.00383495196971,0.57869425223,-0.105461179167,0.844072928534,-1.78325266592,95.6591644287,0.6331505702,-0.104694188773,-0.133072833349,1.65094682296,0.74206320614,0.223194204637,0.720970970306,100.0
25.828726,-0.628548627836,-0.566805901124,-0.00230097118183,0.579077747427,-0.105844674364,0.844072928534,-1.78325266592,95.6591644287,0.632383579806,-0.104694188773,-0.133072833349,1.65133031816,0.741679710943,0.22281070944,0.7217379607,100.0
25.838742,-0.628932123033,-0.566805901124,-0.00306796157577,0.57869425223,-0.106228169561,0.844072928534,-1.78440315151,95.6591644287,0.632000084609,-0.104694188773,-0.133456328546,1.65056332776,0.741296215746,0.223577699834,0.720970970306,100.0
25.848736,-0.62931561823,-0.567189396321,-0.00306796157577,0.577543766639,-0.106995159955,0.843689433337,-1.78401965631,95.6591644287,0.632000084609,-0.104694188773,-0.133072833349,1.65171381336,0.741679710943,0.22281070944,0.720970970306,100.0
25.858729,-0.62931561823,-0.568339881912,-0.00345145677274,0.578310757033,-0.107378655152,0.84330593814,-1.78325266592,95.6591644287,0.632000084609,-0.104310693576,-0.133456328546,1.65133031816,0.742830196534,0.223577699834,0.720970970306,100.0
25.868724,-0.629699113427,-0.568339881912,-0.00460194236366,0.577543766639,-0.107762150349,0.843689433337,-1.78401965631,95.6591644287,0.632767075003,-0.103927198379,-0.132689338152,1.65133031816,0.741679710943,0.223577699834,0.722121455897,100.0
25.878724,-0.629699113427,-0.568723377109,-0.00383495196971,0.577927261836,-0.108529140743,0.842538947746,-1.78363616111,95.6591644287,0.632383579806,-0.104694188773,-0.133456328546,1.65133031816,0.74206320614,0.223577699834,0.721354465503,100.0
25.888735,-0.630082608624,-0.570257357896,-0.00345145677274,0.577927261836,-0.107762150349,0.842922442943,-1.78363616111,95.6591644287,0.6331505702,-0.103927198379,-0.133072833349,1.65133031816,0.741296215746,0.223194204637,0.7217379607,100.0
25.898733,-0.630849599018,-0.569106872305,-0.00383495196971,0.577160271442,-0.108145645546,0.842155452549,-1.78325266592,95.6591644287,0.633917560594,-0.10507768397,-0.132689338152,1.65094682296,0.74206320614,0.223577699834,0.721354465503,100.0
25.908733,-0.632383579806,-0.57102434829,-0.00345145677274,0.576776776245,-0.107378655152,0.842155452549,-1.78440315151,95.6591644287,0.632767075003,-0.104694188773,-0.133456328546,1.65133031816,0.74206320614,0.223577699834,0.721354465503,100.0
25.918729,-0.632383579806,-0.571407843487,-0.00498543756063,0.577543766639,-0.108145645546,0.842155452549,-1.7847866467,95.6591644287,0.632767075003,-0.104694188773,-0.132305842955,1.65133031816,0.74206320614,0.223194204637,0.720970970306,100.0
25.928722,-0.6331505702,-0.572558329078,-0.00460194236366,0.577543766639,-0.107762150349,0.842922442943,-1.78401965631,95.6591644287,0.632000084609,-0.104694188773,-0.133072833349,1.65133031816,0.741679710943,0.223577699834,0.7217379607,100.0
25.938735,-0.633917560594,-0.571791338684,-0.00498543756063,0.577160271442,-0.108145645546,0.841771957352,-1.78363616111,95.6591644287,0.632767075003,-0.104694188773,-0.133072833349,1.65133031816,0.741679710943,0.223194204637,0.7217379607,100.0
25.948731,-0.634301055791,-0.572558329078,-0.00421844716668,0.576009785851,-0.10891263594,0.841388462155,-1.78363616111,95.6591644287,0.6331505702,-0.104310693576,-0.132689338152,1.65133031816,0.740912720549,0.223194204637,0.722121455897,100.0
25.958749,-0.635451541382,-0.572558329078,-0.00383495196971,0.575242795457,-0.108529140743,0.842155452549,-1.78286917072,95.6591644287,0.6331505702,-0.104310693576,-0.132689338152,1.65094682296,0.74206320614,0.223577699834,0.721354465503,100.0
25.968731,-0.636218531775,-0.574092309866,-0.00421844716668,0.575626290654,-0.109296131137,0.841388462155,-1.78325266592,95.6591644287,0.631616589412,-0.104310693576,-0.133072833349,1.65094682296,0.741679710943,0.223577699834,0.720970970306,100.0
25.978729,-0.636602026972,-0.575626290654,-0.00498543756063,0.574475805063,-0.109679626334,0.841004966958,-1.78363616111,95.6591644287,0.633917560594,-0.104694188773,-0.133839823743,1.65056332776,0.74206320614,0.223577699834,0.721354465503,100.0
25.988730,-0.63813600776,-0.575242795457,-0.00498543756063,0.573708814669,-0.110063121531,0.840237976564,-1.78363616111,95.6591644287,0.632000084609,-0.10507768397,-0.133839823743,1.65094682296,0.741679710943,0.22281070944,0.721354465503,100.0
25.998742,-0.638902998154,-0.576776776245,-0.00728640874246,0.572558329078,-0.110063121531,0.839087490973,-1.78401965631,95.6591644287,0.632767075003,-0.104694188773,-0.133839823743,1.65056332776,0.741679710943,0.223194204637,0.720970970306,100.0
26.008726,-0.639669988548,-0.578310757033,-0.00690291354548,0.571791338684,-0.110830111925,0.839087490973,-1.78325266592,95.6591644287,0.632767075003,-0.10507768397,-0.133072833349,1.65056332776,0.742446701337,0.22281070944,0.720970970306,100.0
26.018760,-0.641203969336,-0.579077747427,-0.00843689433337,0.57102434829,-0.112364092713,0.836403024595,-1.78325266592,95.6591644287,0.632383579806,-0.104310693576,-0.132305842955,1.65056332776,0.742446701337,0.22281070944,0.721354465503,100.0
26.028737,-0.642354454927,-0.580611728215,-0.00843689433337,0.569873862699,-0.112364092713,0.836019529398,-1.78325266592,95.6591644287,0.632767075003,-0.104694188773,-0.133456328546,1.65056332776,0.74206320614,0.222427214243,0.7217379607,100.0
26.038733,-0.643504940518,-0.581378718609,-0.00843689433337,0.569106872305,-0.113514578304,0.834102053413,-1.7851701419,95.6591644287,0.631233094215,-0.10507768397,-0.132305842955,1.65056332776,0.74206320614,0.223577699834,0.722121455897,100.0
26.048731,-0.644655426109,-0.582912699396,-0.0080533991364,0.567956386715,-0.1138980735,0.832184577428,-1.78632062749,95.6591644287,0.632000084609,-0.104310693576,-0.133072833349,1.65017983257,0.741296215746,0.223194204637,0.720970970306,100.0
26.058734,-0.645422416503,-0.584446680184,-0.0111213607122,0.566422405927,-0.114665063894,0.831034091837,-1.78900509387,95.6591644287,0.632383579806,-0.104310693576,-0.132689338152,1.65171381336,0.74206320614,0.223194204637,0.721354465503,100.0
26.068758,-0.646956397291,-0.586364156169,-0.0115048559091,0.565271920336,-0.115432054288,0.83065059664,-1.79130606505,95.6591644287,0.632000084609,-0.104310693576,-0.132689338152,1.65133031816,0.741679710943,0.223961195031,0.721354465503,100.0
26.078736,-0.647723387685,-0.58751464176,-0.0122718463031,0.563737939548,-0.116199044682,0.829500111049,-1.78977208427,95.6591644287,0.632767075003,-0.104310693576,-0.133072833349,1.65094682296,0.741296215746,0.223194204637,0.720970970306,100.0
26.088752,-0.648873873276,-0.589048622548,-0.0118883511061,0.562970949154,-0.116966035076,0.829500111049,-1.78938858907,95.6591644287,0.632000084609,-0.103543703182,-0.133072833349,1.65056332776,0.74206320614,0.223194204637,0.7217379607,100.0
26.098732,-0.650407854063,-0.590582603336,-0.013805827091,0.561053473169,-0.116582539879,0.827966130261,-1.78747111308,95.6591644287,0.632383579806,-0.104310693576,-0.132689338152,1.65094682296,0.741296215746,0.223194204637,0.721354465503,100.0
26.108728,-0.653475815639,-0.592500079321,-0.013422331894,0.560286482775,-0.116582539879,0.827966130261,-1.78670412269,95.6591644287,0.6331505702,-0.104694188773,-0.133072833349,1.65133031816,0.741679710943,0.223577699834,0.720970970306,100.0
26.118726,-0.654242806033,-0.593267069715,-0.0153398078789,0.558752501987,-0.118500015864,0.827966130261,-1.78670412269,95.6591644287,0.632767075003,-0.103927198379,-0.132689338152,1.65094682296,0.74206320614,0.223577699834,0.721354465503,100.0
26.128729,-0.656927272412,-0.597102021684,-0.0157233030758,0.556835026002,-0.119267006258,0.828349625458,-1.78632062749,95.6591644287,0.632767075003,-0.104310693576,-0.132689338152,1.65133031816,0.741296215746,0.223194204637,0.7217379607,100.0
26.138745,-0.658077758003,-0.599019497669,-0.0161067982728,0.555684540411,-0.119267006258,0.829116615852,-1.7859371323,95.6591644287,0.632383579806,-0.10507768397,-0.132305842955,1.65133031816,0.741296215746,0.222427214243,0.721354465503,100.0
26.148744,-0.659228243594,-0.60016998326,-0.0184077694546,0.554534054821,-0.120033996652,0.829116615852,-1.7859371323,95.6591644287,0.632000084609,-0.104310693576,-0.133072833349,1.65056332776,0.742446701337,0.223961195031,0.721354465503,100.0
26.158735,-0.661145719579,-0.602470954442,-0.0187912646516,0.553767064427,-0.120033996652,0.829500111049,-1.78632062749,95.6591644287,0.632767075003,-0.104694188773,-0.133072833349,1.65133031816,0.74206320614,0.223577699834,0.720970970306,100.0
26.168726,-0.661912709973,-0.604388430427,-0.0199417502425,0.553000074033,-0.120800987046,0.829500111049,-1.7859371323,95.6591644287,0.632383579806,-0.104310693576,-0.133072833349,1.65094682296,0.741679710943,0.22281070944,0.720970970306,100.0
26.178727,-0.664980671548,-0.606305906412,-0.0199417502425,0.549932112457,-0.120800987046,0.829883606246,-1.7859371323,95.6591644287,0.632383579806,-0.104694188773,-0.133072833349,1.65094682296,0.74206320614,0.22281070944,0.720970970306,100.0
26.188733,-0.665747661942,-0.609373867987,-0.0230097118183,0.550315607654,-0.120800987046,0.829883606246,-1.7851701419,95.6591644287,0.632383579806,-0.104694188773,-0.133456328546,1.65056332776,0.74206320614,0.223961195031,0.721354465503,100.0
26.198728,-0.668815623518,-0.611291343972,-0.0226262166213,0.548781626866,-0.120800987046,0.829500111049,-1.78632062749,95.6591644287,0.632767075003,-0.104310693576,-0.133456328546,1.65171381336,0.74206320614,0.223194204637,0.721354465503,100.0
26.208728,-0.670733099503,-0.613208819957,-0.0233932070153,0.547631141275,-0.120417491849,0.828733120655,-1.78632062749,95.6591644287,0.632383579806,-0.104310693576,-0.133456328546,1.65094682296,0.741679710943,0.223961195031,0.721354465503,100.0
26.218729,-0.673417565882,-0.615126295942,-0.0245436926062,0.547247646078,-0.121184482243,0.829500111049,-1.7859371323,95.6591644287,0.632767075003,-0.104310693576,-0.133072833349,1.65133031816,0.741679710943,0.223577699834,0.7217379607,100.0
26.228731,-0.67495154667,-0.617427267124,-0.0249271878031,0.546097160487,-0.120417491849,0.829883606246,-1.78632062749,95.6591644287,0.632767075003,-0.10507768397,-0.132689338152,1.65133031816,0.74206320614,0.223194204637,0.720587475109,100.0
26.238730,-0.676869022654,-0.620878723897,-0.0260776733941,0.544563179699,-0.120800987046,0.830267101443,-1.7859371323,95.6591644287,0.632000084609,-0.103927198379,-0.133072833349,1.65094682296,0.74206320614,0.223577699834,0.721354465503,100.0
26.248732,-0.679553489033,-0.622412704685,-0.0283786445759,0.543029198911,-0.121184482243,0.831801082231,-1.7859371323,95.6591644287,0.632383579806,-0.105461179167,-0.133456328546,1.65094682296,0.74206320614,0.22281070944,0.721354465503,100.0
26.258739,-0.680320479427,-0.622796199881,-0.0279951493789,0.541111722927,-0.12156797744,0.831801082231,-1.7859371323,95.6591644287,0.632767075003,-0.10507768397,-0.132689338152,1.65017983257,0.74206320614,0.22281070944,0.721354465503,100.0
26.268729,-0.682621450609,-0.625864161457,-0.0291456349698,0.54072822773,-0.121184482243,0.831417587034,-1.7851701419,95.6591644287,0.632767075003,-0.105461179167,-0.132689338152,1.65133031816,0.74206320614,0.223194204637,0.720970970306,100.0
26.278724,-0.684155431397,-0.628165132639,-0.0299126253638,0.541111722927,-0.120800987046,0.831417587034,-1.7851701419,95.6591644287,0.632767075003,-0.104310693576,-0.133456328546,1.65017983257,0.741679710943,0.22281070944,0.7217379607,100.0
26.288770,-0.686839897776,-0.629699113427,-0.0318301013486,0.539577742139,-0.120800987046,0.832568072625,-1.7859371323,95.6591644287,0.6331505702,-0.104694188773,-0.133072833349,1.64979633737,0.741296215746,0.223194204637,0.722121455897,100.0
26.298767,-0.688757373761,-0.631233094215,-0.0310631109547,0.537660266154,-0.12156797744,0.833335063019,-1.7851701419,95.6591644287,0.632767075003,-0.104694188773,-0.133839823743,1.65094682296,0.741679710943,0.223961195031,0.7217379607,100.0
26.308740,-0.690291354548,-0.632767075003,-0.0314466061517,0.53689327576,-0.121184482243,0.833335063019,-1.7851701419,95.6591644287,0.632767075003,-0.103927198379,-0.133072833349,1.65017983257,0.741679710943,0.223577699834,0.721354465503,100.0
26.318734,-0.69259232573,-0.634684550988,-0.0322135965456,0.53689327576,-0.121184482243,0.833718558216,-1.78440315151,95.6591644287,0.632383579806,-0.104310693576,-0.133072833349,1.65017983257,0.742446701337,0.223194204637,0.721354465503,100.0
26.328734,-0.694126306518,-0.635451541382,-0.0329805869395,0.535359294972,-0.12156797744,0.834102053413,-1.7847866467,95.6591644287,0.631233094215,-0.104694188773,-0.133456328546,1.65056332776,0.742446701337,0.223194204637,0.720970970306,100.0
26.338764,-0.696043782503,-0.636218531775,-0.0329805869395,0.533825314184,-0.120800987046,0.834102053413,-1.7851701419,95.6591644287,0.632383579806,-0.104310693576,-0.133456328546,1.65133031816,0.741296215746,0.222427214243,0.721354465503,100.0
26.348743,-0.697961258488,-0.63813600776,-0.0333640821365,0.533441818987,-0.120800987046,0.833718558216,-1.7851701419,95.6591644287,0.6331505702,-0.104694188773,-0.133456328546,1.65094682296,0.74206320614,0.223577699834,0.721354465503,100.0
26.358732,-0.70026222967,-0.639286493351,-0.0337475773335,0.533441818987,-0.120800987046,0.833718558216,-1.7847866467,95.6591644287,0.632383579806,-0.104310693576,-0.132689338152,1.65209730855,0.741679710943,0.223194204637,0.720587475109,100.0
26.368726,-0.700645724867,-0.640820474139,-0.0348980629244,0.532291333396,-0.120800987046,0.832568072625,-1.78440315151,95.6591644287,0.632767075003,-0.104310693576,-0.133839823743,1.65094682296,0.74206320614,0.223194204637,0.721354465503,100.0
26.378735,-0.702563200852,-0.643121445321,-0.0341310725305,0.531140847805,-0.120800987046,0.832568072625,-1.78440315151,95.6591644287,0.632383579806,-0.104694188773,-0.133456328546,1.65133031816,0.742446701337,0.223194204637,0.720970970306,100.0
26.388738,-0.703713686442,-0.644655426109,-0.0333640821365,0.529990362214,-0.121184482243,0.832568072625,-1.7859371323,95.6591644287,0.631616589412,-0.10507768397,-0.133456328546,1.65056332776,0.74206320614,0.22281070944,0.720970970306,100.0
26.398741,-0.705631162427,-0.644655426109,-0.0345145677274,0.529990362214,-0.120800987046,0.831801082231,-1.7847866467,95.6591644287,0.632000084609,-0.103543703182,-0.132305842955,1.65171381336,0.741679710943,0.223577699834,0.721354465503,100.0
26.408764,-0.706781648018,-0.646189406897,-0.0360485485153,0.529606867017,-0.120800987046,0.832184577428,-1.7855536371,95.6591644287,0.632767075003,-0.104310693576,-0.132305842955,1.65017983257,0.741679710943,0.223961195031,0.722121455897,100.0
26.418757,-0.708699124003,-0.647723387685,-0.0356650533183,0.528839876623,-0.121184482243,0.831034091837,-1.7859371323,95.6591644287,0.632000084609,-0.104694188773,-0.13422331894,1.65133031816,0.74206320614,0.22281070944,0.721354465503,100.0
26.428727,-0.709466114397,-0.648873873276,-0.0368155389092,0.527689391033,-0.121184482243,0.831417587034,-1.7855536371,95.6591644287,0.631616589412,-0.104310693576,-0.133072833349,1.65171381336,0.74206320614,0.223961195031,0.720970970306,100.0
26.438729,-0.710616599988,-0.649257368473,-0.0371990341062,0.527689391033,-0.12156797744,0.831034091837,-1.7847866467,95.6591644287,0.631616589412,-0.104310693576,-0.133072833349,1.65094682296,0.741679710943,0.223961195031,0.7217379607,100.0
26.448735,-0.711767085579,-0.65079134926,-0.0371990341062,0.525771915048,-0.121184482243,0.831034091837,-1.7847866467,95.6591644287,0.632383579806,-0.103927198379,-0.133072833349,1.65133031816,0.74206320614,0.223961195031,0.7217379607,100.0
26.458727,-0.713301066367,-0.651174844457,-0.0379660245002,0.526155410245,-0.121951472637,0.831034091837,-1.7855536371,95.6591644287,0.632000084609,-0.104694188773,-0.133456328546,1.65133031816,0.741296215746,0.223194204637,0.720970970306,100.0
26.468727,-0.714451551958,-0.651941834851,-0.0383495196971,0.525388419851,-0.121184482243,0.83065059664,-1.7855536371,95.6591644287,0.632000084609,-0.104310693576,-0.133456328546,1.65171381336,0.742446701337,0.223194204637,0.722121455897,100.0
26.478738,-0.714451551958,-0.653092320442,-0.0383495196971,0.525004924654,-0.12156797744,0.829883606246,-1.7847866467,95.6591644287,0.632000084609,-0.104310693576,-0.132689338152,1.65133031816,0.741296215746,0.223577699834,0.720970970306,100.0
26.488732,-0.715602037549,-0.654242806033,-0.0391165100911,0.523854439063,-0.123101958228,0.829500111049,-1.7859371323,95.6591644287,0.632000084609,-0.104310693576,-0.133072833349,1.65133031816,0.741679710943,0.222427214243,0.720970970306,100.0
26.498731,-0.716752523139,-0.653475815639,-0.039500005288,0.522703953472,-0.123868948622,0.829116615852,-1.7859371323,95.6591644287,0.632000084609,-0.104310693576,-0.132689338152,1.65056332776,0.741679710943,0.22281070944,0.720970970306,100.0
26.508748,-0.717136018336,-0.655009796427,-0.040650490879,0.521169972684,-0.124635939016,0.829500111049,-1.78670412269,95.6591644287,0.632000084609,-0.104310693576,-0.133839823743,1.65133031816,0.741679710943,0.22281070944,0.721354465503,100.0
26.518725,-0.718669999124,-0.655393291624,-0.0421844716668,0.518869001502,-0.125786424607,0.829500111049,-1.78747111308,95.6591644287,0.632000084609,-0.104694188773,-0.133456328546,1.65094682296,0.74206320614,0.223194204637,0.7217379607,100.0
26.528742,-0.720203979912,-0.655776786821,-0.0414174812729,0.51656803032,-0.127320405394,0.828349625458,-1.78785460828,95.6591644287,0.631233094215,-0.10507768397,-0.133839823743,1.65133031816,0.741679710943,0.223577699834,0.720970970306,100.0
26.538745,-0.721354465503,-0.656927272412,-0.0421844716668,0.514650554336,-0.13038836697,0.826432149473,-1.78977208427,95.6591644287,0.631233094215,-0.104694188773,-0.132689338152,1.65017983257,0.740912720549,0.223194204637,0.7217379607,100.0
26.548733,-0.722504951094,-0.656927272412,-0.0410339860759,0.512733078351,-0.132305842955,0.823364187897,-1.78977208427,95.6591644287,0.631233094215,-0.104310693576,-0.132689338152,1.65094682296,0.741296215746,0.223577699834,0.720970970306,100.0
26.558730,-0.72557291267,-0.656543777215,-0.039883500485,0.509665116775,-0.133072833349,0.821063216716,-1.79130606505,95.6591644287,0.630082608624,-0.104310693576,-0.132689338152,1.65133031816,0.741679710943,0.223577699834,0.720970970306,100.0
26.568746,-0.725956407867,-0.658077758003,-0.0391165100911,0.506597155199,-0.133839823743,0.819912731125,-1.79322354104,95.6591644287,0.630849599018,-0.104310693576,-0.133456328546,1.65094682296,0.74206320614,0.223194204637,0.721354465503,100.0
26.578699,-0.727490388655,-0.657694262806,-0.039883500485,0.503529193623,-0.135757299728,0.818762245534,-1.79475752183,95.6591644287,0.630849599018,-0.104694188773,-0.133839823743,1.65056332776,0.74206320614,0.223577699834,0.721354465503,100.0
26.588740,-0.728257379049,-0.6584612532,-0.040650490879,0.499694241654,-0.138441766107,0.816077779155,-1.79667499781,95.6591644287,0.630849599018,-0.103927198379,-0.133456328546,1.65133031816,0.741679710943,0.223194204637,0.721354465503,100.0
26.598731,-0.729024369443,-0.658844748397,-0.0391165100911,0.495859289684,-0.142276718076,0.813393312776,-1.79974295939,95.6591644287,0.630849599018,-0.104310693576,-0.133839823743,1.65133031816,0.741296215746,0.222427214243,0.721354465503,100.0
26.608733,-0.731325340624,-0.658844748397,-0.039500005288,0.493558318502,-0.145344679652,0.809941856003,-1.80204393057,95.6591644287,0.630849599018,-0.104310693576,-0.13422331894,1.65094682296,0.74206320614,0.223194204637,0.720970970306,100.0
26.618733,-0.732475826215,-0.659611738791,-0.039500005288,0.489723366532,-0.148029146031,0.806873894428,-1.80511189214,95.6591644287,0.630849599018,-0.104310693576,-0.133456328546,1.65133031816,0.740912720549,0.223577699834,0.721354465503,100.0
26.628736,-0.733626311806,-0.6584612532,-0.040266995682,0.485888414563,-0.149946622016,0.804189428049,-1.80856334892,95.6591644287,0.630849599018,-0.103927198379,-0.13422331894,1.64979633737,0.741296215746,0.223194204637,0.7217379607,100.0
26.638732,-0.7343933022,-0.6584612532,-0.0391165100911,0.481669967396,-0.152631088395,0.799970980882,-1.81163131049,95.6591644287,0.632000084609,-0.103927198379,-0.133839823743,1.65017983257,0.74206320614,0.223577699834,0.720587475109,100.0
26.648734,-0.736694273382,-0.658077758003,-0.0414174812729,0.477835015426,-0.156466040364,0.795369038519,-1.81508276727,95.6591644287,0.631616589412,-0.104694188773,-0.133456328546,1.65056332776,0.741679710943,0.22281070944,0.720970970306,100.0
26.658761,-0.736694273382,-0.658844748397,-0.039500005288,0.473233073063,-0.160684487531,0.791150591352,-1.81968470963,95.6591644287,0.631233094215,-0.104694188773,-0.133456328546,1.65094682296,0.741679710943,0.22281070944,0.7217379607,100.0
26.668737,-0.73822825417,-0.659228243594,-0.039500005288,0.468247635502,-0.165286429895,0.786932144185,-1.8227526712,95.6591644287,0.632000084609,-0.10507768397,-0.13422331894,1.65056332776,0.74206320614,0.223577699834,0.720970970306,100.0
26.678737,-0.740145730155,-0.659228243594,-0.040266995682,0.464029188335,-0.169504877061,0.782713697019,-1.82697111837,95.6591644287,0.632767075003,-0.104694188773,-0.13422331894,1.65133031816,0.742446701337,0.223577699834,0.7217379607,100.0
26.688733,-0.740529225352,-0.659228243594,-0.039500005288,0.458660255578,-0.173339829031,0.777344764261,-1.83042257514,95.6591644287,0.632000084609,-0.104694188773,-0.133072833349,1.65094682296,0.741679710943,0.224344690228,0.720587475109,100.0
26.698734,-0.741679710943,-0.658844748397,-0.0383495196971,0.45329132282,-0.177941771395,0.7723593267,-1.83157306074,95.6591644287,0.632000084609,-0.10507768397,-0.133072833349,1.65133031816,0.74206320614,0.225111680622,0.721354465503,100.0
26.708734,-0.743597186927,-0.6584612532,-0.040650490879,0.447922390063,-0.182160218561,0.767757384337,-1.83157306074,95.6591644287,0.632000084609,-0.10507768397,-0.133456328546,1.65133031816,0.74206320614,0.224344690228,0.7217379607,100.0
26.718744,-0.745131167715,-0.6584612532,-0.039500005288,0.442936952502,-0.186762160925,0.761621461185,-1.83234005113,95.6591644287,0.632000084609,-0.10507768397,-0.133456328546,1.65056332776,0.742446701337,0.223961195031,0.720587475109,100.0
26.728736,-0.746281653306,-0.657694262806,-0.039500005288,0.437568019744,-0.191364103289,0.757019518821,-1.8357915079,95.6591644287,0.632000084609,-0.104694188773,-0.133839823743,1.65094682296,0.74206320614,0.223961195031,0.721354465503,100.0
26.738730,-0.748199129291,-0.6584612532,-0.040650490879,0.43181559179,-0.195582550455,0.751267090867,-1.84154393586,95.6591644287,0.632767075003,-0.104694188773,-0.132689338152,1.65056332776,0.741679710943,0.223961195031,0.720970970306,100.0
26.748732,-0.748966119685,-0.658844748397,-0.039500005288,0.426830154229,-0.198650512031,0.745514662912,-1.84729636381,95.6591644287,0.6331505702,-0.103543703182,-0.133456328546,1.65094682296,0.74206320614,0.223961195031,0.720970970306,100.0
26.758753,-0.75088359567,-0.657694262806,-0.039883500485,0.421077726275,-0.203635949592,0.740145730155,-1.85189830617,95.6591644287,0.631616589412,-0.104310693576,-0.133839823743,1.65094682296,0.742446701337,0.22281070944,0.721354465503,100.0
26.768732,-0.753184566852,-0.657694262806,-0.040266995682,0.414558307926,-0.207470901562,0.734776797397,-1.85343228696,95.6591644287,0.631616589412,-0.104694188773,-0.13422331894,1.65094682296,0.741679710943,0.22281070944,0.7217379607,100.0
26.778732,-0.754335052443,-0.657310767609,-0.039500005288,0.408422384774,-0.210538863137,0.730174855033,-1.85458277255,95.6591644287,0.632000084609,-0.104310693576,-0.133839823743,1.65017983257,0.74206320614,0.223194204637,0.7217379607,100.0
26.788739,-0.755102042837,-0.6584612532,-0.039500005288,0.403053452017,-0.214757310304,0.723655436685,-1.85688374374,95.6591644287,0.630849599018,-0.103160207985,-0.133839823743,1.65056332776,0.74206320614,0.223577699834,0.722121455897,100.0
26.798734,-0.757403014018,-0.657694262806,-0.0410339860759,0.395767043274,-0.218208767077,0.718669999124,-1.85841772452,95.6591644287,0.631616589412,-0.103927198379,-0.133839823743,1.65017983257,0.74206320614,0.223961195031,0.722504951094,100.0
26.808732,-0.758936994806,-0.6584612532,-0.040650490879,0.389247624926,-0.222043719046,0.71291757117,-1.86071869571,95.6591644287,0.632000084609,-0.104310693576,-0.133456328546,1.64941284217,0.741679710943,0.223577699834,0.720587475109,100.0
26.818730,-0.760470975594,-0.659228243594,-0.040650490879,0.383878692168,-0.226262166213,0.707165143215,-1.86225267649,95.6591644287,0.631616589412,-0.104310693576,-0.13422331894,1.65094682296,0.741679710943,0.223577699834,0.721354465503,100.0
26.828733,-0.762771946776,-0.6584612532,-0.040650490879,0.37735927382,-0.229713622986,0.701796210458,-1.86570413327,95.6591644287,0.631616589412,-0.104310693576,-0.133456328546,1.65017983257,0.74206320614,0.22281070944,0.721354465503,100.0
26.838732,-0.763155441973,-0.6584612532,-0.039883500485,0.370839855471,-0.233932070153,0.696043782503,-1.86685461886,95.6591644287,0.630849599018,-0.104694188773,-0.133839823743,1.65094682296,0.742446701337,0.223194204637,0.720970970306,100.0
26.848732,-0.765456413155,-0.6584612532,-0.039883500485,0.363936941926,-0.237767022122,0.690674849745,-1.87068957083,95.6591644287,0.631616589412,-0.104310693576,-0.133839823743,1.65133031816,0.741679710943,0.223194204637,0.721354465503,100.0
26.858755,-0.76737388914,-0.6584612532,-0.039883500485,0.35703402838,-0.241985469289,0.686456402579,-1.87260704681,95.6591644287,0.631616589412,-0.104694188773,-0.133839823743,1.65171381336,0.742446701337,0.223194204637,0.7217379607,100.0
26.868732,-0.768907869928,-0.658844748397,-0.039500005288,0.350131114835,-0.245820421259,0.680703974624,-1.87682549398,95.6591644287,0.630849599018,-0.104694188773,-0.134606814137,1.65171381336,0.742446701337,0.223577699834,0.720970970306,100.0
26.878736,-0.770441850715,-0.658844748397,-0.039500005288,0.343228201289,-0.249655373228,0.675335041867,-1.87950996036,95.6591644287,0.631233094215,-0.104694188773,-0.133456328546,1.65133031816,0.741296215746,0.223961195031,0.720970970306,100.0
26.888733,-0.772742821897,-0.658844748397,-0.0391165100911,0.33555829735,-0.252339839607,0.670733099503,-1.88372840752,95.6591644287,0.630466103821,-0.103927198379,-0.133072833349,1.65171381336,0.741296215746,0.223194204637,0.7217379607,100.0
26.898735,-0.773893307488,-0.658077758003,-0.040650490879,0.329038879001,-0.256558286774,0.665364166745,-1.88833034989,95.6591644287,0.631616589412,-0.104310693576,-0.133456328546,1.65094682296,0.742446701337,0.223577699834,0.7217379607,100.0
26.908732,-0.775810783473,-0.6584612532,-0.0391165100911,0.321368975062,-0.260009743547,0.659611738791,-1.89254879705,95.6591644287,0.630466103821,-0.104310693576,-0.13422331894,1.65171381336,0.741679710943,0.223577699834,0.720970970306,100.0
26.918751,-0.776961269064,-0.6584612532,-0.0391165100911,0.313699071123,-0.263461200319,0.65462630123,-1.89753423461,95.6591644287,0.630849599018,-0.103543703182,-0.133456328546,1.65171381336,0.74206320614,0.223577699834,0.720970970306,100.0
26.928731,-0.778111754655,-0.6584612532,-0.039883500485,0.306029167183,-0.266912657092,0.649640863669,-1.90405365296,95.6591644287,0.630082608624,-0.104310693576,-0.13422331894,1.65094682296,0.74206320614,0.22281070944,0.720970970306,100.0
26.938735,-0.780412725837,-0.657310767609,-0.040650490879,0.298742758441,-0.271131104259,0.644655426109,-1.90827210013,95.6591644287,0.630466103821,-0.104310693576,-0.133456328546,1.65133031816,0.740912720549,0.22281070944,0.722121455897,100.0
26.948749,-0.781179716231,-0.6584612532,-0.040650490879,0.291072854501,-0.273815570638,0.639669988548,-1.91402452808,95.6591644287,0.631616589412,-0.104694188773,-0.133456328546,1.65171381336,0.741296215746,0.223577699834,0.7217379607,100.0
26.958733,-0.783097192216,-0.658077758003,-0.0391165100911,0.283786445759,-0.27726702741,0.634301055791,-1.92092744163,95.6591644287,0.630849599018,-0.104310693576,-0.133839823743,1.65171381336,0.74206320614,0.223961195031,0.721354465503,100.0
26.968744,-0.782330201822,-0.658077758003,-0.039500005288,0.275349551425,-0.279951493789,0.629699113427,-1.92667986958,95.6591644287,0.631233094215,-0.104310693576,-0.133456328546,1.65133031816,0.741679710943,0.223961195031,0.721354465503,100.0
26.978735,-0.7850146682,-0.656927272412,-0.0383495196971,0.268063142683,-0.283402950562,0.62548066626,-1.93281579274,95.6591644287,0.631233094215,-0.103927198379,-0.134606814137,1.65094682296,0.741679710943,0.223577699834,0.722121455897,100.0
26.988733,-0.785781658594,-0.658844748397,-0.0391165100911,0.25962624835,-0.285703921744,0.6204952287,-1.9378012303,95.6591644287,0.631233094215,-0.104694188773,-0.133839823743,1.65171381336,0.742446701337,0.223194204637,0.722121455897,100.0
26.998767,-0.787315639382,-0.657310767609,-0.0387330148941,0.252339839607,-0.287621397729,0.615893286336,-1.94547113424,95.6591644287,0.630849599018,-0.104310693576,-0.13422331894,1.65133031816,0.742446701337,0.223577699834,0.720970970306,100.0
27.008735,-0.788466124973,-0.657310767609,-0.039883500485,0.245053430865,-0.290305864107,0.611674839169,-1.95160705739,95.6591644287,0.630082608624,-0.104694188773,-0.134606814137,1.65171381336,0.741296215746,0.223961195031,0.720970970306,100.0
27.018729,-0.790000105761,-0.656543777215,-0.0387330148941,0.237767022122,-0.292990330486,0.6078398872,-1.95735948534,95.6591644287,0.631616589412,-0.104310693576,-0.133839823743,1.65209730855,0.741679710943,0.223194204637,0.7217379607,100.0
27.028737,-0.791534086549,-0.657310767609,-0.0391165100911,0.229330127789,-0.294524311274,0.603621440033,-1.96464589408,95.6591644287,0.631233094215,-0.104694188773,-0.133456328546,1.65094682296,0.741296215746,0.223577699834,0.7217379607,100.0
27.038733,-0.79268457214,-0.656927272412,-0.039883500485,0.221660223849,-0.295674796865,0.599019497669,-1.97039832204,95.6591644287,0.631616589412,-0.104694188773,-0.133839823743,1.65171381336,0.74206320614,0.223577699834,0.721354465503,100.0
27.048734,-0.794218552928,-0.657694262806,-0.0391165100911,0.214373815107,-0.297975768047,0.59633503129,-1.9753837596,95.6591644287,0.631616589412,-0.104310693576,-0.13422331894,1.65094682296,0.741679710943,0.22281070944,0.721354465503,100.0
27.058748,-0.795752533716,-0.656160282018,-0.0383495196971,0.206320415971,-0.299126253638,0.592883574518,-1.98075269236,95.6591644287,0.632383579806,-0.104694188773,-0.134606814137,1.65133031816,0.741679710943,0.223577699834,0.7217379607,100.0
27.068746,-0.795752533716,-0.656927272412,-0.039883500485,0.198650512031,-0.299893244032,0.588665127351,-1.98535463472,95.6591644287,0.631616589412,-0.104310693576,-0.133839823743,1.65056332776,0.74206320614,0.223961195031,0.7217379607,100.0
27.078729,-0.7976700097,-0.655393291624,-0.0383495196971,0.190213617698,-0.301810720016,0.587131146563,-1.99225754827,95.6591644287,0.631616589412,-0.104694188773,-0.133839823743,1.65017983257,0.742446701337,0.223577699834,0.7217379607,100.0
27.088762,-0.798820495291,-0.657694262806,-0.039500005288,0.182927208955,-0.302194215213,0.584446680184,-1.99724298583,95.6591644287,0.631616589412,-0.104694188773,-0.133456328546,1.65171381336,0.741679710943,0.223577699834,0.720587475109,100.0
27.098731,-0.801121466473,-0.656927272412,-0.039500005288,0.174106819425,-0.304111691198,0.582145709003,-2.00146143299,95.6591644287,0.632000084609,-0.104310693576,-0.134606814137,1.65133031816,0.742446701337,0.223961195031,0.7217379607,100.0
27.108746,-0.802271952064,-0.656543777215,-0.0387330148941,0.166053420289,-0.304111691198,0.580611728215,-2.00644687055,95.6591644287,0.632000084609,-0.10507768397,-0.133456328546,1.65133031816,0.741679710943,0.223961195031,0.721354465503,100.0
27.118753,-0.803422437655,-0.655393291624,-0.039500005288,0.158383516349,-0.304878681592,0.579461242624,-2.01028182252,95.6591644287,0.632000084609,-0.104694188773,-0.133456328546,1.65133031816,0.741679710943,0.223961195031,0.721354465503,100.0
27.128731,-0.803805932852,-0.655393291624,-0.039883500485,0.150330117213,-0.305262176789,0.57869425223,-2.01526726008,95.6591644287,0.632000084609,-0.104694188773,-0.13422331894,1.65094682296,0.741679710943,0.223577699834,0.720970970306,100.0
27.138733,-0.804956418443,-0.656543777215,-0.0383495196971,0.142660213273,-0.304878681592,0.579461242624,-2.02025269765,95.6591644287,0.631616589412,-0.104310693576,-0.133839823743,1.65056332776,0.742446701337,0.223577699834,0.720970970306,100.0
27.148733,-0.806106904034,-0.656543777215,-0.039500005288,0.135373804531,-0.305262176789,0.579077747427,-2.02447114481,95.6591644287,0.632383579806,-0.104310693576,-0.133456328546,1.65094682296,0.741296215746,0.223194204637,0.721354465503,100.0
27.158732,-0.808024380019,-0.655776786821,-0.0391165100911,0.128854386182,-0.305262176789,0.581378718609,-2.02830609678,95.6591644287,0.631233094215,-0.103927198379,-0.133072833349,1.65209730855,0.74206320614,0.223961195031,0.721354465503,100.0
27.168753,-0.809558360807,-0.655776786821,-0.039500005288,0.12156797744,-0.304878681592,0.582145709003,-2.03137405836,95.6591644287,0.632000084609,-0.104310693576,-0.133456328546,1.65094682296,0.741679710943,0.223194204637,0.720970970306,100.0
27.178787,-0.809941856003,-0.655009796427,-0.039883500485,0.114665063894,-0.306029167183,0.585213670578,-2.03520901033,95.6591644287,0.632000084609,-0.104310693576,-0.13422331894,1.65056332776,0.74206320614,0.223577699834,0.721354465503,100.0
27.188755,-0.812626322382,-0.653859310836,-0.0387330148941,0.107762150349,-0.305645671986,0.588665127351,-2.0386604671,95.6591644287,0.631616589412,-0.104694188773,-0.133456328546,1.65094682296,0.741679710943,0.223961195031,0.721354465503,100.0
27.198745,-0.811859331988,-0.65462630123,-0.039500005288,0.100475741606,-0.305262176789,0.590966098533,-2.04249541907,95.6591644287,0.632000084609,-0.104694188773,-0.13422331894,1.65094682296,0.74206320614,0.223194204637,0.722504951094,100.0
27.208733,-0.81416030317,-0.653092320442,-0.0387330148941,0.094339818455,-0.305645671986,0.594801050503,-2.04556338065,95.6591644287,0.632000084609,-0.103927198379,-0.133456328546,1.65171381336,0.74206320614,0.22281070944,0.721354465503,100.0
27.218751,-0.815694283958,-0.653092320442,-0.0391165100911,0.0878204001064,-0.305262176789,0.599786488063,-2.04748085663,95.6591644287,0.632000084609,-0.104694188773,-0.133456328546,1.65171381336,0.74206320614,0.223961195031,0.720970970306,100.0
27.228751,-0.816461274352,-0.653475815639,-0.0375825293032,0.0813009817579,-0.304878681592,0.605538916018,-2.05054881821,95.6591644287,0.630849599018,-0.104694188773,-0.13422331894,1.65209730855,0.741296215746,0.223194204637,0.7217379607,100.0
27.238748,-0.817228264746,-0.652708825245,-0.0383495196971,0.0763155441973,-0.303728196001,0.611674839169,-2.0516993038,95.6591644287,0.631616589412,-0.10507768397,-0.133456328546,1.65094682296,0.74206320614,0.223961195031,0.720970970306,100.0
27.248737,-0.818378750337,-0.651941834851,-0.040266995682,0.0705631162427,-0.304111691198,0.617427267124,-2.05400027498,95.6591644287,0.630849599018,-0.103927198379,-0.133839823743,1.65171381336,0.74206320614,0.223577699834,0.720587475109,100.0
27.258753,-0.819145740731,-0.651174844457,-0.0379660245002,0.0648106882882,-0.303728196001,0.62548066626,-2.05668474136,95.6591644287,0.631233094215,-0.104310693576,-0.134606814137,1.65133031816,0.741679710943,0.22281070944,0.720203979912,100.0
27.268730,-0.819912731125,-0.651558339654,-0.0379660245002,0.0594417555306,-0.302961205607,0.632767075003,-2.05821872215,95.6591644287,0.631616589412,-0.104310693576,-0.133072833349,1.65171381336,0.741679710943,0.223194204637,0.721354465503,100.0
27.278729,-0.820296226322,-0.65079134926,-0.0375825293032,0.0544563179699,-0.302961205607,0.641203969336,-2.05898571254,95.6591644287,0.631616589412,-0.104310693576,-0.133456328546,1.65133031816,0.742446701337,0.223961195031,0.7217379607,100.0
27.288755,-0.821063216716,-0.648873873276,-0.0368155389092,0.0498543756063,-0.303728196001,0.649640863669,-2.06051969333,95.6591644287,0.631233094215,-0.103927198379,-0.133072833349,1.65094682296,0.742446701337,0.22281070944,0.7217379607,100.0
27.298745,-0.821063216716,-0.649257368473,-0.0360485485153,0.0444854428487,-0.304111691198,0.6584612532,-2.06090318852,95.6591644287,0.6331505702,-0.103543703182,-0.133072833349,1.65056332776,0.741679710943,0.223194204637,0.721354465503,100.0
27.308735,-0.823364187897,-0.650024358866,-0.0371990341062,0.040266995682,-0.304111691198,0.668432128321,-2.06051969333,95.6591644287,0.632000084609,-0.103927198379,-0.133072833349,1.65094682296,0.741679710943,0.223577699834,0.720587475109,100.0
27.318746,-0.824131178291,-0.648873873276,-0.0360485485153,0.0348980629244,-0.303728196001,0.676869022654,-2.06167017892,95.6591644287,0.630849599018,-0.104310693576,-0.133456328546,1.65094682296,0.742446701337,0.223961195031,0.721354465503,100.0
27.328733,-0.824131178291,-0.648106882882,-0.0364320437123,0.0310631109547,-0.303728196001,0.686839897776,-2.06051969333,95.6591644287,0.631233094215,-0.104694188773,-0.133456328546,1.65171381336,0.74206320614,0.223961195031,0.720587475109,100.0
27.338736,-0.824898168685,-0.647339892488,-0.0360485485153,0.026461168591,-0.304111691198,0.695660287306,-2.06090318852,95.6591644287,0.631616589412,-0.104694188773,-0.13422331894,1.65133031816,0.74206320614,0.223961195031,0.721354465503,100.0
27.348757,-0.825665159079,-0.647723387685,-0.0364320437123,0.0249271878031,-0.303344700804,0.701412715261,-2.06128668372,95.6591644287,0.632000084609,-0.103927198379,-0.134606814137,1.65094682296,0.74206320614,0.223577699834,0.720587475109,100.0
27.358733,-0.825665159079,-0.648490378079,-0.0383495196971,0.0256941781971,-0.304495186395,0.704864172033,-2.06128668372,95.6591644287,0.632767075003,-0.103927198379,-0.133839823743,1.65171381336,0.74206320614,0.223194204637,0.721354465503,100.0
27.368725,-0.82681564467,-0.650024358866,-0.0375825293032,0.0260776733941,-0.303344700804,0.707548638412,-2.06051969333,95.6591644287,0.631616589412,-0.103927198379,-0.13422331894,1.65094682296,0.74206320614,0.223577699834,0.721354465503,100.0
27.378726,-0.82681564467,-0.650407854063,-0.0364320437123,0.026844663788,-0.304111691198,0.709466114397,-2.06090318852,95.6591644287,0.631616589412,-0.103927198379,-0.133072833349,1.65133031816,0.741296215746,0.223577699834,0.720970970306,100.0
27.388746,-0.827199139867,-0.650407854063,-0.0371990341062,0.0276116541819,-0.303728196001,0.711000095185,-2.06051969333,95.6591644287,0.631233094215,-0.104694188773,-0.133839823743,1.65133031816,0.74206320614,0.22281070944,0.720970970306,100.0
27.398747,-0.827966130261,-0.651558339654,-0.0368155389092,0.0279951493789,-0.302961205607,0.709849609594,-2.05860221734,95.6591644287,0.630849599018,-0.104694188773,-0.133456328546,1.65094682296,0.741679710943,0.223577699834,0.721354465503,100.0
27.408741,-0.828733120655,-0.649257368473,-0.0368155389092,0.026844663788,-0.302961205607,0.7090826192,-2.05936920774,95.6591644287,0.631616589412,-0.104310693576,-0.133839823743,1.65133031816,0.741679710943,0.22281070944,0.721354465503,100.0
27.418743,-0.828733120655,-0.649257368473,-0.0368155389092,0.0260776733941,-0.302961205607,0.708699124003,-2.05975270293,95.6591644287,0.631616589412,-0.104310693576,-0.13422331894,1.65133031816,0.741679710943,0.223577699834,0.721354465503,100.0
27.428748,-0.829116615852,-0.648873873276,-0.0368155389092,0.0256941781971,-0.302961205607,0.706398152821,-2.05936920774,95.6591644287,0.630466103821,-0.104310693576,-0.134606814137,1.65133031816,0.741296215746,0.222427214243,0.7217379607,100.0
27.438734,-0.829883606246,-0.648106882882,-0.0383495196971,0.0256941781971,-0.30257771041,0.702946696048,-2.05898571254,95.6591644287,0.631233094215,-0.104694188773,-0.133839823743,1.65094682296,0.74206320614,0.223577699834,0.722121455897,100.0
27.448734,-0.830267101443,-0.646189406897,-0.0364320437123,0.0256941781971,-0.30257771041,0.700645724867,-2.05860221734,95.6591644287,0.630849599018,-0.104694188773,-0.133456328546,1.65171381336,0.74206320614,0.223961195031,0.7217379607,100.0
27.458746,-0.83065059664,-0.646572902094,-0.0360485485153,0.0249271878031,-0.302961205607,0.698728248882,-2.05860221734,95.6591644287,0.631616589412,-0.10507768397,-0.133839823743,1.65171381336,0.741679710943,0.223194204637,0.7217379607,100.0
27.468730,-0.829883606246,-0.647339892488,-0.0364320437123,0.0256941781971,-0.303344700804,0.697577763291,-2.05821872215,95.6591644287,0.631233094215,-0.104694188773,-0.133456328546,1.65094682296,0.741296215746,0.224344690228,0.720970970306,100.0
27.478729,-0.829500111049,-0.647339892488,-0.0368155389092,0.0256941781971,-0.302961205607,0.695660287306,-2.05860221734,95.6591644287,0.631233094215,-0.104694188773,-0.133839823743,1.65094682296,0.741679710943,0.223961195031,0.720587475109,100.0
27.488746,-0.829883606246,-0.646956397291,-0.0379660245002,0.0256941781971,-0.302961205607,0.694509801715,-2.05630124616,95.6591644287,0.631233094215,-0.10507768397,-0.133839823743,1.65133031816,0.741679710943,0.223194204637,0.722121455897,100.0
27.498731,-0.830267101443,-0.646956397291,-0.0364320437123,0.0256941781971,-0.30257771041,0.692208830533,-2.05553425577,95.6591644287,0.631616589412,-0.104310693576,-0.13422331894,1.65133031816,0.741679710943,0.223961195031,0.720587475109,100.0
27.508744,-0.829883606246,-0.646956397291,-0.0360485485153,0.0260776733941,-0.302961205607,0.690674849745,-2.05553425577,95.6591644287,0.631233094215,-0.104310693576,-0.133839823743,1.65056332776,0.74206320614,0.223961195031,0.7217379607,100.0
27.518750,-0.830267101443,-0.646572902094,-0.0348980629244,0.0256941781971,-0.30257771041,0.691825335336,-2.05553425577,95.6591644287,0.630849599018,-0.104310693576,-0.13422331894,1.65094682296,0.74206320614,0.223577699834,0.721354465503,100.0
27.528744,-0.829883606246,-0.646956397291,-0.0360485485153,0.0256941781971,-0.302194215213,0.691058344942,-2.05745173175,95.6591644287,0.632000084609,-0.104310693576,-0.133456328546,1.65209730855,0.741296215746,0.223577699834,0.720587475109,100.0
27.538738,-0.829500111049,-0.646572902094,-0.0368155389092,0.0256941781971,-0.302961205607,0.691825335336,-2.05821872215,95.6591644287,0.631616589412,-0.104694188773,-0.133839823743,1.65133031816,0.741679710943,0.223577699834,0.7217379607,100.0
27.548734,-0.829883606246,-0.645038921306,-0.0360485485153,0.0253106830001,-0.302961205607,0.692208830533,-2.05898571254,95.6591644287,0.631233094215,-0.104694188773,-0.133456328546,1.65056332776,0.741679710943,0.223961195031,0.7217379607,100.0
27.558745,-0.829500111049,-0.646572902094,-0.0364320437123,0.0253106830001,-0.302961205607,0.69259232573,-2.05898571254,95.6591644287,0.631616589412,-0.104694188773,-0.133456328546,1.65094682296,0.741679710943,0.222427214243,0.7217379607,100.0
27.568726,-0.830267101443,-0.646189406897,-0.0360485485153,0.0256941781971,-0.301427224819,0.69259232573,-2.05898571254,95.6591644287,0.630849599018,-0.103927198379,-0.133456328546,1.65056332776,0.741679710943,0.223577699834,0.721354465503,100.0
27.578747,-0.83065059664,-0.6458059117,-0.0356650533183,0.0256941781971,-0.302194215213,0.693742811321,-2.05898571254,95.6591644287,0.631616589412,-0.104310693576,-0.132689338152,1.65056332776,0.741296215746,0.223577699834,0.7217379607,100.0
27.588733,-0.829883606246,-0.647339892488,-0.0348980629244,0.0256941781971,-0.302194215213,0.693742811321,-2.05936920774,95.6591644287,0.630849599018,-0.103543703182,-0.133456328546,1.65056332776,0.741679710943,0.22281070944,0.720970970306,100.0
27.598749,-0.829500111049,-0.645038921306,-0.0352815581214,0.0256941781971,-0.301810720016,0.694509801715,-2.05898571254,95.6591644287,0.631616589412,-0.103927198379,-0.133839823743,1.65017983257,0.742446701337,0.223577699834,0.721354465503,100.0
27.608733,-0.829500111049,-0.646572902094,-0.0345145677274,0.0253106830001,-0.300660234426,0.692975820927,-2.05936920774,95.6591644287,0.630849599018,-0.104310693576,-0.133456328546,1.65056332776,0.74206320614,0.223961195031,0.7217379607,100.0
27.618748,-0.827966130261,-0.646572902094,-0.0348980629244,0.0253106830001,-0.301427224819,0.694126306518,-2.05898571254,95.6591644287,0.631616589412,-0.104310693576,-0.133839823743,1.65094682296,0.74206320614,0.223961195031,0.720970970306,100.0
27.628749,-0.828733120655,-0.646189406897,-0.0364320437123,0.0256941781971,-0.301427224819,0.693742811321,-2.05936920774,95.6591644287,0.631616589412,-0.104310693576,-0.133839823743,1.65171381336,0.742446701337,0.223961195031,0.720970970306,100.0
27.638747,-0.828733120655,-0.646572902094,-0.0352815581214,0.0253106830001,-0.301427224819,0.692975820927,-2.05821872215,95.6591644287,0.630466103821,-0.103927198379,-0.133456328546,1.65133031816,0.741296215746,0.223961195031,0.720970970306,100.0
27.648731,-0.828349625458,-0.646572902094,-0.0345145677274,0.0253106830001,-0.302194215213,0.693742811321,-2.05936920774,95.6591644287,0.630466103821,-0.103927198379,-0.13422331894,1.65094682296,0.74206320614,0.223577699834,0.721354465503,100.0
27.658747,-0.828349625458,-0.646189406897,-0.0341310725305,0.0256941781971,-0.301427224819,0.694126306518,-2.05936920774,95.6591644287,0.630849599018,-0.103927198379,-0.133839823743,1.65133031816,0.742446701337,0.223194204637,0.720970970306,100.0
27.668727,-0.827582635064,-0.6458059117,-0.0345145677274,0.0253106830001,-0.301043729623,0.693359316124,-2.05898571254,95.6591644287,0.631233094215,-0.104310693576,-0.13422331894,1.65017983257,0.742446701337,0.222427214243,0.721354465503,100.0
27.678747,-0.827582635064,-0.646189406897,-0.0348980629244,0.0253106830001,-0.301810720016,0.693742811321,-2.05936920774,95.6591644287,0.631616589412,-0.103927198379,-0.133456328546,1.65017983257,0.741296215746,0.22281070944,0.721354465503,100.0
27.688734,-0.827966130261,-0.644655426109,-0.0348980629244,0.0249271878031,-0.301810720016,0.693742811321,-2.05975270293,95.6591644287,0.630466103821,-0.103927198379,-0.13422331894,1.65056332776,0.742446701337,0.224344690228,0.720970970306,100.0
27.698745,-0.827966130261,-0.645422416503,-0.0360485485153,0.0249271878031,-0.302194215213,0.693359316124,-2.05898571254,95.6591644287,0.630849599018,-0.104310693576,-0.133839823743,1.65056332776,0.741296215746,0.223577699834,0.7217379607,100.0
27.708733,-0.82681564467,-0.645038921306,-0.0348980629244,0.0256941781971,-0.301810720016,0.694509801715,-2.05975270293,95.6591644287,0.631616589412,-0.104694188773,-0.13422331894,1.65056332776,0.74206320614,0.222427214243,0.7217379607,100.0
27.718748,-0.827199139867,-0.6458059117,-0.0352815581214,0.0253106830001,-0.301427224819,0.694126306518,-2.05936920774,95.6591644287,0.631616589412,-0.104694188773,-0.133839823743,1.65056332776,0.741679710943,0.22281070944,0.720587475109,100.0
27.728660,-0.82681564467,-0.6458059117,-0.0364320437123,0.0253106830001,-0.301427224819,0.694126306518,-2.05975270293,95.6591644287,0.631616589412,-0.104310693576,-0.133456328546,1.65056332776,0.742446701337,0.223577699834,0.721354465503,100.0
27.738652,-0.826048654276,-0.646189406897,-0.0345145677274,0.0256941781971,-0.301810720016,0.694509801715,-2.05898571254,95.6591644287,0.632000084609,-0.103927198379,-0.133456328546,1.65056332776,0.74206320614,0.22281070944,0.720970970306,100.0
27.748652,-0.827199139867,-0.646189406897,-0.0348980629244,0.0253106830001,-0.301810720016,0.694509801715,-2.05975270293,95.6591644287,0.631233094215,-0.104694188773,-0.133839823743,1.65017983257,0.74206320614,0.223577699834,0.7217379607,100.0
27.758655,-0.826048654276,-0.646189406897,-0.0352815581214,0.0256941781971,-0.301427224819,0.694509801715,-2.05936920774,95.6591644287,0.630849599018,-0.104310693576,-0.133839823743,1.65094682296,0.741679710943,0.223961195031,0.7217379607,100.0
27.768650,-0.82681564467,-0.6458059117,-0.0356650533183,0.0256941781971,-0.301810720016,0.694126306518,-2.05860221734,95.6591644287,0.630849599018,-0.104310693576,-0.13422331894,1.65094682296,0.74206320614,0.223961195031,0.722888446291,100.0
27.778654,-0.826432149473,-0.6458059117,-0.0348980629244,0.0253106830001,-0.301043729623,0.695276792109,-2.05936920774,95.6591644287,0.630849599018,-0.104694188773,-0.133072833349,1.65094682296,0.742446701337,0.22281070944,0.720970970306,100.0
27.788654,-0.826432149473,-0.646956397291,-0.0341310725305,0.0256941781971,-0.30257771041,0.694893296912,-2.05860221734,95.6591644287,0.630849599018,-0.103927198379,-0.133839823743,1.65133031816,0.74206320614,0.223194204637,0.721354465503,100.0
27.798650,-0.825281663882,-0.646189406897,-0.0348980629244,0.0249271878031,-0.301427224819,0.694509801715,-2.05860221734,95.6591644287,0.631233094215,-0.104310693576,-0.133456328546,1.65133031816,0.741679710943,0.223577699834,0.720587475109,100.0
27.808654,-0.826432149473,-0.646572902094,-0.0337475773335,0.0256941781971,-0.301427224819,0.694509801715,-2.05898571254,95.6591644287,0.630849599018,-0.104310693576,-0.133839823743,1.65056332776,0.741296215746,0.223577699834,0.721354465503,100.0
27.818653,-0.825665159079,-0.645038921306,-0.0352815581214,0.0256941781971,-0.301427224819,0.695276792109,-2.05860221734,95.6591644287,0.631616589412,-0.103927198379,-0.133456328546,1.65056332776,0.741679710943,0.223577699834,0.7217379607,100.0
27.828654,-0.825665159079,-0.647723387685,-0.0337475773335,0.0256941781971,-0.302194215213,0.695276792109,-2.05975270293,95.6591644287,0.631233094215,-0.103927198379,-0.133839823743,1.65017983257,0.741679710943,0.223577699834,0.721354465503,100.0
27.838655,-0.825281663882,-0.645038921306,-0.0360485485153,0.0253106830001,-0.301043729623,0.694893296912,-2.05821872215,95.6591644287,0.631233094215,-0.10507768397,-0.134606814137,1.65133031816,0.741679710943,0.223961195031,0.7217379607,100.0
27.848656,-0.825665159079,-0.6458059117,-0.0341310725305,0.0253106830001,-0.302194215213,0.694893296912,-2.05898571254,95.6591644287,0.632000084609,-0.103927198379,-0.133456328546,1.64979633737,0.741679710943,0.22281070944,0.7217379607,100.0
27.858655,-0.825281663882,-0.646189406897,-0.0341310725305,0.0256941781971,-0.301043729623,0.696043782503,-2.05898571254,95.6591644287,0.632000084609,-0.104694188773,-0.133456328546,1.65017983257,0.741679710943,0.22281070944,0.722121455897,100.0
27.868654,-0.825281663882,-0.646572902094,-0.0345145677274,0.0253106830001,-0.302194215213,0.695276792109,-2.05936920774,95.6591644287,0.632000084609,-0.103927198379,-0.133456328546,1.65017983257,0.741679710943,0.223194204637,0.721354465503,100.0
27.878654,-0.825665159079,-0.6458059117,-0.0348980629244,0.0256941781971,-0.302194215213,0.695276792109,-2.05860221734,95.6591644287,0.630849599018,-0.104310693576,-0.133839823743,1.65056332776,0.74206320614,0.223194204637,0.720970970306,100.0
27.888654,-0.824898168685,-0.6458059117,-0.0337475773335,0.0253106830001,-0.301427224819,0.696810772897,-2.05898571254,95.6591644287,0.630849599018,-0.104310693576,-0.133839823743,1.64979633737,0.74206320614,0.22281070944,0.721354465503,100.0
27.898650,-0.824898168685,-0.6458059117,-0.0337475773335,0.0253106830001,-0.301810720016,0.696043782503,-2.05936920774,95.6591644287,0.631233094215,-0.103543703182,-0.133072833349,1.65094682296,0.741679710943,0.22281070944,0.721354465503,100.0
27.908651,-0.825665159079,-0.645422416503,-0.0333640821365,0.0256941781971,-0.302194215213,0.695660287306,-2.05860221734,95.6591644287,0.630849599018,-0.104310693576,-0.133456328546,1.65017983257,0.741679710943,0.223577699834,0.7217379607,100.0
27.918653,-0.825281663882,-0.6458059117,-0.0360485485153,0.0256941781971,-0.302194215213,0.695660287306,-2.05936920774,95.6591644287,0.632383579806,-0.104694188773,-0.133839823743,1.65094682296,0.74206320614,0.223577699834,0.720587475109,100.0
27.928655,-0.826048654276,-0.646189406897,-0.0333640821365,0.0253106830001,-0.301427224819,0.695276792109,-2.05898571254,95.6591644287,0.631616589412,-0.104310693576,-0.133839823743,1.65094682296,0.741296215746,0.223961195031,0.722121455897,100.0
27.938654,-0.826048654276,-0.646189406897,-0.0341310725305,0.0249271878031,-0.30257771041,0.695660287306,-2.05898571254,95.6591644287,0.631233094215,-0.103927198379,-0.133839823743,1.65133031816,0.741679710943,0.22281070944,0.7217379607,100.0
27.948652,-0.826048654276,-0.646189406897,-0.0356650533183,0.0256941781971,-0.30257771041,0.6964272777,-2.05860221734,95.6591644287,0.632000084609,-0.104310693576,-0.133456328546,1.64979633737,0.741296215746,0.223194204637,0.7217379607,100.0
27.958651,-0.825665159079,-0.645038921306,-0.0348980629244,0.0249271878031,-0.30257771041,0.695660287306,-2.05936920774,95.6591644287,0.631233094215,-0.104310693576,-0.133839823743,1.65017983257,0.741679710943,0.223194204637,0.7217379607,100.0
27.968648,-0.826048654276,-0.645422416503,-0.0356650533183,0.0253106830001,-0.30257771041,0.695660287306,-2.05898571254,95.6591644287,0.630849599018,-0.103927198379,-0.133072833349,1.65017983257,0.741679710943,0.223194204637,0.722121455897,100.0
27.978651,-0.826048654276,-0.6458059117,-0.0348980629244,0.0249271878031,-0.302961205607,0.696043782503,-2.05821872215,95.6591644287,0.631233094215,-0.104310693576,-0.13422331894,1.64979633737,0.74206320614,0.223577699834,0.721354465503,100.0
27.988653,-0.826048654276,-0.644655426109,-0.0352815581214,0.0253106830001,-0.302194215213,0.695276792109,-2.05936920774,95.6591644287,0.631616589412,-0.105844674364,-0.133072833349,1.65017983257,0.741679710943,0.223961195031,0.722121455897,100.0
27.998650,-0.826432149473,-0.6458059117,-0.0348980629244,0.0249271878031,-0.301810720016,0.696043782503,-2.05898571254,95.6591644287,0.630849599018,-0.104310693576,-0.133456328546,1.65017983257,0.741296215746,0.22281070944,0.7217379607,100.0
28.008654,-0.827199139867,-0.6458059117,-0.0348980629244,0.0253106830001,-0.302961205607,0.696810772897,-2.05936920774,95.6591644287,0.632383579806,-0.104694188773,-0.134990309334,1.65017983257,0.74206320614,0.223194204637,0.7217379607,100.0
28.018651,-0.825665159079,-0.6458059117,-0.0341310725305,0.0253106830001,-0.30257771041,0.696043782503,-2.05936920774,95.6591644287,0.631233094215,-0.10507768397,-0.133072833349,1.64979633737,0.74206320614,0.223577699834,0.720970970306,100.0
28.028653,-0.826432149473,-0.645422416503,-0.0345145677274,0.0256941781971,-0.302961205607,0.696043782503,-2.05860221734,95.6591644287,0.631616589412,-0.104310693576,-0.134606814137,1.64979633737,0.74206320614,0.222427214243,0.722121455897,100.0
28.038655,-0.827199139867,-0.644655426109,-0.0348980629244,0.0253106830001,-0.30257771041,0.6964272777,-2.05936920774,95.6591644287,0.631233094215,-0.104310693576,-0.13422331894,1.65094682296,0.74206320614,0.223577699834,0.7217379607,100.0
28.048655,-0.827199139867,-0.645038921306,-0.0341310725305,0.0256941781971,-0.30257771041,0.696810772897,-2.05936920774,95.6591644287,0.630849599018,-0.104310693576,-0.133839823743,1.65094682296,0.741296215746,0.223194204637,0.720970970306,100.0
28.058653,-0.827582635064,-0.644655426109,-0.0341310725305,0.0253106830001,-0.302194215213,0.6964272777,-2.05975270293,95.6591644287,0.631616589412,-0.104694188773,-0.133839823743,1.65017983257,0.74206320614,0.223577699834,0.722121455897,100.0
28.068651,-0.827582635064,-0.644271930912,-0.0341310725305,0.0253106830001,-0.302961205607,0.6964272777,-2.05898571254,95.6591644287,0.631616589412,-0.103543703182,-0.133839823743,1.65017983257,0.742446701337,0.223194204637,0.7217379607,100.0
28.078650,-0.827582635064,-0.645038921306,-0.0352815581214,0.0256941781971,-0.302194215213,0.696043782503,-2.05860221734,95.6591644287,0.631616589412,-0.10507768397,-0.13422331894,1.64979633737,0.74206320614,0.223577699834,0.720587475109,100.0
28.088653,-0.827582635064,-0.645422416503,-0.0337475773335,0.0256941781971,-0.301810720016,0.6964272777,-2.05898571254,95.6591644287,0.631616589412,-0.104694188773,-0.13422331894,1.65094682296,0.74206320614,0.223961195031,0.7217379607,100.0
28.098653,-0.826432149473,-0.645038921306,-0.0337475773335,0.0256941781971,-0.30257771041,0.6964272777,-2.05936920774,95.6591644287,0.631616589412,-0.104694188773,-0.134606814137,1.65017983257,0.74206320614,0.223577699834,0.7217379607,100.0
28.108651,-0.827582635064,-0.644655426109,-0.0333640821365,0.0256941781971,-0.302961205607,0.6964272777,-2.05936920774,95.6591644287,0.632000084609,-0.104694188773,-0.133456328546,1.64979633737,0.742446701337,0.223577699834,0.721354465503,100.0
28.118651,-0.827199139867,-0.644655426109,-0.0337475773335,0.0253106830001,-0.302194215213,0.696810772897,-2.05898571254,95.6591644287,0.630849599018,-0.104694188773,-0.133456328546,1.65017983257,0.74206320614,0.223577699834,0.7217379607,100.0
28.128654,-0.827199139867,-0.643504940518,-0.0333640821365,0.0253106830001,-0.302961205607,0.6964272777,-2.05936920774,95.6591644287,0.631233094215,-0.104310693576,-0.133839823743,1.65017983257,0.74206320614,0.223194204637,0.721354465503,100.0
28.138651,-0.82681564467,-0.645038921306,-0.0333640821365,0.0256941781971,-0.302961205607,0.6964272777,-2.05898571254,95.6591644287,0.631233094215,-0.103927198379,-0.134990309334,1.65056332776,0.74206320614,0.223577699834,0.721354465503,100.0
28.148651,-0.82681564467,-0.644655426109,-0.0337475773335,0.0249271878031,-0.302961205607,0.6964272777,-2.05975270293,95.6591644287,0.631233094215,-0.104694188773,-0.13422331894,1.65056332776,0.74206320614,0.22281070944,0.721354465503,100.0
28.158649,-0.826432149473,-0.643504940518,-0.0356650533183,0.0256941781971,-0.30257771041,0.695660287306,-2.05898571254,95.6591644287,0.631616589412,-0.104310693576,-0.13422331894,1.65094682296,0.741679710943,0.223577699834,0.7217379607,100.0
28.168648,-0.827199139867,-0.645038921306,-0.0341310725305,0.0256941781971,-0.302194215213,0.6964272777,-2.05936920774,95.6591644287,0.630849599018,-0.10507768397,-0.13422331894,1.65094682296,0.741296215746,0.223577699834,0.721354465503,100.0
28.178651,-0.82681564467,-0.644271930912,-0.0341310725305,0.0253106830001,-0.302961205607,0.697194268094,-2.05975270293,95.6591644287,0.630849599018,-0.104310693576,-0.133839823743,1.65056332776,0.742446701337,0.223194204637,0.720587475109,100.0
28.188652,-0.827199139867,-0.645038921306,-0.0348980629244,0.0253106830001,-0.30257771041,0.696810772897,-2.05936920774,95.6591644287,0.632000084609,-0.104310693576,-0.13422331894,1.65133031816,0.742446701337,0.222427214243,0.7217379607,100.0
28.198653,-0.827199139867,-0.644271930912,-0.0337475773335,0.0256941781971,-0.302194215213,0.695660287306,-2.05898571254,95.6591644287,0.630849599018,-0.104310693576,-0.13422331894,1.65094682296,0.74206320614,0.22281070944,0.720970970306,100.0
28.208655,-0.827582635064,-0.644655426109,-0.0337475773335,0.0256941781971,-0.30257771041,0.696043782503,-2.05975270293,95.6591644287,0.631233094215,-0.103927198379,-0.133839823743,1.65094682296,0.741679710943,0.223577699834,0.721354465503,100.0
28.218653,-0.827582635064,-0.645422416503,-0.0337475773335,0.0249271878031,-0.302194215213,0.696043782503,-2.05975270293,95.6591644287,0.630849599018,-0.104310693576,-0.133456328546,1.65056332776,0.74206320614,0.223577699834,0.720970970306,100.0
28.228654,-0.827966130261,-0.643121445321,-0.0348980629244,0.0253106830001,-0.302194215213,0.696810772897,-2.05936920774,95.6591644287,0.631233094215,-0.104310693576,-0.133456328546,1.65056332776,0.74206320614,0.222043719046,0.721354465503,100.0
28.238652,-0.827582635064,-0.643121445321,-0.0345145677274,0.0256941781971,-0.30257771041,0.697194268094,-2.05936920774,95.6591644287,0.631616589412,-0.10507768397,-0.133456328546,1.65056332776,0.74206320614,0.22281070944,0.720970970306,100.0
28.248657,-0.828349625458,-0.643888435715,-0.0337475773335,0.0253106830001,-0.302194215213,0.697194268094,-2.05975270293,95.6591644287,0.631616589412,-0.104694188773,-0.133456328546,1.64979633737,0.741296215746,0.22281070944,0.720587475109,100.0
28.258655,-0.827199139867,-0.644271930912,-0.0341310725305,0.0256941781971,-0.30257771041,0.696810772897,-2.05898571254,95.6591644287,0.631616589412,-0.104694188773,-0.133456328546,1.65056332776,0.74206320614,0.223961195031,0.722121455897,100.0
28.268655,-0.828733120655,-0.644655426109,-0.0348980629244,0.0256941781971,-0.30257771041,0.696810772897,-2.05975270293,95.6591644287,0.632000084609,-0.104694188773,-0.133456328546,1.65056332776,0.741679710943,0.223961195031,0.720970970306,100.0
28.278654,-0.828733120655,-0.643504940518,-0.0348980629244,0.0256941781971,-0.302961205607,0.698344753685,-2.05975270293,95.6591644287,0.630849599018,-0.103927198379,-0.134606814137,1.65056332776,0.741679710943,0.223577699834,0.721354465503,100.0
28.288652,-0.828349625458,-0.644271930912,-0.0352815581214,0.0256941781971,-0.30257771041,0.697194268094,-2.05936920774,95.6591644287,0.630466103821,-0.104310693576,-0.13422331894,1.65094682296,0.742446701337,0.223961195031,0.720587475109,100.0
28.298652,-0.828733120655,-0.642354454927,-0.0341310725305,0.0253106830001,-0.30257771041,0.696810772897,-2.05936920774,95.6591644287,0.631233094215,-0.104310693576,-0.133839823743,1.65017983257,0.74206320614,0.223194204637,0.722504951094,100.0
28.308660,-0.829116615852,-0.644271930912,-0.0345145677274,0.0256941781971,-0.302961205607,0.696810772897,-2.06013619813,95.6591644287,0.631616589412,-0.104694188773,-0.133839823743,1.65094682296,0.741679710943,0.223577699834,0.721354465503,100.0
28.318654,-0.829500111049,-0.643504940518,-0.0341310725305,0.0256941781971,-0.301810720016,0.697194268094,-2.05898571254,95.6591644287,0.631233094215,-0.104310693576,-0.13422331894,1.64979633737,0.741679710943,0.223577699834,0.720970970306,100.0
28.328653,-0.829116615852,-0.642737950124,-0.0352815581214,0.0256941781971,-0.302961205607,0.696810772897,-2.05860221734,95.6591644287,0.631616589412,-0.10507768397,-0.133456328546,1.64979633737,0.741296215746,0.223194204637,0.721354465503,100.0
28.338652,-0.83065059664,-0.642354454927,-0.0345145677274,0.0253106830001,-0.302194215213,0.696810772897,-2.05821872215,95.6591644287,0.632383579806,-0.104694188773,-0.133839823743,1.65094682296,0.741296215746,0.22281070944,0.7217379607,100.0
28.348654,-0.829116615852,-0.641587464533,-0.0345145677274,0.0256941781971,-0.30257771041,0.697961258488,-2.06013619813,95.6591644287,0.631233094215,-0.103927198379,-0.133839823743,1.65056332776,0.74206320614,0.223194204637,0.720970970306,100.0
28.358655,-0.829883606246,-0.642737950124,-0.0348980629244,0.0256941781971,-0.303344700804,0.697577763291,-2.05860221734,95.6591644287,0.631616589412,-0.103543703182,-0.133839823743,1.65056332776,0.741679710943,0.223577699834,0.721354465503,100.0
28.368652,-0.829883606246,-0.640820474139,-0.0360485485153,0.0256941781971,-0.30257771041,0.697577763291,-2.05975270293,95.6591644287,0.631616589412,-0.10507768397,-0.133456328546,1.64979633737,0.742446701337,0.223194204637,0.7217379607,100.0
28.378653,-0.830267101443,-0.640820474139,-0.0345145677274,0.0256941781971,-0.302961205607,0.697194268094,-2.05898571254,95.6591644287,0.631616589412,-0.104694188773,-0.133456328546,1.65056332776,0.741679710943,0.22281070944,0.721354465503,100.0
28.388652,-0.829883606246,-0.64197095973,-0.0345145677274,0.0260776733941,-0.302961205607,0.697961258488,-2.05936920774,95.6591644287,0.631616589412,-0.10507768397,-0.133456328546,1.65056332776,0.741296215746,0.223194204637,0.720970970306,100.0
28.398653,-0.830267101443,-0.641587464533,-0.0337475773335,0.0260776733941,-0.302194215213,0.698728248882,-2.05975270293,95.6591644287,0.630849599018,-0.104694188773,-0.133839823743,1.65133031816,0.741296215746,0.223577699834,0.7217379607,100.0
28.408652,-0.829883606246,-0.64197095973,-0.0345145677274,0.0260776733941,-0.302961205607,0.698344753685,-2.05975270293,95.6591644287,0.631233094215,-0.103543703182,-0.133456328546,1.65056332776,0.74206320614,0.223577699834,0.720970970306,100.0
28.418651,-0.829883606246,-0.64197095973,-0.0356650533183,0.0260776733941,-0.303344700804,0.698728248882,-2.05936920774,95.6591644287,0.632383579806,-0.104310693576,-0.133839823743,1.65094682296,0.741679710943,0.223194204637,0.7217379607,100.0
28.428653,-0.83065059664,-0.639286493351,-0.0352815581214,0.0256941781971,-0.302961205607,0.697961258488,-2.05898571254,95.6591644287,0.631616589412,-0.104694188773,-0.133456328546,1.65133031816,0.741296215746,0.223194204637,0.721354465503,100.0
28.438653,-0.829883606246,-0.640436978942,-0.0352815581214,0.0260776733941,-0.302961205607,0.699111744079,-2.05936920774,95.6591644287,0.632000084609,-0.103927198379,-0.133456328546,1.65017983257,0.74206320614,0.223577699834,0.720970970306,100.0
28.448656,-0.83065059664,-0.640820474139,-0.0348980629244,0.026844663788,-0.302961205607,0.698728248882,-2.05898571254,95.6591644287,0.631233094215,-0.104310693576,-0.133072833349,1.65017983257,0.74206320614,0.223961195031,0.721354465503,100.0
28.458652,-0.831034091837,-0.640436978942,-0.0341310725305,0.0260776733941,-0.303728196001,0.698344753685,-2.05975270293,95.6591644287,0.631233094215,-0.104310693576,-0.133839823743,1.64979633737,0.741679710943,0.223577699834,0.7217379607,100.0
28.468651,-0.83065059664,-0.639669988548,-0.0356650533183,0.026461168591,-0.303344700804,0.698728248882,-2.05898571254,95.6591644287,0.630849599018,-0.104694188773,-0.13422331894,1.65094682296,0.741679710943,0.223194204637,0.7217379607,100.0
28.478655,-0.83065059664,-0.639286493351,-0.0341310725305,0.0260776733941,-0.302194215213,0.698344753685,-2.05821872215,95.6591644287,0.631233094215,-0.104694188773,-0.13422331894,1.65094682296,0.74206320614,0.223194204637,0.720970970306,100.0
28.488653,-0.83065059664,-0.639669988548,-0.0360485485153,0.0260776733941,-0.303344700804,0.698728248882,-2.05898571254,95.6591644287,0.630466103821,-0.104310693576,-0.13422331894,1.65056332776,0.741679710943,0.223194204637,0.720970970306,100.0
28.498676,-0.831034091837,-0.638902998154,-0.0337475773335,0.026461168591,-0.302961205607,0.698728248882,-2.05936920774,95.6591644287,0.631233094215,-0.103927198379,-0.133839823743,1.65094682296,0.74206320614,0.224344690228,0.721354465503,100.0
28.508654,-0.831417587034,-0.638519502957,-0.0348980629244,0.0260776733941,-0.30257771041,0.698728248882,-2.05936920774,95.6591644287,0.630466103821,-0.103927198379,-0.13422331894,1.65094682296,0.74206320614,0.223194204637,0.7217379607,100.0
28.518653,-0.831801082231,-0.63813600776,-0.0345145677274,0.0260776733941,-0.302961205607,0.697577763291,-2.05936920774,95.6591644287,0.630849599018,-0.103927198379,-0.133839823743,1.65133031816,0.742446701337,0.223961195031,0.721354465503,100.0
28.528656,-0.831801082231,-0.63813600776,-0.0352815581214,0.027228158985,-0.303728196001,0.698728248882,-2.05860221734,95.6591644287,0.632383579806,-0.104310693576,-0.133456328546,1.65056332776,0.741296215746,0.223577699834,0.720970970306,100.0
28.538656,-0.831801082231,-0.637752512563,-0.0348980629244,0.027228158985,-0.303344700804,0.699111744079,-2.05821872215,95.6591644287,0.631233094215,-0.105461179167,-0.132689338152,1.65133031816,0.741679710943,0.223961195031,0.721354465503,100.0
28.548652,-0.831801082231,-0.63813600776,-0.0341310725305,0.0276116541819,-0.304111691198,0.699111744079,-2.05898571254,95.6591644287,0.630466103821,-0.103927198379,-0.133839823743,1.64941284217,0.741679710943,0.223577699834,0.720970970306,100.0
28.558655,-0.832951567822,-0.637752512563,-0.0348980629244,0.027228158985,-0.303344700804,0.699111744079,-2.06013619813,95.6591644287,0.631616589412,-0.103927198379,-0.133839823743,1.65094682296,0.74206320614,0.223961195031,0.721354465503,100.0
28.568652,-0.832951567822,-0.636218531775,-0.0356650533183,0.0276116541819,-0.302961205607,0.698344753685,-2.05936920774,95.6591644287,0.631616589412,-0.103927198379,-0.132689338152,1.65017983257,0.741679710943,0.223577699834,0.720970970306,100.0
28.578654,-0.833718558216,-0.636218531775,-0.0348980629244,0.027228158985,-0.302961205607,0.699111744079,-2.05975270293,95.6591644287,0.630849599018,-0.103927198379,-0.133456328546,1.65094682296,0.74206320614,0.223577699834,0.721354465503,100.0
28.588653,-0.83448554861,-0.636218531775,-0.0348980629244,0.026844663788,-0.304111691198,0.699495239276,-2.05975270293,95.6591644287,0.630849599018,-0.103927198379,-0.13422331894,1.65094682296,0.74206320614,0.22281070944,0.7217379607,100.0
28.598656,-0.832951567822,-0.635451541382,-0.0341310725305,0.027228158985,-0.303728196001,0.698728248882,-2.05898571254,95.6591644287,0.630849599018,-0.104310693576,-0.13422331894,1.65094682296,0.741679710943,0.223577699834,0.721354465503,100.0
28.608652,-0.834869043807,-0.635835036579,-0.0345145677274,0.0279951493789,-0.303728196001,0.697961258488,-2.05898571254,95.6591644287,0.631233094215,-0.104694188773,-0.13422331894,1.65017983257,0.741679710943,0.223961195031,0.7217379607,100.0
28.618650,-0.834102053413,-0.635451541382,-0.0352815581214,0.0283786445759,-0.304111691198,0.699111744079,-2.05975270293,95.6591644287,0.631233094215,-0.103927198379,-0.133839823743,1.64979633737,0.742830196534,0.223961195031,0.720970970306,100.0
28.628667,-0.834102053413,-0.635068046185,-0.0341310725305,0.0279951493789,-0.303344700804,0.698728248882,-2.05975270293,95.6591644287,0.631233094215,-0.104310693576,-0.133456328546,1.65094682296,0.741296215746,0.22281070944,0.720970970306,100.0
28.638657,-0.835252539004,-0.635068046185,-0.0348980629244,0.0283786445759,-0.302961205607,0.699111744079,-2.05975270293,95.6591644287,0.630849599018,-0.104694188773,-0.133839823743,1.65056332776,0.741296215746,0.22281070944,0.7217379607,100.0
28.648656,-0.835636034201,-0.635451541382,-0.0345145677274,0.0283786445759,-0.304111691198,0.70026222967,-2.05898571254,95.6591644287,0.631233094215,-0.104694188773,-0.13422331894,1.65094682296,0.74206320614,0.223577699834,0.721354465503,100.0
28.658672,-0.83448554861,-0.634684550988,-0.0360485485153,0.0291456349698,-0.303344700804,0.699495239276,-2.05860221734,95.6591644287,0.630466103821,-0.104310693576,-0.133839823743,1.65056332776,0.741296215746,0.223961195031,0.722121455897,100.0
28.668667,-0.834869043807,-0.636218531775,-0.0345145677274,0.0287621397729,-0.303728196001,0.698728248882,-2.05975270293,95.6591644287,0.631233094215,-0.104310693576,-0.133839823743,1.65056332776,0.741679710943,0.22281070944,0.721354465503,100.0
28.678656,-0.835636034201,-0.635835036579,-0.0352815581214,0.0287621397729,-0.303344700804,0.698344753685,-2.05860221734,95.6591644287,0.631616589412,-0.104310693576,-0.13422331894,1.65094682296,0.742446701337,0.22281070944,0.720970970306,100.0
28.688654,-0.835252539004,-0.634301055791,-0.0337475773335,0.0291456349698,-0.303344700804,0.698728248882,-2.05821872215,95.6591644287,0.630849599018,-0.103927198379,-0.133072833349,1.65094682296,0.741679710943,0.22281070944,0.721354465503,100.0
28.698654,-0.835252539004,-0.634301055791,-0.0345145677274,0.0287621397729,-0.303728196001,0.698728248882,-2.05936920774,95.6591644287,0.630082608624,-0.104310693576,-0.133456328546,1.64979633737,0.741296215746,0.223194204637,0.720970970306,100.0
28.708651,-0.835636034201,-0.633534065397,-0.0341310725305,0.0291456349698,-0.30257771041,0.699111744079,-2.06013619813,95.6591644287,0.631233094215,-0.103927198379,-0.13422331894,1.65133031816,0.741679710943,0.223577699834,0.722121455897,100.0
28.718650,-0.834869043807,-0.634301055791,-0.0352815581214,0.0287621397729,-0.303344700804,0.699495239276,-2.05898571254,95.6591644287,0.630082608624,-0.104310693576,-0.134990309334,1.65056332776,0.741296215746,0.223961195031,0.7217379607,100.0
28.728650,-0.835252539004,-0.633917560594,-0.0352815581214,0.0291456349698,-0.303728196001,0.699111744079,-2.05936920774,95.6591644287,0.630849599018,-0.104310693576,-0.133456328546,1.65094682296,0.741679710943,0.223961195031,0.7217379607,100.0
28.738652,-0.836403024595,-0.633534065397,-0.0348980629244,0.0295291301668,-0.302961205607,0.699495239276,-2.06013619813,95.6591644287,0.631233094215,-0.104310693576,-0.133839823743,1.64979633737,0.741679710943,0.22281070944,0.722121455897,100.0
28.748653,-0.836403024595,-0.632767075003,-0.0356650533183,0.0295291301668,-0.303344700804,0.699111744079,-2.05936920774,95.6591644287,0.631233094215,-0.104694188773,-0.133839823743,1.65017983257,0.741679710943,0.223577699834,0.7217379607,100.0
28.758652,-0.836403024595,-0.634684550988,-0.0348980629244,0.0287621397729,-0.304111691198,0.699111744079,-2.05860221734,95.6591644287,0.630849599018,-0.104694188773,-0.133839823743,1.64979633737,0.741679710943,0.223961195031,0.7217379607,100.0
28.768653,-0.836403024595,-0.634301055791,-0.0356650533183,0.0291456349698,-0.303728196001,0.698728248882,-2.05975270293,95.6591644287,0.631616589412,-0.104694188773,-0.13422331894,1.65094682296,0.740912720549,0.22281070944,0.721354465503,100.0
28.778649,-0.836786519791,-0.633534065397,-0.0348980629244,0.0291456349698,-0.303728196001,0.699878734473,-2.05898571254,95.6591644287,0.632000084609,-0.10507768397,-0.133839823743,1.65017983257,0.741296215746,0.22281070944,0.720970970306,100.0
28.788650,-0.836786519791,-0.632767075003,-0.0360485485153,0.0291456349698,-0.303344700804,0.698728248882,-2.05898571254,95.6591644287,0.630849599018,-0.104310693576,-0.13422331894,1.65094682296,0.741679710943,0.223194204637,0.720970970306,100.0
28.798653,-0.836403024595,-0.633917560594,-0.0352815581214,0.0295291301668,-0.304111691198,0.699111744079,-2.06013619813,95.6591644287,0.631616589412,-0.104694188773,-0.13422331894,1.65056332776,0.741679710943,0.223194204637,0.7217379607,100.0
28.808652,-0.837170014988,-0.633534065397,-0.0356650533183,0.0295291301668,-0.303728196001,0.699878734473,-2.05898571254,95.6591644287,0.631233094215,-0.104310693576,-0.133072833349,1.65094682296,0.741679710943,0.223961195031,0.720970970306,100.0
28.818649,-0.837170014988,-0.633917560594,-0.0360485485153,0.0287621397729,-0.304495186395,0.70026222967,-2.05975270293,95.6591644287,0.630466103821,-0.10507768397,-0.133456328546,1.65094682296,0.741679710943,0.223194204637,0.720970970306,100.0
28.828652,-0.836786519791,-0.633534065397,-0.0345145677274,0.0295291301668,-0.304111691198,0.698344753685,-2.05898571254,95.6591644287,0.632000084609,-0.104310693576,-0.133456328546,1.65056332776,0.74206320614,0.223577699834,0.720587475109,100.0
28.838654,-0.837170014988,-0.634301055791,-0.0345145677274,0.0295291301668,-0.303728196001,0.699495239276,-2.05898571254,95.6591644287,0.631616589412,-0.104310693576,-0.13422331894,1.65017983257,0.74206320614,0.223577699834,0.721354465503,100.0
28.848654,-0.837170014988,-0.633534065397,-0.0360485485153,0.0295291301668,-0.304111691198,0.698344753685,-2.05936920774,95.6591644287,0.630849599018,-0.10507768397,-0.133839823743,1.65017983257,0.741296215746,0.223577699834,0.7217379607,100.0
28.858652,-0.837937005382,-0.633917560594,-0.0360485485153,0.0291456349698,-0.303728196001,0.699495239276,-2.05898571254,95.6591644287,0.631233094215,-0.103927198379,-0.133072833349,1.65094682296,0.74206320614,0.223577699834,0.721354465503,100.0
28.868652,-0.836786519791,-0.633917560594,-0.0348980629244,0.0291456349698,-0.304111691198,0.698728248882,-2.05975270293,95.6591644287,0.631233094215,-0.103927198379,-0.133456328546,1.65056332776,0.742446701337,0.223194204637,0.722121455897,100.0
28.878652,-0.836786519791,-0.634301055791,-0.0345145677274,0.0295291301668,-0.304111691198,0.699111744079,-2.05898571254,95.6591644287,0.630849599018,-0.104310693576,-0.133072833349,1.64979633737,0.741679710943,0.223577699834,0.720587475109,100.0
28.888653,-0.837553510185,-0.6331505702,-0.0348980629244,0.0287621397729,-0.304111691198,0.699495239276,-2.05975270293,95.6591644287,0.631616589412,-0.103927198379,-0.13422331894,1.65056332776,0.741679710943,0.223194204637,0.721354465503,100.0
28.898654,-0.837553510185,-0.633917560594,-0.0345145677274,0.0291456349698,-0.303728196001,0.699495239276,-2.05860221734,95.6591644287,0.630849599018,-0.104694188773,-0.133456328546,1.65094682296,0.741296215746,0.223194204637,0.721354465503,100.0
28.908655,-0.837170014988,-0.633534065397,-0.0364320437123,0.0287621397729,-0.304111691198,0.699111744079,-2.06013619813,95.6591644287,0.630849599018,-0.104310693576,-0.133839823743,1.65171381336,0.741679710943,0.223577699834,0.720970970306,100.0
28.918652,-0.837553510185,-0.6331505702,-0.0345145677274,0.0291456349698,-0.302961205607,0.699495239276,-2.05860221734,95.6591644287,0.632383579806,-0.104694188773,-0.134990309334,1.65017983257,0.741679710943,0.223577699834,0.720970970306,100.0
28.928653,-0.836403024595,-0.634301055791,-0.0348980629244,0.0291456349698,-0.303728196001,0.698728248882,-2.05936920774,95.6591644287,0.631233094215,-0.104694188773,-0.133456328546,1.65017983257,0.740912720549,0.223961195031,0.721354465503,100.0
28.938656,-0.837553510185,-0.633917560594,-0.0352815581214,0.0287621397729,-0.302961205607,0.698344753685,-2.05821872215,95.6591644287,0.630849599018,-0.104310693576,-0.133456328546,1.65017983257,0.74206320614,0.223577699834,0.721354465503,100.0
28.948652,-0.837170014988,-0.634684550988,-0.0368155389092,0.0291456349698,-0.303728196001,0.698728248882,-2.05936920774,95.6591644287,0.630466103821,-0.104310693576,-0.133456328546,1.65017983257,0.741679710943,0.223961195031,0.7217379607,100.0
28.958653,-0.836786519791,-0.635068046185,-0.0364320437123,0.0295291301668,-0.303344700804,0.699111744079,-2.05898571254,95.6591644287,0.631233094215,-0.104694188773,-0.133839823743,1.65171381336,0.741679710943,0.22281070944,0.7217379607,100.0
28.968652,-0.836786519791,-0.634684550988,-0.0348980629244,0.0287621397729,-0.304878681592,0.698728248882,-2.05898571254,95.6591644287,0.631233094215,-0.104310693576,-0.133456328546,1.65056332776,0.74206320614,0.222427214243,0.720970970306,100.0
28.978653,-0.836786519791,-0.634684550988,-0.0356650533183,0.0283786445759,-0.303728196001,0.699111744079,-2.05936920774,95.6591644287,0.631233094215,-0.104310693576,-0.133456328546,1.65094682296,0.742446701337,0.223194204637,0.720970970306,100.0
28.988654,-0.837170014988,-0.634684550988,-0.0352815581214,0.0291456349698,-0.303728196001,0.699111744079,-2.05936920774,95.6591644287,0.632383579806,-0.104310693576,-0.133456328546,1.65171381336,0.741679710943,0.223961195031,0.721354465503,100.0
28.998654,-0.836786519791,-0.635451541382,-0.0360485485153,0.0295291301668,-0.303728196001,0.698344753685,-2.06013619813,95.6591644287,0.630466103821,-0.104310693576,-0.133456328546,1.65094682296,0.741296215746,0.22281070944,0.721354465503,100.0
29.008653,-0.837170014988,-0.635451541382,-0.0356650533183,0.0287621397729,-0.303344700804,0.698344753685,-2.05936920774,95.6591644287,0.631233094215,-0.103927198379,-0.13422331894,1.65133031816,0.74206320614,0.22281070944,0.7217379607,100.0
29.018650,-0.837170014988,-0.632383579806,-0.0356650533183,0.0291456349698,-0.303728196001,0.697961258488,-2.05975270293,95.6591644287,0.632383579806,-0.103927198379,-0.133456328546,1.65171381336,0.741679710943,0.223961195031,0.722121455897,100.0
29.028652,-0.836403024595,-0.633917560594,-0.0356650533183,0.0295291301668,-0.303344700804,0.698728248882,-2.05936920774,95.6591644287,0.631233094215,-0.103927198379,-0.133456328546,1.65209730855,0.74206320614,0.223194204637,0.721354465503,100.0
29.038655,-0.836786519791,-0.634301055791,-0.0360485485153,0.0299126253638,-0.303728196001,0.698344753685,-2.05975270293,95.6591644287,0.632000084609,-0.103927198379,-0.133839823743,1.65133031816,0.741296215746,0.224344690228,0.722121455897,100.0
29.048654,-0.836403024595,-0.633917560594,-0.0348980629244,0.0299126253638,-0.303728196001,0.699495239276,-2.05936920774,95.6591644287,0.630849599018,-0.104694188773,-0.133456328546,1.65094682296,0.741679710943,0.223194204637,0.7217379607,100.0
29.058656,-0.836019529398,-0.634684550988,-0.0360485485153,0.0295291301668,-0.303728196001,0.697961258488,-2.05898571254,95.6591644287,0.631233094215,-0.104310693576,-0.13422331894,1.65094682296,0.742446701337,0.223577699834,0.720970970306,100.0
29.068651,-0.836019529398,-0.633917560594,-0.0360485485153,0.0291456349698,-0.303728196001,0.699111744079,-2.05860221734,95.6591644287,0.631233094215,-0.103927198379,-0.133456328546,1.65171381336,0.74206320614,0.223577699834,0.721354465503,100.0
29.078651,-0.837553510185,-0.6331505702,-0.0360485485153,0.0295291301668,-0.303344700804,0.699111744079,-2.05936920774,95.6591644287,0.632000084609,-0.104310693576,-0.133456328546,1.65133031816,0.74206320614,0.223577699834,0.720970970306,100.0
29.088657,-0.837170014988,-0.634684550988,-0.0371990341062,0.0295291301668,-0.304111691198,0.698728248882,-2.05936920774,95.6591644287,0.630849599018,-0.103543703182,-0.133839823743,1.65133031816,0.742446701337,0.223194204637,0.722121455897,100.0
29.098654,-0.836786519791,-0.635068046185,-0.0360485485153,0.0299126253638,-0.304111691198,0.698728248882,-2.05936920774,95.6591644287,0.631233094215,-0.103927198379,-0.133072833349,1.65094682296,0.74206320614,0.223194204637,0.720970970306,100.0
29.108652,-0.837170014988,-0.633917560594,-0.0360485485153,0.0299126253638,-0.303728196001,0.698728248882,-2.05936920774,95.6591644287,0.631233094215,-0.104694188773,-0.133456328546,1.65133031816,0.741679710943,0.223194204637,0.720970970306,100.0
29.118649,-0.837170014988,-0.633917560594,-0.0348980629244,0.0295291301668,-0.303344700804,0.698728248882,-2.05975270293,95.6591644287,0.630466103821,-0.104310693576,-0.133839823743,1.65171381336,0.741679710943,0.223961195031,0.721354465503,100.0
29.128652,-0.836019529398,-0.635068046185,-0.0352815581214,0.0287621397729,-0.303728196001,0.698728248882,-2.05936920774,95.6591644287,0.631233094215,-0.104694188773,-0.13422331894,1.65171381336,0.741679710943,0.22281070944,0.720203979912,100.0
29.138655,-0.837553510185,-0.634301055791,-0.0360485485153,0.0302961205607,-0.302961205607,0.698344753685,-2.05898571254,95.6591644287,0.631616589412,-0.104694188773,-0.133072833349,1.65171381336,0.741296215746,0.222427214243,0.721354465503,100.0
29.148653,-0.836786519791,-0.634684550988,-0.0356650533183,0.0295291301668,-0.304495186395,0.698344753685,-2.05898571254,95.6591644287,0.631233094215,-0.104310693576,-0.133456328546,1.65094682296,0.741296215746,0.223194204637,0.721354465503,100.0
29.158651,-0.837553510185,-0.634301055791,-0.0352815581214,0.0302961205607,-0.304111691198,0.699111744079,-2.05860221734,95.6591644287,0.631616589412,-0.104310693576,-0.133072833349,1.65056332776,0.74206320614,0.223194204637,0.721354465503,100.0
29.168650,-0.836403024595,-0.635068046185,-0.0352815581214,0.0299126253638,-0.303344700804,0.698728248882,-2.05898571254,95.6591644287,0.630466103821,-0.104310693576,-0.133839823743,1.65133031816,0.74206320614,0.222427214243,0.721354465503,100.0
29.178649,-0.836786519791,-0.634301055791,-0.0352815581214,0.0299126253638,-0.304111691198,0.698728248882,-2.05860221734,95.6591644287,0.631233094215,-0.103927198379,-0.133456328546,1.65133031816,0.742446701337,0.223194204637,0.7217379607,100.0
29.188652,-0.836786519791,-0.633534065397,-0.0356650533183,0.0295291301668,-0.304495186395,0.699111744079,-2.05975270293,95.6591644287,0.631616589412,-0.103927198379,-0.133839823743,1.65056332776,0.741296215746,0.223577699834,0.721354465503,100.0
29.198654,-0.836786519791,-0.633534065397,-0.0360485485153,0.0302961205607,-0.303344700804,0.699111744079,-2.05975270293,95.6591644287,0.631616589412,-0.104694188773,-0.133072833349,1.65094682296,0.742446701337,0.223194204637,0.722504951094,100.0
29.208654,-0.836019529398,-0.633917560594,-0.0356650533183,0.0299126253638,-0.303728196001,0.699111744079,-2.05936920774,95.6591644287,0.631233094215,-0.104694188773,-0.133456328546,1.65133031816,0.74206320614,0.223194204637,0.720970970306,100.0
29.218654,-0.836019529398,-0.632767075003,-0.0352815581214,0.0302961205607,-0.304111691198,0.698344753685,-2.05860221734,95.6591644287,0.630466103821,-0.104310693576,-0.134606814137,1.65094682296,0.74206320614,0.223194204637,0.721354465503,100.0
29.228654,-0.836786519791,-0.633917560594,-0.0348980629244,0.0302961205607,-0.303728196001,0.699111744079,-2.05936920774,95.6591644287,0.630849599018,-0.103927198379,-0.133456328546,1.65133031816,0.741296215746,0.223577699834,0.7217379607,100.0
29.238653,-0.836403024595,-0.633917560594,-0.0356650533183,0.0306796157577,-0.304111691198,0.698344753685,-2.05898571254,95.6591644287,0.630466103821,-0.104310693576,-0.133839823743,1.65133031816,0.74206320614,0.223577699834,0.7217379607,100.0
29.248653,-0.836403024595,-0.633534065397,-0.0356650533183,0.0302961205607,-0.303728196001,0.699495239276,-2.05898571254,95.6591644287,0.630849599018,-0.104310693576,-0.133456328546,1.65171381336,0.741679710943,0.22281070944,0.721354465503,100.0
29.258651,-0.836019529398,-0.633917560594,-0.0356650533183,0.0302961205607,-0.304111691198,0.698728248882,-2.05936920774,95.6591644287,0.630082608624,-0.104694188773,-0.133456328546,1.65094682296,0.74206320614,0.223577699834,0.720587475109,100.0
29.268653,-0.835636034201,-0.633534065397,-0.0360485485153,0.0299126253638,-0.304111691198,0.699111744079,-2.05821872215,95.6591644287,0.631616589412,-0.103927198379,-0.13422331894,1.65133031816,0.741679710943,0.22281070944,0.721354465503,100.0
29.278650,-0.835636034201,-0.634684550988,-0.0348980629244,0.0302961205607,-0.303344700804,0.698344753685,-2.05860221734,95.6591644287,0.630849599018,-0.104310693576,-0.134606814137,1.65133031816,0.741296215746,0.223577699834,0.721354465503,100.0
29.288653,-0.836403024595,-0.635068046185,-0.0356650533183,0.0306796157577,-0.303728196001,0.699111744079,-2.05898571254,95.6591644287,0.632000084609,-0.104310693576,-0.133456328546,1.65056332776,0.741679710943,0.223194204637,0.721354465503,100.0
29.298652,-0.836403024595,-0.635068046185,-0.0356650533183,0.0302961205607,-0.304111691198,0.698728248882,-2.05936920774,95.6591644287,0.630849599018,-0.104310693576,-0.13422331894,1.65209730855,0.741296215746,0.223577699834,0.7217379607,100.0
29.308652,-0.836403024595,-0.635068046185,-0.0352815581214,0.0310631109547,-0.304495186395,0.699111744079,-2.05821872215,95.6591644287,0.630849599018,-0.104310693576,-0.133456328546,1.65171381336,0.741679710943,0.223577699834,0.7217379607,100.0
29.318659,-0.836786519791,-0.633917560594,-0.0364320437123,0.0302961205607,-0.303344700804,0.698728248882,-2.05898571254,95.6591644287,0.630849599018,-0.104310693576,-0.133839823743,1.65209730855,0.741679710943,0.223577699834,0.721354465503,100.0
29.328653,-0.836786519791,-0.634301055791,-0.0371990341062,0.0306796157577,-0.303344700804,0.698344753685,-2.05860221734,95.6591644287,0.630466103821,-0.104694188773,-0.133072833349,1.65209730855,0.74206320614,0.223961195031,0.720970970306,100.0
29.338653,-0.836403024595,-0.635451541382,-0.0360485485153,0.0302961205607,-0.303728196001,0.698728248882,-2.05898571254,95.6591644287,0.630849599018,-0.103927198379,-0.133839823743,1.65094682296,0.74206320614,0.223577699834,0.7217379607,100.0
29.348654,-0.836403024595,-0.634301055791,-0.0364320437123,0.0306796157577,-0.303728196001,0.698728248882,-2.05860221734,95.6591644287,0.632000084609,-0.103927198379,-0.133839823743,1.65171381336,0.74206320614,0.223194204637,0.721354465503,100.0
29.358651,-0.836019529398,-0.634684550988,-0.0360485485153,0.0295291301668,-0.303344700804,0.698728248882,-2.05898571254,95.6591644287,0.631233094215,-0.103927198379,-0.134606814137,1.65133031816,0.741679710943,0.223194204637,0.720970970306,100.0
29.368652,-0.836786519791,-0.633534065397,-0.0348980629244,0.0302961205607,-0.304878681592,0.698344753685,-2.05898571254,95.6591644287,0.630849599018,-0.104310693576,-0.134606814137,1.65133031816,0.74206320614,0.223961195031,0.720970970306,100.0
29.378652,-0.836019529398,-0.635451541382,-0.0352815581214,0.0302961205607,-0.304495186395,0.698728248882,-2.05898571254,95.6591644287,0.631616589412,-0.104310693576,-0.133456328546,1.65094682296,0.742446701337,0.223577699834,0.7217379607,100.0
29.388652,-0.836019529398,-0.634684550988,-0.0360485485153,0.0306796157577,-0.304111691198,0.699111744079,-2.05898571254,95.6591644287,0.631233094215,-0.104694188773,-0.133456328546,1.65133031816,0.74206320614,0.223577699834,0.721354465503,100.0
29.398652,-0.836019529398,-0.634301055791,-0.0368155389092,0.0302961205607,-0.304111691198,0.697961258488,-2.05975270293,95.6591644287,0.631616589412,-0.104694188773,-0.133839823743,1.65171381336,0.741679710943,0.223961195031,0.720970970306,100.0
29.408652,-0.836019529398,-0.635451541382,-0.0356650533183,0.0306796157577,-0.303728196001,0.698344753685,-2.05860221734,95.6591644287,0.630849599018,-0.103927198379,-0.133839823743,1.65133031816,0.740912720549,0.223577699834,0.720203979912,100.0
29.418650,-0.835636034201,-0.635835036579,-0.0360485485153,0.0302961205607,-0.302961205607,0.698728248882,-2.05936920774,95.6591644287,0.630849599018,-0.104310693576,-0.134606814137,1.65133031816,0.741679710943,0.223194204637,0.721354465503,100.0
29.428652,-0.836403024595,-0.633917560594,-0.0364320437123,0.0306796157577,-0.304111691198,0.698728248882,-2.05936920774,95.6591644287,0.630849599018,-0.104310693576,-0.133072833349,1.65171381336,0.741296215746,0.22281070944,0.720203979912,100.0
29.438657,-0.836786519791,-0.635835036579,-0.0352815581214,0.0306796157577,-0.304111691198,0.697961258488,-2.05975270293,95.6591644287,0.631233094215,-0.104310693576,-0.134606814137,1.65094682296,0.742446701337,0.224344690228,0.720587475109,100.0
29.448652,-0.836019529398,-0.635068046185,-0.0360485485153,0.0299126253638,-0.304111691198,0.698344753685,-2.05898571254,95.6591644287,0.631616589412,-0.104310693576,-0.13422331894,1.65094682296,0.741679710943,0.223577699834,0.720970970306,100.0
29.458650,-0.836019529398,-0.634684550988,-0.0352815581214,0.0302961205607,-0.304111691198,0.699111744079,-2.05898571254,95.6591644287,0.632000084609,-0.104310693576,-0.133456328546,1.65094682296,0.741296215746,0.223577699834,0.720587475109,100.0
29.468652,-0.836403024595,-0.634684550988,-0.0348980629244,0.0310631109547,-0.303728196001,0.699111744079,-2.05936920774,95.6591644287,0.631233094215,-0.103927198379,-0.133839823743,1.65094682296,0.741296215746,0.223194204637,0.720970970306,100.0
29.478653,-0.835636034201,-0.635451541382,-0.0375825293032,0.0310631109547,-0.304111691198,0.699111744079,-2.05975270293,95.6591644287,0.631233094215,-0.10507768397,-0.134606814137,1.65209730855,0.741679710943,0.223194204637,0.721354465503,100.0
29.488653,-0.836786519791,-0.633917560594,-0.0352815581214,0.0306796157577,-0.303344700804,0.698728248882,-2.05898571254,95.6591644287,0.631616589412,-0.104694188773,-0.133072833349,1.65171381336,0.74206320614,0.223194204637,0.720587475109,100.0
29.498654,-0.837170014988,-0.634684550988,-0.0371990341062,0.0306796157577,-0.304111691198,0.698728248882,-2.05898571254,95.6591644287,0.631233094215,-0.104694188773,-0.133839823743,1.65133031816,0.741679710943,0.223577699834,0.721354465503,100.0
29.508658,-0.836786519791,-0.635835036579,-0.0352815581214,0.0310631109547,-0.304111691198,0.698344753685,-2.06013619813,95.6591644287,0.631616589412,-0.10507768397,-0.133839823743,1.65133031816,0.741296215746,0.22281070944,0.7217379607,100.0
29.518655,-0.836786519791,-0.635068046185,-0.0371990341062,0.0306796157577,-0.304111691198,0.698344753685,-2.05936920774,95.6591644287,0.630849599018,-0.104310693576,-0.133839823743,1.65056332776,0.741296215746,0.223577699834,0.7217379607,100.0
29.528651,-0.836403024595,-0.636218531775,-0.0364320437123,0.0310631109547,-0.304111691198,0.699495239276,-2.05898571254,95.6591644287,0.631233094215,-0.103927198379,-0.133456328546,1.65133031816,0.741679710943,0.223194204637,0.722121455897,100.0
29.538654,-0.836786519791,-0.635835036579,-0.0371990341062,0.0310631109547,-0.304111691198,0.698728248882,-2.05936920774,95.6591644287,0.631233094215,-0.104310693576,-0.133456328546,1.65209730855,0.740912720549,0.223577699834,0.7217379607,100.0
29.548660,-0.835636034201,-0.636218531775,-0.0364320437123,0.0314466061517,-0.303728196001,0.699111744079,-2.05860221734,95.6591644287,0.630082608624,-0.104694188773,-0.13422331894,1.65133031816,0.74206320614,0.22281070944,0.721354465503,100.0
29.558656,-0.836786519791,-0.635835036579,-0.0368155389092,0.0314466061517,-0.304495186395,0.699495239276,-2.05898571254,95.6591644287,0.632000084609,-0.103927198379,-0.133456328546,1.65094682296,0.74206320614,0.223577699834,0.7217379607,100.0
29.568654,-0.835252539004,-0.635451541382,-0.0364320437123,0.0310631109547,-0.303728196001,0.698344753685,-2.05936920774,95.6591644287,0.631233094215,-0.104694188773,-0.133456328546,1.65171381336,0.741679710943,0.222427214243,0.721354465503,100.0
29.578651,-0.836019529398,-0.635835036579,-0.0364320437123,0.0306796157577,-0.304495186395,0.698728248882,-2.05975270293,95.6591644287,0.630849599018,-0.103927198379,-0.133456328546,1.65133031816,0.74206320614,0.223194204637,0.722121455897,100.0
29.588653,-0.836019529398,-0.636602026972,-0.0352815581214,0.0302961205607,-0.303728196001,0.698728248882,-2.05975270293,95.6591644287,0.630466103821,-0.104694188773,-0.133839823743,1.65094682296,0.74206320614,0.223577699834,0.722121455897,100.0
29.598652,-0.835636034201,-0.636602026972,-0.0364320437123,0.0310631109547,-0.303728196001,0.698728248882,-2.05898571254,95.6591644287,0.631616589412,-0.104694188773,-0.133839823743,1.65171381336,0.742446701337,0.223577699834,0.7217379607,100.0
29.608653,-0.834869043807,-0.636985522169,-0.0368155389092,0.0302961205607,-0.304111691198,0.697961258488,-2.05898571254,95.6591644287,0.631233094215,-0.10507768397,-0.132689338152,1.65133031816,0.742446701337,0.223194204637,0.7217379607,100.0
29.618649,-0.836019529398,-0.636985522169,-0.0360485485153,0.0310631109547,-0.303728196001,0.698728248882,-2.05898571254,95.6591644287,0.630849599018,-0.104694188773,-0.133839823743,1.65094682296,0.74206320614,0.223961195031,0.720970970306,100.0
29.628652,-0.83448554861,-0.635068046185,-0.0360485485153,0.0306796157577,-0.303728196001,0.698728248882,-2.05936920774,95.6591644287,0.631233094215,-0.104694188773,-0.133456328546,1.65133031816,0.741296215746,0.223194204637,0.721354465503,100.0
29.638651,-0.835252539004,-0.635835036579,-0.0368155389092,0.0302961205607,-0.304878681592,0.698728248882,-2.05898571254,95.6591644287,0.632000084609,-0.104694188773,-0.133839823743,1.65133031816,0.74206320614,0.223961195031,0.7217379607,100.0
29.648652,-0.834869043807,-0.637369017366,-0.0360485485153,0.0306796157577,-0.304111691198,0.697961258488,-2.05975270293,95.6591644287,0.631233094215,-0.103927198379,-0.134606814137,1.65094682296,0.741679710943,0.223194204637,0.722121455897,100.0
29.658653,-0.83448554861,-0.637369017366,-0.0360485485153,0.0310631109547,-0.304111691198,0.698344753685,-2.05936920774,95.6591644287,0.630849599018,-0.103927198379,-0.133456328546,1.65171381336,0.741679710943,0.223194204637,0.722121455897,100.0
29.668654,-0.834869043807,-0.637752512563,-0.0371990341062,0.0302961205607,-0.304495186395,0.698344753685,-2.05898571254,95.6591644287,0.631233094215,-0.103927198379,-0.133839823743,1.65133031816,0.74206320614,0.223194204637,0.722121455897,100.0
29.678676,-0.834102053413,-0.637369017366,-0.0360485485153,0.0310631109547,-0.304111691198,0.698344753685,-2.05975270293,95.6591644287,0.631616589412,-0.104310693576,-0.133456328546,1.65094682296,0.741679710943,0.22281070944,0.720970970306,100.0
29.688658,-0.834102053413,-0.636218531775,-0.0371990341062,0.0306796157577,-0.304495186395,0.697961258488,-2.05936920774,95.6591644287,0.630849599018,-0.104694188773,-0.13422331894,1.65133031816,0.741679710943,0.223194204637,0.721354465503,100.0
29.698653,-0.834869043807,-0.637752512563,-0.0364320437123,0.0306796157577,-0.304111691198,0.698728248882,-2.05936920774,95.6591644287,0.631616589412,-0.103927198379,-0.134606814137,1.65209730855,0.741679710943,0.223961195031,0.721354465503,100.0
29.708656,-0.833718558216,-0.636985522169,-0.0360485485153,0.0314466061517,-0.303728196001,0.698344753685,-2.05975270293,95.6591644287,0.631233094215,-0.104694188773,-0.133456328546,1.65094682296,0.741679710943,0.223577699834,0.721354465503,100.0
29.718653,-0.833335063019,-0.63813600776,-0.0352815581214,0.0306796157577,-0.304495186395,0.698728248882,-2.05898571254,95.6591644287,0.630849599018,-0.104694188773,-0.133839823743,1.65133031816,0.741679710943,0.223194204637,0.720970970306,100.0
29.728650,-0.833335063019,-0.63813600776,-0.0364320437123,0.0314466061517,-0.304111691198,0.699495239276,-2.05860221734,95.6591644287,0.631233094215,-0.104310693576,-0.13422331894,1.65171381336,0.74206320614,0.222427214243,0.7217379607,100.0
29.738651,-0.832951567822,-0.638519502957,-0.0360485485153,0.0310631109547,-0.303728196001,0.698344753685,-2.05860221734,95.6591644287,0.632383579806,-0.104310693576,-0.13422331894,1.65171381336,0.742446701337,0.223961195031,0.721354465503,100.0
29.748652,-0.832951567822,-0.639286493351,-0.0356650533183,0.0314466061517,-0.304111691198,0.698344753685,-2.05936920774,95.6591644287,0.632383579806,-0.103927198379,-0.133839823743,1.65094682296,0.742830196534,0.22281070944,0.721354465503,100.0
29.758655,-0.832568072625,-0.639286493351,-0.0368155389092,0.0314466061517,-0.304111691198,0.698344753685,-2.05783522695,95.6591644287,0.630849599018,-0.103927198379,-0.133839823743,1.65133031816,0.741296215746,0.223961195031,0.721354465503,100.0
29.768654,-0.832184577428,-0.639286493351,-0.0360485485153,0.0306796157577,-0.304495186395,0.698728248882,-2.05936920774,95.6591644287,0.631233094215,-0.103927198379,-0.133456328546,1.65094682296,0.741679710943,0.223961195031,0.721354465503,100.0
29.778651,-0.832184577428,-0.640053483745,-0.0360485485153,0.0310631109547,-0.304111691198,0.698728248882,-2.05860221734,95.6591644287,0.631233094215,-0.104310693576,-0.133839823743,1.65133031816,0.741679710943,0.22281070944,0.720970970306,100.0
29.788651,-0.832568072625,-0.639669988548,-0.0364320437123,0.0310631109547,-0.303728196001,0.699111744079,-2.05975270293,95.6591644287,0.631233094215,-0.104310693576,-0.133456328546,1.65133031816,0.741679710943,0.223194204637,0.7217379607,100.0
29.798650,-0.832184577428,-0.640820474139,-0.0360485485153,0.0306796157577,-0.304111691198,0.697961258488,-2.05975270293,95.6591644287,0.630849599018,-0.104694188773,-0.13422331894,1.65133031816,0.741679710943,0.223577699834,0.720587475109,100.0
29.808655,-0.833335063019,-0.640436978942,-0.0360485485153,0.0310631109547,-0.304495186395,0.698344753685,-2.05898571254,95.6591644287,0.632000084609,-0.103927198379,-0.133839823743,1.65171381336,0.74206320614,0.223194204637,0.721354465503,100.0
29.818658,-0.831801082231,-0.641587464533,-0.0375825293032,0.0306796157577,-0.303728196001,0.698344753685,-2.05860221734,95.6591644287,0.632000084609,-0.104310693576,-0.134606814137,1.65133031816,0.741679710943,0.223577699834,0.7217379607,100.0
29.828654,-0.831801082231,-0.641203969336,-0.0360485485153,0.0306796157577,-0.303344700804,0.698728248882,-2.05975270293,95.6591644287,0.631233094215,-0.104310693576,-0.134606814137,1.65094682296,0.741679710943,0.223194204637,0.7217379607,100.0
29.838654,-0.831801082231,-0.641203969336,-0.0356650533183,0.0306796157577,-0.304878681592,0.698344753685,-2.05936920774,95.6591644287,0.631616589412,-0.104310693576,-0.133456328546,1.65209730855,0.741679710943,0.222427214243,0.720970970306,100.0
29.848653,-0.831801082231,-0.641587464533,-0.0360485485153,0.0302961205607,-0.304111691198,0.698728248882,-2.05975270293,95.6591644287,0.630849599018,-0.103927198379,-0.13422331894,1.65094682296,0.741679710943,0.222427214243,0.721354465503,100.0
29.858652,-0.831034091837,-0.640436978942,-0.0368155389092,0.0310631109547,-0.303728196001,0.698344753685,-2.05975270293,95.6591644287,0.631233094215,-0.104310693576,-0.133456328546,1.65171381336,0.742446701337,0.223194204637,0.721354465503,100.0
29.868653,-0.83065059664,-0.643121445321,-0.0360485485153,0.0310631109547,-0.304495186395,0.697577763291,-2.05936920774,95.6591644287,0.630849599018,-0.104694188773,-0.133072833349,1.65133031816,0.741679710943,0.223577699834,0.721354465503,100.0
29.878651,-0.830267101443,-0.64197095973,-0.0360485485153,0.0302961205607,-0.303728196001,0.698344753685,-2.06013619813,95.6591644287,0.630466103821,-0.104310693576,-0.132689338152,1.65094682296,0.741679710943,0.22281070944,0.720587475109,100.0
29.888656,-0.831034091837,-0.642737950124,-0.0356650533183,0.0314466061517,-0.303344700804,0.698344753685,-2.05936920774,95.6591644287,0.631233094215,-0.104694188773,-0.134606814137,1.65056332776,0.74206320614,0.223577699834,0.721354465503,100.0
29.898656,-0.830267101443,-0.643504940518,-0.0375825293032,0.0310631109547,-0.304111691198,0.698728248882,-2.05936920774,95.6591644287,0.631616589412,-0.103927198379,-0.133072833349,1.65133031816,0.741296215746,0.223961195031,0.721354465503,100.0
29.908656,-0.830267101443,-0.644271930912,-0.0364320437123,0.0306796157577,-0.303728196001,0.698728248882,-2.05898571254,95.6591644287,0.631233094215,-0.104310693576,-0.133072833349,1.65094682296,0.741296215746,0.222427214243,0.722121455897,100.0
29.918654,-0.829883606246,-0.643888435715,-0.0360485485153,0.0302961205607,-0.304111691198,0.697961258488,-2.05975270293,95.6591644287,0.630849599018,-0.104310693576,-0.13422331894,1.65171381336,0.74206320614,0.223577699834,0.7217379607,100.0
29.928652,-0.83065059664,-0.643888435715,-0.0364320437123,0.0310631109547,-0.304111691198,0.698728248882,-2.05936920774,95.6591644287,0.632000084609,-0.103543703182,-0.133456328546,1.65209730855,0.742446701337,0.223194204637,0.721354465503,100.0
29.938654,-0.829500111049,-0.644655426109,-0.0356650533183,0.0306796157577,-0.304495186395,0.697961258488,-2.05936920774,95.6591644287,0.630466103821,-0.104310693576,-0.133072833349,1.65094682296,0.74206320614,0.223194204637,0.721354465503,100.0
29.948665,-0.829883606246,-0.644655426109,-0.0371990341062,0.0299126253638,-0.304111691198,0.698344753685,-2.05975270293,95.6591644287,0.631616589412,-0.104310693576,-0.133456328546,1.65056332776,0.741679710943,0.223961195031,0.721354465503,100.0
29.958656,-0.828733120655,-0.644271930912,-0.0364320437123,0.0302961205607,-0.304495186395,0.697961258488,-2.05975270293,95.6591644287,0.631616589412,-0.104694188773,-0.133456328546,1.65094682296,0.741679710943,0.223577699834,0.720970970306,100.0
29.968659,-0.829883606246,-0.645422416503,-0.0356650533183,0.0306796157577,-0.304111691198,0.698344753685,-2.05898571254,95.6591644287,0.630849599018,-0.104694188773,-0.134990309334,1.65171381336,0.74206320614,0.22281070944,0.722121455897,100.0
29.978653,-0.829116615852,-0.645422416503,-0.0356650533183,0.0302961205607,-0.304111691198,0.698344753685,-2.05975270293,95.6591644287,0.631616589412,-0.104310693576,-0.13422331894,1.65209730855,0.741679710943,0.222427214243,0.721354465503,100.0
29.988650,-0.828733120655,-0.646572902094,-0.0371990341062,0.0306796157577,-0.304111691198,0.697194268094,-2.05860221734,95.6591644287,0.631616589412,-0.103927198379,-0.133456328546,1.65171381336,0.74206320614,0.222427214243,0.720203979912,100.0
29.998653,-0.829116615852,-0.645422416503,-0.0360485485153,0.0306796157577,-0.303728196001,0.697577763291,-2.05898571254,95.6591644287,0.631233094215,-0.10507768397,-0.13422331894,1.65094682296,0.741679710943,0.223577699834,0.7217379607,100.0
30.008655,-0.827966130261,-0.644655426109,-0.0364320437123,0.0302961205607,-0.304878681592,0.697577763291,-2.05898571254,95.6591644287,0.632000084609,-0.104310693576,-0.133839823743,1.65209730855,0.742446701337,0.223577699834,0.721354465503,100.0
30.018676,-0.829500111049,-0.646189406897,-0.0364320437123,0.0306796157577,-0.304111691198,0.697194268094,-2.05898571254,95.6591644287,0.632000084609,-0.104310693576,-0.133839823743,1.65171381336,0.74206320614,0.223961195031,0.7217379607,100.0
30.028653,-0.828733120655,-0.646572902094,-0.0364320437123,0.0306796157577,-0.304111691198,0.697577763291,-2.05936920774,95.6591644287,0.631233094215,-0.104310693576,-0.133072833349,1.65094682296,0.74206320614,0.223577699834,0.721354465503,100.0
30.038658,-0.828349625458,-0.646572902094,-0.0360485485153,0.0302961205607,-0.304111691198,0.697577763291,-2.05898571254,95.6591644287,0.632000084609,-0.103927198379,-0.133456328546,1.65133031816,0.741679710943,0.223577699834,0.720970970306,100.0
30.048677,-0.827199139867,-0.646956397291,-0.0387330148941,0.0310631109547,-0.303344700804,0.697194268094,-2.05821872215,95.6591644287,0.631233094215,-0.10507768397,-0.133839823743,1.65133031816,0.74206320614,0.223577699834,0.7217379607,100.0
30.058656,-0.828349625458,-0.647723387685,-0.0368155389092,0.0299126253638,-0.304111691198,0.697577763291,-2.05936920774,95.6591644287,0.631233094215,-0.103543703182,-0.133839823743,1.65133031816,0.742446701337,0.22281070944,0.721354465503,100.0
30.068656,-0.827582635064,-0.648873873276,-0.0368155389092,0.0299126253638,-0.304495186395,0.697194268094,-2.05860221734,95.6591644287,0.632383579806,-0.104310693576,-0.13422331894,1.65094682296,0.740912720549,0.223194204637,0.722121455897,100.0
30.078663,-0.827582635064,-0.648490378079,-0.0356650533183,0.0302961205607,-0.304111691198,0.697577763291,-2.05936920774,95.6591644287,0.631616589412,-0.104694188773,-0.133839823743,1.65017983257,0.741679710943,0.22281070944,0.721354465503,100.0
30.088655,-0.827199139867,-0.648490378079,-0.0364320437123,0.0299126253638,-0.303728196001,0.697577763291,-2.06013619813,95.6591644287,0.631616589412,-0.104310693576,-0.13422331894,1.65133031816,0.741296215746,0.22281070944,0.720970970306,100.0
30.098657,-0.827966130261,-0.648106882882,-0.0364320437123,0.0299126253638,-0.304495186395,0.696810772897,-2.05898571254,95.6591644287,0.630849599018,-0.104310693576,-0.133839823743,1.65133031816,0.741679710943,0.223194204637,0.7217379607,100.0
30.108654,-0.827966130261,-0.647723387685,-0.0356650533183,0.0299126253638,-0.304111691198,0.697194268094,-2.06013619813,95.6591644287,0.631616589412,-0.104310693576,-0.13422331894,1.65133031816,0.742446701337,0.22281070944,0.7217379607,100.0
30.118655,-0.827199139867,-0.647723387685,-0.0364320437123,0.0302961205607,-0.304878681592,0.697194268094,-2.05898571254,95.6591644287,0.631233094215,-0.103927198379,-0.13422331894,1.65094682296,0.741679710943,0.22281070944,0.720970970306,100.0
30.128650,-0.827582635064,-0.648873873276,-0.0356650533183,0.0299126253638,-0.304111691198,0.697194268094,-2.05975270293,95.6591644287,0.631233094215,-0.103927198379,-0.13422331894,1.65094682296,0.741679710943,0.223194204637,0.722121455897,100.0
30.138652,-0.829116615852,-0.650024358866,-0.0371990341062,0.0299126253638,-0.303728196001,0.697194268094,-2.05975270293,95.6591644287,0.632000084609,-0.104310693576,-0.13422331894,1.65133031816,0.741679710943,0.223194204637,0.7217379607,100.0
30.148652,-0.827966130261,-0.649257368473,-0.0364320437123,0.0302961205607,-0.304878681592,0.696810772897,-2.05936920774,95.6591644287,0.631233094215,-0.104310693576,-0.134606814137,1.65094682296,0.741679710943,0.22281070944,0.720970970306,100.0
30.158651,-0.827199139867,-0.649640863669,-0.0368155389092,0.0302961205607,-0.304495186395,0.697194268094,-2.05936920774,95.6591644287,0.631233094215,-0.104694188773,-0.133456328546,1.65094682296,0.741679710943,0.223577699834,0.720970970306,100.0
30.168653,-0.827199139867,-0.649257368473,-0.0360485485153,0.0306796157577,-0.304495186395,0.697961258488,-2.05860221734,95.6591644287,0.631233094215,-0.104310693576,-0.13422331894,1.65209730855,0.741679710943,0.223577699834,0.720587475109,100.0
30.178651,-0.827966130261,-0.649257368473,-0.0360485485153,0.0302961205607,-0.304111691198,0.697961258488,-2.05898571254,95.6591644287,0.630849599018,-0.104694188773,-0.133839823743,1.65056332776,0.74206320614,0.22281070944,0.720587475109,100.0
30.188657,-0.827966130261,-0.649257368473,-0.0364320437123,0.0299126253638,-0.304495186395,0.697577763291,-2.05860221734,95.6591644287,0.631233094215,-0.104694188773,-0.133456328546,1.65171381336,0.742446701337,0.223194204637,0.720587475109,100.0
30.198665,-0.827966130261,-0.649257368473,-0.0371990341062,0.0299126253638,-0.303344700804,0.697961258488,-2.05898571254,95.6591644287,0.631616589412,-0.104310693576,-0.133839823743,1.65133031816,0.74206320614,0.223577699834,0.720970970306,100.0
30.208654,-0.827966130261,-0.649640863669,-0.0368155389092,0.0299126253638,-0.303344700804,0.697961258488,-2.06013619813,95.6591644287,0.631233094215,-0.103927198379,-0.133456328546,1.65171381336,0.741296215746,0.223194204637,0.721354465503,100.0
30.218654,-0.827966130261,-0.649640863669,-0.0375825293032,0.0299126253638,-0.304111691198,0.696810772897,-2.05975270293,95.6591644287,0.631616589412,-0.104694188773,-0.13422331894,1.65094682296,0.741679710943,0.22281070944,0.721354465503,100.0
30.228652,-0.827582635064,-0.648873873276,-0.0364320437123,0.0302961205607,-0.303728196001,0.696810772897,-2.05936920774,95.6591644287,0.630849599018,-0.104310693576,-0.133456328546,1.65133031816,0.74206320614,0.223194204637,0.721354465503,100.0
30.238655,-0.827199139867,-0.649257368473,-0.0364320437123,0.0306796157577,-0.304111691198,0.696810772897,-2.05936920774,95.6591644287,0.631233094215,-0.104694188773,-0.133456328546,1.65056332776,0.741679710943,0.222427214243,0.721354465503,100.0
30.248652,-0.827199139867,-0.649640863669,-0.0360485485153,0.0302961205607,-0.304495186395,0.697194268094,-2.05936920774,95.6591644287,0.631616589412,-0.103927198379,-0.13422331894,1.65171381336,0.74206320614,0.22281070944,0.7217379607,100.0
30.258652,-0.827582635064,-0.650024358866,-0.0364320437123,0.0306796157577,-0.303728196001,0.696810772897,-2.05936920774,95.6591644287,0.630466103821,-0.103927198379,-0.13422331894,1.65094682296,0.741296215746,0.223577699834,0.720970970306,100.0
30.268654,-0.827966130261,-0.649640863669,-0.0356650533183,0.0302961205607,-0.304111691198,0.697194268094,-2.05860221734,95.6591644287,0.631233094215,-0.104694188773,-0.13422331894,1.65133031816,0.74206320614,0.223194204637,0.720587475109,100.0
30.278653,-0.827966130261,-0.650024358866,-0.0356650533183,0.0306796157577,-0.304111691198,0.697577763291,-2.05975270293,95.6591644287,0.631233094215,-0.104694188773,-0.133456328546,1.65248080375,0.741296215746,0.223577699834,0.721354465503,100.0
30.288660,-0.828733120655,-0.649640863669,-0.0368155389092,0.0299126253638,-0.303728196001,0.697194268094,-2.05975270293,95.6591644287,0.632000084609,-0.104310693576,-0.13422331894,1.65133031816,0.741296215746,0.223577699834,0.7217379607,100.0
30.298671,-0.827199139867,-0.649640863669,-0.0364320437123,0.0302961205607,-0.304111691198,0.697961258488,-2.05898571254,95.6591644287,0.631616589412,-0.103543703182,-0.132689338152,1.65133031816,0.741679710943,0.223194204637,0.720587475109,100.0
30.308661,-0.827966130261,-0.649257368473,-0.0360485485153,0.0306796157577,-0.304878681592,0.697577763291,-2.05975270293,95.6591644287,0.631616589412,-0.104310693576,-0.13422331894,1.65133031816,0.741679710943,0.223577699834,0.721354465503,100.0
30.318656,-0.827582635064,-0.647723387685,-0.0360485485153,0.0302961205607,-0.304495186395,0.697961258488,-2.05936920774,95.6591644287,0.632000084609,-0.104310693576,-0.133456328546,1.65133031816,0.74206320614,0.223577699834,0.7217379607,100.0
30.328652,-0.82681564467,-0.650407854063,-0.0371990341062,0.0306796157577,-0.304111691198,0.697194268094,-2.05936920774,95.6591644287,0.631233094215,-0.104310693576,-0.13422331894,1.65094682296,0.74206320614,0.223194204637,0.720587475109,100.0
30.338651,-0.827582635064,-0.650024358866,-0.0368155389092,0.0302961205607,-0.304495186395,0.697961258488,-2.05936920774,95.6591644287,0.632000084609,-0.104310693576,-0.133456328546,1.65017983257,0.741679710943,0.22281070944,0.720587475109,100.0
30.348651,-0.827966130261,-0.648490378079,-0.0368155389092,0.0310631109547,-0.304878681592,0.696810772897,-2.05898571254,95.6591644287,0.631233094215,-0.104310693576,-0.13422331894,1.65094682296,0.741679710943,0.223577699834,0.7217379607,100.0
30.358651,-0.827966130261,-0.649257368473,-0.0379660245002,0.0299126253638,-0.304111691198,0.697577763291,-2.05860221734,95.6591644287,0.632000084609,-0.104310693576,-0.133839823743,1.65094682296,0.741679710943,0.223577699834,0.720970970306,100.0
30.368651,-0.827582635064,-0.648106882882,-0.0360485485153,0.0306796157577,-0.304111691198,0.697961258488,-2.05936920774,95.6591644287,0.632000084609,-0.103927198379,-0.133839823743,1.65133031816,0.741679710943,0.222427214243,0.720587475109,100.0
30.378649,-0.82681564467,-0.649640863669,-0.0368155389092,0.0310631109547,-0.304495186395,0.697961258488,-2.05936920774,95.6591644287,0.630849599018,-0.104310693576,-0.13422331894,1.65171381336,0.741679710943,0.222427214243,0.720587475109,100.0
30.388653,-0.828349625458,-0.649640863669,-0.0360485485153,0.0306796157577,-0.304495186395,0.697194268094,-2.05936920774,95.6591644287,0.630466103821,-0.103927198379,-0.133839823743,1.65133031816,0.742446701337,0.223577699834,0.720970970306,100.0
30.398653,-0.827966130261,-0.649257368473,-0.0360485485153,0.0306796157577,-0.304111691198,0.697961258488,-2.05975270293,95.6591644287,0.630082608624,-0.104310693576,-0.133072833349,1.65094682296,0.74206320614,0.223194204637,0.720970970306,100.0
30.408652,-0.827582635064,-0.649257368473,-0.0352815581214,0.0310631109547,-0.304111691198,0.697577763291,-2.05898571254,95.6591644287,0.631233094215,-0.104310693576,-0.133456328546,1.65094682296,0.741679710943,0.223961195031,0.721354465503,100.0
30.418650,-0.827966130261,-0.649640863669,-0.0356650533183,0.0306796157577,-0.304111691198,0.697961258488,-2.05898571254,95.6591644287,0.631233094215,-0.103543703182,-0.134606814137,1.65094682296,0.741679710943,0.223577699834,0.721354465503,100.0
30.428653,-0.82681564467,-0.648490378079,-0.0364320437123,0.0306796157577,-0.304495186395,0.697577763291,-2.05860221734,95.6591644287,0.631616589412,-0.103927198379,-0.13422331894,1.65056332776,0.74206320614,0.223961195031,0.721354465503,100.0
30.438650,-0.827966130261,-0.648490378079,-0.0360485485153,0.0310631109547,-0.303344700804,0.697577763291,-2.05975270293,95.6591644287,0.632000084609,-0.104310693576,-0.133456328546,1.65133031816,0.741296215746,0.223194204637,0.721354465503,100.0
30.448653,-0.827582635064,-0.648106882882,-0.0368155389092,0.0306796157577,-0.304495186395,0.697961258488,-2.05860221734,95.6591644287,0.630849599018,-0.103927198379,-0.133456328546,1.65133031816,0.742446701337,0.223194204637,0.7217379607,100.0
30.458653,-0.827582635064,-0.649257368473,-0.0356650533183,0.0306796157577,-0.304878681592,0.697961258488,-2.05898571254,95.6591644287,0.631616589412,-0.104310693576,-0.134606814137,1.65133031816,0.741679710943,0.223577699834,0.722121455897,100.0
30.468654,-0.827582635064,-0.648106882882,-0.0368155389092,0.0310631109547,-0.304111691198,0.698344753685,-2.05936920774,95.6591644287,0.631233094215,-0.104310693576,-0.133839823743,1.65056332776,0.741679710943,0.223194204637,0.720970970306,100.0
30.478654,-0.827199139867,-0.648873873276,-0.0356650533183,0.0299126253638,-0.303344700804,0.697577763291,-2.05975270293,95.6591644287,0.630466103821,-0.103927198379,-0.133456328546,1.65133031816,0.74206320614,0.223577699834,0.720970970306,100.0
30.488653,-0.827582635064,-0.649640863669,-0.0352815581214,0.0302961205607,-0.304111691198,0.697577763291,-2.05936920774,95.6591644287,0.631233094215,-0.103927198379,-0.133839823743,1.65094682296,0.741679710943,0.22281070944,0.721354465503,100.0
30.498656,-0.827199139867,-0.648106882882,-0.0364320437123,0.0306796157577,-0.304495186395,0.697577763291,-2.05821872215,95.6591644287,0.631233094215,-0.104310693576,-0.133456328546,1.65133031816,0.741679710943,0.223194204637,0.721354465503,100.0
30.508678,-0.827199139867,-0.649257368473,-0.0368155389092,0.0310631109547,-0.304111691198,0.698344753685,-2.05898571254,95.6591644287,0.630849599018,-0.104310693576,-0.133072833349,1.65171381336,0.742446701337,0.223961195031,0.721354465503,100.0
30.518655,-0.827582635064,-0.648490378079,-0.0360485485153,0.0302961205607,-0.304111691198,0.697961258488,-2.05821872215,95.6591644287,0.631233094215,-0.103927198379,-0.133839823743,1.65056332776,0.741296215746,0.223577699834,0.722121455897,100.0
30.528655,-0.827582635064,-0.648106882882,-0.0360485485153,0.0299126253638,-0.304495186395,0.697194268094,-2.05936920774,95.6591644287,0.630849599018,-0.104694188773,-0.133456328546,1.65056332776,0.741679710943,0.223194204637,0.721354465503,100.0
30.538654,-0.827582635064,-0.649257368473,-0.0371990341062,0.0302961205607,-0.303728196001,0.697194268094,-2.05860221734,95.6591644287,0.632000084609,-0.10507768397,-0.13422331894,1.65094682296,0.74206320614,0.223577699834,0.722121455897,100.0
30.548659,-0.826432149473,-0.648873873276,-0.0360485485153,0.0306796157577,-0.304495186395,0.697577763291,-2.05821872215,95.6591644287,0.631233094215,-0.104310693576,-0.133839823743,1.65094682296,0.741296215746,0.22281070944,0.721354465503,100.0
30.558656,-0.82681564467,-0.649640863669,-0.0360485485153,0.0306796157577,-0.304495186395,0.697194268094,-2.05936920774,95.6591644287,0.631616589412,-0.104310693576,-0.133839823743,1.65133031816,0.742446701337,0.223194204637,0.721354465503,100.0
30.568658,-0.827966130261,-0.648490378079,-0.0352815581214,0.0306796157577,-0.304495186395,0.697961258488,-2.05898571254,95.6591644287,0.630849599018,-0.104310693576,-0.133456328546,1.65094682296,0.741679710943,0.223577699834,0.721354465503,100.0
30.578655,-0.827199139867,-0.648490378079,-0.0364320437123,0.0310631109547,-0.304495186395,0.697194268094,-2.05898571254,95.6591644287,0.631616589412,-0.104310693576,-0.133456328546,1.65133031816,0.741296215746,0.223961195031,0.720970970306,100.0
30.588651,-0.827582635064,-0.649257368473,-0.0356650533183,0.0302961205607,-0.304111691198,0.697577763291,-2.05975270293,95.6591644287,0.631616589412,-0.103927198379,-0.13422331894,1.65133031816,0.74321369173,0.223961195031,0.720587475109,100.0
30.598655,-0.827199139867,-0.648873873276,-0.0360485485153,0.0306796157577,-0.303728196001,0.697577763291,-2.05898571254,95.6591644287,0.630849599018,-0.104310693576,-0.133456328546,1.65171381336,0.741679710943,0.223577699834,0.722121455897,100.0
30.608656,-0.827199139867,-0.649640863669,-0.0368155389092,0.0302961205607,-0.304111691198,0.697194268094,-2.05860221734,95.6591644287,0.631233094215,-0.104694188773,-0.134990309334,1.65171381336,0.741679710943,0.223961195031,0.721354465503,100.0
30.618670,-0.827966130261,-0.648490378079,-0.0364320437123,0.0299126253638,-0.303728196001,0.697961258488,-2.05898571254,95.6591644287,0.632000084609,-0.104694188773,-0.133072833349,1.65094682296,0.741296215746,0.223577699834,0.720203979912,100.0
30.628657,-0.82681564467,-0.648873873276,-0.0360485485153,0.0299126253638,-0.304111691198,0.698344753685,-2.05898571254,95.6591644287,0.631616589412,-0.104310693576,-0.133839823743,1.65133031816,0.74206320614,0.223577699834,0.720970970306,100.0
30.638654,-0.827582635064,-0.649640863669,-0.0360485485153,0.0302961205607,-0.303728196001,0.698728248882,-2.06013619813,95.6591644287,0.631233094215,-0.103927198379,-0.133456328546,1.65171381336,0.741679710943,0.223194204637,0.721354465503,100.0
30.648652,-0.827199139867,-0.650024358866,-0.0364320437123,0.0310631109547,-0.304495186395,0.697194268094,-2.06051969333,95.6591644287,0.631616589412,-0.104310693576,-0.13422331894,1.65209730855,0.741679710943,0.223577699834,0.721354465503,100.0
30.658651,-0.827199139867,-0.650024358866,-0.0360485485153,0.0306796157577,-0.303728196001,0.697961258488,-2.06051969333,95.6591644287,0.630466103821,-0.104310693576,-0.133839823743,1.65094682296,0.741296215746,0.223194204637,0.7217379607,100.0
30.668656,-0.827966130261,-0.649640863669,-0.0368155389092,0.0306796157577,-0.304495186395,0.697577763291,-2.05975270293,95.6591644287,0.630849599018,-0.103927198379,-0.13422331894,1.65133031816,0.742446701337,0.223194204637,0.720970970306,100.0
30.678656,-0.827582635064,-0.650024358866,-0.0368155389092,0.0306796157577,-0.304111691198,0.697194268094,-2.05975270293,95.6591644287,0.631616589412,-0.104310693576,-0.133072833349,1.65094682296,0.74206320614,0.22281070944,0.720203979912,100.0
30.688652,-0.827966130261,-0.649640863669,-0.0371990341062,0.0306796157577,-0.304111691198,0.696810772897,-2.06051969333,95.6591644287,0.631616589412,-0.104310693576,-0.133456328546,1.65094682296,0.742446701337,0.223194204637,0.721354465503,100.0
30.698650,-0.827966130261,-0.649640863669,-0.0364320437123,0.0299126253638,-0.304495186395,0.697194268094,-2.05936920774,95.6591644287,0.632000084609,-0.10507768397,-0.13422331894,1.65094682296,0.741679710943,0.223194204637,0.721354465503,100.0
30.708655,-0.827966130261,-0.649640863669,-0.0356650533183,0.0306796157577,-0.304111691198,0.697194268094,-2.05975270293,95.6591644287,0.631616589412,-0.104310693576,-0.133456328546,1.65133031816,0.741296215746,0.223577699834,0.720970970306,100.0
30.718653,-0.827966130261,-0.649640863669,-0.0368155389092,0.0299126253638,-0.303728196001,0.697961258488,-2.06051969333,95.6591644287,0.631233094215,-0.104694188773,-0.134606814137,1.65133031816,0.741679710943,0.223577699834,0.721354465503,100.0
30.728652,-0.827199139867,-0.649257368473,-0.0356650533183,0.0306796157577,-0.304495186395,0.697194268094,-2.06013619813,95.6591644287,0.631233094215,-0.104694188773,-0.13422331894,1.65094682296,0.741679710943,0.223194204637,0.721354465503,100.0
30.738653,-0.82681564467,-0.650024358866,-0.0364320437123,0.0306796157577,-0.304111691198,0.697194268094,-2.05936920774,95.6591644287,0.631233094215,-0.104694188773,-0.133839823743,1.65133031816,0.741679710943,0.223194204637,0.720970970306,100.0
30.748652,-0.827199139867,-0.649257368473,-0.0368155389092,0.0302961205607,-0.304878681592,0.697577763291,-2.05975270293,95.6591644287,0.630849599018,-0.104310693576,-0.133072833349,1.65056332776,0.741296215746,0.223194204637,0.721354465503,100.0
30.758655,-0.827966130261,-0.650024358866,-0.0360485485153,0.0295291301668,-0.303728196001,0.696810772897,-2.06013619813,95.6591644287,0.631616589412,-0.104694188773,-0.133456328546,1.65133031816,0.740912720549,0.22281070944,0.7217379607,100.0
30.768656,-0.827582635064,-0.649257368473,-0.0356650533183,0.0302961205607,-0.304495186395,0.697194268094,-2.06013619813,95.6591644287,0.631233094215,-0.103927198379,-0.133839823743,1.65094682296,0.741679710943,0.222427214243,0.721354465503,100.0
30.778650,-0.827966130261,-0.648490378079,-0.0364320437123,0.0302961205607,-0.304495186395,0.696043782503,-2.05936920774,95.6591644287,0.630849599018,-0.104310693576,-0.13422331894,1.65171381336,0.74206320614,0.223577699834,0.721354465503,100.0
30.788651,-0.827582635064,-0.649257368473,-0.0368155389092,0.0310631109547,-0.304111691198,0.6964272777,-2.06051969333,95.6591644287,0.630849599018,-0.104310693576,-0.133456328546,1.65094682296,0.741679710943,0.22281070944,0.722121455897,100.0
30.798655,-0.827199139867,-0.649640863669,-0.0371990341062,0.0314466061517,-0.304111691198,0.695660287306,-2.06051969333,95.6591644287,0.630466103821,-0.103543703182,-0.133839823743,1.65133031816,0.741679710943,0.223194204637,0.721354465503,100.0
30.808657,-0.827582635064,-0.648873873276,-0.0375825293032,0.0306796157577,-0.304878681592,0.694126306518,-2.05936920774,95.6591644287,0.631616589412,-0.103927198379,-0.133839823743,1.65056332776,0.74206320614,0.223194204637,0.721354465503,100.0
30.818654,-0.82681564467,-0.649257368473,-0.0364320437123,0.0302961205607,-0.304495186395,0.694509801715,-2.05975270293,95.6591644287,0.631233094215,-0.104694188773,-0.133456328546,1.65171381336,0.74206320614,0.223194204637,0.721354465503,100.0
30.828651,-0.827199139867,-0.648490378079,-0.0360485485153,0.0306796157577,-0.304111691198,0.693742811321,-2.06013619813,95.6591644287,0.632383579806,-0.104310693576,-0.133072833349,1.65133031816,0.741296215746,0.223194204637,0.721354465503,100.0
30.838649,-0.827582635064,-0.649257368473,-0.0352815581214,0.0299126253638,-0.303728196001,0.693742811321,-2.05975270293,95.6591644287,0.631233094215,-0.104310693576,-0.133839823743,1.65056332776,0.74206320614,0.223194204637,0.721354465503,100.0
30.848650,-0.828349625458,-0.649257368473,-0.0371990341062,0.0306796157577,-0.303728196001,0.693359316124,-2.05975270293,95.6591644287,0.631616589412,-0.103927198379,-0.133072833349,1.65017983257,0.741679710943,0.22281070944,0.721354465503,100.0
30.858653,-0.827199139867,-0.649257368473,-0.0368155389092,0.0302961205607,-0.304111691198,0.693359316124,-2.06013619813,95.6591644287,0.631616589412,-0.104694188773,-0.133839823743,1.65017983257,0.74206320614,0.22281070944,0.720970970306,100.0
30.868654,-0.827966130261,-0.648490378079,-0.0364320437123,0.0299126253638,-0.304495186395,0.691825335336,-2.05975270293,95.6591644287,0.631233094215,-0.104310693576,-0.133072833349,1.65133031816,0.741679710943,0.222427214243,0.721354465503,100.0
30.878651,-0.827966130261,-0.649257368473,-0.0356650533183,0.0306796157577,-0.304495186395,0.693359316124,-2.05936920774,95.6591644287,0.630849599018,-0.104310693576,-0.133072833349,1.65094682296,0.741679710943,0.223194204637,0.720970970306,100.0
30.888647,-0.82681564467,-0.650024358866,-0.0356650533183,0.0306796157577,-0.304111691198,0.692975820927,-2.05898571254,95.6591644287,0.630849599018,-0.104310693576,-0.133839823743,1.65094682296,0.741679710943,0.223577699834,0.720203979912,100.0
30.898648,-0.82681564467,-0.648106882882,-0.0364320437123,0.0306796157577,-0.304111691198,0.693359316124,-2.06090318852,95.6591644287,0.630466103821,-0.104694188773,-0.134606814137,1.65056332776,0.741679710943,0.223961195031,0.720970970306,100.0
30.908652,-0.827582635064,-0.648873873276,-0.0364320437123,0.0306796157577,-0.304111691198,0.693359316124,-2.05975270293,95.6591644287,0.630466103821,-0.104310693576,-0.133456328546,1.65133031816,0.74206320614,0.223194204637,0.721354465503,100.0
30.918650,-0.827582635064,-0.648873873276,-0.0352815581214,0.0302961205607,-0.303728196001,0.693742811321,-2.06013619813,95.6591644287,0.630466103821,-0.104310693576,-0.133456328546,1.65171381336,0.74206320614,0.223194204637,0.721354465503,100.0
30.928650,-0.82681564467,-0.648873873276,-0.0364320437123,0.0302961205607,-0.304495186395,0.693742811321,-2.06013619813,95.6591644287,0.630849599018,-0.104310693576,-0.133456328546,1.65094682296,0.742446701337,0.22281070944,0.720587475109,100.0
30.938656,-0.827966130261,-0.648490378079,-0.0360485485153,0.0302961205607,-0.304495186395,0.693359316124,-2.05975270293,95.6591644287,0.631233094215,-0.103927198379,-0.133839823743,1.65171381336,0.742830196534,0.22281070944,0.721354465503,100.0
30.948653,-0.826432149473,-0.649257368473,-0.0371990341062,0.0306796157577,-0.304495186395,0.693742811321,-2.05975270293,95.6591644287,0.632000084609,-0.104310693576,-0.133839823743,1.65133031816,0.741679710943,0.223577699834,0.721354465503,100.0
30.958653,-0.827199139867,-0.649257368473,-0.0371990341062,0.0306796157577,-0.304495186395,0.693359316124,-2.06013619813,95.6591644287,0.631233094215,-0.103927198379,-0.133839823743,1.65133031816,0.741296215746,0.222427214243,0.720587475109,100.0
30.968659,-0.827199139867,-0.648490378079,-0.0360485485153,0.0306796157577,-0.304111691198,0.693359316124,-2.05975270293,95.6591644287,0.631616589412,-0.104310693576,-0.133839823743,1.65133031816,0.741296215746,0.223961195031,0.721354465503,100.0
30.978653,-0.826432149473,-0.648490378079,-0.0364320437123,0.0306796157577,-0.304878681592,0.69259232573,-2.06090318852,95.6591644287,0.631616589412,-0.103927198379,-0.133072833349,1.65017983257,0.741679710943,0.223194204637,0.720970970306,100.0
30.988654,-0.82681564467,-0.648873873276,-0.0360485485153,0.0310631109547,-0.304495186395,0.693359316124,-2.05936920774,95.6591644287,0.631233094215,-0.103927198379,-0.133456328546,1.65017983257,0.74206320614,0.223194204637,0.7217379607,100.0
30.998651,-0.82681564467,-0.648873873276,-0.0368155389092,0.0306796157577,-0.303728196001,0.693742811321,-2.05975270293,95.6591644287,0.631233094215,-0.104310693576,-0.133456328546,1.65133031816,0.741679710943,0.223961195031,0.721354465503,100.0
31.008654,-0.82681564467,-0.648873873276,-0.0364320437123,0.0310631109547,-0.304495186395,0.69259232573,-2.05975270293,95.6591644287,0.631233094215,-0.103927198379,-0.133839823743,1.65056332776,0.742446701337,0.223961195031,0.720587475109,100.0
31.018651,-0.826048654276,-0.648873873276,-0.0352815581214,0.0314466061517,-0.304111691198,0.692975820927,-2.05975270293,95.6591644287,0.630849599018,-0.104310693576,-0.133456328546,1.65133031816,0.74206320614,0.223961195031,0.720970970306,100.0
31.028651,-0.826432149473,-0.649257368473,-0.0360485485153,0.0302961205607,-0.304495186395,0.692975820927,-2.06051969333,95.6591644287,0.631233094215,-0.104694188773,-0.134606814137,1.65056332776,0.741296215746,0.223577699834,0.720970970306,100.0
31.038651,-0.826432149473,-0.649257368473,-0.0368155389092,0.0310631109547,-0.303728196001,0.69259232573,-2.05975270293,95.6591644287,0.631233094215,-0.104310693576,-0.133456328546,1.65133031816,0.74206320614,0.222427214243,0.720970970306,100.0
31.048649,-0.824898168685,-0.648873873276,-0.0364320437123,0.0299126253638,-0.303728196001,0.694126306518,-2.06013619813,95.6591644287,0.631233094215,-0.104694188773,-0.133072833349,1.65094682296,0.741679710943,0.223577699834,0.721354465503,100.0
31.058652,-0.82681564467,-0.649640863669,-0.0368155389092,0.0302961205607,-0.304495186395,0.69259232573,-2.05975270293,95.6591644287,0.632000084609,-0.104310693576,-0.133456328546,1.65094682296,0.74206320614,0.223577699834,0.721354465503,100.0
31.068677,-0.82681564467,-0.649640863669,-0.0360485485153,0.0299126253638,-0.304495186395,0.693359316124,-2.05975270293,95.6591644287,0.630849599018,-0.104310693576,-0.133839823743,1.65133031816,0.74206320614,0.22281070944,0.721354465503,100.0
31.078679,-0.826432149473,-0.649640863669,-0.0368155389092,0.0306796157577,-0.304111691198,0.692975820927,-2.05936920774,95.6591644287,0.630466103821,-0.104310693576,-0.133456328546,1.65056332776,0.742446701337,0.223961195031,0.721354465503,100.0
31.088656,-0.82681564467,-0.649257368473,-0.0371990341062,0.0299126253638,-0.304495186395,0.693359316124,-2.05975270293,95.6591644287,0.630849599018,-0.103927198379,-0.133072833349,1.65094682296,0.742446701337,0.223194204637,0.720587475109,100.0
31.098655,-0.826048654276,-0.648873873276,-0.0368155389092,0.0302961205607,-0.304495186395,0.692975820927,-2.06013619813,95.6591644287,0.631233094215,-0.10507768397,-0.133072833349,1.65056332776,0.74206320614,0.22281070944,0.721354465503,100.0
31.108678,-0.826432149473,-0.648106882882,-0.0364320437123,0.0302961205607,-0.304495186395,0.693742811321,-2.06013619813,95.6591644287,0.631616589412,-0.104310693576,-0.13422331894,1.65094682296,0.741679710943,0.22281070944,0.721354465503,100.0
31.118677,-0.82681564467,-0.648490378079,-0.0371990341062,0.0310631109547,-0.304111691198,0.693359316124,-2.05975270293,95.6591644287,0.631233094215,-0.104694188773,-0.133072833349,1.65017983257,0.742446701337,0.223577699834,0.721354465503,100.0
31.128655,-0.826432149473,-0.649257368473,-0.0352815581214,0.0299126253638,-0.304495186395,0.693742811321,-2.05936920774,95.6591644287,0.631616589412,-0.10507768397,-0.133839823743,1.65133031816,0.741679710943,0.223194204637,0.721354465503,100.0
31.138650,-0.826432149473,-0.648490378079,-0.0356650533183,0.0299126253638,-0.304495186395,0.693359316124,-2.06013619813,95.6591644287,0.631233094215,-0.104694188773,-0.133072833349,1.65056332776,0.741296215746,0.223577699834,0.722121455897,100.0
31.148654,-0.826432149473,-0.648106882882,-0.0352815581214,0.0299126253638,-0.304111691198,0.69259232573,-2.05975270293,95.6591644287,0.631616589412,-0.104310693576,-0.133839823743,1.64979633737,0.74206320614,0.22281070944,0.7217379607,100.0
31.158651,-0.825665159079,-0.648873873276,-0.0360485485153,0.0299126253638,-0.303728196001,0.693359316124,-2.05936920774,95.6591644287,0.631233094215,-0.104694188773,-0.133456328546,1.65094682296,0.741296215746,0.22281070944,0.721354465503,100.0
31.168651,-0.825665159079,-0.649640863669,-0.0364320437123,0.0302961205607,-0.304111691198,0.693742811321,-2.06013619813,95.6591644287,0.631233094215,-0.104310693576,-0.133839823743,1.65133031816,0.741679710943,0.223577699834,0.721354465503,100.0
31.178652,-0.826432149473,-0.647723387685,-0.0371990341062,0.0302961205607,-0.304495186395,0.692975820927,-2.05975270293,95.6591644287,0.630466103821,-0.104694188773,-0.133456328546,1.65094682296,0.74206320614,0.222043719046,0.7217379607,100.0
31.188655,-0.826048654276,-0.649257368473,-0.0360485485153,0.0299126253638,-0.304111691198,0.69259232573,-2.06013619813,95.6591644287,0.630466103821,-0.10507768397,-0.133072833349,1.65094682296,0.74206320614,0.223194204637,0.721354465503,100.0
31.198652,-0.825665159079,-0.649640863669,-0.0375825293032,0.0295291301668,-0.304111691198,0.693359316124,-2.05898571254,95.6591644287,0.631616589412,-0.103543703182,-0.13422331894,1.64979633737,0.74206320614,0.223577699834,0.721354465503,100.0
31.208652,-0.826048654276,-0.648106882882,-0.0356650533183,0.0299126253638,-0.303344700804,0.692208830533,-2.06090318852,95.6591644287,0.631233094215,-0.104310693576,-0.13422331894,1.65056332776,0.74206320614,0.22281070944,0.721354465503,100.0
31.218651,-0.826432149473,-0.648873873276,-0.0364320437123,0.0295291301668,-0.303344700804,0.692975820927,-2.05975270293,95.6591644287,0.631233094215,-0.104310693576,-0.133456328546,1.65056332776,0.741679710943,0.223194204637,0.721354465503,100.0
31.228654,-0.826048654276,-0.648873873276,-0.0368155389092,0.0306796157577,-0.305262176789,0.692975820927,-2.06013619813,95.6591644287,0.630466103821,-0.104310693576,-0.132689338152,1.65056332776,0.741679710943,0.223961195031,0.721354465503,100.0
31.238654,-0.826048654276,-0.648873873276,-0.0356650533183,0.0295291301668,-0.304111691198,0.693359316124,-2.06013619813,95.6591644287,0.630082608624,-0.104310693576,-0.133456328546,1.65133031816,0.741679710943,0.22281070944,0.7217379607,100.0
31.248654,-0.825665159079,-0.649257368473,-0.0356650533183,0.0299126253638,-0.304495186395,0.692975820927,-2.05936920774,95.6591644287,0.631233094215,-0.103927198379,-0.133456328546,1.65056332776,0.741679710943,0.223194204637,0.721354465503,100.0
31.258654,-0.826048654276,-0.649640863669,-0.0364320437123,0.0302961205607,-0.304495186395,0.693359316124,-2.05936920774,95.6591644287,0.632383579806,-0.103927198379,-0.132689338152,1.65094682296,0.74206320614,0.22281070944,0.721354465503,100.0
31.268654,-0.82681564467,-0.648106882882,-0.0383495196971,0.0295291301668,-0.304878681592,0.693742811321,-2.05936920774,95.6591644287,0.632383579806,-0.104310693576,-0.133839823743,1.65094682296,0.741296215746,0.223194204637,0.7217379607,100.0
31.278655,-0.826048654276,-0.649257368473,-0.0364320437123,0.0295291301668,-0.304495186395,0.693359316124,-2.05898571254,95.6591644287,0.630466103821,-0.10507768397,-0.133839823743,1.65094682296,0.741679710943,0.223577699834,0.7217379607,100.0
31.288654,-0.825665159079,-0.648873873276,-0.0364320437123,0.0299126253638,-0.304111691198,0.69259232573,-2.05975270293,95.6591644287,0.630849599018,-0.10507768397,-0.133456328546,1.65133031816,0.740912720549,0.223194204637,0.720587475109,100.0
31.298651,-0.826048654276,-0.648106882882,-0.0371990341062,0.0295291301668,-0.304495186395,0.693359316124,-2.06013619813,95.6591644287,0.631233094215,-0.104310693576,-0.133839823743,1.65171381336,0.74206320614,0.224344690228,0.722121455897,100.0
31.308655,-0.827199139867,-0.648873873276,-0.0371990341062,0.0299126253638,-0.304111691198,0.693742811321,-2.05975270293,95.6591644287,0.632000084609,-0.104310693576,-0.133456328546,1.65017983257,0.741679710943,0.22281070944,0.720970970306,100.0
31.318651,-0.826048654276,-0.647723387685,-0.0356650533183,0.0299126253638,-0.304878681592,0.693359316124,-2.05975270293,95.6591644287,0.631616589412,-0.104310693576,-0.133456328546,1.65133031816,0.74206320614,0.22281070944,0.721354465503,100.0
31.328652,-0.826432149473,-0.649257368473,-0.0364320437123,0.0302961205607,-0.304495186395,0.693359316124,-2.05975270293,95.6591644287,0.632000084609,-0.104310693576,-0.133839823743,1.65056332776,0.741679710943,0.223194204637,0.722121455897,100.0
31.338655,-0.825281663882,-0.649257368473,-0.0368155389092,0.0306796157577,-0.303728196001,0.692975820927,-2.05975270293,95.6591644287,0.632000084609,-0.104310693576,-0.133839823743,1.65056332776,0.741679710943,0.223194204637,0.720970970306,100.0
31.348653,-0.826048654276,-0.648873873276,-0.0352815581214,0.0310631109547,-0.303344700804,0.693359316124,-2.05975270293,95.6591644287,0.631233094215,-0.103927198379,-0.133456328546,1.65017983257,0.74206320614,0.223194204637,0.722504951094,100.0
31.358650,-0.826432149473,-0.649257368473,-0.0371990341062,0.0302961205607,-0.304111691198,0.693359316124,-2.05975270293,95.6591644287,0.631616589412,-0.104310693576,-0.133456328546,1.65017983257,0.741679710943,0.223577699834,0.720970970306,100.0
31.368650,-0.827199139867,-0.648873873276,-0.0356650533183,0.0302961205607,-0.304111691198,0.693359316124,-2.05975270293,95.6591644287,0.632000084609,-0.104694188773,-0.13422331894,1.65094682296,0.74206320614,0.22281070944,0.7217379607,100.0
31.378653,-0.825665159079,-0.649257368473,-0.0356650533183,0.0310631109547,-0.304111691198,0.693742811321,-2.06013619813,95.6591644287,0.631233094215,-0.104310693576,-0.133072833349,1.65171381336,0.741296215746,0.223577699834,0.720970970306,100.0
31.388656,-0.826048654276,-0.649257368473,-0.0360485485153,0.0299126253638,-0.304878681592,0.69259232573,-2.05898571254,95.6591644287,0.632000084609,-0.103927198379,-0.133456328546,1.65017983257,0.742446701337,0.223194204637,0.7217379607,100.0
31.398653,-0.82681564467,-0.648490378079,-0.0364320437123,0.0310631109547,-0.304111691198,0.693359316124,-2.05936920774,95.6591644287,0.631233094215,-0.103927198379,-0.132689338152,1.65094682296,0.74206320614,0.223577699834,0.7217379607,100.0
31.408652,-0.825665159079,-0.648873873276,-0.0375825293032,0.0302961205607,-0.304495186395,0.69259232573,-2.05975270293,95.6591644287,0.631233094215,-0.104310693576,-0.133839823743,1.65017983257,0.741679710943,0.22281070944,0.720970970306,100.0
31.418651,-0.82681564467,-0.648490378079,-0.0360485485153,0.0302961205607,-0.303728196001,0.693359316124,-2.06013619813,95.6591644287,0.631616589412,-0.104310693576,-0.13422331894,1.65094682296,0.74206320614,0.223577699834,0.722121455897,100.0
31.428653,-0.825665159079,-0.648106882882,-0.0360485485153,0.0302961205607,-0.304111691198,0.693359316124,-2.06013619813,95.6591644287,0.630466103821,-0.104310693576,-0.133456328546,1.65056332776,0.74206320614,0.223961195031,0.721354465503,100.0
31.438653,-0.826048654276,-0.648490378079,-0.0360485485153,0.0299126253638,-0.304495186395,0.693359316124,-2.05975270293,95.6591644287,0.631616589412,-0.104310693576,-0.13422331894,1.65017983257,0.741296215746,0.223194204637,0.720970970306,100.0
31.448650,-0.82681564467,-0.649257368473,-0.0364320437123,0.0299126253638,-0.303728196001,0.694126306518,-2.06013619813,95.6591644287,0.631233094215,-0.104694188773,-0.13422331894,1.65056332776,0.74206320614,0.222427214243,0.720970970306,100.0
31.458654,-0.825665159079,-0.649257368473,-0.0371990341062,0.0306796157577,-0.304111691198,0.693359316124,-2.05936920774,95.6591644287,0.632000084609,-0.104310693576,-0.133839823743,1.65094682296,0.74206320614,0.223194204637,0.721354465503,100.0
31.468656,-0.826048654276,-0.650024358866,-0.0356650533183,0.0302961205607,-0.304878681592,0.693359316124,-2.06013619813,95.6591644287,0.631233094215,-0.104310693576,-0.133456328546,1.65017983257,0.741679710943,0.223194204637,0.7217379607,100.0
31.478652,-0.826048654276,-0.648490378079,-0.0368155389092,0.0299126253638,-0.304111691198,0.692975820927,-2.05975270293,95.6591644287,0.631616589412,-0.103927198379,-0.13422331894,1.65017983257,0.74206320614,0.22281070944,0.7217379607,100.0
31.488651,-0.825665159079,-0.648490378079,-0.0368155389092,0.0295291301668,-0.304111691198,0.69259232573,-2.05975270293,95.6591644287,0.630849599018,-0.103927198379,-0.133839823743,1.65094682296,0.74206320614,0.223577699834,0.7217379607,100.0
31.498649,-0.82681564467,-0.648106882882,-0.0360485485153,0.0299126253638,-0.304495186395,0.69259232573,-2.06013619813,95.6591644287,0.631616589412,-0.104310693576,-0.133072833349,1.65056332776,0.742446701337,0.223961195031,0.7217379607,100.0
31.508652,-0.826048654276,-0.648490378079,-0.0371990341062,0.0302961205607,-0.304111691198,0.69259232573,-2.06013619813,95.6591644287,0.631616589412,-0.10507768397,-0.133456328546,1.65094682296,0.741296215746,0.223577699834,0.7217379607,100.0
31.518652,-0.826048654276,-0.649257368473,-0.0356650533183,0.0299126253638,-0.304111691198,0.693359316124,-2.06051969333,95.6591644287,0.631616589412,-0.104310693576,-0.133839823743,1.65017983257,0.74206320614,0.22281070944,0.720970970306,100.0
31.528654,-0.825281663882,-0.649640863669,-0.0360485485153,0.0295291301668,-0.304111691198,0.693359316124,-2.05975270293,95.6591644287,0.631233094215,-0.104694188773,-0.133839823743,1.65017983257,0.741679710943,0.223961195031,0.720970970306,100.0
31.538652,-0.826432149473,-0.649257368473,-0.0360485485153,0.0295291301668,-0.303344700804,0.693742811321,-2.06051969333,95.6591644287,0.631233094215,-0.104310693576,-0.133456328546,1.64979633737,0.741679710943,0.223194204637,0.720970970306,100.0
31.548650,-0.826048654276,-0.648873873276,-0.0368155389092,0.0295291301668,-0.304111691198,0.69259232573,-2.06013619813,95.6591644287,0.631233094215,-0.104310693576,-0.134606814137,1.65094682296,0.742446701337,0.223577699834,0.720970970306,100.0
31.558652,-0.825665159079,-0.648490378079,-0.0371990341062,0.0295291301668,-0.304878681592,0.694126306518,-2.06013619813,95.6591644287,0.631233094215,-0.103927198379,-0.133839823743,1.65094682296,0.741296215746,0.223577699834,0.720587475109,100.0
31.568651,-0.826432149473,-0.650024358866,-0.0360485485153,0.0306796157577,-0.304111691198,0.69259232573,-2.06051969333,95.6591644287,0.630466103821,-0.103927198379,-0.133072833349,1.65017983257,0.74206320614,0.224344690228,0.720970970306,100.0
31.578654,-0.826432149473,-0.648490378079,-0.0364320437123,0.0295291301668,-0.304111691198,0.692975820927,-2.06090318852,95.6591644287,0.631233094215,-0.103927198379,-0.13422331894,1.65017983257,0.74206320614,0.223194204637,0.721354465503,100.0
31.588655,-0.826432149473,-0.649257368473,-0.0360485485153,0.0299126253638,-0.304111691198,0.693359316124,-2.05936920774,95.6591644287,0.631233094215,-0.103927198379,-0.133456328546,1.65094682296,0.741679710943,0.223194204637,0.721354465503,100.0
31.598654,-0.826048654276,-0.649640863669,-0.0368155389092,0.0291456349698,-0.304495186395,0.693359316124,-2.06013619813,95.6591644287,0.630849599018,-0.104310693576,-0.133072833349,1.65094682296,0.74206320614,0.223961195031,0.720203979912,100.0
31.608652,-0.825281663882,-0.649257368473,-0.0371990341062,0.0287621397729,-0.304111691198,0.693359316124,-2.06090318852,95.6591644287,0.631233094215,-0.103927198379,-0.133456328546,1.65017983257,0.74206320614,0.223194204637,0.720203979912,100.0
31.618650,-0.826048654276,-0.650024358866,-0.0360485485153,0.0295291301668,-0.304495186395,0.692975820927,-2.06051969333,95.6591644287,0.631233094215,-0.104310693576,-0.132305842955,1.65133031816,0.742446701337,0.223194204637,0.720587475109,100.0
31.628652,-0.826048654276,-0.649257368473,-0.0368155389092,0.0302961205607,-0.304495186395,0.692975820927,-2.06013619813,95.6591644287,0.631233094215,-0.104310693576,-0.133072833349,1.64979633737,0.741679710943,0.223577699834,0.7217379607,100.0
31.638649,-0.826048654276,-0.649257368473,-0.0368155389092,0.0295291301668,-0.303728196001,0.693359316124,-2.05975270293,95.6591644287,0.631233094215,-0.104310693576,-0.133839823743,1.65017983257,0.741296215746,0.223577699834,0.7217379607,100.0
31.648650,-0.826432149473,-0.649257368473,-0.0364320437123,0.0302961205607,-0.303728196001,0.693359316124,-2.06051969333,95.6591644287,0.630849599018,-0.104694188773,-0.133072833349,1.65017983257,0.74206320614,0.223194204637,0.720970970306,100.0
31.658654,-0.826048654276,-0.649640863669,-0.0379660245002,0.0291456349698,-0.304495186395,0.692975820927,-2.06013619813,95.6591644287,0.630849599018,-0.104310693576,-0.13422331894,1.65056332776,0.741296215746,0.223194204637,0.720203979912,100.0
31.668653,-0.825665159079,-0.649257368473,-0.0364320437123,0.0295291301668,-0.304111691198,0.69259232573,-2.06051969333,95.6591644287,0.631233094215,-0.10507768397,-0.133839823743,1.65017983257,0.742446701337,0.223194204637,0.7217379607,100.0
31.678655,-0.826432149473,-0.649640863669,-0.0360485485153,0.0299126253638,-0.303728196001,0.69259232573,-2.05975270293,95.6591644287,0.631233094215,-0.104694188773,-0.133456328546,1.65017983257,0.74206320614,0.223577699834,0.720970970306,100.0
31.688652,-0.826048654276,-0.649640863669,-0.0368155389092,0.0283786445759,-0.304111691198,0.693359316124,-2.06013619813,95.6591644287,0.630849599018,-0.103927198379,-0.13422331894,1.64979633737,0.74206320614,0.223577699834,0.720970970306,100.0
31.698652,-0.826048654276,-0.649257368473,-0.0383495196971,0.0291456349698,-0.304495186395,0.692975820927,-2.06090318852,95.6591644287,0.631233094215,-0.104310693576,-0.133456328546,1.64979633737,0.74206320614,0.222427214243,0.720970970306,100.0
31.708648,-0.824131178291,-0.648106882882,-0.0379660245002,0.0287621397729,-0.303728196001,0.692975820927,-2.06013619813,95.6591644287,0.631233094215,-0.103927198379,-0.133072833349,1.65017983257,0.742446701337,0.223194204637,0.720970970306,100.0
31.718648,-0.825281663882,-0.648490378079,-0.0371990341062,0.0295291301668,-0.304495186395,0.69259232573,-2.06051969333,95.6591644287,0.630466103821,-0.104694188773,-0.133839823743,1.65094682296,0.741296215746,0.223577699834,0.7217379607,100.0
31.728652,-0.825281663882,-0.650024358866,-0.0364320437123,0.0295291301668,-0.304111691198,0.69259232573,-2.05936920774,95.6591644287,0.631616589412,-0.104694188773,-0.133839823743,1.65017983257,0.74206320614,0.223194204637,0.7217379607,100.0
31.738677,-0.825665159079,-0.648873873276,-0.0360485485153,0.0295291301668,-0.303728196001,0.693359316124,-2.05936920774,95.6591644287,0.630849599018,-0.103927198379,-0.133456328546,1.65017983257,0.74206320614,0.223577699834,0.7217379607,100.0
31.748654,-0.826048654276,-0.648873873276,-0.0360485485153,0.0287621397729,-0.305262176789,0.692975820927,-2.06013619813,95.6591644287,0.631233094215,-0.103543703182,-0.13422331894,1.65133031816,0.74206320614,0.223577699834,0.721354465503,100.0
31.758653,-0.826048654276,-0.649257368473,-0.0356650533183,0.0295291301668,-0.303728196001,0.692975820927,-2.06013619813,95.6591644287,0.631233094215,-0.103927198379,-0.133839823743,1.65133031816,0.74206320614,0.223961195031,0.720970970306,100.0
31.768652,-0.826048654276,-0.647723387685,-0.0368155389092,0.0295291301668,-0.304111691198,0.693359316124,-2.06013619813,95.6591644287,0.630849599018,-0.104310693576,-0.133456328546,1.65133031816,0.741679710943,0.223577699834,0.7217379607,100.0
31.778655,-0.824898168685,-0.649257368473,-0.0364320437123,0.0287621397729,-0.304111691198,0.692975820927,-2.06051969333,95.6591644287,0.632000084609,-0.104694188773,-0.133839823743,1.65056332776,0.741296215746,0.223194204637,0.722121455897,100.0
31.788656,-0.824898168685,-0.648490378079,-0.0364320437123,0.0291456349698,-0.304495186395,0.693359316124,-2.05975270293,95.6591644287,0.630849599018,-0.104310693576,-0.133839823743,1.65017983257,0.741679710943,0.224344690228,0.720970970306,100.0
31.798655,-0.826048654276,-0.650024358866,-0.0371990341062,0.0291456349698,-0.303728196001,0.693742811321,-2.05975270293,95.6591644287,0.630466103821,-0.103927198379,-0.133456328546,1.65094682296,0.74206320614,0.22281070944,0.720970970306,100.0
31.808652,-0.824898168685,-0.648490378079,-0.0371990341062,0.0287621397729,-0.304111691198,0.693359316124,-2.05936920774,95.6591644287,0.631233094215,-0.103927198379,-0.13422331894,1.65056332776,0.742446701337,0.223194204637,0.722121455897,100.0
31.818652,-0.825665159079,-0.648490378079,-0.0375825293032,0.0291456349698,-0.305262176789,0.693359316124,-2.05975270293,95.6591644287,0.631233094215,-0.104694188773,-0.133839823743,1.65017983257,0.74206320614,0.223194204637,0.7217379607,100.0
31.828652,-0.824514673488,-0.648490378079,-0.0368155389092,0.0295291301668,-0.304495186395,0.692975820927,-2.05936920774,95.6591644287,0.630849599018,-0.104694188773,-0.133456328546,1.65017983257,0.741679710943,0.223961195031,0.721354465503,100.0
31.838654,-0.825665159079,-0.648490378079,-0.0368155389092,0.0295291301668,-0.303728196001,0.693359316124,-2.05975270293,95.6591644287,0.631616589412,-0.103543703182,-0.133072833349,1.64979633737,0.741296215746,0.223194204637,0.720970970306,100.0
31.848649,-0.825281663882,-0.650024358866,-0.0371990341062,0.0287621397729,-0.304878681592,0.69259232573,-2.05936920774,95.6591644287,0.631233094215,-0.104694188773,-0.133839823743,1.65056332776,0.74206320614,0.22281070944,0.721354465503,100.0
31.858649,-0.824898168685,-0.648873873276,-0.0368155389092,0.0295291301668,-0.305262176789,0.692975820927,-2.05898571254,95.6591644287,0.630466103821,-0.104694188773,-0.133456328546,1.65056332776,0.741679710943,0.22281070944,0.7217379607,100.0
31.868651,-0.824898168685,-0.648490378079,-0.0371990341062,0.0291456349698,-0.303728196001,0.69259232573,-2.06013619813,95.6591644287,0.632383579806,-0.104310693576,-0.133072833349,1.65133031816,0.74206320614,0.222043719046,0.721354465503,100.0
31.878652,-0.825281663882,-0.648490378079,-0.0364320437123,0.0295291301668,-0.304111691198,0.693359316124,-2.06013619813,95.6591644287,0.631616589412,-0.104694188773,-0.133839823743,1.64979633737,0.741679710943,0.223194204637,0.721354465503,100.0
31.888651,-0.824898168685,-0.648490378079,-0.0368155389092,0.0291456349698,-0.304495186395,0.693742811321,-2.05975270293,95.6591644287,0.632000084609,-0.104310693576,-0.133456328546,1.65056332776,0.741679710943,0.223961195031,0.721354465503,100.0
31.898650,-0.826432149473,-0.648873873276,-0.0371990341062,0.0295291301668,-0.304495186395,0.693742811321,-2.05936920774,95.6591644287,0.631233094215,-0.104310693576,-0.133456328546,1.64979633737,0.74206320614,0.223194204637,0.722121455897,100.0
31.908650,-0.824898168685,-0.649257368473,-0.0371990341062,0.0295291301668,-0.304111691198,0.693359316124,-2.06013619813,95.6591644287,0.631233094215,-0.104694188773,-0.132689338152,1.65056332776,0.74206320614,0.223961195031,0.721354465503,100.0
31.918677,-0.825281663882,-0.648873873276,-0.0360485485153,0.0291456349698,-0.304878681592,0.693359316124,-2.06090318852,95.6591644287,0.631616589412,-0.104694188773,-0.133839823743,1.65017983257,0.741679710943,0.22281070944,0.720970970306,100.0
31.928654,-0.825281663882,-0.649640863669,-0.0371990341062,0.0295291301668,-0.304495186395,0.692975820927,-2.06013619813,95.6591644287,0.631233094215,-0.104694188773,-0.133839823743,1.65056332776,0.741296215746,0.22281070944,0.721354465503,100.0
31.938658,-0.825665159079,-0.649640863669,-0.0364320437123,0.0291456349698,-0.303344700804,0.693359316124,-2.05975270293,95.6591644287,0.631616589412,-0.104310693576,-0.133072833349,1.64979633737,0.742446701337,0.223577699834,0.721354465503,100.0
31.948651,-0.826048654276,-0.649257368473,-0.0352815581214,0.0295291301668,-0.304111691198,0.693742811321,-2.05975270293,95.6591644287,0.632383579806,-0.103927198379,-0.133456328546,1.65133031816,0.741296215746,0.223194204637,0.7217379607,100.0
31.958651,-0.825665159079,-0.648490378079,-0.0360485485153,0.0287621397729,-0.304878681592,0.693359316124,-2.06013619813,95.6591644287,0.632383579806,-0.104694188773,-0.133072833349,1.65056332776,0.741679710943,0.22281070944,0.720203979912,100.0
31.968650,-0.825281663882,-0.648873873276,-0.0371990341062,0.0287621397729,-0.304111691198,0.693359316124,-2.05975270293,95.6591644287,0.631233094215,-0.104694188773,-0.133456328546,1.65056332776,0.741679710943,0.223577699834,0.7217379607,100.0
31.978651,-0.825281663882,-0.649640863669,-0.0360485485153,0.0295291301668,-0.304111691198,0.693359316124,-2.06013619813,95.6591644287,0.632767075003,-0.103927198379,-0.133456328546,1.65017983257,0.741679710943,0.223194204637,0.720970970306,100.0
31.988652,-0.825281663882,-0.648490378079,-0.0368155389092,0.0287621397729,-0.304111691198,0.692208830533,-2.06013619813,95.6591644287,0.631616589412,-0.104310693576,-0.132689338152,1.65056332776,0.741679710943,0.22281070944,0.7217379607,100.0
31.998652,-0.825665159079,-0.649640863669,-0.0360485485153,0.0287621397729,-0.304495186395,0.693359316124,-2.06013619813,95.6591644287,0.631616589412,-0.104310693576,-0.133839823743,1.65017983257,0.741679710943,0.223961195031,0.722121455897,100.0
32.008650,-0.825281663882,-0.648490378079,-0.0375825293032,0.0291456349698,-0.304495186395,0.692975820927,-2.05975270293,95.6591644287,0.631233094215,-0.104310693576,-0.133456328546,1.65056332776,0.74206320614,0.223194204637,0.720970970306,100.0
32.018652,-0.825281663882,-0.648873873276,-0.0379660245002,0.0295291301668,-0.304111691198,0.69259232573,-2.06013619813,95.6591644287,0.632000084609,-0.10507768397,-0.133072833349,1.65094682296,0.741679710943,0.223194204637,0.720587475109,100.0
32.028649,-0.824898168685,-0.648873873276,-0.0356650533183,0.0291456349698,-0.303344700804,0.693742811321,-2.05975270293,95.6591644287,0.630849599018,-0.104694188773,-0.13422331894,1.65056332776,0.742446701337,0.223194204637,0.720970970306,100.0
32.038651,-0.825665159079,-0.649257368473,-0.0360485485153,0.0283786445759,-0.304495186395,0.693742811321,-2.06090318852,95.6591644287,0.631616589412,-0.104310693576,-0.133839823743,1.65056332776,0.741296215746,0.224344690228,0.720970970306,100.0
32.048654,-0.826048654276,-0.648490378079,-0.0360485485153,0.0283786445759,-0.304878681592,0.69259232573,-2.05898571254,95.6591644287,0.631616589412,-0.104694188773,-0.134606814137,1.65056332776,0.742446701337,0.223194204637,0.7217379607,100.0
32.058654,-0.825665159079,-0.648490378079,-0.0368155389092,0.0287621397729,-0.304495186395,0.694126306518,-2.06013619813,95.6591644287,0.631616589412,-0.103543703182,-0.133839823743,1.65094682296,0.741679710943,0.223194204637,0.721354465503,100.0
32.068650,-0.826048654276,-0.648873873276,-0.0368155389092,0.0279951493789,-0.303344700804,0.694126306518,-2.05936920774,95.6591644287,0.631616589412,-0.104310693576,-0.133456328546,1.64979633737,0.741679710943,0.22281070944,0.7217379607,100.0
32.078676,-0.826048654276,-0.648490378079,-0.0356650533183,0.0276116541819,-0.303728196001,0.693359316124,-2.05975270293,95.6591644287,0.632000084609,-0.104310693576,-0.133839823743,1.64979633737,0.74206320614,0.223577699834,0.7217379607,100.0
32.088656,-0.825281663882,-0.648873873276,-0.0364320437123,0.026844663788,-0.304495186395,0.693359316124,-2.06051969333,95.6591644287,0.631616589412,-0.104694188773,-0.133839823743,1.65017983257,0.741679710943,0.223961195031,0.720587475109,100.0
32.098654,-0.825665159079,-0.647339892488,-0.0368155389092,0.027228158985,-0.304495186395,0.694126306518,-2.06051969333,95.6591644287,0.632000084609,-0.104310693576,-0.133456328546,1.65094682296,0.742446701337,0.22281070944,0.720970970306,100.0
32.108653,-0.826048654276,-0.647339892488,-0.0364320437123,0.026844663788,-0.304495186395,0.69259232573,-2.05975270293,95.6591644287,0.632000084609,-0.103927198379,-0.13422331894,1.65017983257,0.741679710943,0.22281070944,0.720970970306,100.0
32.118652,-0.825281663882,-0.648490378079,-0.0356650533183,0.026844663788,-0.304495186395,0.692208830533,-2.06013619813,95.6591644287,0.631616589412,-0.10507768397,-0.133839823743,1.64979633737,0.741296215746,0.223194204637,0.7217379607,100.0
32.128649,-0.825665159079,-0.648106882882,-0.0364320437123,0.026844663788,-0.304495186395,0.692975820927,-2.05975270293,95.6591644287,0.632383579806,-0.10507768397,-0.134606814137,1.65056332776,0.74206320614,0.22281070944,0.720970970306,100.0
32.138650,-0.825665159079,-0.647339892488,-0.0360485485153,0.027228158985,-0.303728196001,0.693359316124,-2.06090318852,95.6591644287,0.632000084609,-0.104310693576,-0.133456328546,1.64979633737,0.74206320614,0.223194204637,0.7217379607,100.0
32.148661,-0.826432149473,-0.647339892488,-0.0360485485153,0.0260776733941,-0.304495186395,0.693742811321,-2.06051969333,95.6591644287,0.632767075003,-0.103927198379,-0.133072833349,1.65094682296,0.741296215746,0.222427214243,0.721354465503,100.0
32.158654,-0.825281663882,-0.648490378079,-0.0360485485153,0.0256941781971,-0.304495186395,0.694509801715,-2.05975270293,95.6591644287,0.631616589412,-0.103927198379,-0.133072833349,1.65017983257,0.741679710943,0.222427214243,0.720587475109,100.0
32.168652,-0.826048654276,-0.648873873276,-0.0360485485153,0.0256941781971,-0.303728196001,0.693742811321,-2.06090318852,95.6591644287,0.631616589412,-0.104694188773,-0.133072833349,1.65094682296,0.741296215746,0.222427214243,0.720970970306,100.0
32.178650,-0.826048654276,-0.648873873276,-0.0371990341062,0.0260776733941,-0.304495186395,0.693742811321,-2.06051969333,95.6591644287,0.632383579806,-0.103927198379,-0.134606814137,1.65056332776,0.741296215746,0.223194204637,0.721354465503,100.0
32.188652,-0.826048654276,-0.647339892488,-0.0371990341062,0.0256941781971,-0.304878681592,0.693742811321,-2.06128668372,95.6591644287,0.632383579806,-0.104310693576,-0.133839823743,1.65133031816,0.742446701337,0.223961195031,0.7217379607,100.0
32.198651,-0.826048654276,-0.648873873276,-0.0368155389092,0.0260776733941,-0.304495186395,0.69259232573,-2.06128668372,95.6591644287,0.632767075003,-0.104310693576,-0.133456328546,1.65056332776,0.741679710943,0.223961195031,0.7217379607,100.0
32.208649,-0.826048654276,-0.648873873276,-0.0371990341062,0.0260776733941,-0.303728196001,0.693359316124,-2.06167017892,95.6591644287,0.630849599018,-0.103543703182,-0.133072833349,1.65056332776,0.741679710943,0.22281070944,0.720970970306,100.0
32.218649,-0.825281663882,-0.649257368473,-0.0368155389092,0.0256941781971,-0.304111691198,0.693359316124,-2.06090318852,95.6591644287,0.631616589412,-0.103927198379,-0.133456328546,1.65094682296,0.741296215746,0.22281070944,0.7217379607,100.0
32.228651,-0.826048654276,-0.648873873276,-0.0356650533183,0.0256941781971,-0.303728196001,0.692975820927,-2.06128668372,95.6591644287,0.631616589412,-0.104310693576,-0.133456328546,1.65056332776,0.74206320614,0.223194204637,0.721354465503,100.0
32.238675,-0.825281663882,-0.649257368473,-0.0360485485153,0.0256941781971,-0.304495186395,0.692975820927,-2.06205367411,95.6591644287,0.631233094215,-0.104310693576,-0.133072833349,1.65094682296,0.741679710943,0.224344690228,0.7217379607,100.0
32.248659,-0.825281663882,-0.648873873276,-0.0356650533183,0.0256941781971,-0.304878681592,0.69259232573,-2.06128668372,95.6591644287,0.632000084609,-0.104694188773,-0.133072833349,1.65094682296,0.74206320614,0.22281070944,0.7217379607,100.0
32.258653,-0.825665159079,-0.650024358866,-0.0360485485153,0.0256941781971,-0.304878681592,0.692975820927,-2.06090318852,95.6591644287,0.631616589412,-0.103927198379,-0.133456328546,1.65017983257,0.741679710943,0.223194204637,0.7217379607,100.0
32.268651,-0.826048654276,-0.649257368473,-0.0356650533183,0.0256941781971,-0.304495186395,0.693359316124,-2.06167017892,95.6591644287,0.632000084609,-0.104310693576,-0.133839823743,1.65017983257,0.741679710943,0.22281070944,0.722121455897,100.0
32.278648,-0.825281663882,-0.649257368473,-0.0371990341062,0.026461168591,-0.304111691198,0.693359316124,-2.06205367411,95.6591644287,0.631616589412,-0.104310693576,-0.134606814137,1.65056332776,0.741679710943,0.222427214243,0.721354465503,100.0
32.288651,-0.825281663882,-0.649640863669,-0.0375825293032,0.0256941781971,-0.304495186395,0.692975820927,-2.06205367411,95.6591644287,0.632383579806,-0.104310693576,-0.133456328546,1.64979633737,0.741679710943,0.223961195031,0.7217379607,100.0
32.298650,-0.825665159079,-0.649257368473,-0.0368155389092,0.026461168591,-0.304111691198,0.692975820927,-2.06243716931,95.6591644287,0.632000084609,-0.10507768397,-0.133072833349,1.65017983257,0.741296215746,0.223194204637,0.720970970306,100.0
32.308648,-0.824898168685,-0.648490378079,-0.0364320437123,0.0256941781971,-0.304111691198,0.692975820927,-2.06205367411,95.6591644287,0.632767075003,-0.104310693576,-0.13422331894,1.65094682296,0.741296215746,0.223194204637,0.720970970306,100.0
32.318650,-0.826048654276,-0.648873873276,-0.0368155389092,0.0256941781971,-0.304495186395,0.692975820927,-2.06205367411,95.6591644287,0.631233094215,-0.104694188773,-0.133456328546,1.65094682296,0.740912720549,0.223194204637,0.721354465503,100.0
32.328651,-0.825281663882,-0.649640863669,-0.0360485485153,0.0260776733941,-0.304495186395,0.692208830533,-2.06243716931,95.6591644287,0.632000084609,-0.103927198379,-0.133839823743,1.65056332776,0.74206320614,0.223194204637,0.7217379607,100.0
32.338652,-0.825281663882,-0.649640863669,-0.0364320437123,0.0260776733941,-0.304878681592,0.693359316124,-2.06205367411,95.6591644287,0.631233094215,-0.104310693576,-0.133072833349,1.64941284217,0.74206320614,0.223194204637,0.722121455897,100.0
32.348652,-0.824898168685,-0.649257368473,-0.0356650533183,0.0249271878031,-0.304111691198,0.693742811321,-2.06282066451,95.6591644287,0.631616589412,-0.104310693576,-0.133072833349,1.65017983257,0.741679710943,0.22281070944,0.722121455897,100.0
32.358653,-0.825665159079,-0.650407854063,-0.0364320437123,0.0256941781971,-0.304111691198,0.693359316124,-2.06205367411,95.6591644287,0.631233094215,-0.104694188773,-0.133456328546,1.65017983257,0.741679710943,0.22281070944,0.7217379607,100.0
32.368653,-0.825281663882,-0.648873873276,-0.0371990341062,0.0256941781971,-0.304878681592,0.69259232573,-2.06243716931,95.6591644287,0.632000084609,-0.10507768397,-0.133456328546,1.65017983257,0.741296215746,0.22281070944,0.721354465503,100.0
32.378652,-0.825665159079,-0.648490378079,-0.0368155389092,0.0256941781971,-0.304878681592,0.692975820927,-2.06128668372,95.6591644287,0.632000084609,-0.104310693576,-0.133456328546,1.65017983257,0.74206320614,0.223194204637,0.721354465503,100.0
32.388656,-0.825281663882,-0.650024358866,-0.0356650533183,0.0256941781971,-0.304495186395,0.693359316124,-2.06128668372,95.6591644287,0.632000084609,-0.104310693576,-0.133072833349,1.65133031816,0.74206320614,0.223194204637,0.7217379607,100.0
32.398655,-0.826048654276,-0.649257368473,-0.0364320437123,0.0260776733941,-0.304111691198,0.693742811321,-2.06167017892,95.6591644287,0.632383579806,-0.104310693576,-0.13422331894,1.65133031816,0.741679710943,0.223577699834,0.720970970306,100.0
32.408650,-0.824898168685,-0.648106882882,-0.0364320437123,0.0260776733941,-0.304495186395,0.692975820927,-2.06243716931,95.6591644287,0.631616589412,-0.103160207985,-0.133839823743,1.65094682296,0.741679710943,0.223194204637,0.721354465503,100.0
32.418650,-0.826432149473,-0.649640863669,-0.0360485485153,0.026461168591,-0.304111691198,0.692975820927,-2.06243716931,95.6591644287,0.630849599018,-0.104310693576,-0.133072833349,1.65133031816,0.741679710943,0.22281070944,0.721354465503,100.0
32.428649,-0.825665159079,-0.649257368473,-0.0360485485153,0.0256941781971,-0.304495186395,0.69259232573,-2.06167017892,95.6591644287,0.630849599018,-0.104310693576,-0.133456328546,1.65094682296,0.742446701337,0.22281070944,0.7217379607,100.0
32.438653,-0.825665159079,-0.649640863669,-0.0371990341062,0.0253106830001,-0.304111691198,0.693359316124,-2.06243716931,95.6591644287,0.632000084609,-0.104694188773,-0.133456328546,1.65133031816,0.742446701337,0.223194204637,0.7217379607,100.0
32.448650,-0.826048654276,-0.648873873276,-0.0360485485153,0.0260776733941,-0.304111691198,0.693742811321,-2.06167017892,95.6591644287,0.631616589412,-0.104694188773,-0.133839823743,1.65094682296,0.74206320614,0.223577699834,0.7217379607,100.0
32.458650,-0.825665159079,-0.649257368473,-0.0360485485153,0.0260776733941,-0.304878681592,0.69259232573,-2.06128668372,95.6591644287,0.632383579806,-0.103927198379,-0.133839823743,1.64979633737,0.741679710943,0.223194204637,0.721354465503,100.0
32.468649,-0.824898168685,-0.647723387685,-0.0379660245002,0.0253106830001,-0.305262176789,0.693359316124,-2.06090318852,95.6591644287,0.632383579806,-0.104310693576,-0.13422331894,1.65056332776,0.74206320614,0.223194204637,0.7217379607,100.0
32.478647,-0.825665159079,-0.648490378079,-0.0368155389092,0.0256941781971,-0.304495186395,0.693359316124,-2.06243716931,95.6591644287,0.631233094215,-0.103927198379,-0.13422331894,1.65094682296,0.741679710943,0.223577699834,0.720970970306,100.0
32.488676,-0.825665159079,-0.648490378079,-0.0379660245002,0.0260776733941,-0.304111691198,0.692975820927,-2.06205367411,95.6591644287,0.631616589412,-0.104310693576,-0.133072833349,1.65056332776,0.74206320614,0.22281070944,0.720587475109,100.0
32.498656,-0.824898168685,-0.648873873276,-0.0371990341062,0.0256941781971,-0.304495186395,0.693359316124,-2.06167017892,95.6591644287,0.631616589412,-0.104694188773,-0.133456328546,1.65017983257,0.741679710943,0.223577699834,0.720587475109,100.0
32.508652,-0.825281663882,-0.648873873276,-0.0356650533183,0.0256941781971,-0.304495186395,0.693742811321,-2.06090318852,95.6591644287,0.632383579806,-0.104310693576,-0.13422331894,1.65056332776,0.741679710943,0.223577699834,0.721354465503,100.0
32.518652,-0.825665159079,-0.648873873276,-0.0360485485153,0.0256941781971,-0.304878681592,0.693359316124,-2.06128668372,95.6591644287,0.632000084609,-0.104310693576,-0.133839823743,1.65056332776,0.741679710943,0.223194204637,0.721354465503,100.0
32.528650,-0.826048654276,-0.649257368473,-0.0352815581214,0.0260776733941,-0.304111691198,0.693742811321,-2.06167017892,95.6591644287,0.631616589412,-0.104694188773,-0.133456328546,1.65056332776,0.741679710943,0.22281070944,0.721354465503,100.0
32.538651,-0.826432149473,-0.648106882882,-0.0356650533183,0.026461168591,-0.303728196001,0.693359316124,-2.06205367411,95.6591644287,0.632000084609,-0.104310693576,-0.133072833349,1.65094682296,0.74206320614,0.223194204637,0.721354465503,100.0
32.548654,-0.825665159079,-0.648490378079,-0.0364320437123,0.0256941781971,-0.304878681592,0.693359316124,-2.06128668372,95.6591644287,0.631233094215,-0.103927198379,-0.132689338152,1.65133031816,0.74206320614,0.22281070944,0.720970970306,100.0
32.558659,-0.825665159079,-0.647339892488,-0.0360485485153,0.0260776733941,-0.304111691198,0.693359316124,-2.06167017892,95.6591644287,0.631233094215,-0.104694188773,-0.133072833349,1.65094682296,0.74206320614,0.223194204637,0.7217379607,100.0
32.568652,-0.825281663882,-0.648490378079,-0.0364320437123,0.0256941781971,-0.304111691198,0.693359316124,-2.06167017892,95.6591644287,0.631616589412,-0.104310693576,-0.133456328546,1.65094682296,0.741679710943,0.222427214243,0.720587475109,100.0
32.578654,-0.824898168685,-0.646956397291,-0.0352815581214,0.0256941781971,-0.304495186395,0.693742811321,-2.06167017892,95.6591644287,0.632767075003,-0.103927198379,-0.133456328546,1.65094682296,0.741679710943,0.223577699834,0.7217379607,100.0
32.588651,-0.824898168685,-0.648873873276,-0.0356650533183,0.026461168591,-0.305262176789,0.693742811321,-2.06167017892,95.6591644287,0.631616589412,-0.104694188773,-0.133839823743,1.65133031816,0.74206320614,0.223577699834,0.721354465503,100.0
32.598653,-0.824514673488,-0.646956397291,-0.0360485485153,0.0260776733941,-0.304495186395,0.693359316124,-2.06243716931,95.6591644287,0.632000084609,-0.103927198379,-0.132689338152,1.65094682296,0.74206320614,0.223577699834,0.721354465503,100.0
32.608652,-0.825281663882,-0.648106882882,-0.0364320437123,0.026461168591,-0.305262176789,0.693359316124,-2.06243716931,95.6591644287,0.631233094215,-0.104694188773,-0.132689338152,1.65056332776,0.741679710943,0.223577699834,0.721354465503,100.0
32.618650,-0.824514673488,-0.648873873276,-0.0360485485153,0.0256941781971,-0.304495186395,0.693742811321,-2.06167017892,95.6591644287,0.631616589412,-0.104310693576,-0.133456328546,1.65094682296,0.741679710943,0.223961195031,0.7217379607,100.0
32.628650,-0.825281663882,-0.648490378079,-0.0368155389092,0.0256941781971,-0.304495186395,0.693742811321,-2.06205367411,95.6591644287,0.630849599018,-0.104310693576,-0.133456328546,1.65171381336,0.741679710943,0.223194204637,0.721354465503,100.0
32.638650,-0.824898168685,-0.648490378079,-0.0364320437123,0.0260776733941,-0.304111691198,0.692975820927,-2.06243716931,95.6591644287,0.632383579806,-0.104694188773,-0.133072833349,1.65094682296,0.74206320614,0.22281070944,0.720970970306,100.0
32.648651,-0.824898168685,-0.648873873276,-0.0371990341062,0.0260776733941,-0.304111691198,0.692975820927,-2.06243716931,95.6591644287,0.631233094215,-0.104694188773,-0.133456328546,1.65056332776,0.741679710943,0.22281070944,0.721354465503,100.0
32.658653,-0.825281663882,-0.648490378079,-0.0368155389092,0.026461168591,-0.304111691198,0.69259232573,-2.06205367411,95.6591644287,0.631616589412,-0.104310693576,-0.133456328546,1.65171381336,0.741679710943,0.223577699834,0.7217379607,100.0
32.668676,-0.825281663882,-0.647723387685,-0.0356650533183,0.0256941781971,-0.304111691198,0.693359316124,-2.06167017892,95.6591644287,0.632000084609,-0.103927198379,-0.133839823743,1.65171381336,0.741296215746,0.22281070944,0.721354465503,100.0
32.678656,-0.825281663882,-0.647723387685,-0.0364320437123,0.026461168591,-0.303728196001,0.69259232573,-2.06282066451,95.6591644287,0.632000084609,-0.103543703182,-0.133072833349,1.65133031816,0.741679710943,0.223961195031,0.7217379607,100.0
32.688655,-0.825665159079,-0.648490378079,-0.0368155389092,0.0256941781971,-0.304111691198,0.692975820927,-2.06167017892,95.6591644287,0.631616589412,-0.104310693576,-0.13422331894,1.65094682296,0.741296215746,0.223194204637,0.720970970306,100.0
32.698651,-0.825281663882,-0.648873873276,-0.0356650533183,0.0256941781971,-0.304495186395,0.693359316124,-2.06205367411,95.6591644287,0.632000084609,-0.104694188773,-0.133072833349,1.65171381336,0.74206320614,0.223577699834,0.721354465503,100.0
32.708652,-0.824514673488,-0.648106882882,-0.0371990341062,0.0260776733941,-0.304878681592,0.693742811321,-2.06205367411,95.6591644287,0.632000084609,-0.104694188773,-0.13422331894,1.65094682296,0.742446701337,0.22281070944,0.7217379607,100.0
32.718650,-0.825665159079,-0.647723387685,-0.0356650533183,0.0256941781971,-0.304111691198,0.693359316124,-2.06128668372,95.6591644287,0.631616589412,-0.104310693576,-0.134990309334,1.65133031816,0.74206320614,0.223194204637,0.721354465503,100.0
32.728651,-0.825281663882,-0.647723387685,-0.0360485485153,0.0256941781971,-0.304878681592,0.69259232573,-2.06128668372,95.6591644287,0.631616589412,-0.104310693576,-0.133456328546,1.65171381336,0.74206320614,0.223577699834,0.721354465503,100.0
32.738649,-0.825281663882,-0.648490378079,-0.0364320437123,0.0256941781971,-0.304495186395,0.693359316124,-2.06128668372,95.6591644287,0.632383579806,-0.104310693576,-0.134606814137,1.65133031816,0.742446701337,0.223577699834,0.720587475109,100.0
32.748651,-0.825281663882,-0.647339892488,-0.0383495196971,0.0260776733941,-0.304111691198,0.692975820927,-2.06128668372,95.6591644287,0.632383579806,-0.104694188773,-0.13422331894,1.65094682296,0.742446701337,0.223194204637,0.721354465503,100.0
32.758654,-0.824898168685,-0.648873873276,-0.0379660245002,0.026461168591,-0.303728196001,0.693359316124,-2.06167017892,95.6591644287,0.631233094215,-0.104310693576,-0.13422331894,1.65133031816,0.74206320614,0.223194204637,0.7217379607,100.0
32.768651,-0.824514673488,-0.647723387685,-0.0356650533183,0.026461168591,-0.304111691198,0.693359316124,-2.06205367411,95.6591644287,0.632383579806,-0.104310693576,-0.133456328546,1.65133031816,0.74206320614,0.224344690228,0.7217379607,100.0
32.778654,-0.825281663882,-0.649257368473,-0.0360485485153,0.0256941781971,-0.304111691198,0.692975820927,-2.06167017892,95.6591644287,0.631616589412,-0.103927198379,-0.133456328546,1.65133031816,0.741679710943,0.223961195031,0.720587475109,100.0
32.788657,-0.824898168685,-0.648490378079,-0.0364320437123,0.0256941781971,-0.304878681592,0.693359316124,-2.06205367411,95.6591644287,0.632000084609,-0.104310693576,-0.13422331894,1.65171381336,0.741296215746,0.22281070944,0.720970970306,100.0
32.798654,-0.825281663882,-0.648490378079,-0.0364320437123,0.0256941781971,-0.304878681592,0.694126306518,-2.06205367411,95.6591644287,0.631616589412,-0.104694188773,-0.13422331894,1.65094682296,0.741679710943,0.223194204637,0.721354465503,100.0
32.808651,-0.824898168685,-0.649640863669,-0.0371990341062,0.0256941781971,-0.304878681592,0.692975820927,-2.06205367411,95.6591644287,0.632000084609,-0.104310693576,-0.133456328546,1.65133031816,0.74206320614,0.22281070944,0.720970970306,100.0
32.818651,-0.824514673488,-0.648106882882,-0.0371990341062,0.0253106830001,-0.304111691198,0.692975820927,-2.06167017892,95.6591644287,0.632000084609,-0.104694188773,-0.133456328546,1.65133031816,0.741679710943,0.22281070944,0.720970970306,100.0
32.828656,-0.825281663882,-0.648873873276,-0.0375825293032,0.0253106830001,-0.304111691198,0.692975820927,-2.06128668372,95.6591644287,0.631616589412,-0.103927198379,-0.133072833349,1.65094682296,0.741679710943,0.223194204637,0.721354465503,100.0
32.838699,-0.825281663882,-0.648873873276,-0.0371990341062,0.0256941781971,-0.304495186395,0.693359316124,-2.06205367411,95.6591644287,0.631233094215,-0.104694188773,-0.133839823743,1.65171381336,0.741679710943,0.223194204637,0.722121455897,100.0
32.848659,-0.824898168685,-0.647339892488,-0.0371990341062,0.0256941781971,-0.304495186395,0.692975820927,-2.06051969333,95.6591644287,0.632383579806,-0.103927198379,-0.133456328546,1.65171381336,0.741296215746,0.223194204637,0.720970970306,100.0
32.858652,-0.825665159079,-0.648490378079,-0.0364320437123,0.026461168591,-0.304111691198,0.693359316124,-2.06205367411,95.6591644287,0.631233094215,-0.10507768397,-0.134606814137,1.65171381336,0.74206320614,0.223961195031,0.7217379607,100.0
32.868652,-0.825281663882,-0.648490378079,-0.0360485485153,0.0256941781971,-0.304495186395,0.693359316124,-2.06243716931,95.6591644287,0.631616589412,-0.103927198379,-0.133072833349,1.65094682296,0.74206320614,0.223194204637,0.720970970306,100.0
32.878652,-0.824898168685,-0.648490378079,-0.0364320437123,0.026461168591,-0.304878681592,0.692975820927,-2.06167017892,95.6591644287,0.631233094215,-0.103927198379,-0.13422331894,1.65094682296,0.741679710943,0.223577699834,0.722121455897,100.0
32.888652,-0.824898168685,-0.648106882882,-0.0364320437123,0.026461168591,-0.304878681592,0.693359316124,-2.06167017892,95.6591644287,0.632000084609,-0.104310693576,-0.13422331894,1.65133031816,0.741679710943,0.22281070944,0.721354465503,100.0
32.898650,-0.825281663882,-0.648873873276,-0.0371990341062,0.0256941781971,-0.304495186395,0.693359316124,-2.06167017892,95.6591644287,0.632000084609,-0.103927198379,-0.133839823743,1.65133031816,0.74206320614,0.223194204637,0.722121455897,100.0
32.908650,-0.826048654276,-0.648873873276,-0.0356650533183,0.0256941781971,-0.304495186395,0.692975820927,-2.06128668372,95.6591644287,0.632383579806,-0.103927198379,-0.13422331894,1.65133031816,0.74206320614,0.22281070944,0.720970970306,100.0
32.918655,-0.823747683094,-0.647723387685,-0.0368155389092,0.026461168591,-0.304878681592,0.693742811321,-2.06167017892,95.6591644287,0.631616589412,-0.103927198379,-0.133072833349,1.65133031816,0.74206320614,0.22281070944,0.720970970306,100.0
32.928654,-0.825281663882,-0.647723387685,-0.0364320437123,0.0256941781971,-0.304111691198,0.693742811321,-2.06243716931,95.6591644287,0.631233094215,-0.103543703182,-0.133456328546,1.65133031816,0.74206320614,0.223577699834,0.721354465503,100.0
32.938654,-0.825281663882,-0.647723387685,-0.0364320437123,0.0256941781971,-0.303728196001,0.693742811321,-2.06167017892,95.6591644287,0.632000084609,-0.10507768397,-0.133456328546,1.65133031816,0.74206320614,0.223577699834,0.720970970306,100.0
32.948654,-0.824898168685,-0.648873873276,-0.0371990341062,0.0260776733941,-0.305262176789,0.693359316124,-2.06205367411,95.6591644287,0.631616589412,-0.104310693576,-0.13422331894,1.65133031816,0.74206320614,0.223577699834,0.722121455897,100.0
32.958656,-0.825281663882,-0.648106882882,-0.0356650533183,0.0256941781971,-0.304495186395,0.69259232573,-2.06167017892,95.6591644287,0.631233094215,-0.103160207985,-0.133839823743,1.65094682296,0.741296215746,0.223577699834,0.720970970306,100.0
32.968652,-0.824514673488,-0.649257368473,-0.0371990341062,0.0256941781971,-0.305262176789,0.693359316124,-2.06128668372,95.6591644287,0.631616589412,-0.104694188773,-0.133072833349,1.65094682296,0.741679710943,0.223577699834,0.720970970306,100.0
32.978676,-0.824898168685,-0.648490378079,-0.0356650533183,0.0256941781971,-0.305262176789,0.693359316124,-2.06167017892,95.6591644287,0.631616589412,-0.104310693576,-0.133456328546,1.65094682296,0.74206320614,0.223961195031,0.721354465503,100.0
32.988658,-0.825665159079,-0.647723387685,-0.0364320437123,0.0260776733941,-0.305262176789,0.693359316124,-2.06167017892,95.6591644287,0.632000084609,-0.104694188773,-0.13422331894,1.65133031816,0.742446701337,0.223577699834,0.720970970306,100.0
32.998654,-0.825665159079,-0.648106882882,-0.0360485485153,0.0260776733941,-0.304878681592,0.69259232573,-2.06205367411,95.6591644287,0.631233094215,-0.104310693576,-0.133839823743,1.65171381336,0.741679710943,0.22281070944,0.7217379607,100.0
33.008657,-0.824898168685,-0.648490378079,-0.0364320437123,0.0260776733941,-0.304495186395,0.693359316124,-2.06128668372,95.6591644287,0.632767075003,-0.104694188773,-0.133456328546,1.65094682296,0.74206320614,0.223961195031,0.721354465503,100.0
33.018651,-0.824514673488,-0.647339892488,-0.0360485485153,0.0260776733941,-0.304495186395,0.693359316124,-2.06205367411,95.6591644287,0.632383579806,-0.104310693576,-0.133456328546,1.65133031816,0.742446701337,0.223577699834,0.720970970306,100.0
33.028649,-0.824514673488,-0.648490378079,-0.0356650533183,0.0260776733941,-0.304878681592,0.693742811321,-2.06243716931,95.6591644287,0.632000084609,-0.104310693576,-0.133456328546,1.65094682296,0.741679710943,0.223194204637,0.7217379607,100.0
33.038652,-0.824898168685,-0.648873873276,-0.0368155389092,0.0256941781971,-0.304878681592,0.693359316124,-2.06205367411,95.6591644287,0.631616589412,-0.103543703182,-0.133839823743,1.65209730855,0.741296215746,0.223577699834,0.721354465503,100.0
33.048650,-0.825281663882,-0.648106882882,-0.0360485485153,0.0256941781971,-0.304878681592,0.693359316124,-2.06282066451,95.6591644287,0.632383579806,-0.104310693576,-0.133072833349,1.65094682296,0.741679710943,0.223194204637,0.721354465503,100.0
33.058656,-0.824514673488,-0.648106882882,-0.0368155389092,0.0256941781971,-0.304495186395,0.693359316124,-2.06205367411,95.6591644287,0.631233094215,-0.104310693576,-0.133839823743,1.65056332776,0.74206320614,0.223194204637,0.721354465503,100.0
33.068677,-0.824131178291,-0.647723387685,-0.0364320437123,0.0256941781971,-0.304111691198,0.693359316124,-2.06167017892,95.6591644287,0.632000084609,-0.104694188773,-0.133839823743,1.65248080375,0.74206320614,0.223961195031,0.720970970306,100.0
33.078654,-0.824898168685,-0.647339892488,-0.0356650533183,0.026461168591,-0.305262176789,0.693359316124,-2.06128668372,95.6591644287,0.631616589412,-0.104694188773,-0.134606814137,1.65209730855,0.74206320614,0.223577699834,0.721354465503,100.0
33.088653,-0.824514673488,-0.648873873276,-0.0371990341062,0.0260776733941,-0.304878681592,0.693359316124,-2.06128668372,95.6591644287,0.632383579806,-0.104310693576,-0.133456328546,1.65209730855,0.741679710943,0.223194204637,0.720970970306,100.0
33.098653,-0.824514673488,-0.647339892488,-0.0375825293032,0.026461168591,-0.305645671986,0.693359316124,-2.06167017892,95.6591644287,0.632000084609,-0.104310693576,-0.133839823743,1.65094682296,0.74206320614,0.223577699834,0.721354465503,100.0
33.108653,-0.824898168685,-0.648106882882,-0.0364320437123,0.0256941781971,-0.305262176789,0.69259232573,-2.06205367411,95.6591644287,0.632000084609,-0.104310693576,-0.133072833349,1.65133031816,0.741679710943,0.223577699834,0.721354465503,100.0
33.118650,-0.825281663882,-0.647723387685,-0.0368155389092,0.0260776733941,-0.305262176789,0.69259232573,-2.06167017892,95.6591644287,0.632383579806,-0.104310693576,-0.13422331894,1.65094682296,0.741679710943,0.223577699834,0.722121455897,100.0
33.128653,-0.824898168685,-0.648106882882,-0.0364320437123,0.0260776733941,-0.304111691198,0.692975820927,-2.06167017892,95.6591644287,0.632000084609,-0.104310693576,-0.133456328546,1.65133031816,0.741679710943,0.222427214243,0.720970970306,100.0
33.138652,-0.824898168685,-0.648490378079,-0.0383495196971,0.0256941781971,-0.304495186395,0.693359316124,-2.06205367411,95.6591644287,0.631616589412,-0.104694188773,-0.13422331894,1.65094682296,0.74206320614,0.223577699834,0.7217379607,100.0
33.148651,-0.824131178291,-0.646956397291,-0.0368155389092,0.0260776733941,-0.305262176789,0.693359316124,-2.06243716931,95.6591644287,0.631233094215,-0.104310693576,-0.134606814137,1.65171381336,0.74206320614,0.223577699834,0.720587475109,100.0
33.158651,-0.825281663882,-0.647339892488,-0.0360485485153,0.0256941781971,-0.304495186395,0.693742811321,-2.06167017892,95.6591644287,0.631233094215,-0.104310693576,-0.133072833349,1.65171381336,0.741296215746,0.223577699834,0.720970970306,100.0
33.168650,-0.824514673488,-0.648106882882,-0.0364320437123,0.0256941781971,-0.304878681592,0.693359316124,-2.06090318852,95.6591644287,0.631616589412,-0.104310693576,-0.133839823743,1.65133031816,0.741679710943,0.223577699834,0.721354465503,100.0
33.178676,-0.825281663882,-0.647723387685,-0.0368155389092,0.0256941781971,-0.304878681592,0.693359316124,-2.06205367411,95.6591644287,0.631233094215,-0.104310693576,-0.133839823743,1.65209730855,0.741679710943,0.22281070944,0.7217379607,100.0
33.188678,-0.825281663882,-0.648106882882,-0.0364320437123,0.0256941781971,-0.304878681592,0.692975820927,-2.06167017892,95.6591644287,0.631233094215,-0.104694188773,-0.133839823743,1.65094682296,0.741679710943,0.223577699834,0.721354465503,100.0
33.198679,-0.824898168685,-0.648106882882,-0.0368155389092,0.0256941781971,-0.305262176789,0.692975820927,-2.06128668372,95.6591644287,0.631616589412,-0.103543703182,-0.133839823743,1.65171381336,0.741679710943,0.22281070944,0.722121455897,100.0
33.208663,-0.824131178291,-0.647723387685,-0.0364320437123,0.0256941781971,-0.305645671986,0.693359316124,-2.06205367411,95.6591644287,0.631233094215,-0.103927198379,-0.133839823743,1.65056332776,0.741679710943,0.22281070944,0.7217379607,100.0
33.218654,-0.824514673488,-0.647723387685,-0.0360485485153,0.0256941781971,-0.305262176789,0.692975820927,-2.06090318852,95.6591644287,0.632000084609,-0.104694188773,-0.133456328546,1.65094682296,0.741296215746,0.223194204637,0.720970970306,100.0
33.228653,-0.824131178291,-0.648106882882,-0.0356650533183,0.0256941781971,-0.305262176789,0.692975820927,-2.06243716931,95.6591644287,0.631233094215,-0.10507768397,-0.133839823743,1.65133031816,0.741679710943,0.222427214243,0.722504951094,100.0
33.238678,-0.824898168685,-0.647723387685,-0.0371990341062,0.0256941781971,-0.305262176789,0.693359316124,-2.06205367411,95.6591644287,0.631616589412,-0.104310693576,-0.133839823743,1.65133031816,0.742446701337,0.22281070944,0.720970970306,100.0
33.248655,-0.824898168685,-0.647339892488,-0.0360485485153,0.0260776733941,-0.305262176789,0.693359316124,-2.06205367411,95.6591644287,0.632000084609,-0.104694188773,-0.133456328546,1.65171381336,0.741679710943,0.222427214243,0.7217379607,100.0
33.258656,-0.825281663882,-0.647339892488,-0.0368155389092,0.0260776733941,-0.304878681592,0.692975820927,-2.06243716931,95.6591644287,0.632383579806,-0.104310693576,-0.133839823743,1.65171381336,0.741679710943,0.223577699834,0.7217379607,100.0
33.268659,-0.825281663882,-0.647723387685,-0.0360485485153,0.0256941781971,-0.305262176789,0.692975820927,-2.06243716931,95.6591644287,0.632000084609,-0.104694188773,-0.133456328546,1.65133031816,0.74206320614,0.223194204637,0.720970970306,100.0
33.278653,-0.824514673488,-0.647339892488,-0.0364320437123,0.0256941781971,-0.304878681592,0.692975820927,-2.06243716931,95.6591644287,0.632383579806,-0.104310693576,-0.132689338152,1.65133031816,0.74206320614,0.223961195031,0.721354465503,100.0
33.288655,-0.825281663882,-0.646189406897,-0.0360485485153,0.0260776733941,-0.304495186395,0.69259232573,-2.06167017892,95.6591644287,0.631233094215,-0.104310693576,-0.133456328546,1.65133031816,0.741296215746,0.224344690228,0.720970970306,100.0
33.298653,-0.825281663882,-0.648106882882,-0.0368155389092,0.0260776733941,-0.304495186395,0.69259232573,-2.06167017892,95.6591644287,0.631233094215,-0.103160207985,-0.133839823743,1.65133031816,0.741679710943,0.223577699834,0.721354465503,100.0
33.308651,-0.824898168685,-0.647339892488,-0.0371990341062,0.0260776733941,-0.304495186395,0.69259232573,-2.06205367411,95.6591644287,0.631233094215,-0.103543703182,-0.134606814137,1.65133031816,0.74206320614,0.223194204637,0.720970970306,100.0
33.318649,-0.825665159079,-0.648490378079,-0.0364320437123,0.0256941781971,-0.305645671986,0.693359316124,-2.06167017892,95.6591644287,0.6331505702,-0.103543703182,-0.13422331894,1.65171381336,0.741679710943,0.223577699834,0.721354465503,100.0
33.328656,-0.824898168685,-0.648106882882,-0.0383495196971,0.0256941781971,-0.304878681592,0.693742811321,-2.06128668372,95.6591644287,0.632767075003,-0.104310693576,-0.133839823743,1.65209730855,0.741296215746,0.223194204637,0.7217379607,100.0
33.338652,-0.825281663882,-0.647339892488,-0.0368155389092,0.0260776733941,-0.306029167183,0.693359316124,-2.06128668372,95.6591644287,0.632767075003,-0.103927198379,-0.133456328546,1.65171381336,0.741679710943,0.222427214243,0.722121455897,100.0
33.348651,-0.824898168685,-0.646956397291,-0.0360485485153,0.0256941781971,-0.303728196001,0.693742811321,-2.06128668372,95.6591644287,0.632000084609,-0.104310693576,-0.134606814137,1.65171381336,0.742446701337,0.223577699834,0.722121455897,100.0
33.358652,-0.825281663882,-0.648106882882,-0.0371990341062,0.0260776733941,-0.304495186395,0.692975820927,-2.06205367411,95.6591644287,0.632000084609,-0.103927198379,-0.13422331894,1.65133031816,0.742446701337,0.22281070944,0.720587475109,100.0
33.368650,-0.825281663882,-0.647339892488,-0.0360485485153,0.0260776733941,-0.304111691198,0.693359316124,-2.06090318852,95.6591644287,0.631616589412,-0.104694188773,-0.133456328546,1.65094682296,0.74206320614,0.223577699834,0.721354465503,100.0
33.378653,-0.824514673488,-0.648106882882,-0.0360485485153,0.0260776733941,-0.304111691198,0.693742811321,-2.06090318852,95.6591644287,0.631233094215,-0.103927198379,-0.133839823743,1.65133031816,0.741679710943,0.223194204637,0.721354465503,100.0
33.388651,-0.824898168685,-0.648490378079,-0.0379660245002,0.0260776733941,-0.304878681592,0.692208830533,-2.06167017892,95.6591644287,0.631233094215,-0.103927198379,-0.133839823743,1.65171381336,0.741679710943,0.22281070944,0.7217379607,100.0
33.398654,-0.825281663882,-0.646956397291,-0.0360485485153,0.0260776733941,-0.304878681592,0.692975820927,-2.06205367411,95.6591644287,0.631233094215,-0.104694188773,-0.133456328546,1.65209730855,0.74206320614,0.223577699834,0.7217379607,100.0
33.408662,-0.824514673488,-0.647339892488,-0.0368155389092,0.0260776733941,-0.304111691198,0.693742811321,-2.06051969333,95.6591644287,0.632000084609,-0.104310693576,-0.133839823743,1.65171381336,0.74206320614,0.223961195031,0.721354465503,100.0
33.418667,-0.825665159079,-0.647723387685,-0.0368155389092,0.0256941781971,-0.304495186395,0.692975820927,-2.06167017892,95.6591644287,0.631233094215,-0.103927198379,-0.133072833349,1.65171381336,0.742446701337,0.223577699834,0.720203979912,100.0
33.428666,-0.826048654276,-0.647723387685,-0.0360485485153,0.0260776733941,-0.304111691198,0.692975820927,-2.06167017892,95.6591644287,0.632000084609,-0.103927198379,-0.133072833349,1.65094682296,0.741679710943,0.224344690228,0.721354465503,100.0
33.438664,-0.824898168685,-0.646956397291,-0.0368155389092,0.0260776733941,-0.305262176789,0.693742811321,-2.06167017892,95.6591644287,0.632000084609,-0.103927198379,-0.133839823743,1.65133031816,0.741679710943,0.223577699834,0.720970970306,100.0
33.448654,-0.825665159079,-0.648106882882,-0.0371990341062,0.0256941781971,-0.304878681592,0.693359316124,-2.06205367411,95.6591644287,0.632383579806,-0.103927198379,-0.133456328546,1.65171381336,0.741679710943,0.223194204637,0.722888446291,100.0
33.458656,-0.825281663882,-0.648106882882,-0.0356650533183,0.0256941781971,-0.304495186395,0.692975820927,-2.06167017892,95.6591644287,0.632000084609,-0.10507768397,-0.132689338152,1.65133031816,0.74206320614,0.22281070944,0.720587475109,100.0
33.468657,-0.824898168685,-0.646572902094,-0.0368155389092,0.0256941781971,-0.305262176789,0.693359316124,-2.06128668372,95.6591644287,0.632000084609,-0.104310693576,-0.133072833349,1.65133031816,0.742446701337,0.223194204637,0.721354465503,100.0
33.478660,-0.824898168685,-0.647339892488,-0.0364320437123,0.0256941781971,-0.304111691198,0.693742811321,-2.06090318852,95.6591644287,0.632000084609,-0.104310693576,-0.133456328546,1.65094682296,0.741679710943,0.22281070944,0.721354465503,100.0
33.488659,-0.824898168685,-0.648106882882,-0.0371990341062,0.0260776733941,-0.304878681592,0.692975820927,-2.06128668372,95.6591644287,0.631233094215,-0.104694188773,-0.133456328546,1.65133031816,0.741679710943,0.223194204637,0.720970970306,100.0
33.498653,-0.825281663882,-0.647723387685,-0.0364320437123,0.0260776733941,-0.304495186395,0.692975820927,-2.06167017892,95.6591644287,0.632000084609,-0.104310693576,-0.133456328546,1.65133031816,0.741679710943,0.223194204637,0.721354465503,100.0
33.508657,-0.824898168685,-0.647339892488,-0.0360485485153,0.0256941781971,-0.304878681592,0.692975820927,-2.06128668372,95.6591644287,0.632000084609,-0.104310693576,-0.133839823743,1.65171381336,0.741679710943,0.223577699834,0.720970970306,100.0
33.518651,-0.825281663882,-0.646956397291,-0.0364320437123,0.026461168591,-0.304878681592,0.693742811321,-2.06128668372,95.6591644287,0.631616589412,-0.103927198379,-0.133456328546,1.65056332776,0.741679710943,0.223194204637,0.721354465503,100.0
33.528655,-0.826048654276,-0.647339892488,-0.0360485485153,0.0260776733941,-0.305262176789,0.692975820927,-2.06167017892,95.6591644287,0.631233094215,-0.103927198379,-0.132689338152,1.65133031816,0.741679710943,0.22281070944,0.722121455897,100.0
33.538653,-0.825281663882,-0.647339892488,-0.0360485485153,0.0260776733941,-0.304495186395,0.69259232573,-2.06128668372,95.6591644287,0.632383579806,-0.104694188773,-0.133456328546,1.65133031816,0.74206320614,0.22281070944,0.720203979912,100.0
33.548660,-0.825665159079,-0.647339892488,-0.0360485485153,0.0260776733941,-0.304495186395,0.692975820927,-2.06128668372,95.6591644287,0.631233094215,-0.104694188773,-0.133839823743,1.65094682296,0.742446701337,0.223194204637,0.721354465503,100.0
33.558673,-0.825665159079,-0.646956397291,-0.0356650533183,0.0256941781971,-0.304495186395,0.69259232573,-2.06167017892,95.6591644287,0.632000084609,-0.104310693576,-0.133072833349,1.65133031816,0.742446701337,0.223961195031,0.720970970306,100.0
33.568654,-0.826432149473,-0.647339892488,-0.0360485485153,0.0260776733941,-0.304878681592,0.69259232573,-2.06205367411,95.6591644287,0.630466103821,-0.104310693576,-0.134606814137,1.65094682296,0.74206320614,0.223577699834,0.722121455897,100.0
33.578656,-0.824898168685,-0.646189406897,-0.0360485485153,0.0260776733941,-0.304495186395,0.692208830533,-2.06128668372,95.6591644287,0.631233094215,-0.104310693576,-0.133839823743,1.65094682296,0.741679710943,0.223194204637,0.7217379607,100.0
33.588665,-0.825281663882,-0.647339892488,-0.0364320437123,0.0256941781971,-0.304878681592,0.692975820927,-2.06243716931,95.6591644287,0.631233094215,-0.104310693576,-0.133456328546,1.65133031816,0.741296215746,0.223577699834,0.721354465503,100.0
33.598676,-0.825665159079,-0.646956397291,-0.0368155389092,0.0256941781971,-0.304878681592,0.69259232573,-2.06282066451,95.6591644287,0.632383579806,-0.104310693576,-0.133072833349,1.65171381336,0.741296215746,0.223194204637,0.721354465503,100.0
33.608679,-0.826048654276,-0.647339892488,-0.0356650533183,0.0260776733941,-0.304878681592,0.692975820927,-2.06205367411,95.6591644287,0.631616589412,-0.103927198379,-0.133839823743,1.65133031816,0.742446701337,0.222427214243,0.720970970306,100.0
33.618655,-0.825281663882,-0.646956397291,-0.0352815581214,0.0256941781971,-0.304878681592,0.693359316124,-2.06205367411,95.6591644287,0.631233094215,-0.103927198379,-0.13422331894,1.65133031816,0.741679710943,0.223194204637,0.720970970306,100.0
33.628676,-0.824514673488,-0.646572902094,-0.0368155389092,0.0256941781971,-0.306029167183,0.692975820927,-2.06128668372,95.6591644287,0.631233094215,-0.103543703182,-0.133456328546,1.65133031816,0.742446701337,0.223577699834,0.721354465503,100.0
33.638651,-0.826048654276,-0.646189406897,-0.0352815581214,0.0260776733941,-0.305262176789,0.693359316124,-2.06205367411,95.6591644287,0.632000084609,-0.103927198379,-0.133839823743,1.65171381336,0.74206320614,0.223577699834,0.720587475109,100.0
33.648659,-0.824898168685,-0.6458059117,-0.0371990341062,0.0260776733941,-0.305262176789,0.692975820927,-2.06205367411,95.6591644287,0.631616589412,-0.10507768397,-0.133456328546,1.65133031816,0.74206320614,0.22281070944,0.720587475109,100.0
33.658657,-0.825281663882,-0.646572902094,-0.0364320437123,0.0256941781971,-0.305645671986,0.693742811321,-2.06205367411,95.6591644287,0.631616589412,-0.104694188773,-0.133456328546,1.65056332776,0.741296215746,0.223577699834,0.7217379607,100.0
33.668654,-0.825665159079,-0.646572902094,-0.0371990341062,0.0256941781971,-0.305262176789,0.692975820927,-2.06167017892,95.6591644287,0.632000084609,-0.104694188773,-0.133072833349,1.65094682296,0.741679710943,0.223194204637,0.721354465503,100.0
33.678677,-0.824131178291,-0.646189406897,-0.0368155389092,0.0260776733941,-0.304495186395,0.692975820927,-2.06243716931,95.6591644287,0.632000084609,-0.104310693576,-0.133839823743,1.65056332776,0.74206320614,0.223194204637,0.720587475109,100.0
33.688658,-0.825281663882,-0.646572902094,-0.0364320437123,0.0256941781971,-0.304878681592,0.692975820927,-2.06167017892,95.6591644287,0.631616589412,-0.103927198379,-0.133072833349,1.65171381336,0.741679710943,0.223194204637,0.720970970306,100.0
33.698659,-0.825665159079,-0.646189406897,-0.0356650533183,0.0260776733941,-0.304111691198,0.693742811321,-2.06167017892,95.6591644287,0.631233094215,-0.104310693576,-0.134606814137,1.65133031816,0.74206320614,0.223194204637,0.721354465503,100.0
33.708657,-0.825665159079,-0.646189406897,-0.0360485485153,0.0256941781971,-0.304878681592,0.693742811321,-2.06205367411,95.6591644287,0.631616589412,-0.104694188773,-0.133839823743,1.65056332776,0.741679710943,0.224344690228,0.721354465503,100.0
33.718657,-0.825281663882,-0.645422416503,-0.0371990341062,0.0256941781971,-0.304878681592,0.693359316124,-2.06167017892,95.6591644287,0.631616589412,-0.104310693576,-0.133456328546,1.65171381336,0.742446701337,0.223194204637,0.7217379607,100.0
33.728678,-0.826048654276,-0.645422416503,-0.0356650533183,0.0256941781971,-0.304878681592,0.693742811321,-2.06090318852,95.6591644287,0.631616589412,-0.104310693576,-0.133072833349,1.65133031816,0.74206320614,0.223194204637,0.720970970306,100.0
33.738655,-0.824514673488,-0.646572902094,-0.0371990341062,0.026461168591,-0.304878681592,0.693742811321,-2.06205367411,95.6591644287,0.631233094215,-0.104310693576,-0.133839823743,1.65171381336,0.74206320614,0.22281070944,0.7217379607,100.0
33.748657,-0.825281663882,-0.646956397291,-0.0379660245002,0.0260776733941,-0.305262176789,0.693742811321,-2.06205367411,95.6591644287,0.632383579806,-0.104694188773,-0.13422331894,1.65094682296,0.740912720549,0.223577699834,0.720970970306,100.0
33.758657,-0.824898168685,-0.646189406897,-0.0360485485153,0.0260776733941,-0.304878681592,0.692208830533,-2.06243716931,95.6591644287,0.631616589412,-0.10507768397,-0.133839823743,1.65094682296,0.741679710943,0.223194204637,0.721354465503,100.0
33.768651,-0.825281663882,-0.645422416503,-0.0375825293032,0.0256941781971,-0.304878681592,0.693359316124,-2.06090318852,95.6591644287,0.631233094215,-0.103927198379,-0.133456328546,1.65133031816,0.74206320614,0.222427214243,0.720970970306,100.0
33.778674,-0.825665159079,-0.6458059117,-0.0348980629244,0.0256941781971,-0.305262176789,0.693742811321,-2.06167017892,95.6591644287,0.631616589412,-0.104694188773,-0.13422331894,1.65171381336,0.741679710943,0.223194204637,0.721354465503,100.0
33.788654,-0.825281663882,-0.645422416503,-0.0364320437123,0.0256941781971,-0.304495186395,0.692975820927,-2.06128668372,95.6591644287,0.632000084609,-0.104694188773,-0.13422331894,1.65094682296,0.741296215746,0.223577699834,0.721354465503,100.0
33.798657,-0.825665159079,-0.646189406897,-0.0364320437123,0.026461168591,-0.304495186395,0.693359316124,-2.06167017892,95.6591644287,0.631233094215,-0.104310693576,-0.133072833349,1.65133031816,0.741679710943,0.22281070944,0.720970970306,100.0
33.808654,-0.824898168685,-0.646189406897,-0.0364320437123,0.0260776733941,-0.304878681592,0.693359316124,-2.06205367411,95.6591644287,0.631233094215,-0.10507768397,-0.13422331894,1.65094682296,0.741679710943,0.22281070944,0.7217379607,100.0
33.818677,-0.824131178291,-0.645038921306,-0.0356650533183,0.0256941781971,-0.304111691198,0.693359316124,-2.06128668372,95.6591644287,0.632000084609,-0.104310693576,-0.133456328546,1.65133031816,0.74206320614,0.223194204637,0.721354465503,100.0
33.828656,-0.825281663882,-0.646189406897,-0.0360485485153,0.026844663788,-0.305262176789,0.693359316124,-2.06090318852,95.6591644287,0.632000084609,-0.104694188773,-0.133456328546,1.65171381336,0.741679710943,0.223961195031,0.720203979912,100.0
33.838653,-0.825665159079,-0.646572902094,-0.0360485485153,0.0260776733941,-0.305262176789,0.692208830533,-2.06205367411,95.6591644287,0.632767075003,-0.104310693576,-0.13422331894,1.65209730855,0.741679710943,0.223194204637,0.721354465503,100.0
33.848652,-0.825281663882,-0.646572902094,-0.0368155389092,0.0256941781971,-0.305645671986,0.693359316124,-2.06167017892,95.6591644287,0.630849599018,-0.104694188773,-0.134606814137,1.65171381336,0.74206320614,0.222427214243,0.721354465503,100.0
33.858655,-0.825665159079,-0.6458059117,-0.0371990341062,0.0260776733941,-0.304495186395,0.692975820927,-2.06243716931,95.6591644287,0.631616589412,-0.104310693576,-0.133839823743,1.65056332776,0.741296215746,0.223577699834,0.721354465503,100.0
33.868652,-0.824514673488,-0.646572902094,-0.0371990341062,0.0256941781971,-0.304495186395,0.693359316124,-2.06128668372,95.6591644287,0.632000084609,-0.104310693576,-0.13422331894,1.65056332776,0.741296215746,0.223961195031,0.721354465503,100.0
33.878653,-0.824898168685,-0.645422416503,-0.0371990341062,0.0260776733941,-0.304878681592,0.692975820927,-2.06167017892,95.6591644287,0.630849599018,-0.104310693576,-0.133839823743,1.65133031816,0.74206320614,0.22281070944,0.722121455897,100.0
33.888652,-0.825665159079,-0.6458059117,-0.0364320437123,0.0260776733941,-0.305262176789,0.692975820927,-2.06090318852,95.6591644287,0.632383579806,-0.104694188773,-0.133839823743,1.65133031816,0.74206320614,0.223577699834,0.720970970306,100.0
33.898660,-0.824898168685,-0.646189406897,-0.0368155389092,0.0256941781971,-0.305262176789,0.692975820927,-2.06128668372,95.6591644287,0.632000084609,-0.103927198379,-0.13422331894,1.65094682296,0.741679710943,0.223194204637,0.7217379607,100.0
33.908657,-0.825281663882,-0.646572902094,-0.0371990341062,0.0260776733941,-0.304495186395,0.692975820927,-2.06243716931,95.6591644287,0.632383579806,-0.103927198379,-0.133456328546,1.65056332776,0.742830196534,0.223194204637,0.721354465503,100.0
33.918653,-0.825665159079,-0.646189406897,-0.0379660245002,0.0260776733941,-0.304878681592,0.692975820927,-2.06243716931,95.6591644287,0.632000084609,-0.104694188773,-0.133456328546,1.65171381336,0.741296215746,0.22281070944,0.721354465503,100.0
33.928653,-0.824514673488,-0.647339892488,-0.0364320437123,0.0260776733941,-0.304495186395,0.692975820927,-2.06128668372,95.6591644287,0.632383579806,-0.104310693576,-0.133839823743,1.65133031816,0.741296215746,0.223194204637,0.720970970306,100.0
33.938654,-0.824898168685,-0.646572902094,-0.0356650533183,0.0256941781971,-0.304111691198,0.692975820927,-2.06205367411,95.6591644287,0.631233094215,-0.104310693576,-0.134606814137,1.65171381336,0.741296215746,0.22281070944,0.721354465503,100.0
33.948651,-0.825665159079,-0.646572902094,-0.0360485485153,0.026461168591,-0.304878681592,0.693742811321,-2.06167017892,95.6591644287,0.632767075003,-0.103927198379,-0.133456328546,1.65094682296,0.741679710943,0.223577699834,0.720970970306,100.0
33.958653,-0.825665159079,-0.645038921306,-0.0360485485153,0.0256941781971,-0.304495186395,0.694126306518,-2.06167017892,95.6591644287,0.631233094215,-0.104694188773,-0.133456328546,1.65094682296,0.741679710943,0.22281070944,0.721354465503,100.0
33.968650,-0.825281663882,-0.646572902094,-0.0371990341062,0.0260776733941,-0.305262176789,0.692975820927,-2.06205367411,95.6591644287,0.631616589412,-0.104310693576,-0.133456328546,1.65094682296,0.74206320614,0.22281070944,0.722121455897,100.0
33.978654,-0.825665159079,-0.644655426109,-0.0364320437123,0.0256941781971,-0.304878681592,0.693359316124,-2.06167017892,95.6591644287,0.631616589412,-0.104310693576,-0.133456328546,1.65094682296,0.741679710943,0.223577699834,0.7217379607,100.0
33.988657,-0.824898168685,-0.646956397291,-0.0368155389092,0.0256941781971,-0.304111691198,0.69259232573,-2.06205367411,95.6591644287,0.632000084609,-0.104310693576,-0.13422331894,1.65133031816,0.741679710943,0.223961195031,0.722121455897,100.0
33.998657,-0.826432149473,-0.646956397291,-0.0364320437123,0.0260776733941,-0.304495186395,0.692975820927,-2.06167017892,95.6591644287,0.631616589412,-0.104694188773,-0.133456328546,1.65133031816,0.74206320614,0.223194204637,0.721354465503,100.0
